code,w_start,w_end,max_gain
sh.600000,2021-07-13,2025-07-07,1.3822221755981445
sh.600004,2021-07-13,2023-04-06,0.994861364364624
sh.600006,2021-07-13,2024-03-20,1.25657057762146
sh.600007,2021-07-13,2024-09-30,1.5677638053894043
sh.600008,2021-07-13,2024-11-07,0.5064440965652466
sh.600009,2021-07-13,2023-02-14,0.666844367980957
sh.600010,2021-07-13,2026-03-02,1.4057972431182861
sh.600011,2021-07-13,2026-06-01,1.745065689086914
sh.600012,2021-07-13,2026-07-28,3.227170944213867
sh.600015,2021-07-13,2025-07-10,1.139373540878296
sh.600016,2021-07-13,2025-07-10,0.9545849561691284
sh.600017,2021-07-13,2025-07-24,0.44902563095092773
sh.600018,2021-07-13,2024-10-08,0.5920447111129761
sh.600019,2021-07-13,2025-11-13,0.8120746612548828
sh.600020,2021-07-13,2025-07-22,0.9856564998626709
sh.600021,2021-07-13,2025-10-30,3.779562473297119
sh.600022,2021-07-13,2026-02-27,0.5663716793060303
sh.600023,2021-07-13,2024-07-09,1.502641201019287
sh.600025,2021-07-13,2024-08-22,1.58699369430542
sh.600026,2021-07-13,2026-04-08,4.712858200073242
sh.600027,2021-07-13,2024-04-15,1.62595534324646
sh.600028,2021-07-13,2026-03-03,1.6504225730895996
sh.600029,2021-07-13,2026-02-09,0.5850861072540283
sh.600030,2021-07-13,2024-11-08,1.1219923496246338
sh.600031,2021-07-13,2026-02-25,0.9803388118743896
sh.600032,2021-11-29,2026-03-25,1.17484450340271
sh.600033,2021-07-13,2025-12-10,1.2507588863372803
sh.600035,2021-07-13,2024-12-24,0.9706130027770996
sh.600036,2021-07-13,2025-07-10,1.0124561786651611
sh.600037,2021-07-13,2025-09-01,0.723453164100647
sh.600038,2021-07-13,2024-05-09,0.429343581199646
sh.600039,2021-07-13,2026-03-06,2.1489288806915283
sh.600048,2021-07-13,2023-02-10,0.7410798072814941
sh.600050,2021-07-13,2025-02-21,1.221709966659546
sh.600051,2021-07-13,2026-03-10,0.7810381650924683
sh.600052,2021-07-13,2025-09-12,1.0975351333618164
sh.600053,2021-07-13,2026-02-04,1.3015165328979492
sh.600054,2021-07-13,2026-02-05,0.8266592025756836
sh.600055,2021-07-13,2025-02-21,0.6251074075698853
sh.600056,2021-07-13,2023-02-17,1.2031397819519043
sh.600057,2021-07-13,2025-12-08,1.0388579368591309
sh.600058,2021-07-13,2026-01-28,1.6779658794403076
sh.600059,2021-07-13,2025-05-27,0.574185848236084
sh.600060,2021-07-13,2026-09-03,2.552715301513672
sh.600061,2021-07-13,2024-10-08,0.6691451072692871
sh.600062,2021-07-13,2024-10-08,1.3866968154907227
sh.600063,2021-07-13,2026-06-22,1.9250168800354004
sh.600064,2021-07-13,2025-10-31,0.9768115282058716
sh.600066,2021-07-13,2026-04-02,5.908515930175781
sh.600067,2021-07-13,2025-11-14,2.3029236793518066
sh.600071,2021-07-13,2024-10-28,1.2321290969848633
sh.600072,2021-07-13,2023-07-03,1.9773876667022705
sh.600073,2021-07-13,2025-06-03,0.6045197248458862
sh.600075,2021-07-13,2026-03-12,1.40403151512146
sh.600076,2021-07-13,2026-01-20,2.7460317611694336
sh.600078,2021-07-13,2026-05-11,4.15793514251709
sh.600079,2021-07-13,2023-04-17,1.1245439052581787
sh.600080,2021-07-13,2026-02-27,0.9248350858688354
sh.600081,2021-07-13,2025-05-29,1.2473962306976318
sh.600082,2021-07-13,2025-11-10,1.9560441970825195
sh.600084,2021-07-13,2023-08-11,1.57975435256958
sh.600085,2021-07-13,2023-05-04,1.0242829322814941
sh.600088,2021-07-13,2024-02-01,2.7942333221435547
sh.600089,2021-07-13,2026-03-05,2.348956823348999
sh.600094,2021-07-13,2025-11-11,1.3384125232696533
sh.600095,2021-07-13,2025-10-13,1.3419244289398193
sh.600096,2021-07-13,2026-02-26,2.666531801223755
sh.600097,2021-07-13,2025-11-19,1.0990872383117676
sh.600098,2021-07-13,2026-03-26,0.8735747337341309
sh.600099,2021-07-13,2025-08-08,0.9965426921844482
sh.600100,2021-07-13,2023-05-09,1.5482232570648193
sh.600101,2021-07-13,2025-04-25,2.378615379333496
sh.600103,2021-07-13,2026-04-22,2.3086605072021484
sh.600104,2021-07-13,2024-12-30,0.8216450214385986
sh.600105,2021-07-13,2026-06-25,24.04663848876953
sh.600106,2021-07-13,2025-08-15,2.351024866104126
sh.600107,2021-07-13,2025-10-27,2.2964282035827637
sh.600108,2021-07-13,2026-03-12,2.0487539768218994
sh.600109,2021-07-13,2024-10-08,0.5370368957519531
sh.600110,2021-07-13,2026-06-18,5.706106662750244
sh.600111,2021-07-13,2026-02-27,2.967823028564453
sh.600113,2021-07-13,2025-12-25,12.53023624420166
sh.600114,2021-07-13,2026-06-18,7.089016914367676
sh.600115,2021-07-13,2026-02-09,0.873900294303894
sh.600116,2021-07-13,2023-03-17,0.26925528049468994
sh.600117,2021-07-13,2025-08-04,1.6263155937194824
sh.600118,2021-07-13,2026-01-13,6.324814319610596
sh.600119,2021-07-13,2024-11-28,0.9554368257522583
sh.600120,2021-07-13,2025-02-12,1.9460673332214355
sh.600121,2021-07-13,2025-10-28,0.9966665506362915
sh.600123,2021-07-13,2024-03-07,1.4990687370300293
sh.600125,2021-07-13,2026-03-30,0.6546725034713745
sh.600126,2021-07-13,2025-02-27,3.4741640090942383
sh.600127,2021-08-02,2026-09-08,1.866278886795044
sh.600128,2021-07-13,2025-01-16,1.5230965614318848
sh.600129,2021-07-13,2023-05-26,3.705595016479492
sh.600130,2021-07-13,2024-11-07,1.7272727489471436
sh.600131,2021-07-13,2024-11-11,1.3930513858795166
sh.600132,2021-07-13,2023-02-28,0.5722947120666504
sh.600133,2021-07-13,2024-11-07,1.8590304851531982
sh.600135,2021-07-13,2026-01-08,1.924137830734253
sh.600136,2021-07-13,2025-03-17,1.2589285373687744
sh.600137,2021-07-13,2025-05-22,1.528486967086792
sh.600138,2021-07-13,2023-04-13,0.7486573457717896
sh.600141,2021-07-13,2026-06-26,2.5491738319396973
sh.600143,2021-07-13,2025-09-18,3.178872585296631
sh.600148,2021-07-13,2024-11-29,1.6309027671813965
sh.600149,2021-07-13,2026-03-06,1.3224754333496094
sh.600150,2021-07-13,2024-10-08,1.97849702835083
sh.600151,2021-07-13,2026-01-12,4.585784435272217
sh.600152,2021-07-13,2026-04-28,2.952141046524048
sh.600153,2021-07-13,2025-08-28,1.1520636081695557
sh.600155,2021-07-13,2023-10-19,0.665579080581665
sh.600156,2021-07-13,2026-05-14,4.079183578491211
sh.600157,2021-07-13,2026-03-12,0.9456475973129272
sh.600158,2021-07-13,2026-05-15,1.2310478687286377
sh.600159,2021-07-13,2023-11-23,1.1730546951293945
sh.600160,2021-07-13,2026-07-01,4.928637981414795
sh.600161,2021-07-13,2023-12-12,1.0423085689544678
sh.600162,2021-08-02,2026-09-08,3.490821361541748
sh.600163,2021-07-13,2026-03-26,1.5068681240081787
sh.600165,2021-07-13,2025-12-26,3.8052563667297363
sh.600166,2021-07-13,2023-08-01,0.8095238208770752
sh.600167,2021-07-13,2025-09-25,1.305819034576416
sh.600168,2021-07-13,2025-10-22,0.7565219402313232
sh.600169,2021-07-13,2025-10-22,0.6553672552108765
sh.600170,2021-07-13,2025-09-18,1.1027781963348389
sh.600171,2021-07-13,2024-10-31,3.7073140144348145
sh.600172,2021-07-13,2026-07-09,9.218579292297363
sh.600173,2021-07-13,2025-10-21,2.302363157272339
sh.600176,2021-07-13,2026-06-26,8.008639335632324
sh.600177,2021-07-13,2024-12-17,0.9303969144821167
sh.600178,2021-07-13,2023-12-18,2.7555127143859863
sh.600179,2021-07-13,2025-12-26,2.2425742149353027
sh.600180,2021-08-02,2026-09-14,0.7499998807907104
sh.600182,2021-07-13,2024-11-22,1.351017713546753
sh.600183,2021-07-13,2026-06-25,15.091476440429688
sh.600184,2021-07-13,2026-06-30,3.239346981048584
sh.600185,2021-07-13,2023-02-14,1.1655385494232178
sh.600186,2021-07-13,2026-06-25,6.536231994628906
sh.600187,2021-07-13,2024-10-31,2.8778624534606934
sh.600188,2021-07-13,2026-06-04,4.0879740715026855
sh.600189,2021-07-13,2023-12-01,1.1768953800201416
sh.600191,2021-07-13,2025-12-24,4.156826972961426
sh.600192,2021-07-13,2025-08-13,2.7746033668518066
sh.600193,2021-07-13,2025-05-30,1.45192289352417
sh.600195,2021-07-13,2023-02-28,0.6997382640838623
sh.600196,2021-07-13,2025-09-16,0.5527834892272949
sh.600197,2021-07-13,2023-02-20,0.6131426095962524
sh.600198,2021-07-13,2024-10-31,2.4763948917388916
sh.600199,2021-07-13,2023-02-20,1.417529821395874
sh.600201,2021-07-13,2026-01-28,2.3245127201080322
sh.600202,2021-07-13,2023-09-19,1.1186439990997314
sh.600203,2021-07-13,2025-08-13,4.163712501525879
sh.600206,2021-07-13,2026-06-30,7.203250885009766
sh.600207,2021-07-13,2026-05-28,1.5488958358764648
sh.600208,2021-07-13,2025-08-19,2.5286622047424316
sh.600210,2021-07-13,2024-11-11,1.5038621425628662
sh.600211,2021-07-13,2025-09-12,1.7680768966674805
sh.600212,2021-07-13,2023-06-02,2.416938304901123
sh.600215,2021-07-13,2025-04-03,0.967495322227478
sh.600216,2021-07-13,2026-03-06,1.310894250869751
sh.600217,2021-07-13,2024-11-07,1.0339114665985107
sh.600218,2021-07-13,2025-12-15,1.1274614334106445
sh.600219,2021-07-13,2026-01-29,2.4243171215057373
sh.600221,2021-07-13,2024-11-08,1.186274528503418
sh.600222,2021-07-13,2026-08-17,1.2957556247711182
sh.600223,2021-07-13,2023-02-14,0.912307620048523
sh.600226,2021-07-13,2026-06-24,5.269230842590332
sh.600227,2021-07-13,2026-03-17,3.6814160346984863
sh.600228,2021-08-02,2026-09-18,2.771986961364746
sh.600229,2021-07-13,2023-05-05,1.1400458812713623
sh.600230,2021-07-13,2026-03-02,2.036311149597168
sh.600231,2021-07-13,2025-10-22,1.1544716358184814
sh.600232,2021-07-13,2026-01-23,1.9481897354125977
sh.600233,2021-07-13,2026-04-23,1.7248358726501465
sh.600234,2021-07-13,2026-05-11,15.30569839477539
sh.600235,2021-07-13,2025-10-24,0.9599331617355347
sh.600236,2021-07-13,2026-07-22,1.9669642448425293
sh.600237,2021-07-13,2026-07-01,2.30774188041687
sh.600238,2021-07-13,2023-02-22,0.7384792566299438
sh.600239,2021-07-13,2024-11-07,1.558441400527954
sh.600241,2021-07-13,2025-06-30,1.3458147048950195
sh.600243,2021-07-13,2025-09-26,1.6682026386260986
sh.600246,2021-07-13,2026-07-09,3.7903223037719727
sh.600248,2021-07-13,2023-05-08,0.9092965126037598
sh.600249,2021-07-13,2025-04-16,1.0835671424865723
sh.600250,2021-07-13,2023-12-14,2.7638890743255615
sh.600251,2021-07-13,2026-05-06,1.1265175342559814
sh.600252,2021-07-13,2024-11-07,0.6223404407501221
sh.600255,2021-07-13,2026-06-04,2.3082194328308105
sh.600256,2021-07-13,2023-02-27,2.44081711769104
sh.600257,2021-07-13,2023-08-28,1.318077564239502
sh.600258,2021-07-13,2026-01-20,0.6595741510391235
sh.600259,2021-07-13,2026-06-22,4.08986234664917
sh.600261,2021-07-13,2026-04-21,0.8104680776596069
sh.600262,2021-07-13,2026-01-28,1.9829297065734863
sh.600265,2021-07-13,2026-06-03,1.500000238418579
sh.600266,2021-07-13,2023-08-04,1.4215919971466064
sh.600267,2021-07-13,2026-08-17,1.268775224685669
sh.600268,2021-07-13,2026-03-11,3.2150487899780273
sh.600269,2021-07-13,2025-11-11,0.9406838417053223
sh.600271,2021-07-13,2026-01-12,0.8998609781265259
sh.600272,2021-07-13,2026-08-27,2.402251958847046
sh.600273,2021-07-13,2026-01-29,0.9820307493209839
sh.600276,2021-07-13,2025-09-05,1.6544973850250244
sh.600278,2021-07-13,2026-01-23,0.8501894474029541
sh.600279,2021-07-13,2025-05-22,1.0635592937469482
sh.600280,2021-07-13,2023-07-31,1.515418529510498
sh.600281,2021-07-13,2025-06-17,2.5208332538604736
sh.600282,2021-07-13,2026-03-02,1.6417481899261475
sh.600283,2021-07-13,2023-05-30,0.8162577152252197
sh.600284,2021-07-13,2025-09-29,1.180875301361084
sh.600285,2021-07-13,2024-10-08,2.0238919258117676
sh.600287,2021-07-13,2025-07-02,1.4296295642852783
sh.600288,2021-07-13,2026-07-14,1.815999984741211
sh.600289,2021-07-13,2025-03-21,7.422018051147461
sh.600292,2021-07-13,2024-12-03,3.2513275146484375
sh.600293,2021-07-13,2026-06-08,0.827433705329895
sh.600295,2021-07-13,2026-03-02,1.3244409561157227
sh.600298,2021-07-13,2025-12-22,0.6606528759002686
sh.600299,2021-07-13,2026-03-13,1.3546245098114014
sh.600300,2021-07-13,2025-04-21,0.9257640838623047
sh.600301,2021-07-13,2026-06-22,8.730358123779297
sh.600302,2021-07-13,2026-01-23,3.538461208343506
sh.600303,2021-07-13,2023-03-24,1.106109380722046
sh.600305,2021-07-13,2023-02-23,0.3264963626861572
sh.600307,2021-07-13,2026-03-18,1.1228070259094238
sh.600308,2021-07-13,2025-11-04,0.6140620708465576
sh.600309,2021-07-13,2026-03-02,0.7955453395843506
sh.600310,2021-07-13,2026-03-27,1.384296178817749
sh.600312,2021-07-13,2026-03-09,3.696763038635254
sh.600313,2021-07-13,2023-02-13,1.5290179252624512
sh.600315,2021-07-13,2025-10-16,1.0739555358886719
sh.600316,2021-07-13,2026-02-05,2.301069974899292
sh.600318,2021-07-13,2024-11-07,1.3552122116088867
sh.600319,2021-07-13,2025-11-19,2.602006673812866
sh.600320,2021-07-13,2026-03-02,0.9631592035293579
sh.600322,2021-07-13,2025-09-17,1.7966101169586182
sh.600323,2021-07-13,2026-04-29,1.3271968364715576
sh.600325,2021-07-13,2023-04-11,1.564206838607788
sh.600326,2021-07-13,2025-07-31,5.9636359214782715
sh.600327,2021-07-13,2024-12-03,1.8770227432250977
sh.600328,2021-07-13,2026-03-18,0.6485500335693359
sh.600329,2021-07-13,2023-05-26,2.050396203994751
sh.600330,2021-07-13,2026-06-25,5.336796283721924
sh.600331,2021-07-13,2026-03-02,8.660713195800781
sh.600332,2021-07-13,2023-05-29,0.4443570375442505
sh.600333,2021-07-13,2025-11-17,1.35988187789917
sh.600335,2021-07-13,2023-05-10,1.4833662509918213
sh.600336,2021-07-13,2024-10-29,1.7994074821472168
sh.600337,2021-07-13,2026-01-08,2.491269588470459
sh.600338,2021-07-13,2026-04-29,2.5810208320617676
sh.600339,2021-07-13,2026-03-04,1.0612590312957764
sh.600340,2021-07-13,2024-12-06,3.0198020935058594
sh.600343,2021-07-13,2026-01-12,6.369985103607178
sh.600345,2021-07-13,2026-06-23,4.90546178817749
sh.600346,2021-07-13,2026-01-20,1.5116729736328125
sh.600348,2021-07-13,2026-05-06,1.619657278060913
sh.600350,2021-07-13,2026-07-08,2.5065252780914307
sh.600351,2021-07-13,2025-08-05,0.7055281400680542
sh.600352,2021-07-13,2026-03-02,1.4512856006622314
sh.600353,2021-07-13,2026-06-24,14.753978729248047
sh.600354,2021-08-02,2026-09-10,1.5501112937927246
sh.600355,2021-07-13,2023-10-09,1.9920949935913086
sh.600356,2021-07-13,2025-09-10,0.9837912321090698
sh.600358,2021-07-13,2025-06-12,2.4115045070648193
sh.600359,2021-08-02,2026-09-11,0.7999999523162842
sh.600360,2021-07-13,2026-07-13,6.394340515136719
sh.600361,2021-07-13,2023-02-21,0.9384163618087769
sh.600362,2021-07-13,2026-01-29,4.141303539276123
sh.600363,2021-07-13,2026-01-12,3.6952877044677734
sh.600365,2021-07-13,2023-10-09,0.7041800022125244
sh.600366,2021-07-13,2025-08-18,2.7738819122314453
sh.600367,2021-07-13,2026-07-01,6.8604841232299805
sh.600368,2021-07-13,2025-04-11,1.5715017318725586
sh.600369,2021-07-13,2024-11-07,0.6000564098358154
sh.600370,2021-07-13,2026-03-18,2.1025638580322266
sh.600371,2021-08-02,2026-09-08,1.6039130687713623
sh.600372,2021-07-13,2026-01-22,0.6821786165237427
sh.600373,2021-07-13,2023-05-04,1.396341323852539
sh.600375,2021-07-13,2025-10-15,2.2667887210845947
sh.600376,2021-07-13,2025-09-18,3.11734676361084
sh.600377,2021-07-13,2025-05-30,1.477759838104248
sh.600378,2021-07-13,2026-07-02,2.5335423946380615
sh.600379,2021-07-13,2026-05-14,1.894735336303711
sh.600380,2021-07-13,2025-09-01,0.4627741575241089
sh.600381,2021-07-13,2026-05-29,1.9381444454193115
sh.600382,2021-07-13,2026-04-17,3.069640636444092
sh.600383,2021-07-13,2024-11-07,1.2568495273590088
sh.600386,2021-07-13,2024-12-02,1.1413040161132812
sh.600388,2021-07-13,2026-02-27,1.84193754196167
sh.600389,2021-07-13,2026-03-12,1.8860857486724854
sh.600390,2021-07-13,2024-11-05,1.3276431560516357
sh.600391,2021-07-13,2026-02-05,3.18927001953125
sh.600392,2021-07-13,2026-06-22,3.8197402954101562
sh.600395,2021-07-13,2026-03-25,0.41134071350097656
sh.600396,2021-07-13,2026-06-04,10.266666412353516
sh.600397,2021-07-13,2026-07-01,16.3121395111084
sh.600398,2021-07-13,2024-06-14,1.6063356399536133
sh.600399,2021-07-13,2026-02-27,0.6030905246734619
sh.600400,2021-07-13,2025-09-24,0.8681619167327881
sh.600403,2021-07-13,2025-11-17,3.8268399238586426
sh.600405,2021-07-13,2025-08-25,1.2975459098815918
sh.600406,2021-07-13,2026-03-09,0.9045896530151367
sh.600408,2021-07-13,2025-11-17,3.7517237663269043
sh.600409,2021-07-13,2026-03-11,1.0591280460357666
sh.600410,2021-07-13,2026-03-11,8.319661140441895
sh.600415,2021-07-13,2025-08-25,4.8099565505981445
sh.600416,2021-07-13,2023-03-03,1.1100919246673584
sh.600418,2021-07-13,2025-09-15,7.125235557556152
sh.600419,2021-07-13,2023-05-08,0.7865960597991943
sh.600420,2021-07-13,2024-10-08,0.8106666803359985
sh.600421,2021-07-13,2024-11-15,1.6523516178131104
sh.600422,2021-07-13,2023-05-26,2.1336593627929688
sh.600423,2021-07-13,2025-11-14,1.215686321258545
sh.600425,2021-07-13,2025-11-11,0.7146193981170654
sh.600426,2021-07-13,2026-03-13,1.1521129608154297
sh.600428,2021-07-13,2026-08-18,2.83624267578125
sh.600429,2021-07-13,2025-11-13,1.060957908630371
sh.600433,2021-07-13,2026-05-07,1.1750133037567139
sh.600435,2021-07-13,2026-01-12,2.13619065284729
sh.600436,2021-07-13,2024-10-08,0.4618198871612549
sh.600438,2021-07-13,2024-11-05,0.8952497243881226
sh.600439,2021-07-13,2024-10-31,1.982790231704712
sh.600444,2021-07-13,2025-07-22,1.395704746246338
sh.600446,2021-07-13,2025-08-28,1.531853437423706
sh.600448,2021-07-13,2025-05-19,1.8641302585601807
sh.600449,2021-07-13,2023-11-15,1.356262445449829
sh.600452,2021-07-13,2026-03-09,2.1431210041046143
sh.600455,2021-07-13,2026-05-18,1.195427656173706
sh.600456,2021-07-13,2026-02-27,1.1175589561462402
sh.600458,2021-07-13,2026-06-16,1.5753388404846191
sh.600459,2021-07-13,2026-06-29,1.5579109191894531
sh.600460,2021-07-13,2026-06-30,2.3588051795959473
sh.600461,2021-07-13,2024-08-02,1.0682852268218994
sh.600463,2021-07-13,2024-10-28,1.9891304969787598
sh.600467,2021-07-13,2024-12-12,1.240086555480957
sh.600468,2021-07-13,2026-03-25,1.879927158355713
sh.600469,2021-07-13,2026-02-03,1.390202522277832
sh.600470,2021-07-13,2026-03-16,1.6034483909606934
sh.600475,2021-07-13,2025-08-22,3.0519490242004395
sh.600476,2021-07-13,2023-12-18,1.2252345085144043
sh.600477,2021-07-13,2026-01-14,1.1499602794647217
sh.600478,2021-07-13,2026-02-27,1.7055015563964844
sh.600479,2021-08-02,2026-09-08,1.2240426540374756
sh.600480,2021-07-13,2025-08-19,2.0570249557495117
sh.600481,2021-07-13,2026-02-09,2.200000286102295
sh.600482,2021-07-13,2026-04-23,2.2587637901306152
sh.600483,2021-07-13,2026-06-09,0.7211000919342041
sh.600486,2021-07-13,2026-03-06,0.8811366558074951
sh.600487,2021-07-13,2026-06-25,12.28897762298584
sh.600488,2021-07-13,2026-05-14,1.490065574645996
sh.600489,2021-07-13,2026-01-29,5.640280246734619
sh.600490,2021-07-13,2026-01-28,4.453658103942871
sh.600491,2021-08-02,2026-09-14,1.0760867595672607
sh.600493,2021-07-13,2025-12-08,1.1279659271240234
sh.600495,2021-07-13,2025-08-19,1.0644049644470215
sh.600496,2021-07-13,2026-01-30,1.1124210357666016
sh.600497,2021-07-13,2026-06-29,2.1495964527130127
sh.600498,2021-07-13,2026-06-25,6.126844882965088
sh.600499,2021-07-13,2026-04-27,2.1569814682006836
sh.600500,2021-07-13,2026-06-17,1.721893548965454
sh.600501,2021-07-13,2026-01-12,3.5869393348693848
sh.600502,2021-07-13,2026-04-21,1.1246278285980225
sh.600503,2021-07-13,2024-12-11,1.3132529258728027
sh.600505,2021-07-13,2025-04-25,2.6722795963287354
sh.600506,2021-07-13,2025-11-17,3.658998489379883
sh.600507,2021-07-13,2026-02-27,1.0571370124816895
sh.600508,2021-07-13,2026-09-01,1.1447882652282715
sh.600509,2021-07-13,2026-05-14,1.5989460945129395
sh.600510,2021-07-13,2026-05-07,2.4637463092803955
sh.600511,2021-07-13,2023-05-04,0.7795244455337524
sh.600512,2021-07-13,2024-12-11,0.4943714141845703
sh.600513,2021-07-13,2026-04-02,3.4214272499084473
sh.600515,2021-07-13,2025-11-05,0.8795984983444214
sh.600516,2021-07-13,2026-03-12,0.8692792654037476
sh.600517,2021-07-13,2026-03-09,0.9773404598236084
sh.600518,2021-07-13,2024-12-09,0.6823529005050659
sh.600519,2021-07-13,2023-07-28,0.444929838180542
sh.600520,2021-07-13,2024-10-28,6.752562522888184
sh.600521,2021-07-13,2025-09-08,1.4294602870941162
sh.600522,2021-07-13,2026-06-25,8.816802024841309
sh.600523,2021-07-13,2025-08-13,0.9834400415420532
sh.600525,2021-07-13,2026-03-11,0.9196140766143799
sh.600526,2021-07-13,2026-02-27,0.7958129644393921
sh.600527,2021-07-13,2024-12-11,1.5555555820465088
sh.600528,2021-07-13,2025-07-24,0.6641089916229248
sh.600529,2021-07-13,2024-04-17,0.7060081958770752
sh.600530,2021-07-13,2025-06-12,5.035928726196289
sh.600531,2021-07-13,2026-01-29,5.088250160217285
sh.600533,2021-07-13,2024-12-12,0.9647058248519897
sh.600535,2021-07-13,2025-08-20,1.046752691268921
sh.600536,2021-07-13,2024-11-12,2.8620998859405518
sh.600537,2021-07-13,2023-02-21,1.848874568939209
sh.600538,2021-07-13,2026-02-05,1.508474588394165
sh.600539,2021-07-13,2026-05-07,4.933717727661133
sh.600540,2021-08-02,2026-09-09,1.2744479179382324
sh.600543,2021-07-13,2024-10-25,1.0132627487182617
sh.600545,2021-07-13,2026-06-30,5.2890625
sh.600546,2021-07-13,2024-02-22,2.755136489868164
sh.600547,2021-07-13,2026-01-29,2.724743604660034
sh.600548,2021-07-13,2025-01-02,0.9389945268630981
sh.600549,2021-07-13,2026-06-22,6.166662693023682
sh.600550,2021-07-13,2026-03-05,4.680596828460693
sh.600551,2021-07-13,2025-07-29,1.3972911834716797
sh.600552,2021-07-13,2026-06-30,3.8639602661132812
sh.600556,2021-07-13,2026-01-14,1.832961082458496
sh.600557,2021-07-13,2023-04-06,2.570657968521118
sh.600558,2021-07-13,2026-01-12,1.615189790725708
sh.600559,2021-07-13,2023-03-01,1.0665764808654785
sh.600560,2021-07-13,2025-03-11,1.7638616561889648
sh.600561,2021-07-13,2025-11-14,1.2103745937347412
sh.600562,2021-07-13,2025-10-09,2.612494468688965
sh.600563,2021-07-13,2026-06-30,1.7523629665374756
sh.600566,2021-07-13,2024-04-18,2.2123336791992188
sh.600567,2021-07-13,2024-12-16,0.8019003868103027
sh.600568,2021-07-13,2026-03-11,1.840707778930664
sh.600569,2021-07-13,2026-03-17,1.1692306995391846
sh.600570,2021-07-13,2025-08-25,1.554309368133545
sh.600571,2021-07-13,2025-07-09,2.594635248184204
sh.600572,2021-07-13,2023-05-04,0.9116884469985962
sh.600573,2021-07-13,2025-12-09,0.8448518514633179
sh.600575,2021-07-13,2024-12-11,1.2155818939208984
sh.600576,2021-07-13,2025-06-05,1.9211955070495605
sh.600577,2021-07-13,2026-01-19,4.431607246398926
sh.600578,2021-07-13,2026-05-27,3.131105899810791
sh.600579,2021-07-13,2025-01-02,1.8134171962738037
sh.600580,2021-07-13,2025-09-18,6.937735557556152
sh.600581,2021-07-13,2025-08-13,1.1174089908599854
sh.600582,2021-07-13,2024-04-19,1.2905750274658203
sh.600583,2021-07-13,2026-03-03,1.4758152961730957
sh.600584,2021-07-13,2026-07-01,4.468256950378418
sh.600585,2021-07-13,2025-07-22,0.4169696569442749
sh.600586,2021-07-13,2023-02-01,1.3872137069702148
sh.600587,2021-07-13,2023-06-29,1.2910327911376953
sh.600588,2021-07-13,2025-03-07,1.4600245952606201
sh.600589,2021-07-13,2026-02-12,9.421051979064941
sh.600590,2021-07-13,2026-04-23,4.395705699920654
sh.600592,2021-07-13,2025-09-18,4.049769401550293
sh.600593,2021-07-13,2025-11-04,4.802054405212402
sh.600594,2021-07-13,2026-04-09,0.7328766584396362
sh.600595,2021-07-13,2026-01-28,3.5833334922790527
sh.600596,2021-07-13,2026-06-26,1.7228491306304932
sh.600597,2021-07-13,2024-12-12,0.36625516414642334
sh.600598,2021-07-13,2025-04-09,0.7830065488815308
sh.600599,2021-07-13,2024-01-09,1.2545201778411865
sh.600600,2021-07-13,2023-04-10,0.7073894739151001
sh.600601,2021-08-02,2026-09-16,7.317995071411133
sh.600602,2021-07-13,2025-02-25,4.674827575683594
sh.600603,2021-07-13,2025-02-17,2.1755950450897217
sh.600604,2021-07-13,2025-07-16,1.1890909671783447
sh.600605,2021-07-13,2024-11-28,5.644125461578369
sh.600606,2021-07-13,2024-11-07,1.0526313781738281
sh.600608,2021-07-13,2025-11-12,1.5675675868988037
sh.600609,2021-07-13,2024-12-09,1.7348244190216064
sh.600610,2021-07-13,2025-06-26,4.437309265136719
sh.600611,2021-07-13,2024-09-06,3.8321614265441895
sh.600612,2021-07-13,2024-04-03,1.4865217208862305
sh.600613,2021-07-13,2026-08-28,1.854757308959961
sh.600615,2021-07-13,2025-08-20,1.6645822525024414
sh.600616,2021-07-13,2024-12-16,0.7264151573181152
sh.600617,2021-07-13,2025-10-21,1.3272724151611328
sh.600618,2021-07-13,2026-01-30,1.721451759338379
sh.600619,2021-07-13,2025-09-23,5.1743268966674805
sh.600620,2021-07-13,2025-07-18,0.9888638257980347
sh.600621,2021-07-13,2025-08-26,1.0695669651031494
sh.600622,2021-07-13,2024-11-07,2.7624998092651367
sh.600623,2021-07-13,2026-03-12,1.3934803009033203
sh.600624,2021-07-13,2025-03-17,2.161290407180786
sh.600626,2021-07-13,2025-10-23,1.5111110210418701
sh.600628,2021-07-13,2024-12-02,1.2624924182891846
sh.600629,2021-07-13,2025-10-21,9.215730667114258
sh.600630,2021-07-13,2023-12-26,2.7113399505615234
sh.600633,2021-07-13,2025-02-17,2.6575469970703125
sh.600635,2021-07-13,2025-11-27,2.2531418800354004
sh.600636,2021-07-13,2023-05-11,2.090031623840332
sh.600637,2021-07-13,2026-01-13,1.779820203781128
sh.600638,2021-07-13,2026-01-27,1.1117985248565674
sh.600639,2021-07-13,2024-02-02,0.6438653469085693
sh.600640,2021-07-13,2024-02-28,1.3480453491210938
sh.600641,2021-07-13,2026-07-02,4.21925687789917
sh.600642,2021-07-13,2026-06-01,1.4864654541015625
sh.600643,2021-07-13,2025-07-01,1.2172625064849854
sh.600644,2021-07-13,2025-06-10,2.7350995540618896
sh.600645,2021-07-13,2026-04-01,1.461883306503296
sh.600648,2021-07-13,2025-04-22,0.5506124496459961
sh.600649,2021-07-13,2026-02-05,0.853427529335022
sh.600650,2021-07-13,2024-11-22,2.321040391921997
sh.600651,2021-07-13,2025-09-18,2.9043824672698975
sh.600653,2021-07-13,2024-12-11,1.5130436420440674
sh.600654,2021-07-13,2024-11-18,1.9203176498413086
sh.600655,2021-07-13,2024-12-12,0.40688252449035645
sh.600657,2021-07-13,2024-11-07,1.3099632263183594
sh.600658,2021-07-13,2025-08-20,1.9964663982391357
sh.600660,2021-07-13,2025-09-17,1.754927158355713
sh.600661,2021-07-13,2024-10-09,1.4156625270843506
sh.600662,2021-07-13,2026-01-15,0.9380799531936646
sh.600663,2021-07-13,2026-08-12,0.5464744567871094
sh.600664,2021-07-13,2026-09-01,2.7960000038146973
sh.600665,2021-07-13,2023-08-02,1.0013179779052734
sh.600666,2021-07-13,2026-04-20,9.422017097473145
sh.600667,2021-07-13,2026-07-01,5.876955509185791
sh.600668,2021-07-13,2025-07-21,1.140678882598877
sh.600671,2021-08-02,2026-09-10,2.9367518424987793
sh.600673,2021-07-13,2026-05-07,8.263319969177246
sh.600674,2021-07-13,2024-07-24,1.0812005996704102
sh.600675,2021-07-13,2024-01-29,0.9211618900299072
sh.600676,2021-07-13,2026-01-21,2.6542749404907227
sh.600678,2021-07-13,2026-01-12,2.9481863975524902
sh.600679,2021-07-13,2024-12-19,1.6799747943878174
sh.600681,2021-07-13,2025-11-12,0.8731598854064941
sh.600682,2021-07-13,2026-01-13,0.9593615531921387
sh.600683,2021-07-13,2026-05-12,5.470766544342041
sh.600684,2021-07-13,2025-09-16,1.7071127891540527
sh.600685,2021-07-13,2026-02-26,1.838475227355957
sh.600686,2021-07-13,2026-01-22,3.866392135620117
sh.600688,2021-07-13,2026-03-03,0.5909967422485352
sh.600689,2021-07-13,2025-09-10,1.6951467990875244
sh.600690,2021-07-13,2024-10-08,0.7203437089920044
sh.600691,2021-07-13,2026-03-17,2.347517728805542
sh.600692,2021-07-13,2024-12-11,1.3184030055999756
sh.600693,2021-07-13,2025-12-26,7.344513893127441
sh.600694,2021-07-13,2024-12-13,1.2540345191955566
sh.600696,2021-07-13,2024-10-30,2.457627058029175
sh.600697,2021-07-13,2025-09-05,0.822054386138916
sh.600698,2021-07-13,2025-08-14,4.103570938110352
sh.600699,2021-07-13,2025-09-23,2.8419530391693115
sh.600702,2021-07-13,2024-11-11,1.0632154941558838
sh.600703,2021-07-13,2026-06-24,1.2898507118225098
sh.600704,2021-07-13,2025-08-26,0.750084400177002
sh.600706,2021-07-13,2023-04-19,2.695507287979126
sh.600707,2021-07-13,2026-07-01,3.8502297401428223
sh.600708,2021-07-13,2024-12-05,1.6744184494018555
sh.600710,2021-07-13,2026-03-06,2.444572925567627
sh.600711,2021-07-13,2026-01-28,4.966526508331299
sh.600712,2021-07-13,2025-09-01,1.682119369506836
sh.600713,2021-07-13,2026-04-15,0.7474066019058228
sh.600714,2021-07-13,2026-06-05,5.76618766784668
sh.600715,2021-07-13,2025-09-03,2.217916488647461
sh.600716,2021-07-13,2026-02-25,0.9596772193908691
sh.600717,2021-07-13,2025-08-25,0.6125245094299316
sh.600718,2021-07-13,2025-03-11,1.1975531578063965
sh.600719,2021-07-13,2024-05-28,2.7278478145599365
sh.600720,2021-07-13,2024-04-22,0.48771488666534424
sh.600721,2021-07-13,2026-08-27,2.92496919631958
sh.600722,2021-08-02,2026-09-09,5.30914831161499
sh.600724,2021-07-13,2026-05-13,2.151506185531616
sh.600725,2021-07-13,2026-03-10,1.8051283359527588
sh.600726,2021-07-13,2026-06-04,4.677595615386963
sh.600727,2021-07-13,2025-03-27,1.3266706466674805
sh.600728,2021-07-13,2025-08-27,1.2668538093566895
sh.600729,2021-07-13,2025-04-10,0.9988324642181396
sh.600730,2021-07-13,2025-12-12,3.238088607788086
sh.600731,2021-07-13,2025-07-25,1.0713129043579102
sh.600732,2021-07-13,2023-06-26,3.129840850830078
sh.600733,2021-07-13,2024-07-17,1.8113207817077637
sh.600734,2021-07-13,2025-12-08,5.686206340789795
sh.600735,2021-07-13,2025-06-09,1.9140400886535645
sh.600736,2021-07-13,2026-05-12,1.5884335041046143
sh.600737,2021-08-02,2026-09-09,2.7169506549835205
sh.600738,2021-07-13,2024-12-17,1.0401272773742676
sh.600739,2021-07-13,2025-08-26,0.8379461765289307
sh.600740,2021-07-13,2026-03-03,0.5289201736450195
sh.600741,2021-07-13,2025-10-09,0.6710714101791382
sh.600742,2021-07-13,2026-03-02,0.8170586824417114
sh.600743,2021-07-13,2026-04-14,1.9181818962097168
sh.600744,2021-07-13,2026-03-11,2.786290407180786
sh.600745,2021-07-13,2024-11-11,1.062732219696045
sh.600746,2021-07-13,2026-04-07,1.1716837882995605
sh.600748,2021-07-13,2025-10-22,2.2724111080169678
sh.600749,2021-07-13,2025-08-19,2.465334892272949
sh.600750,2021-07-13,2026-04-24,2.1774630546569824
sh.600751,2021-07-13,2025-11-12,1.4852941036224365
sh.600753,2021-07-13,2026-05-20,2.249999761581421
sh.600754,2021-07-13,2023-04-06,0.6656322479248047
sh.600755,2021-07-13,2025-12-26,0.7203043699264526
sh.600756,2021-07-13,2025-11-27,1.638547420501709
sh.600757,2021-07-13,2023-05-08,1.8481740951538086
sh.600758,2021-07-13,2026-03-26,1.374230146408081
sh.600759,2021-07-13,2026-03-05,3.3069305419921875
sh.600760,2021-07-13,2025-09-30,1.384556770324707
sh.600761,2021-07-13,2024-05-10,2.414780616760254
sh.600763,2021-07-13,2024-10-08,0.6605420112609863
sh.600764,2021-07-13,2025-08-06,1.1913084983825684
sh.600765,2021-07-13,2023-02-01,1.0968079566955566
sh.600768,2021-07-13,2026-05-08,2.1547274589538574
sh.600769,2021-07-13,2026-05-18,4.111554145812988
sh.600770,2021-07-13,2026-05-06,2.879629611968994
sh.600771,2021-07-13,2023-05-04,0.7209979295730591
sh.600773,2021-07-13,2026-04-29,2.679807424545288
sh.600774,2021-07-13,2025-08-01,1.3961536884307861
sh.600775,2021-07-13,2026-01-12,2.098116874694824
sh.600776,2021-07-13,2026-01-14,2.4345951080322266
sh.600777,2021-07-13,2026-03-23,3.134227752685547
sh.600778,2021-07-13,2025-01-02,1.8901734352111816
sh.600779,2021-07-13,2024-11-12,0.9902375936508179
sh.600780,2021-07-13,2023-12-01,2.482142925262451
sh.600782,2021-07-13,2025-03-13,0.7777777910232544
sh.600783,2021-07-13,2026-01-13,3.5052266120910645
sh.600784,2021-07-13,2026-05-26,1.0487942695617676
sh.600785,2021-07-13,2026-02-03,2.019076347351074
sh.600787,2021-07-13,2024-12-03,1.1160845756530762
sh.600789,2021-07-13,2025-01-08,1.2967298030853271
sh.600790,2021-07-13,2026-05-08,0.964368462562561
sh.600791,2021-07-13,2026-05-25,4.447019577026367
sh.600792,2021-07-13,2023-11-24,1.0542371273040771
sh.600793,2021-07-13,2025-05-26,4.146814346313477
sh.600794,2021-07-13,2025-04-24,1.2023422718048096
sh.600795,2021-07-13,2025-12-18,2.0320940017700195
sh.600796,2021-07-13,2024-12-09,1.2593600749969482
sh.600797,2021-07-13,2025-03-21,2.3592050075531006
sh.600798,2021-07-13,2025-05-19,0.95634925365448
sh.600800,2021-07-13,2024-11-25,1.8244678974151611
sh.600801,2021-07-13,2026-01-26,1.7336680889129639
sh.600802,2021-07-13,2025-11-17,2.244274616241455
sh.600803,2021-07-13,2026-03-03,0.9880040884017944
sh.600805,2021-07-13,2025-08-21,0.9132922887802124
sh.600807,2021-07-13,2024-10-29,1.5680749416351318
sh.600808,2021-07-13,2026-01-26,1.508474588394165
sh.600809,2021-07-13,2024-11-07,0.5792678594589233
sh.600810,2021-07-13,2025-10-10,1.2334144115447998
sh.600812,2021-07-13,2025-07-30,0.7729829549789429
sh.600814,2021-07-13,2026-02-06,1.1547024250030518
sh.600815,2021-07-13,2026-05-07,1.6793477535247803
sh.600816,2021-07-13,2023-02-15,0.7520661354064941
sh.600817,2021-07-13,2025-05-29,1.2241888046264648
sh.600818,2021-07-13,2023-02-02,2.774960517883301
sh.600819,2021-07-13,2025-11-12,1.9403786659240723
sh.600820,2021-07-13,2025-07-22,0.7849768400192261
sh.600821,2021-07-13,2026-03-25,1.5026307106018066
sh.600822,2021-07-13,2023-06-14,1.514662742614746
sh.600824,2021-07-13,2024-12-18,1.4811465740203857
sh.600825,2021-07-13,2024-12-11,1.622535228729248
sh.600826,2021-07-13,2025-07-22,2.4989044666290283
sh.600827,2021-07-13,2024-12-16,0.7363255023956299
sh.600828,2021-07-13,2026-01-13,2.573333263397217
sh.600829,2021-07-13,2025-11-18,2.4882009029388428
sh.600830,2021-07-13,2024-10-08,1.8834128379821777
sh.600831,2021-07-13,2025-11-11,2.0054643154144287
sh.600833,2021-07-13,2024-12-13,1.1375651359558105
sh.600834,2021-07-13,2024-11-11,0.6556692123413086
sh.600835,2021-07-13,2025-11-26,2.4394588470458984
sh.600838,2021-07-13,2026-01-26,1.75693678855896
sh.600839,2021-07-13,2024-10-31,5.60775089263916
sh.600841,2021-07-13,2026-02-26,2.5477707386016846
sh.600843,2021-07-13,2024-10-31,3.9383206367492676
sh.600844,2021-07-13,2026-03-30,1.441314458847046
sh.600845,2021-07-13,2023-06-19,1.1755986213684082
sh.600846,2021-07-13,2025-12-10,2.0854458808898926
sh.600847,2021-07-13,2026-05-20,2.1586451530456543
sh.600848,2021-07-13,2025-11-14,0.6560276746749878
sh.600850,2021-07-13,2026-01-12,1.4475841522216797
sh.600851,2021-07-13,2026-06-24,1.299072027206421
sh.600853,2021-07-13,2023-04-28,1.8836591243743896
sh.600854,2021-07-13,2026-05-13,1.066486120223999
sh.600855,2021-07-13,2026-01-12,3.2166428565979004
sh.600857,2021-08-02,2026-09-09,3.6166024208068848
sh.600858,2021-07-13,2026-01-20,1.0744962692260742
sh.600859,2021-07-13,2024-12-12,0.48204874992370605
sh.600860,2021-07-13,2023-02-13,1.8598947525024414
sh.600861,2021-07-13,2023-08-03,0.8341329097747803
sh.600862,2021-07-13,2026-01-12,0.7542959451675415
sh.600863,2021-07-13,2026-06-01,3.113924980163574
sh.600864,2021-07-13,2025-08-20,0.9895037412643433
sh.600865,2021-07-13,2025-12-25,3.1448936462402344
sh.600866,2021-07-13,2025-08-26,1.666013479232788
sh.600867,2021-07-13,2023-11-20,0.5359547138214111
sh.600868,2021-07-13,2026-01-26,2.257861614227295
sh.600869,2021-07-13,2026-06-24,13.37840747833252
sh.600871,2021-07-13,2026-03-04,1.587878942489624
sh.600872,2021-07-13,2023-02-20,0.7507675886154175
sh.600873,2021-07-13,2026-03-16,1.6824498176574707
sh.600874,2021-07-13,2025-11-13,0.48836255073547363
sh.600875,2021-07-13,2026-03-06,3.5110411643981934
sh.600876,2021-07-13,2025-07-08,0.6093364953994751
sh.600877,2021-07-13,2026-01-28,1.8628571033477783
sh.600879,2021-07-13,2026-01-12,4.884696960449219
sh.600880,2021-07-13,2024-12-18,1.2466986179351807
sh.600881,2021-07-13,2024-12-16,2.52439022064209
sh.600882,2021-07-13,2025-06-11,1.7964072227478027
sh.600883,2021-07-13,2026-05-11,0.9390028715133667
sh.600884,2021-07-13,2026-05-06,1.8905229568481445
sh.600885,2021-07-13,2026-07-03,1.5573668479919434
sh.600886,2021-07-13,2024-07-03,1.4473567008972168
sh.600887,2021-07-13,2025-05-28,0.4496959447860718
sh.600888,2021-07-13,2026-06-25,2.0498173236846924
sh.600889,2021-07-13,2024-12-25,7.1815185546875
sh.600892,2021-07-13,2024-01-03,1.4451828002929688
sh.600893,2021-07-13,2026-03-10,1.1049842834472656
sh.600894,2021-07-13,2024-12-31,1.888542652130127
sh.600895,2021-07-13,2025-09-30,4.48991584777832
sh.600897,2021-07-13,2025-12-09,1.174499273300171
sh.600900,2021-07-13,2026-07-30,0.8983150720596313
sh.600901,2021-07-13,2026-04-23,1.8073844909667969
sh.600903,2021-07-13,2026-05-22,0.7410403490066528
sh.600905,2021-12-15,2024-10-08,0.21234571933746338
sh.600906,2021-11-11,2024-10-08,0.6224269866943359
sh.600908,2021-07-13,2025-07-10,0.5176286697387695
sh.600909,2021-07-13,2026-07-01,2.242210865020752
sh.600916,2021-08-16,2026-01-30,0.9974579811096191
sh.600917,2021-07-13,2023-02-13,0.3531062602996826
sh.600918,2021-07-13,2024-10-08,0.506935715675354
sh.600919,2021-08-02,2026-09-10,2.013227939605713
sh.600925,2023-10-09,2025-07-22,0.15331852436065674
sh.600926,2021-08-02,2026-09-14,1.08833909034729
sh.600927,2022-07-05,2025-07-09,0.7251532077789307
sh.600928,2021-07-13,2025-09-09,0.5501662492752075
sh.600929,2021-07-13,2026-04-22,0.6435350179672241
sh.600933,2021-07-13,2023-02-07,1.8341412544250488
sh.600935,2022-06-08,2026-03-12,0.6467660665512085
sh.600936,2021-07-13,2026-06-03,2.3556699752807617
sh.600938,2022-10-28,2026-03-03,2.434692144393921
sh.600939,2021-07-13,2025-11-10,1.0510118007659912
sh.600941,2022-07-15,2025-06-06,1.2997512817382812
sh.600955,2022-03-29,2026-02-24,0.7259939908981323
sh.600956,2021-07-13,2026-03-17,0.6833318471908569
sh.600958,2021-07-13,2025-08-25,0.7104941606521606
sh.600959,2021-07-13,2026-02-10,0.8007290363311768
sh.600960,2021-07-13,2026-02-26,1.5059287548065186
sh.600961,2021-07-13,2026-06-24,4.259204864501953
sh.600962,2021-07-13,2026-08-06,3.473607063293457
sh.600963,2021-07-13,2024-11-12,1.1758956909179688
sh.600965,2021-07-13,2025-04-09,1.1464967727661133
sh.600966,2021-07-13,2026-02-24,1.3733723163604736
sh.600967,2021-07-13,2025-08-13,3.506129741668701
sh.600968,2021-07-13,2026-03-04,1.7782812118530273
sh.600969,2021-07-13,2026-01-22,1.8651161193847656
sh.600970,2021-07-13,2023-05-04,1.038358449935913
sh.600971,2021-07-13,2024-04-19,1.8080778121948242
sh.600973,2021-07-13,2026-01-12,1.8706624507904053
sh.600975,2021-07-13,2023-04-06,1.172471046447754
sh.600976,2021-07-13,2023-04-04,1.3581490516662598
sh.600977,2021-07-13,2025-09-16,1.2157275676727295
sh.600979,2021-07-13,2024-12-13,1.936934232711792
sh.600980,2021-07-13,2025-08-29,1.650637149810791
sh.600981,2021-07-13,2025-12-08,1.4635655879974365
sh.600982,2021-07-13,2026-03-27,1.6522414684295654
sh.600983,2021-07-13,2026-02-09,1.1203808784484863
sh.600984,2021-07-13,2026-02-25,1.5999999046325684
sh.600985,2021-07-13,2026-08-31,1.2823362350463867
sh.600986,2021-07-13,2026-02-05,3.134653091430664
sh.600987,2021-07-13,2026-02-25,1.2489595413208008
sh.600988,2021-07-13,2026-08-21,3.277979850769043
sh.600989,2021-07-13,2026-03-13,2.2845959663391113
sh.600990,2021-07-13,2026-01-12,2.269026756286621
sh.600992,2021-07-13,2023-02-01,2.3665659427642822
sh.600993,2021-07-13,2025-06-04,0.7891784906387329
sh.600995,2021-07-13,2026-06-01,1.5916509628295898
sh.600996,2021-07-13,2023-01-31,2.6374409198760986
sh.600997,2021-07-13,2024-04-19,0.5505895614624023
sh.600998,2021-07-13,2024-04-19,0.72469162940979
sh.600999,2021-07-13,2026-07-01,1.0868160724639893
sh.601000,2021-07-13,2024-08-02,1.8868825435638428
sh.601001,2021-07-13,2026-06-04,2.786105155944824
sh.601002,2021-07-13,2026-04-20,1.4618995189666748
sh.601003,2021-07-13,2025-07-24,2.3130083084106445
sh.601005,2021-07-13,2024-11-07,0.7722772359848022
sh.601006,2021-07-13,2024-02-20,0.5352141857147217
sh.601007,2021-07-13,2023-02-13,1.1830332279205322
sh.601008,2021-07-13,2025-05-19,1.536360740661621
sh.601009,2021-08-02,2026-09-10,1.0327212810516357
sh.601010,2021-07-13,2024-12-16,1.590273141860962
sh.601011,2021-07-13,2025-11-17,2.1793103218078613
sh.601012,2021-07-13,2025-11-10,0.7910448312759399
sh.601015,2021-07-13,2026-03-03,1.22265625
sh.601016,2021-07-13,2026-05-13,1.2523703575134277
sh.601018,2021-07-13,2026-03-12,0.40986597537994385
sh.601019,2021-07-13,2024-06-12,1.9163520336151123
sh.601020,2021-07-13,2026-03-02,6.005719184875488
sh.601021,2021-07-13,2023-02-13,0.5802946090698242
sh.601022,2023-06-16,2025-05-19,0.8019663095474243
sh.601033,2024-07-30,2026-03-25,0.42494404315948486
sh.601038,2021-07-13,2024-10-08,1.323446273803711
sh.601058,2021-07-13,2025-12-10,1.4218366146087646
sh.601059,2023-08-04,2025-10-29,0.7080373764038086
sh.601061,2023-10-18,2025-11-11,1.7386996746063232
sh.601065,2023-10-18,2026-03-12,0.18489348888397217
sh.601066,2021-07-13,2024-11-07,0.8174930810928345
sh.601068,2021-07-13,2023-05-04,0.9363394975662231
sh.601069,2021-07-13,2026-01-29,4.364695072174072
sh.601077,2021-07-13,2026-04-23,1.6472344398498535
sh.601083,2024-06-17,2026-08-31,0.7877793312072754
sh.601086,2021-08-02,2026-09-14,5.133703231811523
sh.601088,2021-07-13,2026-06-08,3.0397257804870605
sh.601089,2023-01-03,2025-08-14,1.7518908977508545
sh.601096,2024-07-04,2026-03-09,1.0236618518829346
sh.601098,2021-07-13,2025-04-10,1.217658519744873
sh.601099,2021-07-13,2024-11-07,1.1183674335479736
sh.601100,2021-07-13,2026-02-10,2.1199686527252197
sh.601101,2021-07-13,2026-08-31,3.1758456230163574
sh.601106,2021-07-13,2026-01-14,2.0
sh.601107,2021-07-13,2026-02-06,1.5157907009124756
sh.601108,2021-07-13,2026-01-26,0.5516117811203003
sh.601111,2021-07-13,2023-03-02,0.8003170490264893
sh.601113,2021-07-13,2026-01-19,0.7703180313110352
sh.601116,2021-07-13,2026-01-15,2.116527557373047
sh.601117,2021-07-13,2026-03-13,0.8618569374084473
sh.601118,2021-07-13,2026-03-12,1.1414563655853271
sh.601121,2023-09-12,2026-03-02,0.7908334732055664
sh.601126,2021-07-13,2026-05-20,11.135016441345215
sh.601127,2021-07-13,2025-09-30,5.981734752655029
sh.601128,2021-07-13,2025-08-11,0.8859846591949463
sh.601133,2023-10-18,2026-06-30,4.383862018585205
sh.601136,2023-07-04,2025-09-17,0.7840511798858643
sh.601137,2021-07-13,2025-08-20,2.144951343536377
sh.601138,2021-07-13,2026-06-03,9.726694107055664
sh.601139,2021-07-13,2026-03-20,0.40029680728912354
sh.601155,2021-07-13,2026-02-04,1.2459626197814941
sh.601156,2021-12-14,2024-05-13,0.9981949329376221
sh.601158,2021-07-13,2024-01-29,0.26518917083740234
sh.601162,2021-07-13,2024-10-31,2.004694938659668
sh.601163,2021-07-13,2024-04-22,0.9086047410964966
sh.601166,2021-07-13,2025-07-08,1.0030267238616943
sh.601168,2021-07-13,2026-08-07,4.772024154663086
sh.601169,2021-07-13,2025-07-10,1.1104705333709717
sh.601177,2021-07-13,2025-03-07,2.6266794204711914
sh.601179,2021-07-13,2026-03-09,4.696583271026611
sh.601186,2021-07-13,2023-05-08,0.8468005657196045
sh.601187,2021-07-13,2026-06-15,0.9222875833511353
sh.601188,2021-07-13,2023-09-19,1.016420841217041
sh.601198,2021-07-13,2025-12-18,1.0492157936096191
sh.601199,2021-07-13,2023-04-24,1.505230188369751
sh.601200,2021-07-13,2026-03-12,0.3926815986633301
sh.601208,2021-07-13,2026-06-22,12.12822437286377
sh.601211,2021-07-13,2026-01-06,0.8556782007217407
sh.601212,2021-07-13,2026-01-29,5.72123908996582
sh.601216,2021-07-13,2024-12-18,1.2938740253448486
sh.601218,2021-07-13,2026-03-25,2.556540012359619
sh.601222,2021-07-13,2024-10-08,0.606631875038147
sh.601225,2021-07-13,2026-08-31,2.728637218475342
sh.601226,2021-07-13,2026-02-04,2.543233871459961
sh.601228,2021-07-13,2026-01-23,0.3441894054412842
sh.601229,2021-07-13,2025-07-04,1.4682705402374268
sh.601231,2021-07-13,2026-03-02,4.3785529136657715
sh.601233,2021-07-13,2026-08-31,1.8071234226226807
sh.601236,2021-07-13,2025-08-25,0.6664648056030273
sh.601238,2021-07-13,2024-12-03,0.5050431489944458
sh.601279,2021-10-25,2025-11-20,0.8391196727752686
sh.601288,2021-07-13,2025-11-12,2.7423391342163086
sh.601298,2021-08-02,2026-09-17,1.2847743034362793
sh.601311,2021-07-13,2025-09-09,0.9606928825378418
sh.601318,2021-07-13,2026-01-06,1.3817384243011475
sh.601319,2021-07-13,2026-01-07,1.6381466388702393
sh.601326,2021-07-13,2023-05-09,0.9296510219573975
sh.601328,2021-07-13,2025-06-25,1.4676737785339355
sh.601330,2021-07-13,2026-03-24,1.2185726165771484
sh.601333,2021-07-13,2023-06-15,1.1832458972930908
sh.601336,2021-07-13,2026-01-29,3.041271209716797
sh.601339,2021-07-13,2026-05-07,1.53415846824646
sh.601360,2021-07-13,2023-04-04,2.167192220687866
sh.601366,2021-07-13,2024-10-08,0.7646856307983398
sh.601368,2021-07-13,2026-03-11,0.511406660079956
sh.601369,2021-07-13,2026-03-10,1.2934508323669434
sh.601375,2021-07-13,2024-11-07,0.611138105392456
sh.601377,2021-07-13,2026-01-06,0.6734784841537476
sh.601388,2021-07-13,2026-01-30,1.5148534774780273
sh.601390,2021-07-13,2023-05-04,0.9370280504226685
sh.601398,2021-07-13,2026-09-02,1.4647955894470215
sh.601399,2021-07-13,2026-01-12,1.69327712059021
sh.601456,2021-07-13,2024-12-27,0.6684253215789795
sh.601500,2021-07-13,2024-05-06,1.3158042430877686
sh.601512,2021-07-13,2026-04-23,0.8108526468276978
sh.601515,2021-07-13,2025-11-17,1.3545453548431396
sh.601518,2021-07-13,2026-06-05,1.2258644104003906
sh.601519,2021-07-13,2025-08-19,2.80855393409729
sh.601528,2021-12-29,2025-07-10,0.4668387174606323
sh.601555,2021-07-13,2025-08-22,0.9445568323135376
sh.601566,2021-07-13,2025-11-20,1.9047951698303223
sh.601567,2021-07-13,2024-06-18,3.9382143020629883
sh.601568,2021-07-13,2026-03-13,0.3665848970413208
sh.601577,2021-07-13,2025-07-10,0.9496394395828247
sh.601579,2021-08-02,2026-09-18,3.3312573432922363
sh.601588,2021-07-13,2024-11-07,0.8571428060531616
sh.601595,2021-07-13,2023-05-05,3.78909969329834
sh.601598,2021-07-13,2025-09-25,1.7313857078552246
sh.601599,2021-07-13,2026-02-10,1.1860463619232178
sh.601600,2021-07-13,2026-01-29,3.321732997894287
sh.601601,2021-07-13,2026-01-07,1.9513015747070312
sh.601606,2021-07-13,2025-09-02,7.5194902420043945
sh.601607,2021-07-13,2024-11-21,0.45784127712249756
sh.601608,2021-07-13,2026-01-23,1.701242446899414
sh.601609,2021-07-13,2025-08-20,2.215696334838867
sh.601611,2021-07-13,2026-01-12,2.318845510482788
sh.601615,2021-07-13,2026-02-04,2.3475825786590576
sh.601616,2021-07-13,2026-03-10,1.8225817680358887
sh.601618,2021-07-13,2025-10-09,0.6430062055587769
sh.601619,2021-07-13,2026-03-04,1.738879919052124
sh.601628,2021-07-13,2026-01-13,1.2736504077911377
sh.601633,2021-07-13,2024-10-08,0.6314386129379272
sh.601636,2021-07-13,2026-06-30,1.2327067852020264
sh.601658,2021-07-13,2025-09-04,0.9207749366760254
sh.601665,2021-12-22,2026-09-10,1.2459385395050049
sh.601666,2021-07-13,2024-04-18,1.7415614128112793
sh.601668,2021-07-13,2024-11-07,0.6976066827774048
sh.601669,2021-07-13,2025-07-24,1.0603623390197754
sh.601677,2021-07-13,2026-06-03,1.351320505142212
sh.601678,2021-07-13,2026-07-02,1.5416505336761475
sh.601686,2021-07-13,2025-10-27,0.5222649574279785
sh.601688,2021-07-13,2026-01-06,1.3565771579742432
sh.601689,2021-07-13,2026-01-21,3.2281031608581543
sh.601696,2021-07-13,2025-08-15,1.1671171188354492
sh.601698,2021-07-13,2026-01-12,5.136641979217529
sh.601699,2021-07-13,2024-03-07,2.2521440982818604
sh.601700,2021-07-13,2026-09-01,1.3357713222503662
sh.601702,2021-07-13,2026-01-29,3.336747646331787
sh.601717,2021-07-13,2025-09-24,2.6019515991210938
sh.601718,2021-07-13,2025-08-08,1.3031721115112305
sh.601727,2021-07-13,2024-11-08,2.534482717514038
sh.601728,2022-03-03,2025-02-21,1.6196339130401611
sh.601766,2021-07-13,2024-11-07,1.0040841102600098
sh.601777,2021-07-13,2025-09-24,4.160784721374512
sh.601778,2021-07-13,2026-05-14,2.5827579498291016
sh.601788,2021-07-13,2024-10-08,1.0715043544769287
sh.601789,2021-07-13,2026-03-12,1.4379034042358398
sh.601798,2021-07-13,2025-08-19,1.4473118782043457
sh.601799,2021-07-13,2024-10-08,0.6031635999679565
sh.601800,2021-07-13,2023-05-04,1.1024205684661865
sh.601801,2021-07-13,2023-06-07,1.658372402191162
sh.601808,2021-07-13,2026-03-04,0.9110069274902344
sh.601811,2021-07-13,2023-05-04,1.7148795127868652
sh.601816,2021-07-13,2024-12-12,0.5013271570205688
sh.601818,2021-07-13,2025-07-07,0.8818835020065308
sh.601825,2022-03-02,2025-06-04,1.2990643978118896
sh.601827,2021-07-13,2026-03-25,0.5910736322402954
sh.601828,2021-07-13,2024-11-11,1.115384578704834
sh.601838,2021-08-02,2026-09-10,1.492835283279419
sh.601857,2021-07-13,2026-03-04,2.8187029361724854
sh.601858,2021-07-13,2023-05-05,6.183646202087402
sh.601860,2021-07-13,2025-07-10,0.47176456451416016
sh.601865,2021-07-13,2024-10-31,0.9399459362030029
sh.601866,2021-07-13,2026-03-03,0.6076291799545288
sh.601868,2022-04-11,2026-03-12,0.9289116859436035
sh.601869,2021-07-13,2026-06-24,26.921186447143555
sh.601872,2021-08-02,2026-09-18,5.769948482513428
sh.601877,2021-07-13,2026-03-11,1.4741389751434326
sh.601878,2021-07-13,2024-10-08,0.8859149217605591
sh.601880,2021-07-13,2025-09-18,0.5653959512710571
sh.601881,2021-07-13,2025-08-25,1.420363187789917
sh.601882,2021-07-13,2023-04-10,1.5786192417144775
sh.601886,2021-07-13,2026-09-07,2.7056407928466797
sh.601888,2021-07-13,2026-02-09,0.843714714050293
sh.601890,2021-07-13,2026-02-27,1.6057305335998535
sh.601898,2021-07-13,2026-03-12,2.8491456508636475
sh.601899,2021-07-13,2026-01-29,5.1754021644592285
sh.601900,2021-07-13,2023-06-01,3.1540274620056152
sh.601901,2021-07-13,2024-10-08,0.7613623142242432
sh.601908,2021-07-13,2026-03-26,1.3838860988616943
sh.601916,2021-07-13,2025-07-10,0.7414023876190186
sh.601918,2021-07-13,2026-06-01,2.0346155166625977
sh.601919,2021-07-13,2026-08-24,1.74452805519104
sh.601921,2022-01-27,2024-08-21,0.735802173614502
sh.601928,2021-07-13,2023-05-05,1.6322550773620605
sh.601929,2021-07-13,2025-09-12,5.868131637573242
sh.601933,2021-07-13,2024-12-16,2.6555023193359375
sh.601939,2021-07-13,2026-09-02,1.6055877208709717
sh.601949,2021-07-13,2023-06-07,2.851665496826172
sh.601952,2021-08-02,2026-09-08,0.423386812210083
sh.601956,2021-07-13,2025-10-21,1.6606249809265137
sh.601958,2021-07-13,2026-06-22,4.408194065093994
sh.601963,2021-08-16,2026-06-10,1.1789295673370361
sh.601965,2021-07-13,2023-03-06,1.3761157989501953
sh.601966,2021-07-13,2024-04-19,0.4877641201019287
sh.601968,2021-07-13,2026-01-20,0.6041568517684937
sh.601969,2021-07-13,2025-11-17,2.001983880996704
sh.601975,2021-07-13,2026-05-22,2.2402236461639404
sh.601985,2021-07-13,2024-07-25,1.8050003051757812
sh.601988,2021-07-13,2026-09-02,1.9191999435424805
sh.601990,2021-07-13,2024-10-08,0.5331919193267822
sh.601991,2021-07-13,2026-06-02,3.49221134185791
sh.601992,2021-07-13,2026-01-14,0.9015753269195557
sh.601995,2021-07-13,2024-10-08,0.6011474132537842
sh.601996,2021-07-13,2026-05-08,0.9202452898025513
sh.601997,2021-07-13,2025-07-10,0.5958952903747559
sh.601998,2021-08-02,2026-09-15,1.6832771301269531
sh.601999,2021-07-13,2023-12-15,0.8963073492050171
sh.603000,2021-07-13,2023-08-30,3.929563045501709
sh.603001,2021-07-13,2026-06-24,2.8381175994873047
sh.603002,2021-07-13,2026-06-26,6.112911701202393
sh.603004,2024-07-09,2026-02-26,0.7255460023880005
sh.603005,2021-07-13,2026-06-30,2.960446834564209
sh.603006,2021-07-13,2024-04-03,1.8969600200653076
sh.603007,2021-07-13,2025-01-14,8.641519546508789
sh.603008,2021-07-13,2025-12-29,0.8739848136901855
sh.603009,2021-07-13,2025-02-27,11.04847526550293
sh.603010,2021-07-13,2026-07-01,1.3204982280731201
sh.603011,2021-07-13,2026-06-18,7.291404724121094
sh.603012,2021-07-13,2026-08-31,1.6498324871063232
sh.603013,2021-07-13,2025-09-18,2.0747883319854736
sh.603015,2021-07-13,2026-01-12,2.855562925338745
sh.603016,2021-07-13,2026-04-29,3.5975518226623535
sh.603017,2021-07-13,2026-04-01,1.829317331314087
sh.603018,2021-07-13,2023-05-08,0.7717931270599365
sh.603019,2021-07-13,2025-09-25,5.194843769073486
sh.603020,2021-07-13,2026-06-25,1.6696572303771973
sh.603021,2021-07-13,2026-04-15,2.6008403301239014
sh.603022,2021-07-13,2025-06-26,1.289825677871704
sh.603023,2021-07-13,2026-01-23,3.0849671363830566
sh.603025,2021-07-13,2025-10-28,1.6493017673492432
sh.603026,2021-07-13,2026-05-06,3.611260414123535
sh.603027,2021-07-13,2023-05-04,0.9363131523132324
sh.603028,2021-07-13,2026-02-27,1.066666603088379
sh.603029,2021-07-13,2023-02-08,2.3084359169006348
sh.603030,2021-07-13,2025-11-12,1.8978102207183838
sh.603031,2021-07-13,2026-06-03,4.364772796630859
sh.603032,2021-07-13,2023-02-01,4.134660243988037
sh.603033,2021-07-13,2023-10-17,0.9707947969436646
sh.603035,2021-07-13,2023-02-01,1.114553689956665
sh.603036,2021-07-13,2025-10-10,2.6073970794677734
sh.603037,2021-07-13,2026-01-23,3.153029441833496
sh.603038,2021-07-13,2024-10-31,5.171515941619873
sh.603039,2021-07-13,2025-03-07,2.066126823425293
sh.603040,2021-07-13,2026-01-23,9.320134162902832
sh.603041,2021-07-13,2025-08-21,0.9574335813522339
sh.603042,2021-08-02,2026-09-09,2.1917083263397217
sh.603043,2021-07-13,2023-04-28,0.6149660348892212
sh.603045,2021-07-13,2026-06-24,10.170064926147461
sh.603048,2022-05-26,2026-09-01,1.4366347789764404
sh.603050,2021-07-13,2026-05-13,5.591807842254639
sh.603051,2022-09-28,2026-02-06,0.9857122898101807
sh.603052,2023-04-14,2026-05-14,8.304887771606445
sh.603053,2021-07-13,2025-10-20,0.5562165975570679
sh.603055,2021-07-13,2024-10-08,0.7581542730331421
sh.603056,2021-07-13,2025-06-03,1.378204345703125
sh.603057,2023-04-06,2026-03-05,1.6824572086334229
sh.603058,2021-07-13,2026-03-05,1.4956691265106201
sh.603059,2021-07-13,2025-08-06,1.843963623046875
sh.603060,2021-07-13,2024-12-12,0.6063432693481445
sh.603061,2023-09-05,2026-07-01,12.661375045776367
sh.603062,2024-05-17,2026-05-08,1.1718547344207764
sh.603063,2021-07-13,2026-05-27,4.6664276123046875
sh.603065,2023-09-21,2026-07-14,2.5956320762634277
sh.603066,2021-07-13,2024-01-29,1.0756933689117432
sh.603067,2021-07-13,2026-07-01,8.705394744873047
sh.603068,2021-07-13,2025-08-29,1.9751582145690918
sh.603069,2021-07-13,2025-12-26,2.0471413135528564
sh.603070,2022-09-13,2026-06-17,0.8481419086456299
sh.603071,2022-06-28,2026-06-01,0.5222170352935791
sh.603073,2023-09-18,2026-03-10,0.7830287218093872
sh.603075,2024-03-22,2026-05-29,0.835707426071167
sh.603076,2021-07-13,2025-06-09,1.2618508338928223
sh.603077,2021-07-13,2026-03-12,1.0633742809295654
sh.603078,2021-07-13,2026-07-06,4.8823699951171875
sh.603079,2021-07-13,2026-01-21,1.902719259262085
sh.603080,2021-07-13,2026-03-03,1.7167868614196777
sh.603081,2021-07-13,2025-03-25,1.0528085231781006
sh.603082,2024-08-09,2026-09-16,1.0508558750152588
sh.603083,2021-07-13,2026-06-24,28.248659133911133
sh.603085,2021-07-13,2025-02-27,1.7029876708984375
sh.603086,2021-07-13,2025-07-10,2.4769227504730225
sh.603087,2021-07-13,2025-09-25,1.6545674800872803
sh.603088,2021-07-13,2026-04-20,3.3711938858032227
sh.603089,2021-07-13,2025-08-07,1.8204200267791748
sh.603090,2021-07-13,2026-01-22,6.790887832641602
sh.603093,2021-07-13,2025-07-11,2.3614869117736816
sh.603095,2021-07-13,2026-05-07,2.8972811698913574
sh.603096,2021-07-13,2024-12-03,0.8759156465530396
sh.603097,2022-11-15,2026-03-10,1.757300853729248
sh.603098,2021-07-13,2026-03-25,1.712134838104248
sh.603099,2021-07-13,2024-12-16,7.748246192932129
sh.603100,2021-07-13,2023-04-17,2.651719093322754
sh.603101,2021-07-13,2025-09-11,2.264033794403076
sh.603102,2022-08-04,2025-05-19,0.7833806276321411
sh.603103,2021-07-13,2026-02-10,3.438112258911133
sh.603105,2021-07-13,2023-07-11,1.222052812576294
sh.603106,2021-07-13,2024-10-31,2.522193193435669
sh.603107,2024-05-13,2026-07-31,0.1315314769744873
sh.603108,2021-07-13,2023-11-14,2.023113965988159
sh.603109,2021-07-13,2025-08-12,2.5922839641571045
sh.603110,2021-07-13,2026-08-18,2.2605578899383545
sh.603111,2021-07-13,2025-09-17,1.2160301208496094
sh.603112,2021-07-13,2026-05-25,1.899749994277954
sh.603113,2021-07-13,2026-03-13,0.9717804193496704
sh.603115,2021-07-13,2026-06-25,14.310674667358398
sh.603116,2021-07-13,2024-12-12,1.2828404903411865
sh.603117,2021-07-13,2024-11-05,3.2622222900390625
sh.603118,2021-07-13,2026-08-17,2.5542492866516113
sh.603119,2024-02-02,2026-01-23,8.522375106811523
sh.603121,2021-07-13,2026-02-12,3.8884105682373047
sh.603122,2022-08-19,2025-12-18,5.35680627822876
sh.603123,2021-07-13,2025-06-30,2.0831823348999023
sh.603125,2023-10-18,2026-06-30,2.219402551651001
sh.603126,2021-07-13,2026-05-13,1.0432987213134766
sh.603127,2021-07-13,2026-08-18,3.39333438873291
sh.603128,2021-07-13,2025-04-17,0.6129684448242188
sh.603129,2021-07-13,2026-08-19,3.1469197273254395
sh.603130,2023-05-29,2026-01-19,3.329681396484375
sh.603131,2021-07-13,2026-01-12,2.538555860519409
sh.603132,2022-08-25,2026-01-28,1.423769474029541
sh.603135,2023-10-18,2026-06-09,1.0118131637573242
sh.603136,2021-07-13,2023-03-07,1.4984872341156006
sh.603137,2023-10-27,2026-07-15,2.8741509914398193
sh.603138,2021-07-13,2026-03-10,1.5475687980651855
sh.603139,2021-07-13,2026-06-18,3.646453857421875
sh.603150,2022-08-03,2026-06-16,2.7595622539520264
sh.603151,2023-04-24,2025-09-16,2.637056827545166
sh.603153,2023-09-13,2025-08-15,0.45954906940460205
sh.603155,2021-07-13,2026-07-01,2.1737241744995117
sh.603156,2021-07-13,2026-08-19,2.8199515342712402
sh.603158,2021-07-13,2026-06-05,2.1009812355041504
sh.603159,2021-07-13,2026-01-23,2.3107714653015137
sh.603160,2021-07-13,2024-11-11,1.1495881080627441
sh.603161,2021-07-13,2026-09-07,1.889268159866333
sh.603162,2023-10-09,2026-09-10,1.983032464981079
sh.603163,2023-04-18,2026-06-29,6.312808990478516
sh.603165,2021-07-13,2026-05-13,1.6295180320739746
sh.603166,2021-07-13,2025-09-26,4.193113803863525
sh.603167,2021-07-13,2025-11-03,1.0543804168701172
sh.603168,2021-07-13,2023-10-17,1.2112164497375488
sh.603169,2021-07-13,2026-01-12,2.2997543811798096
sh.603170,2023-01-18,2024-12-13,0.6350501775741577
sh.603171,2022-01-04,2026-01-14,3.3612356185913086
sh.603172,2023-11-14,2026-02-03,1.8910088539123535
sh.603173,2023-08-02,2025-10-10,2.6385014057159424
sh.603176,2022-07-13,2025-07-25,1.2994427680969238
sh.603177,2021-07-13,2025-09-01,1.4234673976898193
sh.603178,2021-07-13,2023-12-26,5.49531364440918
sh.603179,2021-07-13,2026-01-19,4.5351996421813965
sh.603180,2021-07-13,2023-03-02,0.8988426923751831
sh.603181,2021-07-13,2025-10-09,1.5805401802062988
sh.603182,2023-03-22,2026-04-09,1.0719337463378906
sh.603183,2021-08-02,2026-09-18,0.8757215738296509
sh.603185,2021-07-13,2025-11-14,2.109452724456787
sh.603186,2021-07-13,2026-06-25,16.019500732421875
sh.603187,2021-07-13,2026-03-06,1.0049009323120117
sh.603188,2021-07-13,2026-02-11,1.9950981140136719
sh.603189,2021-07-13,2025-10-31,1.905177116394043
sh.603190,2023-08-22,2026-01-19,0.6076387166976929
sh.603191,2022-11-04,2026-03-09,1.6846115589141846
sh.603192,2021-07-13,2025-10-28,2.3456733226776123
sh.603193,2024-04-23,2026-05-06,0.6841572523117065
sh.603195,2021-07-13,2024-05-13,0.6542012691497803
sh.603196,2021-07-13,2026-04-24,5.706080913543701
sh.603197,2021-07-13,2023-11-01,1.5421528816223145
sh.603198,2021-07-13,2023-09-04,1.3991682529449463
sh.603199,2021-07-13,2026-02-06,1.5059328079223633
sh.603200,2021-07-13,2025-09-09,8.068324089050293
sh.603201,2023-02-08,2026-06-23,1.0799400806427002
sh.603203,2021-07-13,2026-06-29,5.724061489105225
sh.603206,2022-11-09,2025-03-13,1.1831111907958984
sh.603207,2025-03-10,2026-09-18,0.12372088432312012
sh.603208,2021-07-13,2023-02-22,1.193666934967041
sh.603209,2022-09-27,2025-06-23,0.6284666061401367
sh.603211,2023-02-02,2026-07-06,2.2733254432678223
sh.603212,2021-07-13,2026-02-04,1.0354769229888916
sh.603213,2022-05-23,2025-08-19,1.3119192123413086
sh.603214,2021-07-13,2025-04-16,1.628711223602295
sh.603215,2022-08-23,2025-10-10,1.122469425201416
sh.603216,2022-06-27,2026-01-21,6.687138080596924
sh.603217,2021-07-13,2026-05-15,1.8134996891021729
sh.603218,2021-07-13,2026-03-13,1.0483980178833008
sh.603219,2022-06-01,2025-08-27,1.668656587600708
sh.603220,2021-07-13,2023-11-20,4.14879035949707
sh.603221,2021-07-13,2026-09-02,4.388066291809082
sh.603222,2021-07-13,2025-09-11,1.789682388305664
sh.603223,2021-07-13,2026-07-06,1.3878114223480225
sh.603225,2021-07-13,2026-03-02,1.8684241771697998
sh.603226,2021-07-13,2026-06-16,19.0440673828125
sh.603227,2021-07-13,2026-04-10,1.1919784545898438
sh.603228,2021-08-02,2026-09-11,6.365085124969482
sh.603229,2021-07-13,2025-08-01,1.0939130783081055
sh.603230,2022-07-06,2025-08-28,0.6881637573242188
sh.603231,2024-06-27,2026-02-05,0.44975054264068604
sh.603232,2021-07-13,2026-02-09,2.493710517883301
sh.603233,2021-07-13,2023-02-20,0.9824438095092773
sh.603235,2023-01-13,2025-08-22,0.562644362449646
sh.603236,2021-07-13,2025-08-28,2.6819093227386475
sh.603237,2023-03-13,2025-04-21,0.5493741035461426
sh.603238,2021-07-13,2025-08-29,1.7430613040924072
sh.603239,2021-07-13,2026-01-22,2.067909002304077
sh.603255,2023-02-28,2025-09-12,0.8785579204559326
sh.603256,2021-07-13,2026-06-26,61.027198791503906
sh.603258,2021-07-13,2023-04-25,1.9782252311706543
sh.603259,2021-07-13,2026-08-20,3.7421388626098633
sh.603260,2021-07-13,2025-11-19,0.5350489616394043
sh.603261,2022-09-16,2026-09-14,3.2457103729248047
sh.603266,2021-07-13,2023-11-07,3.627533435821533
sh.603267,2021-07-13,2026-06-25,1.9070510864257812
sh.603268,2021-08-02,2026-09-18,17.358339309692383
sh.603269,2021-07-13,2026-09-03,10.763456344604492
sh.603270,2024-03-14,2026-09-18,1.3809568881988525
sh.603272,2022-11-23,2026-06-02,4.9643988609313965
sh.603273,2024-04-29,2025-12-31,0.4359234571456909
sh.603275,2024-03-05,2025-09-17,1.3689825534820557
sh.603276,2024-04-09,2025-11-13,0.6334933042526245
sh.603277,2021-07-13,2024-05-15,1.393235206604004
sh.603278,2021-07-13,2026-01-12,2.5439999103546143
sh.603279,2021-07-13,2023-07-12,0.9981364011764526
sh.603280,2023-05-17,2025-08-04,2.9514734745025635
sh.603281,2023-08-03,2026-06-26,1.1889359951019287
sh.603282,2023-09-15,2026-02-27,0.894736647605896
sh.603283,2021-07-13,2026-06-30,9.625310897827148
sh.603285,2025-01-09,2026-09-14,0.9623895883560181
sh.603286,2021-07-13,2026-01-20,5.531841278076172
sh.603288,2021-07-13,2024-10-08,0.5657821893692017
sh.603289,2021-07-13,2026-05-11,1.081918478012085
sh.603290,2021-07-13,2026-06-30,1.3041081428527832
sh.603291,2023-09-27,2025-05-13,0.4597574472427368
sh.603296,2024-02-19,2026-07-23,2.008934497833252
sh.603297,2021-07-13,2026-05-20,2.066622018814087
sh.603298,2021-07-13,2026-02-25,2.8126187324523926
sh.603299,2021-07-13,2026-03-12,0.944212794303894
sh.603300,2021-07-13,2025-03-07,2.2619283199310303
sh.603301,2021-07-13,2026-04-01,5.271594524383545
sh.603303,2021-07-13,2026-06-15,3.22467041015625
sh.603305,2021-07-13,2026-01-23,1.6236286163330078
sh.603306,2021-07-13,2026-05-26,6.7121782302856445
sh.603307,2023-08-21,2025-11-04,0.8586670160293579
sh.603308,2021-07-13,2026-04-23,8.400588989257812
sh.603309,2021-07-13,2023-02-02,1.0233163833618164
sh.603310,2025-02-26,2026-09-11,0.055397748947143555
sh.603311,2021-07-13,2026-06-05,5.292297840118408
sh.603312,2024-07-23,2026-03-11,0.9926077127456665
sh.603313,2021-07-13,2026-01-21,0.9816696643829346
sh.603315,2021-07-13,2026-05-13,1.633599042892456
sh.603316,2021-07-13,2026-05-21,7.1343278884887695
sh.603317,2021-07-13,2026-04-29,1.1214957237243652
sh.603318,2021-07-13,2026-04-29,1.7214367389678955
sh.603319,2021-07-13,2025-09-17,4.658816814422607
sh.603320,2021-07-13,2026-05-12,2.296921491622925
sh.603321,2021-07-13,2025-08-08,0.9977563619613647
sh.603322,2021-07-13,2025-10-09,6.165024280548096
sh.603323,2021-07-13,2025-06-18,0.7109637260437012
sh.603324,2021-10-15,2026-07-01,2.4311141967773438
sh.603325,2024-07-22,2026-02-26,0.7567688226699829
sh.603326,2021-07-13,2023-09-06,1.4962127208709717
sh.603327,2021-07-13,2025-12-09,2.0868277549743652
sh.603328,2021-07-13,2026-06-18,2.107128858566284
sh.603329,2021-07-13,2024-01-26,0.7317527532577515
sh.603330,2021-07-13,2026-08-17,1.7011494636535645
sh.603331,2021-07-13,2026-02-24,1.7004032135009766
sh.603332,2021-07-13,2025-05-28,2.6835248470306396
sh.603333,2021-07-13,2026-09-02,2.5717923641204834
sh.603335,2021-07-13,2026-07-01,1.673410415649414
sh.603336,2021-07-13,2026-05-18,3.587188720703125
sh.603337,2021-07-13,2025-08-15,2.410670042037964
sh.603338,2021-07-13,2024-05-13,1.2537729740142822
sh.603339,2021-07-13,2025-08-26,1.379582166671753
sh.603341,2024-09-03,2026-06-26,0.2662076950073242
sh.603344,2024-09-24,2026-06-02,0.7516133785247803
sh.603345,2021-07-13,2026-04-29,0.7004721164703369
sh.603348,2021-07-13,2023-02-02,1.5350840091705322
sh.603350,2025-01-07,2026-08-18,0.11410951614379883
sh.603351,2021-07-13,2025-08-11,0.9902278184890747
sh.603353,2021-07-13,2026-05-28,4.400998592376709
sh.603355,2021-07-13,2026-01-22,1.373115062713623
sh.603356,2021-07-13,2026-03-10,1.3678414821624756
sh.603357,2021-07-13,2023-05-10,1.1180908679962158
sh.603358,2021-07-13,2026-01-12,3.226907730102539
sh.603359,2021-07-13,2025-09-12,2.452012538909912
sh.603360,2021-07-13,2026-01-21,9.217545509338379
sh.603363,2021-07-13,2024-03-21,1.329545497894287
sh.603365,2021-07-13,2026-04-24,1.229734182357788
sh.603366,2021-07-13,2024-11-29,5.482142925262451
sh.603367,2021-07-13,2025-08-19,2.4816315174102783
sh.603368,2021-07-13,2023-04-19,0.9245235919952393
sh.603369,2021-07-13,2023-04-04,0.7750134468078613
sh.603373,2024-07-02,2026-09-01,1.5061454772949219
sh.603375,2024-08-05,2026-05-25,0.8094911575317383
sh.603377,2021-07-13,2025-11-13,3.999999523162842
sh.603378,2021-07-13,2025-10-30,1.0823237895965576
sh.603379,2021-07-13,2026-07-01,4.091320991516113
sh.603380,2021-07-13,2025-09-18,2.705634117126465
sh.603381,2024-12-30,2026-08-25,0.17747962474822998
sh.603383,2021-07-13,2023-08-07,2.563490629196167
sh.603385,2021-07-13,2024-12-12,0.6732891798019409
sh.603386,2021-07-13,2026-06-26,1.4542322158813477
sh.603387,2021-07-13,2026-04-02,0.5753268003463745
sh.603389,2021-07-13,2026-05-15,19.09482765197754
sh.603390,2021-07-13,2025-05-30,2.3571958541870117
sh.603391,2025-02-12,2026-09-01,1.0480096340179443
sh.603392,2021-07-13,2024-01-08,1.1255803108215332
sh.603393,2021-07-13,2026-03-12,1.6823217868804932
sh.603396,2021-07-13,2026-02-04,1.361863613128662
sh.603398,2021-07-13,2024-11-13,2.9569265842437744
sh.603399,2021-07-13,2026-05-11,3.8515191078186035
sh.603408,2021-07-13,2024-05-15,0.8314013481140137
sh.603416,2021-07-13,2025-05-13,2.0819180011749268
sh.603421,2021-07-13,2026-03-24,1.6895675659179688
sh.603429,2021-07-13,2025-09-29,3.014409065246582
sh.603439,2021-07-13,2023-04-27,0.8824073076248169
sh.603444,2021-07-13,2025-09-25,3.527149200439453
sh.603456,2021-07-13,2025-11-17,0.8866615295410156
sh.603458,2021-07-13,2026-06-29,2.544419050216675
sh.603466,2021-07-13,2026-08-13,1.1305015087127686
sh.603477,2021-07-13,2023-12-11,2.874840259552002
sh.603486,2021-07-13,2025-09-30,2.8240294456481934
sh.603488,2021-07-13,2026-06-17,1.2948970794677734
sh.603489,2021-07-13,2026-05-12,1.5129868984222412
sh.603496,2021-07-13,2023-11-17,5.6306962966918945
sh.603499,2021-07-13,2024-12-12,5.389580726623535
sh.603500,2021-07-13,2026-06-18,1.718200922012329
sh.603501,2021-07-13,2025-02-21,1.2129697799682617
sh.603505,2021-07-13,2024-05-07,2.0754776000976562
sh.603506,2021-07-13,2025-09-16,1.4510762691497803
sh.603507,2021-07-13,2026-04-29,2.59682559967041
sh.603508,2021-07-13,2025-09-01,2.7019360065460205
sh.603511,2021-12-03,2025-07-25,1.0103986263275146
sh.603515,2021-07-13,2026-05-06,0.6861010789871216
sh.603516,2021-07-13,2026-01-13,26.11136817932129
sh.603517,2021-07-13,2024-12-12,0.8672361373901367
sh.603518,2021-07-13,2025-06-05,1.3802096843719482
sh.603519,2021-07-13,2026-07-20,1.7803010940551758
sh.603520,2021-07-13,2026-05-20,0.8863017559051514
sh.603527,2021-07-13,2026-06-16,1.365079641342163
sh.603528,2021-07-13,2023-11-17,1.9171099662780762
sh.603529,2021-12-17,2025-04-02,2.0696308612823486
sh.603530,2021-07-13,2026-03-05,7.058575630187988
sh.603533,2021-07-13,2026-02-13,1.9737722873687744
sh.603535,2021-07-13,2025-08-15,1.3525159358978271
sh.603536,2021-07-13,2023-12-05,2.048092842102051
sh.603538,2021-07-13,2026-05-06,5.859921455383301
sh.603551,2021-07-13,2026-03-13,1.3291337490081787
sh.603556,2021-07-13,2024-05-14,4.425390720367432
sh.603557,2021-07-13,2026-05-13,2.85496187210083
sh.603558,2021-07-13,2026-03-25,1.3262510299682617
sh.603559,2021-07-13,2026-09-01,3.556382179260254
sh.603565,2021-07-13,2026-08-24,1.459512710571289
sh.603566,2021-07-13,2023-02-10,0.8527320623397827
sh.603567,2021-07-13,2026-08-07,0.6542056798934937
sh.603568,2021-07-13,2026-03-02,1.0126323699951172
sh.603569,2021-07-13,2023-08-18,1.7017829418182373
sh.603577,2021-07-13,2026-03-10,1.243537187576294
sh.603578,2021-07-13,2023-09-05,0.761980414390564
sh.603579,2021-07-13,2025-08-13,2.951890707015991
sh.603580,2021-07-13,2026-08-31,10.614859580993652
sh.603583,2021-07-13,2025-03-12,2.854649543762207
sh.603585,2021-07-13,2026-04-14,1.835660457611084
sh.603586,2021-07-13,2025-08-21,1.4940111637115479
sh.603587,2021-07-13,2024-12-16,0.5068492889404297
sh.603588,2021-07-13,2026-07-03,4.066707134246826
sh.603589,2021-07-13,2023-03-07,0.8370370864868164
sh.603590,2021-07-13,2025-07-31,2.2888529300689697
sh.603595,2021-07-13,2023-02-02,2.2968459129333496
sh.603596,2021-07-13,2023-07-11,1.6969506740570068
sh.603598,2021-07-13,2026-01-14,3.302788734436035
sh.603599,2021-07-13,2023-03-02,0.7587745189666748
sh.603600,2021-07-13,2025-12-03,1.1001248359680176
sh.603601,2021-07-13,2026-05-28,8.95789623260498
sh.603602,2021-07-13,2025-03-07,1.4577012062072754
sh.603605,2021-07-13,2023-02-17,0.7480155229568481
sh.603606,2021-07-13,2025-10-09,2.3576231002807617
sh.603607,2021-07-13,2025-05-29,2.593217611312866
sh.603608,2021-07-13,2026-06-16,11.981900215148926
sh.603609,2021-07-13,2023-03-06,0.65116286277771
sh.603610,2021-07-13,2025-11-14,1.811173915863037
sh.603611,2021-07-13,2025-08-19,1.598437786102295
sh.603612,2021-07-13,2026-03-02,2.8116700649261475
sh.603613,2021-07-13,2025-09-16,1.1504404544830322
sh.603615,2021-07-13,2025-09-15,3.647477626800537
sh.603616,2021-07-13,2026-02-09,2.402984857559204
sh.603617,2021-07-13,2025-08-15,1.1172285079956055
sh.603618,2021-07-13,2026-06-25,14.582207679748535
sh.603619,2021-07-13,2026-03-04,4.951423645019531
sh.603626,2021-07-13,2026-05-22,5.558091640472412
sh.603628,2021-07-13,2024-01-18,2.3664777278900146
sh.603629,2021-07-13,2026-05-29,29.263832092285156
sh.603630,2021-07-13,2025-09-04,2.457859992980957
sh.603633,2021-07-13,2025-09-22,1.3592181205749512
sh.603636,2021-07-13,2025-02-14,1.509615421295166
sh.603637,2021-07-13,2026-06-01,3.4661340713500977
sh.603638,2021-07-13,2026-07-03,1.101438045501709
sh.603639,2021-07-13,2023-02-28,0.7934842109680176
sh.603648,2021-07-13,2024-01-29,0.9512146711349487
sh.603650,2021-07-13,2026-06-30,3.9552016258239746
sh.603655,2021-07-13,2026-04-27,3.7978711128234863
sh.603656,2021-07-13,2024-10-31,2.102764844894409
sh.603657,2021-07-13,2025-08-25,4.727945327758789
sh.603658,2021-07-13,2023-02-08,0.7332267761230469
sh.603659,2021-07-13,2026-04-29,2.6363375186920166
sh.603660,2021-07-13,2026-05-13,2.0685842037200928
sh.603661,2021-07-13,2024-01-22,1.4007079601287842
sh.603662,2021-07-13,2025-02-27,6.469324111938477
sh.603663,2021-07-13,2026-06-24,15.723644256591797
sh.603665,2021-07-13,2026-02-09,2.5188510417938232
sh.603666,2021-07-13,2025-03-06,2.060722589492798
sh.603667,2021-07-13,2026-02-10,9.39832592010498
sh.603668,2021-07-13,2025-12-10,2.068439483642578
sh.603669,2021-07-13,2024-12-10,1.6636085510253906
sh.603676,2021-07-13,2023-03-01,1.3715417385101318
sh.603677,2021-07-13,2025-03-20,2.7741098403930664
sh.603678,2021-07-13,2026-07-01,4.1908860206604
sh.603679,2021-08-02,2026-09-08,2.5253212451934814
sh.603680,2021-07-13,2026-01-12,2.2055416107177734
sh.603681,2021-07-13,2026-06-15,1.8084235191345215
sh.603682,2021-07-13,2026-08-13,3.3943710327148438
sh.603683,2021-07-13,2025-09-23,4.75108528137207
sh.603685,2021-07-13,2026-05-26,3.123532295227051
sh.603686,2021-07-13,2025-11-11,4.006221294403076
sh.603687,2021-07-13,2026-07-01,2.7548892498016357
sh.603688,2021-07-13,2026-06-26,4.742828369140625
sh.603689,2021-07-13,2026-03-03,0.7107870578765869
sh.603690,2021-07-13,2025-10-14,1.324296474456787
sh.603693,2021-07-13,2026-05-27,1.3027293682098389
sh.603696,2021-07-13,2025-12-24,3.558745861053467
sh.603697,2021-07-13,2025-06-04,2.0837578773498535
sh.603698,2021-07-13,2026-01-12,3.7816224098205566
sh.603699,2021-07-13,2026-05-07,9.865548133850098
sh.603700,2021-07-13,2025-03-06,0.81507408618927
sh.603701,2021-07-13,2026-05-12,2.6195566654205322
sh.603703,2021-07-13,2026-01-12,1.3682479858398438
sh.603706,2021-07-13,2025-08-12,1.4510200023651123
sh.603707,2021-07-13,2024-10-18,0.4588785171508789
sh.603708,2021-07-13,2024-12-12,0.8954479694366455
sh.603709,2021-07-13,2025-12-12,2.321392297744751
sh.603711,2021-07-13,2023-05-05,1.2171428203582764
sh.603712,2021-07-13,2025-08-07,0.8014234304428101
sh.603713,2021-07-13,2026-07-07,1.267040729522705
sh.603716,2021-07-13,2025-08-26,5.920151710510254
sh.603717,2021-07-13,2024-12-12,1.3319413661956787
sh.603718,2021-07-13,2024-11-12,0.49657535552978516
sh.603719,2021-07-13,2024-12-12,0.8431607484817505
sh.603721,2021-07-13,2024-03-28,3.2222986221313477
sh.603722,2021-07-13,2025-08-29,0.9515920877456665
sh.603725,2021-07-13,2026-07-06,2.7062339782714844
sh.603726,2021-07-13,2026-07-03,3.4817843437194824
sh.603727,2021-07-13,2026-03-03,1.3910956382751465
sh.603728,2021-07-13,2025-02-21,6.470287322998047
sh.603729,2021-07-13,2023-12-26,3.4536490440368652
sh.603730,2021-07-13,2026-06-16,3.982985019683838
sh.603733,2021-07-13,2026-06-16,1.5773911476135254
sh.603737,2021-07-13,2026-01-29,2.1076338291168213
sh.603738,2021-07-13,2026-07-01,5.845890998840332
sh.603739,2021-07-13,2024-05-10,1.4969398975372314
sh.603755,2021-07-13,2025-11-03,1.6487998962402344
sh.603757,2021-07-13,2026-07-16,6.318593502044678
sh.603758,2021-07-13,2025-12-10,2.8019511699676514
sh.603759,2021-09-29,2025-11-07,1.933823585510254
sh.603766,2021-07-13,2026-02-24,4.491152763366699
sh.603767,2021-07-13,2025-08-26,5.3932366371154785
sh.603768,2021-07-13,2023-10-26,1.1445612907409668
sh.603773,2021-07-13,2026-06-26,17.93443489074707
sh.603776,2021-07-13,2025-03-21,2.1647722721099854
sh.603777,2021-07-13,2025-01-16,2.063511848449707
sh.603778,2021-07-13,2026-04-13,11.879378318786621
sh.603779,2021-07-13,2026-05-21,1.6245291233062744
sh.603786,2021-07-13,2025-09-29,2.132960081100464
sh.603787,2021-07-13,2026-03-31,1.2973272800445557
sh.603788,2021-07-13,2025-03-17,1.53041410446167
sh.603789,2021-07-13,2023-12-21,1.107558250427246
sh.603790,2021-07-13,2026-05-22,3.5668387413024902
sh.603797,2021-07-13,2026-03-10,0.7549668550491333
sh.603798,2021-07-13,2026-05-12,2.2256455421447754
sh.603799,2021-07-13,2026-01-28,2.8781607151031494
sh.603800,2021-07-13,2026-06-26,7.762203216552734
sh.603801,2021-07-13,2023-09-04,1.1871387958526611
sh.603803,2021-07-13,2026-05-13,3.042253017425537
sh.603806,2021-07-13,2026-02-04,0.7100789546966553
sh.603808,2021-07-13,2026-04-09,0.9605849981307983
sh.603809,2021-07-13,2025-09-17,3.750169277191162
sh.603810,2021-07-13,2025-11-10,1.5154364109039307
sh.603811,2021-07-13,2025-08-19,1.8719959259033203
sh.603813,2021-07-13,2026-01-14,4.727574825286865
sh.603815,2021-07-13,2025-11-07,1.869950532913208
sh.603816,2021-07-13,2026-02-11,0.7895808219909668
sh.603817,2021-07-13,2026-03-19,1.2250239849090576
sh.603818,2021-07-13,2025-07-03,1.5805778503417969
sh.603819,2021-07-13,2026-09-07,1.2176928520202637
sh.603822,2021-07-13,2026-01-09,6.605985164642334
sh.603823,2021-07-13,2026-08-20,13.790925979614258
sh.603825,2021-07-13,2024-12-10,1.656069278717041
sh.603826,2021-07-13,2026-05-13,1.3609023094177246
sh.603828,2021-07-13,2026-01-14,6.185184955596924
sh.603829,2021-07-13,2025-12-12,3.01871395111084
sh.603833,2021-07-13,2024-12-12,0.9340089559555054
sh.603836,2021-11-30,2025-11-13,0.724047064781189
sh.603838,2021-08-02,2026-09-18,2.7677595615386963
sh.603839,2021-07-13,2025-09-05,1.9122633934020996
sh.603843,2021-07-13,2026-04-03,4.480226039886475
sh.603848,2021-07-13,2025-09-16,2.166029214859009
sh.603855,2021-07-13,2023-03-17,0.7974789142608643
sh.603856,2021-07-13,2026-03-12,0.6269068717956543
sh.603858,2021-07-13,2025-08-28,0.43102216720581055
sh.603859,2021-07-13,2026-01-14,3.2979202270507812
sh.603860,2021-07-13,2023-03-20,1.314605951309204
sh.603861,2021-07-13,2026-03-04,2.294783592224121
sh.603863,2021-07-13,2024-03-22,5.5724639892578125
sh.603866,2021-07-13,2024-12-12,0.6515899896621704
sh.603867,2021-07-13,2026-05-22,1.2709918022155762
sh.603868,2021-07-13,2023-02-23,1.4335479736328125
sh.603869,2021-07-13,2025-12-09,1.6306982040405273
sh.603871,2021-07-13,2026-03-12,3.5352225303649902
sh.603876,2021-07-13,2026-05-06,3.2654595375061035
sh.603877,2021-07-13,2023-05-11,0.7512787580490112
sh.603878,2021-07-13,2025-10-15,2.5840094089508057
sh.603879,2021-07-13,2025-07-22,3.0104165077209473
sh.603880,2021-07-13,2026-09-07,2.2373416423797607
sh.603881,2021-07-13,2026-02-12,3.944009304046631
sh.603882,2021-07-13,2025-03-06,0.6522643566131592
sh.603883,2021-07-13,2025-06-16,0.9141097068786621
sh.603885,2021-07-13,2023-04-10,0.8250459432601929
sh.603886,2021-07-13,2023-03-24,0.5219151973724365
sh.603887,2021-07-13,2025-03-11,4.8987345695495605
sh.603888,2021-07-13,2023-04-13,1.8980367183685303
sh.603889,2021-07-13,2026-01-22,2.0262274742126465
sh.603890,2021-07-13,2026-06-03,4.230086326599121
sh.603893,2021-07-13,2025-08-29,4.835381984710693
sh.603895,2021-07-13,2026-05-20,2.014925479888916
sh.603896,2021-07-13,2023-03-15,0.9255212545394897
sh.603897,2021-07-13,2026-05-18,3.9965434074401855
sh.603898,2021-07-13,2026-01-29,1.6609244346618652
sh.603899,2021-07-13,2024-10-08,0.44264233112335205
sh.603900,2021-07-13,2025-05-27,2.902282953262329
sh.603901,2021-07-13,2026-01-21,1.8836686611175537
sh.603903,2021-07-13,2025-12-01,2.2220146656036377
sh.603906,2021-07-13,2026-05-06,4.274725437164307
sh.603908,2021-07-13,2023-03-02,2.7234721183776855
sh.603909,2021-07-13,2025-12-08,1.1166479587554932
sh.603912,2021-07-13,2026-05-13,1.2437427043914795
sh.603915,2021-07-13,2025-02-27,1.7662861347198486
sh.603916,2021-07-13,2026-05-20,1.7511770725250244
sh.603917,2021-07-13,2023-02-23,2.811986207962036
sh.603918,2021-07-13,2023-06-19,4.9559173583984375
sh.603919,2021-07-13,2026-02-03,0.6359759569168091
sh.603920,2021-07-13,2026-02-04,5.705833435058594
sh.603922,2021-07-13,2024-11-07,1.706791877746582
sh.603926,2021-07-13,2026-02-04,3.1516880989074707
sh.603927,2021-07-13,2023-04-25,1.2085902690887451
sh.603928,2021-07-13,2026-07-10,3.4853062629699707
sh.603929,2021-07-13,2026-06-29,33.041908264160156
sh.603931,2021-07-13,2026-06-01,3.4577603340148926
sh.603933,2021-07-13,2025-12-08,3.096527576446533
sh.603936,2021-07-13,2026-06-18,3.9039053916931152
sh.603937,2021-07-13,2026-05-08,1.8069627285003662
sh.603938,2021-07-13,2026-06-26,7.037125587463379
sh.603939,2021-07-13,2024-05-09,1.0289199352264404
sh.603948,2021-07-13,2025-11-14,1.5134894847869873
sh.603949,2021-07-13,2025-03-31,2.1131465435028076
sh.603950,2021-07-13,2026-07-06,9.428728103637695
sh.603955,2021-07-13,2025-08-14,5.255335330963135
sh.603956,2021-07-13,2025-02-25,1.5821597576141357
sh.603958,2021-07-13,2026-04-22,4.345167636871338
sh.603959,2021-07-13,2025-11-18,4.693430423736572
sh.603960,2021-07-13,2024-03-06,2.6822509765625
sh.603966,2021-07-13,2026-05-08,1.6264326572418213
sh.603967,2021-07-13,2026-04-24,1.3165647983551025
sh.603968,2021-07-13,2026-02-24,1.0556228160858154
sh.603969,2021-07-13,2026-01-12,2.275238037109375
sh.603970,2021-07-13,2023-06-15,0.6231412887573242
sh.603976,2021-07-13,2026-09-04,2.24927020072937
sh.603977,2021-07-13,2026-03-27,1.3664228916168213
sh.603978,2021-07-13,2025-11-13,3.7549262046813965
sh.603979,2021-07-13,2026-01-29,4.057957649230957
sh.603980,2021-08-02,2026-09-18,2.17643404006958
sh.603982,2021-07-13,2023-02-09,0.6717802286148071
sh.603983,2021-07-13,2025-05-20,1.9200754165649414
sh.603985,2021-07-13,2023-11-07,3.3335013389587402
sh.603986,2021-07-13,2026-06-29,13.564823150634766
sh.603987,2021-07-13,2025-09-08,0.698835015296936
sh.603988,2021-07-13,2026-01-28,5.198246479034424
sh.603989,2021-07-13,2026-06-26,4.0319952964782715
sh.603990,2021-07-13,2026-08-12,2.5379114151000977
sh.603991,2021-08-02,2026-09-16,6.27220344543457
sh.603992,2021-07-13,2026-01-15,2.825806140899658
sh.603993,2021-07-13,2026-01-29,5.932767391204834
sh.603995,2021-07-13,2026-08-18,1.1062276363372803
sh.603997,2021-07-13,2023-02-02,1.7585089206695557
sh.603998,2021-07-13,2023-05-29,2.051485776901245
sh.603999,2021-07-13,2026-02-10,1.137444019317627
sh.605001,2021-07-13,2024-12-24,1.3219947814941406
sh.605003,2021-07-13,2026-03-02,1.9253721237182617
sh.605005,2021-07-28,2025-06-04,0.9499704837799072
sh.605006,2021-07-13,2026-06-17,5.598984718322754
sh.605007,2021-07-13,2026-03-11,0.8242216110229492
sh.605008,2021-07-13,2025-10-31,1.2286667823791504
sh.605009,2021-07-13,2025-06-04,1.3362491130828857
sh.605011,2022-01-04,2023-08-03,1.4131879806518555
sh.605016,2021-10-29,2026-05-13,2.771421194076538
sh.605018,2021-07-13,2026-06-09,2.160233497619629
sh.605020,2022-01-13,2026-07-02,2.8494176864624023
sh.605028,2022-01-14,2026-01-09,2.2558107376098633
sh.605033,2022-03-30,2026-02-24,2.196094274520874
sh.605050,2021-07-13,2025-09-16,1.9466798305511475
sh.605055,2021-08-09,2026-05-28,3.147482395172119
sh.605056,2022-01-24,2026-04-09,2.285440444946289
sh.605058,2021-08-02,2026-09-17,3.061519145965576
sh.605060,2021-08-31,2026-02-26,5.364865303039551
sh.605066,2021-07-13,2025-03-05,1.4446132183074951
sh.605068,2021-07-13,2025-09-19,2.0913121700286865
sh.605069,2022-02-25,2026-06-30,2.2440946102142334
sh.605077,2021-08-18,2025-08-26,0.7152564525604248
sh.605080,2021-11-10,2025-03-28,1.499626636505127
sh.605081,2021-08-18,2024-07-31,0.896592378616333
sh.605086,2021-10-26,2026-01-09,3.7683115005493164
sh.605088,2021-07-13,2025-07-28,3.2768588066101074
sh.605089,2021-11-04,2026-01-26,0.9703795909881592
sh.605090,2021-11-29,2026-01-22,2.281588077545166
sh.605098,2021-10-29,2026-04-23,2.7092604637145996
sh.605099,2021-07-13,2026-05-15,2.5005943775177
sh.605100,2021-07-13,2026-06-23,5.202339172363281
sh.605108,2021-07-13,2023-04-10,1.6303982734680176
sh.605111,2021-07-13,2026-06-30,4.232718467712402
sh.605116,2021-07-13,2026-01-16,1.9249167442321777
sh.605117,2021-10-28,2026-05-27,5.601305961608887
sh.605118,2021-07-13,2026-04-29,4.064213275909424
sh.605122,2021-09-09,2025-07-11,1.1877882480621338
sh.605123,2021-07-13,2026-01-12,1.9336485862731934
sh.605128,2021-07-13,2025-09-22,4.001725673675537
sh.605133,2021-08-26,2025-09-17,3.6455092430114746
sh.605136,2021-07-13,2025-05-29,2.0355515480041504
sh.605138,2022-05-06,2025-09-01,1.0370337963104248
sh.605151,2021-07-13,2026-02-02,1.019930124282837
sh.605155,2021-07-13,2026-01-30,2.122892141342163
sh.605158,2021-07-13,2024-12-30,1.525554895401001
sh.605162,2022-01-11,2026-04-08,2.1692214012145996
sh.605166,2021-07-13,2025-02-26,1.0552456378936768
sh.605167,2022-01-28,2026-05-11,2.0637149810791016
sh.605168,2021-07-13,2026-05-22,1.8912713527679443
sh.605169,2021-07-13,2025-08-13,2.0987389087677
sh.605177,2021-07-13,2024-05-09,0.8069620132446289
sh.605178,2021-07-13,2026-07-03,10.445185661315918
sh.605179,2021-07-13,2026-08-18,3.6959891319274902
sh.605180,2021-11-09,2024-04-02,2.378048896789551
sh.605183,2021-07-13,2026-03-13,1.354325532913208
sh.605186,2021-07-13,2023-06-21,1.4634208679199219
sh.605188,2021-07-13,2025-11-13,4.4361066818237305
sh.605189,2021-12-02,2026-05-11,1.5907948017120361
sh.605196,2021-11-15,2026-03-12,7.949954032897949
sh.605198,2021-08-02,2026-09-18,4.907628536224365
sh.605199,2021-07-13,2024-12-04,1.7258937358856201
sh.605208,2021-09-07,2026-07-14,2.974156618118286
sh.605218,2021-07-13,2023-12-05,2.7326769828796387
sh.605222,2021-07-13,2026-05-13,2.0085842609405518
sh.605228,2021-07-29,2025-09-17,2.037966728210449
sh.605255,2021-07-13,2025-12-30,22.13152503967285
sh.605258,2021-07-13,2024-06-12,2.0287394523620605
sh.605259,2021-12-17,2025-08-21,1.6658339500427246
sh.605266,2021-07-13,2023-02-20,1.358201026916504
sh.605268,2021-08-26,2026-03-10,1.7952477931976318
sh.605277,2021-07-15,2025-07-30,2.731539011001587
sh.605286,2021-09-23,2026-03-19,2.1481666564941406
sh.605287,2022-01-10,2026-02-12,5.649555683135986
sh.605288,2021-07-13,2026-02-11,4.364595890045166
sh.605289,2021-11-03,2026-07-01,13.801575660705566
sh.605296,2021-12-02,2024-05-20,1.4084582328796387
sh.605298,2021-08-31,2026-04-27,9.815656661987305
sh.605299,2021-07-13,2026-05-08,3.7177000045776367
sh.605300,2021-11-09,2023-07-11,0.8918381929397583
sh.605303,2021-08-31,2026-05-25,4.903944969177246
sh.605305,2021-11-10,2026-01-23,1.5308549404144287
sh.605318,2021-07-13,2026-06-15,10.437357902526855
sh.605319,2021-12-10,2026-04-15,2.9117770195007324
sh.605333,2021-07-13,2025-09-23,2.373013973236084
sh.605336,2021-07-13,2025-07-14,1.3985793590545654
sh.605337,2021-08-17,2025-06-04,0.95979905128479
sh.605338,2021-07-13,2026-01-20,1.7912368774414062
sh.605339,2021-11-22,2025-12-16,0.5900895595550537
sh.605358,2021-07-13,2026-07-01,3.454087734222412
sh.605365,2022-01-24,2026-04-23,1.6748785972595215
sh.605366,2021-07-13,2026-06-26,1.9649481773376465
sh.605368,2021-08-09,2024-08-22,1.0257039070129395
sh.605369,2021-07-13,2024-05-07,0.48548293113708496
sh.605376,2021-07-13,2026-06-29,16.74483871459961
sh.605377,2021-07-13,2024-05-20,0.902687668800354
sh.605378,2021-10-20,2025-09-22,3.439743995666504
sh.605388,2021-07-13,2025-06-09,1.7637615203857422
sh.605389,2021-09-23,2026-07-01,6.888386249542236
sh.605398,2021-07-30,2025-02-13,4.177654266357422
sh.605399,2021-07-13,2023-02-13,1.5337679386138916
sh.605488,2021-11-17,2026-01-23,6.825528144836426
sh.605499,2021-12-01,2025-06-12,2.946808338165283
sh.605500,2021-07-13,2025-07-17,1.810720682144165
sh.605507,2022-02-11,2026-03-13,1.274456262588501
sh.605555,2022-04-27,2025-02-21,1.2665231227874756
sh.605566,2022-04-29,2026-06-22,3.006502151489258
sh.605567,2022-04-19,2026-02-09,0.7013872861862183
sh.605577,2022-03-07,2023-12-14,2.579845666885376
sh.605580,2022-03-02,2025-11-11,6.057689189910889
sh.605588,2022-02-23,2023-10-10,1.9410874843597412
sh.605589,2022-02-21,2026-06-22,3.924182415008545
sh.605598,2022-03-31,2026-01-12,6.586795806884766
sh.605599,2022-03-23,2026-02-06,2.646284818649292
sh.688001,2021-07-13,2026-06-25,3.8466367721557617
sh.688002,2021-08-02,2026-09-18,6.91969108581543
sh.688003,2021-07-13,2026-07-01,5.067559242248535
sh.688004,2021-08-02,2026-09-17,3.094874382019043
sh.688005,2021-07-13,2026-05-08,2.044797420501709
sh.688006,2021-07-13,2025-09-10,2.0062742233276367
sh.688007,2021-07-13,2023-11-16,1.0652718544006348
sh.688008,2021-07-13,2026-07-01,6.4831037521362305
sh.688009,2021-07-13,2024-10-08,0.9045432806015015
sh.688010,2021-07-13,2026-06-18,2.904198408126831
sh.688011,2021-07-13,2026-08-18,6.945143699645996
sh.688012,2021-07-13,2026-07-09,7.820662498474121
sh.688013,2021-07-13,2025-09-12,4.768068313598633
sh.688015,2021-07-13,2025-09-16,1.4449608325958252
sh.688016,2021-07-13,2023-02-02,0.6699174642562866
sh.688017,2021-07-13,2026-07-03,8.414371490478516
sh.688018,2021-07-13,2025-08-28,5.087618827819824
sh.688019,2021-07-13,2026-07-09,5.509729385375977
sh.688020,2021-07-13,2026-07-01,11.464850425720215
sh.688021,2021-07-13,2026-03-19,3.1961851119995117
sh.688022,2021-07-13,2023-02-21,1.5246732234954834
sh.688023,2021-07-13,2025-02-10,2.032719135284424
sh.688025,2021-07-13,2026-06-25,15.399547576904297
sh.688026,2021-08-02,2026-09-08,1.6199147701263428
sh.688027,2021-07-13,2026-02-13,9.126864433288574
sh.688028,2021-07-13,2026-06-30,11.229455947875977
sh.688029,2021-07-13,2025-09-30,0.8223214149475098
sh.688030,2021-07-13,2025-08-26,1.3096976280212402
sh.688031,2023-04-21,2026-03-10,9.135135650634766
sh.688032,2022-06-30,2024-10-08,0.9789599180221558
sh.688033,2021-07-13,2026-02-27,1.647702693939209
sh.688035,2023-03-29,2026-06-18,3.467954158782959
sh.688036,2021-07-13,2024-04-18,2.271336555480957
sh.688037,2021-07-13,2026-06-30,9.084781646728516
sh.688038,2022-01-17,2026-02-27,3.0130720138549805
sh.688039,2021-07-13,2026-01-12,2.8939480781555176
sh.688041,2023-02-22,2026-06-30,6.482753753662109
sh.688045,2022-11-29,2026-06-30,2.8480076789855957
sh.688046,2022-11-01,2026-08-13,3.64546537399292
sh.688047,2022-12-27,2026-01-22,1.7305846214294434
sh.688048,2022-10-12,2026-06-30,20.24418067932129
sh.688049,2022-06-09,2025-08-28,3.4925732612609863
sh.688050,2021-07-13,2023-02-03,0.7030611038208008
sh.688051,2021-07-13,2025-11-06,2.9757113456726074
sh.688052,2022-10-31,2026-06-23,2.7318074703216553
sh.688053,2023-01-11,2026-01-12,2.2965643405914307
sh.688055,2021-07-13,2026-05-26,1.3975903987884521
sh.688056,2021-07-13,2026-06-22,3.461172103881836
sh.688057,2021-07-13,2026-07-09,1.282416582107544
sh.688058,2021-07-13,2024-11-11,1.665632724761963
sh.688059,2021-08-17,2026-07-02,7.041567802429199
sh.688060,2021-07-13,2026-03-10,1.0785832405090332
sh.688061,2023-04-21,2026-09-04,1.5309045314788818
sh.688062,2022-07-28,2025-09-03,3.58135986328125
sh.688063,2021-07-13,2023-01-31,1.7007429599761963
sh.688065,2021-07-13,2026-01-13,0.9134740829467773
sh.688066,2021-07-13,2026-01-12,3.0432615280151367
sh.688067,2021-12-20,2026-03-10,1.5694544315338135
sh.688068,2021-07-13,2025-08-06,9.89487361907959
sh.688069,2021-07-13,2026-05-20,4.447901248931885
sh.688070,2021-08-19,2026-03-02,2.6055142879486084
sh.688071,2022-02-09,2025-08-08,2.2067861557006836
sh.688072,2022-10-27,2026-07-14,8.388017654418945
sh.688073,2023-04-14,2026-08-13,2.0632989406585693
sh.688075,2022-05-30,2025-11-12,0.5222222805023193
sh.688076,2021-11-24,2024-06-26,3.371640682220459
sh.688077,2021-07-13,2025-08-28,2.433450698852539
sh.688078,2021-07-13,2025-02-12,1.287529468536377
sh.688079,2021-09-01,2026-06-17,4.296849250793457
sh.688080,2021-07-13,2026-01-14,2.106421709060669
sh.688081,2021-07-13,2026-05-25,7.461012840270996
sh.688082,2022-05-30,2026-06-29,5.560578346252441
sh.688083,2021-09-10,2025-10-09,1.2626492977142334
sh.688084,2023-06-16,2025-08-07,2.4430766105651855
sh.688085,2021-07-13,2025-09-03,1.3799712657928467
sh.688087,2022-01-13,2026-05-06,1.4969725608825684
sh.688088,2021-07-13,2025-10-09,2.008357286453247
sh.688089,2021-07-13,2025-08-26,1.9149971008300781
sh.688090,2021-07-13,2026-06-24,13.223797798156738
sh.688091,2022-03-23,2025-08-18,3.007352828979492
sh.688092,2021-09-22,2026-03-10,1.166546106338501
sh.688093,2021-07-13,2025-10-29,3.179511547088623
sh.688095,2021-07-13,2023-06-20,2.941873073577881
sh.688096,2021-07-13,2026-06-10,3.7051658630371094
sh.688097,2021-11-16,2026-06-03,3.1700291633605957
sh.688098,2021-07-13,2025-08-19,3.1961851119995117
sh.688099,2021-07-13,2026-05-19,1.8147294521331787
sh.688100,2021-07-13,2024-10-08,2.1295225620269775
sh.688101,2021-07-13,2026-04-29,1.4615848064422607
sh.688102,2022-09-19,2026-01-12,7.8494110107421875
sh.688103,2022-03-24,2026-07-10,2.950256109237671
sh.688105,2022-05-25,2026-08-20,1.0257339477539062
sh.688106,2021-07-13,2026-07-01,2.4812440872192383
sh.688107,2022-05-24,2026-05-25,1.8196532726287842
sh.688108,2021-07-13,2025-08-18,7.641666412353516
sh.688109,2021-10-08,2025-11-25,12.24449348449707
sh.688110,2022-06-22,2026-06-30,13.405941009521484
sh.688111,2021-07-13,2023-06-20,2.28354549407959
sh.688112,2022-06-13,2026-07-03,3.262040615081787
sh.688113,2021-11-10,2026-02-26,1.0993854999542236
sh.688114,2023-03-22,2025-03-06,1.734283208847046
sh.688115,2022-09-15,2026-08-18,4.928623199462891
sh.688116,2021-07-13,2025-09-30,3.44158935546875
sh.688117,2021-12-08,2026-01-13,3.37570858001709
sh.688118,2021-07-13,2026-01-14,2.268260955810547
sh.688119,2022-12-07,2026-01-16,1.8979594707489014
sh.688120,2022-12-09,2026-07-09,6.258765697479248
sh.688121,2022-03-18,2023-11-17,0.8033031225204468
sh.688122,2021-07-13,2026-01-12,2.38901686668396
sh.688123,2021-07-13,2026-07-09,6.49478816986084
sh.688125,2022-10-24,2026-03-12,10.525973320007324
sh.688126,2021-07-13,2026-07-01,2.3200554847717285
sh.688127,2021-07-13,2026-05-22,8.022513389587402
sh.688128,2021-07-13,2025-10-15,1.713106393814087
sh.688129,2021-07-13,2026-05-26,2.232475996017456
sh.688130,2023-02-08,2026-05-20,1.4466311931610107
sh.688131,2021-12-13,2026-08-17,4.614825248718262
sh.688132,2023-04-04,2025-05-20,0.8856908082962036
sh.688133,2021-07-13,2025-08-25,1.0826177597045898
sh.688135,2021-07-13,2026-05-20,2.599679708480835
sh.688136,2021-07-13,2025-06-03,4.321551322937012
sh.688137,2023-04-11,2026-09-17,2.446786403656006
sh.688138,2021-07-13,2026-07-01,4.031035900115967
sh.688139,2021-07-13,2024-05-15,0.6454823017120361
sh.688141,2023-07-05,2026-07-08,12.521772384643555
sh.688143,2023-06-20,2026-06-25,14.291627883911133
sh.688146,2023-10-31,2026-06-22,15.831083297729492
sh.688147,2023-07-05,2026-06-30,7.8187103271484375
sh.688148,2022-02-17,2025-11-11,2.6885714530944824
sh.688150,2022-09-21,2026-05-25,3.942415237426758
sh.688151,2022-06-16,2025-06-30,1.5012547969818115
sh.688152,2023-05-08,2025-08-26,1.5721890926361084
sh.688153,2022-10-19,2024-11-14,0.7871192693710327
sh.688155,2021-07-13,2026-05-07,2.6495602130889893
sh.688156,2021-07-13,2026-07-06,2.246015787124634
sh.688157,2021-07-13,2025-08-25,1.2255873680114746
sh.688158,2021-07-13,2026-05-07,4.7161431312561035
sh.688159,2021-07-13,2025-09-17,4.694533824920654
sh.688160,2021-07-13,2026-01-13,7.595517158508301
sh.688161,2022-01-04,2025-09-17,0.9720458984375
sh.688162,2022-05-20,2025-09-29,1.4030125141143799
sh.688163,2022-09-14,2026-07-02,3.5553627014160156
sh.688165,2021-07-13,2024-12-10,5.167939186096191
sh.688166,2021-07-13,2025-08-11,5.727553367614746
sh.688167,2022-07-06,2026-06-16,13.961740493774414
sh.688168,2021-07-13,2025-09-11,4.648475170135498
sh.688169,2021-07-13,2024-05-13,1.8596057891845703
sh.688170,2022-11-07,2026-06-30,4.246448040008545
sh.688171,2022-08-08,2026-05-26,4.711331844329834
sh.688172,2023-06-28,2026-07-09,6.3217244148254395
sh.688173,2022-08-02,2026-05-20,1.4534003734588623
sh.688175,2022-09-16,2026-02-27,2.5969927310943604
sh.688176,2022-07-19,2026-03-09,2.725738525390625
sh.688177,2021-07-13,2023-12-12,1.6005783081054688
sh.688178,2021-07-13,2026-06-16,3.840665817260742
sh.688179,2021-07-13,2026-07-01,3.725478172302246
sh.688180,2021-07-13,2025-09-12,1.1089024543762207
sh.688181,2021-07-13,2026-07-01,3.2723169326782227
sh.688182,2022-05-26,2026-05-20,3.8054423332214355
sh.688183,2021-08-27,2026-06-17,22.58896827697754
sh.688184,2023-03-29,2026-05-08,0.6372998952865601
sh.688185,2021-07-13,2026-08-27,1.4873993396759033
sh.688186,2021-07-13,2025-10-10,2.5949411392211914
sh.688187,2022-03-21,2026-06-30,1.237288236618042
sh.688188,2021-07-13,2026-05-20,1.1337947845458984
sh.688189,2021-07-13,2025-08-01,2.315094232559204
sh.688190,2022-06-08,2026-05-28,1.5256884098052979
sh.688191,2021-10-18,2026-05-20,8.450345039367676
sh.688192,2022-06-22,2025-08-15,2.487924575805664
sh.688193,2022-10-10,2026-04-29,1.6891744136810303
sh.688195,2021-09-29,2026-04-22,25.514907836914062
sh.688196,2021-07-13,2026-03-05,4.028707981109619
sh.688197,2022-09-26,2025-08-13,1.856996774673462
sh.688198,2021-07-13,2024-10-09,0.697508692741394
sh.688199,2021-07-13,2026-06-24,2.5316460132598877
sh.688200,2021-07-13,2026-07-09,10.572735786437988
sh.688201,2021-10-29,2026-03-10,1.804276466369629
sh.688202,2021-07-13,2026-08-20,3.616030216217041
sh.688203,2023-02-24,2026-09-18,1.2873895168304443
sh.688205,2023-02-17,2026-05-13,15.16008186340332
sh.688206,2022-07-08,2026-07-09,3.2276620864868164
sh.688207,2022-09-20,2026-07-09,1.3316481113433838
sh.688208,2021-07-13,2025-08-29,2.9872143268585205
sh.688209,2022-10-26,2026-09-17,2.8839738368988037
sh.688210,2022-07-07,2025-11-06,3.673067569732666
sh.688211,2022-05-05,2026-05-20,0.6967352628707886
sh.688212,2022-05-25,2025-06-09,0.7771875858306885
sh.688213,2022-11-23,2025-10-09,2.467820405960083
sh.688215,2021-07-13,2025-10-10,6.669834613800049
sh.688216,2021-12-27,2026-07-02,3.2256999015808105
sh.688217,2021-11-19,2025-08-26,1.6635658740997314
sh.688218,2021-07-13,2026-06-18,4.797515869140625
sh.688219,2021-07-13,2025-08-18,1.2678492069244385
sh.688220,2022-07-26,2026-07-09,3.326333999633789
sh.688221,2021-07-13,2026-01-09,5.186812877655029
sh.688222,2021-08-02,2026-09-18,3.7597694396972656
sh.688223,2022-08-05,2026-02-09,0.7500001192092896
sh.688225,2022-08-12,2025-02-14,1.8062317371368408
sh.688226,2022-01-11,2026-05-20,5.594147205352783
sh.688227,2022-07-12,2026-04-30,14.271276473999023
sh.688228,2021-07-13,2026-01-27,9.061726570129395
sh.688229,2021-07-13,2026-03-10,4.797199249267578
sh.688230,2022-06-13,2025-09-30,2.7286157608032227
sh.688231,2023-02-01,2026-07-06,4.174554347991943
sh.688232,2022-05-27,2025-02-21,1.2824304103851318
sh.688233,2021-07-13,2026-07-01,16.244218826293945
sh.688234,2022-07-22,2026-06-24,3.124178409576416
sh.688235,2022-06-27,2025-09-03,2.8680899143218994
sh.688236,2022-07-12,2025-10-31,1.7783117294311523
sh.688237,2023-01-04,2026-07-27,3.7042856216430664
sh.688238,2022-09-23,2025-08-25,1.2164950370788574
sh.688239,2022-01-07,2026-02-27,2.83209490776062
sh.688244,2023-04-24,2025-03-11,2.009988307952881
sh.688246,2022-06-24,2025-03-06,1.7369451522827148
sh.688247,2023-03-07,2025-07-29,0.9341064691543579
sh.688248,2022-07-04,2026-03-13,3.0936574935913086
sh.688249,2023-11-09,2026-07-09,4.480273246765137
sh.688251,2022-12-07,2026-03-30,3.3717308044433594
sh.688252,2023-04-07,2025-08-28,1.945333480834961
sh.688253,2023-02-07,2026-08-10,2.8105478286743164
sh.688255,2022-04-29,2025-02-11,2.679098129272461
sh.688256,2021-07-13,2026-06-30,49.302093505859375
sh.688257,2022-05-06,2026-06-22,16.575199127197266
sh.688258,2021-07-13,2026-01-14,9.53185749053955
sh.688259,2022-07-22,2025-03-19,1.1926980018615723
sh.688260,2021-10-14,2026-06-25,12.47053337097168
sh.688261,2022-08-15,2026-06-30,2.7234625816345215
sh.688262,2022-07-18,2026-07-09,2.3702099323272705
sh.688265,2022-07-08,2025-08-15,2.6972477436065674
sh.688266,2021-07-13,2026-07-14,4.967610836029053
sh.688267,2022-08-19,2026-05-18,1.7879161834716797
sh.688268,2021-07-13,2026-07-01,6.132872581481934
sh.688269,2021-12-14,2026-01-29,1.351984977722168
sh.688270,2022-08-08,2026-01-28,10.16572380065918
sh.688271,2023-03-02,2025-09-08,0.7082536220550537
sh.688272,2022-04-22,2026-04-09,3.7227468490600586
sh.688273,2023-02-21,2026-01-06,2.4514639377593994
sh.688275,2023-04-11,2026-04-29,5.677590847015381
sh.688276,2021-12-29,2023-10-27,0.8133466243743896
sh.688277,2021-07-13,2026-02-27,3.5226540565490723
sh.688278,2021-07-13,2025-07-31,3.1017580032348633
sh.688279,2022-10-27,2025-02-21,2.9478116035461426
sh.688280,2022-05-06,2026-04-17,2.1741573810577393
sh.688281,2022-09-07,2026-01-23,1.3542320728302002
sh.688282,2022-09-21,2026-05-13,5.114476203918457
sh.688283,2022-08-18,2026-01-28,2.5276777744293213
sh.688285,2022-04-26,2025-11-11,0.6774232387542725
sh.688286,2021-07-13,2026-07-01,3.44285249710083
sh.688287,2022-11-28,2024-10-23,1.0310733318328857
sh.688288,2021-07-13,2025-04-21,2.6100282669067383
sh.688289,2021-07-13,2025-03-11,0.8069120645523071
sh.688290,2022-11-07,2026-05-19,2.0974183082580566
sh.688291,2023-05-04,2026-06-23,3.4979395866394043
sh.688292,2023-02-28,2026-01-14,1.9980363845825195
sh.688293,2023-03-15,2026-09-09,1.9246101379394531
sh.688295,2022-10-13,2026-04-23,2.962827682495117
sh.688296,2022-02-07,2026-08-18,2.6653895378112793
sh.688297,2022-12-30,2026-03-04,1.3448817729949951
sh.688298,2021-07-13,2024-10-08,0.564000129699707
sh.688299,2021-07-13,2025-09-05,2.229100465774536
sh.688300,2021-07-13,2026-06-22,13.843918800354004
sh.688301,2021-07-13,2026-05-28,2.51961350440979
sh.688302,2022-10-19,2025-08-18,1.9003019332885742
sh.688303,2022-01-26,2024-10-25,1.2427072525024414
sh.688305,2022-01-13,2026-07-02,0.8704425096511841
sh.688306,2022-09-23,2025-09-18,3.7916669845581055
sh.688307,2023-08-21,2026-05-14,8.208818435668945
sh.688308,2021-07-13,2026-06-22,13.316181182861328
sh.688309,2021-07-13,2026-05-11,7.766191482543945
sh.688310,2021-07-13,2023-10-30,1.981468915939331
sh.688311,2021-07-13,2026-01-12,2.4770588874816895
sh.688312,2021-07-13,2026-05-20,7.890102386474609
sh.688313,2021-07-13,2026-06-24,27.701133728027344
sh.688314,2021-11-22,2026-04-03,2.3457841873168945
sh.688315,2021-10-21,2025-02-19,1.1602632999420166
sh.688316,2021-09-15,2025-02-14,3.543487548828125
sh.688317,2021-07-27,2025-08-25,1.1999337673187256
sh.688318,2021-07-13,2025-08-28,6.432884693145752
sh.688319,2021-12-13,2026-07-10,5.189949989318848
sh.688320,2022-11-04,2025-02-24,1.8889458179473877
sh.688321,2021-07-13,2025-08-15,2.3028440475463867
sh.688322,2023-01-10,2026-06-09,6.472305774688721
sh.688323,2021-11-05,2026-06-25,6.5929975509643555
sh.688325,2022-10-31,2026-06-09,6.750284671783447
sh.688326,2022-10-26,2026-01-28,1.7489044666290283
sh.688327,2022-11-30,2025-02-27,2.2216217517852783
sh.688328,2021-09-08,2026-07-10,9.4570951461792
sh.688329,2021-09-30,2026-02-13,1.3077571392059326
sh.688330,2021-07-13,2026-03-11,2.1244606971740723
sh.688331,2022-10-11,2026-04-16,5.784417629241943
sh.688332,2023-01-18,2026-06-30,4.388502597808838
sh.688333,2021-07-13,2026-01-12,2.721623659133911
sh.688334,2023-12-22,2026-01-19,1.1367924213409424
sh.688335,2021-07-13,2026-02-03,4.96153450012207
sh.688336,2021-07-13,2026-04-03,6.623729705810547
sh.688337,2022-10-17,2026-06-18,2.564934492111206
sh.688338,2021-07-13,2023-04-28,1.040816307067871
sh.688339,2021-07-13,2025-11-17,0.900212287902832
sh.688343,2023-10-13,2026-02-27,4.257987976074219
sh.688345,2021-12-16,2026-07-02,3.77223539352417
sh.688347,2024-02-08,2026-07-09,13.789512634277344
sh.688348,2022-12-09,2024-10-08,0.8975967168807983
sh.688349,2022-12-23,2024-12-11,0.6076420545578003
sh.688350,2021-08-06,2026-05-20,3.255319118499756
sh.688351,2023-03-13,2026-05-22,0.7812298536300659
sh.688352,2023-10-30,2026-06-30,1.956178903579712
sh.688353,2023-01-16,2025-11-14,8.646008491516113
sh.688355,2021-11-16,2026-05-19,1.3654649257659912
sh.688356,2021-07-13,2026-08-25,1.9765079021453857
sh.688357,2021-07-13,2025-10-10,1.1424405574798584
sh.688358,2021-07-13,2023-05-11,2.020324468612671
sh.688359,2021-11-25,2026-07-01,7.485691070556641
sh.688360,2021-07-13,2026-05-25,3.237302780151367
sh.688361,2023-11-23,2026-07-09,8.466819763183594
sh.688362,2023-05-25,2026-07-09,6.358974456787109
sh.688363,2021-07-13,2024-10-08,0.7889704704284668
sh.688365,2021-07-13,2026-01-14,5.356877326965332
sh.688366,2021-07-13,2024-10-08,0.9423606395721436
sh.688367,2021-12-30,2026-06-23,3.993391513824463
sh.688368,2021-07-13,2026-06-25,6.847522258758545
sh.688369,2021-07-13,2025-03-07,2.2113819122314453
sh.688370,2023-03-07,2025-08-25,1.063988447189331
sh.688371,2023-02-10,2026-07-10,4.3007330894470215
sh.688372,2023-05-04,2026-07-09,6.107083320617676
sh.688373,2023-02-15,2025-09-23,1.7822349071502686
sh.688375,2023-02-01,2026-01-14,4.245651721954346
sh.688376,2023-05-29,2026-06-29,3.922088623046875
sh.688377,2021-07-13,2026-03-02,4.079346656799316
sh.688378,2021-07-13,2026-06-30,4.65353536605835
sh.688379,2021-07-13,2026-06-18,7.270191192626953
sh.688380,2023-02-15,2026-06-30,4.113883018493652
sh.688381,2023-03-03,2026-06-30,2.9025373458862305
sh.688382,2023-02-02,2025-07-31,6.127976417541504
sh.688383,2021-11-05,2026-06-25,4.261341571807861
sh.688385,2022-02-15,2026-01-12,3.145336151123047
sh.688386,2021-07-13,2026-01-23,4.495960235595703
sh.688387,2023-04-06,2026-05-11,3.6576762199401855
sh.688388,2021-07-13,2026-06-16,7.604369163513184
sh.688389,2021-07-13,2023-04-10,1.4335358142852783
sh.688390,2021-07-13,2026-05-28,2.9715120792388916
sh.688391,2023-03-23,2026-07-02,0.9674928188323975
sh.688392,2023-04-07,2026-07-09,7.7246809005737305
sh.688393,2021-07-13,2025-03-10,2.2686023712158203
sh.688395,2021-11-08,2026-05-11,1.6469237804412842
sh.688396,2021-07-13,2026-06-30,1.8778324127197266
sh.688398,2021-07-13,2026-05-19,2.0598459243774414
sh.688399,2021-07-13,2026-01-26,1.8224997520446777
sh.688400,2023-01-09,2026-07-03,4.220255374908447
sh.688401,2023-02-27,2026-07-01,4.459444999694824
sh.688403,2023-02-28,2026-06-25,5.478925704956055
sh.688408,2021-07-13,2024-10-08,2.1048314571380615
sh.688409,2023-04-13,2026-06-30,9.379186630249023
sh.688410,2023-07-06,2025-08-12,1.3445320129394531
sh.688416,2023-03-09,2026-06-30,7.712736129760742
sh.688418,2021-07-13,2026-01-12,7.055207252502441
sh.688419,2023-05-16,2026-06-30,5.787031650543213
sh.688420,2023-06-19,2026-05-20,0.6286171674728394
sh.688425,2021-12-24,2025-07-24,1.3044776916503906
sh.688426,2023-04-28,2025-11-17,1.2144274711608887
sh.688428,2023-03-31,2025-08-18,3.5904107093811035
sh.688429,2024-01-02,2026-02-04,0.5617098808288574
sh.688432,2023-05-19,2026-09-18,6.329400539398193
sh.688433,2023-10-25,2026-06-18,7.73353385925293
sh.688435,2023-07-31,2026-02-09,2.4244983196258545
sh.688439,2023-03-08,2024-10-08,0.7187647819519043
sh.688443,2023-12-25,2025-09-01,0.6497325897216797
sh.688448,2023-03-31,2026-09-03,5.385235786437988
sh.688450,2024-01-25,2026-06-30,2.856649398803711
sh.688455,2023-03-27,2026-04-20,3.044715404510498
sh.688456,2021-09-16,2026-06-17,8.112394332885742
sh.688458,2023-11-24,2025-09-24,1.4237370491027832
sh.688459,2023-04-17,2025-08-26,0.5389543771743774
sh.688466,2021-07-13,2025-08-21,1.4936935901641846
sh.688468,2021-10-19,2025-08-11,0.7112542390823364
sh.688469,2023-11-14,2026-06-30,2.1671640872955322
sh.688472,2023-12-14,2025-11-11,1.871788501739502
sh.688475,2023-07-10,2025-02-21,0.7841784954071045
sh.688478,2023-11-01,2026-06-22,3.430731773376465
sh.688479,2023-11-15,2026-07-07,3.1109681129455566
sh.688480,2023-06-05,2026-02-27,5.82644510269165
sh.688484,2023-10-17,2026-06-30,1.4775993824005127
sh.688485,2023-07-28,2026-09-18,15.080558776855469
sh.688486,2023-08-24,2026-07-01,1.9497170448303223
sh.688488,2021-07-13,2026-01-19,2.327327251434326
sh.688489,2023-06-12,2025-08-25,1.810392141342163
sh.688496,2023-07-10,2025-08-20,0.6220473051071167
sh.688498,2023-07-03,2026-06-30,33.5800895690918
sh.688499,2022-01-05,2025-09-10,3.551886558532715
sh.688500,2021-07-13,2025-08-06,5.364932060241699
sh.688501,2022-01-20,2025-08-28,2.288698196411133
sh.688502,2023-09-11,2026-06-30,8.812995910644531
sh.688503,2023-06-19,2026-06-30,4.5135178565979
sh.688505,2021-07-13,2025-07-30,0.8331232070922852
sh.688506,2023-07-18,2025-09-03,4.080545425415039
sh.688507,2023-10-26,2026-06-26,6.342759609222412
sh.688508,2021-07-13,2026-07-09,2.751767635345459
sh.688509,2022-02-10,2026-01-12,1.3582088947296143
sh.688510,2021-07-13,2026-02-26,3.4390110969543457
sh.688511,2022-02-10,2026-06-23,3.4742116928100586
sh.688512,2023-11-20,2026-05-22,1.6863057613372803
sh.688513,2021-07-13,2026-04-03,1.8203625679016113
sh.688515,2023-08-15,2026-06-22,4.556464672088623
sh.688516,2021-07-13,2026-02-06,2.818925142288208
sh.688517,2021-12-22,2026-05-11,2.0128278732299805
sh.688518,2021-07-13,2026-01-23,1.9519367218017578
sh.688519,2021-07-13,2026-06-26,34.216514587402344
sh.688520,2021-07-13,2025-07-17,1.7340357303619385
sh.688521,2021-07-13,2026-06-30,13.971359252929688
sh.688522,2023-09-01,2025-05-08,2.231426477432251
sh.688523,2023-12-07,2026-01-12,5.0271196365356445
sh.688525,2023-07-12,2026-06-29,17.11833381652832
sh.688526,2021-07-13,2023-02-06,0.9960578680038452
sh.688528,2021-07-13,2026-05-22,1.558823585510254
sh.688529,2021-07-13,2025-08-06,1.310150384902954
sh.688530,2024-11-13,2026-06-29,6.087845802307129
sh.688531,2023-10-11,2026-06-04,7.045840263366699
sh.688533,2021-10-27,2023-07-12,2.3798656463623047
sh.688535,2023-10-13,2026-06-30,4.884946823120117
sh.688536,2021-07-13,2026-06-30,4.3500261306762695
sh.688538,2021-12-02,2025-10-09,0.5257731676101685
sh.688539,2023-10-26,2026-01-12,2.0239908695220947
sh.688543,2023-12-26,2026-01-12,2.4746170043945312
sh.688548,2024-02-26,2026-07-01,6.875135898590088
sh.688549,2024-03-21,2026-07-01,7.055556297302246
sh.688550,2021-07-13,2026-07-01,2.3665740489959717
sh.688551,2021-07-13,2026-06-17,3.3350839614868164
sh.688552,2023-11-22,2026-01-22,3.117788314819336
sh.688553,2022-05-05,2025-08-25,1.9061017036437988
sh.688556,2021-07-13,2023-02-06,4.364484786987305
sh.688557,2021-07-13,2025-10-30,1.9120473861694336
sh.688558,2021-07-13,2026-05-15,1.9456908702850342
sh.688559,2021-07-13,2026-06-30,2.694091558456421
sh.688560,2021-07-13,2023-01-31,1.445666790008545
sh.688561,2021-07-13,2025-02-19,1.2434146404266357
sh.688562,2023-11-28,2026-01-12,1.4586093425750732
sh.688563,2024-01-22,2026-02-13,0.7722063064575195
sh.688565,2021-11-17,2026-03-02,2.7549502849578857
sh.688566,2021-07-13,2025-09-02,1.916590690612793
sh.688567,2021-07-13,2025-09-05,1.5966386795043945
sh.688568,2021-07-13,2026-01-14,5.077447891235352
sh.688569,2021-07-13,2023-08-03,2.851482391357422
sh.688570,2023-12-08,2025-08-12,0.5691394805908203
sh.688571,2021-07-13,2026-07-02,1.6510765552520752
sh.688573,2024-02-28,2025-09-11,1.570647954940796
sh.688575,2021-11-19,2024-03-04,0.7048114538192749
sh.688576,2023-12-11,2026-02-05,0.7894407510757446
sh.688577,2021-07-13,2025-09-11,7.685349464416504
sh.688578,2021-07-13,2026-07-21,7.800074577331543
sh.688579,2021-07-13,2023-04-07,2.1509695053100586
sh.688580,2021-07-13,2026-01-06,2.426483631134033
sh.688581,2023-11-23,2025-08-20,0.9697709083557129
sh.688582,2024-01-03,2025-08-18,2.899686098098755
sh.688584,2024-08-20,2026-07-13,2.678088903427124
sh.688585,2021-07-13,2026-05-26,48.769981384277344
sh.688586,2021-07-13,2026-01-12,1.4692697525024414
sh.688588,2021-07-13,2025-08-28,2.6058733463287354
sh.688589,2021-07-13,2023-04-14,0.8820028305053711
sh.688590,2021-07-13,2025-02-14,2.138066291809082
sh.688591,2024-03-07,2025-10-09,3.066969871520996
sh.688592,2024-02-27,2026-01-14,1.4656009674072266
sh.688593,2023-12-06,2026-05-26,4.356695652008057
sh.688595,2021-07-13,2025-03-11,1.1957502365112305
sh.688596,2021-07-13,2026-07-01,5.307897090911865
sh.688597,2021-12-21,2026-03-10,1.650334119796753
sh.688598,2021-07-13,2026-06-22,3.1947264671325684
sh.688599,2021-07-13,2023-01-31,1.2107863426208496
sh.688600,2021-08-02,2026-09-18,2.716841697692871
sh.688601,2021-12-30,2026-05-15,1.2665050029754639
sh.688602,2024-01-23,2025-11-14,1.0386643409729004
sh.688603,2024-01-11,2026-06-30,12.082942962646484
sh.688606,2021-09-28,2025-03-06,0.8534761667251587
sh.688607,2021-08-10,2026-05-07,6.258707523345947
sh.688608,2021-07-13,2025-10-09,3.9099931716918945
sh.688609,2021-09-24,2024-10-21,1.2195892333984375
sh.688610,2024-01-22,2026-06-30,9.607157707214355
sh.688611,2021-10-20,2026-05-27,8.556671142578125
sh.688612,2024-01-29,2025-09-11,1.389827013015747
sh.688613,2021-11-25,2025-09-16,1.433333396911621
sh.688616,2021-09-17,2026-03-10,1.6907899379730225
sh.688617,2021-07-16,2025-10-22,3.8740129470825195
sh.688618,2021-07-13,2023-03-27,2.4767274856567383
sh.688619,2021-08-25,2026-05-22,2.6194686889648438
sh.688620,2023-12-28,2026-09-18,1.7676923274993896
sh.688621,2021-12-23,2025-08-19,1.8286447525024414
sh.688622,2022-03-25,2025-11-03,9.84710693359375
sh.688623,2023-12-13,2026-01-21,1.5939908027648926
sh.688625,2021-12-10,2026-06-22,5.943293571472168
sh.688626,2021-10-11,2026-01-06,3.0349602699279785
sh.688627,2024-01-19,2026-06-30,18.171045303344727
sh.688628,2021-08-10,2026-06-22,4.771647930145264
sh.688629,2023-12-28,2026-07-09,12.120572090148926
sh.688630,2021-10-12,2026-06-25,12.771329879760742
sh.688631,2023-12-29,2025-08-15,3.62363338470459
sh.688633,2021-09-27,2026-05-11,2.0039870738983154
sh.688636,2021-10-18,2026-01-12,4.272506237030029
sh.688638,2024-01-15,2025-09-08,1.3308091163635254
sh.688639,2021-11-01,2024-05-06,1.9784092903137207
sh.688646,2024-01-31,2026-09-18,2.5512442588806152
sh.688648,2024-05-23,2026-01-13,3.0518312454223633
sh.688651,2024-01-29,2026-01-08,1.5344178676605225
sh.688652,2024-06-11,2026-07-09,5.519143581390381
sh.688653,2024-05-29,2026-06-30,0.7917525768280029
sh.688655,2021-11-15,2026-05-20,9.191699981689453
sh.688656,2021-07-22,2025-12-02,10.159797668457031
sh.688657,2024-04-16,2026-01-23,1.2045903205871582
sh.688658,2021-07-13,2025-08-18,1.779757022857666
sh.688659,2021-10-11,2026-05-11,1.4655869007110596
sh.688660,2021-11-23,2025-08-28,8.161290168762207
sh.688661,2021-09-30,2026-07-03,11.077825546264648
sh.688662,2021-10-12,2026-06-24,14.161066055297852
sh.688663,2021-10-21,2026-05-20,5.312966346740723
sh.688665,2021-08-18,2025-09-17,2.0740861892700195
sh.688667,2021-09-13,2026-05-13,4.62974214553833
sh.688668,2021-07-13,2026-06-15,20.16818618774414
sh.688669,2021-08-03,2026-07-03,10.91082763671875
sh.688670,2022-02-11,2025-11-26,2.249211311340332
sh.688671,2024-02-20,2026-06-30,1.529871940612793
sh.688676,2021-09-08,2026-01-19,6.924552917480469
sh.688677,2021-08-30,2026-05-29,5.110572814941406
sh.688678,2021-07-13,2025-09-23,4.012961387634277
sh.688679,2021-07-13,2026-05-26,10.662961959838867
sh.688680,2021-08-02,2026-02-04,2.1576197147369385
sh.688681,2021-12-20,2026-03-11,1.8421871662139893
sh.688682,2021-10-28,2026-01-12,3.456019878387451
sh.688683,2021-10-20,2026-05-20,3.2119007110595703
sh.688685,2021-11-17,2025-03-07,4.637005805969238
sh.688686,2021-07-13,2026-07-01,2.9651308059692383
sh.688687,2021-08-17,2025-08-19,1.6536083221435547
sh.688689,2021-08-05,2026-07-06,4.653748512268066
sh.688690,2021-12-27,2026-09-18,2.5457398891448975
sh.688691,2024-10-21,2026-05-25,1.7402002811431885
sh.688692,2024-12-16,2026-08-18,0.26634299755096436
sh.688693,2024-02-29,2026-05-14,5.811406135559082
sh.688695,2024-09-13,2026-09-01,0.27944862842559814
sh.688696,2021-09-02,2025-03-18,1.6513402462005615
sh.688697,2022-03-31,2026-05-19,2.6205990314483643
sh.688698,2021-07-13,2026-01-23,7.254773139953613
sh.688699,2021-07-13,2026-07-01,2.887540817260742
sh.688700,2021-12-17,2026-06-18,4.962107181549072
sh.688701,2022-03-30,2025-12-08,1.887500286102295
sh.688702,2024-03-27,2026-08-18,13.825510025024414
sh.688707,2022-03-28,2025-11-17,1.3181817531585693
sh.688709,2024-08-19,2026-03-11,2.5524046421051025
sh.688711,2022-03-15,2026-06-30,2.84517765045166
sh.688716,2024-04-02,2026-01-21,1.9243183135986328
sh.688717,2024-07-15,2026-03-12,2.458420991897583
sh.688718,2022-02-08,2026-05-11,1.6251111030578613
sh.688719,2024-04-12,2026-06-09,3.5917105674743652
sh.688720,2024-06-18,2026-07-09,4.102032661437988
sh.688721,2025-02-18,2026-08-31,0.2403240203857422
sh.688722,2022-04-25,2025-05-12,1.6004161834716797
sh.688728,2022-03-01,2026-07-01,1.4593727588653564
sh.688733,2022-02-28,2026-06-22,2.8363921642303467
sh.688737,2022-04-28,2026-05-20,1.7004218101501465
sh.688739,2022-05-09,2024-10-08,0.40108394622802734
sh.688766,2022-03-04,2026-07-01,26.22373390197754
sh.688767,2022-03-22,2026-01-06,2.1212122440338135
sh.688768,2022-01-28,2026-02-03,2.5217602252960205
sh.688772,2022-04-21,2025-10-30,1.5541903972625732
sh.688776,2022-03-14,2026-01-12,2.8304665088653564
sh.688777,2021-07-13,2026-06-18,2.6610515117645264
sh.688778,2022-02-16,2026-01-23,3.6714677810668945
sh.688779,2022-02-22,2026-03-11,1.9088785648345947
sh.688786,2022-03-09,2026-07-02,2.9135966300964355
sh.688787,2022-02-24,2026-01-14,6.035970687866211
sh.688788,2021-07-13,2025-08-18,5.489501476287842
sh.688789,2022-01-12,2026-03-02,0.7850298881530762
sh.688793,2022-01-19,2024-10-08,0.8342024087905884
sh.688798,2022-02-25,2025-08-28,1.511375904083252
sh.688799,2022-01-17,2025-09-15,2.4383349418640137
sh.688800,2022-01-26,2026-05-18,8.534272193908691
sh.688819,2021-07-27,2024-10-08,0.8322368860244751
sh.688981,2021-07-13,2026-07-09,3.6972575187683105
sh.689009,2021-07-13,2025-09-01,2.2165393829345703
sz.000001,2021-07-13,2025-07-10,0.6481086015701294
sz.000002,2021-07-13,2024-10-08,0.6688103675842285
sz.000004,2021-07-13,2024-10-21,1.931164026260376
sz.000006,2021-07-13,2025-10-23,3.1617650985717773
sz.000007,2021-07-13,2026-05-08,4.1526947021484375
sz.000008,2021-07-13,2024-12-06,1.066298246383667
sz.000009,2021-07-13,2025-09-30,0.7360033988952637
sz.000010,2021-07-13,2025-08-11,2.642857313156128
sz.000011,2021-07-13,2026-08-31,0.6163723468780518
sz.000012,2021-07-13,2026-07-01,0.44230782985687256
sz.000014,2021-07-13,2025-10-17,3.35367488861084
sz.000016,2021-07-13,2024-11-01,3.0103631019592285
sz.000017,2021-07-13,2024-01-25,4.105660438537598
sz.000019,2021-08-02,2026-09-09,0.5695652961730957
sz.000020,2021-07-13,2026-03-20,2.0616798400878906
sz.000021,2021-07-13,2026-06-30,6.625765800476074
sz.000025,2021-07-13,2025-04-18,1.0213277339935303
sz.000026,2021-07-13,2026-05-25,2.6242713928222656
sz.000027,2021-07-13,2026-03-27,0.6244767904281616
sz.000028,2021-07-13,2023-04-28,1.4616367816925049
sz.000029,2021-07-13,2025-09-30,4.11579704284668
sz.000030,2021-07-13,2025-05-21,0.7292283773422241
sz.000031,2021-07-13,2024-12-16,0.7901785373687744
sz.000032,2021-07-13,2023-04-07,2.3195364475250244
sz.000034,2021-07-13,2025-02-24,3.7874207496643066
sz.000035,2021-07-13,2026-03-11,1.551407814025879
sz.000036,2021-07-13,2025-12-26,1.8608057498931885
sz.000037,2021-07-13,2023-07-10,1.7635657787322998
sz.000039,2021-07-13,2026-03-02,1.2151260375976562
sz.000042,2021-07-13,2026-05-19,2.175384283065796
sz.000045,2021-07-13,2025-10-14,1.6672382354736328
sz.000048,2021-07-13,2026-08-17,1.0010766983032227
sz.000049,2021-07-13,2023-02-02,0.8012293577194214
sz.000050,2021-07-13,2026-06-24,0.7487765550613403
sz.000055,2021-07-13,2025-09-17,0.4380553960800171
sz.000056,2021-07-13,2024-12-06,1.7177915573120117
sz.000058,2021-07-13,2025-10-13,1.5213139057159424
sz.000059,2021-07-13,2026-03-03,0.8442834615707397
sz.000060,2021-07-13,2026-06-22,1.4702346324920654
sz.000061,2021-07-13,2025-12-30,1.2277989387512207
sz.000062,2021-07-13,2024-09-06,4.331503868103027
sz.000063,2021-07-13,2025-10-16,1.7856910228729248
sz.000065,2021-07-13,2023-05-08,2.1627843379974365
sz.000066,2021-07-13,2026-05-12,2.372340440750122
sz.000068,2021-07-13,2024-01-29,1.53556489944458
sz.000069,2021-07-13,2024-11-07,0.888888955116272
sz.000070,2021-07-13,2026-06-24,5.38035249710083
sz.000078,2021-07-13,2025-12-05,1.5071091651916504
sz.000088,2021-07-13,2025-05-19,0.2919907569885254
sz.000089,2021-07-13,2025-11-11,0.2795219421386719
sz.000090,2021-07-13,2023-08-29,0.6730937957763672
sz.000096,2021-07-13,2025-02-27,2.1393284797668457
sz.000099,2021-07-13,2024-11-08,4.294337749481201
sz.000100,2021-07-13,2026-07-01,0.95899498462677
sz.000151,2021-07-13,2024-11-26,1.568345308303833
sz.000153,2021-07-13,2025-07-28,0.7703595161437988
sz.000155,2021-07-13,2026-04-29,1.297483205795288
sz.000156,2021-07-13,2026-02-10,0.7936062812805176
sz.000157,2021-07-13,2026-02-26,1.1901922225952148
sz.000158,2021-07-13,2024-10-31,6.407999515533447
sz.000159,2021-07-13,2024-11-08,1.383202314376831
sz.000166,2021-07-13,2024-10-08,0.6780291795730591
sz.000301,2021-07-13,2026-09-03,1.1072962284088135
sz.000333,2021-07-13,2026-07-30,1.6873855590820312
sz.000338,2021-07-13,2026-05-29,3.398138999938965
sz.000400,2021-07-13,2024-07-09,1.8246688842773438
sz.000401,2021-07-13,2024-11-07,0.5646766424179077
sz.000402,2021-07-13,2024-11-07,1.232323169708252
sz.000403,2021-07-13,2024-05-06,0.8228925466537476
sz.000404,2021-07-13,2026-05-21,2.239806890487671
sz.000407,2021-07-13,2025-11-18,1.722700834274292
sz.000408,2021-07-13,2026-01-26,4.169449806213379
sz.000409,2021-07-13,2025-03-18,2.544247627258301
sz.000410,2021-07-13,2024-10-30,1.5689654350280762
sz.000411,2021-07-13,2023-08-15,0.7998355627059937
sz.000415,2021-07-13,2026-02-09,1.9453551769256592
sz.000417,2021-07-13,2026-05-25,1.740267276763916
sz.000419,2021-07-13,2025-12-19,1.065481424331665
sz.000420,2021-07-13,2026-05-07,1.4910712242126465
sz.000421,2021-07-13,2023-12-15,1.436495065689087
sz.000422,2021-07-13,2026-03-12,1.7209084033966064
sz.000423,2021-07-13,2024-05-15,1.6152606010437012
sz.000425,2021-07-13,2026-02-24,2.1095829010009766
sz.000426,2021-07-13,2026-01-28,11.501787185668945
sz.000428,2021-07-13,2023-04-13,1.3455283641815186
sz.000429,2021-07-13,2026-07-27,1.8455817699432373
sz.000430,2021-07-13,2025-11-13,1.1777777671813965
sz.000488,2021-07-13,2026-03-17,0.7528735399246216
sz.000498,2021-07-13,2023-03-03,0.5913045406341553
sz.000501,2021-07-13,2025-08-19,0.9955419301986694
sz.000503,2021-07-13,2024-10-23,1.8100841045379639
sz.000504,2021-07-13,2025-08-11,1.1961469650268555
sz.000505,2021-07-13,2025-11-25,0.8967502117156982
sz.000506,2021-07-13,2026-01-29,29.666667938232422
sz.000507,2021-07-13,2025-05-19,0.4226328134536743
sz.000509,2021-07-13,2026-05-28,1.5242290496826172
sz.000510,2021-07-13,2026-06-29,9.0
sz.000513,2021-07-13,2025-07-22,0.6405794620513916
sz.000514,2021-07-13,2025-07-11,1.6702678203582764
sz.000516,2021-07-13,2023-02-15,0.9228441715240479
sz.000517,2021-07-13,2023-08-03,0.8051927089691162
sz.000518,2021-07-13,2026-05-25,1.5363128185272217
sz.000519,2021-07-13,2023-03-08,1.4210858345031738
sz.000520,2021-07-13,2024-11-05,2.6596858501434326
sz.000521,2021-07-13,2024-05-15,3.0679683685302734
sz.000523,2021-08-02,2026-09-10,0.866108775138855
sz.000524,2021-07-13,2025-09-09,1.7171025276184082
sz.000525,2021-07-13,2023-02-01,2.387097120285034
sz.000526,2021-07-13,2024-04-24,4.045761585235596
sz.000528,2021-07-13,2025-03-10,1.4772264957427979
sz.000529,2021-07-13,2023-02-17,0.9262970685958862
sz.000530,2021-07-13,2025-12-12,1.6581358909606934
sz.000531,2021-07-13,2026-03-26,0.9666341543197632
sz.000532,2021-07-13,2025-02-10,1.0518338680267334
sz.000533,2021-07-13,2026-03-17,6.718044757843018
sz.000534,2021-07-13,2026-03-10,4.499393939971924
sz.000536,2021-07-13,2024-11-07,4.156069278717041
sz.000537,2021-07-13,2023-02-01,2.167593479156494
sz.000538,2021-07-13,2025-09-08,0.4123108386993408
sz.000539,2021-07-13,2026-06-01,1.7584443092346191
sz.000541,2021-07-13,2025-03-26,1.1678354740142822
sz.000543,2021-07-13,2026-06-01,2.081774950027466
sz.000544,2021-07-13,2024-11-11,0.9202389717102051
sz.000545,2021-07-13,2026-03-16,1.566037654876709
sz.000546,2021-07-13,2023-02-01,1.1349444389343262
sz.000547,2021-07-13,2026-01-12,6.194244384765625
sz.000548,2021-07-13,2024-11-25,0.8711378574371338
sz.000550,2021-07-13,2024-07-31,2.147019386291504
sz.000551,2021-07-13,2026-07-01,2.9512250423431396
sz.000552,2021-07-13,2024-05-31,0.5373345613479614
sz.000553,2021-07-13,2024-10-29,1.091346025466919
sz.000554,2021-07-13,2026-03-04,1.8346443176269531
sz.000555,2021-07-13,2025-11-04,1.9872968196868896
sz.000557,2021-07-13,2024-11-11,1.0690689086914062
sz.000558,2021-07-13,2025-08-01,2.577669858932495
sz.000559,2021-07-13,2026-01-12,4.417461395263672
sz.000560,2021-07-13,2024-11-12,1.806896448135376
sz.000561,2021-07-13,2025-08-18,1.899383544921875
sz.000563,2021-07-13,2024-11-07,0.8092906475067139
sz.000564,2021-07-13,2024-12-16,3.629213333129883
sz.000565,2021-07-13,2025-05-16,2.8904216289520264
sz.000566,2021-07-13,2025-12-23,2.052264928817749
sz.000567,2021-07-13,2024-11-07,1.8708808422088623
sz.000568,2021-07-13,2023-02-13,0.6667733192443848
sz.000570,2021-07-13,2023-07-11,0.9197335243225098
sz.000571,2021-07-13,2026-02-27,3.1871657371520996
sz.000572,2021-07-13,2025-11-18,3.2592592239379883
sz.000573,2021-07-13,2025-01-10,1.7241380214691162
sz.000576,2021-07-13,2025-08-11,1.4767441749572754
sz.000581,2021-07-13,2025-03-11,1.092428207397461
sz.000582,2021-07-13,2026-06-03,1.3642187118530273
sz.000586,2021-07-13,2026-04-09,3.0581583976745605
sz.000589,2021-07-13,2023-08-31,1.1605854034423828
sz.000590,2021-07-13,2025-07-11,1.9183673858642578
sz.000591,2021-07-13,2026-03-12,0.7345426082611084
sz.000592,2021-07-13,2025-12-30,12.023255348205566
sz.000593,2021-07-13,2026-08-13,6.091836929321289
sz.000595,2021-07-13,2024-10-31,3.872951030731201
sz.000596,2021-07-13,2023-04-04,0.8652644157409668
sz.000597,2021-07-13,2025-07-25,0.7461762428283691
sz.000598,2021-07-13,2024-07-25,0.9266222715377808
sz.000599,2021-07-13,2026-02-04,1.7649123668670654
sz.000600,2021-07-13,2026-06-04,2.703294038772583
sz.000601,2021-07-13,2026-06-03,2.371596097946167
sz.000603,2021-07-13,2026-01-29,8.287643432617188
sz.000605,2021-07-13,2024-11-22,2.548443078994751
sz.000607,2021-07-13,2025-07-11,1.374100685119629
sz.000608,2021-08-02,2026-09-09,4.8222222328186035
sz.000609,2021-07-13,2026-05-08,12.487602233886719
sz.000610,2021-07-13,2023-04-21,1.945333480834961
sz.000612,2021-07-13,2026-03-02,2.8270297050476074
sz.000615,2021-07-13,2025-11-13,1.8392856121063232
sz.000617,2021-07-13,2025-09-01,2.197927951812744
sz.000619,2021-07-13,2024-12-11,1.2818429470062256
sz.000620,2021-07-13,2026-07-01,2.9690723419189453
sz.000623,2021-07-13,2025-10-29,0.8199788331985474
sz.000625,2021-07-13,2023-11-28,2.1718661785125732
sz.000626,2021-07-13,2025-10-20,1.76092529296875
sz.000628,2021-07-13,2024-03-06,11.007344245910645
sz.000629,2021-07-13,2023-02-13,1.3724699020385742
sz.000630,2021-07-13,2026-01-29,2.9510693550109863
sz.000631,2021-07-13,2026-01-28,0.9589041471481323
sz.000632,2021-07-13,2025-11-17,2.5860655307769775
sz.000633,2021-07-13,2025-12-04,1.5459611415863037
sz.000635,2021-07-13,2026-02-25,1.0656371116638184
sz.000636,2021-07-13,2026-06-29,7.94410514831543
sz.000637,2021-07-13,2026-03-03,1.1428570747375488
sz.000638,2021-07-13,2025-11-04,1.5649349689483643
sz.000639,2021-07-13,2024-11-08,1.319819688796997
sz.000650,2021-07-13,2025-08-21,0.4310343265533447
sz.000651,2021-07-13,2024-10-08,1.0451455116271973
sz.000652,2021-07-13,2024-11-07,0.7175140380859375
sz.000655,2021-07-13,2026-03-02,1.4613397121429443
sz.000656,2021-07-13,2023-08-03,2.1325299739837646
sz.000657,2021-07-13,2026-06-22,16.313196182250977
sz.000659,2021-07-13,2026-01-27,2.7923076152801514
sz.000661,2021-07-13,2025-10-10,0.7691727876663208
sz.000663,2021-07-13,2025-11-24,1.5782828330993652
sz.000665,2021-07-13,2025-03-13,1.3562498092651367
sz.000668,2021-07-13,2026-08-13,4.384891033172607
sz.000669,2021-07-13,2026-03-23,3.28125
sz.000670,2021-07-13,2026-01-22,3.573333263397217
sz.000672,2021-07-13,2026-06-30,3.3454127311706543
sz.000676,2021-07-13,2025-09-01,1.5882353782653809
sz.000677,2021-07-13,2024-10-31,2.6363637447357178
sz.000678,2021-07-13,2025-03-20,4.369318008422852
sz.000679,2021-07-13,2025-07-30,4.062780380249023
sz.000680,2021-07-13,2026-02-25,3.0740060806274414
sz.000681,2021-07-13,2026-01-15,2.6802351474761963
sz.000682,2021-07-13,2026-03-09,2.525002956390381
sz.000683,2021-07-13,2026-03-11,1.2508060932159424
sz.000685,2021-07-13,2025-10-13,1.4730992317199707
sz.000686,2021-07-13,2025-11-19,1.0231401920318604
sz.000688,2021-07-13,2026-04-30,5.909667015075684
sz.000690,2021-07-13,2023-05-31,0.9843178987503052
sz.000691,2021-07-13,2026-06-24,6.1071929931640625
sz.000692,2021-07-13,2026-06-01,1.767676591873169
sz.000695,2021-07-13,2025-11-28,2.176567792892456
sz.000697,2021-07-13,2026-05-25,2.1343562602996826
sz.000698,2021-07-13,2025-07-22,0.7391304969787598
sz.000700,2021-07-13,2026-06-04,4.3654561042785645
sz.000701,2021-07-13,2025-12-08,1.9725089073181152
sz.000702,2021-07-13,2024-10-29,2.042813539505005
sz.000703,2021-07-13,2026-08-21,2.8561737537384033
sz.000705,2021-07-13,2025-07-17,0.6640048027038574
sz.000707,2021-07-13,2023-02-01,1.4151785373687744
sz.000708,2021-07-13,2026-02-27,0.8481087684631348
sz.000709,2021-07-13,2026-03-02,0.6379467248916626
sz.000710,2021-07-13,2025-03-11,2.1519198417663574
sz.000711,2021-07-13,2026-05-27,4.15625
sz.000712,2021-07-13,2024-11-29,1.629333257675171
sz.000713,2021-07-13,2025-04-08,0.734375
sz.000715,2021-07-13,2024-01-11,1.56471586227417
sz.000716,2021-07-13,2023-03-06,2.4845361709594727
sz.000717,2021-07-13,2024-12-11,1.3742332458496094
sz.000718,2021-07-13,2025-09-15,1.336763858795166
sz.000719,2021-07-13,2026-04-22,1.691119909286499
sz.000720,2021-07-13,2026-04-08,2.0044844150543213
sz.000721,2021-07-13,2023-04-13,4.031073570251465
sz.000722,2021-07-13,2026-03-26,2.001985788345337
sz.000723,2021-07-13,2024-03-01,0.609808087348938
sz.000725,2021-07-13,2026-07-02,1.9358091354370117
sz.000726,2021-07-13,2023-02-28,0.6106115579605103
sz.000727,2021-07-13,2024-12-12,1.0971429347991943
sz.000728,2021-07-13,2025-10-14,0.8423635959625244
sz.000729,2021-07-13,2026-04-10,1.4131896495819092
sz.000731,2021-07-13,2026-03-02,0.6220111846923828
sz.000733,2021-07-13,2025-04-11,0.9659404754638672
sz.000735,2021-07-13,2025-12-15,1.6924631595611572
sz.000736,2021-07-13,2023-02-14,2.6991050243377686
sz.000737,2021-07-13,2026-01-29,4.048376560211182
sz.000738,2021-07-13,2026-02-13,1.1547904014587402
sz.000739,2021-08-02,2026-09-18,1.3011631965637207
sz.000750,2021-07-13,2024-11-07,0.9996774196624756
sz.000751,2021-07-13,2026-03-02,2.2468621730804443
sz.000752,2021-07-13,2023-09-22,2.9876163005828857
sz.000753,2021-07-13,2025-11-17,3.393373966217041
sz.000755,2021-07-13,2025-11-06,1.05472993850708
sz.000756,2021-07-13,2023-02-28,3.3154191970825195
sz.000757,2021-07-13,2025-09-12,1.769230604171753
sz.000758,2021-07-13,2026-02-27,1.3532896041870117
sz.000759,2021-07-13,2025-01-02,4.157706260681152
sz.000761,2021-07-13,2025-05-27,0.9457014799118042
sz.000762,2021-07-13,2026-05-06,1.3099210262298584
sz.000766,2021-07-13,2025-11-17,6.951482772827148
sz.000767,2021-07-13,2026-06-01,1.8691589832305908
sz.000768,2021-07-13,2026-03-02,0.7262545824050903
sz.000776,2021-07-13,2026-07-01,1.2855703830718994
sz.000777,2021-07-13,2026-01-12,2.5383834838867188
sz.000778,2021-07-13,2026-03-02,0.7462558746337891
sz.000779,2021-07-13,2026-08-06,1.4498262405395508
sz.000782,2021-07-13,2026-05-11,1.3673858642578125
sz.000783,2021-07-13,2026-07-01,1.5148625373840332
sz.000785,2021-07-13,2025-02-14,1.4968891143798828
sz.000786,2021-07-13,2024-05-17,0.8651292324066162
sz.000788,2021-07-13,2025-12-04,0.8409937620162964
sz.000789,2021-07-13,2025-07-22,0.7349249124526978
sz.000790,2021-07-13,2024-10-28,0.5757138729095459
sz.000791,2021-07-13,2026-06-03,1.9830217361450195
sz.000792,2021-07-13,2026-05-06,3.5701355934143066
sz.000793,2021-07-13,2024-12-16,3.84615421295166
sz.000795,2021-07-13,2024-11-12,2.6319096088409424
sz.000796,2021-07-13,2025-11-17,1.9601447582244873
sz.000797,2021-07-13,2025-11-18,0.9911504983901978
sz.000798,2021-07-13,2025-11-24,2.062730550765991
sz.000799,2021-07-13,2025-09-11,1.161348819732666
sz.000800,2021-07-13,2023-11-29,0.5071839094161987
sz.000801,2021-07-13,2024-11-25,3.307615280151367
sz.000802,2021-07-13,2023-06-07,1.7530121803283691
sz.000803,2021-07-13,2026-03-09,2.39032244682312
sz.000807,2021-07-13,2026-01-29,3.4365735054016113
sz.000809,2021-07-13,2026-05-20,1.9931507110595703
sz.000810,2021-07-13,2023-04-12,2.222947597503662
sz.000811,2021-07-13,2026-06-30,8.961556434631348
sz.000812,2021-07-13,2023-02-06,1.3729372024536133
sz.000813,2021-07-13,2025-07-31,1.331730842590332
sz.000815,2021-07-13,2026-05-08,3.7733888626098633
sz.000816,2021-07-13,2025-02-25,2.2097902297973633
sz.000818,2021-07-13,2025-02-20,2.0360424518585205
sz.000819,2021-07-13,2023-02-02,3.4395971298217773
sz.000820,2021-07-13,2024-10-30,1.3025641441345215
sz.000821,2021-07-13,2023-02-15,2.6260387897491455
sz.000822,2021-07-13,2026-03-03,0.5503212213516235
sz.000823,2021-07-13,2026-06-26,3.905463695526123
sz.000825,2021-07-13,2026-01-12,0.9075342416763306
sz.000826,2021-07-13,2024-11-11,1.355555534362793
sz.000828,2021-07-13,2023-11-10,0.6342798471450806
sz.000829,2021-07-13,2024-10-30,1.5495030879974365
sz.000830,2021-07-13,2026-01-22,1.417865514755249
sz.000831,2021-07-13,2026-06-22,2.3637654781341553
sz.000833,2021-07-13,2026-04-30,8.063953399658203
sz.000837,2021-07-13,2023-06-28,1.6408228874206543
sz.000838,2021-07-13,2023-03-24,1.8884460926055908
sz.000839,2021-07-13,2024-11-11,1.288888931274414
sz.000848,2021-07-13,2025-05-27,0.625
sz.000850,2021-07-13,2026-01-28,1.4899907112121582
sz.000852,2021-07-13,2025-10-23,1.167053461074829
sz.000856,2021-07-13,2025-02-20,2.0488245487213135
sz.000858,2021-07-13,2023-02-20,0.5951311588287354
sz.000859,2021-07-13,2026-01-12,3.470198631286621
sz.000860,2021-07-13,2023-04-04,0.9510308504104614
sz.000862,2021-07-13,2026-03-24,1.246882677078247
sz.000863,2021-07-13,2026-01-30,1.6108949184417725
sz.000868,2021-07-13,2025-02-27,1.2402400970458984
sz.000869,2021-07-13,2024-04-22,0.34897661209106445
sz.000875,2021-07-13,2026-03-11,1.3593027591705322
sz.000876,2021-07-13,2025-04-08,0.3799999952316284
sz.000877,2021-07-13,2025-08-25,0.7156398296356201
sz.000878,2021-07-13,2026-01-29,2.258131980895996
sz.000880,2021-07-13,2025-08-20,7.910388946533203
sz.000881,2021-07-13,2026-01-12,0.9179998636245728
sz.000882,2021-07-13,2025-01-24,3.2613635063171387
sz.000883,2021-07-13,2024-06-07,0.7117048501968384
sz.000885,2021-07-13,2025-09-29,1.0468058586120605
sz.000886,2021-07-13,2024-12-30,1.516366958618164
sz.000887,2021-07-13,2025-09-17,2.049025774002075
sz.000888,2021-07-13,2025-03-25,1.7955844402313232
sz.000889,2021-07-13,2026-05-13,3.6033058166503906
sz.000890,2021-07-13,2026-04-07,6.590517044067383
sz.000892,2021-07-13,2026-02-11,3.348017692565918
sz.000893,2021-07-13,2026-03-13,3.942142963409424
sz.000895,2021-07-13,2026-04-24,0.5535944700241089
sz.000897,2021-07-13,2023-08-29,0.7213114500045776
sz.000898,2021-07-13,2025-07-29,0.5966850519180298
sz.000899,2021-07-13,2026-03-11,2.9249496459960938
sz.000900,2021-07-13,2025-07-01,0.47666287422180176
sz.000901,2021-07-13,2026-01-12,4.494505882263184
sz.000902,2021-07-13,2026-03-06,1.1105456352233887
sz.000903,2021-07-13,2025-05-29,2.369697093963623
sz.000905,2021-07-13,2025-12-10,2.0146658420562744
sz.000906,2021-07-13,2024-12-03,0.8160920143127441
sz.000908,2021-07-13,2026-03-30,15.558107376098633
sz.000909,2021-07-13,2025-06-27,1.566176414489746
sz.000910,2021-07-13,2024-12-12,0.5711805820465088
sz.000911,2021-08-02,2026-09-09,0.9916896820068359
sz.000912,2021-07-13,2026-03-17,1.0155763626098633
sz.000913,2021-07-13,2023-02-13,1.9417879581451416
sz.000915,2021-07-13,2023-02-01,0.8811323642730713
sz.000917,2021-07-13,2026-01-12,2.3066205978393555
sz.000919,2021-07-13,2026-04-08,0.6063463687896729
sz.000920,2021-07-13,2026-06-30,1.6089961528778076
sz.000921,2021-07-13,2024-05-13,3.4139437675476074
sz.000922,2021-07-13,2026-06-22,1.8010799884796143
sz.000923,2021-07-13,2026-01-29,2.0776307582855225
sz.000925,2021-07-13,2026-05-13,1.2418184280395508
sz.000926,2021-07-13,2025-09-12,0.911602258682251
sz.000927,2021-07-13,2026-03-26,0.4886770248413086
sz.000928,2021-07-13,2023-05-09,1.2744896411895752
sz.000929,2021-07-13,2026-05-19,1.188323974609375
sz.000930,2021-07-13,2026-03-13,0.7688889503479004
sz.000931,2021-07-13,2025-08-04,0.713432788848877
sz.000932,2021-07-13,2026-03-02,1.0496389865875244
sz.000933,2021-07-13,2026-03-12,4.61448335647583
sz.000935,2021-07-13,2026-05-13,2.316666603088379
sz.000936,2021-07-13,2023-06-30,2.2416956424713135
sz.000937,2021-07-13,2024-03-07,2.126417636871338
sz.000938,2021-07-13,2026-07-22,2.147587537765503
sz.000948,2021-07-13,2023-02-01,1.6025364398956299
sz.000949,2021-07-13,2026-05-06,2.6617519855499268
sz.000950,2021-07-13,2023-05-09,0.7437855005264282
sz.000951,2021-07-13,2026-04-13,2.238408327102661
sz.000952,2021-07-13,2025-11-27,1.4232556819915771
sz.000953,2021-07-13,2025-06-03,2.9391305446624756
sz.000955,2021-07-13,2025-11-18,2.107011079788208
sz.000957,2021-07-13,2023-07-12,2.2992517948150635
sz.000958,2021-07-13,2024-11-01,2.2941179275512695
sz.000959,2021-07-13,2026-03-02,1.3114197254180908
sz.000960,2021-07-13,2026-03-02,3.5993146896362305
sz.000962,2021-07-13,2026-06-29,11.350788116455078
sz.000963,2021-07-13,2025-08-25,0.7960314750671387
sz.000965,2021-07-13,2025-04-24,1.4180099964141846
sz.000966,2021-07-13,2026-03-26,0.618873119354248
sz.000967,2021-07-13,2026-05-07,3.4853858947753906
sz.000968,2021-07-13,2026-03-27,1.1858408451080322
sz.000969,2021-07-13,2026-01-14,3.792834758758545
sz.000970,2021-07-13,2026-07-07,1.307642936706543
sz.000972,2021-07-13,2025-09-10,2.0411765575408936
sz.000973,2021-07-13,2026-04-29,5.623257637023926
sz.000975,2021-07-13,2026-01-29,4.195765972137451
sz.000977,2021-07-13,2026-07-22,3.833436965942383
sz.000978,2021-08-02,2026-09-14,1.3608694076538086
sz.000980,2021-07-13,2025-12-10,2.0977442264556885
sz.000981,2021-07-13,2026-01-14,6.000000476837158
sz.000983,2021-07-13,2024-02-22,0.9444583654403687
sz.000985,2021-07-13,2026-03-03,1.3455133438110352
sz.000987,2021-07-13,2026-01-26,1.53759765625
sz.000988,2021-07-13,2026-06-30,11.520925521850586
sz.000989,2021-07-13,2025-08-25,1.1340672969818115
sz.000990,2021-07-13,2026-04-28,1.1724042892456055
sz.000993,2021-08-02,2026-09-18,1.7231805324554443
sz.000995,2021-07-13,2026-02-05,1.7558298110961914
sz.000997,2021-07-13,2025-07-15,2.255689859390259
sz.000998,2021-07-13,2023-02-07,0.3858093023300171
sz.000999,2021-07-13,2024-10-08,2.047020435333252
sz.001201,2021-11-05,2024-05-20,0.7398648262023926
sz.001202,2021-11-08,2026-01-22,2.0467801094055176
sz.001203,2021-11-12,2026-05-06,6.600003242492676
sz.001205,2021-11-17,2024-10-30,1.149099349975586
sz.001206,2021-11-22,2025-10-13,2.950946807861328
sz.001207,2021-12-27,2026-03-12,2.3352277278900146
sz.001208,2021-12-28,2026-01-12,3.7471704483032227
sz.001209,2022-01-27,2026-02-27,2.1991209983825684
sz.001210,2022-02-09,2026-09-08,4.597803592681885
sz.001211,2022-02-16,2026-05-19,3.9630308151245117
sz.001212,2022-03-04,2025-08-25,4.078948497772217
sz.001213,2022-03-22,2025-07-23,0.3568546772003174
sz.001215,2022-03-18,2026-05-08,1.288048505783081
sz.001216,2022-04-25,2025-11-19,1.3631587028503418
sz.001217,2022-04-12,2026-02-11,1.032654047012329
sz.001218,2022-04-21,2026-05-06,1.272031545639038
sz.001219,2022-04-27,2024-01-09,0.7776890993118286
sz.001222,2023-02-28,2025-09-09,2.1336610317230225
sz.001223,2023-06-20,2026-06-29,2.5089406967163086
sz.001225,2023-08-25,2026-02-25,2.4663891792297363
sz.001226,2022-12-23,2026-05-19,1.7733170986175537
sz.001227,2022-07-27,2025-07-10,0.33600640296936035
sz.001228,2022-11-07,2026-04-21,1.18375563621521
sz.001229,2023-02-16,2026-08-18,2.699734926223755
sz.001230,2023-01-18,2026-08-25,1.8350327014923096
sz.001231,2023-03-01,2026-01-06,1.6917879581451416
sz.001234,2022-07-21,2025-09-19,2.3063158988952637
sz.001236,2023-02-15,2025-06-30,1.552715539932251
sz.001238,2023-03-29,2026-01-23,3.2678470611572266
sz.001239,2024-06-24,2026-01-23,0.36227309703826904
sz.001255,2023-04-12,2026-01-16,1.9081082344055176
sz.001256,2023-06-13,2025-03-26,1.7527730464935303
sz.001258,2023-02-06,2026-08-11,1.8584518432617188
sz.001259,2023-03-13,2026-05-21,3.8417105674743652
sz.001260,2023-08-21,2026-01-15,1.1016559600830078
sz.001266,2022-08-31,2026-05-22,2.1950154304504395
sz.001267,2022-05-27,2026-05-14,19.8021183013916
sz.001268,2023-01-03,2026-05-26,2.2498180866241455
sz.001269,2023-04-12,2025-08-21,0.5456880331039429
sz.001270,2022-12-07,2026-07-10,5.3683366775512695
sz.001278,2023-09-08,2026-03-04,1.0014841556549072
sz.001282,2023-11-28,2025-10-21,1.478410243988037
sz.001283,2023-03-16,2025-09-17,2.1349775791168213
sz.001286,2023-10-18,2026-06-01,0.9568634033203125
sz.001287,2023-10-18,2026-07-06,1.1817657947540283
sz.001288,2022-05-11,2026-01-28,3.7881789207458496
sz.001289,2022-08-03,2026-06-04,0.452350378036499
sz.001296,2022-07-06,2025-11-25,1.8421630859375
sz.001298,2023-05-09,2025-08-25,4.70189094543457
sz.001299,2023-05-09,2026-04-14,1.8768179416656494
sz.001300,2023-04-24,2026-05-11,0.9920400381088257
sz.001301,2023-07-10,2025-11-13,3.773425579071045
sz.001306,2024-05-28,2025-12-30,1.2648727893829346
sz.001308,2022-09-21,2024-12-26,0.5840359926223755
sz.001309,2023-01-04,2026-06-29,43.04365158081055
sz.001311,2023-08-30,2026-01-28,2.0596256256103516
sz.001313,2022-08-19,2025-03-12,0.7548859119415283
sz.001314,2023-08-17,2026-06-01,1.0503098964691162
sz.001316,2022-12-27,2026-02-05,3.3172926902770996
sz.001317,2022-06-10,2026-05-13,1.8511972427368164
sz.001318,2022-11-23,2025-07-31,0.967734694480896
sz.001319,2022-11-15,2025-03-07,1.526740312576294
sz.001322,2023-05-04,2026-02-06,0.49305450916290283
sz.001323,2022-12-26,2024-11-28,0.5451037883758545
sz.001324,2023-11-24,2025-07-24,0.6198972463607788
sz.001326,2024-05-21,2026-09-18,2.429328441619873
sz.001328,2023-10-18,2025-05-19,2.056067943572998
sz.001330,2023-02-28,2026-02-11,2.4096691608428955
sz.001331,2023-03-21,2026-07-06,15.747169494628906
sz.001332,2023-03-30,2026-06-03,2.7194700241088867
sz.001333,2023-06-16,2025-04-01,1.115631341934204
sz.001336,2023-02-02,2025-12-23,1.1837241649627686
sz.001337,2023-09-05,2026-01-29,2.786367893218994
sz.001338,2023-05-25,2026-03-13,0.6562952995300293
sz.001339,2023-02-23,2026-06-24,5.670715808868408
sz.001358,2024-07-03,2026-05-11,0.7281183004379272
sz.001359,2024-10-09,2026-06-26,6.906561374664307
sz.001360,2023-10-18,2026-01-28,1.9664976596832275
sz.001366,2023-09-07,2026-05-26,1.0944623947143555
sz.001367,2023-10-18,2026-04-16,1.0892443656921387
sz.001368,2023-09-13,2026-02-02,1.1692516803741455
sz.001373,2023-12-06,2026-01-23,0.963781476020813
sz.001376,2024-05-15,2026-01-29,1.1206214427947998
sz.001378,2024-05-09,2026-09-18,0.6218820810317993
sz.001379,2024-07-31,2026-02-27,0.48108482360839844
sz.001380,2023-11-20,2025-09-05,2.0666797161102295
sz.001387,2024-07-23,2026-02-09,0.337149977684021
sz.001389,2024-10-14,2026-06-30,4.904172420501709
sz.001696,2021-07-13,2024-10-31,6.525986194610596
sz.001872,2021-07-13,2026-09-01,1.0621917247772217
sz.001896,2021-07-13,2026-06-15,6.54152774810791
sz.001914,2021-07-13,2025-08-07,0.6240876913070679
sz.001965,2021-07-13,2024-12-31,1.3769042491912842
sz.001979,2021-07-13,2024-11-07,0.7252748012542725
sz.002001,2021-07-13,2026-03-12,1.8623745441436768
sz.002003,2021-07-13,2025-01-27,2.119119167327881
sz.002004,2021-07-13,2026-01-26,0.6502639055252075
sz.002005,2021-07-13,2026-02-27,2.8658535480499268
sz.002006,2021-07-13,2023-02-13,2.464245080947876
sz.002007,2021-07-13,2023-12-01,0.6101804971694946
sz.002008,2021-07-13,2026-06-25,9.61760139465332
sz.002009,2021-07-13,2026-02-24,3.4359130859375
sz.002010,2021-07-13,2026-01-23,1.0968248844146729
sz.002011,2021-07-13,2023-02-02,2.0853888988494873
sz.002012,2021-07-13,2026-05-27,2.3353426456451416
sz.002014,2021-07-13,2026-02-11,1.5738086700439453
sz.002015,2021-07-13,2026-06-03,2.8736917972564697
sz.002016,2021-07-13,2024-11-18,1.38594388961792
sz.002017,2021-07-13,2025-08-18,4.4327073097229
sz.002019,2021-07-13,2025-08-25,0.758542537689209
sz.002020,2021-07-13,2025-09-24,2.1374590396881104
sz.002021,2021-07-13,2026-02-27,2.5206613540649414
sz.002022,2021-07-13,2023-03-17,0.8416001796722412
sz.002023,2021-07-13,2026-01-12,1.557023048400879
sz.002024,2021-07-13,2024-12-16,1.1071429252624512
sz.002025,2021-07-13,2026-07-06,1.7575788497924805
sz.002026,2021-07-13,2026-01-22,1.8571765422821045
sz.002027,2021-07-13,2025-09-01,1.280130386352539
sz.002028,2021-07-13,2026-03-06,8.497888565063477
sz.002029,2021-07-13,2026-01-13,2.199611186981201
sz.002030,2021-07-13,2026-01-27,0.6163522005081177
sz.002031,2021-07-13,2025-03-06,5.70121955871582
sz.002032,2021-07-13,2025-04-02,0.6936898231506348
sz.002033,2021-07-13,2023-04-13,1.2527077198028564
sz.002034,2021-07-13,2026-05-15,0.9863708019256592
sz.002035,2021-07-13,2024-12-12,0.9174236059188843
sz.002036,2021-07-13,2025-02-21,1.4886562824249268
sz.002037,2021-07-13,2025-07-29,2.3388774394989014
sz.002038,2021-07-13,2023-10-18,1.030771255493164
sz.002039,2021-07-13,2026-05-29,1.6611659526824951
sz.002040,2021-07-13,2025-05-22,1.8672549724578857
sz.002041,2021-07-13,2025-04-08,0.635170578956604
sz.002042,2021-07-13,2025-03-18,1.7307753562927246
sz.002043,2021-07-13,2026-02-05,1.8406789302825928
sz.002044,2021-07-13,2026-01-15,1.6076099872589111
sz.002045,2021-07-13,2024-11-25,2.682284116744995
sz.002046,2021-07-13,2026-06-25,8.990591049194336
sz.002047,2021-07-13,2026-03-13,3.224637508392334
sz.002048,2021-07-13,2025-09-29,3.2151970863342285
sz.002049,2021-07-13,2025-10-09,1.0666754245758057
sz.002050,2021-07-13,2026-01-19,3.6132826805114746
sz.002051,2021-07-13,2023-05-08,1.5034210681915283
sz.002052,2021-07-13,2025-08-22,24.312498092651367
sz.002053,2021-07-13,2025-08-29,1.0188109874725342
sz.002054,2021-07-13,2026-02-26,1.634087085723877
sz.002055,2021-07-13,2024-12-26,0.9729729890823364
sz.002056,2021-07-13,2026-07-03,2.171720504760742
sz.002057,2021-07-13,2026-06-22,1.3948137760162354
sz.002058,2021-07-13,2025-10-13,3.605104923248291
sz.002059,2021-07-13,2025-09-22,0.89461350440979
sz.002060,2021-07-13,2023-02-13,1.2721376419067383
sz.002061,2021-07-13,2024-11-07,0.5199304819107056
sz.002062,2021-07-13,2025-10-29,3.016563892364502
sz.002063,2021-07-13,2023-03-13,1.291635274887085
sz.002064,2021-07-13,2026-01-28,1.4563672542572021
sz.002065,2021-07-13,2025-02-24,2.3691587448120117
sz.002066,2021-07-13,2026-05-20,3.1692590713500977
sz.002067,2021-07-13,2025-09-18,2.0179250240325928
sz.002068,2021-07-13,2023-02-09,2.022491455078125
sz.002069,2021-07-13,2025-11-24,1.1940927505493164
sz.002072,2021-07-13,2026-07-03,2.531135320663452
sz.002073,2021-07-13,2025-03-19,1.3104524612426758
sz.002074,2021-07-13,2025-10-09,1.971315860748291
sz.002075,2021-07-13,2024-11-12,1.802565097808838
sz.002076,2021-07-13,2024-12-13,3.1529855728149414
sz.002077,2021-07-13,2023-02-02,3.291750431060791
sz.002078,2021-07-13,2026-02-26,0.8342616558074951
sz.002079,2021-07-13,2026-06-30,1.1407208442687988
sz.002080,2021-07-13,2026-06-26,9.596691131591797
sz.002081,2021-07-13,2026-05-12,1.881394624710083
sz.002082,2021-07-13,2026-04-07,8.404882431030273
sz.002083,2021-07-13,2026-04-14,3.4872617721557617
sz.002084,2021-07-13,2026-09-07,2.4461259841918945
sz.002085,2021-07-13,2024-11-06,6.351507663726807
sz.002086,2021-07-13,2024-12-16,1.4940476417541504
sz.002088,2021-07-13,2023-02-24,0.9742418527603149
sz.002090,2021-07-13,2023-02-07,1.3204126358032227
sz.002091,2021-07-13,2025-11-11,1.001305341720581
sz.002092,2021-07-13,2026-03-13,1.5632529258728027
sz.002093,2021-07-13,2025-03-20,2.348191022872925
sz.002094,2021-07-13,2024-11-01,4.902857303619385
sz.002095,2021-07-13,2024-12-02,1.804628610610962
sz.002096,2021-07-13,2025-07-23,1.394197702407837
sz.002097,2021-07-13,2025-08-14,2.890848398208618
sz.002098,2021-07-13,2025-04-28,1.7747633457183838
sz.002099,2021-07-13,2026-02-26,1.0924170017242432
sz.002100,2021-07-13,2026-09-04,0.5439335107803345
sz.002101,2021-07-13,2023-02-09,2.7731375694274902
sz.002102,2021-07-13,2025-09-12,1.3782384395599365
sz.002103,2021-07-13,2024-12-02,3.552000045776367
sz.002104,2021-07-13,2025-08-18,5.397778511047363
sz.002105,2021-07-13,2025-03-14,2.875916004180908
sz.002106,2021-07-13,2026-07-01,1.880073070526123
sz.002107,2021-07-13,2026-04-16,1.508897066116333
sz.002108,2021-07-13,2026-05-11,1.2745323181152344
sz.002109,2021-07-13,2026-03-19,1.237288236618042
sz.002110,2021-07-13,2025-07-30,1.0039682388305664
sz.002111,2021-07-13,2024-10-23,1.1351354122161865
sz.002112,2021-07-13,2026-03-09,5.006406784057617
sz.002114,2021-07-13,2026-01-28,1.8765742778778076
sz.002115,2021-07-13,2026-01-14,4.744868278503418
sz.002116,2021-07-13,2023-05-08,1.562103033065796
sz.002117,2021-07-13,2025-03-28,1.6897835731506348
sz.002119,2021-07-13,2026-07-01,3.820354461669922
sz.002120,2021-07-13,2024-05-22,0.6081771850585938
sz.002121,2021-07-13,2023-02-14,2.1382977962493896
sz.002122,2021-07-13,2024-12-23,2.132596731185913
sz.002123,2021-07-13,2025-02-14,3.111510753631592
sz.002124,2021-07-13,2025-05-08,0.8316327333450317
sz.002125,2021-07-13,2026-06-16,2.085880994796753
sz.002126,2021-07-13,2026-05-21,7.0917158126831055
sz.002127,2021-07-13,2024-12-16,1.159362554550171
sz.002128,2021-07-13,2026-03-12,3.1279406547546387
sz.002129,2021-07-13,2024-10-28,0.7158322334289551
sz.002130,2021-07-13,2025-09-25,6.11515474319458
sz.002131,2021-07-13,2026-01-15,6.714136600494385
sz.002132,2021-07-13,2026-05-14,2.1615493297576904
sz.002133,2021-07-13,2026-02-25,1.012882947921753
sz.002134,2021-07-13,2026-05-26,4.648880958557129
sz.002135,2021-07-13,2026-05-07,1.7161660194396973
sz.002136,2021-07-13,2025-11-13,1.496642827987671
sz.002137,2021-07-13,2024-12-26,2.1534526348114014
sz.002138,2021-07-13,2026-06-29,3.2333602905273438
sz.002139,2021-07-13,2025-03-07,1.773188591003418
sz.002140,2021-07-13,2026-03-16,1.4592764377593994
sz.002141,2021-07-13,2026-08-18,8.205127716064453
sz.002142,2021-08-02,2026-09-10,1.0906522274017334
sz.002144,2021-07-13,2026-02-27,1.3964698314666748
sz.002145,2021-07-13,2025-10-09,0.95527184009552
sz.002146,2021-07-13,2023-07-31,1.5982906818389893
sz.002148,2021-07-13,2025-08-18,3.2561163902282715
sz.002149,2021-07-13,2026-05-11,7.8139495849609375
sz.002150,2021-07-13,2026-03-25,6.894167900085449
sz.002151,2021-07-13,2026-01-12,2.151146411895752
sz.002152,2021-07-13,2025-02-26,1.0724031925201416
sz.002153,2021-07-13,2026-01-15,2.2976772785186768
sz.002154,2021-07-13,2024-02-19,1.231837511062622
sz.002155,2021-07-13,2026-03-02,6.089789390563965
sz.002156,2021-07-13,2026-07-15,5.293313980102539
sz.002157,2021-07-13,2025-12-15,0.9946523904800415
sz.002158,2021-07-13,2026-06-30,2.08351993560791
sz.002159,2021-07-13,2026-03-16,1.5772480964660645
sz.002160,2021-07-13,2026-01-29,1.7462122440338135
sz.002161,2021-07-13,2025-08-19,1.7532975673675537
sz.002162,2021-07-13,2026-03-04,1.3295018672943115
sz.002163,2021-07-13,2025-12-29,3.679388999938965
sz.002164,2021-07-13,2025-12-19,4.126801013946533
sz.002165,2021-07-13,2026-02-04,4.775041580200195
sz.002166,2021-07-13,2024-05-14,0.6830064058303833
sz.002167,2021-07-13,2026-07-02,5.292270660400391
sz.002168,2021-07-13,2025-08-22,1.5786800384521484
sz.002169,2021-07-13,2026-05-22,3.681748390197754
sz.002170,2021-07-13,2026-03-02,2.9655160903930664
sz.002171,2021-07-13,2026-06-22,2.1307101249694824
sz.002172,2021-08-02,2026-09-18,1.2857141494750977
sz.002173,2021-07-13,2026-01-12,6.072658061981201
sz.002174,2021-07-13,2023-05-05,2.430727243423462
sz.002175,2021-07-13,2024-12-13,3.9813666343688965
sz.002176,2021-07-13,2026-04-29,1.5702874660491943
sz.002177,2021-07-13,2025-08-22,3.478827476501465
sz.002178,2021-07-13,2024-11-08,2.2335526943206787
sz.002179,2021-07-13,2026-06-30,0.6075253486633301
sz.002180,2021-07-13,2024-10-08,0.9237874746322632
sz.002181,2021-07-13,2026-05-15,5.7770161628723145
sz.002182,2021-07-13,2026-03-02,1.6747658252716064
sz.002183,2021-07-13,2026-05-13,1.797370195388794
sz.002184,2021-07-13,2025-01-09,1.643782138824463
sz.002185,2021-07-13,2026-07-14,3.4337573051452637
sz.002186,2021-07-13,2023-03-06,1.3665282726287842
sz.002187,2021-07-13,2025-01-16,1.486419916152954
sz.002188,2021-07-13,2023-02-02,1.6644737720489502
sz.002189,2021-07-13,2025-07-01,1.7624890804290771
sz.002190,2021-07-13,2025-08-26,3.540454387664795
sz.002191,2021-07-13,2024-12-12,0.5060975551605225
sz.002192,2021-07-13,2026-05-06,3.189763069152832
sz.002193,2021-07-13,2024-12-09,2.567164421081543
sz.002194,2021-07-13,2025-08-26,1.5873348712921143
sz.002195,2021-07-13,2026-01-14,6.231588363647461
sz.002196,2021-07-13,2026-01-21,3.851947784423828
sz.002197,2021-07-13,2025-12-25,2.651315927505493
sz.002198,2021-07-13,2024-12-12,0.992546558380127
sz.002199,2021-07-13,2026-05-28,2.515695333480835
sz.002200,2021-07-13,2023-03-03,1.0289576053619385
sz.002201,2021-07-13,2026-01-26,3.205033779144287
sz.002202,2021-07-13,2026-01-12,4.526274681091309
sz.002203,2021-07-13,2026-06-22,2.5467050075531006
sz.002204,2021-07-13,2025-03-26,1.7486066818237305
sz.002205,2021-07-13,2025-11-24,2.050260066986084
sz.002206,2021-07-13,2026-01-30,1.2261009216308594
sz.002207,2021-07-13,2026-03-04,2.9656991958618164
sz.002208,2021-07-13,2026-05-20,5.4344658851623535
sz.002209,2021-07-13,2025-07-16,2.331113576889038
sz.002210,2021-07-13,2025-11-04,2.67460298538208
sz.002211,2021-07-13,2024-12-16,1.7188942432403564
sz.002212,2021-07-13,2025-08-28,2.202031373977661
sz.002213,2021-07-13,2026-05-11,5.309071063995361
sz.002214,2021-07-13,2026-01-23,1.7691309452056885
sz.002215,2021-07-13,2025-08-21,1.9246447086334229
sz.002216,2021-07-13,2026-04-28,0.6559323072433472
sz.002217,2021-07-13,2025-09-03,2.7247705459594727
sz.002218,2021-07-13,2026-02-09,1.9781548976898193
sz.002219,2021-07-13,2023-03-07,1.8990588188171387
sz.002221,2021-07-13,2023-12-12,0.6392536163330078
sz.002222,2021-07-13,2026-05-13,10.4102783203125
sz.002223,2021-07-13,2026-01-14,1.3025429248809814
sz.002224,2021-07-13,2023-11-24,0.527677059173584
sz.002225,2021-07-13,2025-08-15,1.935448408126831
sz.002226,2021-07-13,2025-10-10,0.9871999025344849
sz.002227,2021-07-13,2025-11-14,1.4058823585510254
sz.002228,2021-07-13,2025-12-25,2.1464695930480957
sz.002229,2021-07-13,2023-08-22,8.975770950317383
sz.002230,2021-07-13,2023-06-20,1.5980706214904785
sz.002231,2021-07-13,2024-12-12,1.4576802253723145
sz.002232,2021-07-13,2024-11-14,1.9914331436157227
sz.002233,2021-07-13,2026-02-25,0.7427719831466675
sz.002234,2021-07-13,2023-03-07,0.7556390762329102
sz.002235,2021-07-13,2025-12-11,2.5789475440979004
sz.002236,2021-07-13,2023-04-07,1.3893804550170898
sz.002237,2021-07-13,2026-01-29,1.8167734146118164
sz.002238,2021-07-13,2023-12-27,2.895594835281372
sz.002239,2021-07-13,2023-11-21,0.9521530866622925
sz.002240,2021-07-13,2026-05-06,4.721915245056152
sz.002241,2021-07-13,2025-10-09,1.7991929054260254
sz.002242,2021-07-13,2023-02-20,0.603811502456665
sz.002243,2021-07-13,2026-01-13,1.344839096069336
sz.002244,2021-07-13,2025-09-30,2.5021812915802
sz.002245,2021-07-13,2026-05-27,5.048154354095459
sz.002246,2021-07-13,2026-04-20,3.682271957397461
sz.002247,2021-07-13,2024-11-11,1.941666603088379
sz.002248,2021-07-13,2026-03-11,2.186094045639038
sz.002249,2021-07-13,2025-10-28,2.710113048553467
sz.002250,2021-07-13,2026-02-27,3.2132911682128906
sz.002251,2021-07-13,2025-04-25,1.944000005722046
sz.002252,2021-07-13,2023-12-12,0.6929125785827637
sz.002253,2021-07-13,2024-10-31,2.1402597427368164
sz.002254,2021-07-13,2026-06-25,1.6053671836853027
sz.002255,2021-07-13,2026-01-12,3.0186009407043457
sz.002256,2021-07-13,2026-05-11,3.1503758430480957
sz.002258,2021-07-13,2026-01-28,1.7368197441101074
sz.002259,2021-07-13,2026-02-06,1.9348835945129395
sz.002261,2021-07-13,2025-08-28,8.111570358276367
sz.002262,2021-07-13,2023-06-05,1.8568081855773926
sz.002263,2021-07-13,2026-04-16,1.8722221851348877
sz.002264,2021-07-13,2026-02-05,2.819892406463623
sz.002265,2021-07-13,2025-08-06,5.7809672355651855
sz.002266,2021-07-13,2026-07-07,1.1923692226409912
sz.002267,2021-07-13,2025-08-19,0.9655096530914307
sz.002268,2021-07-13,2026-01-12,1.0659446716308594
sz.002269,2021-07-13,2025-09-18,1.9900989532470703
sz.002270,2021-07-13,2026-03-10,8.84292221069336
sz.002271,2021-07-13,2026-03-02,1.342790126800537
sz.002272,2021-07-13,2026-05-20,6.532984256744385
sz.002273,2021-07-13,2026-05-28,4.4521870613098145
sz.002274,2021-07-13,2026-09-02,0.5377969741821289
sz.002275,2021-07-13,2023-05-05,1.133962869644165
sz.002276,2021-07-13,2025-09-22,2.477940320968628
sz.002277,2021-07-13,2025-08-29,3.0289855003356934
sz.002278,2021-07-13,2025-10-27,3.825880527496338
sz.002279,2021-07-13,2026-01-27,1.8853332996368408
sz.002281,2021-07-13,2026-06-22,19.26812744140625
sz.002282,2021-07-13,2025-02-17,0.8567982912063599
sz.002283,2021-07-13,2026-05-14,2.405168294906616
sz.002284,2021-07-13,2026-01-23,2.2271344661712646
sz.002285,2021-07-13,2024-11-07,1.6490066051483154
sz.002286,2021-07-13,2025-07-02,1.7118275165557861
sz.002287,2021-07-13,2025-08-04,1.249239206314087
sz.002289,2021-07-13,2026-07-06,18.65873146057129
sz.002290,2021-07-13,2026-05-14,17.273366928100586
sz.002291,2021-07-13,2024-12-18,1.7233500480651855
sz.002292,2021-07-13,2023-06-07,2.5112993717193604
sz.002293,2021-07-13,2026-07-21,1.1948893070220947
sz.002294,2021-07-13,2026-04-02,2.433251142501831
sz.002295,2021-07-13,2025-10-09,2.9848053455352783
sz.002296,2021-07-13,2026-02-27,2.1833505630493164
sz.002297,2021-07-13,2026-06-24,5.8553972244262695
sz.002298,2021-07-13,2025-10-10,3.4760384559631348
sz.002299,2021-07-13,2026-03-06,0.9621520042419434
sz.002300,2021-07-13,2025-12-16,1.928511381149292
sz.002301,2021-07-13,2024-12-02,1.2039909362792969
sz.002302,2021-07-13,2024-10-17,0.8191488981246948
sz.002303,2021-08-02,2026-09-16,2.2222049236297607
sz.002304,2021-07-13,2023-02-13,0.3846982717514038
sz.002305,2021-07-13,2025-08-18,2.48799991607666
sz.002306,2021-07-13,2023-12-29,1.4599156379699707
sz.002307,2021-07-13,2025-12-02,1.2427451610565186
sz.002309,2021-07-13,2026-04-07,2.7092196941375732
sz.002310,2021-07-13,2026-03-27,3.7407407760620117
sz.002311,2021-07-13,2025-09-15,0.9857507944107056
sz.002312,2021-07-13,2024-11-05,3.5790982246398926
sz.002313,2021-07-13,2025-08-08,1.9741549491882324
sz.002314,2021-07-13,2025-07-10,0.9243242740631104
sz.002315,2021-07-13,2026-01-14,4.950152397155762
sz.002316,2021-07-13,2023-07-25,2.138392925262451
sz.002317,2021-07-13,2026-07-15,3.3674659729003906
sz.002318,2021-07-13,2026-02-12,2.736132860183716
sz.002319,2021-07-13,2026-02-04,0.9633837938308716
sz.002320,2021-07-13,2025-11-05,2.401885747909546
sz.002321,2021-07-13,2025-11-20,1.6470589637756348
sz.002322,2021-07-13,2024-10-08,1.402588129043579
sz.002323,2021-07-13,2026-03-18,1.970588207244873
sz.002324,2021-07-13,2026-01-12,2.419631242752075
sz.002326,2021-07-13,2025-11-17,3.2565159797668457
sz.002327,2021-07-13,2024-06-04,0.9321649074554443
sz.002328,2021-07-13,2026-04-16,2.3763465881347656
sz.002329,2021-07-13,2023-02-01,1.2643389701843262
sz.002330,2021-07-13,2025-12-23,0.5868945121765137
sz.002331,2021-07-13,2026-01-16,1.2987723350524902
sz.002332,2021-07-13,2023-06-05,0.9311420917510986
sz.002333,2021-07-13,2023-09-21,0.8787186145782471
sz.002334,2021-07-13,2023-05-24,2.017977714538574
sz.002335,2021-07-13,2025-09-25,3.660490036010742
sz.002337,2021-07-13,2025-10-28,1.5316269397735596
sz.002338,2021-07-13,2026-01-12,3.9249095916748047
sz.002339,2021-07-13,2026-03-09,1.9789845943450928
sz.002340,2021-07-13,2026-02-27,1.4562485218048096
sz.002342,2021-07-13,2026-05-11,6.974820137023926
sz.002343,2021-07-13,2023-04-26,1.9326426982879639
sz.002344,2021-07-13,2024-11-22,1.2203595638275146
sz.002345,2021-07-13,2025-06-04,4.0882391929626465
sz.002346,2021-07-13,2026-08-19,3.167797088623047
sz.002347,2021-07-13,2026-01-12,3.1439456939697266
sz.002348,2021-07-13,2026-05-29,7.586592674255371
sz.002349,2021-07-13,2023-02-17,1.5441393852233887
sz.002350,2021-07-13,2026-05-13,3.8734378814697266
sz.002351,2021-07-13,2023-05-08,2.341151237487793
sz.002352,2021-07-13,2025-06-24,0.573645830154419
sz.002353,2021-07-13,2026-06-22,6.97182035446167
sz.002354,2021-07-13,2026-07-02,3.136000156402588
sz.002355,2021-07-13,2024-12-11,1.8745763301849365
sz.002356,2021-07-13,2025-12-02,0.7977099418640137
sz.002357,2021-07-13,2026-03-06,2.666046142578125
sz.002358,2021-07-13,2026-03-09,3.1044721603393555
sz.002360,2021-07-13,2026-04-22,0.7128713130950928
sz.002361,2021-07-13,2026-04-22,9.109243392944336
sz.002362,2021-07-13,2023-03-02,2.3200340270996094
sz.002363,2021-07-13,2025-12-26,1.6475048065185547
sz.002364,2021-07-13,2026-05-28,12.91240406036377
sz.002365,2021-07-13,2025-07-07,4.484038352966309
sz.002366,2021-07-13,2025-07-07,2.4370627403259277
sz.002367,2021-07-13,2026-03-10,0.6798021793365479
sz.002368,2021-07-13,2023-04-19,2.315669536590576
sz.002369,2021-07-13,2025-03-06,4.408450603485107
sz.002370,2021-07-13,2025-11-04,2.9911892414093018
sz.002371,2021-07-13,2026-07-01,5.0473761558532715
sz.002372,2021-07-13,2023-03-06,0.69187331199646
sz.002373,2021-07-13,2023-04-20,0.9044665098190308
sz.002374,2021-07-13,2025-11-12,1.5828220844268799
sz.002375,2021-07-13,2026-05-13,0.6613987684249878
sz.002376,2021-07-13,2025-06-12,0.9216883182525635
sz.002377,2021-07-13,2026-03-02,1.6232876777648926
sz.002378,2021-07-13,2026-03-04,10.708538055419922
sz.002379,2021-07-13,2026-03-12,9.916108131408691
sz.002380,2021-07-13,2026-05-22,4.747365474700928
sz.002381,2021-07-13,2024-04-24,0.6431251764297485
sz.002382,2021-07-13,2026-04-07,1.057007074356079
sz.002383,2021-07-13,2026-01-12,2.0159049034118652
sz.002384,2021-07-13,2026-06-25,23.28959083557129
sz.002385,2021-07-13,2023-02-03,0.40902483463287354
sz.002386,2021-07-13,2026-04-29,1.0564970970153809
sz.002387,2021-07-13,2024-11-18,1.7055554389953613
sz.002388,2021-08-02,2026-09-18,1.4931035041809082
sz.002389,2021-07-13,2026-03-05,1.486732006072998
sz.002390,2021-07-13,2024-12-26,0.6921085119247437
sz.002391,2021-07-13,2025-06-09,0.6061321496963501
sz.002392,2021-07-13,2026-05-14,2.9835102558135986
sz.002393,2021-07-13,2025-07-18,1.2945804595947266
sz.002394,2021-07-13,2026-01-12,2.5350630283355713
sz.002395,2021-07-13,2024-01-10,2.295292615890503
sz.002396,2021-07-13,2026-08-31,3.4233765602111816
sz.002397,2021-07-13,2026-05-12,2.295454740524292
sz.002398,2021-07-13,2025-11-26,1.1953182220458984
sz.002399,2021-07-13,2025-07-23,1.0019872188568115
sz.002400,2021-07-13,2026-01-14,2.7548348903656006
sz.002401,2021-07-13,2023-06-20,3.4242591857910156
sz.002402,2021-07-13,2025-10-30,5.457680702209473
sz.002403,2021-07-13,2024-12-13,3.590196132659912
sz.002404,2021-07-13,2026-06-03,0.9893743991851807
sz.002405,2021-07-13,2024-11-12,1.0319149494171143
sz.002406,2021-07-13,2025-03-21,1.7654328346252441
sz.002407,2021-07-13,2026-07-01,5.000542163848877
sz.002408,2021-07-13,2026-04-13,0.8478779792785645
sz.002409,2021-07-13,2026-07-01,6.048888206481934
sz.002410,2021-07-13,2023-04-03,0.8615032434463501
sz.002412,2021-07-13,2026-08-27,2.439971923828125
sz.002413,2021-07-13,2026-01-12,5.15596342086792
sz.002414,2021-07-13,2026-01-23,2.804454803466797
sz.002415,2021-07-13,2026-08-04,0.6340968608856201
sz.002416,2021-07-13,2024-11-06,2.65368390083313
sz.002418,2021-07-13,2026-04-20,3.3935484886169434
sz.002419,2021-07-13,2024-12-26,0.5685786008834839
sz.002420,2021-07-13,2026-01-27,1.8409090042114258
sz.002421,2021-07-13,2026-06-08,1.690140724182129
sz.002422,2021-07-13,2026-07-23,2.8840370178222656
sz.002423,2021-07-13,2024-10-31,2.7470664978027344
sz.002424,2021-07-13,2025-08-04,1.166123867034912
sz.002425,2021-07-13,2025-09-11,1.2233502864837646
sz.002426,2021-07-13,2026-01-23,2.246478796005249
sz.002427,2021-07-13,2025-05-28,2.930147171020508
sz.002428,2021-07-13,2026-06-25,15.676887512207031
sz.002429,2021-07-13,2026-05-14,3.7027411460876465
sz.002430,2021-07-13,2026-01-12,1.1071984767913818
sz.002431,2021-07-13,2025-11-06,1.2357141971588135
sz.002432,2021-07-13,2026-04-10,16.218469619750977
sz.002434,2021-07-13,2026-01-23,1.5330114364624023
sz.002436,2021-07-13,2026-06-25,6.320930480957031
sz.002437,2021-07-13,2026-08-17,1.9642856121063232
sz.002438,2021-07-13,2026-02-12,1.356015682220459
sz.002439,2021-07-13,2023-04-20,1.2658250331878662
sz.002440,2021-07-13,2026-02-10,2.1901705265045166
sz.002441,2021-07-13,2026-02-26,1.0157365798950195
sz.002442,2021-07-13,2026-05-22,1.4468138217926025
sz.002443,2021-07-13,2026-05-19,1.8481810092926025
sz.002444,2021-07-13,2026-01-23,2.0289907455444336
sz.002445,2021-07-13,2026-03-13,1.7888197898864746
sz.002446,2021-07-13,2026-01-15,2.030991792678833
sz.002448,2021-07-13,2026-03-06,2.9382681846618652
sz.002449,2021-07-13,2025-01-03,1.587843894958496
sz.002451,2021-07-13,2025-11-13,2.6197471618652344
sz.002452,2021-07-13,2026-07-06,2.216479778289795
sz.002453,2021-07-13,2025-09-25,2.0030767917633057
sz.002454,2021-07-13,2026-04-20,1.3105154037475586
sz.002455,2021-07-13,2026-03-12,3.299532890319824
sz.002456,2021-07-13,2024-11-12,3.0833334922790527
sz.002457,2021-07-13,2026-07-10,1.6968586444854736
sz.002458,2021-07-13,2023-03-06,1.0461921691894531
sz.002459,2021-07-13,2024-10-31,1.1000001430511475
sz.002460,2021-07-13,2026-05-06,2.6292266845703125
sz.002461,2021-07-13,2025-06-04,0.9503114223480225
sz.002462,2021-07-13,2026-01-07,0.9302455186843872
sz.002463,2021-07-13,2026-06-25,15.933696746826172
sz.002465,2021-07-13,2026-01-14,2.5690648555755615
sz.002466,2021-07-13,2026-05-06,2.2775771617889404
sz.002467,2021-07-13,2024-11-28,2.144876480102539
sz.002468,2021-07-13,2025-08-21,2.0462708473205566
sz.002469,2021-07-13,2024-11-25,2.296773672103882
sz.002470,2021-07-13,2026-03-17,1.8125
sz.002471,2021-07-13,2026-02-09,4.806966781616211
sz.002472,2021-07-13,2025-09-23,2.1601667404174805
sz.002474,2021-07-13,2025-11-25,2.6366050243377686
sz.002475,2021-07-13,2026-05-13,2.2532763481140137
sz.002476,2021-07-13,2026-01-05,1.329493761062622
sz.002478,2021-07-13,2026-03-06,3.20426082611084
sz.002479,2021-08-02,2026-09-09,1.0089807510375977
sz.002480,2021-07-13,2025-08-04,1.6713781356811523
sz.002481,2021-07-13,2024-12-12,1.0731251239776611
sz.002482,2021-07-13,2024-12-04,1.0472972393035889
sz.002483,2021-07-13,2026-03-06,1.429244041442871
sz.002484,2021-07-13,2026-06-25,9.13473892211914
sz.002485,2021-07-13,2026-07-06,1.7488985061645508
sz.002486,2021-07-13,2025-11-13,1.4485292434692383
sz.002487,2021-07-13,2026-04-20,11.123983383178711
sz.002488,2021-07-13,2025-06-09,2.537914752960205
sz.002489,2021-07-13,2026-05-19,0.9101783037185669
sz.002490,2021-07-13,2026-03-09,8.390070915222168
sz.002491,2021-07-13,2026-06-25,11.664473533630371
sz.002492,2021-07-13,2026-02-24,1.7324249744415283
sz.002493,2021-07-13,2026-03-02,1.096745252609253
sz.002494,2021-07-13,2026-05-08,1.259786605834961
sz.002495,2021-07-13,2024-12-12,1.4883720874786377
sz.002496,2021-07-13,2024-06-12,1.5634920597076416
sz.002497,2021-07-13,2026-05-06,2.888993740081787
sz.002498,2021-07-13,2026-05-13,2.993638515472412
sz.002500,2021-07-13,2024-11-07,0.6263982057571411
sz.002501,2021-07-13,2026-01-06,1.8775510787963867
sz.002506,2021-07-13,2026-03-10,2.468571424484253
sz.002507,2021-07-13,2024-11-07,0.37758612632751465
sz.002508,2021-07-13,2023-02-21,0.5731707811355591
sz.002510,2021-07-13,2026-02-24,2.085019588470459
sz.002511,2021-07-13,2026-02-27,0.5203027725219727
sz.002512,2021-07-13,2025-12-10,2.3499999046325684
sz.002513,2021-07-13,2025-09-30,2.3440513610839844
sz.002514,2021-07-13,2023-02-13,2.950437307357788
sz.002515,2021-07-13,2026-06-25,2.1669130325317383
sz.002516,2021-07-13,2026-01-23,1.2682552337646484
sz.002517,2021-07-13,2025-09-25,6.982497215270996
sz.002518,2021-07-13,2026-05-19,4.100352764129639
sz.002519,2021-07-13,2026-01-12,2.342237710952759
sz.002520,2021-07-13,2024-12-06,1.592592477798462
sz.002521,2021-07-13,2024-05-20,2.4514153003692627
sz.002522,2021-07-13,2026-06-29,1.905212640762329
sz.002523,2021-07-13,2026-01-12,1.4544126987457275
sz.002524,2021-07-13,2026-01-27,0.884745717048645
sz.002526,2021-07-13,2024-12-06,2.10046124458313
sz.002527,2021-07-13,2025-09-16,3.161406993865967
sz.002528,2021-07-13,2023-03-08,3.756272792816162
sz.002529,2021-07-13,2024-10-31,1.2971177101135254
sz.002530,2021-07-13,2025-02-26,1.4053571224212646
sz.002531,2021-07-13,2026-04-22,1.0645968914031982
sz.002532,2021-07-13,2026-01-28,3.5728745460510254
sz.002533,2021-07-13,2026-03-06,2.470210552215576
sz.002534,2021-07-13,2026-05-28,1.8838696479797363
sz.002535,2021-07-13,2023-07-18,2.7419354915618896
sz.002536,2021-07-13,2026-09-03,14.04361629486084
sz.002537,2021-07-13,2025-08-26,1.715935230255127
sz.002538,2021-07-13,2026-03-06,0.9981087446212769
sz.002539,2021-07-13,2026-02-25,1.7395210266113281
sz.002540,2021-07-13,2026-01-28,1.5180656909942627
sz.002541,2021-07-13,2026-02-26,1.3455872535705566
sz.002542,2021-07-13,2024-11-07,4.014705657958984
sz.002543,2021-07-13,2025-08-08,1.8371381759643555
sz.002544,2021-07-13,2026-01-12,2.3825089931488037
sz.002545,2021-07-13,2026-03-02,4.496123790740967
sz.002546,2021-07-13,2026-03-10,3.0560312271118164
sz.002547,2021-07-13,2025-09-11,2.0176990032196045
sz.002548,2021-07-13,2026-02-27,1.1691842079162598
sz.002549,2021-07-13,2025-10-14,5.068085193634033
sz.002550,2021-07-13,2025-07-21,2.3633499145507812
sz.002551,2021-07-13,2025-08-19,1.369823694229126
sz.002552,2021-07-13,2026-06-22,6.665809154510498
sz.002553,2021-07-13,2025-08-28,4.31739616394043
sz.002554,2021-07-13,2026-03-03,1.442857027053833
sz.002555,2021-07-13,2026-01-13,1.6807975769042969
sz.002556,2021-07-13,2025-06-12,0.9530801773071289
sz.002557,2021-07-13,2024-09-30,0.39128637313842773
sz.002558,2021-07-13,2026-01-20,6.313162326812744
sz.002559,2021-07-13,2026-07-02,2.1623103618621826
sz.002560,2021-07-13,2026-05-13,3.2129712104797363
sz.002561,2021-07-13,2023-03-06,0.81291663646698
sz.002562,2021-07-13,2025-10-15,2.158914566040039
sz.002563,2021-07-13,2025-04-03,0.7914854288101196
sz.002564,2021-07-13,2025-10-09,2.575187921524048
sz.002565,2021-07-13,2026-01-12,9.570055961608887
sz.002566,2021-07-13,2025-12-03,0.7218549251556396
sz.002567,2021-07-13,2023-04-06,0.593309760093689
sz.002568,2021-07-13,2023-04-10,1.1606621742248535
sz.002569,2021-07-13,2026-05-14,3.1505885124206543
sz.002570,2021-07-13,2025-08-01,2.3663792610168457
sz.002571,2021-07-13,2026-01-12,2.8452720642089844
sz.002572,2021-07-13,2023-03-02,0.7091838121414185
sz.002573,2021-07-13,2024-11-11,0.4037266969680786
sz.002574,2021-07-13,2025-03-18,1.3334932327270508
sz.002575,2021-07-13,2025-03-04,2.2766499519348145
sz.002576,2021-07-13,2023-02-06,1.7900683879852295
sz.002577,2021-07-13,2025-02-26,2.3162684440612793
sz.002578,2021-07-13,2025-12-08,1.3978917598724365
sz.002579,2021-07-13,2026-06-26,3.25
sz.002580,2021-07-13,2026-05-13,5.673271656036377
sz.002581,2021-07-13,2026-09-07,0.8935483694076538
sz.002582,2021-07-13,2026-01-23,3.057680130004883
sz.002583,2021-07-13,2024-10-31,7.367953300476074
sz.002584,2021-07-13,2023-11-20,1.5924453735351562
sz.002585,2021-07-13,2026-06-17,2.6261048316955566
sz.002586,2021-07-13,2026-03-18,3.078740119934082
sz.002587,2021-07-13,2023-12-27,1.3326103687286377
sz.002588,2021-07-13,2026-03-13,1.516650915145874
sz.002589,2021-07-13,2025-12-08,1.2403342723846436
sz.002590,2021-07-13,2024-05-06,2.1511476039886475
sz.002591,2021-07-13,2026-05-18,1.74698805809021
sz.002592,2021-07-13,2026-01-26,2.0945277214050293
sz.002593,2021-07-13,2024-12-12,2.560784339904785
sz.002594,2021-07-13,2025-05-23,1.4550011157989502
sz.002595,2021-07-13,2026-02-12,4.920605659484863
sz.002596,2021-07-13,2025-12-01,4.267716884613037
sz.002597,2021-07-13,2026-02-27,0.8361684083938599
sz.002598,2021-07-13,2025-08-19,1.400939702987671
sz.002599,2021-07-13,2025-02-26,2.807373046875
sz.002600,2021-07-13,2026-01-12,3.7974843978881836
sz.002601,2021-07-13,2026-02-27,0.7914952039718628
sz.002602,2021-07-13,2025-09-25,6.25082540512085
sz.002603,2021-07-13,2023-05-04,1.1311709880828857
sz.002605,2021-07-13,2023-06-16,2.8855748176574707
sz.002606,2021-07-13,2026-06-01,2.0500025749206543
sz.002607,2021-07-13,2024-12-18,2.115108013153076
sz.002608,2021-07-13,2026-06-04,1.0493521690368652
sz.002609,2021-07-13,2023-11-27,1.2045245170593262
sz.002611,2021-07-13,2025-11-05,5.06320858001709
sz.002612,2021-07-13,2025-11-19,0.9613252878189087
sz.002613,2021-07-13,2023-02-03,0.9326921701431274
sz.002614,2021-07-13,2024-12-16,0.6279070377349854
sz.002615,2021-07-13,2025-06-16,1.6960558891296387
sz.002616,2021-07-13,2025-09-17,1.2177622318267822
sz.002617,2021-07-13,2025-09-17,1.4850573539733887
sz.002620,2021-07-13,2026-04-24,3.83259916305542
sz.002622,2021-07-13,2025-09-17,2.613445520401001
sz.002623,2021-07-13,2026-02-11,1.587209939956665
sz.002624,2021-07-13,2026-02-10,2.2572669982910156
sz.002625,2021-07-13,2026-01-12,4.575015068054199
sz.002626,2021-07-13,2025-10-16,1.0584297180175781
sz.002627,2021-07-13,2026-02-05,1.4980926513671875
sz.002628,2021-07-13,2024-10-31,3.3966479301452637
sz.002629,2021-07-13,2025-11-14,5.581080913543701
sz.002630,2021-07-13,2025-03-26,2.2443182468414307
sz.002631,2021-08-02,2026-09-18,3.0833334922790527
sz.002632,2021-07-13,2025-12-03,2.854748487472534
sz.002633,2021-07-13,2026-03-11,2.821892261505127
sz.002634,2021-07-13,2026-04-08,2.5421247482299805
sz.002635,2021-07-13,2026-07-03,1.2307391166687012
sz.002636,2021-07-13,2026-06-30,24.737836837768555
sz.002637,2021-07-13,2026-03-16,1.3368573188781738
sz.002638,2021-07-13,2026-05-13,2.4499998092651367
sz.002639,2021-07-13,2026-01-13,4.7373948097229
sz.002640,2021-07-13,2024-12-05,4.328125
sz.002641,2021-07-13,2024-01-12,0.8354309797286987
sz.002642,2021-07-13,2023-10-09,1.719817876815796
sz.002643,2021-07-13,2026-07-01,1.8645517826080322
sz.002644,2021-07-13,2023-04-19,1.0819957256317139
sz.002645,2021-07-13,2026-06-18,6.647946357727051
sz.002646,2021-07-13,2024-12-12,0.501225471496582
sz.002647,2021-07-13,2026-05-08,4.0699944496154785
sz.002648,2021-07-13,2026-04-13,1.5690414905548096
sz.002649,2021-07-13,2025-02-13,1.3142075538635254
sz.002650,2021-07-13,2026-05-14,4.217391014099121
sz.002651,2021-07-13,2025-08-22,2.6157009601593018
sz.002652,2021-07-13,2026-05-08,2.732954502105713
sz.002653,2021-07-13,2026-07-16,5.280754566192627
sz.002654,2021-07-13,2026-06-30,6.346534252166748
sz.002655,2021-07-13,2026-06-26,5.807185649871826
sz.002656,2021-07-13,2026-05-25,3.2117648124694824
sz.002657,2021-07-13,2025-08-22,3.893153190612793
sz.002658,2021-07-13,2026-02-27,1.5225811004638672
sz.002659,2021-07-13,2026-01-14,1.5496454238891602
sz.002660,2021-07-13,2024-01-02,1.3493316173553467
sz.002661,2021-07-13,2024-12-12,0.7678035497665405
sz.002662,2021-07-13,2026-01-21,0.9770655632019043
sz.002663,2021-07-13,2024-12-11,1.1512603759765625
sz.002664,2021-07-13,2025-09-17,2.2849161624908447
sz.002666,2021-07-13,2026-03-16,0.8636870384216309
sz.002667,2021-07-13,2026-04-29,6.674943923950195
sz.002668,2021-07-13,2025-01-09,2.4228856563568115
sz.002669,2021-07-13,2026-06-10,1.7065119743347168
sz.002670,2021-07-13,2025-09-30,2.29364013671875
sz.002671,2021-07-13,2026-02-25,0.9609119892120361
sz.002672,2021-07-13,2025-11-17,0.6901841163635254
sz.002673,2021-07-13,2024-11-11,0.9321953058242798
sz.002674,2021-07-13,2026-07-13,3.827117919921875
sz.002675,2021-07-13,2023-02-06,0.9731380939483643
sz.002676,2021-07-13,2025-08-18,3.141385555267334
sz.002677,2021-07-13,2026-01-08,0.6838350296020508
sz.002678,2021-07-13,2025-10-24,1.0450451374053955
sz.002679,2021-07-13,2025-11-17,1.736280918121338
sz.002681,2021-07-13,2024-12-11,2.733096122741699
sz.002682,2021-07-13,2025-12-15,2.763406753540039
sz.002683,2021-07-13,2026-01-19,2.9788014888763428
sz.002685,2021-07-13,2024-10-31,3.799065589904785
sz.002686,2021-07-13,2026-04-20,1.2682337760925293
sz.002687,2021-07-13,2026-08-24,0.8306379318237305
sz.002688,2021-07-13,2025-04-10,1.8853094577789307
sz.002689,2021-07-13,2025-11-06,1.4880383014678955
sz.002690,2021-07-13,2023-04-03,1.1485276222229004
sz.002691,2021-07-13,2025-02-13,2.452261209487915
sz.002692,2021-07-13,2026-04-20,1.7058589458465576
sz.002693,2021-07-13,2024-10-29,9.231999397277832
sz.002694,2021-07-13,2023-08-08,2.281249761581421
sz.002695,2021-07-13,2025-08-11,1.6993577480316162
sz.002696,2021-07-13,2025-11-19,1.1911358833312988
sz.002697,2021-07-13,2025-12-17,0.781584620475769
sz.002698,2021-07-13,2025-02-26,1.335174560546875
sz.002700,2021-07-13,2024-11-11,2.4732182025909424
sz.002701,2021-07-13,2025-10-15,0.849141001701355
sz.002702,2021-07-13,2025-12-09,2.723905563354492
sz.002703,2021-07-13,2026-01-13,5.98473596572876
sz.002705,2021-07-13,2026-04-24,0.7899552583694458
sz.002706,2021-07-13,2026-05-28,1.832756519317627
sz.002707,2021-07-13,2023-04-13,1.38228440284729
sz.002708,2021-08-02,2026-09-17,3.149038314819336
sz.002709,2021-07-13,2026-05-06,3.998969554901123
sz.002712,2021-07-13,2023-05-10,1.732043981552124
sz.002713,2021-07-13,2026-04-16,9.022520065307617
sz.002714,2021-07-13,2025-09-15,0.9225956201553345
sz.002715,2021-07-13,2025-09-22,2.7287790775299072
sz.002716,2021-07-13,2026-01-29,8.976414680480957
sz.002717,2021-07-13,2024-12-20,5.75
sz.002718,2021-07-13,2026-06-24,12.796734809875488
sz.002719,2021-07-13,2023-02-23,1.1815385818481445
sz.002721,2021-07-13,2025-07-09,1.37864089012146
sz.002722,2021-07-13,2025-08-21,1.1224579811096191
sz.002723,2021-07-13,2026-02-11,1.4618644714355469
sz.002724,2021-07-13,2025-03-24,1.3325002193450928
sz.002725,2021-07-13,2025-12-11,2.5576648712158203
sz.002726,2021-07-13,2026-08-20,1.5
sz.002727,2021-07-13,2023-03-16,0.9289231300354004
sz.002728,2021-07-13,2023-12-05,2.087965250015259
sz.002729,2021-07-13,2026-05-19,1.5665111541748047
sz.002730,2021-07-13,2026-05-11,5.658267498016357
sz.002731,2021-07-13,2025-06-16,2.0842885971069336
sz.002732,2021-07-13,2023-07-11,0.5471981763839722
sz.002733,2021-07-13,2026-06-15,2.92499041557312
sz.002734,2021-07-13,2025-08-07,3.736042022705078
sz.002735,2021-07-13,2026-01-12,2.4175446033477783
sz.002736,2021-07-13,2025-08-25,1.1873903274536133
sz.002737,2021-07-13,2024-05-14,1.489309549331665
sz.002738,2021-07-13,2026-01-23,3.071622371673584
sz.002739,2021-07-13,2024-03-22,0.6735966205596924
sz.002741,2021-07-13,2026-06-22,3.770583152770996
sz.002742,2021-07-13,2026-08-28,4.176517963409424
sz.002743,2021-07-13,2024-12-20,1.5075750350952148
sz.002745,2021-07-13,2026-07-10,1.322463035583496
sz.002746,2021-07-13,2023-02-06,0.4738287925720215
sz.002747,2021-07-13,2026-07-07,3.2489914894104004
sz.002748,2021-07-13,2025-10-27,2.6799466609954834
sz.002749,2021-07-13,2024-06-04,1.5361602306365967
sz.002752,2021-07-13,2025-12-26,1.3864293098449707
sz.002753,2021-07-13,2025-11-20,0.8117656707763672
sz.002755,2021-07-13,2025-08-01,3.0144553184509277
sz.002756,2021-07-13,2026-05-06,2.0489399433135986
sz.002757,2021-07-13,2026-05-13,2.8176393508911133
sz.002758,2021-07-13,2023-02-03,0.9033153057098389
sz.002759,2021-07-13,2026-01-06,8.250903129577637
sz.002760,2021-07-13,2025-03-11,1.278491735458374
sz.002761,2021-07-13,2023-02-06,2.2430477142333984
sz.002762,2021-07-13,2026-08-12,1.466219186782837
sz.002763,2021-07-13,2026-05-13,0.8417420387268066
sz.002765,2021-07-13,2025-05-06,3.564770221710205
sz.002766,2021-07-13,2024-12-11,1.5096774101257324
sz.002767,2021-07-13,2025-10-21,1.8865070343017578
sz.002768,2021-08-02,2026-09-18,5.06317138671875
sz.002769,2021-07-13,2026-01-14,2.22902512550354
sz.002771,2021-07-13,2023-10-26,3.8388748168945312
sz.002772,2021-07-13,2026-03-12,2.6688294410705566
sz.002773,2021-07-13,2025-08-14,2.9172935485839844
sz.002774,2021-08-02,2026-09-18,3.358062267303467
sz.002775,2021-07-13,2025-08-05,2.40116286277771
sz.002777,2021-07-13,2023-04-11,2.701209783554077
sz.002778,2021-07-13,2025-12-01,1.9449877738952637
sz.002779,2021-07-13,2025-12-12,18.666908264160156
sz.002780,2021-07-13,2025-11-14,1.3160436153411865
sz.002782,2021-07-13,2026-05-20,2.8200738430023193
sz.002783,2021-07-13,2023-12-29,0.9108972549438477
sz.002785,2021-07-13,2026-05-11,2.275362253189087
sz.002786,2021-07-13,2023-12-25,3.156378746032715
sz.002787,2021-07-13,2026-07-01,6.465524673461914
sz.002788,2021-07-13,2026-01-08,3.659965991973877
sz.002789,2021-07-13,2026-06-18,1.364069938659668
sz.002790,2021-07-13,2024-05-07,1.659327745437622
sz.002791,2021-07-13,2024-10-08,0.6377171277999878
sz.002792,2021-07-13,2026-01-13,8.146361351013184
sz.002793,2021-07-13,2025-07-31,0.9578313827514648
sz.002795,2021-07-13,2026-05-20,2.1677019596099854
sz.002796,2021-07-13,2026-03-11,10.254669189453125
sz.002797,2021-07-13,2024-11-07,1.2284014225006104
sz.002798,2021-07-13,2026-05-11,1.8456377983093262
sz.002799,2021-07-13,2024-12-13,0.9385271072387695
sz.002800,2021-07-13,2026-03-16,2.0914857387542725
sz.002801,2021-07-13,2025-03-31,1.6992206573486328
sz.002802,2021-07-13,2026-04-17,1.5902283191680908
sz.002803,2021-07-13,2026-06-25,2.008751630783081
sz.002805,2021-07-13,2026-06-24,2.315906524658203
sz.002806,2021-07-13,2026-06-18,2.5147056579589844
sz.002807,2021-07-13,2025-10-22,0.7160805463790894
sz.002808,2021-07-13,2025-10-31,3.4583334922790527
sz.002809,2021-07-13,2025-05-16,1.942558765411377
sz.002810,2021-07-13,2026-05-07,1.918004035949707
sz.002811,2021-07-13,2026-02-25,2.9238619804382324
sz.002812,2021-07-13,2026-05-06,2.577850341796875
sz.002813,2021-07-13,2023-07-11,0.9318289756774902
sz.002815,2021-08-02,2026-09-17,2.827688455581665
sz.002816,2021-07-13,2026-06-30,3.1023192405700684
sz.002817,2021-07-13,2026-03-10,0.747870683670044
sz.002818,2021-07-13,2024-12-31,0.7000434398651123
sz.002819,2021-07-13,2025-05-19,0.9613552093505859
sz.002820,2021-07-13,2024-12-04,2.1318519115448
sz.002821,2021-07-13,2026-07-15,2.3263561725616455
sz.002822,2021-07-13,2024-12-09,3.8279571533203125
sz.002823,2021-07-13,2026-06-04,2.133518695831299
sz.002824,2021-07-13,2026-06-22,2.5707409381866455
sz.002825,2021-07-13,2025-10-17,1.657423734664917
sz.002826,2021-07-13,2025-08-20,3.1969308853149414
sz.002827,2021-07-13,2026-09-07,8.025089263916016
sz.002828,2021-07-13,2026-03-03,1.6771843433380127
sz.002829,2021-07-13,2026-01-12,1.9266440868377686
sz.002830,2021-07-13,2026-02-09,3.3872618675231934
sz.002831,2021-07-13,2026-06-24,1.8032011985778809
sz.002832,2021-07-13,2026-09-04,0.8481870889663696
sz.002833,2021-07-13,2026-05-14,1.1169002056121826
sz.002835,2021-07-13,2024-04-19,1.8829092979431152
sz.002836,2021-07-13,2026-01-16,3.221836566925049
sz.002837,2021-07-13,2026-04-20,18.60758399963379
sz.002838,2021-07-13,2026-05-18,3.6932783126831055
sz.002839,2021-07-13,2025-12-03,0.4245893955230713
sz.002840,2021-07-13,2024-05-14,1.9174797534942627
sz.002841,2021-07-13,2026-07-10,1.011251449584961
sz.002842,2021-07-13,2026-06-22,11.50826358795166
sz.002843,2021-07-13,2025-02-21,3.228384494781494
sz.002845,2021-07-13,2023-11-14,0.8879002332687378
sz.002846,2021-07-13,2025-09-10,3.229659080505371
sz.002847,2021-07-13,2025-06-04,3.1819591522216797
sz.002848,2021-07-13,2026-05-26,2.6374998092651367
sz.002849,2021-07-13,2023-11-28,2.0407915115356445
sz.002850,2021-07-13,2026-07-03,3.0838537216186523
sz.002851,2021-07-13,2026-06-22,10.293294906616211
sz.002852,2021-07-13,2025-08-11,1.1079699993133545
sz.002853,2021-07-13,2026-02-05,4.149136543273926
sz.002855,2021-07-13,2023-10-09,6.358662128448486
sz.002856,2021-07-13,2026-06-08,3.4908485412597656
sz.002857,2021-07-13,2025-08-29,2.725773572921753
sz.002858,2021-07-13,2023-06-19,1.9839680194854736
sz.002859,2021-07-13,2026-06-29,6.40364933013916
sz.002860,2021-07-13,2026-07-28,1.8825528621673584
sz.002861,2021-07-13,2026-07-01,2.5997161865234375
sz.002862,2021-07-13,2024-11-28,3.870175361633301
sz.002863,2021-07-13,2026-01-21,0.815197229385376
sz.002864,2021-07-13,2023-05-23,1.3121795654296875
sz.002865,2021-07-13,2023-06-26,8.229326248168945
sz.002866,2021-07-13,2023-02-01,3.9917078018188477
sz.002867,2021-07-13,2024-03-07,0.9529873132705688
sz.002868,2021-07-13,2023-02-01,5.780837059020996
sz.002869,2021-07-13,2024-06-21,2.4401564598083496
sz.002870,2021-07-13,2026-08-31,1.317155122756958
sz.002871,2021-07-13,2026-07-01,3.349191665649414
sz.002872,2021-08-02,2026-09-08,0.8796296119689941
sz.002873,2021-07-13,2025-08-19,1.026017189025879
sz.002875,2021-07-13,2026-04-30,2.2050633430480957
sz.002876,2021-07-13,2023-02-15,1.0418179035186768
sz.002877,2021-07-13,2023-07-19,1.437713384628296
sz.002878,2021-07-13,2025-06-16,1.8209877014160156
sz.002879,2021-07-13,2026-03-10,1.5523793697357178
sz.002880,2021-07-13,2023-06-16,0.8798472881317139
sz.002881,2021-07-13,2025-02-12,3.103091239929199
sz.002882,2021-07-13,2025-06-30,4.493093967437744
sz.002883,2021-07-13,2025-07-24,1.2991819381713867
sz.002884,2021-07-13,2024-05-20,0.6552894115447998
sz.002885,2021-07-13,2026-05-22,5.044147491455078
sz.002886,2021-07-13,2026-06-23,2.060572624206543
sz.002887,2021-07-13,2026-05-20,2.0378613471984863
sz.002888,2021-07-13,2024-01-04,2.032327651977539
sz.002889,2021-07-13,2023-11-07,1.5862863063812256
sz.002890,2021-07-13,2026-05-11,1.5185346603393555
sz.002891,2021-07-13,2025-06-04,3.056290626525879
sz.002892,2021-07-13,2025-09-18,3.4115214347839355
sz.002893,2021-07-13,2023-07-13,1.6020736694335938
sz.002895,2021-07-13,2026-02-25,2.5977933406829834
sz.002896,2021-07-13,2025-09-16,10.689542770385742
sz.002897,2021-07-13,2026-06-18,4.396324634552002
sz.002898,2021-07-13,2025-08-08,1.8157453536987305
sz.002899,2021-07-13,2026-05-11,2.9289774894714355
sz.002900,2021-07-13,2025-06-10,1.3453361988067627
sz.002901,2021-07-13,2025-08-12,1.8636829853057861
sz.002902,2021-07-13,2026-05-13,3.649784564971924
sz.002903,2021-07-13,2026-06-18,3.8581953048706055
sz.002905,2021-07-13,2025-09-18,1.8072729110717773
sz.002906,2021-07-13,2025-02-19,0.9738394021987915
sz.002907,2021-07-13,2025-06-03,1.103064775466919
sz.002908,2021-07-13,2023-06-19,1.8417131900787354
sz.002909,2021-08-02,2026-09-08,1.485504150390625
sz.002910,2021-07-13,2025-12-22,1.6258740425109863
sz.002911,2021-07-13,2026-03-03,2.3457272052764893
sz.002912,2021-07-13,2023-04-13,1.619422435760498
sz.002913,2021-08-02,2026-09-18,3.3823065757751465
sz.002915,2021-07-13,2025-08-18,2.6435184478759766
sz.002916,2021-07-13,2026-06-30,11.452164649963379
sz.002917,2021-07-13,2025-01-22,2.608856201171875
sz.002918,2021-07-13,2026-05-15,1.777850866317749
sz.002919,2021-07-13,2023-06-20,3.0576682090759277
sz.002920,2021-07-13,2023-07-04,1.2638189792633057
sz.002921,2021-07-13,2026-05-11,2.932037115097046
sz.002922,2021-07-13,2026-03-09,4.591148376464844
sz.002923,2021-07-13,2025-04-03,1.7411305904388428
sz.002925,2021-07-13,2026-07-01,1.4791910648345947
sz.002926,2021-07-13,2025-08-22,0.7782775163650513
sz.002927,2021-07-13,2026-01-12,2.1369407176971436
sz.002928,2021-07-13,2025-11-13,1.5102040767669678
sz.002929,2021-07-13,2026-05-19,3.0997118949890137
sz.002930,2021-07-13,2026-05-13,0.862467885017395
sz.002931,2021-07-13,2026-02-05,14.354453086853027
sz.002932,2021-07-13,2025-08-05,0.6150281429290771
sz.002933,2021-07-13,2023-12-25,1.3742985725402832
sz.002935,2021-07-13,2026-01-14,1.8623907566070557
sz.002936,2021-07-13,2024-10-08,0.4720497131347656
sz.002937,2021-07-13,2026-07-03,3.4541592597961426
sz.002938,2021-07-13,2026-06-18,6.525763034820557
sz.002939,2021-07-13,2025-08-19,1.2212457656860352
sz.002940,2021-07-13,2025-08-04,4.457363128662109
sz.002941,2021-07-13,2025-10-15,1.4759562015533447
sz.002942,2021-07-13,2025-10-16,1.727555751800537
sz.002943,2021-07-13,2026-05-28,7.771272659301758
sz.002945,2021-07-13,2026-02-05,1.266631841659546
sz.002946,2021-07-13,2025-06-04,1.6810705661773682
sz.002947,2021-07-13,2026-05-26,6.876131057739258
sz.002948,2021-07-13,2026-09-04,1.4218108654022217
sz.002949,2021-07-13,2024-12-20,1.8978557586669922
sz.002950,2021-07-13,2026-04-13,1.3661770820617676
sz.002951,2021-07-13,2026-06-04,5.955790042877197
sz.002952,2021-07-13,2024-01-08,3.4037179946899414
sz.002953,2021-07-13,2025-08-29,1.6447174549102783
sz.002955,2021-07-13,2026-09-03,2.2431037425994873
sz.002956,2021-07-13,2026-04-30,2.584435224533081
sz.002957,2021-07-13,2026-06-02,5.341251850128174
sz.002958,2021-07-13,2025-07-10,0.6993658542633057
sz.002959,2021-07-13,2023-06-15,1.4219510555267334
sz.002960,2021-07-13,2023-01-31,0.8998464345932007
sz.002961,2021-07-13,2025-12-09,2.118352174758911
sz.002962,2021-07-13,2023-12-29,1.8501338958740234
sz.002963,2021-07-13,2026-06-26,1.8891353607177734
sz.002965,2021-07-13,2026-07-06,3.147871971130371
sz.002966,2021-08-02,2026-09-14,0.9808292388916016
sz.002967,2021-07-13,2026-01-23,1.6230602264404297
sz.002968,2021-07-13,2026-01-21,1.1592249870300293
sz.002969,2021-07-13,2026-02-12,11.857887268066406
sz.002970,2021-07-13,2026-02-26,3.5450406074523926
sz.002971,2021-07-13,2026-07-02,5.042067527770996
sz.002972,2021-07-13,2026-06-30,2.399240493774414
sz.002973,2021-07-13,2025-10-28,1.334752082824707
sz.002975,2021-07-13,2026-06-25,8.869433403015137
sz.002976,2021-07-13,2023-07-11,2.049330472946167
sz.002977,2021-07-13,2025-05-13,1.535480260848999
sz.002978,2021-07-13,2026-03-02,0.8569473028182983
sz.002979,2021-07-13,2026-07-06,5.187658786773682
sz.002980,2021-08-02,2026-09-09,11.666410446166992
sz.002981,2021-07-13,2025-08-20,1.7163374423980713
sz.002982,2021-07-13,2025-04-08,1.036149501800537
sz.002983,2021-07-13,2026-07-01,1.145948886871338
sz.002984,2021-07-13,2024-10-08,0.7397584915161133
sz.002985,2021-07-13,2026-02-05,1.7866883277893066
sz.002986,2021-07-13,2026-03-12,0.8639029264450073
sz.002987,2021-07-13,2025-08-22,3.961411476135254
sz.002988,2021-07-13,2025-08-15,4.139398574829102
sz.002989,2021-07-13,2026-06-22,2.9907121658325195
sz.002990,2021-07-13,2026-06-30,3.6762008666992188
sz.002991,2021-07-13,2024-12-31,1.3598933219909668
sz.002992,2021-07-13,2023-11-29,7.397260665893555
sz.002993,2021-07-13,2026-06-17,2.304713249206543
sz.002995,2021-07-13,2023-06-16,3.808546543121338
sz.002996,2021-07-13,2026-01-28,0.9458376169204712
sz.002997,2021-07-13,2023-10-18,3.506241798400879
sz.002998,2021-07-13,2026-05-08,1.3988959789276123
sz.002999,2021-07-13,2023-02-03,0.7280000448226929
sz.003000,2021-07-13,2025-06-04,1.4040136337280273
sz.003001,2021-07-13,2024-12-12,4.706315517425537
sz.003002,2021-07-13,2025-07-23,2.6627979278564453
sz.003003,2021-07-13,2025-04-25,1.7106609344482422
sz.003004,2021-07-13,2026-07-09,4.886854648590088
sz.003005,2021-07-13,2023-02-06,2.0004396438598633
sz.003006,2021-07-13,2025-05-20,3.1948647499084473
sz.003007,2021-07-13,2026-01-14,2.70839524269104
sz.003008,2021-07-13,2026-03-10,1.343590497970581
sz.003009,2021-07-13,2026-01-12,2.08463716506958
sz.003010,2021-07-13,2025-10-16,9.369600296020508
sz.003011,2021-07-13,2026-02-25,1.6938765048980713
sz.003012,2021-07-13,2023-07-28,0.8221395015716553
sz.003013,2021-07-13,2026-08-17,0.7437796592712402
sz.003015,2021-07-13,2025-08-28,2.0698628425598145
sz.003016,2021-07-13,2025-12-10,1.423647403717041
sz.003017,2021-07-13,2025-09-02,1.876554012298584
sz.003018,2021-07-13,2026-06-25,12.808387756347656
sz.003019,2021-07-13,2026-05-26,2.1383612155914307
sz.003020,2021-07-13,2025-08-20,1.78861665725708
sz.003021,2021-07-13,2025-03-05,8.004607200622559
sz.003022,2021-07-13,2026-06-22,1.4063246250152588
sz.003023,2021-07-13,2026-05-11,1.7928152084350586
sz.003025,2021-07-13,2026-06-16,1.5247254371643066
sz.003026,2021-07-13,2026-06-30,3.254456043243408
sz.003027,2021-07-13,2026-05-13,1.3597192764282227
sz.003028,2021-07-13,2023-01-31,1.398535966873169
sz.003029,2021-07-13,2025-06-26,1.9219799041748047
sz.003030,2021-07-15,2026-09-08,1.132157564163208
sz.003031,2021-07-13,2026-06-25,6.50738525390625
sz.003032,2021-07-21,2026-08-19,1.6991868019104004
sz.003033,2021-07-20,2025-10-28,3.713198661804199
sz.003035,2021-07-28,2026-03-12,1.716475009918213
sz.003036,2021-08-06,2026-06-17,16.071842193603516
sz.003037,2021-08-13,2025-07-22,1.1807277202606201
sz.003038,2021-08-19,2025-03-20,0.9915580749511719
sz.003039,2021-09-07,2026-01-20,0.7945489883422852
sz.003040,2021-09-23,2025-07-15,2.2352206707000732
sz.003041,2021-10-14,2026-01-13,6.741781711578369
sz.003042,2021-10-14,2026-01-28,1.3637208938598633
sz.003043,2021-10-14,2026-07-01,4.3042168617248535
sz.003816,2021-07-13,2024-07-24,1.230165719985962
sz.300001,2021-07-13,2026-06-04,2.149630069732666
sz.300002,2021-07-13,2025-02-21,3.736293315887451
sz.300003,2021-07-13,2026-01-12,1.3096747398376465
sz.300004,2021-07-13,2026-05-25,3.634146213531494
sz.300005,2021-07-13,2026-07-01,5.432092189788818
sz.300006,2021-07-13,2026-05-11,1.9909090995788574
sz.300007,2021-07-13,2025-09-18,4.8100175857543945
sz.300008,2021-07-13,2026-03-02,2.2337660789489746
sz.300009,2021-07-13,2025-08-11,0.8106676340103149
sz.300010,2021-07-13,2024-11-15,6.534883975982666
sz.300011,2021-07-13,2026-03-10,1.142857313156128
sz.300012,2021-07-13,2026-04-21,0.8399462699890137
sz.300013,2021-07-13,2026-05-21,2.4236111640930176
sz.300014,2021-07-13,2025-09-30,1.9465663433074951
sz.300015,2021-07-13,2024-10-08,1.0909090042114258
sz.300016,2021-07-13,2025-08-19,1.977370262145996
sz.300017,2021-07-13,2026-02-13,4.457098960876465
sz.300018,2021-07-13,2026-05-19,3.351694107055664
sz.300019,2021-07-13,2025-11-13,1.531362533569336
sz.300020,2021-07-13,2026-02-27,1.8757398128509521
sz.300021,2021-07-13,2025-07-28,1.3436100482940674
sz.300022,2021-07-13,2026-04-02,2.177570343017578
sz.300024,2021-07-13,2024-12-04,2.198887348175049
sz.300025,2021-07-13,2023-10-16,5.01967191696167
sz.300026,2021-07-13,2023-02-17,0.6909197568893433
sz.300027,2021-07-13,2024-12-12,1.2756409645080566
sz.300029,2021-07-13,2025-11-14,1.1636362075805664
sz.300030,2021-07-13,2025-08-07,1.7814371585845947
sz.300031,2021-07-13,2025-02-28,2.3630075454711914
sz.300032,2021-07-13,2024-10-30,1.3079583644866943
sz.300033,2021-07-13,2025-08-29,4.961802005767822
sz.300034,2021-07-13,2026-02-26,0.9692075252532959
sz.300035,2021-07-13,2025-11-13,3.081545352935791
sz.300036,2021-07-13,2026-01-12,0.7367035150527954
sz.300037,2021-07-13,2026-07-01,2.4739537239074707
sz.300039,2021-07-13,2023-03-01,1.1710331439971924
sz.300040,2021-07-13,2026-03-26,1.779939889907837
sz.300041,2021-07-13,2026-07-09,1.4903786182403564
sz.300042,2021-07-13,2026-06-30,6.314162254333496
sz.300043,2021-07-13,2025-09-16,2.549154043197632
sz.300044,2021-07-13,2024-11-08,3.517587661743164
sz.300045,2021-07-13,2026-01-12,4.892913341522217
sz.300046,2021-07-13,2024-10-24,4.721738815307617
sz.300047,2021-07-13,2025-08-26,2.7416181564331055
sz.300048,2021-07-13,2026-03-02,1.2068965435028076
sz.300049,2021-07-13,2025-09-17,7.1329345703125
sz.300050,2021-07-13,2024-10-21,2.674107074737549
sz.300051,2021-07-13,2026-04-22,4.859424591064453
sz.300052,2021-07-13,2024-10-28,2.540712356567383
sz.300053,2021-07-13,2026-01-29,2.628612756729126
sz.300054,2021-07-13,2026-06-30,5.929812431335449
sz.300055,2021-07-13,2026-04-14,2.3336262702941895
sz.300056,2021-07-13,2024-10-28,3.4087910652160645
sz.300057,2021-07-13,2026-06-25,1.7630441188812256
sz.300058,2021-07-13,2026-01-29,6.480923652648926
sz.300059,2021-07-13,2024-11-07,2.0120480060577393
sz.300061,2021-07-13,2024-10-28,4.969970226287842
sz.300062,2021-07-13,2025-11-14,2.1590285301208496
sz.300063,2021-07-13,2026-02-03,4.49535608291626
sz.300065,2021-07-13,2026-03-10,4.364469051361084
sz.300066,2021-07-13,2025-08-25,2.1883511543273926
sz.300067,2021-07-13,2026-05-07,3.1313886642456055
sz.300068,2021-07-13,2024-10-23,2.4103965759277344
sz.300069,2021-07-13,2026-05-27,6.6042256355285645
sz.300070,2021-07-13,2024-11-07,1.025477647781372
sz.300071,2021-07-13,2026-01-12,3.9065933227539062
sz.300072,2021-07-13,2025-11-13,2.531428575515747
sz.300073,2021-07-13,2025-10-29,1.6588351726531982
sz.300074,2021-07-13,2025-02-24,1.3043477535247803
sz.300075,2021-07-13,2023-04-25,1.9003522396087646
sz.300076,2021-07-13,2024-12-16,2.6192171573638916
sz.300077,2021-07-13,2024-10-31,5.138461589813232
sz.300078,2021-07-13,2026-01-14,2.133333206176758
sz.300079,2021-07-13,2026-02-10,0.9678021669387817
sz.300080,2021-07-13,2026-03-17,1.4806201457977295
sz.300081,2021-07-13,2024-11-28,1.7606382369995117
sz.300082,2021-07-13,2025-11-13,2.556135892868042
sz.300083,2021-07-13,2026-08-10,2.9808740615844727
sz.300084,2021-07-13,2026-03-03,2.580808162689209
sz.300085,2021-07-13,2025-09-17,6.588832378387451
sz.300086,2021-07-13,2025-12-23,3.032352924346924
sz.300087,2021-07-13,2024-11-06,1.3389830589294434
sz.300088,2021-07-13,2026-06-26,2.060523509979248
sz.300091,2021-07-13,2026-04-22,2.348605155944824
sz.300092,2021-07-13,2025-09-09,1.6310789585113525
sz.300093,2021-07-13,2026-06-29,3.4538841247558594
sz.300094,2021-07-13,2025-11-19,1.213991641998291
sz.300095,2021-07-13,2026-01-12,1.6216280460357666
sz.300096,2021-07-13,2026-06-22,4.269035339355469
sz.300097,2021-07-13,2026-05-07,2.0051019191741943
sz.300098,2021-07-13,2024-12-13,1.9058823585510254
sz.300099,2021-07-13,2026-04-21,1.7255792617797852
sz.300100,2021-07-13,2025-04-24,12.892180442810059
sz.300101,2021-07-13,2026-01-12,1.8649799823760986
sz.300102,2021-07-13,2026-01-28,7.855130195617676
sz.300103,2021-07-13,2026-05-19,2.2131147384643555
sz.300105,2021-07-13,2026-07-22,1.650146722793579
sz.300106,2021-07-13,2026-05-29,1.8061420917510986
sz.300107,2021-07-13,2024-05-08,3.5348100662231445
sz.300109,2021-07-13,2026-01-27,1.8522555828094482
sz.300110,2021-07-13,2024-12-12,0.4612675905227661
sz.300111,2021-07-13,2025-10-27,4.042780876159668
sz.300112,2021-08-02,2026-09-18,1.003448247909546
sz.300113,2021-07-13,2026-04-16,2.3848531246185303
sz.300115,2021-07-13,2025-12-31,5.9427103996276855
sz.300118,2021-07-13,2026-02-04,1.8503563404083252
sz.300119,2021-07-13,2025-05-20,1.3737819194793701
sz.300120,2021-07-13,2024-11-06,2.994709014892578
sz.300121,2021-07-13,2024-11-05,1.915496587753296
sz.300122,2021-07-13,2024-10-08,0.9399516582489014
sz.300123,2021-07-13,2026-01-12,1.3999998569488525
sz.300124,2021-07-13,2025-10-09,1.2424259185791016
sz.300125,2021-07-13,2026-05-26,7.966392517089844
sz.300126,2021-07-13,2025-10-15,1.9190330505371094
sz.300127,2021-07-13,2025-10-14,2.6557679176330566
sz.300128,2021-07-13,2025-10-28,2.191176414489746
sz.300129,2021-07-13,2026-01-12,2.149385929107666
sz.300130,2021-07-13,2025-06-25,3.486128330230713
sz.300131,2021-07-13,2026-05-19,5.372221946716309
sz.300132,2021-07-13,2026-02-27,2.4857141971588135
sz.300133,2021-07-13,2026-02-10,1.8280222415924072
sz.300134,2021-07-13,2024-10-21,1.9666109085083008
sz.300135,2021-07-13,2024-11-20,2.3855419158935547
sz.300136,2021-07-13,2026-06-30,7.79328727722168
sz.300137,2021-07-13,2026-05-20,4.778711795806885
sz.300138,2021-07-13,2026-03-12,1.270784854888916
sz.300139,2021-07-13,2026-01-29,12.993367195129395
sz.300140,2021-07-13,2023-05-10,1.0058364868164062
sz.300141,2021-07-13,2026-01-14,2.688023567199707
sz.300142,2021-07-13,2024-10-08,0.7838383913040161
sz.300143,2021-07-13,2026-03-13,0.9822220802307129
sz.300144,2021-07-13,2024-10-08,0.588652491569519
sz.300145,2021-07-13,2026-07-07,2.0180821418762207
sz.300146,2021-07-13,2024-10-08,0.48837220668792725
sz.300147,2021-07-13,2024-10-30,4.133550643920898
sz.300148,2021-07-13,2026-02-10,1.6289591789245605
sz.300149,2021-07-13,2025-07-31,2.757255792617798
sz.300150,2021-07-13,2025-11-07,1.8340611457824707
sz.300151,2021-07-13,2026-07-03,1.4163916110992432
sz.300152,2021-07-13,2024-11-01,4.840278148651123
sz.300153,2021-07-13,2025-08-20,10.366743087768555
sz.300154,2021-08-02,2026-09-18,2.6112208366394043
sz.300155,2021-07-13,2026-01-14,1.873563289642334
sz.300157,2021-07-13,2026-03-03,4.787356376647949
sz.300158,2021-07-13,2025-08-26,1.953125238418579
sz.300159,2021-07-13,2026-05-15,2.3312227725982666
sz.300160,2021-07-13,2025-07-03,0.822651743888855
sz.300161,2021-07-13,2023-06-21,2.6273903846740723
sz.300162,2021-07-13,2026-06-30,2.7123653888702393
sz.300163,2021-07-13,2026-07-07,6.616822242736816
sz.300164,2021-07-13,2026-03-04,6.699059009552002
sz.300165,2021-07-13,2026-05-07,3.246305465698242
sz.300166,2021-07-13,2026-05-19,2.7029361724853516
sz.300167,2021-07-13,2025-08-08,5.285714626312256
sz.300168,2021-07-13,2024-12-03,1.2195124626159668
sz.300169,2021-07-13,2024-10-08,2.1105122566223145
sz.300170,2021-07-13,2026-01-15,5.2288594245910645
sz.300171,2021-07-13,2025-11-14,0.9027794599533081
sz.300172,2021-07-13,2023-08-28,1.2683756351470947
sz.300173,2021-07-13,2024-11-20,2.0167787075042725
sz.300174,2021-07-13,2026-06-25,1.9711809158325195
sz.300175,2021-07-13,2024-05-17,3.105919361114502
sz.300176,2021-07-13,2024-11-13,1.8468468189239502
sz.300177,2021-07-13,2024-12-13,3.1810808181762695
sz.300179,2021-07-13,2026-06-25,11.066180229187012
sz.300180,2021-07-13,2024-10-21,3.01094913482666
sz.300181,2021-07-13,2025-08-18,2.200584650039673
sz.300182,2021-07-13,2026-02-12,1.7538461685180664
sz.300183,2021-07-13,2025-03-05,1.7945187091827393
sz.300184,2021-07-13,2026-06-02,4.3548383712768555
sz.300185,2021-07-13,2026-03-13,1.4698538780212402
sz.300187,2021-07-13,2026-04-28,0.7507507801055908
sz.300188,2021-07-13,2023-04-11,1.5410428047180176
sz.300189,2021-07-13,2026-03-04,4.430232524871826
sz.300190,2021-07-13,2026-03-16,0.8433717489242554
sz.300191,2021-07-13,2026-03-03,5.1792778968811035
sz.300192,2021-07-13,2026-09-03,4.9485182762146
sz.300193,2021-07-13,2025-03-31,1.2166733741760254
sz.300194,2021-07-13,2024-11-12,0.811947226524353
sz.300195,2021-07-13,2026-02-27,1.6086955070495605
sz.300196,2021-07-13,2026-06-22,3.4225974082946777
sz.300197,2021-07-13,2024-12-06,1.7894737720489502
sz.300198,2021-07-13,2024-11-07,2.038461685180664
sz.300199,2021-07-13,2025-08-21,5.358811378479004
sz.300200,2021-07-13,2026-01-15,2.0010972023010254
sz.300201,2021-07-13,2026-06-30,11.156282424926758
sz.300203,2021-07-13,2023-02-02,2.2933578491210938
sz.300204,2021-07-13,2025-08-25,10.192660331726074
sz.300205,2021-07-13,2026-03-30,1.5305345058441162
sz.300206,2021-07-13,2026-01-21,1.1494934558868408
sz.300207,2021-07-13,2025-11-06,2.2704644203186035
sz.300209,2021-07-13,2026-08-17,35.60063171386719
sz.300210,2021-07-13,2024-10-28,5.107010841369629
sz.300211,2021-07-13,2025-03-06,2.1728665828704834
sz.300212,2021-07-13,2023-04-04,2.8493378162384033
sz.300213,2021-07-13,2025-09-16,1.659332513809204
sz.300214,2021-07-13,2026-07-27,2.3192224502563477
sz.300215,2021-07-13,2026-03-09,2.6097218990325928
sz.300217,2021-07-13,2023-02-15,1.2583954334259033
sz.300218,2021-07-13,2025-08-27,2.0899457931518555
sz.300219,2021-07-13,2026-06-30,1.1352808475494385
sz.300220,2021-07-13,2025-02-14,3.682302951812744
sz.300221,2021-07-13,2026-06-18,4.48348331451416
sz.300222,2021-07-13,2026-05-29,3.0142221450805664
sz.300223,2021-07-13,2026-07-03,5.039443492889404
sz.300224,2021-07-13,2025-08-28,1.5083606243133545
sz.300225,2021-07-13,2026-05-26,2.0608534812927246
sz.300226,2021-07-13,2023-04-11,2.2353298664093018
sz.300227,2021-08-02,2026-09-09,2.1068003177642822
sz.300228,2021-07-13,2026-03-03,1.629485845565796
sz.300229,2021-07-13,2023-04-03,2.977001905441284
sz.300230,2021-07-13,2025-03-28,1.038923978805542
sz.300231,2021-07-13,2024-12-23,1.666942834854126
sz.300232,2021-07-13,2023-05-05,0.9169855117797852
sz.300233,2021-07-13,2025-04-02,1.0622022151947021
sz.300234,2021-08-02,2026-09-18,2.96521258354187
sz.300235,2021-07-13,2025-11-05,2.2985143661499023
sz.300236,2021-07-13,2026-06-30,4.205103397369385
sz.300237,2021-07-13,2025-09-15,2.7904763221740723
sz.300238,2021-07-13,2025-08-01,1.4327785968780518
sz.300239,2021-07-13,2026-01-13,0.7396378517150879
sz.300240,2021-07-13,2025-04-10,1.72902250289917
sz.300241,2021-07-13,2026-06-04,1.9638659954071045
sz.300242,2021-07-13,2026-01-26,3.0731706619262695
sz.300243,2021-07-13,2026-06-22,3.371676445007324
sz.300244,2021-07-13,2026-01-14,2.3731160163879395
sz.300245,2021-07-13,2025-02-27,4.92307710647583
sz.300246,2021-07-13,2026-05-20,3.0626749992370605
sz.300247,2021-07-13,2025-11-14,1.3905580043792725
sz.300248,2021-07-13,2025-03-13,2.6675221920013428
sz.300249,2021-07-13,2025-02-21,3.526785373687744
sz.300250,2021-07-13,2025-11-20,2.232628583908081
sz.300251,2021-07-13,2025-02-14,4.546133518218994
sz.300252,2021-07-13,2026-06-22,2.553231954574585
sz.300253,2021-07-13,2026-01-14,1.8632116317749023
sz.300254,2021-07-13,2026-05-06,1.8176581859588623
sz.300255,2021-07-13,2025-11-03,14.720720291137695
sz.300256,2021-07-13,2024-12-12,2.644171714782715
sz.300257,2021-07-13,2026-05-13,4.205569744110107
sz.300258,2021-07-13,2025-09-16,1.551173448562622
sz.300259,2021-07-13,2026-05-22,2.2875871658325195
sz.300260,2021-07-13,2026-07-01,7.906018257141113
sz.300261,2021-07-13,2023-02-17,1.6858844757080078
sz.300263,2021-07-13,2026-07-01,2.692725896835327
sz.300264,2021-07-13,2026-02-26,2.132768392562866
sz.300265,2021-07-13,2026-05-13,4.105992317199707
sz.300266,2021-07-13,2024-11-07,2.9813084602355957
sz.300267,2021-07-13,2026-05-12,1.3495144844055176
sz.300268,2021-07-13,2026-03-10,1.5733788013458252
sz.300269,2021-07-13,2026-01-12,3.2331838607788086
sz.300270,2021-07-13,2026-05-08,3.3610315322875977
sz.300271,2021-07-13,2024-10-31,1.4248826503753662
sz.300272,2021-07-13,2026-04-21,1.3827271461486816
sz.300274,2021-07-13,2025-11-06,4.163135528564453
sz.300275,2021-07-13,2025-03-05,2.3965117931365967
sz.300276,2021-07-13,2025-02-21,4.068536281585693
sz.300277,2021-07-13,2026-03-05,4.109983921051025
sz.300278,2021-07-13,2024-12-10,2.4793386459350586
sz.300279,2021-07-13,2026-03-18,2.4060606956481934
sz.300281,2021-07-13,2025-06-11,2.06074857711792
sz.300283,2021-07-13,2026-06-22,6.266663551330566
sz.300284,2021-07-13,2024-10-21,2.7586238384246826
sz.300285,2021-07-13,2026-06-29,6.470175266265869
sz.300286,2021-07-13,2023-02-16,2.060995578765869
sz.300287,2021-07-13,2025-02-20,4.341935157775879
sz.300288,2021-07-13,2023-05-19,2.016587734222412
sz.300289,2021-07-13,2025-08-13,2.18937087059021
sz.300290,2021-07-13,2025-12-09,7.941340446472168
sz.300291,2021-07-13,2026-01-12,1.73421049118042
sz.300292,2021-07-13,2026-05-12,1.9830505847930908
sz.300293,2021-07-13,2024-11-11,3.588845729827881
sz.300294,2021-07-13,2024-10-08,0.658476710319519
sz.300295,2021-07-13,2024-12-03,2.358859062194824
sz.300296,2021-07-13,2026-03-13,1.4195091724395752
sz.300298,2021-07-13,2023-02-16,1.754044771194458
sz.300299,2021-07-13,2025-11-25,1.7545454502105713
sz.300300,2021-07-13,2025-12-08,17.470001220703125
sz.300301,2021-07-13,2026-07-03,2.910890817642212
sz.300302,2021-07-13,2026-06-24,8.604839324951172
sz.300303,2021-07-13,2026-03-05,2.632207155227661
sz.300304,2021-07-13,2026-06-24,4.166885852813721
sz.300305,2021-07-13,2026-06-17,0.8093125820159912
sz.300306,2021-07-13,2026-01-27,1.3127589225769043
sz.300307,2021-07-13,2025-03-26,1.7140319347381592
sz.300308,2021-07-13,2026-06-22,75.58892822265625
sz.300310,2021-07-13,2024-11-21,2.821917772293091
sz.300311,2021-07-13,2024-10-31,2.0551724433898926
sz.300313,2021-07-13,2026-08-27,2.9431278705596924
sz.300314,2021-07-13,2023-05-31,1.5328996181488037
sz.300315,2021-07-13,2023-06-29,1.9527270793914795
sz.300316,2021-07-13,2026-02-04,1.9493236541748047
sz.300317,2021-07-13,2026-03-19,1.3156147003173828
sz.300318,2021-07-13,2025-11-13,1.1903486251831055
sz.300319,2021-07-13,2026-06-23,4.52625036239624
sz.300320,2021-07-13,2024-10-25,2.3339388370513916
sz.300321,2021-07-13,2026-06-30,6.154082775115967
sz.300322,2021-07-13,2026-05-28,5.258928298950195
sz.300323,2021-07-13,2026-07-01,4.6769232749938965
sz.300324,2021-07-13,2025-09-02,3.237837791442871
sz.300326,2021-07-13,2024-12-12,1.1611502170562744
sz.300327,2021-07-13,2026-07-01,1.4881048202514648
sz.300328,2021-07-13,2026-06-05,4.671794414520264
sz.300329,2021-07-13,2025-11-04,4.526648044586182
sz.300331,2021-07-13,2026-06-25,4.928396701812744
sz.300332,2021-07-13,2023-01-31,1.2534809112548828
sz.300333,2021-07-13,2024-12-23,4.7183098793029785
sz.300334,2021-07-13,2026-06-12,2.2391302585601807
sz.300335,2021-07-13,2026-03-26,1.9109892845153809
sz.300337,2021-07-13,2026-01-12,3.561269760131836
sz.300338,2021-07-13,2024-10-31,4.566037654876709
sz.300339,2021-07-13,2024-10-30,5.056250095367432
sz.300340,2021-07-13,2025-06-30,2.5161287784576416
sz.300341,2021-07-13,2024-10-29,3.258273124694824
sz.300342,2021-07-13,2026-05-06,8.93298625946045
sz.300343,2021-07-13,2024-11-21,1.116710901260376
sz.300344,2021-07-13,2025-03-14,4.269372463226318
sz.300345,2021-07-13,2023-07-17,1.5697941780090332
sz.300346,2021-07-13,2026-06-30,5.436074733734131
sz.300347,2021-07-13,2024-10-08,1.1178061962127686
sz.300348,2021-07-13,2025-07-11,2.346231698989868
sz.300349,2021-07-13,2026-01-14,1.569920539855957
sz.300350,2021-07-13,2025-12-10,1.0733695030212402
sz.300351,2021-07-13,2026-05-11,2.503669261932373
sz.300352,2021-07-13,2026-04-17,1.5015873908996582
sz.300353,2021-07-13,2025-09-17,3.30711030960083
sz.300354,2021-07-13,2025-10-31,1.7278010845184326
sz.300355,2021-07-13,2024-11-07,2.8807339668273926
sz.300357,2021-07-13,2025-10-28,1.1551251411437988
sz.300358,2021-07-13,2026-01-23,1.09482741355896
sz.300359,2021-07-13,2023-02-13,1.1837708950042725
sz.300360,2021-07-13,2023-02-15,2.0130608081817627
sz.300363,2021-07-13,2026-01-14,1.6212122440338135
sz.300364,2021-07-13,2026-02-10,7.367588996887207
sz.300365,2021-07-13,2024-12-11,0.8871606588363647
sz.300366,2021-07-13,2023-10-19,1.6805555820465088
sz.300368,2021-07-13,2025-10-09,8.799019813537598
sz.300369,2021-07-13,2026-02-13,1.295983076095581
sz.300370,2021-07-13,2024-12-04,2.3234963417053223
sz.300371,2021-07-13,2025-09-22,1.3303773403167725
sz.300373,2021-07-13,2026-06-30,4.014129161834717
sz.300374,2021-07-13,2024-11-18,1.4420514106750488
sz.300375,2021-07-13,2023-10-27,1.08536958694458
sz.300376,2021-07-13,2026-03-09,2.622903347015381
sz.300377,2021-07-13,2024-11-29,7.082178115844727
sz.300378,2021-07-13,2025-08-07,4.243583679199219
sz.300379,2021-07-13,2024-11-11,1.946380853652954
sz.300380,2021-07-13,2024-11-14,5.019332408905029
sz.300381,2021-07-13,2024-05-06,1.2938144207000732
sz.300382,2021-07-13,2026-06-30,3.659274101257324
sz.300383,2021-07-13,2025-02-25,2.2627060413360596
sz.300384,2021-07-13,2025-03-12,1.2812764644622803
sz.300385,2021-07-13,2026-03-25,5.510903358459473
sz.300386,2021-07-13,2025-06-26,3.2586522102355957
sz.300387,2021-07-13,2026-03-13,1.2909457683563232
sz.300388,2021-07-13,2025-10-13,1.1850745677947998
sz.300389,2021-07-13,2026-03-19,2.3727574348449707
sz.300390,2021-07-13,2026-05-06,6.557799339294434
sz.300391,2021-07-13,2024-11-12,2.5545852184295654
sz.300393,2021-07-13,2026-05-13,1.6321351528167725
sz.300394,2021-07-13,2026-06-03,53.70589828491211
sz.300395,2021-07-13,2026-05-25,5.663197994232178
sz.300396,2021-07-13,2023-05-04,1.8535194396972656
sz.300397,2021-07-13,2026-01-12,1.99824857711792
sz.300398,2021-07-13,2026-06-29,6.032905101776123
sz.300399,2021-07-13,2025-06-26,4.925368309020996
sz.300400,2021-07-13,2026-06-16,5.067373275756836
sz.300401,2021-07-13,2026-06-26,1.8822519779205322
sz.300402,2021-07-13,2025-11-07,1.300919532775879
sz.300403,2021-07-13,2025-02-27,4.345800399780273
sz.300404,2021-07-13,2026-08-17,2.2767605781555176
sz.300405,2021-07-13,2025-11-17,1.5525524616241455
sz.300406,2021-07-13,2023-05-31,0.8653205633163452
sz.300407,2021-07-13,2026-03-10,1.976053237915039
sz.300408,2021-07-13,2026-07-01,6.971372127532959
sz.300409,2021-07-13,2026-01-12,4.2889885902404785
sz.300410,2021-07-13,2026-06-17,2.210653781890869
sz.300411,2021-07-13,2024-10-28,4.06315803527832
sz.300412,2021-07-13,2026-01-22,1.2795538902282715
sz.300413,2021-07-13,2023-04-03,1.005758285522461
sz.300414,2021-07-13,2026-01-12,2.7879064083099365
sz.300415,2021-07-13,2025-09-17,2.090207576751709
sz.300416,2021-07-13,2026-07-01,1.3714544773101807
sz.300417,2021-07-13,2024-12-06,2.012173652648926
sz.300418,2021-07-13,2023-05-04,4.474031448364258
sz.300419,2021-07-13,2026-08-10,2.2364864349365234
sz.300420,2021-07-13,2026-07-03,3.9175968170166016
sz.300421,2021-07-13,2026-01-12,5.34061336517334
sz.300422,2021-07-13,2025-05-29,0.8652694225311279
sz.300423,2021-07-13,2026-03-05,1.7247059345245361
sz.300424,2021-07-13,2024-10-28,2.1647486686706543
sz.300425,2021-07-13,2024-12-26,0.8387569189071655
sz.300426,2021-07-13,2023-05-04,2.4506518840789795
sz.300427,2021-07-13,2026-01-20,5.8339619636535645
sz.300428,2021-07-13,2023-02-27,1.6543407440185547
sz.300429,2021-07-13,2026-06-30,1.6686747074127197
sz.300430,2021-07-13,2026-01-06,2.4104928970336914
sz.300432,2021-07-13,2026-04-30,5.812922477722168
sz.300433,2021-07-13,2026-06-18,5.571138858795166
sz.300434,2021-07-13,2023-05-16,1.3726789951324463
sz.300435,2021-07-13,2026-01-22,2.7908523082733154
sz.300436,2021-07-13,2025-08-18,11.00976276397705
sz.300437,2021-07-13,2025-12-02,2.7333333492279053
sz.300438,2021-07-13,2026-05-20,4.614869117736816
sz.300439,2021-07-13,2024-10-08,0.6744626760482788
sz.300440,2021-07-13,2026-07-01,4.3623151779174805
sz.300441,2021-07-13,2025-03-21,1.5869879722595215
sz.300442,2021-07-13,2026-02-27,4.893444538116455
sz.300443,2021-07-13,2026-03-16,1.4264986515045166
sz.300444,2021-07-13,2026-03-09,3.495049476623535
sz.300445,2021-07-13,2026-01-12,2.185495376586914
sz.300446,2021-07-13,2026-01-12,3.4015512466430664
sz.300447,2021-07-13,2026-01-12,1.7630348205566406
sz.300448,2021-07-13,2026-03-09,3.155409812927246
sz.300449,2021-07-13,2025-03-12,2.761467933654785
sz.300450,2021-07-13,2025-09-24,4.223664283752441
sz.300451,2021-07-13,2025-03-10,1.590322494506836
sz.300452,2021-07-13,2023-05-29,0.9147456884384155
sz.300453,2021-07-13,2025-08-18,1.3239614963531494
sz.300454,2021-07-13,2026-01-27,3.175719738006592
sz.300455,2021-07-13,2026-01-12,5.039735794067383
sz.300456,2021-07-13,2025-12-18,4.329823970794678
sz.300457,2021-07-13,2025-09-26,1.9386029243469238
sz.300458,2021-07-13,2025-09-01,4.0474700927734375
sz.300459,2021-07-13,2023-04-25,2.134228229522705
sz.300460,2021-07-13,2024-10-21,1.9910392761230469
sz.300461,2021-07-13,2026-04-10,5.572934627532959
sz.300462,2021-07-13,2024-06-20,1.8279569149017334
sz.300463,2021-07-13,2024-10-08,0.5897954702377319
sz.300464,2021-08-02,2026-09-18,2.68571400642395
sz.300465,2021-07-13,2025-09-01,3.576547145843506
sz.300466,2021-07-13,2025-05-07,2.19002366065979
sz.300467,2021-07-13,2026-05-11,3.511777877807617
sz.300468,2021-07-13,2025-08-25,6.659810543060303
sz.300469,2021-07-13,2025-09-17,12.097345352172852
sz.300470,2021-07-13,2023-06-29,0.5544158220291138
sz.300471,2021-07-13,2026-03-03,1.3258426189422607
sz.300472,2021-07-13,2025-12-11,2.5036232471466064
sz.300473,2021-07-13,2026-05-25,2.2512733936309814
sz.300474,2021-07-13,2023-04-03,2.075767755508423
sz.300475,2021-07-13,2026-06-25,18.11334228515625
sz.300476,2021-07-13,2026-05-26,31.083274841308594
sz.300477,2021-07-13,2025-11-18,1.4583334922790527
sz.300478,2021-07-13,2026-05-28,5.787330627441406
sz.300479,2021-07-13,2023-02-07,1.115534782409668
sz.300480,2021-07-13,2026-07-01,3.134507656097412
sz.300481,2021-07-13,2026-07-01,1.2979707717895508
sz.300482,2021-07-13,2024-10-08,0.5049300193786621
sz.300483,2021-07-13,2026-09-03,2.8964993953704834
sz.300484,2021-07-13,2024-11-11,3.7654643058776855
sz.300485,2021-07-13,2025-07-22,1.8330495357513428
sz.300486,2021-07-13,2026-06-02,8.310558319091797
sz.300487,2021-07-13,2026-07-10,2.402334451675415
sz.300488,2021-07-13,2025-02-25,2.4047179222106934
sz.300489,2021-07-13,2026-06-30,26.197036743164062
sz.300490,2021-07-13,2026-04-22,2.3146965503692627
sz.300491,2021-07-13,2026-06-22,3.0339431762695312
sz.300492,2021-07-13,2026-01-16,2.973372459411621
sz.300493,2021-07-13,2025-01-21,6.376522541046143
sz.300494,2021-07-13,2023-06-20,3.0488409996032715
sz.300496,2021-07-13,2026-01-12,1.6435165405273438
sz.300497,2021-07-13,2026-07-01,2.8770763874053955
sz.300498,2021-07-13,2024-05-27,0.8485326766967773
sz.300499,2021-07-13,2026-05-20,5.237533092498779
sz.300500,2021-07-13,2025-11-27,1.5456855297088623
sz.300501,2021-07-13,2026-05-19,1.6722867488861084
sz.300502,2021-07-13,2026-06-25,82.19788360595703
sz.300503,2021-07-13,2026-07-03,12.853930473327637
sz.300504,2021-07-13,2024-12-26,0.885581374168396
sz.300505,2021-07-13,2026-03-13,3.9258546829223633
sz.300506,2021-07-13,2026-07-10,5.96919059753418
sz.300507,2021-07-13,2026-01-23,1.708794355392456
sz.300508,2021-07-13,2026-07-03,3.281729221343994
sz.300509,2021-07-13,2026-01-09,3.8485798835754395
sz.300510,2021-07-13,2023-05-26,1.2332439422607422
sz.300511,2021-07-13,2026-04-29,2.3495934009552
sz.300512,2021-07-13,2025-10-22,1.4282505512237549
sz.300513,2021-07-13,2023-06-15,0.7461367845535278
sz.300514,2021-07-13,2023-05-22,1.0668151378631592
sz.300515,2021-07-13,2025-07-02,3.288245677947998
sz.300516,2021-07-13,2026-01-12,3.626054286956787
sz.300517,2021-07-13,2025-08-12,1.32185697555542
sz.300518,2021-07-13,2026-07-01,4.6335225105285645
sz.300519,2021-07-13,2025-08-04,1.1724903583526611
sz.300520,2021-07-13,2026-01-14,3.6820602416992188
sz.300521,2021-07-13,2026-01-23,4.395082950592041
sz.300522,2021-07-13,2026-06-24,2.2765238285064697
sz.300523,2021-07-13,2024-11-11,1.0558302402496338
sz.300525,2021-07-13,2025-03-06,1.4487285614013672
sz.300527,2021-07-13,2025-07-30,1.401151418685913
sz.300528,2021-07-13,2025-09-15,5.2042388916015625
sz.300529,2021-07-13,2024-10-08,1.3097500801086426
sz.300530,2021-07-13,2025-06-09,3.478910446166992
sz.300531,2021-07-13,2025-06-26,1.688208818435669
sz.300532,2021-07-13,2024-10-08,1.7016518115997314
sz.300533,2021-07-13,2023-06-19,5.024807453155518
sz.300534,2021-07-13,2026-08-17,2.8839142322540283
sz.300535,2021-07-13,2026-03-06,1.6452388763427734
sz.300536,2021-07-13,2026-05-19,2.3871734142303467
sz.300537,2021-07-13,2026-07-01,2.8129727840423584
sz.300538,2021-07-13,2023-11-20,1.4288520812988281
sz.300539,2021-07-13,2025-10-13,8.620915412902832
sz.300540,2021-07-13,2026-07-09,3.316654682159424
sz.300541,2021-07-13,2025-10-13,1.321260690689087
sz.300542,2021-07-13,2024-10-21,3.251136302947998
sz.300543,2021-07-13,2025-03-06,1.864116907119751
sz.300545,2021-07-13,2026-06-30,2.6925251483917236
sz.300546,2021-07-13,2025-06-16,3.6398186683654785
sz.300547,2021-07-13,2025-08-28,5.551952362060547
sz.300548,2021-07-13,2026-06-22,21.189252853393555
sz.300549,2021-07-13,2023-07-04,2.189905881881714
sz.300550,2021-07-13,2023-04-19,1.3865587711334229
sz.300551,2021-07-13,2023-12-04,3.287543296813965
sz.300552,2021-07-13,2024-06-18,2.3013195991516113
sz.300553,2021-07-13,2026-06-25,4.649322032928467
sz.300554,2021-07-13,2023-11-15,2.1398203372955322
sz.300555,2021-07-13,2026-01-16,2.068965435028076
sz.300556,2021-07-13,2023-12-29,1.308420181274414
sz.300557,2021-07-13,2026-07-01,2.9965527057647705
sz.300558,2021-07-13,2025-09-02,1.443587064743042
sz.300559,2021-07-13,2023-06-13,1.8968794345855713
sz.300560,2021-07-13,2025-11-19,1.4266655445098877
sz.300561,2021-07-13,2024-12-12,8.341594696044922
sz.300562,2021-07-13,2026-09-01,2.256331443786621
sz.300563,2021-07-13,2024-12-26,7.614709854125977
sz.300564,2021-07-13,2025-07-23,3.0489449501037598
sz.300565,2021-07-13,2023-02-09,2.5648534297943115
sz.300566,2021-07-13,2026-07-01,3.2487826347351074
sz.300567,2021-07-13,2026-06-30,8.548685073852539
sz.300568,2021-07-13,2026-07-07,1.9940736293792725
sz.300569,2021-07-13,2026-03-16,1.1361477375030518
sz.300570,2021-07-13,2026-06-22,26.268461227416992
sz.300571,2021-07-13,2026-05-18,2.710113525390625
sz.300572,2021-07-13,2025-11-05,3.1727466583251953
sz.300573,2021-07-13,2024-05-14,4.1935038566589355
sz.300575,2021-07-13,2023-01-31,0.7237615585327148
sz.300576,2021-07-13,2026-06-22,4.01469087600708
sz.300577,2021-07-13,2024-12-16,2.0069375038146973
sz.300578,2021-07-13,2026-01-14,2.9370460510253906
sz.300579,2021-07-13,2025-08-25,1.4703598022460938
sz.300580,2021-07-13,2025-02-27,5.166138648986816
sz.300581,2021-07-13,2025-08-06,3.1233978271484375
sz.300582,2021-07-13,2026-01-16,2.2207958698272705
sz.300583,2021-07-13,2024-10-31,1.8920204639434814
sz.300584,2021-07-13,2025-09-08,4.949801445007324
sz.300585,2021-07-13,2023-02-10,3.2053308486938477
sz.300586,2021-07-13,2026-06-22,2.5005133152008057
sz.300587,2021-07-13,2025-10-09,1.8667457103729248
sz.300588,2021-07-13,2025-12-01,4.31147575378418
sz.300589,2021-07-13,2025-11-24,2.168306350708008
sz.300590,2021-07-13,2024-10-08,1.6169605255126953
sz.300591,2021-07-13,2025-08-07,4.2536234855651855
sz.300592,2021-07-13,2023-06-02,1.4740912914276123
sz.300593,2021-07-13,2026-05-26,4.143845081329346
sz.300594,2021-07-13,2026-02-27,1.9588720798492432
sz.300595,2021-07-13,2024-10-08,0.8462697267532349
sz.300596,2021-07-13,2026-07-01,1.9853975772857666
sz.300597,2021-07-13,2026-01-14,0.9964220523834229
sz.300598,2021-07-13,2024-10-30,2.078188419342041
sz.300599,2021-07-13,2026-06-12,2.3076236248016357
sz.300600,2021-07-13,2025-08-18,3.6277666091918945
sz.300601,2021-07-13,2024-10-08,0.7584097385406494
sz.300602,2021-07-13,2026-06-30,4.406190872192383
sz.300603,2021-07-13,2025-02-26,1.2375938892364502
sz.300604,2021-07-13,2026-07-09,17.094192504882812
sz.300605,2021-07-13,2025-03-12,1.8115346431732178
sz.300606,2021-07-13,2026-06-18,4.344023704528809
sz.300607,2021-07-13,2026-07-03,5.260197639465332
sz.300608,2021-07-13,2026-05-19,1.6538405418395996
sz.300609,2021-07-13,2025-08-18,4.227964401245117
sz.300610,2021-07-13,2026-02-25,1.1527061462402344
sz.300611,2021-07-13,2025-10-24,4.9442830085754395
sz.300612,2021-07-13,2026-01-12,1.28769850730896
sz.300613,2021-07-13,2026-06-25,2.115450620651245
sz.300614,2021-11-29,2026-03-10,1.1082801818847656
sz.300615,2021-07-13,2026-08-12,1.303471326828003
sz.300616,2021-07-13,2026-05-19,1.0750813484191895
sz.300617,2021-07-13,2026-05-28,2.4069178104400635
sz.300618,2021-07-13,2025-10-09,2.103492021560669
sz.300619,2021-07-13,2026-01-28,3.2506251335144043
sz.300620,2021-07-13,2026-06-24,26.01340675354004
sz.300621,2021-07-13,2024-10-31,1.7609713077545166
sz.300622,2021-07-13,2024-12-26,4.19654655456543
sz.300623,2021-07-13,2024-10-24,3.373030662536621
sz.300624,2021-07-13,2023-06-20,5.555331230163574
sz.300625,2021-07-13,2023-11-17,0.5575684309005737
sz.300626,2021-07-13,2026-05-26,7.996655464172363
sz.300627,2021-07-13,2026-01-12,2.540559768676758
sz.300628,2021-07-13,2024-10-08,1.05857515335083
sz.300629,2021-07-13,2026-01-12,2.0954959392547607
sz.300631,2021-07-13,2025-09-15,1.4802498817443848
sz.300632,2021-07-13,2026-05-19,5.023099899291992
sz.300633,2021-07-13,2023-05-23,1.558537483215332
sz.300634,2021-07-13,2026-01-14,2.696134090423584
sz.300635,2021-07-13,2025-11-28,1.8450038433074951
sz.300636,2021-07-13,2023-02-14,0.9421217441558838
sz.300637,2021-07-13,2025-08-18,2.5802998542785645
sz.300638,2021-07-13,2025-02-20,3.1267189979553223
sz.300639,2021-07-13,2026-01-28,1.011415719985962
sz.300640,2021-07-13,2025-12-10,1.914358139038086
sz.300641,2021-07-13,2024-06-12,10.523971557617188
sz.300642,2021-07-13,2025-08-26,2.015742778778076
sz.300643,2021-07-13,2025-08-20,2.941671371459961
sz.300644,2021-07-13,2025-08-06,2.903233528137207
sz.300645,2021-07-13,2025-08-26,1.5206749439239502
sz.300647,2021-07-13,2024-11-05,1.9672131538391113
sz.300648,2021-07-13,2026-03-06,3.4732394218444824
sz.300649,2021-07-13,2026-07-10,2.5767486095428467
sz.300650,2021-07-13,2025-09-30,2.3030261993408203
sz.300651,2021-07-13,2025-06-09,2.6293787956237793
sz.300652,2021-07-13,2025-06-12,6.15037727355957
sz.300653,2021-07-13,2023-02-15,0.6088612079620361
sz.300654,2021-07-13,2023-05-08,3.945734977722168
sz.300655,2021-07-13,2026-07-02,3.1984734535217285
sz.300656,2021-07-13,2026-06-24,1.4598979949951172
sz.300657,2021-07-13,2026-05-19,6.056910991668701
sz.300658,2021-07-13,2026-03-06,7.211531639099121
sz.300659,2021-07-13,2023-04-06,1.4384136199951172
sz.300660,2021-07-13,2025-09-18,6.390695095062256
sz.300661,2021-07-13,2026-06-30,2.1485743522644043
sz.300662,2021-07-13,2025-03-18,2.0610625743865967
sz.300663,2021-07-13,2024-10-21,2.3530120849609375
sz.300664,2021-07-13,2024-11-28,0.720004677772522
sz.300665,2021-07-13,2025-08-21,1.7489924430847168
sz.300666,2021-07-13,2026-07-01,10.382220268249512
sz.300667,2021-07-13,2024-10-25,1.467395305633545
sz.300668,2021-07-13,2026-05-12,4.80507755279541
sz.300669,2021-07-13,2026-03-10,4.032731533050537
sz.300670,2021-07-13,2025-10-15,1.6982760429382324
sz.300671,2021-07-13,2026-07-06,4.807037830352783
sz.300672,2021-07-13,2026-05-27,8.353761672973633
sz.300673,2021-07-13,2026-01-19,1.1069889068603516
sz.300674,2021-07-13,2025-07-11,2.187016248703003
sz.300675,2021-07-13,2025-10-23,1.3606412410736084
sz.300676,2021-07-13,2025-02-19,0.9673590660095215
sz.300677,2021-07-13,2026-04-07,2.737177610397339
sz.300678,2021-07-13,2023-06-19,5.782418727874756
sz.300679,2021-07-13,2026-06-18,2.126528024673462
sz.300680,2021-07-13,2025-09-17,4.656235694885254
sz.300681,2021-07-13,2025-02-26,2.9643940925598145
sz.300682,2021-07-13,2025-09-01,2.5288772583007812
sz.300683,2021-07-13,2025-08-01,2.003035306930542
sz.300684,2021-07-13,2026-09-07,10.02071762084961
sz.300685,2021-07-13,2024-11-12,0.7348936796188354
sz.300686,2021-07-13,2026-04-22,3.39393949508667
sz.300687,2021-07-13,2025-03-04,2.1049435138702393
sz.300688,2021-07-13,2023-06-14,2.943378448486328
sz.300689,2021-07-13,2026-07-10,6.893252849578857
sz.300690,2021-07-13,2025-08-18,2.910642385482788
sz.300691,2021-07-13,2025-03-20,1.478210687637329
sz.300692,2021-07-13,2025-10-10,1.5796866416931152
sz.300693,2021-07-13,2026-05-13,5.2081780433654785
sz.300694,2021-07-13,2024-11-25,1.8306450843811035
sz.300695,2021-07-13,2025-10-15,4.1902055740356445
sz.300696,2021-07-13,2026-05-11,3.334167003631592
sz.300697,2021-07-13,2026-01-29,3.0687952041625977
sz.300698,2021-07-13,2025-06-24,3.471755027770996
sz.300699,2021-07-13,2026-01-12,1.16939377784729
sz.300700,2021-07-13,2026-06-18,4.248593807220459
sz.300701,2021-07-13,2025-09-15,1.8635289669036865
sz.300702,2021-07-13,2025-08-11,1.1710479259490967
sz.300703,2021-07-13,2025-08-20,5.131659984588623
sz.300705,2021-07-13,2024-07-19,1.9558179378509521
sz.300706,2021-07-13,2026-06-29,5.213684558868408
sz.300707,2021-07-13,2023-11-17,1.45072340965271
sz.300708,2021-07-13,2026-03-05,1.3342289924621582
sz.300709,2021-07-13,2026-06-24,2.5384888648986816
sz.300710,2021-07-13,2026-05-28,3.150994300842285
sz.300711,2021-07-13,2026-01-14,3.5394363403320312
sz.300712,2021-07-13,2025-11-17,1.1328346729278564
sz.300713,2021-07-13,2023-05-19,1.6678764820098877
sz.300715,2021-07-13,2026-06-04,3.6637930870056152
sz.300716,2021-07-13,2026-07-06,4.806387424468994
sz.300717,2021-07-13,2025-08-11,2.0759661197662354
sz.300718,2021-07-13,2025-03-05,9.361166000366211
sz.300719,2021-07-13,2024-10-21,2.4699440002441406
sz.300720,2021-07-13,2026-07-02,11.642130851745605
sz.300721,2021-07-13,2026-06-29,4.965807914733887
sz.300722,2021-07-13,2025-07-22,1.9999558925628662
sz.300723,2021-07-13,2025-07-21,5.242635250091553
sz.300724,2021-07-13,2026-02-04,2.517472505569458
sz.300725,2021-07-13,2026-08-13,1.3076133728027344
sz.300726,2021-07-13,2026-06-25,4.151943683624268
sz.300727,2021-07-13,2025-09-16,2.9320008754730225
sz.300729,2021-07-13,2024-01-24,0.9435203075408936
sz.300730,2021-07-13,2025-08-22,2.604863166809082
sz.300731,2021-07-13,2026-05-22,8.307487487792969
sz.300732,2021-07-13,2025-08-11,1.2097649574279785
sz.300733,2021-07-13,2025-08-07,2.9613046646118164
sz.300735,2021-07-13,2024-11-12,4.56741189956665
sz.300736,2021-07-13,2026-05-13,5.551281929016113
sz.300737,2021-07-13,2026-06-05,1.5548911094665527
sz.300738,2021-07-13,2026-05-19,3.3226451873779297
sz.300739,2021-07-13,2026-05-28,3.6732735633850098
sz.300740,2021-07-13,2026-05-13,1.7766392230987549
sz.300741,2021-08-02,2026-09-17,1.2540459632873535
sz.300743,2021-07-13,2026-01-09,2.3576712608337402
sz.300745,2021-07-13,2026-07-07,3.3723649978637695
sz.300746,2021-07-13,2024-10-08,3.6059131622314453
sz.300747,2021-07-13,2026-06-25,3.3860955238342285
sz.300748,2021-07-13,2025-10-13,3.686030387878418
sz.300749,2021-07-13,2026-03-12,7.437294006347656
sz.300750,2021-07-13,2026-05-06,2.498034954071045
sz.300751,2021-07-13,2026-01-27,4.582897186279297
sz.300752,2021-07-13,2025-08-25,2.223933696746826
sz.300753,2021-07-13,2026-01-12,4.090443134307861
sz.300755,2021-07-13,2025-09-23,1.2161200046539307
sz.300756,2021-07-13,2025-12-25,5.843870162963867
sz.300757,2021-07-13,2026-06-03,31.9110107421875
sz.300758,2021-07-13,2026-01-29,2.584810972213745
sz.300759,2021-07-13,2026-08-18,1.8866267204284668
sz.300760,2021-07-13,2024-10-08,0.4594763517379761
sz.300761,2021-07-13,2025-09-15,0.9159058332443237
sz.300762,2021-07-13,2026-01-14,6.126598834991455
sz.300763,2021-07-13,2026-05-28,1.907425880432129
sz.300765,2021-07-13,2025-06-06,10.964171409606934
sz.300766,2021-07-13,2025-02-19,7.299042701721191
sz.300767,2021-07-13,2026-05-08,2.543715715408325
sz.300768,2021-07-13,2024-10-29,1.4977595806121826
sz.300769,2021-07-13,2026-05-07,2.5936803817749023
sz.300770,2021-07-13,2026-02-10,1.0292866230010986
sz.300771,2021-07-13,2025-12-19,1.8796381950378418
sz.300772,2021-07-13,2026-03-12,2.0334601402282715
sz.300773,2021-07-13,2025-06-30,2.187650680541992
sz.300774,2022-02-15,2026-01-26,3.881058692932129
sz.300775,2021-07-13,2026-02-05,1.4150662422180176
sz.300776,2021-07-13,2026-06-30,4.718125343322754
sz.300777,2021-07-13,2026-01-27,1.6784203052520752
sz.300778,2021-07-13,2025-07-10,1.8881399631500244
sz.300779,2021-07-13,2025-07-11,28.93865394592285
sz.300780,2021-07-13,2026-07-03,2.3913462162017822
sz.300781,2021-07-13,2024-10-30,5.102823257446289
sz.300782,2021-07-13,2026-05-14,1.3869450092315674
sz.300783,2021-07-13,2024-12-25,1.5444934368133545
sz.300784,2024-12-12,2026-09-02,0.21654772758483887
sz.300785,2021-07-13,2026-01-14,5.484750270843506
sz.300786,2021-07-13,2026-07-01,2.2144670486450195
sz.300787,2021-07-13,2025-08-26,1.4231762886047363
sz.300788,2021-07-13,2026-02-27,1.8916387557983398
sz.300789,2021-07-13,2025-07-24,2.776076078414917
sz.300790,2021-07-13,2026-06-17,3.856606960296631
sz.300791,2021-07-13,2025-06-12,1.3014309406280518
sz.300792,2021-07-13,2026-02-10,2.484328269958496
sz.300793,2021-07-13,2024-12-26,1.0499622821807861
sz.300795,2021-07-13,2023-04-28,3.4706249237060547
sz.300796,2021-07-13,2024-01-02,1.7914862632751465
sz.300797,2021-07-13,2025-10-13,1.743509292602539
sz.300798,2021-07-13,2026-04-16,1.7989294528961182
sz.300800,2021-07-13,2026-02-24,0.7203426361083984
sz.300801,2021-07-13,2025-11-13,2.9066872596740723
sz.300802,2021-08-02,2026-09-18,1.3272998332977295
sz.300803,2021-07-13,2025-09-17,6.902940273284912
sz.300804,2023-12-28,2026-03-13,2.1022531986236572
sz.300805,2021-07-13,2024-12-20,2.024986743927002
sz.300806,2021-07-13,2026-06-25,15.304059982299805
sz.300807,2021-07-13,2026-05-07,3.6908583641052246
sz.300808,2021-07-13,2025-07-29,3.0341529846191406
sz.300809,2021-07-13,2025-03-31,4.018584728240967
sz.300810,2021-07-13,2025-08-19,4.639459133148193
sz.300811,2021-07-13,2026-06-18,6.480316162109375
sz.300812,2021-07-13,2026-03-04,2.8082692623138428
sz.300813,2021-07-13,2025-09-17,2.3425168991088867
sz.300814,2022-02-23,2026-06-25,14.063701629638672
sz.300815,2021-07-13,2025-08-13,2.286689043045044
sz.300816,2021-07-13,2026-05-28,6.502735614776611
sz.300817,2021-07-13,2025-03-20,4.1944451332092285
sz.300818,2021-07-13,2026-01-28,3.5361452102661133
sz.300819,2021-07-13,2026-05-13,9.234197616577148
sz.300820,2021-07-13,2023-04-20,2.6379737854003906
sz.300821,2021-07-13,2026-07-09,4.17194128036499
sz.300822,2021-07-13,2024-11-29,5.597462177276611
sz.300823,2021-07-13,2026-05-08,1.6583569049835205
sz.300824,2021-07-13,2025-08-25,1.4992477893829346
sz.300825,2021-07-13,2026-06-16,1.319092035293579
sz.300826,2021-07-13,2024-12-20,1.5202455520629883
sz.300827,2021-07-13,2025-11-14,2.827165126800537
sz.300828,2021-07-13,2026-02-04,2.552093982696533
sz.300829,2021-07-13,2025-06-16,0.9122632741928101
sz.300830,2021-07-13,2026-01-26,2.568457841873169
sz.300831,2021-07-13,2026-05-27,2.632338762283325
sz.300832,2021-07-13,2024-10-08,1.8619792461395264
sz.300833,2021-07-13,2023-07-10,1.477095603942871
sz.300834,2022-07-25,2026-05-27,2.6057960987091064
sz.300835,2021-07-13,2026-06-25,11.431558609008789
sz.300836,2021-07-13,2026-05-19,7.6436567306518555
sz.300837,2021-07-13,2026-01-26,3.012073040008545
sz.300838,2021-07-13,2026-05-21,1.4259378910064697
sz.300839,2021-07-13,2026-05-19,3.007967948913574
sz.300840,2021-07-13,2025-03-12,2.891719102859497
sz.300841,2021-07-13,2025-08-15,1.0856568813323975
sz.300842,2021-07-13,2026-02-03,4.587419509887695
sz.300843,2021-07-13,2026-07-01,13.266721725463867
sz.300844,2022-02-24,2025-08-25,4.169342041015625
sz.300845,2021-07-13,2026-05-12,2.7353718280792236
sz.300846,2021-07-13,2026-03-10,3.615384578704834
sz.300847,2021-07-13,2023-05-18,1.530592679977417
sz.300848,2021-07-13,2024-11-11,1.82145357131958
sz.300849,2021-07-13,2026-06-03,2.105145215988159
sz.300850,2021-07-13,2025-10-30,2.9109232425689697
sz.300851,2021-07-13,2024-10-08,1.1762127876281738
sz.300852,2021-07-13,2026-07-01,4.111279487609863
sz.300853,2021-07-13,2026-06-05,2.4061403274536133
sz.300854,2022-03-30,2026-06-10,4.914787769317627
sz.300855,2021-07-13,2026-02-27,1.629714012145996
sz.300856,2021-07-13,2024-05-14,2.7760767936706543
sz.300857,2021-07-13,2026-06-25,42.50564193725586
sz.300858,2021-07-13,2026-04-17,1.2740509510040283
sz.300859,2021-07-13,2025-09-19,2.495497465133667
sz.300860,2021-07-13,2024-12-16,0.9816886186599731
sz.300861,2021-07-13,2026-06-22,1.2223584651947021
sz.300862,2021-07-13,2026-08-18,2.7097833156585693
sz.300863,2021-07-13,2026-06-30,5.989744663238525
sz.300864,2021-08-02,2026-09-08,1.2941880226135254
sz.300865,2021-07-13,2025-07-22,3.675015926361084
sz.300866,2021-07-13,2025-08-18,3.093113422393799
sz.300867,2021-07-13,2025-12-04,1.5393941402435303
sz.300868,2021-07-13,2026-06-22,15.209039688110352
sz.300869,2021-07-13,2025-07-31,0.7653518915176392
sz.300870,2021-07-13,2026-06-18,18.78554344177246
sz.300871,2021-07-13,2025-04-03,3.5032172203063965
sz.300872,2021-07-13,2025-08-29,2.105996608734131
sz.300873,2021-07-13,2026-07-03,2.3871042728424072
sz.300875,2021-07-13,2025-08-11,2.840141773223877
sz.300876,2021-07-13,2025-12-26,2.2975175380706787
sz.300877,2021-07-13,2025-10-15,2.787224054336548
sz.300878,2021-07-13,2026-07-03,1.9480185508728027
sz.300879,2021-07-13,2025-05-20,6.2366414070129395
sz.300880,2021-07-13,2023-07-20,1.869457483291626
sz.300881,2021-07-13,2026-02-27,2.9697024822235107
sz.300882,2021-07-13,2026-03-10,2.390963315963745
sz.300883,2021-07-13,2026-05-13,1.0073869228363037
sz.300884,2021-07-13,2026-01-12,1.4980108737945557
sz.300885,2021-07-13,2026-01-05,5.810989856719971
sz.300886,2021-07-13,2025-06-12,2.6248903274536133
sz.300887,2021-07-13,2026-01-08,1.6840333938598633
sz.300888,2021-07-13,2025-06-04,1.336517572402954
sz.300889,2021-07-13,2026-03-10,4.25255012512207
sz.300890,2021-07-13,2026-04-24,1.260345220565796
sz.300891,2021-07-13,2024-05-07,0.9810343980789185
sz.300892,2021-07-13,2024-12-12,2.780991792678833
sz.300893,2021-07-13,2025-09-30,3.92775297164917
sz.300894,2021-07-13,2024-05-17,0.8557077646255493
sz.300895,2021-07-13,2026-05-19,3.3367509841918945
sz.300896,2021-07-13,2024-10-08,1.1090636253356934
sz.300897,2021-07-13,2025-08-20,2.7124202251434326
sz.300898,2021-07-13,2025-04-10,1.4716098308563232
sz.300899,2021-07-13,2026-03-11,1.6185009479522705
sz.300900,2021-07-13,2026-04-21,3.524178981781006
sz.300901,2021-07-13,2026-09-07,3.027951240539551
sz.300902,2021-07-13,2025-08-22,1.218651294708252
sz.300903,2021-08-02,2026-09-17,23.3736515045166
sz.300904,2024-02-20,2025-10-10,1.6583282947540283
sz.300905,2021-07-13,2026-05-15,7.344388961791992
sz.300906,2021-07-13,2025-12-23,1.9017353057861328
sz.300907,2021-07-13,2026-07-03,4.559972763061523
sz.300908,2021-07-13,2024-11-07,0.8969197273254395
sz.300909,2021-07-13,2026-06-25,3.3399786949157715
sz.300910,2021-07-13,2023-03-09,2.5848681926727295
sz.300911,2021-07-13,2025-09-22,3.717205047607422
sz.300912,2021-07-13,2026-02-10,3.8919219970703125
sz.300913,2021-07-13,2025-09-01,7.527196884155273
sz.300915,2021-07-13,2025-07-07,0.9000276327133179
sz.300916,2021-07-13,2025-08-19,3.065553665161133
sz.300917,2021-07-13,2024-11-07,3.7235922813415527
sz.300918,2021-07-13,2025-09-16,2.7246289253234863
sz.300919,2021-07-13,2026-04-29,1.4959354400634766
sz.300920,2021-07-13,2025-08-14,5.0679473876953125
sz.300921,2021-07-13,2026-02-11,2.8294036388397217
sz.300922,2021-07-13,2025-08-06,2.7682535648345947
sz.300923,2021-07-13,2026-03-10,1.6507821083068848
sz.300925,2021-07-13,2024-10-09,3.282872200012207
sz.300926,2021-07-16,2025-10-30,4.574237823486328
sz.300927,2021-07-16,2025-05-21,3.748554229736328
sz.300928,2021-07-15,2023-11-27,1.063908338546753
sz.300929,2021-07-29,2026-09-01,1.972435474395752
sz.300930,2021-07-30,2026-06-05,2.176603317260742
sz.300931,2021-07-30,2026-05-14,3.3565993309020996
sz.300932,2021-08-02,2026-03-12,3.0319905281066895
sz.300933,2021-08-02,2025-10-20,0.9764679670333862
sz.300935,2021-07-29,2026-05-25,2.547107458114624
sz.300936,2021-08-04,2026-06-16,4.884685516357422
sz.300937,2021-08-05,2026-01-14,1.3404734134674072
sz.300938,2021-08-05,2026-07-02,6.002686023712158
sz.300939,2021-08-06,2026-09-18,3.7631702423095703
sz.300940,2021-08-12,2026-01-07,1.9515419006347656
sz.300941,2021-08-18,2025-01-02,1.3442490100860596
sz.300942,2021-08-18,2025-09-01,1.4254698753356934
sz.300943,2021-08-19,2026-07-06,6.136407852172852
sz.300945,2021-08-19,2025-06-04,3.246861457824707
sz.300946,2021-08-17,2025-05-19,3.611691951751709
sz.300947,2021-08-19,2025-07-10,2.4516937732696533
sz.300948,2021-08-27,2026-06-05,3.022097110748291
sz.300949,2021-08-30,2023-12-20,1.7731850147247314
sz.300950,2021-09-02,2025-10-14,4.046782493591309
sz.300951,2021-08-30,2026-09-16,3.3462257385253906
sz.300952,2021-09-10,2026-01-20,3.0936851501464844
sz.300953,2021-09-17,2026-05-22,10.192347526550293
sz.300955,2021-09-27,2026-05-22,4.137823581695557
sz.300956,2021-09-29,2024-05-31,3.6822080612182617
sz.300957,2021-09-28,2024-10-08,0.7865309715270996
sz.300958,2021-09-30,2023-08-29,0.5785501003265381
sz.300959,2021-09-23,2026-05-27,10.840861320495605
sz.300960,2021-09-30,2025-08-18,4.126418590545654
sz.300961,2021-10-08,2025-07-03,2.958833694458008
sz.300962,2021-10-19,2025-06-18,0.862675666809082
sz.300963,2021-10-19,2025-10-13,6.407831192016602
sz.300964,2022-02-16,2026-06-30,5.375676155090332
sz.300965,2021-10-13,2026-05-14,3.247115135192871
sz.300966,2021-10-19,2026-07-03,1.5601458549499512
sz.300967,2021-10-21,2025-09-08,2.729522943496704
sz.300968,2021-10-25,2024-11-06,2.859586000442505
sz.300969,2021-10-20,2026-05-25,4.473236083984375
sz.300970,2021-10-20,2026-04-24,3.4557008743286133
sz.300971,2021-10-25,2025-11-19,1.9931540489196777
sz.300972,2021-10-27,2026-05-14,21.75675392150879
sz.300973,2021-10-25,2025-06-04,1.4593286514282227
sz.300975,2021-10-29,2026-06-30,8.7454833984375
sz.300976,2021-10-27,2026-06-18,5.479582786560059
sz.300977,2021-10-28,2023-08-29,1.4724400043487549
sz.300978,2021-11-03,2025-12-22,0.9201334714889526
sz.300979,2021-11-03,2025-01-08,1.042668104171753
sz.300980,2021-10-29,2026-03-25,2.225950002670288
sz.300981,2021-11-04,2026-09-18,1.3933005332946777
sz.300982,2021-11-04,2023-07-11,1.0230422019958496
sz.300983,2021-10-28,2026-05-15,2.5940113067626953
sz.300984,2021-12-22,2026-01-19,7.940303802490234
sz.300985,2021-11-08,2026-07-07,3.214179039001465
sz.300986,2021-11-09,2026-01-27,9.381808280944824
sz.300987,2021-11-15,2026-01-14,1.6126787662506104
sz.300988,2021-11-16,2026-05-13,1.8337786197662354
sz.300989,2021-11-11,2023-07-26,1.7262506484985352
sz.300990,2021-11-16,2026-07-14,5.7780280113220215
sz.300991,2021-11-24,2026-02-27,6.60150671005249
sz.300992,2021-11-29,2026-03-31,2.7826027870178223
sz.300993,2021-11-26,2025-09-22,1.908733606338501
sz.300994,2022-02-23,2025-08-26,2.047856092453003
sz.300995,2021-11-30,2025-08-19,5.84423828125
sz.300996,2021-12-08,2026-08-11,2.561710834503174
sz.300997,2021-12-07,2025-12-19,2.604588747024536
sz.300998,2021-12-07,2026-09-14,1.6154472827911377
sz.300999,2021-07-13,2024-10-08,0.6701570749282837
sz.301000,2021-12-02,2025-09-16,5.929758548736572
sz.301001,2021-12-02,2025-01-09,2.244781970977783
sz.301002,2021-12-10,2026-05-14,4.950827598571777
sz.301003,2021-12-06,2026-04-24,4.19140100479126
sz.301004,2021-12-29,2025-01-17,6.885351181030273
sz.301005,2021-12-06,2026-01-23,14.799126625061035
sz.301006,2021-12-10,2026-02-26,1.1332268714904785
sz.301007,2021-12-20,2025-09-01,4.860313415527344
sz.301008,2021-12-16,2025-09-23,3.909329414367676
sz.301009,2021-12-21,2025-08-19,1.5010576248168945
sz.301010,2021-12-22,2025-11-10,2.27886700630188
sz.301011,2021-12-21,2024-11-28,2.346475839614868
sz.301012,2021-12-24,2026-05-20,4.562920093536377
sz.301013,2021-12-31,2026-06-25,10.777946472167969
sz.301015,2022-01-04,2023-12-01,1.2752692699432373
sz.301016,2022-01-04,2026-05-19,4.529200077056885
sz.301017,2022-01-07,2026-01-14,1.3913042545318604
sz.301018,2022-01-11,2026-07-06,10.448652267456055
sz.301019,2021-12-30,2025-12-08,2.033673048019409
sz.301020,2022-01-10,2026-05-21,1.8860011100769043
sz.301021,2022-01-10,2026-06-25,10.092082977294922
sz.301022,2022-01-06,2025-08-12,2.6491262912750244
sz.301023,2022-01-11,2026-01-22,3.263373374938965
sz.301024,2022-02-08,2025-07-08,3.2963223457336426
sz.301025,2022-01-21,2026-02-11,1.6792240142822266
sz.301026,2022-01-20,2026-01-28,2.08925724029541
sz.301027,2022-01-19,2026-04-27,3.317920207977295
sz.301028,2022-01-24,2026-05-27,2.3930156230926514
sz.301029,2022-01-27,2026-06-18,1.0396177768707275
sz.301030,2022-01-26,2024-03-11,2.004347562789917
sz.301031,2022-01-19,2026-06-18,3.371218204498291
sz.301032,2022-01-26,2025-03-18,3.0015792846679688
sz.301033,2022-01-28,2025-08-12,2.9987711906433105
sz.301035,2022-02-08,2026-04-29,1.452655553817749
sz.301036,2022-02-09,2024-10-21,4.545332908630371
sz.301037,2022-02-10,2026-05-11,1.7453041076660156
sz.301038,2022-02-15,2025-08-11,3.6630139350891113
sz.301039,2022-01-12,2023-08-02,0.9934451580047607
sz.301040,2022-02-14,2026-03-11,3.8432250022888184
sz.301041,2022-02-22,2026-06-22,1.8751344680786133
sz.301042,2022-02-16,2026-06-10,5.136783599853516
sz.301043,2022-02-22,2026-01-16,3.440486431121826
sz.301045,2022-02-24,2026-07-07,6.170244216918945
sz.301046,2022-02-28,2026-09-10,1.0653750896453857
sz.301047,2022-02-25,2026-08-17,1.7766437530517578
sz.301048,2022-03-01,2025-08-11,1.0531885623931885
sz.301049,2022-03-07,2024-03-20,2.2952756881713867
sz.301050,2022-03-07,2026-01-12,1.5646858215332031
sz.301051,2022-03-10,2023-11-20,1.1809449195861816
sz.301052,2022-03-11,2025-09-24,4.959628105163574
sz.301053,2022-03-15,2026-05-07,3.7230148315429688
sz.301055,2022-03-18,2026-06-24,4.997671127319336
sz.301056,2022-03-21,2026-02-03,2.494035005569458
sz.301057,2022-03-23,2026-02-12,4.752267360687256
sz.301058,2022-03-23,2025-04-09,0.8174706697463989
sz.301059,2022-03-25,2026-05-12,1.671266794204712
sz.301060,2022-03-25,2026-01-14,0.8553470373153687
sz.301061,2022-03-25,2025-08-20,6.707454204559326
sz.301062,2022-03-28,2024-12-11,1.0662767887115479
sz.301063,2022-04-07,2025-06-18,1.8905880451202393
sz.301065,2022-03-28,2025-08-13,1.1275608539581299
sz.301066,2022-04-01,2026-01-12,2.6341326236724854
sz.301067,2022-04-01,2025-11-11,1.7063860893249512
sz.301068,2022-04-11,2026-04-17,2.839435338973999
sz.301069,2022-04-08,2025-12-26,1.8818230628967285
sz.301070,2022-04-06,2026-07-09,7.816423416137695
sz.301071,2022-04-07,2026-06-25,3.8357901573181152
sz.301072,2022-04-12,2026-09-18,3.1206536293029785
sz.301073,2022-04-13,2026-02-05,1.3728039264678955
sz.301075,2022-04-12,2026-03-10,6.164717197418213
sz.301076,2022-04-15,2025-08-18,4.7597880363464355
sz.301077,2022-04-13,2026-04-24,4.220452785491943
sz.301078,2022-04-20,2025-03-17,2.374450922012329
sz.301079,2022-04-25,2026-01-12,7.6195173263549805
sz.301080,2022-04-22,2026-09-18,3.9942522048950195
sz.301081,2022-04-26,2026-05-26,3.0553784370422363
sz.301082,2022-05-06,2025-05-29,3.3741207122802734
sz.301083,2022-04-27,2025-11-25,1.8731868267059326
sz.301085,2022-04-22,2025-02-24,2.647481679916382
sz.301086,2022-04-26,2026-06-22,11.84615707397461
sz.301087,2022-04-29,2026-03-12,1.5452492237091064
sz.301088,2022-05-09,2026-01-09,1.0259451866149902
sz.301089,2022-05-06,2025-05-21,0.5932134389877319
sz.301090,2022-05-05,2026-04-29,0.7457627058029175
sz.301091,2022-05-10,2024-11-06,5.6327595710754395
sz.301092,2022-05-12,2026-07-17,2.7910985946655273
sz.301093,2022-05-11,2026-07-01,9.533244132995605
sz.301095,2023-02-15,2026-07-01,2.5703134536743164
sz.301096,2022-06-30,2025-11-03,1.164731740951538
sz.301097,2022-10-14,2025-11-12,1.277998447418213
sz.301098,2022-05-24,2026-05-14,0.8152223825454712
sz.301099,2022-06-01,2026-07-01,5.136517524719238
sz.301100,2022-06-29,2026-02-25,1.2508413791656494
sz.301101,2022-06-28,2025-02-26,2.156590700149536
sz.301102,2022-09-29,2024-12-05,0.9919246435165405
sz.301103,2022-09-23,2024-10-08,0.5116415023803711
sz.301105,2023-07-12,2026-03-27,2.3777897357940674
sz.301106,2022-08-09,2026-06-01,1.0601613521575928
sz.301107,2022-11-25,2026-06-16,2.3841278553009033
sz.301108,2022-06-15,2026-09-18,2.094744920730591
sz.301109,2022-10-20,2026-03-13,1.1330890655517578
sz.301110,2022-09-14,2026-01-12,5.22771692276001
sz.301111,2022-06-17,2026-06-17,1.4698309898376465
sz.301112,2022-12-30,2025-10-27,2.737548351287842
sz.301113,2022-07-04,2026-03-10,1.4594476222991943
sz.301115,2023-03-13,2026-07-01,2.087569236755371
sz.301116,2022-07-28,2024-12-10,1.1622533798217773
sz.301117,2022-07-27,2026-01-14,4.2375664710998535
sz.301118,2022-05-30,2026-05-15,2.2671289443969727
sz.301119,2022-06-01,2026-01-09,3.4508891105651855
sz.301120,2022-10-26,2026-03-09,3.5095391273498535
sz.301121,2023-02-16,2025-09-30,2.634106397628784
sz.301122,2022-08-05,2026-09-18,2.3854849338531494
sz.301123,2022-08-04,2026-06-25,10.411520957946777
sz.301125,2022-12-09,2026-05-11,3.537647247314453
sz.301126,2022-06-17,2026-01-23,1.116041898727417
sz.301127,2022-07-12,2024-12-11,3.165431499481201
sz.301128,2022-05-20,2026-06-18,14.939966201782227
sz.301129,2022-05-12,2025-08-07,1.804457187652588
sz.301130,2022-08-26,2026-08-25,1.436147928237915
sz.301131,2022-09-15,2025-08-11,1.0275588035583496
sz.301132,2023-02-20,2026-09-16,3.3940491676330566
sz.301133,2022-06-08,2026-05-08,1.9825561046600342
sz.301135,2022-10-19,2025-09-16,1.5441429615020752
sz.301136,2022-07-21,2025-12-09,2.8044729232788086
sz.301137,2022-09-23,2026-01-12,5.352789878845215
sz.301138,2022-06-27,2026-01-19,2.365802764892578
sz.301139,2023-01-11,2025-03-13,1.2935476303100586
sz.301141,2023-10-12,2025-08-25,2.320307970046997
sz.301148,2022-10-28,2026-05-07,5.874197006225586
sz.301149,2022-05-20,2026-05-15,0.9112169742584229
sz.301150,2022-10-28,2026-06-25,7.620176315307617
sz.301151,2022-10-18,2025-08-18,1.3748722076416016
sz.301152,2023-03-09,2025-11-17,1.1825599670410156
sz.301153,2022-11-21,2024-10-08,1.240236759185791
sz.301155,2022-06-06,2025-10-09,1.897414207458496
sz.301156,2022-12-20,2025-04-09,3.176999092102051
sz.301157,2023-09-11,2026-05-14,2.6083736419677734
sz.301158,2022-07-27,2026-03-03,3.072262763977051
sz.301159,2022-07-19,2026-01-14,1.7320969104766846
sz.301160,2022-12-07,2025-03-20,3.260995864868164
sz.301161,2023-03-24,2025-08-19,2.642542600631714
sz.301162,2022-11-07,2026-03-12,2.2680881023406982
sz.301163,2022-10-26,2026-05-11,1.6291484832763672
sz.301165,2023-05-30,2026-08-17,10.716179847717285
sz.301166,2022-07-08,2024-05-08,0.538365364074707
sz.301167,2022-06-16,2026-02-24,1.2232227325439453
sz.301168,2022-06-22,2025-12-12,1.1525399684906006
sz.301169,2022-05-13,2026-05-18,2.684434413909912
sz.301170,2023-12-28,2026-02-26,0.846611499786377
sz.301171,2023-03-01,2026-01-14,5.481356620788574
sz.301172,2024-01-29,2026-05-20,1.4818720817565918
sz.301175,2023-01-11,2026-02-26,0.9981039762496948
sz.301176,2023-04-10,2026-06-16,9.489060401916504
sz.301177,2022-06-27,2026-01-29,1.3173682689666748
sz.301178,2022-05-24,2025-09-22,3.7226037979125977
sz.301179,2022-06-20,2026-04-07,1.8434572219848633
sz.301180,2022-05-26,2026-03-19,1.4151840209960938
sz.301181,2022-08-24,2026-04-09,2.492910861968994
sz.301182,2022-07-05,2026-06-26,9.851926803588867
sz.301183,2022-11-25,2026-09-18,13.891867637634277
sz.301185,2022-05-31,2024-10-08,0.8835749626159668
sz.301186,2022-07-05,2026-04-22,2.435129165649414
sz.301187,2022-10-31,2025-08-15,3.396965980529785
sz.301188,2022-05-23,2026-06-17,5.600770950317383
sz.301189,2022-07-08,2026-06-01,5.932311534881592
sz.301190,2022-07-06,2025-09-16,1.5180563926696777
sz.301191,2022-11-29,2026-07-06,2.590545654296875
sz.301192,2023-02-21,2025-10-28,2.9872584342956543
sz.301193,2022-06-21,2026-03-05,1.3778181076049805
sz.301195,2023-02-09,2025-08-06,0.6899503469467163
sz.301196,2022-07-21,2026-06-22,8.353095054626465
sz.301197,2023-02-16,2026-05-12,3.530975818634033
sz.301198,2022-06-14,2026-05-26,2.2026121616363525
sz.301199,2022-06-17,2025-08-27,2.1115071773529053
sz.301200,2022-08-31,2026-06-25,13.515765190124512
sz.301201,2022-08-01,2026-04-08,3.205626964569092
sz.301202,2024-01-08,2025-08-25,2.2206943035125732
sz.301203,2023-10-13,2026-05-13,1.4242327213287354
sz.301205,2023-03-23,2026-06-18,8.741704940795898
sz.301206,2022-08-15,2025-07-02,0.5785398483276367
sz.301207,2022-08-23,2026-01-27,0.8070544004440308
sz.301208,2023-01-10,2025-07-09,1.9611279964447021
sz.301209,2023-03-07,2025-10-10,14.643118858337402
sz.301210,2024-01-03,2025-09-22,2.050261974334717
sz.301211,2022-07-04,2024-11-11,0.8156245946884155
sz.301212,2022-10-26,2026-05-15,1.450643539428711
sz.301213,2022-06-16,2026-01-12,4.559822082519531
sz.301215,2022-09-08,2025-09-18,0.8047674894332886
sz.301216,2022-09-30,2026-05-06,2.442790985107422
sz.301217,2022-08-08,2026-06-18,25.048175811767578
sz.301218,2022-09-07,2026-08-31,2.476686716079712
sz.301219,2022-09-20,2026-05-08,2.3802852630615234
sz.301220,2022-12-23,2025-04-21,2.892794370651245
sz.301221,2022-07-04,2026-02-27,1.148137092590332
sz.301222,2022-09-09,2026-06-09,2.269930362701416
sz.301223,2023-05-04,2026-03-18,0.7321791648864746
sz.301225,2023-12-21,2026-01-19,7.645051956176758
sz.301226,2022-09-28,2026-03-02,3.598477840423584
sz.301227,2023-04-06,2025-12-31,2.697350263595581
sz.301228,2022-08-09,2026-06-17,10.399188041687012
sz.301229,2022-08-25,2025-09-23,1.4854295253753662
sz.301230,2023-05-10,2026-01-14,2.774747848510742
sz.301231,2023-03-21,2026-02-10,2.96567702293396
sz.301232,2023-12-20,2026-07-03,11.1220064163208
sz.301233,2023-01-09,2026-05-28,1.761657953262329
sz.301234,2023-01-06,2026-09-07,5.662281513214111
sz.301235,2022-08-09,2026-07-01,4.145488262176514
sz.301236,2022-09-16,2025-02-10,3.5261168479919434
sz.301237,2022-09-26,2026-07-07,4.753302574157715
sz.301238,2022-12-20,2026-06-17,1.272024393081665
sz.301239,2023-01-06,2024-12-02,1.0440514087677002
sz.301246,2023-09-20,2026-05-20,2.215204954147339
sz.301248,2022-10-27,2026-05-13,10.174897193908691
sz.301251,2024-03-19,2026-09-16,3.8277435302734375
sz.301252,2023-11-29,2026-06-24,3.159213066101074
sz.301255,2023-07-07,2025-03-20,1.4330229759216309
sz.301256,2022-09-23,2026-01-15,2.651221752166748
sz.301257,2022-11-18,2026-01-14,2.5896360874176025
sz.301258,2022-09-30,2025-08-12,0.9585994482040405
sz.301259,2022-11-02,2025-08-25,3.458301067352295
sz.301260,2023-08-11,2025-08-19,1.591047763824463
sz.301261,2024-01-11,2026-01-19,2.583017349243164
sz.301262,2023-12-25,2026-02-10,0.8688470125198364
sz.301263,2022-09-30,2025-07-15,2.5189743041992188
sz.301265,2023-06-28,2026-06-25,3.593496799468994
sz.301266,2022-12-09,2024-11-12,1.0298781394958496
sz.301267,2023-05-16,2024-12-12,0.4021066427230835
sz.301268,2022-10-14,2026-03-12,0.9618264436721802
sz.301269,2023-02-08,2024-11-11,1.1344561576843262
sz.301270,2023-03-13,2026-01-14,1.369112253189087
sz.301272,2024-01-16,2025-10-09,0.8383885622024536
sz.301273,2023-04-28,2026-08-17,3.964674949645996
sz.301276,2023-03-22,2026-06-15,1.4362461566925049
sz.301277,2023-05-25,2025-06-09,1.6167304515838623
sz.301278,2023-02-14,2026-03-11,0.8416018486022949
sz.301279,2022-10-20,2026-05-20,2.973484516143799
sz.301280,2023-07-06,2026-07-01,3.519434928894043
sz.301281,2023-10-13,2026-07-02,2.0967681407928467
sz.301282,2023-03-08,2026-09-16,4.656846523284912
sz.301283,2023-03-15,2026-01-21,2.0921032428741455
sz.301285,2023-04-10,2026-06-18,10.71452522277832
sz.301286,2022-12-15,2026-05-14,2.2972123622894287
sz.301287,2023-12-19,2026-02-24,1.1180620193481445
sz.301288,2022-10-31,2024-08-16,1.4034700393676758
sz.301289,2022-12-23,2025-10-29,1.2305059432983398
sz.301290,2023-06-08,2026-05-12,1.1627733707427979
sz.301291,2024-01-03,2026-03-12,2.0119895935058594
sz.301292,2024-01-10,2026-04-14,8.68812370300293
sz.301293,2023-11-09,2026-01-08,2.295051336288452
sz.301295,2023-12-29,2026-05-20,3.08541202545166
sz.301296,2023-03-15,2024-11-21,0.769230842590332
sz.301297,2023-07-12,2026-07-01,3.100447654724121
sz.301298,2022-12-07,2025-03-21,1.0637381076812744
sz.301299,2023-04-24,2025-02-10,2.124142646789551
sz.301300,2023-03-01,2025-11-20,2.512272834777832
sz.301301,2023-07-07,2025-05-15,0.9784356355667114
sz.301302,2022-12-26,2026-03-04,1.8024041652679443
sz.301303,2023-08-23,2026-06-17,1.0111372470855713
sz.301305,2023-11-27,2026-06-24,1.6822783946990967
sz.301306,2023-02-03,2026-04-20,7.9155073165893555
sz.301307,2023-11-01,2026-07-10,4.772867202758789
sz.301308,2023-02-15,2026-06-29,10.664552688598633
sz.301309,2023-03-29,2026-04-08,1.1729402542114258
sz.301310,2023-12-07,2026-07-13,4.194362640380859
sz.301311,2023-06-08,2025-08-06,0.6587505340576172
sz.301312,2023-01-12,2026-07-01,6.176638126373291
sz.301313,2023-04-12,2026-06-10,3.203263759613037
sz.301314,2023-09-28,2026-06-16,1.5013065338134766
sz.301315,2023-12-26,2026-01-13,1.516683578491211
sz.301316,2023-04-18,2025-09-01,4.02967643737793
sz.301317,2023-07-31,2026-05-18,6.906239032745361
sz.301318,2023-02-20,2025-08-11,1.8228907585144043
sz.301319,2023-04-11,2026-06-26,19.082761764526367
sz.301320,2023-12-14,2025-08-11,1.0326573848724365
sz.301321,2023-02-28,2026-07-09,4.750272750854492
sz.301322,2023-09-06,2026-06-24,2.875065565109253
sz.301323,2023-12-11,2026-06-15,3.9576501846313477
sz.301325,2023-11-16,2025-09-12,1.3529748916625977
sz.301326,2023-03-31,2026-05-14,10.452940940856934
sz.301327,2023-03-29,2025-09-29,1.196824550628662
sz.301328,2023-03-21,2026-07-03,3.2305355072021484
sz.301329,2024-01-18,2026-06-03,1.6994085311889648
sz.301330,2023-02-27,2026-01-12,2.062042713165283
sz.301331,2023-03-31,2025-08-25,0.9972847700119019
sz.301332,2023-11-22,2025-08-11,0.43604588508605957
sz.301333,2023-02-10,2026-01-14,1.7386517524719238
sz.301335,2023-05-29,2025-05-20,2.32138729095459
sz.301336,2023-02-22,2025-03-19,3.238964080810547
sz.301337,2023-11-30,2026-01-13,0.4661492109298706
sz.301338,2023-02-24,2026-06-02,12.190675735473633
sz.301339,2023-03-22,2025-03-11,1.1776816844940186
sz.301345,2023-09-21,2026-04-24,5.879556179046631
sz.301348,2024-02-21,2026-01-21,1.2125768661499023
sz.301349,2023-03-22,2026-06-26,3.9188714027404785
sz.301353,2023-12-04,2025-11-11,1.2361955642700195
sz.301355,2023-12-15,2025-12-26,0.7968645095825195
sz.301356,2023-05-23,2026-06-22,1.5469858646392822
sz.301357,2023-10-26,2025-09-02,8.7771577835083
sz.301358,2023-08-14,2026-05-06,3.755809783935547
sz.301359,2023-05-18,2026-05-14,1.8682332038879395
sz.301360,2023-11-02,2026-05-29,2.072117567062378
sz.301361,2023-05-25,2026-03-11,2.9567983150482178
sz.301362,2024-02-07,2026-06-18,12.522123336791992
sz.301363,2023-04-17,2026-01-08,1.708437204360962
sz.301365,2023-05-31,2026-08-14,4.625359535217285
sz.301366,2023-04-06,2026-09-18,5.003192901611328
sz.301367,2023-05-10,2025-08-21,0.9648751020431519
sz.301368,2023-06-27,2025-03-07,2.8358817100524902
sz.301369,2023-04-03,2026-06-30,10.64416790008545
sz.301370,2024-01-15,2026-01-09,0.45400023460388184
sz.301371,2024-02-02,2026-05-14,0.7824397087097168
sz.301372,2024-02-22,2026-05-20,1.536769151687622
sz.301373,2023-08-11,2026-06-17,9.735331535339355
sz.301376,2023-12-26,2026-09-04,0.6200640201568604
sz.301377,2023-05-31,2026-06-22,52.1696891784668
sz.301378,2023-09-20,2026-01-14,2.3105967044830322
sz.301379,2023-05-10,2026-07-13,5.653305530548096
sz.301380,2023-04-28,2025-08-28,1.5732626914978027
sz.301381,2024-01-15,2025-09-25,0.4791313409805298
sz.301382,2023-11-21,2026-05-25,3.1863203048706055
sz.301383,2023-12-14,2025-08-26,1.007289171218872
sz.301386,2023-10-09,2026-03-10,1.0093753337860107
sz.301387,2023-10-26,2026-05-25,4.081873416900635
sz.301388,2023-05-18,2026-03-12,2.6449122428894043
sz.301389,2023-05-09,2026-06-16,10.832576751708984
sz.301390,2023-11-10,2026-09-18,1.2396388053894043
sz.301391,2023-06-09,2025-11-13,2.587118625640869
sz.301392,2024-12-10,2026-06-30,4.165629863739014
sz.301393,2024-01-15,2026-07-14,1.149834394454956
sz.301395,2024-01-04,2026-03-13,1.4328241348266602
sz.301396,2023-05-22,2026-06-30,44.5555534362793
sz.301397,2023-12-29,2025-08-18,2.256106376647949
sz.301398,2023-06-27,2026-01-23,2.1904046535491943
sz.301399,2023-11-27,2026-04-20,1.689885139465332
sz.301408,2023-09-01,2026-01-14,2.196098566055298
sz.301413,2024-06-28,2026-02-06,4.4810099601745605
sz.301418,2024-03-01,2026-06-29,1.06425142288208
sz.301419,2023-08-14,2026-06-30,3.090034008026123
sz.301421,2024-03-05,2026-05-25,3.4464821815490723
sz.301428,2023-11-23,2026-01-30,1.1876907348632812
sz.301429,2023-10-25,2026-05-11,1.1689229011535645
sz.301439,2023-09-19,2026-06-01,1.4891574382781982
sz.301446,2024-01-26,2026-05-28,2.733452081680298
sz.301448,2023-12-22,2025-11-06,3.918389320373535
sz.301456,2024-01-17,2025-10-22,1.1491942405700684
sz.301459,2024-06-25,2026-01-21,1.2179045677185059
sz.301468,2024-01-25,2026-02-26,3.2815933227539062
sz.301469,2024-03-04,2026-02-25,1.176163673400879
sz.301486,2024-01-10,2026-05-25,10.428335189819336
sz.301487,2024-02-20,2025-09-17,1.1198852062225342
sz.301488,2024-01-05,2025-09-17,4.829455852508545
sz.301489,2024-04-30,2026-05-19,6.56014347076416
sz.301498,2024-02-27,2025-09-09,1.4767370223999023
sz.301499,2024-01-24,2026-05-11,1.3872742652893066
sz.301500,2024-04-03,2026-05-13,1.8467299938201904
sz.301502,2024-08-14,2026-05-27,1.8405609130859375
sz.301503,2024-01-18,2025-08-20,1.463050127029419
sz.301505,2024-01-22,2026-01-26,0.9490678310394287
sz.301507,2024-03-18,2025-11-14,0.6671823263168335
sz.301508,2024-06-13,2026-02-26,0.2604939937591553
sz.301509,2024-02-06,2026-04-14,1.1441235542297363
sz.301510,2024-02-26,2026-05-19,1.1732466220855713
sz.301511,2024-02-28,2026-06-16,16.04686164855957
sz.301512,2024-01-23,2026-06-23,0.8840417861938477
sz.301515,2024-01-26,2026-01-13,0.743024468421936
sz.301516,2024-06-20,2026-08-21,0.8760650157928467
sz.301517,2024-04-23,2026-01-14,2.2120893001556396
sz.301518,2024-02-06,2026-03-11,3.0157995223999023
sz.301519,2024-01-30,2026-05-07,0.4585862159729004
sz.301520,2024-04-09,2026-08-13,2.7656052112579346
sz.301525,2024-03-12,2025-09-29,1.868696689605713
sz.301526,2024-07-08,2026-06-26,16.718645095825195
sz.301528,2024-03-08,2026-07-01,2.683701515197754
sz.301529,2024-03-22,2026-05-22,6.608968734741211
sz.301533,2024-02-29,2025-11-13,1.075150489807129
sz.301536,2024-10-09,2026-07-22,2.6109886169433594
sz.301538,2024-09-24,2026-05-15,1.8532836437225342
sz.301539,2024-10-23,2026-09-11,0.22404372692108154
sz.301548,2024-04-02,2026-06-23,2.4995481967926025
sz.301550,2024-03-28,2026-01-16,16.415393829345703
sz.301552,2025-01-24,2026-09-01,0.3593984842300415
sz.301555,2024-05-10,2026-07-01,1.3940865993499756
sz.301558,2024-04-12,2026-02-10,0.47158217430114746
sz.301559,2024-04-17,2026-01-22,0.3948662281036377
sz.301565,2024-12-24,2026-08-05,0.1855844259262085
sz.301566,2024-07-11,2026-06-25,2.166304588317871
sz.301567,2024-07-26,2026-02-27,0.648770809173584
sz.301568,2024-06-07,2026-06-25,3.937584400177002
sz.301571,2025-03-05,2026-09-18,1.186103105545044
sz.301577,2024-08-05,2026-06-05,1.3971021175384521
sz.301578,2024-07-10,2026-02-26,0.41697871685028076
sz.301580,2024-12-30,2026-09-16,1.5767667293548584
sz.301587,2024-10-16,2026-05-06,0.6175447702407837
sz.301588,2024-09-13,2026-07-10,2.7461910247802734
sz.301589,2024-08-20,2026-05-20,0.4366041421890259
sz.301591,2024-08-30,2026-06-23,1.7240307331085205
sz.301596,2024-11-15,2026-08-12,0.48559463024139404
sz.301603,2025-01-14,2026-08-31,2.4714701175689697
sz.301606,2025-02-07,2026-09-04,0.8615328073501587
sz.301608,2025-02-13,2026-09-18,0.22765016555786133
sz.301611,2025-02-28,2026-09-18,1.0794827938079834
sz.302132,2021-07-13,2025-09-02,69.81781768798828
