observation_date,source,source_record_date,publication_date,retrieved_at,available_date,availability_basis,endpoint,stock_code,in_case_window
2025-01-02,AGGREGATOR|research-node|akshare@1.18.97|stock_margin_detail_sse,2025-01-02,,2026-09-26T08:45:26.468487+00:00,2025-01-03,CONSERVATIVE_T1,margin_sse,600113,True
2025-01-02,AGGREGATOR|research-node|akshare@1.18.97|stock_margin_detail_sse,2025-01-02,,2026-09-26T08:45:26.468487+00:00,2025-01-03,CONSERVATIVE_T1,margin_sse,600196,True
2025-01-02,AGGREGATOR|research-node|akshare@1.18.97|stock_margin_detail_sse,2025-01-02,,2026-09-26T08:45:26.468487+00:00,2025-01-03,CONSERVATIVE_T1,margin_sse,600567,True
2025-01-02,AGGREGATOR|research-node|akshare@1.18.97|stock_margin_detail_sse,2025-01-02,,2026-09-26T08:45:26.468487+00:00,2025-01-03,CONSERVATIVE_T1,margin_sse,600598,True
2025-01-02,AGGREGATOR|research-node|akshare@1.18.97|stock_margin_detail_sse,2025-01-02,,2026-09-26T08:45:26.468487+00:00,2025-01-03,CONSERVATIVE_T1,margin_sse,600694,True
2025-01-02,AGGREGATOR|research-node|akshare@1.18.97|stock_margin_detail_sse,2025-01-02,,2026-09-26T08:45:26.468487+00:00,2025-01-03,CONSERVATIVE_T1,margin_sse,600826,True
2025-01-02,AGGREGATOR|research-node|akshare@1.18.97|stock_margin_detail_sse,2025-01-02,,2026-09-26T08:45:26.468487+00:00,2025-01-03,CONSERVATIVE_T1,margin_sse,601869,True
2025-01-02,AGGREGATOR|research-node|akshare@1.18.97|stock_margin_detail_sse,2025-01-02,,2026-09-26T08:45:26.468487+00:00,2025-01-03,CONSERVATIVE_T1,margin_sse,601985,True
2025-01-02,AGGREGATOR|research-node|akshare@1.18.97|stock_margin_detail_sse,2025-01-02,,2026-09-26T08:45:26.468487+00:00,2025-01-03,CONSERVATIVE_T1,margin_sse,601992,True
2025-01-02,AGGREGATOR|research-node|akshare@1.18.97|stock_margin_detail_sse,2025-01-02,,2026-09-26T08:45:26.468487+00:00,2025-01-03,CONSERVATIVE_T1,margin_sse,688498,True
2025-01-03,AGGREGATOR|research-node|akshare@1.18.97|stock_margin_detail_sse,2025-01-03,,2026-09-26T08:45:30.782666+00:00,2025-01-06,CONSERVATIVE_T1,margin_sse,600196,True
2025-01-03,AGGREGATOR|research-node|akshare@1.18.97|stock_margin_detail_sse,2025-01-03,,2026-09-26T08:45:30.782666+00:00,2025-01-06,CONSERVATIVE_T1,margin_sse,600567,True
2025-01-03,AGGREGATOR|research-node|akshare@1.18.97|stock_margin_detail_sse,2025-01-03,,2026-09-26T08:45:30.782666+00:00,2025-01-06,CONSERVATIVE_T1,margin_sse,600598,True
2025-01-03,AGGREGATOR|research-node|akshare@1.18.97|stock_margin_detail_sse,2025-01-03,,2026-09-26T08:45:30.782666+00:00,2025-01-06,CONSERVATIVE_T1,margin_sse,600694,True
2025-01-03,AGGREGATOR|research-node|akshare@1.18.97|stock_margin_detail_sse,2025-01-03,,2026-09-26T08:45:30.782666+00:00,2025-01-06,CONSERVATIVE_T1,margin_sse,601869,True
2025-01-03,AGGREGATOR|research-node|akshare@1.18.97|stock_margin_detail_sse,2025-01-03,,2026-09-26T08:45:30.782666+00:00,2025-01-06,CONSERVATIVE_T1,margin_sse,601985,True
2025-01-03,AGGREGATOR|research-node|akshare@1.18.97|stock_margin_detail_sse,2025-01-03,,2026-09-26T08:45:30.782666+00:00,2025-01-06,CONSERVATIVE_T1,margin_sse,601992,True
2025-01-03,AGGREGATOR|research-node|akshare@1.18.97|stock_margin_detail_sse,2025-01-03,,2026-09-26T08:45:30.782666+00:00,2025-01-06,CONSERVATIVE_T1,margin_sse,688498,True
2025-01-06,AGGREGATOR|research-node|akshare@1.18.97|stock_margin_detail_sse,2025-01-06,,2026-09-26T08:45:34.958447+00:00,2025-01-07,CONSERVATIVE_T1,margin_sse,600196,True
2025-01-06,AGGREGATOR|research-node|akshare@1.18.97|stock_margin_detail_sse,2025-01-06,,2026-09-26T08:45:34.958447+00:00,2025-01-07,CONSERVATIVE_T1,margin_sse,600567,True
2025-01-06,AGGREGATOR|research-node|akshare@1.18.97|stock_margin_detail_sse,2025-01-06,,2026-09-26T08:45:34.958447+00:00,2025-01-07,CONSERVATIVE_T1,margin_sse,600598,True
2025-01-06,AGGREGATOR|research-node|akshare@1.18.97|stock_margin_detail_sse,2025-01-06,,2026-09-26T08:45:34.958447+00:00,2025-01-07,CONSERVATIVE_T1,margin_sse,600694,True
2025-01-06,AGGREGATOR|research-node|akshare@1.18.97|stock_margin_detail_sse,2025-01-06,,2026-09-26T08:45:34.958447+00:00,2025-01-07,CONSERVATIVE_T1,margin_sse,601869,True
2025-01-06,AGGREGATOR|research-node|akshare@1.18.97|stock_margin_detail_sse,2025-01-06,,2026-09-26T08:45:34.958447+00:00,2025-01-07,CONSERVATIVE_T1,margin_sse,601985,True
2025-01-06,AGGREGATOR|research-node|akshare@1.18.97|stock_margin_detail_sse,2025-01-06,,2026-09-26T08:45:34.958447+00:00,2025-01-07,CONSERVATIVE_T1,margin_sse,601992,True
2025-01-06,AGGREGATOR|research-node|akshare@1.18.97|stock_margin_detail_sse,2025-01-06,,2026-09-26T08:45:34.958447+00:00,2025-01-07,CONSERVATIVE_T1,margin_sse,688498,True
2025-01-07,AGGREGATOR|research-node|akshare@1.18.97|stock_margin_detail_sse,2025-01-07,,2026-09-26T08:45:39.183169+00:00,2025-01-08,CONSERVATIVE_T1,margin_sse,600196,True
2025-01-07,AGGREGATOR|research-node|akshare@1.18.97|stock_margin_detail_sse,2025-01-07,,2026-09-26T08:45:39.183169+00:00,2025-01-08,CONSERVATIVE_T1,margin_sse,600567,True
2025-01-07,AGGREGATOR|research-node|akshare@1.18.97|stock_margin_detail_sse,2025-01-07,,2026-09-26T08:45:39.183169+00:00,2025-01-08,CONSERVATIVE_T1,margin_sse,600598,True
2025-01-07,AGGREGATOR|research-node|akshare@1.18.97|stock_margin_detail_sse,2025-01-07,,2026-09-26T08:45:39.183169+00:00,2025-01-08,CONSERVATIVE_T1,margin_sse,600694,True
2025-01-07,AGGREGATOR|research-node|akshare@1.18.97|stock_margin_detail_sse,2025-01-07,,2026-09-26T08:45:39.183169+00:00,2025-01-08,CONSERVATIVE_T1,margin_sse,601869,True
2025-01-07,AGGREGATOR|research-node|akshare@1.18.97|stock_margin_detail_sse,2025-01-07,,2026-09-26T08:45:39.183169+00:00,2025-01-08,CONSERVATIVE_T1,margin_sse,601985,True
2025-01-07,AGGREGATOR|research-node|akshare@1.18.97|stock_margin_detail_sse,2025-01-07,,2026-09-26T08:45:39.183169+00:00,2025-01-08,CONSERVATIVE_T1,margin_sse,601992,True
2025-01-07,AGGREGATOR|research-node|akshare@1.18.97|stock_margin_detail_sse,2025-01-07,,2026-09-26T08:45:39.183169+00:00,2025-01-08,CONSERVATIVE_T1,margin_sse,688498,True
2025-01-08,AGGREGATOR|research-node|akshare@1.18.97|stock_margin_detail_sse,2025-01-08,,2026-09-26T08:45:43.447900+00:00,2025-01-09,CONSERVATIVE_T1,margin_sse,600196,True
2025-01-08,AGGREGATOR|research-node|akshare@1.18.97|stock_margin_detail_sse,2025-01-08,,2026-09-26T08:45:43.447900+00:00,2025-01-09,CONSERVATIVE_T1,margin_sse,600567,True
2025-01-08,AGGREGATOR|research-node|akshare@1.18.97|stock_margin_detail_sse,2025-01-08,,2026-09-26T08:45:43.447900+00:00,2025-01-09,CONSERVATIVE_T1,margin_sse,600598,True
2025-01-08,AGGREGATOR|research-node|akshare@1.18.97|stock_margin_detail_sse,2025-01-08,,2026-09-26T08:45:43.447900+00:00,2025-01-09,CONSERVATIVE_T1,margin_sse,600694,True
2025-01-08,AGGREGATOR|research-node|akshare@1.18.97|stock_margin_detail_sse,2025-01-08,,2026-09-26T08:45:43.447900+00:00,2025-01-09,CONSERVATIVE_T1,margin_sse,601869,True
2025-01-08,AGGREGATOR|research-node|akshare@1.18.97|stock_margin_detail_sse,2025-01-08,,2026-09-26T08:45:43.447900+00:00,2025-01-09,CONSERVATIVE_T1,margin_sse,601985,True
2025-01-08,AGGREGATOR|research-node|akshare@1.18.97|stock_margin_detail_sse,2025-01-08,,2026-09-26T08:45:43.447900+00:00,2025-01-09,CONSERVATIVE_T1,margin_sse,601992,True
2025-01-08,AGGREGATOR|research-node|akshare@1.18.97|stock_margin_detail_sse,2025-01-08,,2026-09-26T08:45:43.447900+00:00,2025-01-09,CONSERVATIVE_T1,margin_sse,688498,True
2025-01-09,AGGREGATOR|research-node|akshare@1.18.97|stock_margin_detail_sse,2025-01-09,,2026-09-26T08:45:47.675740+00:00,2025-01-10,CONSERVATIVE_T1,margin_sse,600196,True
2025-01-09,AGGREGATOR|research-node|akshare@1.18.97|stock_margin_detail_sse,2025-01-09,,2026-09-26T08:45:47.675740+00:00,2025-01-10,CONSERVATIVE_T1,margin_sse,600567,True
2025-01-09,AGGREGATOR|research-node|akshare@1.18.97|stock_margin_detail_sse,2025-01-09,,2026-09-26T08:45:47.675740+00:00,2025-01-10,CONSERVATIVE_T1,margin_sse,600598,True
2025-01-09,AGGREGATOR|research-node|akshare@1.18.97|stock_margin_detail_sse,2025-01-09,,2026-09-26T08:45:47.675740+00:00,2025-01-10,CONSERVATIVE_T1,margin_sse,600694,True
2025-01-09,AGGREGATOR|research-node|akshare@1.18.97|stock_margin_detail_sse,2025-01-09,,2026-09-26T08:45:47.675740+00:00,2025-01-10,CONSERVATIVE_T1,margin_sse,601869,True
2025-01-09,AGGREGATOR|research-node|akshare@1.18.97|stock_margin_detail_sse,2025-01-09,,2026-09-26T08:45:47.675740+00:00,2025-01-10,CONSERVATIVE_T1,margin_sse,601985,True
2025-01-09,AGGREGATOR|research-node|akshare@1.18.97|stock_margin_detail_sse,2025-01-09,,2026-09-26T08:45:47.675740+00:00,2025-01-10,CONSERVATIVE_T1,margin_sse,601992,True
2025-01-09,AGGREGATOR|research-node|akshare@1.18.97|stock_margin_detail_sse,2025-01-09,,2026-09-26T08:45:47.675740+00:00,2025-01-10,CONSERVATIVE_T1,margin_sse,688498,True
2025-01-10,AGGREGATOR|research-node|akshare@1.18.97|stock_margin_detail_sse,2025-01-10,,2026-09-26T08:45:51.889750+00:00,2025-01-13,CONSERVATIVE_T1,margin_sse,600196,True
2025-01-10,AGGREGATOR|research-node|akshare@1.18.97|stock_margin_detail_sse,2025-01-10,,2026-09-26T08:45:51.889750+00:00,2025-01-13,CONSERVATIVE_T1,margin_sse,600567,True
2025-01-10,AGGREGATOR|research-node|akshare@1.18.97|stock_margin_detail_sse,2025-01-10,,2026-09-26T08:45:51.889750+00:00,2025-01-13,CONSERVATIVE_T1,margin_sse,600598,True
2025-01-10,AGGREGATOR|research-node|akshare@1.18.97|stock_margin_detail_sse,2025-01-10,,2026-09-26T08:45:51.889750+00:00,2025-01-13,CONSERVATIVE_T1,margin_sse,600694,True
2025-01-10,AGGREGATOR|research-node|akshare@1.18.97|stock_margin_detail_sse,2025-01-10,,2026-09-26T08:45:51.889750+00:00,2025-01-13,CONSERVATIVE_T1,margin_sse,601869,True
2025-01-10,AGGREGATOR|research-node|akshare@1.18.97|stock_margin_detail_sse,2025-01-10,,2026-09-26T08:45:51.889750+00:00,2025-01-13,CONSERVATIVE_T1,margin_sse,601985,True
2025-01-10,AGGREGATOR|research-node|akshare@1.18.97|stock_margin_detail_sse,2025-01-10,,2026-09-26T08:45:51.889750+00:00,2025-01-13,CONSERVATIVE_T1,margin_sse,601992,True
2025-01-10,AGGREGATOR|research-node|akshare@1.18.97|stock_margin_detail_sse,2025-01-10,,2026-09-26T08:45:51.889750+00:00,2025-01-13,CONSERVATIVE_T1,margin_sse,688498,True
2025-01-13,AGGREGATOR|research-node|akshare@1.18.97|stock_margin_detail_sse,2025-01-13,,2026-09-26T08:45:56.133758+00:00,2025-01-14,CONSERVATIVE_T1,margin_sse,600196,True
2025-01-13,AGGREGATOR|research-node|akshare@1.18.97|stock_margin_detail_sse,2025-01-13,,2026-09-26T08:45:56.133758+00:00,2025-01-14,CONSERVATIVE_T1,margin_sse,600567,True
2025-01-13,AGGREGATOR|research-node|akshare@1.18.97|stock_margin_detail_sse,2025-01-13,,2026-09-26T08:45:56.133758+00:00,2025-01-14,CONSERVATIVE_T1,margin_sse,600598,True
2025-01-13,AGGREGATOR|research-node|akshare@1.18.97|stock_margin_detail_sse,2025-01-13,,2026-09-26T08:45:56.133758+00:00,2025-01-14,CONSERVATIVE_T1,margin_sse,600694,True
2025-01-13,AGGREGATOR|research-node|akshare@1.18.97|stock_margin_detail_sse,2025-01-13,,2026-09-26T08:45:56.133758+00:00,2025-01-14,CONSERVATIVE_T1,margin_sse,601869,True
2025-01-13,AGGREGATOR|research-node|akshare@1.18.97|stock_margin_detail_sse,2025-01-13,,2026-09-26T08:45:56.133758+00:00,2025-01-14,CONSERVATIVE_T1,margin_sse,601985,True
2025-01-13,AGGREGATOR|research-node|akshare@1.18.97|stock_margin_detail_sse,2025-01-13,,2026-09-26T08:45:56.133758+00:00,2025-01-14,CONSERVATIVE_T1,margin_sse,601992,True
2025-01-13,AGGREGATOR|research-node|akshare@1.18.97|stock_margin_detail_sse,2025-01-13,,2026-09-26T08:45:56.133758+00:00,2025-01-14,CONSERVATIVE_T1,margin_sse,688498,True
2025-01-14,AGGREGATOR|research-node|akshare@1.18.97|stock_margin_detail_sse,2025-01-14,,2026-09-26T08:46:00.564542+00:00,2025-01-15,CONSERVATIVE_T1,margin_sse,600196,True
2025-01-14,AGGREGATOR|research-node|akshare@1.18.97|stock_margin_detail_sse,2025-01-14,,2026-09-26T08:46:00.564542+00:00,2025-01-15,CONSERVATIVE_T1,margin_sse,600567,True
2025-01-14,AGGREGATOR|research-node|akshare@1.18.97|stock_margin_detail_sse,2025-01-14,,2026-09-26T08:46:00.564542+00:00,2025-01-15,CONSERVATIVE_T1,margin_sse,600598,True
2025-01-14,AGGREGATOR|research-node|akshare@1.18.97|stock_margin_detail_sse,2025-01-14,,2026-09-26T08:46:00.564542+00:00,2025-01-15,CONSERVATIVE_T1,margin_sse,600694,True
2025-01-14,AGGREGATOR|research-node|akshare@1.18.97|stock_margin_detail_sse,2025-01-14,,2026-09-26T08:46:00.564542+00:00,2025-01-15,CONSERVATIVE_T1,margin_sse,601869,True
2025-01-14,AGGREGATOR|research-node|akshare@1.18.97|stock_margin_detail_sse,2025-01-14,,2026-09-26T08:46:00.564542+00:00,2025-01-15,CONSERVATIVE_T1,margin_sse,601985,True
2025-01-14,AGGREGATOR|research-node|akshare@1.18.97|stock_margin_detail_sse,2025-01-14,,2026-09-26T08:46:00.564542+00:00,2025-01-15,CONSERVATIVE_T1,margin_sse,601992,True
2025-01-14,AGGREGATOR|research-node|akshare@1.18.97|stock_margin_detail_sse,2025-01-14,,2026-09-26T08:46:00.564542+00:00,2025-01-15,CONSERVATIVE_T1,margin_sse,688498,True
2025-01-15,AGGREGATOR|research-node|akshare@1.18.97|stock_margin_detail_sse,2025-01-15,,2026-09-26T08:46:04.967290+00:00,2025-01-16,CONSERVATIVE_T1,margin_sse,600196,True
2025-01-15,AGGREGATOR|research-node|akshare@1.18.97|stock_margin_detail_sse,2025-01-15,,2026-09-26T08:46:04.967290+00:00,2025-01-16,CONSERVATIVE_T1,margin_sse,600567,True
2025-01-15,AGGREGATOR|research-node|akshare@1.18.97|stock_margin_detail_sse,2025-01-15,,2026-09-26T08:46:04.967290+00:00,2025-01-16,CONSERVATIVE_T1,margin_sse,600598,True
2025-01-15,AGGREGATOR|research-node|akshare@1.18.97|stock_margin_detail_sse,2025-01-15,,2026-09-26T08:46:04.967290+00:00,2025-01-16,CONSERVATIVE_T1,margin_sse,600694,True
2025-01-15,AGGREGATOR|research-node|akshare@1.18.97|stock_margin_detail_sse,2025-01-15,,2026-09-26T08:46:04.967290+00:00,2025-01-16,CONSERVATIVE_T1,margin_sse,601869,True
2025-01-15,AGGREGATOR|research-node|akshare@1.18.97|stock_margin_detail_sse,2025-01-15,,2026-09-26T08:46:04.967290+00:00,2025-01-16,CONSERVATIVE_T1,margin_sse,601985,True
2025-01-15,AGGREGATOR|research-node|akshare@1.18.97|stock_margin_detail_sse,2025-01-15,,2026-09-26T08:46:04.967290+00:00,2025-01-16,CONSERVATIVE_T1,margin_sse,601992,True
2025-01-15,AGGREGATOR|research-node|akshare@1.18.97|stock_margin_detail_sse,2025-01-15,,2026-09-26T08:46:04.967290+00:00,2025-01-16,CONSERVATIVE_T1,margin_sse,688498,True
2025-01-16,AGGREGATOR|research-node|akshare@1.18.97|stock_margin_detail_sse,2025-01-16,,2026-09-26T08:46:09.309456+00:00,2025-01-17,CONSERVATIVE_T1,margin_sse,600196,True
2025-01-16,AGGREGATOR|research-node|akshare@1.18.97|stock_margin_detail_sse,2025-01-16,,2026-09-26T08:46:09.309456+00:00,2025-01-17,CONSERVATIVE_T1,margin_sse,600567,True
2025-01-16,AGGREGATOR|research-node|akshare@1.18.97|stock_margin_detail_sse,2025-01-16,,2026-09-26T08:46:09.309456+00:00,2025-01-17,CONSERVATIVE_T1,margin_sse,600598,True
2025-01-16,AGGREGATOR|research-node|akshare@1.18.97|stock_margin_detail_sse,2025-01-16,,2026-09-26T08:46:09.309456+00:00,2025-01-17,CONSERVATIVE_T1,margin_sse,600694,True
2025-01-16,AGGREGATOR|research-node|akshare@1.18.97|stock_margin_detail_sse,2025-01-16,,2026-09-26T08:46:09.309456+00:00,2025-01-17,CONSERVATIVE_T1,margin_sse,601869,True
2025-01-16,AGGREGATOR|research-node|akshare@1.18.97|stock_margin_detail_sse,2025-01-16,,2026-09-26T08:46:09.309456+00:00,2025-01-17,CONSERVATIVE_T1,margin_sse,601985,True
2025-01-16,AGGREGATOR|research-node|akshare@1.18.97|stock_margin_detail_sse,2025-01-16,,2026-09-26T08:46:09.309456+00:00,2025-01-17,CONSERVATIVE_T1,margin_sse,601992,True
2025-01-16,AGGREGATOR|research-node|akshare@1.18.97|stock_margin_detail_sse,2025-01-16,,2026-09-26T08:46:09.309456+00:00,2025-01-17,CONSERVATIVE_T1,margin_sse,688498,True
2025-01-17,AGGREGATOR|research-node|akshare@1.18.97|stock_margin_detail_sse,2025-01-17,,2026-09-26T08:46:13.666916+00:00,2025-01-20,CONSERVATIVE_T1,margin_sse,600196,True
2025-01-17,AGGREGATOR|research-node|akshare@1.18.97|stock_margin_detail_sse,2025-01-17,,2026-09-26T08:46:13.666916+00:00,2025-01-20,CONSERVATIVE_T1,margin_sse,600567,True
2025-01-17,AGGREGATOR|research-node|akshare@1.18.97|stock_margin_detail_sse,2025-01-17,,2026-09-26T08:46:13.666916+00:00,2025-01-20,CONSERVATIVE_T1,margin_sse,600598,True
2025-01-17,AGGREGATOR|research-node|akshare@1.18.97|stock_margin_detail_sse,2025-01-17,,2026-09-26T08:46:13.666916+00:00,2025-01-20,CONSERVATIVE_T1,margin_sse,600694,True
2025-01-17,AGGREGATOR|research-node|akshare@1.18.97|stock_margin_detail_sse,2025-01-17,,2026-09-26T08:46:13.666916+00:00,2025-01-20,CONSERVATIVE_T1,margin_sse,601869,True
2025-01-17,AGGREGATOR|research-node|akshare@1.18.97|stock_margin_detail_sse,2025-01-17,,2026-09-26T08:46:13.666916+00:00,2025-01-20,CONSERVATIVE_T1,margin_sse,601985,True
2025-01-17,AGGREGATOR|research-node|akshare@1.18.97|stock_margin_detail_sse,2025-01-17,,2026-09-26T08:46:13.666916+00:00,2025-01-20,CONSERVATIVE_T1,margin_sse,601992,True
2025-01-17,AGGREGATOR|research-node|akshare@1.18.97|stock_margin_detail_sse,2025-01-17,,2026-09-26T08:46:13.666916+00:00,2025-01-20,CONSERVATIVE_T1,margin_sse,688498,True
2025-01-20,AGGREGATOR|research-node|akshare@1.18.97|stock_margin_detail_sse,2025-01-20,,2026-09-26T08:46:18.011119+00:00,2025-01-21,CONSERVATIVE_T1,margin_sse,600196,True
2025-01-20,AGGREGATOR|research-node|akshare@1.18.97|stock_margin_detail_sse,2025-01-20,,2026-09-26T08:46:18.011119+00:00,2025-01-21,CONSERVATIVE_T1,margin_sse,600567,True
2025-01-20,AGGREGATOR|research-node|akshare@1.18.97|stock_margin_detail_sse,2025-01-20,,2026-09-26T08:46:18.011119+00:00,2025-01-21,CONSERVATIVE_T1,margin_sse,600598,True
2025-01-20,AGGREGATOR|research-node|akshare@1.18.97|stock_margin_detail_sse,2025-01-20,,2026-09-26T08:46:18.011119+00:00,2025-01-21,CONSERVATIVE_T1,margin_sse,600694,True
2025-01-20,AGGREGATOR|research-node|akshare@1.18.97|stock_margin_detail_sse,2025-01-20,,2026-09-26T08:46:18.011119+00:00,2025-01-21,CONSERVATIVE_T1,margin_sse,601869,True
2025-01-20,AGGREGATOR|research-node|akshare@1.18.97|stock_margin_detail_sse,2025-01-20,,2026-09-26T08:46:18.011119+00:00,2025-01-21,CONSERVATIVE_T1,margin_sse,601985,True
2025-01-20,AGGREGATOR|research-node|akshare@1.18.97|stock_margin_detail_sse,2025-01-20,,2026-09-26T08:46:18.011119+00:00,2025-01-21,CONSERVATIVE_T1,margin_sse,601992,True
2025-01-20,AGGREGATOR|research-node|akshare@1.18.97|stock_margin_detail_sse,2025-01-20,,2026-09-26T08:46:18.011119+00:00,2025-01-21,CONSERVATIVE_T1,margin_sse,688498,True
2025-01-21,AGGREGATOR|research-node|akshare@1.18.97|stock_margin_detail_sse,2025-01-21,,2026-09-26T08:46:22.373971+00:00,2025-01-22,CONSERVATIVE_T1,margin_sse,600196,True
2025-01-21,AGGREGATOR|research-node|akshare@1.18.97|stock_margin_detail_sse,2025-01-21,,2026-09-26T08:46:22.373971+00:00,2025-01-22,CONSERVATIVE_T1,margin_sse,600567,True
2025-01-21,AGGREGATOR|research-node|akshare@1.18.97|stock_margin_detail_sse,2025-01-21,,2026-09-26T08:46:22.373971+00:00,2025-01-22,CONSERVATIVE_T1,margin_sse,600598,True
2025-01-21,AGGREGATOR|research-node|akshare@1.18.97|stock_margin_detail_sse,2025-01-21,,2026-09-26T08:46:22.373971+00:00,2025-01-22,CONSERVATIVE_T1,margin_sse,600694,True
2025-01-21,AGGREGATOR|research-node|akshare@1.18.97|stock_margin_detail_sse,2025-01-21,,2026-09-26T08:46:22.373971+00:00,2025-01-22,CONSERVATIVE_T1,margin_sse,601869,True
2025-01-21,AGGREGATOR|research-node|akshare@1.18.97|stock_margin_detail_sse,2025-01-21,,2026-09-26T08:46:22.373971+00:00,2025-01-22,CONSERVATIVE_T1,margin_sse,601985,True
2025-01-21,AGGREGATOR|research-node|akshare@1.18.97|stock_margin_detail_sse,2025-01-21,,2026-09-26T08:46:22.373971+00:00,2025-01-22,CONSERVATIVE_T1,margin_sse,601992,True
2025-01-21,AGGREGATOR|research-node|akshare@1.18.97|stock_margin_detail_sse,2025-01-21,,2026-09-26T08:46:22.373971+00:00,2025-01-22,CONSERVATIVE_T1,margin_sse,688498,True
2025-01-22,AGGREGATOR|research-node|akshare@1.18.97|stock_margin_detail_sse,2025-01-22,,2026-09-26T08:46:26.690895+00:00,2025-01-23,CONSERVATIVE_T1,margin_sse,600196,True
2025-01-22,AGGREGATOR|research-node|akshare@1.18.97|stock_margin_detail_sse,2025-01-22,,2026-09-26T08:46:26.690895+00:00,2025-01-23,CONSERVATIVE_T1,margin_sse,600567,True
2025-01-22,AGGREGATOR|research-node|akshare@1.18.97|stock_margin_detail_sse,2025-01-22,,2026-09-26T08:46:26.690895+00:00,2025-01-23,CONSERVATIVE_T1,margin_sse,600598,True
2025-01-22,AGGREGATOR|research-node|akshare@1.18.97|stock_margin_detail_sse,2025-01-22,,2026-09-26T08:46:26.690895+00:00,2025-01-23,CONSERVATIVE_T1,margin_sse,600694,True
2025-01-22,AGGREGATOR|research-node|akshare@1.18.97|stock_margin_detail_sse,2025-01-22,,2026-09-26T08:46:26.690895+00:00,2025-01-23,CONSERVATIVE_T1,margin_sse,601869,True
2025-01-22,AGGREGATOR|research-node|akshare@1.18.97|stock_margin_detail_sse,2025-01-22,,2026-09-26T08:46:26.690895+00:00,2025-01-23,CONSERVATIVE_T1,margin_sse,601985,True
2025-01-22,AGGREGATOR|research-node|akshare@1.18.97|stock_margin_detail_sse,2025-01-22,,2026-09-26T08:46:26.690895+00:00,2025-01-23,CONSERVATIVE_T1,margin_sse,601992,True
2025-01-22,AGGREGATOR|research-node|akshare@1.18.97|stock_margin_detail_sse,2025-01-22,,2026-09-26T08:46:26.690895+00:00,2025-01-23,CONSERVATIVE_T1,margin_sse,688498,True
2025-01-23,AGGREGATOR|research-node|akshare@1.18.97|stock_margin_detail_sse,2025-01-23,,2026-09-26T08:46:31.023751+00:00,2025-01-24,CONSERVATIVE_T1,margin_sse,600196,True
2025-01-23,AGGREGATOR|research-node|akshare@1.18.97|stock_margin_detail_sse,2025-01-23,,2026-09-26T08:46:31.023751+00:00,2025-01-24,CONSERVATIVE_T1,margin_sse,600567,True
2025-01-23,AGGREGATOR|research-node|akshare@1.18.97|stock_margin_detail_sse,2025-01-23,,2026-09-26T08:46:31.023751+00:00,2025-01-24,CONSERVATIVE_T1,margin_sse,600598,True
2025-01-23,AGGREGATOR|research-node|akshare@1.18.97|stock_margin_detail_sse,2025-01-23,,2026-09-26T08:46:31.023751+00:00,2025-01-24,CONSERVATIVE_T1,margin_sse,600694,True
2025-01-23,AGGREGATOR|research-node|akshare@1.18.97|stock_margin_detail_sse,2025-01-23,,2026-09-26T08:46:31.023751+00:00,2025-01-24,CONSERVATIVE_T1,margin_sse,601869,True
2025-01-23,AGGREGATOR|research-node|akshare@1.18.97|stock_margin_detail_sse,2025-01-23,,2026-09-26T08:46:31.023751+00:00,2025-01-24,CONSERVATIVE_T1,margin_sse,601985,True
2025-01-23,AGGREGATOR|research-node|akshare@1.18.97|stock_margin_detail_sse,2025-01-23,,2026-09-26T08:46:31.023751+00:00,2025-01-24,CONSERVATIVE_T1,margin_sse,601992,True
2025-01-23,AGGREGATOR|research-node|akshare@1.18.97|stock_margin_detail_sse,2025-01-23,,2026-09-26T08:46:31.023751+00:00,2025-01-24,CONSERVATIVE_T1,margin_sse,688498,True
2025-01-24,AGGREGATOR|research-node|akshare@1.18.97|stock_margin_detail_sse,2025-01-24,,2026-09-26T08:46:35.367886+00:00,2025-01-27,CONSERVATIVE_T1,margin_sse,600196,True
2025-01-24,AGGREGATOR|research-node|akshare@1.18.97|stock_margin_detail_sse,2025-01-24,,2026-09-26T08:46:35.367886+00:00,2025-01-27,CONSERVATIVE_T1,margin_sse,600567,True
2025-01-24,AGGREGATOR|research-node|akshare@1.18.97|stock_margin_detail_sse,2025-01-24,,2026-09-26T08:46:35.367886+00:00,2025-01-27,CONSERVATIVE_T1,margin_sse,600598,True
2025-01-24,AGGREGATOR|research-node|akshare@1.18.97|stock_margin_detail_sse,2025-01-24,,2026-09-26T08:46:35.367886+00:00,2025-01-27,CONSERVATIVE_T1,margin_sse,600694,True
2025-01-24,AGGREGATOR|research-node|akshare@1.18.97|stock_margin_detail_sse,2025-01-24,,2026-09-26T08:46:35.367886+00:00,2025-01-27,CONSERVATIVE_T1,margin_sse,601869,True
2025-01-24,AGGREGATOR|research-node|akshare@1.18.97|stock_margin_detail_sse,2025-01-24,,2026-09-26T08:46:35.367886+00:00,2025-01-27,CONSERVATIVE_T1,margin_sse,601985,True
2025-01-24,AGGREGATOR|research-node|akshare@1.18.97|stock_margin_detail_sse,2025-01-24,,2026-09-26T08:46:35.367886+00:00,2025-01-27,CONSERVATIVE_T1,margin_sse,601992,True
2025-01-24,AGGREGATOR|research-node|akshare@1.18.97|stock_margin_detail_sse,2025-01-24,,2026-09-26T08:46:35.367886+00:00,2025-01-27,CONSERVATIVE_T1,margin_sse,688498,True
2025-01-27,AGGREGATOR|research-node|akshare@1.18.97|stock_margin_detail_sse,2025-01-27,,2026-09-26T08:46:39.730902+00:00,2025-02-05,CONSERVATIVE_T1,margin_sse,600196,True
2025-01-27,AGGREGATOR|research-node|akshare@1.18.97|stock_margin_detail_sse,2025-01-27,,2026-09-26T08:46:39.730902+00:00,2025-02-05,CONSERVATIVE_T1,margin_sse,600567,True
2025-01-27,AGGREGATOR|research-node|akshare@1.18.97|stock_margin_detail_sse,2025-01-27,,2026-09-26T08:46:39.730902+00:00,2025-02-05,CONSERVATIVE_T1,margin_sse,600598,True
2025-01-27,AGGREGATOR|research-node|akshare@1.18.97|stock_margin_detail_sse,2025-01-27,,2026-09-26T08:46:39.730902+00:00,2025-02-05,CONSERVATIVE_T1,margin_sse,600694,True
2025-01-27,AGGREGATOR|research-node|akshare@1.18.97|stock_margin_detail_sse,2025-01-27,,2026-09-26T08:46:39.730902+00:00,2025-02-05,CONSERVATIVE_T1,margin_sse,601869,True
2025-01-27,AGGREGATOR|research-node|akshare@1.18.97|stock_margin_detail_sse,2025-01-27,,2026-09-26T08:46:39.730902+00:00,2025-02-05,CONSERVATIVE_T1,margin_sse,601985,True
2025-01-27,AGGREGATOR|research-node|akshare@1.18.97|stock_margin_detail_sse,2025-01-27,,2026-09-26T08:46:39.730902+00:00,2025-02-05,CONSERVATIVE_T1,margin_sse,601992,True
2025-01-27,AGGREGATOR|research-node|akshare@1.18.97|stock_margin_detail_sse,2025-01-27,,2026-09-26T08:46:39.730902+00:00,2025-02-05,CONSERVATIVE_T1,margin_sse,688498,True
2025-02-05,AGGREGATOR|research-node|akshare@1.18.97|stock_margin_detail_sse,2025-02-05,,2026-09-26T08:46:44.134957+00:00,2025-02-06,CONSERVATIVE_T1,margin_sse,600196,True
2025-02-05,AGGREGATOR|research-node|akshare@1.18.97|stock_margin_detail_sse,2025-02-05,,2026-09-26T08:46:44.134957+00:00,2025-02-06,CONSERVATIVE_T1,margin_sse,600567,True
2025-02-05,AGGREGATOR|research-node|akshare@1.18.97|stock_margin_detail_sse,2025-02-05,,2026-09-26T08:46:44.134957+00:00,2025-02-06,CONSERVATIVE_T1,margin_sse,600598,True
2025-02-05,AGGREGATOR|research-node|akshare@1.18.97|stock_margin_detail_sse,2025-02-05,,2026-09-26T08:46:44.134957+00:00,2025-02-06,CONSERVATIVE_T1,margin_sse,600694,True
2025-02-05,AGGREGATOR|research-node|akshare@1.18.97|stock_margin_detail_sse,2025-02-05,,2026-09-26T08:46:44.134957+00:00,2025-02-06,CONSERVATIVE_T1,margin_sse,601869,True
2025-02-05,AGGREGATOR|research-node|akshare@1.18.97|stock_margin_detail_sse,2025-02-05,,2026-09-26T08:46:44.134957+00:00,2025-02-06,CONSERVATIVE_T1,margin_sse,601985,True
2025-02-05,AGGREGATOR|research-node|akshare@1.18.97|stock_margin_detail_sse,2025-02-05,,2026-09-26T08:46:44.134957+00:00,2025-02-06,CONSERVATIVE_T1,margin_sse,601992,True
2025-02-05,AGGREGATOR|research-node|akshare@1.18.97|stock_margin_detail_sse,2025-02-05,,2026-09-26T08:46:44.134957+00:00,2025-02-06,CONSERVATIVE_T1,margin_sse,688498,True
2025-02-06,AGGREGATOR|research-node|akshare@1.18.97|stock_margin_detail_sse,2025-02-06,,2026-09-26T08:46:48.483556+00:00,2025-02-07,CONSERVATIVE_T1,margin_sse,600196,True
2025-02-06,AGGREGATOR|research-node|akshare@1.18.97|stock_margin_detail_sse,2025-02-06,,2026-09-26T08:46:48.483556+00:00,2025-02-07,CONSERVATIVE_T1,margin_sse,600567,True
2025-02-06,AGGREGATOR|research-node|akshare@1.18.97|stock_margin_detail_sse,2025-02-06,,2026-09-26T08:46:48.483556+00:00,2025-02-07,CONSERVATIVE_T1,margin_sse,600598,True
2025-02-06,AGGREGATOR|research-node|akshare@1.18.97|stock_margin_detail_sse,2025-02-06,,2026-09-26T08:46:48.483556+00:00,2025-02-07,CONSERVATIVE_T1,margin_sse,600694,True
2025-02-06,AGGREGATOR|research-node|akshare@1.18.97|stock_margin_detail_sse,2025-02-06,,2026-09-26T08:46:48.483556+00:00,2025-02-07,CONSERVATIVE_T1,margin_sse,601869,True
2025-02-06,AGGREGATOR|research-node|akshare@1.18.97|stock_margin_detail_sse,2025-02-06,,2026-09-26T08:46:48.483556+00:00,2025-02-07,CONSERVATIVE_T1,margin_sse,601985,True
2025-02-06,AGGREGATOR|research-node|akshare@1.18.97|stock_margin_detail_sse,2025-02-06,,2026-09-26T08:46:48.483556+00:00,2025-02-07,CONSERVATIVE_T1,margin_sse,601992,True
2025-02-06,AGGREGATOR|research-node|akshare@1.18.97|stock_margin_detail_sse,2025-02-06,,2026-09-26T08:46:48.483556+00:00,2025-02-07,CONSERVATIVE_T1,margin_sse,688498,True
2025-02-07,AGGREGATOR|research-node|akshare@1.18.97|stock_margin_detail_sse,2025-02-07,,2026-09-26T08:46:52.801418+00:00,2025-02-10,CONSERVATIVE_T1,margin_sse,600196,True
2025-02-07,AGGREGATOR|research-node|akshare@1.18.97|stock_margin_detail_sse,2025-02-07,,2026-09-26T08:46:52.801418+00:00,2025-02-10,CONSERVATIVE_T1,margin_sse,600567,True
2025-02-07,AGGREGATOR|research-node|akshare@1.18.97|stock_margin_detail_sse,2025-02-07,,2026-09-26T08:46:52.801418+00:00,2025-02-10,CONSERVATIVE_T1,margin_sse,600598,True
2025-02-07,AGGREGATOR|research-node|akshare@1.18.97|stock_margin_detail_sse,2025-02-07,,2026-09-26T08:46:52.801418+00:00,2025-02-10,CONSERVATIVE_T1,margin_sse,600694,True
2025-02-07,AGGREGATOR|research-node|akshare@1.18.97|stock_margin_detail_sse,2025-02-07,,2026-09-26T08:46:52.801418+00:00,2025-02-10,CONSERVATIVE_T1,margin_sse,601869,True
2025-02-07,AGGREGATOR|research-node|akshare@1.18.97|stock_margin_detail_sse,2025-02-07,,2026-09-26T08:46:52.801418+00:00,2025-02-10,CONSERVATIVE_T1,margin_sse,601985,True
2025-02-07,AGGREGATOR|research-node|akshare@1.18.97|stock_margin_detail_sse,2025-02-07,,2026-09-26T08:46:52.801418+00:00,2025-02-10,CONSERVATIVE_T1,margin_sse,601992,True
2025-02-07,AGGREGATOR|research-node|akshare@1.18.97|stock_margin_detail_sse,2025-02-07,,2026-09-26T08:46:52.801418+00:00,2025-02-10,CONSERVATIVE_T1,margin_sse,688498,True
2025-02-10,AGGREGATOR|research-node|akshare@1.18.97|stock_margin_detail_sse,2025-02-10,,2026-09-26T08:46:57.175659+00:00,2025-02-11,CONSERVATIVE_T1,margin_sse,600196,True
2025-02-10,AGGREGATOR|research-node|akshare@1.18.97|stock_margin_detail_sse,2025-02-10,,2026-09-26T08:46:57.175659+00:00,2025-02-11,CONSERVATIVE_T1,margin_sse,600567,True
2025-02-10,AGGREGATOR|research-node|akshare@1.18.97|stock_margin_detail_sse,2025-02-10,,2026-09-26T08:46:57.175659+00:00,2025-02-11,CONSERVATIVE_T1,margin_sse,600598,True
2025-02-10,AGGREGATOR|research-node|akshare@1.18.97|stock_margin_detail_sse,2025-02-10,,2026-09-26T08:46:57.175659+00:00,2025-02-11,CONSERVATIVE_T1,margin_sse,600694,True
2025-02-10,AGGREGATOR|research-node|akshare@1.18.97|stock_margin_detail_sse,2025-02-10,,2026-09-26T08:46:57.175659+00:00,2025-02-11,CONSERVATIVE_T1,margin_sse,601869,True
2025-02-10,AGGREGATOR|research-node|akshare@1.18.97|stock_margin_detail_sse,2025-02-10,,2026-09-26T08:46:57.175659+00:00,2025-02-11,CONSERVATIVE_T1,margin_sse,601985,True
2025-02-10,AGGREGATOR|research-node|akshare@1.18.97|stock_margin_detail_sse,2025-02-10,,2026-09-26T08:46:57.175659+00:00,2025-02-11,CONSERVATIVE_T1,margin_sse,601992,True
2025-02-10,AGGREGATOR|research-node|akshare@1.18.97|stock_margin_detail_sse,2025-02-10,,2026-09-26T08:46:57.175659+00:00,2025-02-11,CONSERVATIVE_T1,margin_sse,688498,True
2025-02-11,AGGREGATOR|research-node|akshare@1.18.97|stock_margin_detail_sse,2025-02-11,,2026-09-26T08:47:01.564672+00:00,2025-02-12,CONSERVATIVE_T1,margin_sse,600196,True
2025-02-11,AGGREGATOR|research-node|akshare@1.18.97|stock_margin_detail_sse,2025-02-11,,2026-09-26T08:47:01.564672+00:00,2025-02-12,CONSERVATIVE_T1,margin_sse,600567,True
2025-02-11,AGGREGATOR|research-node|akshare@1.18.97|stock_margin_detail_sse,2025-02-11,,2026-09-26T08:47:01.564672+00:00,2025-02-12,CONSERVATIVE_T1,margin_sse,600598,True
2025-02-11,AGGREGATOR|research-node|akshare@1.18.97|stock_margin_detail_sse,2025-02-11,,2026-09-26T08:47:01.564672+00:00,2025-02-12,CONSERVATIVE_T1,margin_sse,600694,True
2025-02-11,AGGREGATOR|research-node|akshare@1.18.97|stock_margin_detail_sse,2025-02-11,,2026-09-26T08:47:01.564672+00:00,2025-02-12,CONSERVATIVE_T1,margin_sse,601869,True
2025-02-11,AGGREGATOR|research-node|akshare@1.18.97|stock_margin_detail_sse,2025-02-11,,2026-09-26T08:47:01.564672+00:00,2025-02-12,CONSERVATIVE_T1,margin_sse,601985,True
2025-02-11,AGGREGATOR|research-node|akshare@1.18.97|stock_margin_detail_sse,2025-02-11,,2026-09-26T08:47:01.564672+00:00,2025-02-12,CONSERVATIVE_T1,margin_sse,601992,True
2025-02-11,AGGREGATOR|research-node|akshare@1.18.97|stock_margin_detail_sse,2025-02-11,,2026-09-26T08:47:01.564672+00:00,2025-02-12,CONSERVATIVE_T1,margin_sse,688498,True
2025-02-12,AGGREGATOR|research-node|akshare@1.18.97|stock_margin_detail_sse,2025-02-12,,2026-09-26T08:47:06.036800+00:00,2025-02-13,CONSERVATIVE_T1,margin_sse,600196,True
2025-02-12,AGGREGATOR|research-node|akshare@1.18.97|stock_margin_detail_sse,2025-02-12,,2026-09-26T08:47:06.036800+00:00,2025-02-13,CONSERVATIVE_T1,margin_sse,600567,True
2025-02-12,AGGREGATOR|research-node|akshare@1.18.97|stock_margin_detail_sse,2025-02-12,,2026-09-26T08:47:06.036800+00:00,2025-02-13,CONSERVATIVE_T1,margin_sse,600598,True
2025-02-12,AGGREGATOR|research-node|akshare@1.18.97|stock_margin_detail_sse,2025-02-12,,2026-09-26T08:47:06.036800+00:00,2025-02-13,CONSERVATIVE_T1,margin_sse,600694,True
2025-02-12,AGGREGATOR|research-node|akshare@1.18.97|stock_margin_detail_sse,2025-02-12,,2026-09-26T08:47:06.036800+00:00,2025-02-13,CONSERVATIVE_T1,margin_sse,601869,True
2025-02-12,AGGREGATOR|research-node|akshare@1.18.97|stock_margin_detail_sse,2025-02-12,,2026-09-26T08:47:06.036800+00:00,2025-02-13,CONSERVATIVE_T1,margin_sse,601985,True
2025-02-12,AGGREGATOR|research-node|akshare@1.18.97|stock_margin_detail_sse,2025-02-12,,2026-09-26T08:47:06.036800+00:00,2025-02-13,CONSERVATIVE_T1,margin_sse,601992,True
2025-02-12,AGGREGATOR|research-node|akshare@1.18.97|stock_margin_detail_sse,2025-02-12,,2026-09-26T08:47:06.036800+00:00,2025-02-13,CONSERVATIVE_T1,margin_sse,688498,True
2025-02-13,AGGREGATOR|research-node|akshare@1.18.97|stock_margin_detail_sse,2025-02-13,,2026-09-26T08:47:10.380003+00:00,2025-02-14,CONSERVATIVE_T1,margin_sse,600196,True
2025-02-13,AGGREGATOR|research-node|akshare@1.18.97|stock_margin_detail_sse,2025-02-13,,2026-09-26T08:47:10.380003+00:00,2025-02-14,CONSERVATIVE_T1,margin_sse,600567,True
2025-02-13,AGGREGATOR|research-node|akshare@1.18.97|stock_margin_detail_sse,2025-02-13,,2026-09-26T08:47:10.380003+00:00,2025-02-14,CONSERVATIVE_T1,margin_sse,600598,True
2025-02-13,AGGREGATOR|research-node|akshare@1.18.97|stock_margin_detail_sse,2025-02-13,,2026-09-26T08:47:10.380003+00:00,2025-02-14,CONSERVATIVE_T1,margin_sse,600694,True
2025-02-13,AGGREGATOR|research-node|akshare@1.18.97|stock_margin_detail_sse,2025-02-13,,2026-09-26T08:47:10.380003+00:00,2025-02-14,CONSERVATIVE_T1,margin_sse,601869,True
2025-02-13,AGGREGATOR|research-node|akshare@1.18.97|stock_margin_detail_sse,2025-02-13,,2026-09-26T08:47:10.380003+00:00,2025-02-14,CONSERVATIVE_T1,margin_sse,601985,True
2025-02-13,AGGREGATOR|research-node|akshare@1.18.97|stock_margin_detail_sse,2025-02-13,,2026-09-26T08:47:10.380003+00:00,2025-02-14,CONSERVATIVE_T1,margin_sse,601992,True
2025-02-13,AGGREGATOR|research-node|akshare@1.18.97|stock_margin_detail_sse,2025-02-13,,2026-09-26T08:47:10.380003+00:00,2025-02-14,CONSERVATIVE_T1,margin_sse,688498,True
2025-02-14,AGGREGATOR|research-node|akshare@1.18.97|stock_margin_detail_sse,2025-02-14,,2026-09-26T08:47:14.874932+00:00,2025-02-17,CONSERVATIVE_T1,margin_sse,600196,True
2025-02-14,AGGREGATOR|research-node|akshare@1.18.97|stock_margin_detail_sse,2025-02-14,,2026-09-26T08:47:14.874932+00:00,2025-02-17,CONSERVATIVE_T1,margin_sse,600567,True
2025-02-14,AGGREGATOR|research-node|akshare@1.18.97|stock_margin_detail_sse,2025-02-14,,2026-09-26T08:47:14.874932+00:00,2025-02-17,CONSERVATIVE_T1,margin_sse,600598,True
2025-02-14,AGGREGATOR|research-node|akshare@1.18.97|stock_margin_detail_sse,2025-02-14,,2026-09-26T08:47:14.874932+00:00,2025-02-17,CONSERVATIVE_T1,margin_sse,600694,True
2025-02-14,AGGREGATOR|research-node|akshare@1.18.97|stock_margin_detail_sse,2025-02-14,,2026-09-26T08:47:14.874932+00:00,2025-02-17,CONSERVATIVE_T1,margin_sse,601869,True
2025-02-14,AGGREGATOR|research-node|akshare@1.18.97|stock_margin_detail_sse,2025-02-14,,2026-09-26T08:47:14.874932+00:00,2025-02-17,CONSERVATIVE_T1,margin_sse,601985,True
2025-02-14,AGGREGATOR|research-node|akshare@1.18.97|stock_margin_detail_sse,2025-02-14,,2026-09-26T08:47:14.874932+00:00,2025-02-17,CONSERVATIVE_T1,margin_sse,601992,True
2025-02-14,AGGREGATOR|research-node|akshare@1.18.97|stock_margin_detail_sse,2025-02-14,,2026-09-26T08:47:14.874932+00:00,2025-02-17,CONSERVATIVE_T1,margin_sse,688498,True
2025-02-17,AGGREGATOR|research-node|akshare@1.18.97|stock_margin_detail_sse,2025-02-17,,2026-09-26T08:47:19.244776+00:00,2025-02-18,CONSERVATIVE_T1,margin_sse,600196,True
2025-02-17,AGGREGATOR|research-node|akshare@1.18.97|stock_margin_detail_sse,2025-02-17,,2026-09-26T08:47:19.244776+00:00,2025-02-18,CONSERVATIVE_T1,margin_sse,600567,True
2025-02-17,AGGREGATOR|research-node|akshare@1.18.97|stock_margin_detail_sse,2025-02-17,,2026-09-26T08:47:19.244776+00:00,2025-02-18,CONSERVATIVE_T1,margin_sse,600598,True
2025-02-17,AGGREGATOR|research-node|akshare@1.18.97|stock_margin_detail_sse,2025-02-17,,2026-09-26T08:47:19.244776+00:00,2025-02-18,CONSERVATIVE_T1,margin_sse,600694,True
2025-02-17,AGGREGATOR|research-node|akshare@1.18.97|stock_margin_detail_sse,2025-02-17,,2026-09-26T08:47:19.244776+00:00,2025-02-18,CONSERVATIVE_T1,margin_sse,601869,True
2025-02-17,AGGREGATOR|research-node|akshare@1.18.97|stock_margin_detail_sse,2025-02-17,,2026-09-26T08:47:19.244776+00:00,2025-02-18,CONSERVATIVE_T1,margin_sse,601985,True
2025-02-17,AGGREGATOR|research-node|akshare@1.18.97|stock_margin_detail_sse,2025-02-17,,2026-09-26T08:47:19.244776+00:00,2025-02-18,CONSERVATIVE_T1,margin_sse,601992,True
2025-02-17,AGGREGATOR|research-node|akshare@1.18.97|stock_margin_detail_sse,2025-02-17,,2026-09-26T08:47:19.244776+00:00,2025-02-18,CONSERVATIVE_T1,margin_sse,688498,True
2025-02-18,AGGREGATOR|research-node|akshare@1.18.97|stock_margin_detail_sse,2025-02-18,,2026-09-26T08:47:23.571181+00:00,2025-02-19,CONSERVATIVE_T1,margin_sse,600196,True
2025-02-18,AGGREGATOR|research-node|akshare@1.18.97|stock_margin_detail_sse,2025-02-18,,2026-09-26T08:47:23.571181+00:00,2025-02-19,CONSERVATIVE_T1,margin_sse,600567,True
2025-02-18,AGGREGATOR|research-node|akshare@1.18.97|stock_margin_detail_sse,2025-02-18,,2026-09-26T08:47:23.571181+00:00,2025-02-19,CONSERVATIVE_T1,margin_sse,600598,True
2025-02-18,AGGREGATOR|research-node|akshare@1.18.97|stock_margin_detail_sse,2025-02-18,,2026-09-26T08:47:23.571181+00:00,2025-02-19,CONSERVATIVE_T1,margin_sse,600694,True
2025-02-18,AGGREGATOR|research-node|akshare@1.18.97|stock_margin_detail_sse,2025-02-18,,2026-09-26T08:47:23.571181+00:00,2025-02-19,CONSERVATIVE_T1,margin_sse,601869,True
2025-02-18,AGGREGATOR|research-node|akshare@1.18.97|stock_margin_detail_sse,2025-02-18,,2026-09-26T08:47:23.571181+00:00,2025-02-19,CONSERVATIVE_T1,margin_sse,601985,True
2025-02-18,AGGREGATOR|research-node|akshare@1.18.97|stock_margin_detail_sse,2025-02-18,,2026-09-26T08:47:23.571181+00:00,2025-02-19,CONSERVATIVE_T1,margin_sse,601992,True
2025-02-18,AGGREGATOR|research-node|akshare@1.18.97|stock_margin_detail_sse,2025-02-18,,2026-09-26T08:47:23.571181+00:00,2025-02-19,CONSERVATIVE_T1,margin_sse,688498,True
2025-02-19,AGGREGATOR|research-node|akshare@1.18.97|stock_margin_detail_sse,2025-02-19,,2026-09-26T08:47:28.112992+00:00,2025-02-20,CONSERVATIVE_T1,margin_sse,600196,True
2025-02-19,AGGREGATOR|research-node|akshare@1.18.97|stock_margin_detail_sse,2025-02-19,,2026-09-26T08:47:28.112992+00:00,2025-02-20,CONSERVATIVE_T1,margin_sse,600567,True
2025-02-19,AGGREGATOR|research-node|akshare@1.18.97|stock_margin_detail_sse,2025-02-19,,2026-09-26T08:47:28.112992+00:00,2025-02-20,CONSERVATIVE_T1,margin_sse,600598,True
2025-02-19,AGGREGATOR|research-node|akshare@1.18.97|stock_margin_detail_sse,2025-02-19,,2026-09-26T08:47:28.112992+00:00,2025-02-20,CONSERVATIVE_T1,margin_sse,600694,True
2025-02-19,AGGREGATOR|research-node|akshare@1.18.97|stock_margin_detail_sse,2025-02-19,,2026-09-26T08:47:28.112992+00:00,2025-02-20,CONSERVATIVE_T1,margin_sse,601869,True
2025-02-19,AGGREGATOR|research-node|akshare@1.18.97|stock_margin_detail_sse,2025-02-19,,2026-09-26T08:47:28.112992+00:00,2025-02-20,CONSERVATIVE_T1,margin_sse,601985,True
2025-02-19,AGGREGATOR|research-node|akshare@1.18.97|stock_margin_detail_sse,2025-02-19,,2026-09-26T08:47:28.112992+00:00,2025-02-20,CONSERVATIVE_T1,margin_sse,601992,True
2025-02-19,AGGREGATOR|research-node|akshare@1.18.97|stock_margin_detail_sse,2025-02-19,,2026-09-26T08:47:28.112992+00:00,2025-02-20,CONSERVATIVE_T1,margin_sse,688498,True
2025-02-20,AGGREGATOR|research-node|akshare@1.18.97|stock_margin_detail_sse,2025-02-20,,2026-09-26T08:47:32.298778+00:00,2025-02-21,CONSERVATIVE_T1,margin_sse,600196,True
2025-02-20,AGGREGATOR|research-node|akshare@1.18.97|stock_margin_detail_sse,2025-02-20,,2026-09-26T08:47:32.298778+00:00,2025-02-21,CONSERVATIVE_T1,margin_sse,600567,True
2025-02-20,AGGREGATOR|research-node|akshare@1.18.97|stock_margin_detail_sse,2025-02-20,,2026-09-26T08:47:32.298778+00:00,2025-02-21,CONSERVATIVE_T1,margin_sse,600598,True
2025-02-20,AGGREGATOR|research-node|akshare@1.18.97|stock_margin_detail_sse,2025-02-20,,2026-09-26T08:47:32.298778+00:00,2025-02-21,CONSERVATIVE_T1,margin_sse,600694,True
2025-02-20,AGGREGATOR|research-node|akshare@1.18.97|stock_margin_detail_sse,2025-02-20,,2026-09-26T08:47:32.298778+00:00,2025-02-21,CONSERVATIVE_T1,margin_sse,601869,True
2025-02-20,AGGREGATOR|research-node|akshare@1.18.97|stock_margin_detail_sse,2025-02-20,,2026-09-26T08:47:32.298778+00:00,2025-02-21,CONSERVATIVE_T1,margin_sse,601985,True
2025-02-20,AGGREGATOR|research-node|akshare@1.18.97|stock_margin_detail_sse,2025-02-20,,2026-09-26T08:47:32.298778+00:00,2025-02-21,CONSERVATIVE_T1,margin_sse,601992,True
2025-02-20,AGGREGATOR|research-node|akshare@1.18.97|stock_margin_detail_sse,2025-02-20,,2026-09-26T08:47:32.298778+00:00,2025-02-21,CONSERVATIVE_T1,margin_sse,688498,True
2025-02-21,AGGREGATOR|research-node|akshare@1.18.97|stock_margin_detail_sse,2025-02-21,,2026-09-26T08:47:36.554882+00:00,2025-02-24,CONSERVATIVE_T1,margin_sse,600196,True
2025-02-21,AGGREGATOR|research-node|akshare@1.18.97|stock_margin_detail_sse,2025-02-21,,2026-09-26T08:47:36.554882+00:00,2025-02-24,CONSERVATIVE_T1,margin_sse,600567,True
2025-02-21,AGGREGATOR|research-node|akshare@1.18.97|stock_margin_detail_sse,2025-02-21,,2026-09-26T08:47:36.554882+00:00,2025-02-24,CONSERVATIVE_T1,margin_sse,600598,True
2025-02-21,AGGREGATOR|research-node|akshare@1.18.97|stock_margin_detail_sse,2025-02-21,,2026-09-26T08:47:36.554882+00:00,2025-02-24,CONSERVATIVE_T1,margin_sse,600694,True
2025-02-21,AGGREGATOR|research-node|akshare@1.18.97|stock_margin_detail_sse,2025-02-21,,2026-09-26T08:47:36.554882+00:00,2025-02-24,CONSERVATIVE_T1,margin_sse,601869,True
2025-02-21,AGGREGATOR|research-node|akshare@1.18.97|stock_margin_detail_sse,2025-02-21,,2026-09-26T08:47:36.554882+00:00,2025-02-24,CONSERVATIVE_T1,margin_sse,601985,True
2025-02-21,AGGREGATOR|research-node|akshare@1.18.97|stock_margin_detail_sse,2025-02-21,,2026-09-26T08:47:36.554882+00:00,2025-02-24,CONSERVATIVE_T1,margin_sse,601992,True
2025-02-21,AGGREGATOR|research-node|akshare@1.18.97|stock_margin_detail_sse,2025-02-21,,2026-09-26T08:47:36.554882+00:00,2025-02-24,CONSERVATIVE_T1,margin_sse,603618,True
2025-02-21,AGGREGATOR|research-node|akshare@1.18.97|stock_margin_detail_sse,2025-02-21,,2026-09-26T08:47:36.554882+00:00,2025-02-24,CONSERVATIVE_T1,margin_sse,688498,True
2025-02-24,AGGREGATOR|research-node|akshare@1.18.97|stock_margin_detail_sse,2025-02-24,,2026-09-26T08:47:40.770515+00:00,2025-02-25,CONSERVATIVE_T1,margin_sse,600196,True
2025-02-24,AGGREGATOR|research-node|akshare@1.18.97|stock_margin_detail_sse,2025-02-24,,2026-09-26T08:47:40.770515+00:00,2025-02-25,CONSERVATIVE_T1,margin_sse,600567,True
2025-02-24,AGGREGATOR|research-node|akshare@1.18.97|stock_margin_detail_sse,2025-02-24,,2026-09-26T08:47:40.770515+00:00,2025-02-25,CONSERVATIVE_T1,margin_sse,600598,True
2025-02-24,AGGREGATOR|research-node|akshare@1.18.97|stock_margin_detail_sse,2025-02-24,,2026-09-26T08:47:40.770515+00:00,2025-02-25,CONSERVATIVE_T1,margin_sse,600694,True
2025-02-24,AGGREGATOR|research-node|akshare@1.18.97|stock_margin_detail_sse,2025-02-24,,2026-09-26T08:47:40.770515+00:00,2025-02-25,CONSERVATIVE_T1,margin_sse,601869,True
2025-02-24,AGGREGATOR|research-node|akshare@1.18.97|stock_margin_detail_sse,2025-02-24,,2026-09-26T08:47:40.770515+00:00,2025-02-25,CONSERVATIVE_T1,margin_sse,601985,True
2025-02-24,AGGREGATOR|research-node|akshare@1.18.97|stock_margin_detail_sse,2025-02-24,,2026-09-26T08:47:40.770515+00:00,2025-02-25,CONSERVATIVE_T1,margin_sse,601992,True
2025-02-24,AGGREGATOR|research-node|akshare@1.18.97|stock_margin_detail_sse,2025-02-24,,2026-09-26T08:47:40.770515+00:00,2025-02-25,CONSERVATIVE_T1,margin_sse,603618,True
2025-02-24,AGGREGATOR|research-node|akshare@1.18.97|stock_margin_detail_sse,2025-02-24,,2026-09-26T08:47:40.770515+00:00,2025-02-25,CONSERVATIVE_T1,margin_sse,688498,True
2025-02-25,AGGREGATOR|research-node|akshare@1.18.97|stock_margin_detail_sse,2025-02-25,,2026-09-26T08:47:44.898078+00:00,2025-02-26,CONSERVATIVE_T1,margin_sse,600196,True
2025-02-25,AGGREGATOR|research-node|akshare@1.18.97|stock_margin_detail_sse,2025-02-25,,2026-09-26T08:47:44.898078+00:00,2025-02-26,CONSERVATIVE_T1,margin_sse,600567,True
2025-02-25,AGGREGATOR|research-node|akshare@1.18.97|stock_margin_detail_sse,2025-02-25,,2026-09-26T08:47:44.898078+00:00,2025-02-26,CONSERVATIVE_T1,margin_sse,600598,True
2025-02-25,AGGREGATOR|research-node|akshare@1.18.97|stock_margin_detail_sse,2025-02-25,,2026-09-26T08:47:44.898078+00:00,2025-02-26,CONSERVATIVE_T1,margin_sse,600694,True
2025-02-25,AGGREGATOR|research-node|akshare@1.18.97|stock_margin_detail_sse,2025-02-25,,2026-09-26T08:47:44.898078+00:00,2025-02-26,CONSERVATIVE_T1,margin_sse,601869,True
2025-02-25,AGGREGATOR|research-node|akshare@1.18.97|stock_margin_detail_sse,2025-02-25,,2026-09-26T08:47:44.898078+00:00,2025-02-26,CONSERVATIVE_T1,margin_sse,601985,True
2025-02-25,AGGREGATOR|research-node|akshare@1.18.97|stock_margin_detail_sse,2025-02-25,,2026-09-26T08:47:44.898078+00:00,2025-02-26,CONSERVATIVE_T1,margin_sse,601992,True
2025-02-25,AGGREGATOR|research-node|akshare@1.18.97|stock_margin_detail_sse,2025-02-25,,2026-09-26T08:47:44.898078+00:00,2025-02-26,CONSERVATIVE_T1,margin_sse,603618,True
2025-02-25,AGGREGATOR|research-node|akshare@1.18.97|stock_margin_detail_sse,2025-02-25,,2026-09-26T08:47:44.898078+00:00,2025-02-26,CONSERVATIVE_T1,margin_sse,688498,True
2025-02-26,AGGREGATOR|research-node|akshare@1.18.97|stock_margin_detail_sse,2025-02-26,,2026-09-26T08:47:49.022680+00:00,2025-02-27,CONSERVATIVE_T1,margin_sse,600196,True
2025-02-26,AGGREGATOR|research-node|akshare@1.18.97|stock_margin_detail_sse,2025-02-26,,2026-09-26T08:47:49.022680+00:00,2025-02-27,CONSERVATIVE_T1,margin_sse,600567,True
2025-02-26,AGGREGATOR|research-node|akshare@1.18.97|stock_margin_detail_sse,2025-02-26,,2026-09-26T08:47:49.022680+00:00,2025-02-27,CONSERVATIVE_T1,margin_sse,600598,True
2025-02-26,AGGREGATOR|research-node|akshare@1.18.97|stock_margin_detail_sse,2025-02-26,,2026-09-26T08:47:49.022680+00:00,2025-02-27,CONSERVATIVE_T1,margin_sse,600694,True
2025-02-26,AGGREGATOR|research-node|akshare@1.18.97|stock_margin_detail_sse,2025-02-26,,2026-09-26T08:47:49.022680+00:00,2025-02-27,CONSERVATIVE_T1,margin_sse,601869,True
2025-02-26,AGGREGATOR|research-node|akshare@1.18.97|stock_margin_detail_sse,2025-02-26,,2026-09-26T08:47:49.022680+00:00,2025-02-27,CONSERVATIVE_T1,margin_sse,601985,True
2025-02-26,AGGREGATOR|research-node|akshare@1.18.97|stock_margin_detail_sse,2025-02-26,,2026-09-26T08:47:49.022680+00:00,2025-02-27,CONSERVATIVE_T1,margin_sse,601992,True
2025-02-26,AGGREGATOR|research-node|akshare@1.18.97|stock_margin_detail_sse,2025-02-26,,2026-09-26T08:47:49.022680+00:00,2025-02-27,CONSERVATIVE_T1,margin_sse,603618,True
2025-02-26,AGGREGATOR|research-node|akshare@1.18.97|stock_margin_detail_sse,2025-02-26,,2026-09-26T08:47:49.022680+00:00,2025-02-27,CONSERVATIVE_T1,margin_sse,688498,True
2025-02-27,AGGREGATOR|research-node|akshare@1.18.97|stock_margin_detail_sse,2025-02-27,,2026-09-26T08:47:53.259679+00:00,2025-02-28,CONSERVATIVE_T1,margin_sse,600196,True
2025-02-27,AGGREGATOR|research-node|akshare@1.18.97|stock_margin_detail_sse,2025-02-27,,2026-09-26T08:47:53.259679+00:00,2025-02-28,CONSERVATIVE_T1,margin_sse,600567,True
2025-02-27,AGGREGATOR|research-node|akshare@1.18.97|stock_margin_detail_sse,2025-02-27,,2026-09-26T08:47:53.259679+00:00,2025-02-28,CONSERVATIVE_T1,margin_sse,600598,True
2025-02-27,AGGREGATOR|research-node|akshare@1.18.97|stock_margin_detail_sse,2025-02-27,,2026-09-26T08:47:53.259679+00:00,2025-02-28,CONSERVATIVE_T1,margin_sse,600694,True
2025-02-27,AGGREGATOR|research-node|akshare@1.18.97|stock_margin_detail_sse,2025-02-27,,2026-09-26T08:47:53.259679+00:00,2025-02-28,CONSERVATIVE_T1,margin_sse,601869,True
2025-02-27,AGGREGATOR|research-node|akshare@1.18.97|stock_margin_detail_sse,2025-02-27,,2026-09-26T08:47:53.259679+00:00,2025-02-28,CONSERVATIVE_T1,margin_sse,601985,True
2025-02-27,AGGREGATOR|research-node|akshare@1.18.97|stock_margin_detail_sse,2025-02-27,,2026-09-26T08:47:53.259679+00:00,2025-02-28,CONSERVATIVE_T1,margin_sse,601992,True
2025-02-27,AGGREGATOR|research-node|akshare@1.18.97|stock_margin_detail_sse,2025-02-27,,2026-09-26T08:47:53.259679+00:00,2025-02-28,CONSERVATIVE_T1,margin_sse,603618,True
2025-02-27,AGGREGATOR|research-node|akshare@1.18.97|stock_margin_detail_sse,2025-02-27,,2026-09-26T08:47:53.259679+00:00,2025-02-28,CONSERVATIVE_T1,margin_sse,688498,True
2025-02-28,AGGREGATOR|research-node|akshare@1.18.97|stock_margin_detail_sse,2025-02-28,,2026-09-26T08:47:57.467893+00:00,2025-03-03,CONSERVATIVE_T1,margin_sse,600196,True
2025-02-28,AGGREGATOR|research-node|akshare@1.18.97|stock_margin_detail_sse,2025-02-28,,2026-09-26T08:47:57.467893+00:00,2025-03-03,CONSERVATIVE_T1,margin_sse,600567,True
2025-02-28,AGGREGATOR|research-node|akshare@1.18.97|stock_margin_detail_sse,2025-02-28,,2026-09-26T08:47:57.467893+00:00,2025-03-03,CONSERVATIVE_T1,margin_sse,600598,True
2025-02-28,AGGREGATOR|research-node|akshare@1.18.97|stock_margin_detail_sse,2025-02-28,,2026-09-26T08:47:57.467893+00:00,2025-03-03,CONSERVATIVE_T1,margin_sse,600694,True
2025-02-28,AGGREGATOR|research-node|akshare@1.18.97|stock_margin_detail_sse,2025-02-28,,2026-09-26T08:47:57.467893+00:00,2025-03-03,CONSERVATIVE_T1,margin_sse,601869,True
2025-02-28,AGGREGATOR|research-node|akshare@1.18.97|stock_margin_detail_sse,2025-02-28,,2026-09-26T08:47:57.467893+00:00,2025-03-03,CONSERVATIVE_T1,margin_sse,601985,True
2025-02-28,AGGREGATOR|research-node|akshare@1.18.97|stock_margin_detail_sse,2025-02-28,,2026-09-26T08:47:57.467893+00:00,2025-03-03,CONSERVATIVE_T1,margin_sse,601992,True
2025-02-28,AGGREGATOR|research-node|akshare@1.18.97|stock_margin_detail_sse,2025-02-28,,2026-09-26T08:47:57.467893+00:00,2025-03-03,CONSERVATIVE_T1,margin_sse,603618,True
2025-02-28,AGGREGATOR|research-node|akshare@1.18.97|stock_margin_detail_sse,2025-02-28,,2026-09-26T08:47:57.467893+00:00,2025-03-03,CONSERVATIVE_T1,margin_sse,688498,True
2025-03-03,AGGREGATOR|research-node|akshare@1.18.97|stock_margin_detail_sse,2025-03-03,,2026-09-26T08:48:01.832330+00:00,2025-03-04,CONSERVATIVE_T1,margin_sse,600196,True
2025-03-03,AGGREGATOR|research-node|akshare@1.18.97|stock_margin_detail_sse,2025-03-03,,2026-09-26T08:48:01.832330+00:00,2025-03-04,CONSERVATIVE_T1,margin_sse,600567,True
2025-03-03,AGGREGATOR|research-node|akshare@1.18.97|stock_margin_detail_sse,2025-03-03,,2026-09-26T08:48:01.832330+00:00,2025-03-04,CONSERVATIVE_T1,margin_sse,600598,True
2025-03-03,AGGREGATOR|research-node|akshare@1.18.97|stock_margin_detail_sse,2025-03-03,,2026-09-26T08:48:01.832330+00:00,2025-03-04,CONSERVATIVE_T1,margin_sse,600694,True
2025-03-03,AGGREGATOR|research-node|akshare@1.18.97|stock_margin_detail_sse,2025-03-03,,2026-09-26T08:48:01.832330+00:00,2025-03-04,CONSERVATIVE_T1,margin_sse,601869,True
2025-03-03,AGGREGATOR|research-node|akshare@1.18.97|stock_margin_detail_sse,2025-03-03,,2026-09-26T08:48:01.832330+00:00,2025-03-04,CONSERVATIVE_T1,margin_sse,601985,True
2025-03-03,AGGREGATOR|research-node|akshare@1.18.97|stock_margin_detail_sse,2025-03-03,,2026-09-26T08:48:01.832330+00:00,2025-03-04,CONSERVATIVE_T1,margin_sse,601992,True
2025-03-03,AGGREGATOR|research-node|akshare@1.18.97|stock_margin_detail_sse,2025-03-03,,2026-09-26T08:48:01.832330+00:00,2025-03-04,CONSERVATIVE_T1,margin_sse,603618,True
2025-03-03,AGGREGATOR|research-node|akshare@1.18.97|stock_margin_detail_sse,2025-03-03,,2026-09-26T08:48:01.832330+00:00,2025-03-04,CONSERVATIVE_T1,margin_sse,688498,True
2025-03-04,AGGREGATOR|research-node|akshare@1.18.97|stock_margin_detail_sse,2025-03-04,,2026-09-26T08:48:06.204453+00:00,2025-03-05,CONSERVATIVE_T1,margin_sse,600196,True
2025-03-04,AGGREGATOR|research-node|akshare@1.18.97|stock_margin_detail_sse,2025-03-04,,2026-09-26T08:48:06.204453+00:00,2025-03-05,CONSERVATIVE_T1,margin_sse,600567,True
2025-03-04,AGGREGATOR|research-node|akshare@1.18.97|stock_margin_detail_sse,2025-03-04,,2026-09-26T08:48:06.204453+00:00,2025-03-05,CONSERVATIVE_T1,margin_sse,600598,True
2025-03-04,AGGREGATOR|research-node|akshare@1.18.97|stock_margin_detail_sse,2025-03-04,,2026-09-26T08:48:06.204453+00:00,2025-03-05,CONSERVATIVE_T1,margin_sse,600694,True
2025-03-04,AGGREGATOR|research-node|akshare@1.18.97|stock_margin_detail_sse,2025-03-04,,2026-09-26T08:48:06.204453+00:00,2025-03-05,CONSERVATIVE_T1,margin_sse,601869,True
2025-03-04,AGGREGATOR|research-node|akshare@1.18.97|stock_margin_detail_sse,2025-03-04,,2026-09-26T08:48:06.204453+00:00,2025-03-05,CONSERVATIVE_T1,margin_sse,601985,True
2025-03-04,AGGREGATOR|research-node|akshare@1.18.97|stock_margin_detail_sse,2025-03-04,,2026-09-26T08:48:06.204453+00:00,2025-03-05,CONSERVATIVE_T1,margin_sse,601992,True
2025-03-04,AGGREGATOR|research-node|akshare@1.18.97|stock_margin_detail_sse,2025-03-04,,2026-09-26T08:48:06.204453+00:00,2025-03-05,CONSERVATIVE_T1,margin_sse,603618,True
2025-03-04,AGGREGATOR|research-node|akshare@1.18.97|stock_margin_detail_sse,2025-03-04,,2026-09-26T08:48:06.204453+00:00,2025-03-05,CONSERVATIVE_T1,margin_sse,688498,True
2025-03-05,AGGREGATOR|research-node|akshare@1.18.97|stock_margin_detail_sse,2025-03-05,,2026-09-26T08:48:10.510591+00:00,2025-03-06,CONSERVATIVE_T1,margin_sse,600196,True
2025-03-05,AGGREGATOR|research-node|akshare@1.18.97|stock_margin_detail_sse,2025-03-05,,2026-09-26T08:48:10.510591+00:00,2025-03-06,CONSERVATIVE_T1,margin_sse,600567,True
2025-03-05,AGGREGATOR|research-node|akshare@1.18.97|stock_margin_detail_sse,2025-03-05,,2026-09-26T08:48:10.510591+00:00,2025-03-06,CONSERVATIVE_T1,margin_sse,600598,True
2025-03-05,AGGREGATOR|research-node|akshare@1.18.97|stock_margin_detail_sse,2025-03-05,,2026-09-26T08:48:10.510591+00:00,2025-03-06,CONSERVATIVE_T1,margin_sse,600694,True
2025-03-05,AGGREGATOR|research-node|akshare@1.18.97|stock_margin_detail_sse,2025-03-05,,2026-09-26T08:48:10.510591+00:00,2025-03-06,CONSERVATIVE_T1,margin_sse,601869,True
2025-03-05,AGGREGATOR|research-node|akshare@1.18.97|stock_margin_detail_sse,2025-03-05,,2026-09-26T08:48:10.510591+00:00,2025-03-06,CONSERVATIVE_T1,margin_sse,601985,True
2025-03-05,AGGREGATOR|research-node|akshare@1.18.97|stock_margin_detail_sse,2025-03-05,,2026-09-26T08:48:10.510591+00:00,2025-03-06,CONSERVATIVE_T1,margin_sse,601992,True
2025-03-05,AGGREGATOR|research-node|akshare@1.18.97|stock_margin_detail_sse,2025-03-05,,2026-09-26T08:48:10.510591+00:00,2025-03-06,CONSERVATIVE_T1,margin_sse,603618,True
2025-03-05,AGGREGATOR|research-node|akshare@1.18.97|stock_margin_detail_sse,2025-03-05,,2026-09-26T08:48:10.510591+00:00,2025-03-06,CONSERVATIVE_T1,margin_sse,688498,True
2025-03-06,AGGREGATOR|research-node|akshare@1.18.97|stock_margin_detail_sse,2025-03-06,,2026-09-26T08:48:14.965958+00:00,2025-03-07,CONSERVATIVE_T1,margin_sse,600196,True
2025-03-06,AGGREGATOR|research-node|akshare@1.18.97|stock_margin_detail_sse,2025-03-06,,2026-09-26T08:48:14.965958+00:00,2025-03-07,CONSERVATIVE_T1,margin_sse,600567,True
2025-03-06,AGGREGATOR|research-node|akshare@1.18.97|stock_margin_detail_sse,2025-03-06,,2026-09-26T08:48:14.965958+00:00,2025-03-07,CONSERVATIVE_T1,margin_sse,600598,True
2025-03-06,AGGREGATOR|research-node|akshare@1.18.97|stock_margin_detail_sse,2025-03-06,,2026-09-26T08:48:14.965958+00:00,2025-03-07,CONSERVATIVE_T1,margin_sse,600694,True
2025-03-06,AGGREGATOR|research-node|akshare@1.18.97|stock_margin_detail_sse,2025-03-06,,2026-09-26T08:48:14.965958+00:00,2025-03-07,CONSERVATIVE_T1,margin_sse,601869,True
2025-03-06,AGGREGATOR|research-node|akshare@1.18.97|stock_margin_detail_sse,2025-03-06,,2026-09-26T08:48:14.965958+00:00,2025-03-07,CONSERVATIVE_T1,margin_sse,601985,True
2025-03-06,AGGREGATOR|research-node|akshare@1.18.97|stock_margin_detail_sse,2025-03-06,,2026-09-26T08:48:14.965958+00:00,2025-03-07,CONSERVATIVE_T1,margin_sse,601992,True
2025-03-06,AGGREGATOR|research-node|akshare@1.18.97|stock_margin_detail_sse,2025-03-06,,2026-09-26T08:48:14.965958+00:00,2025-03-07,CONSERVATIVE_T1,margin_sse,603618,True
2025-03-06,AGGREGATOR|research-node|akshare@1.18.97|stock_margin_detail_sse,2025-03-06,,2026-09-26T08:48:14.965958+00:00,2025-03-07,CONSERVATIVE_T1,margin_sse,688498,True
2025-03-07,AGGREGATOR|research-node|akshare@1.18.97|stock_margin_detail_sse,2025-03-07,,2026-09-26T08:48:19.358434+00:00,2025-03-10,CONSERVATIVE_T1,margin_sse,600196,True
2025-03-07,AGGREGATOR|research-node|akshare@1.18.97|stock_margin_detail_sse,2025-03-07,,2026-09-26T08:48:19.358434+00:00,2025-03-10,CONSERVATIVE_T1,margin_sse,600567,True
2025-03-07,AGGREGATOR|research-node|akshare@1.18.97|stock_margin_detail_sse,2025-03-07,,2026-09-26T08:48:19.358434+00:00,2025-03-10,CONSERVATIVE_T1,margin_sse,600598,True
2025-03-07,AGGREGATOR|research-node|akshare@1.18.97|stock_margin_detail_sse,2025-03-07,,2026-09-26T08:48:19.358434+00:00,2025-03-10,CONSERVATIVE_T1,margin_sse,600694,True
2025-03-07,AGGREGATOR|research-node|akshare@1.18.97|stock_margin_detail_sse,2025-03-07,,2026-09-26T08:48:19.358434+00:00,2025-03-10,CONSERVATIVE_T1,margin_sse,601869,True
2025-03-07,AGGREGATOR|research-node|akshare@1.18.97|stock_margin_detail_sse,2025-03-07,,2026-09-26T08:48:19.358434+00:00,2025-03-10,CONSERVATIVE_T1,margin_sse,601985,True
2025-03-07,AGGREGATOR|research-node|akshare@1.18.97|stock_margin_detail_sse,2025-03-07,,2026-09-26T08:48:19.358434+00:00,2025-03-10,CONSERVATIVE_T1,margin_sse,601992,True
2025-03-07,AGGREGATOR|research-node|akshare@1.18.97|stock_margin_detail_sse,2025-03-07,,2026-09-26T08:48:19.358434+00:00,2025-03-10,CONSERVATIVE_T1,margin_sse,603618,True
2025-03-07,AGGREGATOR|research-node|akshare@1.18.97|stock_margin_detail_sse,2025-03-07,,2026-09-26T08:48:19.358434+00:00,2025-03-10,CONSERVATIVE_T1,margin_sse,688498,True
2025-03-10,AGGREGATOR|research-node|akshare@1.18.97|stock_margin_detail_sse,2025-03-10,,2026-09-26T08:48:23.670837+00:00,2025-03-11,CONSERVATIVE_T1,margin_sse,600196,True
2025-03-10,AGGREGATOR|research-node|akshare@1.18.97|stock_margin_detail_sse,2025-03-10,,2026-09-26T08:48:23.670837+00:00,2025-03-11,CONSERVATIVE_T1,margin_sse,600567,True
2025-03-10,AGGREGATOR|research-node|akshare@1.18.97|stock_margin_detail_sse,2025-03-10,,2026-09-26T08:48:23.670837+00:00,2025-03-11,CONSERVATIVE_T1,margin_sse,600598,True
2025-03-10,AGGREGATOR|research-node|akshare@1.18.97|stock_margin_detail_sse,2025-03-10,,2026-09-26T08:48:23.670837+00:00,2025-03-11,CONSERVATIVE_T1,margin_sse,600694,True
2025-03-10,AGGREGATOR|research-node|akshare@1.18.97|stock_margin_detail_sse,2025-03-10,,2026-09-26T08:48:23.670837+00:00,2025-03-11,CONSERVATIVE_T1,margin_sse,601869,True
2025-03-10,AGGREGATOR|research-node|akshare@1.18.97|stock_margin_detail_sse,2025-03-10,,2026-09-26T08:48:23.670837+00:00,2025-03-11,CONSERVATIVE_T1,margin_sse,601985,True
2025-03-10,AGGREGATOR|research-node|akshare@1.18.97|stock_margin_detail_sse,2025-03-10,,2026-09-26T08:48:23.670837+00:00,2025-03-11,CONSERVATIVE_T1,margin_sse,601992,True
2025-03-10,AGGREGATOR|research-node|akshare@1.18.97|stock_margin_detail_sse,2025-03-10,,2026-09-26T08:48:23.670837+00:00,2025-03-11,CONSERVATIVE_T1,margin_sse,603618,True
2025-03-10,AGGREGATOR|research-node|akshare@1.18.97|stock_margin_detail_sse,2025-03-10,,2026-09-26T08:48:23.670837+00:00,2025-03-11,CONSERVATIVE_T1,margin_sse,688498,True
2025-03-11,AGGREGATOR|research-node|akshare@1.18.97|stock_margin_detail_sse,2025-03-11,,2026-09-26T08:48:28.120084+00:00,2025-03-12,CONSERVATIVE_T1,margin_sse,600196,True
2025-03-11,AGGREGATOR|research-node|akshare@1.18.97|stock_margin_detail_sse,2025-03-11,,2026-09-26T08:48:28.120084+00:00,2025-03-12,CONSERVATIVE_T1,margin_sse,600567,True
2025-03-11,AGGREGATOR|research-node|akshare@1.18.97|stock_margin_detail_sse,2025-03-11,,2026-09-26T08:48:28.120084+00:00,2025-03-12,CONSERVATIVE_T1,margin_sse,600598,True
2025-03-11,AGGREGATOR|research-node|akshare@1.18.97|stock_margin_detail_sse,2025-03-11,,2026-09-26T08:48:28.120084+00:00,2025-03-12,CONSERVATIVE_T1,margin_sse,600694,True
2025-03-11,AGGREGATOR|research-node|akshare@1.18.97|stock_margin_detail_sse,2025-03-11,,2026-09-26T08:48:28.120084+00:00,2025-03-12,CONSERVATIVE_T1,margin_sse,601869,True
2025-03-11,AGGREGATOR|research-node|akshare@1.18.97|stock_margin_detail_sse,2025-03-11,,2026-09-26T08:48:28.120084+00:00,2025-03-12,CONSERVATIVE_T1,margin_sse,601985,True
2025-03-11,AGGREGATOR|research-node|akshare@1.18.97|stock_margin_detail_sse,2025-03-11,,2026-09-26T08:48:28.120084+00:00,2025-03-12,CONSERVATIVE_T1,margin_sse,601992,True
2025-03-11,AGGREGATOR|research-node|akshare@1.18.97|stock_margin_detail_sse,2025-03-11,,2026-09-26T08:48:28.120084+00:00,2025-03-12,CONSERVATIVE_T1,margin_sse,603618,True
2025-03-11,AGGREGATOR|research-node|akshare@1.18.97|stock_margin_detail_sse,2025-03-11,,2026-09-26T08:48:28.120084+00:00,2025-03-12,CONSERVATIVE_T1,margin_sse,688498,True
2025-03-12,AGGREGATOR|research-node|akshare@1.18.97|stock_margin_detail_sse,2025-03-12,,2026-09-26T08:48:32.477290+00:00,2025-03-13,CONSERVATIVE_T1,margin_sse,600196,True
2025-03-12,AGGREGATOR|research-node|akshare@1.18.97|stock_margin_detail_sse,2025-03-12,,2026-09-26T08:48:32.477290+00:00,2025-03-13,CONSERVATIVE_T1,margin_sse,600567,True
2025-03-12,AGGREGATOR|research-node|akshare@1.18.97|stock_margin_detail_sse,2025-03-12,,2026-09-26T08:48:32.477290+00:00,2025-03-13,CONSERVATIVE_T1,margin_sse,600598,True
2025-03-12,AGGREGATOR|research-node|akshare@1.18.97|stock_margin_detail_sse,2025-03-12,,2026-09-26T08:48:32.477290+00:00,2025-03-13,CONSERVATIVE_T1,margin_sse,600694,True
2025-03-12,AGGREGATOR|research-node|akshare@1.18.97|stock_margin_detail_sse,2025-03-12,,2026-09-26T08:48:32.477290+00:00,2025-03-13,CONSERVATIVE_T1,margin_sse,601869,True
2025-03-12,AGGREGATOR|research-node|akshare@1.18.97|stock_margin_detail_sse,2025-03-12,,2026-09-26T08:48:32.477290+00:00,2025-03-13,CONSERVATIVE_T1,margin_sse,601985,True
2025-03-12,AGGREGATOR|research-node|akshare@1.18.97|stock_margin_detail_sse,2025-03-12,,2026-09-26T08:48:32.477290+00:00,2025-03-13,CONSERVATIVE_T1,margin_sse,601992,True
2025-03-12,AGGREGATOR|research-node|akshare@1.18.97|stock_margin_detail_sse,2025-03-12,,2026-09-26T08:48:32.477290+00:00,2025-03-13,CONSERVATIVE_T1,margin_sse,603618,True
2025-03-12,AGGREGATOR|research-node|akshare@1.18.97|stock_margin_detail_sse,2025-03-12,,2026-09-26T08:48:32.477290+00:00,2025-03-13,CONSERVATIVE_T1,margin_sse,688498,True
2025-03-13,AGGREGATOR|research-node|akshare@1.18.97|stock_margin_detail_sse,2025-03-13,,2026-09-26T08:48:36.826945+00:00,2025-03-14,CONSERVATIVE_T1,margin_sse,600196,True
2025-03-13,AGGREGATOR|research-node|akshare@1.18.97|stock_margin_detail_sse,2025-03-13,,2026-09-26T08:48:36.826945+00:00,2025-03-14,CONSERVATIVE_T1,margin_sse,600567,True
2025-03-13,AGGREGATOR|research-node|akshare@1.18.97|stock_margin_detail_sse,2025-03-13,,2026-09-26T08:48:36.826945+00:00,2025-03-14,CONSERVATIVE_T1,margin_sse,600598,True
2025-03-13,AGGREGATOR|research-node|akshare@1.18.97|stock_margin_detail_sse,2025-03-13,,2026-09-26T08:48:36.826945+00:00,2025-03-14,CONSERVATIVE_T1,margin_sse,600694,True
2025-03-13,AGGREGATOR|research-node|akshare@1.18.97|stock_margin_detail_sse,2025-03-13,,2026-09-26T08:48:36.826945+00:00,2025-03-14,CONSERVATIVE_T1,margin_sse,601869,True
2025-03-13,AGGREGATOR|research-node|akshare@1.18.97|stock_margin_detail_sse,2025-03-13,,2026-09-26T08:48:36.826945+00:00,2025-03-14,CONSERVATIVE_T1,margin_sse,601985,True
2025-03-13,AGGREGATOR|research-node|akshare@1.18.97|stock_margin_detail_sse,2025-03-13,,2026-09-26T08:48:36.826945+00:00,2025-03-14,CONSERVATIVE_T1,margin_sse,601992,True
2025-03-13,AGGREGATOR|research-node|akshare@1.18.97|stock_margin_detail_sse,2025-03-13,,2026-09-26T08:48:36.826945+00:00,2025-03-14,CONSERVATIVE_T1,margin_sse,603618,True
2025-03-13,AGGREGATOR|research-node|akshare@1.18.97|stock_margin_detail_sse,2025-03-13,,2026-09-26T08:48:36.826945+00:00,2025-03-14,CONSERVATIVE_T1,margin_sse,688498,True
2025-03-14,AGGREGATOR|research-node|akshare@1.18.97|stock_margin_detail_sse,2025-03-14,,2026-09-26T08:48:41.155461+00:00,2025-03-17,CONSERVATIVE_T1,margin_sse,600196,True
2025-03-14,AGGREGATOR|research-node|akshare@1.18.97|stock_margin_detail_sse,2025-03-14,,2026-09-26T08:48:41.155461+00:00,2025-03-17,CONSERVATIVE_T1,margin_sse,600567,True
2025-03-14,AGGREGATOR|research-node|akshare@1.18.97|stock_margin_detail_sse,2025-03-14,,2026-09-26T08:48:41.155461+00:00,2025-03-17,CONSERVATIVE_T1,margin_sse,600598,True
2025-03-14,AGGREGATOR|research-node|akshare@1.18.97|stock_margin_detail_sse,2025-03-14,,2026-09-26T08:48:41.155461+00:00,2025-03-17,CONSERVATIVE_T1,margin_sse,600694,True
2025-03-14,AGGREGATOR|research-node|akshare@1.18.97|stock_margin_detail_sse,2025-03-14,,2026-09-26T08:48:41.155461+00:00,2025-03-17,CONSERVATIVE_T1,margin_sse,601869,True
2025-03-14,AGGREGATOR|research-node|akshare@1.18.97|stock_margin_detail_sse,2025-03-14,,2026-09-26T08:48:41.155461+00:00,2025-03-17,CONSERVATIVE_T1,margin_sse,601985,True
2025-03-14,AGGREGATOR|research-node|akshare@1.18.97|stock_margin_detail_sse,2025-03-14,,2026-09-26T08:48:41.155461+00:00,2025-03-17,CONSERVATIVE_T1,margin_sse,601992,True
2025-03-14,AGGREGATOR|research-node|akshare@1.18.97|stock_margin_detail_sse,2025-03-14,,2026-09-26T08:48:41.155461+00:00,2025-03-17,CONSERVATIVE_T1,margin_sse,603618,True
2025-03-14,AGGREGATOR|research-node|akshare@1.18.97|stock_margin_detail_sse,2025-03-14,,2026-09-26T08:48:41.155461+00:00,2025-03-17,CONSERVATIVE_T1,margin_sse,688498,True
2025-03-17,AGGREGATOR|research-node|akshare@1.18.97|stock_margin_detail_sse,2025-03-17,,2026-09-26T08:48:45.545188+00:00,2025-03-18,CONSERVATIVE_T1,margin_sse,600196,True
2025-03-17,AGGREGATOR|research-node|akshare@1.18.97|stock_margin_detail_sse,2025-03-17,,2026-09-26T08:48:45.545188+00:00,2025-03-18,CONSERVATIVE_T1,margin_sse,600567,True
2025-03-17,AGGREGATOR|research-node|akshare@1.18.97|stock_margin_detail_sse,2025-03-17,,2026-09-26T08:48:45.545188+00:00,2025-03-18,CONSERVATIVE_T1,margin_sse,600598,True
2025-03-17,AGGREGATOR|research-node|akshare@1.18.97|stock_margin_detail_sse,2025-03-17,,2026-09-26T08:48:45.545188+00:00,2025-03-18,CONSERVATIVE_T1,margin_sse,600694,True
2025-03-17,AGGREGATOR|research-node|akshare@1.18.97|stock_margin_detail_sse,2025-03-17,,2026-09-26T08:48:45.545188+00:00,2025-03-18,CONSERVATIVE_T1,margin_sse,601869,True
2025-03-17,AGGREGATOR|research-node|akshare@1.18.97|stock_margin_detail_sse,2025-03-17,,2026-09-26T08:48:45.545188+00:00,2025-03-18,CONSERVATIVE_T1,margin_sse,601985,True
2025-03-17,AGGREGATOR|research-node|akshare@1.18.97|stock_margin_detail_sse,2025-03-17,,2026-09-26T08:48:45.545188+00:00,2025-03-18,CONSERVATIVE_T1,margin_sse,601992,True
2025-03-17,AGGREGATOR|research-node|akshare@1.18.97|stock_margin_detail_sse,2025-03-17,,2026-09-26T08:48:45.545188+00:00,2025-03-18,CONSERVATIVE_T1,margin_sse,603618,True
2025-03-17,AGGREGATOR|research-node|akshare@1.18.97|stock_margin_detail_sse,2025-03-17,,2026-09-26T08:48:45.545188+00:00,2025-03-18,CONSERVATIVE_T1,margin_sse,688498,True
2025-03-18,AGGREGATOR|research-node|akshare@1.18.97|stock_margin_detail_sse,2025-03-18,,2026-09-26T08:48:49.876048+00:00,2025-03-19,CONSERVATIVE_T1,margin_sse,600196,True
2025-03-18,AGGREGATOR|research-node|akshare@1.18.97|stock_margin_detail_sse,2025-03-18,,2026-09-26T08:48:49.876048+00:00,2025-03-19,CONSERVATIVE_T1,margin_sse,600567,True
2025-03-18,AGGREGATOR|research-node|akshare@1.18.97|stock_margin_detail_sse,2025-03-18,,2026-09-26T08:48:49.876048+00:00,2025-03-19,CONSERVATIVE_T1,margin_sse,600598,True
2025-03-18,AGGREGATOR|research-node|akshare@1.18.97|stock_margin_detail_sse,2025-03-18,,2026-09-26T08:48:49.876048+00:00,2025-03-19,CONSERVATIVE_T1,margin_sse,600694,True
2025-03-18,AGGREGATOR|research-node|akshare@1.18.97|stock_margin_detail_sse,2025-03-18,,2026-09-26T08:48:49.876048+00:00,2025-03-19,CONSERVATIVE_T1,margin_sse,601869,True
2025-03-18,AGGREGATOR|research-node|akshare@1.18.97|stock_margin_detail_sse,2025-03-18,,2026-09-26T08:48:49.876048+00:00,2025-03-19,CONSERVATIVE_T1,margin_sse,601985,True
2025-03-18,AGGREGATOR|research-node|akshare@1.18.97|stock_margin_detail_sse,2025-03-18,,2026-09-26T08:48:49.876048+00:00,2025-03-19,CONSERVATIVE_T1,margin_sse,601992,True
2025-03-18,AGGREGATOR|research-node|akshare@1.18.97|stock_margin_detail_sse,2025-03-18,,2026-09-26T08:48:49.876048+00:00,2025-03-19,CONSERVATIVE_T1,margin_sse,603618,True
2025-03-18,AGGREGATOR|research-node|akshare@1.18.97|stock_margin_detail_sse,2025-03-18,,2026-09-26T08:48:49.876048+00:00,2025-03-19,CONSERVATIVE_T1,margin_sse,688498,True
2025-03-19,AGGREGATOR|research-node|akshare@1.18.97|stock_margin_detail_sse,2025-03-19,,2026-09-26T08:48:54.287365+00:00,2025-03-20,CONSERVATIVE_T1,margin_sse,600196,True
2025-03-19,AGGREGATOR|research-node|akshare@1.18.97|stock_margin_detail_sse,2025-03-19,,2026-09-26T08:48:54.287365+00:00,2025-03-20,CONSERVATIVE_T1,margin_sse,600567,True
2025-03-19,AGGREGATOR|research-node|akshare@1.18.97|stock_margin_detail_sse,2025-03-19,,2026-09-26T08:48:54.287365+00:00,2025-03-20,CONSERVATIVE_T1,margin_sse,600598,True
2025-03-19,AGGREGATOR|research-node|akshare@1.18.97|stock_margin_detail_sse,2025-03-19,,2026-09-26T08:48:54.287365+00:00,2025-03-20,CONSERVATIVE_T1,margin_sse,600694,True
2025-03-19,AGGREGATOR|research-node|akshare@1.18.97|stock_margin_detail_sse,2025-03-19,,2026-09-26T08:48:54.287365+00:00,2025-03-20,CONSERVATIVE_T1,margin_sse,601869,True
2025-03-19,AGGREGATOR|research-node|akshare@1.18.97|stock_margin_detail_sse,2025-03-19,,2026-09-26T08:48:54.287365+00:00,2025-03-20,CONSERVATIVE_T1,margin_sse,601985,True
2025-03-19,AGGREGATOR|research-node|akshare@1.18.97|stock_margin_detail_sse,2025-03-19,,2026-09-26T08:48:54.287365+00:00,2025-03-20,CONSERVATIVE_T1,margin_sse,601992,True
2025-03-19,AGGREGATOR|research-node|akshare@1.18.97|stock_margin_detail_sse,2025-03-19,,2026-09-26T08:48:54.287365+00:00,2025-03-20,CONSERVATIVE_T1,margin_sse,603618,True
2025-03-19,AGGREGATOR|research-node|akshare@1.18.97|stock_margin_detail_sse,2025-03-19,,2026-09-26T08:48:54.287365+00:00,2025-03-20,CONSERVATIVE_T1,margin_sse,688498,True
2025-03-20,AGGREGATOR|research-node|akshare@1.18.97|stock_margin_detail_sse,2025-03-20,,2026-09-26T08:48:58.702795+00:00,2025-03-21,CONSERVATIVE_T1,margin_sse,600196,True
2025-03-20,AGGREGATOR|research-node|akshare@1.18.97|stock_margin_detail_sse,2025-03-20,,2026-09-26T08:48:58.702795+00:00,2025-03-21,CONSERVATIVE_T1,margin_sse,600567,True
2025-03-20,AGGREGATOR|research-node|akshare@1.18.97|stock_margin_detail_sse,2025-03-20,,2026-09-26T08:48:58.702795+00:00,2025-03-21,CONSERVATIVE_T1,margin_sse,600598,True
2025-03-20,AGGREGATOR|research-node|akshare@1.18.97|stock_margin_detail_sse,2025-03-20,,2026-09-26T08:48:58.702795+00:00,2025-03-21,CONSERVATIVE_T1,margin_sse,600694,True
2025-03-20,AGGREGATOR|research-node|akshare@1.18.97|stock_margin_detail_sse,2025-03-20,,2026-09-26T08:48:58.702795+00:00,2025-03-21,CONSERVATIVE_T1,margin_sse,601869,True
2025-03-20,AGGREGATOR|research-node|akshare@1.18.97|stock_margin_detail_sse,2025-03-20,,2026-09-26T08:48:58.702795+00:00,2025-03-21,CONSERVATIVE_T1,margin_sse,601985,True
2025-03-20,AGGREGATOR|research-node|akshare@1.18.97|stock_margin_detail_sse,2025-03-20,,2026-09-26T08:48:58.702795+00:00,2025-03-21,CONSERVATIVE_T1,margin_sse,601992,True
2025-03-20,AGGREGATOR|research-node|akshare@1.18.97|stock_margin_detail_sse,2025-03-20,,2026-09-26T08:48:58.702795+00:00,2025-03-21,CONSERVATIVE_T1,margin_sse,603618,True
2025-03-20,AGGREGATOR|research-node|akshare@1.18.97|stock_margin_detail_sse,2025-03-20,,2026-09-26T08:48:58.702795+00:00,2025-03-21,CONSERVATIVE_T1,margin_sse,688498,True
2025-03-21,AGGREGATOR|research-node|akshare@1.18.97|stock_margin_detail_sse,2025-03-21,,2026-09-26T08:49:03.122750+00:00,2025-03-24,CONSERVATIVE_T1,margin_sse,600196,True
2025-03-21,AGGREGATOR|research-node|akshare@1.18.97|stock_margin_detail_sse,2025-03-21,,2026-09-26T08:49:03.122750+00:00,2025-03-24,CONSERVATIVE_T1,margin_sse,600567,True
2025-03-21,AGGREGATOR|research-node|akshare@1.18.97|stock_margin_detail_sse,2025-03-21,,2026-09-26T08:49:03.122750+00:00,2025-03-24,CONSERVATIVE_T1,margin_sse,600598,True
2025-03-21,AGGREGATOR|research-node|akshare@1.18.97|stock_margin_detail_sse,2025-03-21,,2026-09-26T08:49:03.122750+00:00,2025-03-24,CONSERVATIVE_T1,margin_sse,600694,True
2025-03-21,AGGREGATOR|research-node|akshare@1.18.97|stock_margin_detail_sse,2025-03-21,,2026-09-26T08:49:03.122750+00:00,2025-03-24,CONSERVATIVE_T1,margin_sse,601869,True
2025-03-21,AGGREGATOR|research-node|akshare@1.18.97|stock_margin_detail_sse,2025-03-21,,2026-09-26T08:49:03.122750+00:00,2025-03-24,CONSERVATIVE_T1,margin_sse,601985,True
2025-03-21,AGGREGATOR|research-node|akshare@1.18.97|stock_margin_detail_sse,2025-03-21,,2026-09-26T08:49:03.122750+00:00,2025-03-24,CONSERVATIVE_T1,margin_sse,601992,True
2025-03-21,AGGREGATOR|research-node|akshare@1.18.97|stock_margin_detail_sse,2025-03-21,,2026-09-26T08:49:03.122750+00:00,2025-03-24,CONSERVATIVE_T1,margin_sse,603618,True
2025-03-21,AGGREGATOR|research-node|akshare@1.18.97|stock_margin_detail_sse,2025-03-21,,2026-09-26T08:49:03.122750+00:00,2025-03-24,CONSERVATIVE_T1,margin_sse,688498,True
2025-03-24,AGGREGATOR|research-node|akshare@1.18.97|stock_margin_detail_sse,2025-03-24,,2026-09-26T08:49:07.474337+00:00,2025-03-25,CONSERVATIVE_T1,margin_sse,600196,True
2025-03-24,AGGREGATOR|research-node|akshare@1.18.97|stock_margin_detail_sse,2025-03-24,,2026-09-26T08:49:07.474337+00:00,2025-03-25,CONSERVATIVE_T1,margin_sse,600567,True
2025-03-24,AGGREGATOR|research-node|akshare@1.18.97|stock_margin_detail_sse,2025-03-24,,2026-09-26T08:49:07.474337+00:00,2025-03-25,CONSERVATIVE_T1,margin_sse,600598,True
2025-03-24,AGGREGATOR|research-node|akshare@1.18.97|stock_margin_detail_sse,2025-03-24,,2026-09-26T08:49:07.474337+00:00,2025-03-25,CONSERVATIVE_T1,margin_sse,600694,True
2025-03-24,AGGREGATOR|research-node|akshare@1.18.97|stock_margin_detail_sse,2025-03-24,,2026-09-26T08:49:07.474337+00:00,2025-03-25,CONSERVATIVE_T1,margin_sse,601869,True
2025-03-24,AGGREGATOR|research-node|akshare@1.18.97|stock_margin_detail_sse,2025-03-24,,2026-09-26T08:49:07.474337+00:00,2025-03-25,CONSERVATIVE_T1,margin_sse,601985,True
2025-03-24,AGGREGATOR|research-node|akshare@1.18.97|stock_margin_detail_sse,2025-03-24,,2026-09-26T08:49:07.474337+00:00,2025-03-25,CONSERVATIVE_T1,margin_sse,601992,True
2025-03-24,AGGREGATOR|research-node|akshare@1.18.97|stock_margin_detail_sse,2025-03-24,,2026-09-26T08:49:07.474337+00:00,2025-03-25,CONSERVATIVE_T1,margin_sse,603618,True
2025-03-24,AGGREGATOR|research-node|akshare@1.18.97|stock_margin_detail_sse,2025-03-24,,2026-09-26T08:49:07.474337+00:00,2025-03-25,CONSERVATIVE_T1,margin_sse,688498,True
2025-03-25,AGGREGATOR|research-node|akshare@1.18.97|stock_margin_detail_sse,2025-03-25,,2026-09-26T08:49:11.896016+00:00,2025-03-26,CONSERVATIVE_T1,margin_sse,600196,True
2025-03-25,AGGREGATOR|research-node|akshare@1.18.97|stock_margin_detail_sse,2025-03-25,,2026-09-26T08:49:11.896016+00:00,2025-03-26,CONSERVATIVE_T1,margin_sse,600567,True
2025-03-25,AGGREGATOR|research-node|akshare@1.18.97|stock_margin_detail_sse,2025-03-25,,2026-09-26T08:49:11.896016+00:00,2025-03-26,CONSERVATIVE_T1,margin_sse,600598,True
2025-03-25,AGGREGATOR|research-node|akshare@1.18.97|stock_margin_detail_sse,2025-03-25,,2026-09-26T08:49:11.896016+00:00,2025-03-26,CONSERVATIVE_T1,margin_sse,600694,True
2025-03-25,AGGREGATOR|research-node|akshare@1.18.97|stock_margin_detail_sse,2025-03-25,,2026-09-26T08:49:11.896016+00:00,2025-03-26,CONSERVATIVE_T1,margin_sse,601869,True
2025-03-25,AGGREGATOR|research-node|akshare@1.18.97|stock_margin_detail_sse,2025-03-25,,2026-09-26T08:49:11.896016+00:00,2025-03-26,CONSERVATIVE_T1,margin_sse,601985,True
2025-03-25,AGGREGATOR|research-node|akshare@1.18.97|stock_margin_detail_sse,2025-03-25,,2026-09-26T08:49:11.896016+00:00,2025-03-26,CONSERVATIVE_T1,margin_sse,601992,True
2025-03-25,AGGREGATOR|research-node|akshare@1.18.97|stock_margin_detail_sse,2025-03-25,,2026-09-26T08:49:11.896016+00:00,2025-03-26,CONSERVATIVE_T1,margin_sse,603618,True
2025-03-25,AGGREGATOR|research-node|akshare@1.18.97|stock_margin_detail_sse,2025-03-25,,2026-09-26T08:49:11.896016+00:00,2025-03-26,CONSERVATIVE_T1,margin_sse,688498,True
2025-03-26,AGGREGATOR|research-node|akshare@1.18.97|stock_margin_detail_sse,2025-03-26,,2026-09-26T08:49:16.313009+00:00,2025-03-27,CONSERVATIVE_T1,margin_sse,600196,True
2025-03-26,AGGREGATOR|research-node|akshare@1.18.97|stock_margin_detail_sse,2025-03-26,,2026-09-26T08:49:16.313009+00:00,2025-03-27,CONSERVATIVE_T1,margin_sse,600567,True
2025-03-26,AGGREGATOR|research-node|akshare@1.18.97|stock_margin_detail_sse,2025-03-26,,2026-09-26T08:49:16.313009+00:00,2025-03-27,CONSERVATIVE_T1,margin_sse,600598,True
2025-03-26,AGGREGATOR|research-node|akshare@1.18.97|stock_margin_detail_sse,2025-03-26,,2026-09-26T08:49:16.313009+00:00,2025-03-27,CONSERVATIVE_T1,margin_sse,600694,True
2025-03-26,AGGREGATOR|research-node|akshare@1.18.97|stock_margin_detail_sse,2025-03-26,,2026-09-26T08:49:16.313009+00:00,2025-03-27,CONSERVATIVE_T1,margin_sse,601869,True
2025-03-26,AGGREGATOR|research-node|akshare@1.18.97|stock_margin_detail_sse,2025-03-26,,2026-09-26T08:49:16.313009+00:00,2025-03-27,CONSERVATIVE_T1,margin_sse,601985,True
2025-03-26,AGGREGATOR|research-node|akshare@1.18.97|stock_margin_detail_sse,2025-03-26,,2026-09-26T08:49:16.313009+00:00,2025-03-27,CONSERVATIVE_T1,margin_sse,601992,True
2025-03-26,AGGREGATOR|research-node|akshare@1.18.97|stock_margin_detail_sse,2025-03-26,,2026-09-26T08:49:16.313009+00:00,2025-03-27,CONSERVATIVE_T1,margin_sse,603618,True
2025-03-26,AGGREGATOR|research-node|akshare@1.18.97|stock_margin_detail_sse,2025-03-26,,2026-09-26T08:49:16.313009+00:00,2025-03-27,CONSERVATIVE_T1,margin_sse,688498,True
2025-03-27,AGGREGATOR|research-node|akshare@1.18.97|stock_margin_detail_sse,2025-03-27,,2026-09-26T08:49:20.666565+00:00,2025-03-28,CONSERVATIVE_T1,margin_sse,600196,True
2025-03-27,AGGREGATOR|research-node|akshare@1.18.97|stock_margin_detail_sse,2025-03-27,,2026-09-26T08:49:20.666565+00:00,2025-03-28,CONSERVATIVE_T1,margin_sse,600567,True
2025-03-27,AGGREGATOR|research-node|akshare@1.18.97|stock_margin_detail_sse,2025-03-27,,2026-09-26T08:49:20.666565+00:00,2025-03-28,CONSERVATIVE_T1,margin_sse,600598,True
2025-03-27,AGGREGATOR|research-node|akshare@1.18.97|stock_margin_detail_sse,2025-03-27,,2026-09-26T08:49:20.666565+00:00,2025-03-28,CONSERVATIVE_T1,margin_sse,600694,True
2025-03-27,AGGREGATOR|research-node|akshare@1.18.97|stock_margin_detail_sse,2025-03-27,,2026-09-26T08:49:20.666565+00:00,2025-03-28,CONSERVATIVE_T1,margin_sse,601869,True
2025-03-27,AGGREGATOR|research-node|akshare@1.18.97|stock_margin_detail_sse,2025-03-27,,2026-09-26T08:49:20.666565+00:00,2025-03-28,CONSERVATIVE_T1,margin_sse,601985,True
2025-03-27,AGGREGATOR|research-node|akshare@1.18.97|stock_margin_detail_sse,2025-03-27,,2026-09-26T08:49:20.666565+00:00,2025-03-28,CONSERVATIVE_T1,margin_sse,601992,True
2025-03-27,AGGREGATOR|research-node|akshare@1.18.97|stock_margin_detail_sse,2025-03-27,,2026-09-26T08:49:20.666565+00:00,2025-03-28,CONSERVATIVE_T1,margin_sse,603618,True
2025-03-27,AGGREGATOR|research-node|akshare@1.18.97|stock_margin_detail_sse,2025-03-27,,2026-09-26T08:49:20.666565+00:00,2025-03-28,CONSERVATIVE_T1,margin_sse,688498,True
2025-03-28,AGGREGATOR|research-node|akshare@1.18.97|stock_margin_detail_sse,2025-03-28,,2026-09-26T08:49:25.020573+00:00,2025-03-31,CONSERVATIVE_T1,margin_sse,600196,True
2025-03-28,AGGREGATOR|research-node|akshare@1.18.97|stock_margin_detail_sse,2025-03-28,,2026-09-26T08:49:25.020573+00:00,2025-03-31,CONSERVATIVE_T1,margin_sse,600567,True
2025-03-28,AGGREGATOR|research-node|akshare@1.18.97|stock_margin_detail_sse,2025-03-28,,2026-09-26T08:49:25.020573+00:00,2025-03-31,CONSERVATIVE_T1,margin_sse,600598,True
2025-03-28,AGGREGATOR|research-node|akshare@1.18.97|stock_margin_detail_sse,2025-03-28,,2026-09-26T08:49:25.020573+00:00,2025-03-31,CONSERVATIVE_T1,margin_sse,600694,True
2025-03-28,AGGREGATOR|research-node|akshare@1.18.97|stock_margin_detail_sse,2025-03-28,,2026-09-26T08:49:25.020573+00:00,2025-03-31,CONSERVATIVE_T1,margin_sse,601869,True
2025-03-28,AGGREGATOR|research-node|akshare@1.18.97|stock_margin_detail_sse,2025-03-28,,2026-09-26T08:49:25.020573+00:00,2025-03-31,CONSERVATIVE_T1,margin_sse,601985,True
2025-03-28,AGGREGATOR|research-node|akshare@1.18.97|stock_margin_detail_sse,2025-03-28,,2026-09-26T08:49:25.020573+00:00,2025-03-31,CONSERVATIVE_T1,margin_sse,601992,True
2025-03-28,AGGREGATOR|research-node|akshare@1.18.97|stock_margin_detail_sse,2025-03-28,,2026-09-26T08:49:25.020573+00:00,2025-03-31,CONSERVATIVE_T1,margin_sse,603618,True
2025-03-28,AGGREGATOR|research-node|akshare@1.18.97|stock_margin_detail_sse,2025-03-28,,2026-09-26T08:49:25.020573+00:00,2025-03-31,CONSERVATIVE_T1,margin_sse,688498,True
2025-03-31,AGGREGATOR|research-node|akshare@1.18.97|stock_margin_detail_sse,2025-03-31,,2026-09-26T08:49:29.410830+00:00,2025-04-01,CONSERVATIVE_T1,margin_sse,600196,True
2025-03-31,AGGREGATOR|research-node|akshare@1.18.97|stock_margin_detail_sse,2025-03-31,,2026-09-26T08:49:29.410830+00:00,2025-04-01,CONSERVATIVE_T1,margin_sse,600567,True
2025-03-31,AGGREGATOR|research-node|akshare@1.18.97|stock_margin_detail_sse,2025-03-31,,2026-09-26T08:49:29.410830+00:00,2025-04-01,CONSERVATIVE_T1,margin_sse,600598,True
2025-03-31,AGGREGATOR|research-node|akshare@1.18.97|stock_margin_detail_sse,2025-03-31,,2026-09-26T08:49:29.410830+00:00,2025-04-01,CONSERVATIVE_T1,margin_sse,600694,True
2025-03-31,AGGREGATOR|research-node|akshare@1.18.97|stock_margin_detail_sse,2025-03-31,,2026-09-26T08:49:29.410830+00:00,2025-04-01,CONSERVATIVE_T1,margin_sse,601869,True
2025-03-31,AGGREGATOR|research-node|akshare@1.18.97|stock_margin_detail_sse,2025-03-31,,2026-09-26T08:49:29.410830+00:00,2025-04-01,CONSERVATIVE_T1,margin_sse,601985,True
2025-03-31,AGGREGATOR|research-node|akshare@1.18.97|stock_margin_detail_sse,2025-03-31,,2026-09-26T08:49:29.410830+00:00,2025-04-01,CONSERVATIVE_T1,margin_sse,601992,True
2025-03-31,AGGREGATOR|research-node|akshare@1.18.97|stock_margin_detail_sse,2025-03-31,,2026-09-26T08:49:29.410830+00:00,2025-04-01,CONSERVATIVE_T1,margin_sse,688498,True
2025-04-01,AGGREGATOR|research-node|akshare@1.18.97|stock_margin_detail_sse,2025-04-01,,2026-09-26T08:49:33.765687+00:00,2025-04-02,CONSERVATIVE_T1,margin_sse,600196,True
2025-04-01,AGGREGATOR|research-node|akshare@1.18.97|stock_margin_detail_sse,2025-04-01,,2026-09-26T08:49:33.765687+00:00,2025-04-02,CONSERVATIVE_T1,margin_sse,600567,True
2025-04-01,AGGREGATOR|research-node|akshare@1.18.97|stock_margin_detail_sse,2025-04-01,,2026-09-26T08:49:33.765687+00:00,2025-04-02,CONSERVATIVE_T1,margin_sse,600598,True
2025-04-01,AGGREGATOR|research-node|akshare@1.18.97|stock_margin_detail_sse,2025-04-01,,2026-09-26T08:49:33.765687+00:00,2025-04-02,CONSERVATIVE_T1,margin_sse,600694,True
2025-04-01,AGGREGATOR|research-node|akshare@1.18.97|stock_margin_detail_sse,2025-04-01,,2026-09-26T08:49:33.765687+00:00,2025-04-02,CONSERVATIVE_T1,margin_sse,601869,True
2025-04-01,AGGREGATOR|research-node|akshare@1.18.97|stock_margin_detail_sse,2025-04-01,,2026-09-26T08:49:33.765687+00:00,2025-04-02,CONSERVATIVE_T1,margin_sse,601985,True
2025-04-01,AGGREGATOR|research-node|akshare@1.18.97|stock_margin_detail_sse,2025-04-01,,2026-09-26T08:49:33.765687+00:00,2025-04-02,CONSERVATIVE_T1,margin_sse,601992,True
2025-04-01,AGGREGATOR|research-node|akshare@1.18.97|stock_margin_detail_sse,2025-04-01,,2026-09-26T08:49:33.765687+00:00,2025-04-02,CONSERVATIVE_T1,margin_sse,688498,True
2025-04-02,AGGREGATOR|research-node|akshare@1.18.97|stock_margin_detail_sse,2025-04-02,,2026-09-26T08:49:38.107537+00:00,2025-04-03,CONSERVATIVE_T1,margin_sse,600196,True
2025-04-02,AGGREGATOR|research-node|akshare@1.18.97|stock_margin_detail_sse,2025-04-02,,2026-09-26T08:49:38.107537+00:00,2025-04-03,CONSERVATIVE_T1,margin_sse,600567,True
2025-04-02,AGGREGATOR|research-node|akshare@1.18.97|stock_margin_detail_sse,2025-04-02,,2026-09-26T08:49:38.107537+00:00,2025-04-03,CONSERVATIVE_T1,margin_sse,600598,True
2025-04-02,AGGREGATOR|research-node|akshare@1.18.97|stock_margin_detail_sse,2025-04-02,,2026-09-26T08:49:38.107537+00:00,2025-04-03,CONSERVATIVE_T1,margin_sse,600694,True
2025-04-02,AGGREGATOR|research-node|akshare@1.18.97|stock_margin_detail_sse,2025-04-02,,2026-09-26T08:49:38.107537+00:00,2025-04-03,CONSERVATIVE_T1,margin_sse,601869,True
2025-04-02,AGGREGATOR|research-node|akshare@1.18.97|stock_margin_detail_sse,2025-04-02,,2026-09-26T08:49:38.107537+00:00,2025-04-03,CONSERVATIVE_T1,margin_sse,601985,True
2025-04-02,AGGREGATOR|research-node|akshare@1.18.97|stock_margin_detail_sse,2025-04-02,,2026-09-26T08:49:38.107537+00:00,2025-04-03,CONSERVATIVE_T1,margin_sse,601992,True
2025-04-02,AGGREGATOR|research-node|akshare@1.18.97|stock_margin_detail_sse,2025-04-02,,2026-09-26T08:49:38.107537+00:00,2025-04-03,CONSERVATIVE_T1,margin_sse,688498,True
2025-04-03,AGGREGATOR|research-node|akshare@1.18.97|stock_margin_detail_sse,2025-04-03,,2026-09-26T08:49:42.484176+00:00,2025-04-07,CONSERVATIVE_T1,margin_sse,600196,True
2025-04-03,AGGREGATOR|research-node|akshare@1.18.97|stock_margin_detail_sse,2025-04-03,,2026-09-26T08:49:42.484176+00:00,2025-04-07,CONSERVATIVE_T1,margin_sse,600567,True
2025-04-03,AGGREGATOR|research-node|akshare@1.18.97|stock_margin_detail_sse,2025-04-03,,2026-09-26T08:49:42.484176+00:00,2025-04-07,CONSERVATIVE_T1,margin_sse,600598,True
2025-04-03,AGGREGATOR|research-node|akshare@1.18.97|stock_margin_detail_sse,2025-04-03,,2026-09-26T08:49:42.484176+00:00,2025-04-07,CONSERVATIVE_T1,margin_sse,600694,True
2025-04-03,AGGREGATOR|research-node|akshare@1.18.97|stock_margin_detail_sse,2025-04-03,,2026-09-26T08:49:42.484176+00:00,2025-04-07,CONSERVATIVE_T1,margin_sse,601869,True
2025-04-03,AGGREGATOR|research-node|akshare@1.18.97|stock_margin_detail_sse,2025-04-03,,2026-09-26T08:49:42.484176+00:00,2025-04-07,CONSERVATIVE_T1,margin_sse,601985,True
2025-04-03,AGGREGATOR|research-node|akshare@1.18.97|stock_margin_detail_sse,2025-04-03,,2026-09-26T08:49:42.484176+00:00,2025-04-07,CONSERVATIVE_T1,margin_sse,601992,True
2025-04-03,AGGREGATOR|research-node|akshare@1.18.97|stock_margin_detail_sse,2025-04-03,,2026-09-26T08:49:42.484176+00:00,2025-04-07,CONSERVATIVE_T1,margin_sse,688498,True
2025-04-07,AGGREGATOR|research-node|akshare@1.18.97|stock_margin_detail_sse,2025-04-07,,2026-09-26T08:49:46.843814+00:00,2025-04-08,CONSERVATIVE_T1,margin_sse,600196,True
2025-04-07,AGGREGATOR|research-node|akshare@1.18.97|stock_margin_detail_sse,2025-04-07,,2026-09-26T08:49:46.843814+00:00,2025-04-08,CONSERVATIVE_T1,margin_sse,600567,True
2025-04-07,AGGREGATOR|research-node|akshare@1.18.97|stock_margin_detail_sse,2025-04-07,,2026-09-26T08:49:46.843814+00:00,2025-04-08,CONSERVATIVE_T1,margin_sse,600598,True
2025-04-07,AGGREGATOR|research-node|akshare@1.18.97|stock_margin_detail_sse,2025-04-07,,2026-09-26T08:49:46.843814+00:00,2025-04-08,CONSERVATIVE_T1,margin_sse,600694,True
2025-04-07,AGGREGATOR|research-node|akshare@1.18.97|stock_margin_detail_sse,2025-04-07,,2026-09-26T08:49:46.843814+00:00,2025-04-08,CONSERVATIVE_T1,margin_sse,601869,True
2025-04-07,AGGREGATOR|research-node|akshare@1.18.97|stock_margin_detail_sse,2025-04-07,,2026-09-26T08:49:46.843814+00:00,2025-04-08,CONSERVATIVE_T1,margin_sse,601985,True
2025-04-07,AGGREGATOR|research-node|akshare@1.18.97|stock_margin_detail_sse,2025-04-07,,2026-09-26T08:49:46.843814+00:00,2025-04-08,CONSERVATIVE_T1,margin_sse,601992,True
2025-04-07,AGGREGATOR|research-node|akshare@1.18.97|stock_margin_detail_sse,2025-04-07,,2026-09-26T08:49:46.843814+00:00,2025-04-08,CONSERVATIVE_T1,margin_sse,688498,True
2025-04-08,AGGREGATOR|research-node|akshare@1.18.97|stock_margin_detail_sse,2025-04-08,,2026-09-26T08:49:51.170531+00:00,2025-04-09,CONSERVATIVE_T1,margin_sse,600196,True
2025-04-08,AGGREGATOR|research-node|akshare@1.18.97|stock_margin_detail_sse,2025-04-08,,2026-09-26T08:49:51.170531+00:00,2025-04-09,CONSERVATIVE_T1,margin_sse,600567,True
2025-04-08,AGGREGATOR|research-node|akshare@1.18.97|stock_margin_detail_sse,2025-04-08,,2026-09-26T08:49:51.170531+00:00,2025-04-09,CONSERVATIVE_T1,margin_sse,600598,True
2025-04-08,AGGREGATOR|research-node|akshare@1.18.97|stock_margin_detail_sse,2025-04-08,,2026-09-26T08:49:51.170531+00:00,2025-04-09,CONSERVATIVE_T1,margin_sse,600694,True
2025-04-08,AGGREGATOR|research-node|akshare@1.18.97|stock_margin_detail_sse,2025-04-08,,2026-09-26T08:49:51.170531+00:00,2025-04-09,CONSERVATIVE_T1,margin_sse,601869,True
2025-04-08,AGGREGATOR|research-node|akshare@1.18.97|stock_margin_detail_sse,2025-04-08,,2026-09-26T08:49:51.170531+00:00,2025-04-09,CONSERVATIVE_T1,margin_sse,601985,True
2025-04-08,AGGREGATOR|research-node|akshare@1.18.97|stock_margin_detail_sse,2025-04-08,,2026-09-26T08:49:51.170531+00:00,2025-04-09,CONSERVATIVE_T1,margin_sse,601992,True
2025-04-08,AGGREGATOR|research-node|akshare@1.18.97|stock_margin_detail_sse,2025-04-08,,2026-09-26T08:49:51.170531+00:00,2025-04-09,CONSERVATIVE_T1,margin_sse,688498,True
2025-04-09,AGGREGATOR|research-node|akshare@1.18.97|stock_margin_detail_sse,2025-04-09,,2026-09-26T08:49:55.563123+00:00,2025-04-10,CONSERVATIVE_T1,margin_sse,600196,True
2025-04-09,AGGREGATOR|research-node|akshare@1.18.97|stock_margin_detail_sse,2025-04-09,,2026-09-26T08:49:55.563123+00:00,2025-04-10,CONSERVATIVE_T1,margin_sse,600567,True
2025-04-09,AGGREGATOR|research-node|akshare@1.18.97|stock_margin_detail_sse,2025-04-09,,2026-09-26T08:49:55.563123+00:00,2025-04-10,CONSERVATIVE_T1,margin_sse,600598,True
2025-04-09,AGGREGATOR|research-node|akshare@1.18.97|stock_margin_detail_sse,2025-04-09,,2026-09-26T08:49:55.563123+00:00,2025-04-10,CONSERVATIVE_T1,margin_sse,600694,True
2025-04-09,AGGREGATOR|research-node|akshare@1.18.97|stock_margin_detail_sse,2025-04-09,,2026-09-26T08:49:55.563123+00:00,2025-04-10,CONSERVATIVE_T1,margin_sse,601869,True
2025-04-09,AGGREGATOR|research-node|akshare@1.18.97|stock_margin_detail_sse,2025-04-09,,2026-09-26T08:49:55.563123+00:00,2025-04-10,CONSERVATIVE_T1,margin_sse,601985,True
2025-04-09,AGGREGATOR|research-node|akshare@1.18.97|stock_margin_detail_sse,2025-04-09,,2026-09-26T08:49:55.563123+00:00,2025-04-10,CONSERVATIVE_T1,margin_sse,601992,True
2025-04-09,AGGREGATOR|research-node|akshare@1.18.97|stock_margin_detail_sse,2025-04-09,,2026-09-26T08:49:55.563123+00:00,2025-04-10,CONSERVATIVE_T1,margin_sse,688498,True
2025-04-10,AGGREGATOR|research-node|akshare@1.18.97|stock_margin_detail_sse,2025-04-10,,2026-09-26T08:50:00.059652+00:00,2025-04-11,CONSERVATIVE_T1,margin_sse,600196,True
2025-04-10,AGGREGATOR|research-node|akshare@1.18.97|stock_margin_detail_sse,2025-04-10,,2026-09-26T08:50:00.059652+00:00,2025-04-11,CONSERVATIVE_T1,margin_sse,600567,True
2025-04-10,AGGREGATOR|research-node|akshare@1.18.97|stock_margin_detail_sse,2025-04-10,,2026-09-26T08:50:00.059652+00:00,2025-04-11,CONSERVATIVE_T1,margin_sse,600598,True
2025-04-10,AGGREGATOR|research-node|akshare@1.18.97|stock_margin_detail_sse,2025-04-10,,2026-09-26T08:50:00.059652+00:00,2025-04-11,CONSERVATIVE_T1,margin_sse,600694,True
2025-04-10,AGGREGATOR|research-node|akshare@1.18.97|stock_margin_detail_sse,2025-04-10,,2026-09-26T08:50:00.059652+00:00,2025-04-11,CONSERVATIVE_T1,margin_sse,601869,True
2025-04-10,AGGREGATOR|research-node|akshare@1.18.97|stock_margin_detail_sse,2025-04-10,,2026-09-26T08:50:00.059652+00:00,2025-04-11,CONSERVATIVE_T1,margin_sse,601985,True
2025-04-10,AGGREGATOR|research-node|akshare@1.18.97|stock_margin_detail_sse,2025-04-10,,2026-09-26T08:50:00.059652+00:00,2025-04-11,CONSERVATIVE_T1,margin_sse,601992,True
2025-04-10,AGGREGATOR|research-node|akshare@1.18.97|stock_margin_detail_sse,2025-04-10,,2026-09-26T08:50:00.059652+00:00,2025-04-11,CONSERVATIVE_T1,margin_sse,688498,True
2025-04-11,AGGREGATOR|research-node|akshare@1.18.97|stock_margin_detail_sse,2025-04-11,,2026-09-26T08:50:04.477673+00:00,2025-04-14,CONSERVATIVE_T1,margin_sse,600196,True
2025-04-11,AGGREGATOR|research-node|akshare@1.18.97|stock_margin_detail_sse,2025-04-11,,2026-09-26T08:50:04.477673+00:00,2025-04-14,CONSERVATIVE_T1,margin_sse,600567,True
2025-04-11,AGGREGATOR|research-node|akshare@1.18.97|stock_margin_detail_sse,2025-04-11,,2026-09-26T08:50:04.477673+00:00,2025-04-14,CONSERVATIVE_T1,margin_sse,600598,True
2025-04-11,AGGREGATOR|research-node|akshare@1.18.97|stock_margin_detail_sse,2025-04-11,,2026-09-26T08:50:04.477673+00:00,2025-04-14,CONSERVATIVE_T1,margin_sse,600694,True
2025-04-11,AGGREGATOR|research-node|akshare@1.18.97|stock_margin_detail_sse,2025-04-11,,2026-09-26T08:50:04.477673+00:00,2025-04-14,CONSERVATIVE_T1,margin_sse,601869,True
2025-04-11,AGGREGATOR|research-node|akshare@1.18.97|stock_margin_detail_sse,2025-04-11,,2026-09-26T08:50:04.477673+00:00,2025-04-14,CONSERVATIVE_T1,margin_sse,601985,True
2025-04-11,AGGREGATOR|research-node|akshare@1.18.97|stock_margin_detail_sse,2025-04-11,,2026-09-26T08:50:04.477673+00:00,2025-04-14,CONSERVATIVE_T1,margin_sse,601992,True
2025-04-11,AGGREGATOR|research-node|akshare@1.18.97|stock_margin_detail_sse,2025-04-11,,2026-09-26T08:50:04.477673+00:00,2025-04-14,CONSERVATIVE_T1,margin_sse,688498,True
2025-04-14,AGGREGATOR|research-node|akshare@1.18.97|stock_margin_detail_sse,2025-04-14,,2026-09-26T08:50:08.858968+00:00,2025-04-15,CONSERVATIVE_T1,margin_sse,600196,True
2025-04-14,AGGREGATOR|research-node|akshare@1.18.97|stock_margin_detail_sse,2025-04-14,,2026-09-26T08:50:08.858968+00:00,2025-04-15,CONSERVATIVE_T1,margin_sse,600567,True
2025-04-14,AGGREGATOR|research-node|akshare@1.18.97|stock_margin_detail_sse,2025-04-14,,2026-09-26T08:50:08.858968+00:00,2025-04-15,CONSERVATIVE_T1,margin_sse,600598,True
2025-04-14,AGGREGATOR|research-node|akshare@1.18.97|stock_margin_detail_sse,2025-04-14,,2026-09-26T08:50:08.858968+00:00,2025-04-15,CONSERVATIVE_T1,margin_sse,600694,True
2025-04-14,AGGREGATOR|research-node|akshare@1.18.97|stock_margin_detail_sse,2025-04-14,,2026-09-26T08:50:08.858968+00:00,2025-04-15,CONSERVATIVE_T1,margin_sse,601869,True
2025-04-14,AGGREGATOR|research-node|akshare@1.18.97|stock_margin_detail_sse,2025-04-14,,2026-09-26T08:50:08.858968+00:00,2025-04-15,CONSERVATIVE_T1,margin_sse,601985,True
2025-04-14,AGGREGATOR|research-node|akshare@1.18.97|stock_margin_detail_sse,2025-04-14,,2026-09-26T08:50:08.858968+00:00,2025-04-15,CONSERVATIVE_T1,margin_sse,601992,True
2025-04-14,AGGREGATOR|research-node|akshare@1.18.97|stock_margin_detail_sse,2025-04-14,,2026-09-26T08:50:08.858968+00:00,2025-04-15,CONSERVATIVE_T1,margin_sse,688498,True
2025-04-15,AGGREGATOR|research-node|akshare@1.18.97|stock_margin_detail_sse,2025-04-15,,2026-09-26T08:50:13.283215+00:00,2025-04-16,CONSERVATIVE_T1,margin_sse,600196,True
2025-04-15,AGGREGATOR|research-node|akshare@1.18.97|stock_margin_detail_sse,2025-04-15,,2026-09-26T08:50:13.283215+00:00,2025-04-16,CONSERVATIVE_T1,margin_sse,600567,True
2025-04-15,AGGREGATOR|research-node|akshare@1.18.97|stock_margin_detail_sse,2025-04-15,,2026-09-26T08:50:13.283215+00:00,2025-04-16,CONSERVATIVE_T1,margin_sse,600598,True
2025-04-15,AGGREGATOR|research-node|akshare@1.18.97|stock_margin_detail_sse,2025-04-15,,2026-09-26T08:50:13.283215+00:00,2025-04-16,CONSERVATIVE_T1,margin_sse,600694,True
2025-04-15,AGGREGATOR|research-node|akshare@1.18.97|stock_margin_detail_sse,2025-04-15,,2026-09-26T08:50:13.283215+00:00,2025-04-16,CONSERVATIVE_T1,margin_sse,601869,True
2025-04-15,AGGREGATOR|research-node|akshare@1.18.97|stock_margin_detail_sse,2025-04-15,,2026-09-26T08:50:13.283215+00:00,2025-04-16,CONSERVATIVE_T1,margin_sse,601985,True
2025-04-15,AGGREGATOR|research-node|akshare@1.18.97|stock_margin_detail_sse,2025-04-15,,2026-09-26T08:50:13.283215+00:00,2025-04-16,CONSERVATIVE_T1,margin_sse,601992,True
2025-04-15,AGGREGATOR|research-node|akshare@1.18.97|stock_margin_detail_sse,2025-04-15,,2026-09-26T08:50:13.283215+00:00,2025-04-16,CONSERVATIVE_T1,margin_sse,688498,True
2025-04-16,AGGREGATOR|research-node|akshare@1.18.97|stock_margin_detail_sse,2025-04-16,,2026-09-26T08:50:17.722232+00:00,2025-04-17,CONSERVATIVE_T1,margin_sse,600196,True
2025-04-16,AGGREGATOR|research-node|akshare@1.18.97|stock_margin_detail_sse,2025-04-16,,2026-09-26T08:50:17.722232+00:00,2025-04-17,CONSERVATIVE_T1,margin_sse,600567,True
2025-04-16,AGGREGATOR|research-node|akshare@1.18.97|stock_margin_detail_sse,2025-04-16,,2026-09-26T08:50:17.722232+00:00,2025-04-17,CONSERVATIVE_T1,margin_sse,600598,True
2025-04-16,AGGREGATOR|research-node|akshare@1.18.97|stock_margin_detail_sse,2025-04-16,,2026-09-26T08:50:17.722232+00:00,2025-04-17,CONSERVATIVE_T1,margin_sse,600694,True
2025-04-16,AGGREGATOR|research-node|akshare@1.18.97|stock_margin_detail_sse,2025-04-16,,2026-09-26T08:50:17.722232+00:00,2025-04-17,CONSERVATIVE_T1,margin_sse,601869,True
2025-04-16,AGGREGATOR|research-node|akshare@1.18.97|stock_margin_detail_sse,2025-04-16,,2026-09-26T08:50:17.722232+00:00,2025-04-17,CONSERVATIVE_T1,margin_sse,601985,True
2025-04-16,AGGREGATOR|research-node|akshare@1.18.97|stock_margin_detail_sse,2025-04-16,,2026-09-26T08:50:17.722232+00:00,2025-04-17,CONSERVATIVE_T1,margin_sse,601992,True
2025-04-16,AGGREGATOR|research-node|akshare@1.18.97|stock_margin_detail_sse,2025-04-16,,2026-09-26T08:50:17.722232+00:00,2025-04-17,CONSERVATIVE_T1,margin_sse,688498,True
2025-04-17,AGGREGATOR|research-node|akshare@1.18.97|stock_margin_detail_sse,2025-04-17,,2026-09-26T08:50:22.099797+00:00,2025-04-18,CONSERVATIVE_T1,margin_sse,600196,True
2025-04-17,AGGREGATOR|research-node|akshare@1.18.97|stock_margin_detail_sse,2025-04-17,,2026-09-26T08:50:22.099797+00:00,2025-04-18,CONSERVATIVE_T1,margin_sse,600567,True
2025-04-17,AGGREGATOR|research-node|akshare@1.18.97|stock_margin_detail_sse,2025-04-17,,2026-09-26T08:50:22.099797+00:00,2025-04-18,CONSERVATIVE_T1,margin_sse,600598,True
2025-04-17,AGGREGATOR|research-node|akshare@1.18.97|stock_margin_detail_sse,2025-04-17,,2026-09-26T08:50:22.099797+00:00,2025-04-18,CONSERVATIVE_T1,margin_sse,600694,True
2025-04-17,AGGREGATOR|research-node|akshare@1.18.97|stock_margin_detail_sse,2025-04-17,,2026-09-26T08:50:22.099797+00:00,2025-04-18,CONSERVATIVE_T1,margin_sse,601869,True
2025-04-17,AGGREGATOR|research-node|akshare@1.18.97|stock_margin_detail_sse,2025-04-17,,2026-09-26T08:50:22.099797+00:00,2025-04-18,CONSERVATIVE_T1,margin_sse,601985,True
2025-04-17,AGGREGATOR|research-node|akshare@1.18.97|stock_margin_detail_sse,2025-04-17,,2026-09-26T08:50:22.099797+00:00,2025-04-18,CONSERVATIVE_T1,margin_sse,601992,True
2025-04-17,AGGREGATOR|research-node|akshare@1.18.97|stock_margin_detail_sse,2025-04-17,,2026-09-26T08:50:22.099797+00:00,2025-04-18,CONSERVATIVE_T1,margin_sse,688498,True
2025-04-18,AGGREGATOR|research-node|akshare@1.18.97|stock_margin_detail_sse,2025-04-18,,2026-09-26T08:50:26.470416+00:00,2025-04-21,CONSERVATIVE_T1,margin_sse,600196,True
2025-04-18,AGGREGATOR|research-node|akshare@1.18.97|stock_margin_detail_sse,2025-04-18,,2026-09-26T08:50:26.470416+00:00,2025-04-21,CONSERVATIVE_T1,margin_sse,600567,True
2025-04-18,AGGREGATOR|research-node|akshare@1.18.97|stock_margin_detail_sse,2025-04-18,,2026-09-26T08:50:26.470416+00:00,2025-04-21,CONSERVATIVE_T1,margin_sse,600598,True
2025-04-18,AGGREGATOR|research-node|akshare@1.18.97|stock_margin_detail_sse,2025-04-18,,2026-09-26T08:50:26.470416+00:00,2025-04-21,CONSERVATIVE_T1,margin_sse,600694,True
2025-04-18,AGGREGATOR|research-node|akshare@1.18.97|stock_margin_detail_sse,2025-04-18,,2026-09-26T08:50:26.470416+00:00,2025-04-21,CONSERVATIVE_T1,margin_sse,601869,True
2025-04-18,AGGREGATOR|research-node|akshare@1.18.97|stock_margin_detail_sse,2025-04-18,,2026-09-26T08:50:26.470416+00:00,2025-04-21,CONSERVATIVE_T1,margin_sse,601985,True
2025-04-18,AGGREGATOR|research-node|akshare@1.18.97|stock_margin_detail_sse,2025-04-18,,2026-09-26T08:50:26.470416+00:00,2025-04-21,CONSERVATIVE_T1,margin_sse,601992,True
2025-04-18,AGGREGATOR|research-node|akshare@1.18.97|stock_margin_detail_sse,2025-04-18,,2026-09-26T08:50:26.470416+00:00,2025-04-21,CONSERVATIVE_T1,margin_sse,688498,True
2025-04-21,AGGREGATOR|research-node|akshare@1.18.97|stock_margin_detail_sse,2025-04-21,,2026-09-26T08:50:30.835986+00:00,2025-04-22,CONSERVATIVE_T1,margin_sse,600196,True
2025-04-21,AGGREGATOR|research-node|akshare@1.18.97|stock_margin_detail_sse,2025-04-21,,2026-09-26T08:50:30.835986+00:00,2025-04-22,CONSERVATIVE_T1,margin_sse,600567,True
2025-04-21,AGGREGATOR|research-node|akshare@1.18.97|stock_margin_detail_sse,2025-04-21,,2026-09-26T08:50:30.835986+00:00,2025-04-22,CONSERVATIVE_T1,margin_sse,600598,True
2025-04-21,AGGREGATOR|research-node|akshare@1.18.97|stock_margin_detail_sse,2025-04-21,,2026-09-26T08:50:30.835986+00:00,2025-04-22,CONSERVATIVE_T1,margin_sse,600694,True
2025-04-21,AGGREGATOR|research-node|akshare@1.18.97|stock_margin_detail_sse,2025-04-21,,2026-09-26T08:50:30.835986+00:00,2025-04-22,CONSERVATIVE_T1,margin_sse,601869,True
2025-04-21,AGGREGATOR|research-node|akshare@1.18.97|stock_margin_detail_sse,2025-04-21,,2026-09-26T08:50:30.835986+00:00,2025-04-22,CONSERVATIVE_T1,margin_sse,601985,True
2025-04-21,AGGREGATOR|research-node|akshare@1.18.97|stock_margin_detail_sse,2025-04-21,,2026-09-26T08:50:30.835986+00:00,2025-04-22,CONSERVATIVE_T1,margin_sse,601992,True
2025-04-21,AGGREGATOR|research-node|akshare@1.18.97|stock_margin_detail_sse,2025-04-21,,2026-09-26T08:50:30.835986+00:00,2025-04-22,CONSERVATIVE_T1,margin_sse,688498,True
2025-04-22,AGGREGATOR|research-node|akshare@1.18.97|stock_margin_detail_sse,2025-04-22,,2026-09-26T08:50:35.189274+00:00,2025-04-23,CONSERVATIVE_T1,margin_sse,600196,True
2025-04-22,AGGREGATOR|research-node|akshare@1.18.97|stock_margin_detail_sse,2025-04-22,,2026-09-26T08:50:35.189274+00:00,2025-04-23,CONSERVATIVE_T1,margin_sse,600567,True
2025-04-22,AGGREGATOR|research-node|akshare@1.18.97|stock_margin_detail_sse,2025-04-22,,2026-09-26T08:50:35.189274+00:00,2025-04-23,CONSERVATIVE_T1,margin_sse,600598,True
2025-04-22,AGGREGATOR|research-node|akshare@1.18.97|stock_margin_detail_sse,2025-04-22,,2026-09-26T08:50:35.189274+00:00,2025-04-23,CONSERVATIVE_T1,margin_sse,600694,True
2025-04-22,AGGREGATOR|research-node|akshare@1.18.97|stock_margin_detail_sse,2025-04-22,,2026-09-26T08:50:35.189274+00:00,2025-04-23,CONSERVATIVE_T1,margin_sse,601869,True
2025-04-22,AGGREGATOR|research-node|akshare@1.18.97|stock_margin_detail_sse,2025-04-22,,2026-09-26T08:50:35.189274+00:00,2025-04-23,CONSERVATIVE_T1,margin_sse,601985,True
2025-04-22,AGGREGATOR|research-node|akshare@1.18.97|stock_margin_detail_sse,2025-04-22,,2026-09-26T08:50:35.189274+00:00,2025-04-23,CONSERVATIVE_T1,margin_sse,601992,True
2025-04-22,AGGREGATOR|research-node|akshare@1.18.97|stock_margin_detail_sse,2025-04-22,,2026-09-26T08:50:35.189274+00:00,2025-04-23,CONSERVATIVE_T1,margin_sse,688498,True
2025-04-23,AGGREGATOR|research-node|akshare@1.18.97|stock_margin_detail_sse,2025-04-23,,2026-09-26T08:50:39.562379+00:00,2025-04-24,CONSERVATIVE_T1,margin_sse,600196,True
2025-04-23,AGGREGATOR|research-node|akshare@1.18.97|stock_margin_detail_sse,2025-04-23,,2026-09-26T08:50:39.562379+00:00,2025-04-24,CONSERVATIVE_T1,margin_sse,600567,True
2025-04-23,AGGREGATOR|research-node|akshare@1.18.97|stock_margin_detail_sse,2025-04-23,,2026-09-26T08:50:39.562379+00:00,2025-04-24,CONSERVATIVE_T1,margin_sse,600598,True
2025-04-23,AGGREGATOR|research-node|akshare@1.18.97|stock_margin_detail_sse,2025-04-23,,2026-09-26T08:50:39.562379+00:00,2025-04-24,CONSERVATIVE_T1,margin_sse,600694,True
2025-04-23,AGGREGATOR|research-node|akshare@1.18.97|stock_margin_detail_sse,2025-04-23,,2026-09-26T08:50:39.562379+00:00,2025-04-24,CONSERVATIVE_T1,margin_sse,601869,True
2025-04-23,AGGREGATOR|research-node|akshare@1.18.97|stock_margin_detail_sse,2025-04-23,,2026-09-26T08:50:39.562379+00:00,2025-04-24,CONSERVATIVE_T1,margin_sse,601985,True
2025-04-23,AGGREGATOR|research-node|akshare@1.18.97|stock_margin_detail_sse,2025-04-23,,2026-09-26T08:50:39.562379+00:00,2025-04-24,CONSERVATIVE_T1,margin_sse,601992,True
2025-04-23,AGGREGATOR|research-node|akshare@1.18.97|stock_margin_detail_sse,2025-04-23,,2026-09-26T08:50:39.562379+00:00,2025-04-24,CONSERVATIVE_T1,margin_sse,688498,True
2025-04-24,AGGREGATOR|research-node|akshare@1.18.97|stock_margin_detail_sse,2025-04-24,,2026-09-26T08:50:44.350775+00:00,2025-04-25,CONSERVATIVE_T1,margin_sse,600196,True
2025-04-24,AGGREGATOR|research-node|akshare@1.18.97|stock_margin_detail_sse,2025-04-24,,2026-09-26T08:50:44.350775+00:00,2025-04-25,CONSERVATIVE_T1,margin_sse,600567,True
2025-04-24,AGGREGATOR|research-node|akshare@1.18.97|stock_margin_detail_sse,2025-04-24,,2026-09-26T08:50:44.350775+00:00,2025-04-25,CONSERVATIVE_T1,margin_sse,600598,True
2025-04-24,AGGREGATOR|research-node|akshare@1.18.97|stock_margin_detail_sse,2025-04-24,,2026-09-26T08:50:44.350775+00:00,2025-04-25,CONSERVATIVE_T1,margin_sse,600694,True
2025-04-24,AGGREGATOR|research-node|akshare@1.18.97|stock_margin_detail_sse,2025-04-24,,2026-09-26T08:50:44.350775+00:00,2025-04-25,CONSERVATIVE_T1,margin_sse,601869,True
2025-04-24,AGGREGATOR|research-node|akshare@1.18.97|stock_margin_detail_sse,2025-04-24,,2026-09-26T08:50:44.350775+00:00,2025-04-25,CONSERVATIVE_T1,margin_sse,601985,True
2025-04-24,AGGREGATOR|research-node|akshare@1.18.97|stock_margin_detail_sse,2025-04-24,,2026-09-26T08:50:44.350775+00:00,2025-04-25,CONSERVATIVE_T1,margin_sse,601992,True
2025-04-24,AGGREGATOR|research-node|akshare@1.18.97|stock_margin_detail_sse,2025-04-24,,2026-09-26T08:50:44.350775+00:00,2025-04-25,CONSERVATIVE_T1,margin_sse,688498,True
2025-04-25,AGGREGATOR|research-node|akshare@1.18.97|stock_margin_detail_sse,2025-04-25,,2026-09-26T08:50:48.782181+00:00,2025-04-28,CONSERVATIVE_T1,margin_sse,600196,True
2025-04-25,AGGREGATOR|research-node|akshare@1.18.97|stock_margin_detail_sse,2025-04-25,,2026-09-26T08:50:48.782181+00:00,2025-04-28,CONSERVATIVE_T1,margin_sse,600567,True
2025-04-25,AGGREGATOR|research-node|akshare@1.18.97|stock_margin_detail_sse,2025-04-25,,2026-09-26T08:50:48.782181+00:00,2025-04-28,CONSERVATIVE_T1,margin_sse,600598,True
2025-04-25,AGGREGATOR|research-node|akshare@1.18.97|stock_margin_detail_sse,2025-04-25,,2026-09-26T08:50:48.782181+00:00,2025-04-28,CONSERVATIVE_T1,margin_sse,600694,True
2025-04-25,AGGREGATOR|research-node|akshare@1.18.97|stock_margin_detail_sse,2025-04-25,,2026-09-26T08:50:48.782181+00:00,2025-04-28,CONSERVATIVE_T1,margin_sse,601869,True
2025-04-25,AGGREGATOR|research-node|akshare@1.18.97|stock_margin_detail_sse,2025-04-25,,2026-09-26T08:50:48.782181+00:00,2025-04-28,CONSERVATIVE_T1,margin_sse,601985,True
2025-04-25,AGGREGATOR|research-node|akshare@1.18.97|stock_margin_detail_sse,2025-04-25,,2026-09-26T08:50:48.782181+00:00,2025-04-28,CONSERVATIVE_T1,margin_sse,601992,True
2025-04-25,AGGREGATOR|research-node|akshare@1.18.97|stock_margin_detail_sse,2025-04-25,,2026-09-26T08:50:48.782181+00:00,2025-04-28,CONSERVATIVE_T1,margin_sse,688498,True
2025-04-28,AGGREGATOR|research-node|akshare@1.18.97|stock_margin_detail_sse,2025-04-28,,2026-09-26T08:50:53.173808+00:00,2025-04-29,CONSERVATIVE_T1,margin_sse,600196,True
2025-04-28,AGGREGATOR|research-node|akshare@1.18.97|stock_margin_detail_sse,2025-04-28,,2026-09-26T08:50:53.173808+00:00,2025-04-29,CONSERVATIVE_T1,margin_sse,600567,True
2025-04-28,AGGREGATOR|research-node|akshare@1.18.97|stock_margin_detail_sse,2025-04-28,,2026-09-26T08:50:53.173808+00:00,2025-04-29,CONSERVATIVE_T1,margin_sse,600598,True
2025-04-28,AGGREGATOR|research-node|akshare@1.18.97|stock_margin_detail_sse,2025-04-28,,2026-09-26T08:50:53.173808+00:00,2025-04-29,CONSERVATIVE_T1,margin_sse,600694,True
2025-04-28,AGGREGATOR|research-node|akshare@1.18.97|stock_margin_detail_sse,2025-04-28,,2026-09-26T08:50:53.173808+00:00,2025-04-29,CONSERVATIVE_T1,margin_sse,601869,True
2025-04-28,AGGREGATOR|research-node|akshare@1.18.97|stock_margin_detail_sse,2025-04-28,,2026-09-26T08:50:53.173808+00:00,2025-04-29,CONSERVATIVE_T1,margin_sse,601985,True
2025-04-28,AGGREGATOR|research-node|akshare@1.18.97|stock_margin_detail_sse,2025-04-28,,2026-09-26T08:50:53.173808+00:00,2025-04-29,CONSERVATIVE_T1,margin_sse,601992,True
2025-04-28,AGGREGATOR|research-node|akshare@1.18.97|stock_margin_detail_sse,2025-04-28,,2026-09-26T08:50:53.173808+00:00,2025-04-29,CONSERVATIVE_T1,margin_sse,688498,True
2025-04-29,AGGREGATOR|research-node|akshare@1.18.97|stock_margin_detail_sse,2025-04-29,,2026-09-26T08:50:57.533844+00:00,2025-04-30,CONSERVATIVE_T1,margin_sse,600196,True
2025-04-29,AGGREGATOR|research-node|akshare@1.18.97|stock_margin_detail_sse,2025-04-29,,2026-09-26T08:50:57.533844+00:00,2025-04-30,CONSERVATIVE_T1,margin_sse,600567,True
2025-04-29,AGGREGATOR|research-node|akshare@1.18.97|stock_margin_detail_sse,2025-04-29,,2026-09-26T08:50:57.533844+00:00,2025-04-30,CONSERVATIVE_T1,margin_sse,600598,True
2025-04-29,AGGREGATOR|research-node|akshare@1.18.97|stock_margin_detail_sse,2025-04-29,,2026-09-26T08:50:57.533844+00:00,2025-04-30,CONSERVATIVE_T1,margin_sse,600694,True
2025-04-29,AGGREGATOR|research-node|akshare@1.18.97|stock_margin_detail_sse,2025-04-29,,2026-09-26T08:50:57.533844+00:00,2025-04-30,CONSERVATIVE_T1,margin_sse,601869,True
2025-04-29,AGGREGATOR|research-node|akshare@1.18.97|stock_margin_detail_sse,2025-04-29,,2026-09-26T08:50:57.533844+00:00,2025-04-30,CONSERVATIVE_T1,margin_sse,601985,True
2025-04-29,AGGREGATOR|research-node|akshare@1.18.97|stock_margin_detail_sse,2025-04-29,,2026-09-26T08:50:57.533844+00:00,2025-04-30,CONSERVATIVE_T1,margin_sse,601992,True
2025-04-29,AGGREGATOR|research-node|akshare@1.18.97|stock_margin_detail_sse,2025-04-29,,2026-09-26T08:50:57.533844+00:00,2025-04-30,CONSERVATIVE_T1,margin_sse,688498,True
2025-04-30,AGGREGATOR|research-node|akshare@1.18.97|stock_margin_detail_sse,2025-04-30,,2026-09-26T08:51:01.914287+00:00,2025-05-06,CONSERVATIVE_T1,margin_sse,600196,True
2025-04-30,AGGREGATOR|research-node|akshare@1.18.97|stock_margin_detail_sse,2025-04-30,,2026-09-26T08:51:01.914287+00:00,2025-05-06,CONSERVATIVE_T1,margin_sse,600567,True
2025-04-30,AGGREGATOR|research-node|akshare@1.18.97|stock_margin_detail_sse,2025-04-30,,2026-09-26T08:51:01.914287+00:00,2025-05-06,CONSERVATIVE_T1,margin_sse,600598,True
2025-04-30,AGGREGATOR|research-node|akshare@1.18.97|stock_margin_detail_sse,2025-04-30,,2026-09-26T08:51:01.914287+00:00,2025-05-06,CONSERVATIVE_T1,margin_sse,600694,True
2025-04-30,AGGREGATOR|research-node|akshare@1.18.97|stock_margin_detail_sse,2025-04-30,,2026-09-26T08:51:01.914287+00:00,2025-05-06,CONSERVATIVE_T1,margin_sse,601869,True
2025-04-30,AGGREGATOR|research-node|akshare@1.18.97|stock_margin_detail_sse,2025-04-30,,2026-09-26T08:51:01.914287+00:00,2025-05-06,CONSERVATIVE_T1,margin_sse,601985,True
2025-04-30,AGGREGATOR|research-node|akshare@1.18.97|stock_margin_detail_sse,2025-04-30,,2026-09-26T08:51:01.914287+00:00,2025-05-06,CONSERVATIVE_T1,margin_sse,601992,True
2025-04-30,AGGREGATOR|research-node|akshare@1.18.97|stock_margin_detail_sse,2025-04-30,,2026-09-26T08:51:01.914287+00:00,2025-05-06,CONSERVATIVE_T1,margin_sse,688498,True
2025-05-06,AGGREGATOR|research-node|akshare@1.18.97|stock_margin_detail_sse,2025-05-06,,2026-09-26T08:51:06.318307+00:00,2025-05-07,CONSERVATIVE_T1,margin_sse,600196,True
2025-05-06,AGGREGATOR|research-node|akshare@1.18.97|stock_margin_detail_sse,2025-05-06,,2026-09-26T08:51:06.318307+00:00,2025-05-07,CONSERVATIVE_T1,margin_sse,600567,True
2025-05-06,AGGREGATOR|research-node|akshare@1.18.97|stock_margin_detail_sse,2025-05-06,,2026-09-26T08:51:06.318307+00:00,2025-05-07,CONSERVATIVE_T1,margin_sse,600598,True
2025-05-06,AGGREGATOR|research-node|akshare@1.18.97|stock_margin_detail_sse,2025-05-06,,2026-09-26T08:51:06.318307+00:00,2025-05-07,CONSERVATIVE_T1,margin_sse,600694,True
2025-05-06,AGGREGATOR|research-node|akshare@1.18.97|stock_margin_detail_sse,2025-05-06,,2026-09-26T08:51:06.318307+00:00,2025-05-07,CONSERVATIVE_T1,margin_sse,601869,True
2025-05-06,AGGREGATOR|research-node|akshare@1.18.97|stock_margin_detail_sse,2025-05-06,,2026-09-26T08:51:06.318307+00:00,2025-05-07,CONSERVATIVE_T1,margin_sse,601985,True
2025-05-06,AGGREGATOR|research-node|akshare@1.18.97|stock_margin_detail_sse,2025-05-06,,2026-09-26T08:51:06.318307+00:00,2025-05-07,CONSERVATIVE_T1,margin_sse,601992,True
2025-05-06,AGGREGATOR|research-node|akshare@1.18.97|stock_margin_detail_sse,2025-05-06,,2026-09-26T08:51:06.318307+00:00,2025-05-07,CONSERVATIVE_T1,margin_sse,688498,True
2025-05-07,AGGREGATOR|research-node|akshare@1.18.97|stock_margin_detail_sse,2025-05-07,,2026-09-26T08:51:10.697375+00:00,2025-05-08,CONSERVATIVE_T1,margin_sse,600196,True
2025-05-07,AGGREGATOR|research-node|akshare@1.18.97|stock_margin_detail_sse,2025-05-07,,2026-09-26T08:51:10.697375+00:00,2025-05-08,CONSERVATIVE_T1,margin_sse,600567,True
2025-05-07,AGGREGATOR|research-node|akshare@1.18.97|stock_margin_detail_sse,2025-05-07,,2026-09-26T08:51:10.697375+00:00,2025-05-08,CONSERVATIVE_T1,margin_sse,600598,True
2025-05-07,AGGREGATOR|research-node|akshare@1.18.97|stock_margin_detail_sse,2025-05-07,,2026-09-26T08:51:10.697375+00:00,2025-05-08,CONSERVATIVE_T1,margin_sse,600694,True
2025-05-07,AGGREGATOR|research-node|akshare@1.18.97|stock_margin_detail_sse,2025-05-07,,2026-09-26T08:51:10.697375+00:00,2025-05-08,CONSERVATIVE_T1,margin_sse,601869,True
2025-05-07,AGGREGATOR|research-node|akshare@1.18.97|stock_margin_detail_sse,2025-05-07,,2026-09-26T08:51:10.697375+00:00,2025-05-08,CONSERVATIVE_T1,margin_sse,601985,True
2025-05-07,AGGREGATOR|research-node|akshare@1.18.97|stock_margin_detail_sse,2025-05-07,,2026-09-26T08:51:10.697375+00:00,2025-05-08,CONSERVATIVE_T1,margin_sse,601992,True
2025-05-07,AGGREGATOR|research-node|akshare@1.18.97|stock_margin_detail_sse,2025-05-07,,2026-09-26T08:51:10.697375+00:00,2025-05-08,CONSERVATIVE_T1,margin_sse,688498,True
2025-05-08,AGGREGATOR|research-node|akshare@1.18.97|stock_margin_detail_sse,2025-05-08,,2026-09-26T08:51:15.099565+00:00,2025-05-09,CONSERVATIVE_T1,margin_sse,600196,True
2025-05-08,AGGREGATOR|research-node|akshare@1.18.97|stock_margin_detail_sse,2025-05-08,,2026-09-26T08:51:15.099565+00:00,2025-05-09,CONSERVATIVE_T1,margin_sse,600567,True
2025-05-08,AGGREGATOR|research-node|akshare@1.18.97|stock_margin_detail_sse,2025-05-08,,2026-09-26T08:51:15.099565+00:00,2025-05-09,CONSERVATIVE_T1,margin_sse,600598,True
2025-05-08,AGGREGATOR|research-node|akshare@1.18.97|stock_margin_detail_sse,2025-05-08,,2026-09-26T08:51:15.099565+00:00,2025-05-09,CONSERVATIVE_T1,margin_sse,600694,True
2025-05-08,AGGREGATOR|research-node|akshare@1.18.97|stock_margin_detail_sse,2025-05-08,,2026-09-26T08:51:15.099565+00:00,2025-05-09,CONSERVATIVE_T1,margin_sse,601869,True
2025-05-08,AGGREGATOR|research-node|akshare@1.18.97|stock_margin_detail_sse,2025-05-08,,2026-09-26T08:51:15.099565+00:00,2025-05-09,CONSERVATIVE_T1,margin_sse,601985,True
2025-05-08,AGGREGATOR|research-node|akshare@1.18.97|stock_margin_detail_sse,2025-05-08,,2026-09-26T08:51:15.099565+00:00,2025-05-09,CONSERVATIVE_T1,margin_sse,601992,True
2025-05-08,AGGREGATOR|research-node|akshare@1.18.97|stock_margin_detail_sse,2025-05-08,,2026-09-26T08:51:15.099565+00:00,2025-05-09,CONSERVATIVE_T1,margin_sse,688498,True
2025-05-09,AGGREGATOR|research-node|akshare@1.18.97|stock_margin_detail_sse,2025-05-09,,2026-09-26T08:51:19.453531+00:00,2025-05-12,CONSERVATIVE_T1,margin_sse,600196,True
2025-05-09,AGGREGATOR|research-node|akshare@1.18.97|stock_margin_detail_sse,2025-05-09,,2026-09-26T08:51:19.453531+00:00,2025-05-12,CONSERVATIVE_T1,margin_sse,600567,True
2025-05-09,AGGREGATOR|research-node|akshare@1.18.97|stock_margin_detail_sse,2025-05-09,,2026-09-26T08:51:19.453531+00:00,2025-05-12,CONSERVATIVE_T1,margin_sse,600598,True
2025-05-09,AGGREGATOR|research-node|akshare@1.18.97|stock_margin_detail_sse,2025-05-09,,2026-09-26T08:51:19.453531+00:00,2025-05-12,CONSERVATIVE_T1,margin_sse,600694,True
2025-05-09,AGGREGATOR|research-node|akshare@1.18.97|stock_margin_detail_sse,2025-05-09,,2026-09-26T08:51:19.453531+00:00,2025-05-12,CONSERVATIVE_T1,margin_sse,601869,True
2025-05-09,AGGREGATOR|research-node|akshare@1.18.97|stock_margin_detail_sse,2025-05-09,,2026-09-26T08:51:19.453531+00:00,2025-05-12,CONSERVATIVE_T1,margin_sse,601985,True
2025-05-09,AGGREGATOR|research-node|akshare@1.18.97|stock_margin_detail_sse,2025-05-09,,2026-09-26T08:51:19.453531+00:00,2025-05-12,CONSERVATIVE_T1,margin_sse,601992,True
2025-05-09,AGGREGATOR|research-node|akshare@1.18.97|stock_margin_detail_sse,2025-05-09,,2026-09-26T08:51:19.453531+00:00,2025-05-12,CONSERVATIVE_T1,margin_sse,688498,True
2025-05-12,AGGREGATOR|research-node|akshare@1.18.97|stock_margin_detail_sse,2025-05-12,,2026-09-26T08:51:23.922323+00:00,2025-05-13,CONSERVATIVE_T1,margin_sse,600196,True
2025-05-12,AGGREGATOR|research-node|akshare@1.18.97|stock_margin_detail_sse,2025-05-12,,2026-09-26T08:51:23.922323+00:00,2025-05-13,CONSERVATIVE_T1,margin_sse,600567,True
2025-05-12,AGGREGATOR|research-node|akshare@1.18.97|stock_margin_detail_sse,2025-05-12,,2026-09-26T08:51:23.922323+00:00,2025-05-13,CONSERVATIVE_T1,margin_sse,600598,True
2025-05-12,AGGREGATOR|research-node|akshare@1.18.97|stock_margin_detail_sse,2025-05-12,,2026-09-26T08:51:23.922323+00:00,2025-05-13,CONSERVATIVE_T1,margin_sse,600694,True
2025-05-12,AGGREGATOR|research-node|akshare@1.18.97|stock_margin_detail_sse,2025-05-12,,2026-09-26T08:51:23.922323+00:00,2025-05-13,CONSERVATIVE_T1,margin_sse,601869,True
2025-05-12,AGGREGATOR|research-node|akshare@1.18.97|stock_margin_detail_sse,2025-05-12,,2026-09-26T08:51:23.922323+00:00,2025-05-13,CONSERVATIVE_T1,margin_sse,601985,True
2025-05-12,AGGREGATOR|research-node|akshare@1.18.97|stock_margin_detail_sse,2025-05-12,,2026-09-26T08:51:23.922323+00:00,2025-05-13,CONSERVATIVE_T1,margin_sse,601992,True
2025-05-12,AGGREGATOR|research-node|akshare@1.18.97|stock_margin_detail_sse,2025-05-12,,2026-09-26T08:51:23.922323+00:00,2025-05-13,CONSERVATIVE_T1,margin_sse,688498,True
2025-05-13,AGGREGATOR|research-node|akshare@1.18.97|stock_margin_detail_sse,2025-05-13,,2026-09-26T08:51:28.242307+00:00,2025-05-14,CONSERVATIVE_T1,margin_sse,600196,True
2025-05-13,AGGREGATOR|research-node|akshare@1.18.97|stock_margin_detail_sse,2025-05-13,,2026-09-26T08:51:28.242307+00:00,2025-05-14,CONSERVATIVE_T1,margin_sse,600567,True
2025-05-13,AGGREGATOR|research-node|akshare@1.18.97|stock_margin_detail_sse,2025-05-13,,2026-09-26T08:51:28.242307+00:00,2025-05-14,CONSERVATIVE_T1,margin_sse,600598,True
2025-05-13,AGGREGATOR|research-node|akshare@1.18.97|stock_margin_detail_sse,2025-05-13,,2026-09-26T08:51:28.242307+00:00,2025-05-14,CONSERVATIVE_T1,margin_sse,600694,True
2025-05-13,AGGREGATOR|research-node|akshare@1.18.97|stock_margin_detail_sse,2025-05-13,,2026-09-26T08:51:28.242307+00:00,2025-05-14,CONSERVATIVE_T1,margin_sse,601869,True
2025-05-13,AGGREGATOR|research-node|akshare@1.18.97|stock_margin_detail_sse,2025-05-13,,2026-09-26T08:51:28.242307+00:00,2025-05-14,CONSERVATIVE_T1,margin_sse,601985,True
2025-05-13,AGGREGATOR|research-node|akshare@1.18.97|stock_margin_detail_sse,2025-05-13,,2026-09-26T08:51:28.242307+00:00,2025-05-14,CONSERVATIVE_T1,margin_sse,601992,True
2025-05-13,AGGREGATOR|research-node|akshare@1.18.97|stock_margin_detail_sse,2025-05-13,,2026-09-26T08:51:28.242307+00:00,2025-05-14,CONSERVATIVE_T1,margin_sse,688498,True
2025-05-14,AGGREGATOR|research-node|akshare@1.18.97|stock_margin_detail_sse,2025-05-14,,2026-09-26T08:51:32.593509+00:00,2025-05-15,CONSERVATIVE_T1,margin_sse,600196,True
2025-05-14,AGGREGATOR|research-node|akshare@1.18.97|stock_margin_detail_sse,2025-05-14,,2026-09-26T08:51:32.593509+00:00,2025-05-15,CONSERVATIVE_T1,margin_sse,600567,True
2025-05-14,AGGREGATOR|research-node|akshare@1.18.97|stock_margin_detail_sse,2025-05-14,,2026-09-26T08:51:32.593509+00:00,2025-05-15,CONSERVATIVE_T1,margin_sse,600598,True
2025-05-14,AGGREGATOR|research-node|akshare@1.18.97|stock_margin_detail_sse,2025-05-14,,2026-09-26T08:51:32.593509+00:00,2025-05-15,CONSERVATIVE_T1,margin_sse,600694,True
2025-05-14,AGGREGATOR|research-node|akshare@1.18.97|stock_margin_detail_sse,2025-05-14,,2026-09-26T08:51:32.593509+00:00,2025-05-15,CONSERVATIVE_T1,margin_sse,601869,True
2025-05-14,AGGREGATOR|research-node|akshare@1.18.97|stock_margin_detail_sse,2025-05-14,,2026-09-26T08:51:32.593509+00:00,2025-05-15,CONSERVATIVE_T1,margin_sse,601985,True
2025-05-14,AGGREGATOR|research-node|akshare@1.18.97|stock_margin_detail_sse,2025-05-14,,2026-09-26T08:51:32.593509+00:00,2025-05-15,CONSERVATIVE_T1,margin_sse,601992,True
2025-05-14,AGGREGATOR|research-node|akshare@1.18.97|stock_margin_detail_sse,2025-05-14,,2026-09-26T08:51:32.593509+00:00,2025-05-15,CONSERVATIVE_T1,margin_sse,688498,True
2025-05-15,AGGREGATOR|research-node|akshare@1.18.97|stock_margin_detail_sse,2025-05-15,,2026-09-26T08:51:36.930525+00:00,2025-05-16,CONSERVATIVE_T1,margin_sse,600196,True
2025-05-15,AGGREGATOR|research-node|akshare@1.18.97|stock_margin_detail_sse,2025-05-15,,2026-09-26T08:51:36.930525+00:00,2025-05-16,CONSERVATIVE_T1,margin_sse,600567,True
2025-05-15,AGGREGATOR|research-node|akshare@1.18.97|stock_margin_detail_sse,2025-05-15,,2026-09-26T08:51:36.930525+00:00,2025-05-16,CONSERVATIVE_T1,margin_sse,600598,True
2025-05-15,AGGREGATOR|research-node|akshare@1.18.97|stock_margin_detail_sse,2025-05-15,,2026-09-26T08:51:36.930525+00:00,2025-05-16,CONSERVATIVE_T1,margin_sse,600694,True
2025-05-15,AGGREGATOR|research-node|akshare@1.18.97|stock_margin_detail_sse,2025-05-15,,2026-09-26T08:51:36.930525+00:00,2025-05-16,CONSERVATIVE_T1,margin_sse,601869,True
2025-05-15,AGGREGATOR|research-node|akshare@1.18.97|stock_margin_detail_sse,2025-05-15,,2026-09-26T08:51:36.930525+00:00,2025-05-16,CONSERVATIVE_T1,margin_sse,601985,True
2025-05-15,AGGREGATOR|research-node|akshare@1.18.97|stock_margin_detail_sse,2025-05-15,,2026-09-26T08:51:36.930525+00:00,2025-05-16,CONSERVATIVE_T1,margin_sse,601992,True
2025-05-15,AGGREGATOR|research-node|akshare@1.18.97|stock_margin_detail_sse,2025-05-15,,2026-09-26T08:51:36.930525+00:00,2025-05-16,CONSERVATIVE_T1,margin_sse,688498,True
2025-05-16,AGGREGATOR|research-node|akshare@1.18.97|stock_margin_detail_sse,2025-05-16,,2026-09-26T08:51:41.317922+00:00,2025-05-19,CONSERVATIVE_T1,margin_sse,600196,True
2025-05-16,AGGREGATOR|research-node|akshare@1.18.97|stock_margin_detail_sse,2025-05-16,,2026-09-26T08:51:41.317922+00:00,2025-05-19,CONSERVATIVE_T1,margin_sse,600567,True
2025-05-16,AGGREGATOR|research-node|akshare@1.18.97|stock_margin_detail_sse,2025-05-16,,2026-09-26T08:51:41.317922+00:00,2025-05-19,CONSERVATIVE_T1,margin_sse,600598,True
2025-05-16,AGGREGATOR|research-node|akshare@1.18.97|stock_margin_detail_sse,2025-05-16,,2026-09-26T08:51:41.317922+00:00,2025-05-19,CONSERVATIVE_T1,margin_sse,600694,True
2025-05-16,AGGREGATOR|research-node|akshare@1.18.97|stock_margin_detail_sse,2025-05-16,,2026-09-26T08:51:41.317922+00:00,2025-05-19,CONSERVATIVE_T1,margin_sse,601869,True
2025-05-16,AGGREGATOR|research-node|akshare@1.18.97|stock_margin_detail_sse,2025-05-16,,2026-09-26T08:51:41.317922+00:00,2025-05-19,CONSERVATIVE_T1,margin_sse,601985,True
2025-05-16,AGGREGATOR|research-node|akshare@1.18.97|stock_margin_detail_sse,2025-05-16,,2026-09-26T08:51:41.317922+00:00,2025-05-19,CONSERVATIVE_T1,margin_sse,601992,True
2025-05-16,AGGREGATOR|research-node|akshare@1.18.97|stock_margin_detail_sse,2025-05-16,,2026-09-26T08:51:41.317922+00:00,2025-05-19,CONSERVATIVE_T1,margin_sse,688498,True
2025-05-19,AGGREGATOR|research-node|akshare@1.18.97|stock_margin_detail_sse,2025-05-19,,2026-09-26T08:51:46.180287+00:00,2025-05-20,CONSERVATIVE_T1,margin_sse,600196,True
2025-05-19,AGGREGATOR|research-node|akshare@1.18.97|stock_margin_detail_sse,2025-05-19,,2026-09-26T08:51:46.180287+00:00,2025-05-20,CONSERVATIVE_T1,margin_sse,600567,True
2025-05-19,AGGREGATOR|research-node|akshare@1.18.97|stock_margin_detail_sse,2025-05-19,,2026-09-26T08:51:46.180287+00:00,2025-05-20,CONSERVATIVE_T1,margin_sse,600598,True
2025-05-19,AGGREGATOR|research-node|akshare@1.18.97|stock_margin_detail_sse,2025-05-19,,2026-09-26T08:51:46.180287+00:00,2025-05-20,CONSERVATIVE_T1,margin_sse,600694,True
2025-05-19,AGGREGATOR|research-node|akshare@1.18.97|stock_margin_detail_sse,2025-05-19,,2026-09-26T08:51:46.180287+00:00,2025-05-20,CONSERVATIVE_T1,margin_sse,601869,True
2025-05-19,AGGREGATOR|research-node|akshare@1.18.97|stock_margin_detail_sse,2025-05-19,,2026-09-26T08:51:46.180287+00:00,2025-05-20,CONSERVATIVE_T1,margin_sse,601985,True
2025-05-19,AGGREGATOR|research-node|akshare@1.18.97|stock_margin_detail_sse,2025-05-19,,2026-09-26T08:51:46.180287+00:00,2025-05-20,CONSERVATIVE_T1,margin_sse,601992,True
2025-05-19,AGGREGATOR|research-node|akshare@1.18.97|stock_margin_detail_sse,2025-05-19,,2026-09-26T08:51:46.180287+00:00,2025-05-20,CONSERVATIVE_T1,margin_sse,688498,True
2025-05-20,AGGREGATOR|research-node|akshare@1.18.97|stock_margin_detail_sse,2025-05-20,,2026-09-26T08:51:50.528307+00:00,2025-05-21,CONSERVATIVE_T1,margin_sse,600196,True
2025-05-20,AGGREGATOR|research-node|akshare@1.18.97|stock_margin_detail_sse,2025-05-20,,2026-09-26T08:51:50.528307+00:00,2025-05-21,CONSERVATIVE_T1,margin_sse,600567,True
2025-05-20,AGGREGATOR|research-node|akshare@1.18.97|stock_margin_detail_sse,2025-05-20,,2026-09-26T08:51:50.528307+00:00,2025-05-21,CONSERVATIVE_T1,margin_sse,600598,True
2025-05-20,AGGREGATOR|research-node|akshare@1.18.97|stock_margin_detail_sse,2025-05-20,,2026-09-26T08:51:50.528307+00:00,2025-05-21,CONSERVATIVE_T1,margin_sse,600694,True
2025-05-20,AGGREGATOR|research-node|akshare@1.18.97|stock_margin_detail_sse,2025-05-20,,2026-09-26T08:51:50.528307+00:00,2025-05-21,CONSERVATIVE_T1,margin_sse,601869,True
2025-05-20,AGGREGATOR|research-node|akshare@1.18.97|stock_margin_detail_sse,2025-05-20,,2026-09-26T08:51:50.528307+00:00,2025-05-21,CONSERVATIVE_T1,margin_sse,601985,True
2025-05-20,AGGREGATOR|research-node|akshare@1.18.97|stock_margin_detail_sse,2025-05-20,,2026-09-26T08:51:50.528307+00:00,2025-05-21,CONSERVATIVE_T1,margin_sse,601992,True
2025-05-20,AGGREGATOR|research-node|akshare@1.18.97|stock_margin_detail_sse,2025-05-20,,2026-09-26T08:51:50.528307+00:00,2025-05-21,CONSERVATIVE_T1,margin_sse,688498,True
2025-05-21,AGGREGATOR|research-node|akshare@1.18.97|stock_margin_detail_sse,2025-05-21,,2026-09-26T08:51:55.091210+00:00,2025-05-22,CONSERVATIVE_T1,margin_sse,600196,True
2025-05-21,AGGREGATOR|research-node|akshare@1.18.97|stock_margin_detail_sse,2025-05-21,,2026-09-26T08:51:55.091210+00:00,2025-05-22,CONSERVATIVE_T1,margin_sse,600567,True
2025-05-21,AGGREGATOR|research-node|akshare@1.18.97|stock_margin_detail_sse,2025-05-21,,2026-09-26T08:51:55.091210+00:00,2025-05-22,CONSERVATIVE_T1,margin_sse,600598,True
2025-05-21,AGGREGATOR|research-node|akshare@1.18.97|stock_margin_detail_sse,2025-05-21,,2026-09-26T08:51:55.091210+00:00,2025-05-22,CONSERVATIVE_T1,margin_sse,600694,True
2025-05-21,AGGREGATOR|research-node|akshare@1.18.97|stock_margin_detail_sse,2025-05-21,,2026-09-26T08:51:55.091210+00:00,2025-05-22,CONSERVATIVE_T1,margin_sse,601869,True
2025-05-21,AGGREGATOR|research-node|akshare@1.18.97|stock_margin_detail_sse,2025-05-21,,2026-09-26T08:51:55.091210+00:00,2025-05-22,CONSERVATIVE_T1,margin_sse,601985,True
2025-05-21,AGGREGATOR|research-node|akshare@1.18.97|stock_margin_detail_sse,2025-05-21,,2026-09-26T08:51:55.091210+00:00,2025-05-22,CONSERVATIVE_T1,margin_sse,601992,True
2025-05-21,AGGREGATOR|research-node|akshare@1.18.97|stock_margin_detail_sse,2025-05-21,,2026-09-26T08:51:55.091210+00:00,2025-05-22,CONSERVATIVE_T1,margin_sse,688498,True
2025-05-22,AGGREGATOR|research-node|akshare@1.18.97|stock_margin_detail_sse,2025-05-22,,2026-09-26T08:51:59.521889+00:00,2025-05-23,CONSERVATIVE_T1,margin_sse,600196,True
2025-05-22,AGGREGATOR|research-node|akshare@1.18.97|stock_margin_detail_sse,2025-05-22,,2026-09-26T08:51:59.521889+00:00,2025-05-23,CONSERVATIVE_T1,margin_sse,600567,True
2025-05-22,AGGREGATOR|research-node|akshare@1.18.97|stock_margin_detail_sse,2025-05-22,,2026-09-26T08:51:59.521889+00:00,2025-05-23,CONSERVATIVE_T1,margin_sse,600598,True
2025-05-22,AGGREGATOR|research-node|akshare@1.18.97|stock_margin_detail_sse,2025-05-22,,2026-09-26T08:51:59.521889+00:00,2025-05-23,CONSERVATIVE_T1,margin_sse,600694,True
2025-05-22,AGGREGATOR|research-node|akshare@1.18.97|stock_margin_detail_sse,2025-05-22,,2026-09-26T08:51:59.521889+00:00,2025-05-23,CONSERVATIVE_T1,margin_sse,601869,True
2025-05-22,AGGREGATOR|research-node|akshare@1.18.97|stock_margin_detail_sse,2025-05-22,,2026-09-26T08:51:59.521889+00:00,2025-05-23,CONSERVATIVE_T1,margin_sse,601985,True
2025-05-22,AGGREGATOR|research-node|akshare@1.18.97|stock_margin_detail_sse,2025-05-22,,2026-09-26T08:51:59.521889+00:00,2025-05-23,CONSERVATIVE_T1,margin_sse,601992,True
2025-05-22,AGGREGATOR|research-node|akshare@1.18.97|stock_margin_detail_sse,2025-05-22,,2026-09-26T08:51:59.521889+00:00,2025-05-23,CONSERVATIVE_T1,margin_sse,688498,True
2025-05-23,AGGREGATOR|research-node|akshare@1.18.97|stock_margin_detail_sse,2025-05-23,,2026-09-26T08:52:03.922856+00:00,2025-05-26,CONSERVATIVE_T1,margin_sse,600196,True
2025-05-23,AGGREGATOR|research-node|akshare@1.18.97|stock_margin_detail_sse,2025-05-23,,2026-09-26T08:52:03.922856+00:00,2025-05-26,CONSERVATIVE_T1,margin_sse,600567,True
2025-05-23,AGGREGATOR|research-node|akshare@1.18.97|stock_margin_detail_sse,2025-05-23,,2026-09-26T08:52:03.922856+00:00,2025-05-26,CONSERVATIVE_T1,margin_sse,600598,True
2025-05-23,AGGREGATOR|research-node|akshare@1.18.97|stock_margin_detail_sse,2025-05-23,,2026-09-26T08:52:03.922856+00:00,2025-05-26,CONSERVATIVE_T1,margin_sse,600694,True
2025-05-23,AGGREGATOR|research-node|akshare@1.18.97|stock_margin_detail_sse,2025-05-23,,2026-09-26T08:52:03.922856+00:00,2025-05-26,CONSERVATIVE_T1,margin_sse,601869,True
2025-05-23,AGGREGATOR|research-node|akshare@1.18.97|stock_margin_detail_sse,2025-05-23,,2026-09-26T08:52:03.922856+00:00,2025-05-26,CONSERVATIVE_T1,margin_sse,601985,True
2025-05-23,AGGREGATOR|research-node|akshare@1.18.97|stock_margin_detail_sse,2025-05-23,,2026-09-26T08:52:03.922856+00:00,2025-05-26,CONSERVATIVE_T1,margin_sse,601992,True
2025-05-23,AGGREGATOR|research-node|akshare@1.18.97|stock_margin_detail_sse,2025-05-23,,2026-09-26T08:52:03.922856+00:00,2025-05-26,CONSERVATIVE_T1,margin_sse,688498,True
2025-05-26,AGGREGATOR|research-node|akshare@1.18.97|stock_margin_detail_sse,2025-05-26,,2026-09-26T08:52:08.252000+00:00,2025-05-27,CONSERVATIVE_T1,margin_sse,600196,True
2025-05-26,AGGREGATOR|research-node|akshare@1.18.97|stock_margin_detail_sse,2025-05-26,,2026-09-26T08:52:08.252000+00:00,2025-05-27,CONSERVATIVE_T1,margin_sse,600567,True
2025-05-26,AGGREGATOR|research-node|akshare@1.18.97|stock_margin_detail_sse,2025-05-26,,2026-09-26T08:52:08.252000+00:00,2025-05-27,CONSERVATIVE_T1,margin_sse,600598,True
2025-05-26,AGGREGATOR|research-node|akshare@1.18.97|stock_margin_detail_sse,2025-05-26,,2026-09-26T08:52:08.252000+00:00,2025-05-27,CONSERVATIVE_T1,margin_sse,600694,True
2025-05-26,AGGREGATOR|research-node|akshare@1.18.97|stock_margin_detail_sse,2025-05-26,,2026-09-26T08:52:08.252000+00:00,2025-05-27,CONSERVATIVE_T1,margin_sse,601869,True
2025-05-26,AGGREGATOR|research-node|akshare@1.18.97|stock_margin_detail_sse,2025-05-26,,2026-09-26T08:52:08.252000+00:00,2025-05-27,CONSERVATIVE_T1,margin_sse,601985,True
2025-05-26,AGGREGATOR|research-node|akshare@1.18.97|stock_margin_detail_sse,2025-05-26,,2026-09-26T08:52:08.252000+00:00,2025-05-27,CONSERVATIVE_T1,margin_sse,601992,True
2025-05-26,AGGREGATOR|research-node|akshare@1.18.97|stock_margin_detail_sse,2025-05-26,,2026-09-26T08:52:08.252000+00:00,2025-05-27,CONSERVATIVE_T1,margin_sse,688498,True
2025-05-27,AGGREGATOR|research-node|akshare@1.18.97|stock_margin_detail_sse,2025-05-27,,2026-09-26T08:52:12.580491+00:00,2025-05-28,CONSERVATIVE_T1,margin_sse,600196,True
2025-05-27,AGGREGATOR|research-node|akshare@1.18.97|stock_margin_detail_sse,2025-05-27,,2026-09-26T08:52:12.580491+00:00,2025-05-28,CONSERVATIVE_T1,margin_sse,600567,True
2025-05-27,AGGREGATOR|research-node|akshare@1.18.97|stock_margin_detail_sse,2025-05-27,,2026-09-26T08:52:12.580491+00:00,2025-05-28,CONSERVATIVE_T1,margin_sse,600598,True
2025-05-27,AGGREGATOR|research-node|akshare@1.18.97|stock_margin_detail_sse,2025-05-27,,2026-09-26T08:52:12.580491+00:00,2025-05-28,CONSERVATIVE_T1,margin_sse,600694,True
2025-05-27,AGGREGATOR|research-node|akshare@1.18.97|stock_margin_detail_sse,2025-05-27,,2026-09-26T08:52:12.580491+00:00,2025-05-28,CONSERVATIVE_T1,margin_sse,601869,True
2025-05-27,AGGREGATOR|research-node|akshare@1.18.97|stock_margin_detail_sse,2025-05-27,,2026-09-26T08:52:12.580491+00:00,2025-05-28,CONSERVATIVE_T1,margin_sse,601985,True
2025-05-27,AGGREGATOR|research-node|akshare@1.18.97|stock_margin_detail_sse,2025-05-27,,2026-09-26T08:52:12.580491+00:00,2025-05-28,CONSERVATIVE_T1,margin_sse,601992,True
2025-05-27,AGGREGATOR|research-node|akshare@1.18.97|stock_margin_detail_sse,2025-05-27,,2026-09-26T08:52:12.580491+00:00,2025-05-28,CONSERVATIVE_T1,margin_sse,688498,True
2025-05-28,AGGREGATOR|research-node|akshare@1.18.97|stock_margin_detail_sse,2025-05-28,,2026-09-26T08:52:17.154366+00:00,2025-05-29,CONSERVATIVE_T1,margin_sse,600196,True
2025-05-28,AGGREGATOR|research-node|akshare@1.18.97|stock_margin_detail_sse,2025-05-28,,2026-09-26T08:52:17.154366+00:00,2025-05-29,CONSERVATIVE_T1,margin_sse,600567,True
2025-05-28,AGGREGATOR|research-node|akshare@1.18.97|stock_margin_detail_sse,2025-05-28,,2026-09-26T08:52:17.154366+00:00,2025-05-29,CONSERVATIVE_T1,margin_sse,600598,True
2025-05-28,AGGREGATOR|research-node|akshare@1.18.97|stock_margin_detail_sse,2025-05-28,,2026-09-26T08:52:17.154366+00:00,2025-05-29,CONSERVATIVE_T1,margin_sse,600694,True
2025-05-28,AGGREGATOR|research-node|akshare@1.18.97|stock_margin_detail_sse,2025-05-28,,2026-09-26T08:52:17.154366+00:00,2025-05-29,CONSERVATIVE_T1,margin_sse,601869,True
2025-05-28,AGGREGATOR|research-node|akshare@1.18.97|stock_margin_detail_sse,2025-05-28,,2026-09-26T08:52:17.154366+00:00,2025-05-29,CONSERVATIVE_T1,margin_sse,601985,True
2025-05-28,AGGREGATOR|research-node|akshare@1.18.97|stock_margin_detail_sse,2025-05-28,,2026-09-26T08:52:17.154366+00:00,2025-05-29,CONSERVATIVE_T1,margin_sse,601992,True
2025-05-28,AGGREGATOR|research-node|akshare@1.18.97|stock_margin_detail_sse,2025-05-28,,2026-09-26T08:52:17.154366+00:00,2025-05-29,CONSERVATIVE_T1,margin_sse,688498,True
2025-05-29,AGGREGATOR|research-node|akshare@1.18.97|stock_margin_detail_sse,2025-05-29,,2026-09-26T08:52:21.565496+00:00,2025-05-30,CONSERVATIVE_T1,margin_sse,600196,True
2025-05-29,AGGREGATOR|research-node|akshare@1.18.97|stock_margin_detail_sse,2025-05-29,,2026-09-26T08:52:21.565496+00:00,2025-05-30,CONSERVATIVE_T1,margin_sse,600567,True
2025-05-29,AGGREGATOR|research-node|akshare@1.18.97|stock_margin_detail_sse,2025-05-29,,2026-09-26T08:52:21.565496+00:00,2025-05-30,CONSERVATIVE_T1,margin_sse,600598,True
2025-05-29,AGGREGATOR|research-node|akshare@1.18.97|stock_margin_detail_sse,2025-05-29,,2026-09-26T08:52:21.565496+00:00,2025-05-30,CONSERVATIVE_T1,margin_sse,600694,True
2025-05-29,AGGREGATOR|research-node|akshare@1.18.97|stock_margin_detail_sse,2025-05-29,,2026-09-26T08:52:21.565496+00:00,2025-05-30,CONSERVATIVE_T1,margin_sse,601869,True
2025-05-29,AGGREGATOR|research-node|akshare@1.18.97|stock_margin_detail_sse,2025-05-29,,2026-09-26T08:52:21.565496+00:00,2025-05-30,CONSERVATIVE_T1,margin_sse,601985,True
2025-05-29,AGGREGATOR|research-node|akshare@1.18.97|stock_margin_detail_sse,2025-05-29,,2026-09-26T08:52:21.565496+00:00,2025-05-30,CONSERVATIVE_T1,margin_sse,601992,True
2025-05-29,AGGREGATOR|research-node|akshare@1.18.97|stock_margin_detail_sse,2025-05-29,,2026-09-26T08:52:21.565496+00:00,2025-05-30,CONSERVATIVE_T1,margin_sse,688498,True
2025-05-30,AGGREGATOR|research-node|akshare@1.18.97|stock_margin_detail_sse,2025-05-30,,2026-09-26T08:52:25.896414+00:00,2025-06-03,CONSERVATIVE_T1,margin_sse,600196,True
2025-05-30,AGGREGATOR|research-node|akshare@1.18.97|stock_margin_detail_sse,2025-05-30,,2026-09-26T08:52:25.896414+00:00,2025-06-03,CONSERVATIVE_T1,margin_sse,600567,True
2025-05-30,AGGREGATOR|research-node|akshare@1.18.97|stock_margin_detail_sse,2025-05-30,,2026-09-26T08:52:25.896414+00:00,2025-06-03,CONSERVATIVE_T1,margin_sse,600598,True
2025-05-30,AGGREGATOR|research-node|akshare@1.18.97|stock_margin_detail_sse,2025-05-30,,2026-09-26T08:52:25.896414+00:00,2025-06-03,CONSERVATIVE_T1,margin_sse,600694,True
2025-05-30,AGGREGATOR|research-node|akshare@1.18.97|stock_margin_detail_sse,2025-05-30,,2026-09-26T08:52:25.896414+00:00,2025-06-03,CONSERVATIVE_T1,margin_sse,601869,True
2025-05-30,AGGREGATOR|research-node|akshare@1.18.97|stock_margin_detail_sse,2025-05-30,,2026-09-26T08:52:25.896414+00:00,2025-06-03,CONSERVATIVE_T1,margin_sse,601985,True
2025-05-30,AGGREGATOR|research-node|akshare@1.18.97|stock_margin_detail_sse,2025-05-30,,2026-09-26T08:52:25.896414+00:00,2025-06-03,CONSERVATIVE_T1,margin_sse,601992,True
2025-05-30,AGGREGATOR|research-node|akshare@1.18.97|stock_margin_detail_sse,2025-05-30,,2026-09-26T08:52:25.896414+00:00,2025-06-03,CONSERVATIVE_T1,margin_sse,688498,True
2025-06-03,AGGREGATOR|research-node|akshare@1.18.97|stock_margin_detail_sse,2025-06-03,,2026-09-26T08:52:30.371234+00:00,2025-06-04,CONSERVATIVE_T1,margin_sse,600196,True
2025-06-03,AGGREGATOR|research-node|akshare@1.18.97|stock_margin_detail_sse,2025-06-03,,2026-09-26T08:52:30.371234+00:00,2025-06-04,CONSERVATIVE_T1,margin_sse,600567,True
2025-06-03,AGGREGATOR|research-node|akshare@1.18.97|stock_margin_detail_sse,2025-06-03,,2026-09-26T08:52:30.371234+00:00,2025-06-04,CONSERVATIVE_T1,margin_sse,600598,True
2025-06-03,AGGREGATOR|research-node|akshare@1.18.97|stock_margin_detail_sse,2025-06-03,,2026-09-26T08:52:30.371234+00:00,2025-06-04,CONSERVATIVE_T1,margin_sse,600694,True
2025-06-03,AGGREGATOR|research-node|akshare@1.18.97|stock_margin_detail_sse,2025-06-03,,2026-09-26T08:52:30.371234+00:00,2025-06-04,CONSERVATIVE_T1,margin_sse,601869,True
2025-06-03,AGGREGATOR|research-node|akshare@1.18.97|stock_margin_detail_sse,2025-06-03,,2026-09-26T08:52:30.371234+00:00,2025-06-04,CONSERVATIVE_T1,margin_sse,601985,True
2025-06-03,AGGREGATOR|research-node|akshare@1.18.97|stock_margin_detail_sse,2025-06-03,,2026-09-26T08:52:30.371234+00:00,2025-06-04,CONSERVATIVE_T1,margin_sse,601992,True
2025-06-03,AGGREGATOR|research-node|akshare@1.18.97|stock_margin_detail_sse,2025-06-03,,2026-09-26T08:52:30.371234+00:00,2025-06-04,CONSERVATIVE_T1,margin_sse,688498,True
2025-06-04,AGGREGATOR|research-node|akshare@1.18.97|stock_margin_detail_sse,2025-06-04,,2026-09-26T08:52:34.774325+00:00,2025-06-05,CONSERVATIVE_T1,margin_sse,600196,True
2025-06-04,AGGREGATOR|research-node|akshare@1.18.97|stock_margin_detail_sse,2025-06-04,,2026-09-26T08:52:34.774325+00:00,2025-06-05,CONSERVATIVE_T1,margin_sse,600567,True
2025-06-04,AGGREGATOR|research-node|akshare@1.18.97|stock_margin_detail_sse,2025-06-04,,2026-09-26T08:52:34.774325+00:00,2025-06-05,CONSERVATIVE_T1,margin_sse,600598,True
2025-06-04,AGGREGATOR|research-node|akshare@1.18.97|stock_margin_detail_sse,2025-06-04,,2026-09-26T08:52:34.774325+00:00,2025-06-05,CONSERVATIVE_T1,margin_sse,600694,True
2025-06-04,AGGREGATOR|research-node|akshare@1.18.97|stock_margin_detail_sse,2025-06-04,,2026-09-26T08:52:34.774325+00:00,2025-06-05,CONSERVATIVE_T1,margin_sse,601869,True
2025-06-04,AGGREGATOR|research-node|akshare@1.18.97|stock_margin_detail_sse,2025-06-04,,2026-09-26T08:52:34.774325+00:00,2025-06-05,CONSERVATIVE_T1,margin_sse,601985,True
2025-06-04,AGGREGATOR|research-node|akshare@1.18.97|stock_margin_detail_sse,2025-06-04,,2026-09-26T08:52:34.774325+00:00,2025-06-05,CONSERVATIVE_T1,margin_sse,601992,True
2025-06-04,AGGREGATOR|research-node|akshare@1.18.97|stock_margin_detail_sse,2025-06-04,,2026-09-26T08:52:34.774325+00:00,2025-06-05,CONSERVATIVE_T1,margin_sse,688498,True
2025-06-05,AGGREGATOR|research-node|akshare@1.18.97|stock_margin_detail_sse,2025-06-05,,2026-09-26T08:52:39.122943+00:00,2025-06-06,CONSERVATIVE_T1,margin_sse,600196,True
2025-06-05,AGGREGATOR|research-node|akshare@1.18.97|stock_margin_detail_sse,2025-06-05,,2026-09-26T08:52:39.122943+00:00,2025-06-06,CONSERVATIVE_T1,margin_sse,600567,True
2025-06-05,AGGREGATOR|research-node|akshare@1.18.97|stock_margin_detail_sse,2025-06-05,,2026-09-26T08:52:39.122943+00:00,2025-06-06,CONSERVATIVE_T1,margin_sse,600598,True
2025-06-05,AGGREGATOR|research-node|akshare@1.18.97|stock_margin_detail_sse,2025-06-05,,2026-09-26T08:52:39.122943+00:00,2025-06-06,CONSERVATIVE_T1,margin_sse,600694,True
2025-06-05,AGGREGATOR|research-node|akshare@1.18.97|stock_margin_detail_sse,2025-06-05,,2026-09-26T08:52:39.122943+00:00,2025-06-06,CONSERVATIVE_T1,margin_sse,601869,True
2025-06-05,AGGREGATOR|research-node|akshare@1.18.97|stock_margin_detail_sse,2025-06-05,,2026-09-26T08:52:39.122943+00:00,2025-06-06,CONSERVATIVE_T1,margin_sse,601985,True
2025-06-05,AGGREGATOR|research-node|akshare@1.18.97|stock_margin_detail_sse,2025-06-05,,2026-09-26T08:52:39.122943+00:00,2025-06-06,CONSERVATIVE_T1,margin_sse,601992,True
2025-06-05,AGGREGATOR|research-node|akshare@1.18.97|stock_margin_detail_sse,2025-06-05,,2026-09-26T08:52:39.122943+00:00,2025-06-06,CONSERVATIVE_T1,margin_sse,688498,True
2025-06-06,AGGREGATOR|research-node|akshare@1.18.97|stock_margin_detail_sse,2025-06-06,,2026-09-26T08:52:43.519494+00:00,2025-06-09,CONSERVATIVE_T1,margin_sse,600196,True
2025-06-06,AGGREGATOR|research-node|akshare@1.18.97|stock_margin_detail_sse,2025-06-06,,2026-09-26T08:52:43.519494+00:00,2025-06-09,CONSERVATIVE_T1,margin_sse,600567,True
2025-06-06,AGGREGATOR|research-node|akshare@1.18.97|stock_margin_detail_sse,2025-06-06,,2026-09-26T08:52:43.519494+00:00,2025-06-09,CONSERVATIVE_T1,margin_sse,600598,True
2025-06-06,AGGREGATOR|research-node|akshare@1.18.97|stock_margin_detail_sse,2025-06-06,,2026-09-26T08:52:43.519494+00:00,2025-06-09,CONSERVATIVE_T1,margin_sse,600694,True
2025-06-06,AGGREGATOR|research-node|akshare@1.18.97|stock_margin_detail_sse,2025-06-06,,2026-09-26T08:52:43.519494+00:00,2025-06-09,CONSERVATIVE_T1,margin_sse,601869,True
2025-06-06,AGGREGATOR|research-node|akshare@1.18.97|stock_margin_detail_sse,2025-06-06,,2026-09-26T08:52:43.519494+00:00,2025-06-09,CONSERVATIVE_T1,margin_sse,601985,True
2025-06-06,AGGREGATOR|research-node|akshare@1.18.97|stock_margin_detail_sse,2025-06-06,,2026-09-26T08:52:43.519494+00:00,2025-06-09,CONSERVATIVE_T1,margin_sse,601992,True
2025-06-06,AGGREGATOR|research-node|akshare@1.18.97|stock_margin_detail_sse,2025-06-06,,2026-09-26T08:52:43.519494+00:00,2025-06-09,CONSERVATIVE_T1,margin_sse,688498,True
2025-06-09,AGGREGATOR|research-node|akshare@1.18.97|stock_margin_detail_sse,2025-06-09,,2026-09-26T08:52:47.876068+00:00,2025-06-10,CONSERVATIVE_T1,margin_sse,600196,True
2025-06-09,AGGREGATOR|research-node|akshare@1.18.97|stock_margin_detail_sse,2025-06-09,,2026-09-26T08:52:47.876068+00:00,2025-06-10,CONSERVATIVE_T1,margin_sse,600567,True
2025-06-09,AGGREGATOR|research-node|akshare@1.18.97|stock_margin_detail_sse,2025-06-09,,2026-09-26T08:52:47.876068+00:00,2025-06-10,CONSERVATIVE_T1,margin_sse,600598,True
2025-06-09,AGGREGATOR|research-node|akshare@1.18.97|stock_margin_detail_sse,2025-06-09,,2026-09-26T08:52:47.876068+00:00,2025-06-10,CONSERVATIVE_T1,margin_sse,600694,True
2025-06-09,AGGREGATOR|research-node|akshare@1.18.97|stock_margin_detail_sse,2025-06-09,,2026-09-26T08:52:47.876068+00:00,2025-06-10,CONSERVATIVE_T1,margin_sse,601869,True
2025-06-09,AGGREGATOR|research-node|akshare@1.18.97|stock_margin_detail_sse,2025-06-09,,2026-09-26T08:52:47.876068+00:00,2025-06-10,CONSERVATIVE_T1,margin_sse,601985,True
2025-06-09,AGGREGATOR|research-node|akshare@1.18.97|stock_margin_detail_sse,2025-06-09,,2026-09-26T08:52:47.876068+00:00,2025-06-10,CONSERVATIVE_T1,margin_sse,601992,True
2025-06-09,AGGREGATOR|research-node|akshare@1.18.97|stock_margin_detail_sse,2025-06-09,,2026-09-26T08:52:47.876068+00:00,2025-06-10,CONSERVATIVE_T1,margin_sse,688498,True
2025-06-10,AGGREGATOR|research-node|akshare@1.18.97|stock_margin_detail_sse,2025-06-10,,2026-09-26T08:52:52.268207+00:00,2025-06-11,CONSERVATIVE_T1,margin_sse,600196,True
2025-06-10,AGGREGATOR|research-node|akshare@1.18.97|stock_margin_detail_sse,2025-06-10,,2026-09-26T08:52:52.268207+00:00,2025-06-11,CONSERVATIVE_T1,margin_sse,600567,True
2025-06-10,AGGREGATOR|research-node|akshare@1.18.97|stock_margin_detail_sse,2025-06-10,,2026-09-26T08:52:52.268207+00:00,2025-06-11,CONSERVATIVE_T1,margin_sse,600598,True
2025-06-10,AGGREGATOR|research-node|akshare@1.18.97|stock_margin_detail_sse,2025-06-10,,2026-09-26T08:52:52.268207+00:00,2025-06-11,CONSERVATIVE_T1,margin_sse,600694,True
2025-06-10,AGGREGATOR|research-node|akshare@1.18.97|stock_margin_detail_sse,2025-06-10,,2026-09-26T08:52:52.268207+00:00,2025-06-11,CONSERVATIVE_T1,margin_sse,601869,True
2025-06-10,AGGREGATOR|research-node|akshare@1.18.97|stock_margin_detail_sse,2025-06-10,,2026-09-26T08:52:52.268207+00:00,2025-06-11,CONSERVATIVE_T1,margin_sse,601985,True
2025-06-10,AGGREGATOR|research-node|akshare@1.18.97|stock_margin_detail_sse,2025-06-10,,2026-09-26T08:52:52.268207+00:00,2025-06-11,CONSERVATIVE_T1,margin_sse,601992,True
2025-06-10,AGGREGATOR|research-node|akshare@1.18.97|stock_margin_detail_sse,2025-06-10,,2026-09-26T08:52:52.268207+00:00,2025-06-11,CONSERVATIVE_T1,margin_sse,688498,True
2025-06-11,AGGREGATOR|research-node|akshare@1.18.97|stock_margin_detail_sse,2025-06-11,,2026-09-26T08:52:56.796828+00:00,2025-06-12,CONSERVATIVE_T1,margin_sse,600196,True
2025-06-11,AGGREGATOR|research-node|akshare@1.18.97|stock_margin_detail_sse,2025-06-11,,2026-09-26T08:52:56.796828+00:00,2025-06-12,CONSERVATIVE_T1,margin_sse,600567,True
2025-06-11,AGGREGATOR|research-node|akshare@1.18.97|stock_margin_detail_sse,2025-06-11,,2026-09-26T08:52:56.796828+00:00,2025-06-12,CONSERVATIVE_T1,margin_sse,600598,True
2025-06-11,AGGREGATOR|research-node|akshare@1.18.97|stock_margin_detail_sse,2025-06-11,,2026-09-26T08:52:56.796828+00:00,2025-06-12,CONSERVATIVE_T1,margin_sse,600694,True
2025-06-11,AGGREGATOR|research-node|akshare@1.18.97|stock_margin_detail_sse,2025-06-11,,2026-09-26T08:52:56.796828+00:00,2025-06-12,CONSERVATIVE_T1,margin_sse,601869,True
2025-06-11,AGGREGATOR|research-node|akshare@1.18.97|stock_margin_detail_sse,2025-06-11,,2026-09-26T08:52:56.796828+00:00,2025-06-12,CONSERVATIVE_T1,margin_sse,601985,True
2025-06-11,AGGREGATOR|research-node|akshare@1.18.97|stock_margin_detail_sse,2025-06-11,,2026-09-26T08:52:56.796828+00:00,2025-06-12,CONSERVATIVE_T1,margin_sse,601992,True
2025-06-11,AGGREGATOR|research-node|akshare@1.18.97|stock_margin_detail_sse,2025-06-11,,2026-09-26T08:52:56.796828+00:00,2025-06-12,CONSERVATIVE_T1,margin_sse,688498,True
2025-06-12,AGGREGATOR|research-node|akshare@1.18.97|stock_margin_detail_sse,2025-06-12,,2026-09-26T08:53:01.170852+00:00,2025-06-13,CONSERVATIVE_T1,margin_sse,600196,True
2025-06-12,AGGREGATOR|research-node|akshare@1.18.97|stock_margin_detail_sse,2025-06-12,,2026-09-26T08:53:01.170852+00:00,2025-06-13,CONSERVATIVE_T1,margin_sse,600567,True
2025-06-12,AGGREGATOR|research-node|akshare@1.18.97|stock_margin_detail_sse,2025-06-12,,2026-09-26T08:53:01.170852+00:00,2025-06-13,CONSERVATIVE_T1,margin_sse,600598,True
2025-06-12,AGGREGATOR|research-node|akshare@1.18.97|stock_margin_detail_sse,2025-06-12,,2026-09-26T08:53:01.170852+00:00,2025-06-13,CONSERVATIVE_T1,margin_sse,600694,True
2025-06-12,AGGREGATOR|research-node|akshare@1.18.97|stock_margin_detail_sse,2025-06-12,,2026-09-26T08:53:01.170852+00:00,2025-06-13,CONSERVATIVE_T1,margin_sse,601869,True
2025-06-12,AGGREGATOR|research-node|akshare@1.18.97|stock_margin_detail_sse,2025-06-12,,2026-09-26T08:53:01.170852+00:00,2025-06-13,CONSERVATIVE_T1,margin_sse,601985,True
2025-06-12,AGGREGATOR|research-node|akshare@1.18.97|stock_margin_detail_sse,2025-06-12,,2026-09-26T08:53:01.170852+00:00,2025-06-13,CONSERVATIVE_T1,margin_sse,601992,True
2025-06-12,AGGREGATOR|research-node|akshare@1.18.97|stock_margin_detail_sse,2025-06-12,,2026-09-26T08:53:01.170852+00:00,2025-06-13,CONSERVATIVE_T1,margin_sse,688498,True
2025-06-13,AGGREGATOR|research-node|akshare@1.18.97|stock_margin_detail_sse,2025-06-13,,2026-09-26T08:53:05.576608+00:00,2025-06-16,CONSERVATIVE_T1,margin_sse,600196,True
2025-06-13,AGGREGATOR|research-node|akshare@1.18.97|stock_margin_detail_sse,2025-06-13,,2026-09-26T08:53:05.576608+00:00,2025-06-16,CONSERVATIVE_T1,margin_sse,600567,True
2025-06-13,AGGREGATOR|research-node|akshare@1.18.97|stock_margin_detail_sse,2025-06-13,,2026-09-26T08:53:05.576608+00:00,2025-06-16,CONSERVATIVE_T1,margin_sse,600598,True
2025-06-13,AGGREGATOR|research-node|akshare@1.18.97|stock_margin_detail_sse,2025-06-13,,2026-09-26T08:53:05.576608+00:00,2025-06-16,CONSERVATIVE_T1,margin_sse,600694,True
2025-06-13,AGGREGATOR|research-node|akshare@1.18.97|stock_margin_detail_sse,2025-06-13,,2026-09-26T08:53:05.576608+00:00,2025-06-16,CONSERVATIVE_T1,margin_sse,601869,True
2025-06-13,AGGREGATOR|research-node|akshare@1.18.97|stock_margin_detail_sse,2025-06-13,,2026-09-26T08:53:05.576608+00:00,2025-06-16,CONSERVATIVE_T1,margin_sse,601985,True
2025-06-13,AGGREGATOR|research-node|akshare@1.18.97|stock_margin_detail_sse,2025-06-13,,2026-09-26T08:53:05.576608+00:00,2025-06-16,CONSERVATIVE_T1,margin_sse,601992,True
2025-06-13,AGGREGATOR|research-node|akshare@1.18.97|stock_margin_detail_sse,2025-06-13,,2026-09-26T08:53:05.576608+00:00,2025-06-16,CONSERVATIVE_T1,margin_sse,688498,True
2025-06-16,AGGREGATOR|research-node|akshare@1.18.97|stock_margin_detail_sse,2025-06-16,,2026-09-26T08:53:09.925541+00:00,2025-06-17,CONSERVATIVE_T1,margin_sse,600196,True
2025-06-16,AGGREGATOR|research-node|akshare@1.18.97|stock_margin_detail_sse,2025-06-16,,2026-09-26T08:53:09.925541+00:00,2025-06-17,CONSERVATIVE_T1,margin_sse,600567,True
2025-06-16,AGGREGATOR|research-node|akshare@1.18.97|stock_margin_detail_sse,2025-06-16,,2026-09-26T08:53:09.925541+00:00,2025-06-17,CONSERVATIVE_T1,margin_sse,600598,True
2025-06-16,AGGREGATOR|research-node|akshare@1.18.97|stock_margin_detail_sse,2025-06-16,,2026-09-26T08:53:09.925541+00:00,2025-06-17,CONSERVATIVE_T1,margin_sse,600694,True
2025-06-16,AGGREGATOR|research-node|akshare@1.18.97|stock_margin_detail_sse,2025-06-16,,2026-09-26T08:53:09.925541+00:00,2025-06-17,CONSERVATIVE_T1,margin_sse,601869,True
2025-06-16,AGGREGATOR|research-node|akshare@1.18.97|stock_margin_detail_sse,2025-06-16,,2026-09-26T08:53:09.925541+00:00,2025-06-17,CONSERVATIVE_T1,margin_sse,601985,True
2025-06-16,AGGREGATOR|research-node|akshare@1.18.97|stock_margin_detail_sse,2025-06-16,,2026-09-26T08:53:09.925541+00:00,2025-06-17,CONSERVATIVE_T1,margin_sse,601992,True
2025-06-16,AGGREGATOR|research-node|akshare@1.18.97|stock_margin_detail_sse,2025-06-16,,2026-09-26T08:53:09.925541+00:00,2025-06-17,CONSERVATIVE_T1,margin_sse,688498,True
2025-06-17,AGGREGATOR|research-node|akshare@1.18.97|stock_margin_detail_sse,2025-06-17,,2026-09-26T08:53:14.252339+00:00,2025-06-18,CONSERVATIVE_T1,margin_sse,600196,True
2025-06-17,AGGREGATOR|research-node|akshare@1.18.97|stock_margin_detail_sse,2025-06-17,,2026-09-26T08:53:14.252339+00:00,2025-06-18,CONSERVATIVE_T1,margin_sse,600567,True
2025-06-17,AGGREGATOR|research-node|akshare@1.18.97|stock_margin_detail_sse,2025-06-17,,2026-09-26T08:53:14.252339+00:00,2025-06-18,CONSERVATIVE_T1,margin_sse,600598,True
2025-06-17,AGGREGATOR|research-node|akshare@1.18.97|stock_margin_detail_sse,2025-06-17,,2026-09-26T08:53:14.252339+00:00,2025-06-18,CONSERVATIVE_T1,margin_sse,600694,True
2025-06-17,AGGREGATOR|research-node|akshare@1.18.97|stock_margin_detail_sse,2025-06-17,,2026-09-26T08:53:14.252339+00:00,2025-06-18,CONSERVATIVE_T1,margin_sse,601869,True
2025-06-17,AGGREGATOR|research-node|akshare@1.18.97|stock_margin_detail_sse,2025-06-17,,2026-09-26T08:53:14.252339+00:00,2025-06-18,CONSERVATIVE_T1,margin_sse,601985,True
2025-06-17,AGGREGATOR|research-node|akshare@1.18.97|stock_margin_detail_sse,2025-06-17,,2026-09-26T08:53:14.252339+00:00,2025-06-18,CONSERVATIVE_T1,margin_sse,601992,True
2025-06-17,AGGREGATOR|research-node|akshare@1.18.97|stock_margin_detail_sse,2025-06-17,,2026-09-26T08:53:14.252339+00:00,2025-06-18,CONSERVATIVE_T1,margin_sse,688498,True
2025-06-18,AGGREGATOR|research-node|akshare@1.18.97|stock_margin_detail_sse,2025-06-18,,2026-09-26T08:53:18.604270+00:00,2025-06-19,CONSERVATIVE_T1,margin_sse,600196,True
2025-06-18,AGGREGATOR|research-node|akshare@1.18.97|stock_margin_detail_sse,2025-06-18,,2026-09-26T08:53:18.604270+00:00,2025-06-19,CONSERVATIVE_T1,margin_sse,600567,True
2025-06-18,AGGREGATOR|research-node|akshare@1.18.97|stock_margin_detail_sse,2025-06-18,,2026-09-26T08:53:18.604270+00:00,2025-06-19,CONSERVATIVE_T1,margin_sse,600598,True
2025-06-18,AGGREGATOR|research-node|akshare@1.18.97|stock_margin_detail_sse,2025-06-18,,2026-09-26T08:53:18.604270+00:00,2025-06-19,CONSERVATIVE_T1,margin_sse,600694,True
2025-06-18,AGGREGATOR|research-node|akshare@1.18.97|stock_margin_detail_sse,2025-06-18,,2026-09-26T08:53:18.604270+00:00,2025-06-19,CONSERVATIVE_T1,margin_sse,601869,True
2025-06-18,AGGREGATOR|research-node|akshare@1.18.97|stock_margin_detail_sse,2025-06-18,,2026-09-26T08:53:18.604270+00:00,2025-06-19,CONSERVATIVE_T1,margin_sse,601985,True
2025-06-18,AGGREGATOR|research-node|akshare@1.18.97|stock_margin_detail_sse,2025-06-18,,2026-09-26T08:53:18.604270+00:00,2025-06-19,CONSERVATIVE_T1,margin_sse,601992,True
2025-06-18,AGGREGATOR|research-node|akshare@1.18.97|stock_margin_detail_sse,2025-06-18,,2026-09-26T08:53:18.604270+00:00,2025-06-19,CONSERVATIVE_T1,margin_sse,688498,True
2025-06-19,AGGREGATOR|research-node|akshare@1.18.97|stock_margin_detail_sse,2025-06-19,,2026-09-26T08:53:23.156819+00:00,2025-06-20,CONSERVATIVE_T1,margin_sse,600196,True
2025-06-19,AGGREGATOR|research-node|akshare@1.18.97|stock_margin_detail_sse,2025-06-19,,2026-09-26T08:53:23.156819+00:00,2025-06-20,CONSERVATIVE_T1,margin_sse,600567,True
2025-06-19,AGGREGATOR|research-node|akshare@1.18.97|stock_margin_detail_sse,2025-06-19,,2026-09-26T08:53:23.156819+00:00,2025-06-20,CONSERVATIVE_T1,margin_sse,600598,True
2025-06-19,AGGREGATOR|research-node|akshare@1.18.97|stock_margin_detail_sse,2025-06-19,,2026-09-26T08:53:23.156819+00:00,2025-06-20,CONSERVATIVE_T1,margin_sse,600694,True
2025-06-19,AGGREGATOR|research-node|akshare@1.18.97|stock_margin_detail_sse,2025-06-19,,2026-09-26T08:53:23.156819+00:00,2025-06-20,CONSERVATIVE_T1,margin_sse,601869,True
2025-06-19,AGGREGATOR|research-node|akshare@1.18.97|stock_margin_detail_sse,2025-06-19,,2026-09-26T08:53:23.156819+00:00,2025-06-20,CONSERVATIVE_T1,margin_sse,601985,True
2025-06-19,AGGREGATOR|research-node|akshare@1.18.97|stock_margin_detail_sse,2025-06-19,,2026-09-26T08:53:23.156819+00:00,2025-06-20,CONSERVATIVE_T1,margin_sse,601992,True
2025-06-19,AGGREGATOR|research-node|akshare@1.18.97|stock_margin_detail_sse,2025-06-19,,2026-09-26T08:53:23.156819+00:00,2025-06-20,CONSERVATIVE_T1,margin_sse,688498,True
2025-06-20,AGGREGATOR|research-node|akshare@1.18.97|stock_margin_detail_sse,2025-06-20,,2026-09-26T08:53:27.625102+00:00,2025-06-23,CONSERVATIVE_T1,margin_sse,600196,True
2025-06-20,AGGREGATOR|research-node|akshare@1.18.97|stock_margin_detail_sse,2025-06-20,,2026-09-26T08:53:27.625102+00:00,2025-06-23,CONSERVATIVE_T1,margin_sse,600567,True
2025-06-20,AGGREGATOR|research-node|akshare@1.18.97|stock_margin_detail_sse,2025-06-20,,2026-09-26T08:53:27.625102+00:00,2025-06-23,CONSERVATIVE_T1,margin_sse,600598,True
2025-06-20,AGGREGATOR|research-node|akshare@1.18.97|stock_margin_detail_sse,2025-06-20,,2026-09-26T08:53:27.625102+00:00,2025-06-23,CONSERVATIVE_T1,margin_sse,600694,True
2025-06-20,AGGREGATOR|research-node|akshare@1.18.97|stock_margin_detail_sse,2025-06-20,,2026-09-26T08:53:27.625102+00:00,2025-06-23,CONSERVATIVE_T1,margin_sse,601869,True
2025-06-20,AGGREGATOR|research-node|akshare@1.18.97|stock_margin_detail_sse,2025-06-20,,2026-09-26T08:53:27.625102+00:00,2025-06-23,CONSERVATIVE_T1,margin_sse,601985,True
2025-06-20,AGGREGATOR|research-node|akshare@1.18.97|stock_margin_detail_sse,2025-06-20,,2026-09-26T08:53:27.625102+00:00,2025-06-23,CONSERVATIVE_T1,margin_sse,601992,True
2025-06-20,AGGREGATOR|research-node|akshare@1.18.97|stock_margin_detail_sse,2025-06-20,,2026-09-26T08:53:27.625102+00:00,2025-06-23,CONSERVATIVE_T1,margin_sse,688498,True
2025-06-23,AGGREGATOR|research-node|akshare@1.18.97|stock_margin_detail_sse,2025-06-23,,2026-09-26T08:53:31.966191+00:00,2025-06-24,CONSERVATIVE_T1,margin_sse,600196,True
2025-06-23,AGGREGATOR|research-node|akshare@1.18.97|stock_margin_detail_sse,2025-06-23,,2026-09-26T08:53:31.966191+00:00,2025-06-24,CONSERVATIVE_T1,margin_sse,600567,True
2025-06-23,AGGREGATOR|research-node|akshare@1.18.97|stock_margin_detail_sse,2025-06-23,,2026-09-26T08:53:31.966191+00:00,2025-06-24,CONSERVATIVE_T1,margin_sse,600598,True
2025-06-23,AGGREGATOR|research-node|akshare@1.18.97|stock_margin_detail_sse,2025-06-23,,2026-09-26T08:53:31.966191+00:00,2025-06-24,CONSERVATIVE_T1,margin_sse,600694,True
2025-06-23,AGGREGATOR|research-node|akshare@1.18.97|stock_margin_detail_sse,2025-06-23,,2026-09-26T08:53:31.966191+00:00,2025-06-24,CONSERVATIVE_T1,margin_sse,601869,True
2025-06-23,AGGREGATOR|research-node|akshare@1.18.97|stock_margin_detail_sse,2025-06-23,,2026-09-26T08:53:31.966191+00:00,2025-06-24,CONSERVATIVE_T1,margin_sse,601985,True
2025-06-23,AGGREGATOR|research-node|akshare@1.18.97|stock_margin_detail_sse,2025-06-23,,2026-09-26T08:53:31.966191+00:00,2025-06-24,CONSERVATIVE_T1,margin_sse,601992,True
2025-06-23,AGGREGATOR|research-node|akshare@1.18.97|stock_margin_detail_sse,2025-06-23,,2026-09-26T08:53:31.966191+00:00,2025-06-24,CONSERVATIVE_T1,margin_sse,688498,True
2025-06-24,AGGREGATOR|research-node|akshare@1.18.97|stock_margin_detail_sse,2025-06-24,,2026-09-26T08:53:36.522736+00:00,2025-06-25,CONSERVATIVE_T1,margin_sse,600196,True
2025-06-24,AGGREGATOR|research-node|akshare@1.18.97|stock_margin_detail_sse,2025-06-24,,2026-09-26T08:53:36.522736+00:00,2025-06-25,CONSERVATIVE_T1,margin_sse,600567,True
2025-06-24,AGGREGATOR|research-node|akshare@1.18.97|stock_margin_detail_sse,2025-06-24,,2026-09-26T08:53:36.522736+00:00,2025-06-25,CONSERVATIVE_T1,margin_sse,600598,True
2025-06-24,AGGREGATOR|research-node|akshare@1.18.97|stock_margin_detail_sse,2025-06-24,,2026-09-26T08:53:36.522736+00:00,2025-06-25,CONSERVATIVE_T1,margin_sse,600694,True
2025-06-24,AGGREGATOR|research-node|akshare@1.18.97|stock_margin_detail_sse,2025-06-24,,2026-09-26T08:53:36.522736+00:00,2025-06-25,CONSERVATIVE_T1,margin_sse,601869,True
2025-06-24,AGGREGATOR|research-node|akshare@1.18.97|stock_margin_detail_sse,2025-06-24,,2026-09-26T08:53:36.522736+00:00,2025-06-25,CONSERVATIVE_T1,margin_sse,601985,True
2025-06-24,AGGREGATOR|research-node|akshare@1.18.97|stock_margin_detail_sse,2025-06-24,,2026-09-26T08:53:36.522736+00:00,2025-06-25,CONSERVATIVE_T1,margin_sse,601992,True
2025-06-24,AGGREGATOR|research-node|akshare@1.18.97|stock_margin_detail_sse,2025-06-24,,2026-09-26T08:53:36.522736+00:00,2025-06-25,CONSERVATIVE_T1,margin_sse,688498,True
2025-06-25,AGGREGATOR|research-node|akshare@1.18.97|stock_margin_detail_sse,2025-06-25,,2026-09-26T08:53:40.891706+00:00,2025-06-26,CONSERVATIVE_T1,margin_sse,600196,True
2025-06-25,AGGREGATOR|research-node|akshare@1.18.97|stock_margin_detail_sse,2025-06-25,,2026-09-26T08:53:40.891706+00:00,2025-06-26,CONSERVATIVE_T1,margin_sse,600567,True
2025-06-25,AGGREGATOR|research-node|akshare@1.18.97|stock_margin_detail_sse,2025-06-25,,2026-09-26T08:53:40.891706+00:00,2025-06-26,CONSERVATIVE_T1,margin_sse,600598,True
2025-06-25,AGGREGATOR|research-node|akshare@1.18.97|stock_margin_detail_sse,2025-06-25,,2026-09-26T08:53:40.891706+00:00,2025-06-26,CONSERVATIVE_T1,margin_sse,600694,True
2025-06-25,AGGREGATOR|research-node|akshare@1.18.97|stock_margin_detail_sse,2025-06-25,,2026-09-26T08:53:40.891706+00:00,2025-06-26,CONSERVATIVE_T1,margin_sse,601869,True
2025-06-25,AGGREGATOR|research-node|akshare@1.18.97|stock_margin_detail_sse,2025-06-25,,2026-09-26T08:53:40.891706+00:00,2025-06-26,CONSERVATIVE_T1,margin_sse,601985,True
2025-06-25,AGGREGATOR|research-node|akshare@1.18.97|stock_margin_detail_sse,2025-06-25,,2026-09-26T08:53:40.891706+00:00,2025-06-26,CONSERVATIVE_T1,margin_sse,601992,True
2025-06-25,AGGREGATOR|research-node|akshare@1.18.97|stock_margin_detail_sse,2025-06-25,,2026-09-26T08:53:40.891706+00:00,2025-06-26,CONSERVATIVE_T1,margin_sse,688498,True
2025-06-26,AGGREGATOR|research-node|akshare@1.18.97|stock_margin_detail_sse,2025-06-26,,2026-09-26T08:53:45.407674+00:00,2025-06-27,CONSERVATIVE_T1,margin_sse,600196,True
2025-06-26,AGGREGATOR|research-node|akshare@1.18.97|stock_margin_detail_sse,2025-06-26,,2026-09-26T08:53:45.407674+00:00,2025-06-27,CONSERVATIVE_T1,margin_sse,600567,True
2025-06-26,AGGREGATOR|research-node|akshare@1.18.97|stock_margin_detail_sse,2025-06-26,,2026-09-26T08:53:45.407674+00:00,2025-06-27,CONSERVATIVE_T1,margin_sse,600598,True
2025-06-26,AGGREGATOR|research-node|akshare@1.18.97|stock_margin_detail_sse,2025-06-26,,2026-09-26T08:53:45.407674+00:00,2025-06-27,CONSERVATIVE_T1,margin_sse,600694,True
2025-06-26,AGGREGATOR|research-node|akshare@1.18.97|stock_margin_detail_sse,2025-06-26,,2026-09-26T08:53:45.407674+00:00,2025-06-27,CONSERVATIVE_T1,margin_sse,601869,True
2025-06-26,AGGREGATOR|research-node|akshare@1.18.97|stock_margin_detail_sse,2025-06-26,,2026-09-26T08:53:45.407674+00:00,2025-06-27,CONSERVATIVE_T1,margin_sse,601985,True
2025-06-26,AGGREGATOR|research-node|akshare@1.18.97|stock_margin_detail_sse,2025-06-26,,2026-09-26T08:53:45.407674+00:00,2025-06-27,CONSERVATIVE_T1,margin_sse,601992,True
2025-06-26,AGGREGATOR|research-node|akshare@1.18.97|stock_margin_detail_sse,2025-06-26,,2026-09-26T08:53:45.407674+00:00,2025-06-27,CONSERVATIVE_T1,margin_sse,688498,True
2025-06-27,AGGREGATOR|research-node|akshare@1.18.97|stock_margin_detail_sse,2025-06-27,,2026-09-26T08:53:49.873989+00:00,2025-06-30,CONSERVATIVE_T1,margin_sse,600196,True
2025-06-27,AGGREGATOR|research-node|akshare@1.18.97|stock_margin_detail_sse,2025-06-27,,2026-09-26T08:53:49.873989+00:00,2025-06-30,CONSERVATIVE_T1,margin_sse,600567,True
2025-06-27,AGGREGATOR|research-node|akshare@1.18.97|stock_margin_detail_sse,2025-06-27,,2026-09-26T08:53:49.873989+00:00,2025-06-30,CONSERVATIVE_T1,margin_sse,600598,True
2025-06-27,AGGREGATOR|research-node|akshare@1.18.97|stock_margin_detail_sse,2025-06-27,,2026-09-26T08:53:49.873989+00:00,2025-06-30,CONSERVATIVE_T1,margin_sse,600694,True
2025-06-27,AGGREGATOR|research-node|akshare@1.18.97|stock_margin_detail_sse,2025-06-27,,2026-09-26T08:53:49.873989+00:00,2025-06-30,CONSERVATIVE_T1,margin_sse,601869,True
2025-06-27,AGGREGATOR|research-node|akshare@1.18.97|stock_margin_detail_sse,2025-06-27,,2026-09-26T08:53:49.873989+00:00,2025-06-30,CONSERVATIVE_T1,margin_sse,601985,True
2025-06-27,AGGREGATOR|research-node|akshare@1.18.97|stock_margin_detail_sse,2025-06-27,,2026-09-26T08:53:49.873989+00:00,2025-06-30,CONSERVATIVE_T1,margin_sse,601992,True
2025-06-27,AGGREGATOR|research-node|akshare@1.18.97|stock_margin_detail_sse,2025-06-27,,2026-09-26T08:53:49.873989+00:00,2025-06-30,CONSERVATIVE_T1,margin_sse,688498,True
2025-06-30,AGGREGATOR|research-node|akshare@1.18.97|stock_margin_detail_sse,2025-06-30,,2026-09-26T08:53:54.368552+00:00,2025-07-01,CONSERVATIVE_T1,margin_sse,600196,True
2025-06-30,AGGREGATOR|research-node|akshare@1.18.97|stock_margin_detail_sse,2025-06-30,,2026-09-26T08:53:54.368552+00:00,2025-07-01,CONSERVATIVE_T1,margin_sse,600567,True
2025-06-30,AGGREGATOR|research-node|akshare@1.18.97|stock_margin_detail_sse,2025-06-30,,2026-09-26T08:53:54.368552+00:00,2025-07-01,CONSERVATIVE_T1,margin_sse,600598,True
2025-06-30,AGGREGATOR|research-node|akshare@1.18.97|stock_margin_detail_sse,2025-06-30,,2026-09-26T08:53:54.368552+00:00,2025-07-01,CONSERVATIVE_T1,margin_sse,600694,True
2025-06-30,AGGREGATOR|research-node|akshare@1.18.97|stock_margin_detail_sse,2025-06-30,,2026-09-26T08:53:54.368552+00:00,2025-07-01,CONSERVATIVE_T1,margin_sse,601869,True
2025-06-30,AGGREGATOR|research-node|akshare@1.18.97|stock_margin_detail_sse,2025-06-30,,2026-09-26T08:53:54.368552+00:00,2025-07-01,CONSERVATIVE_T1,margin_sse,601985,True
2025-06-30,AGGREGATOR|research-node|akshare@1.18.97|stock_margin_detail_sse,2025-06-30,,2026-09-26T08:53:54.368552+00:00,2025-07-01,CONSERVATIVE_T1,margin_sse,601992,True
2025-06-30,AGGREGATOR|research-node|akshare@1.18.97|stock_margin_detail_sse,2025-06-30,,2026-09-26T08:53:54.368552+00:00,2025-07-01,CONSERVATIVE_T1,margin_sse,688498,True
2025-01-02,AGGREGATOR|research-node|akshare@1.18.97|stock_margin_detail_szse,,,2026-09-26T08:53:57.100835+00:00,2025-01-03,CONSERVATIVE_T1,margin_szse,000078,True
2025-01-02,AGGREGATOR|research-node|akshare@1.18.97|stock_margin_detail_szse,,,2026-09-26T08:53:57.100835+00:00,2025-01-03,CONSERVATIVE_T1,margin_szse,000685,True
2025-01-02,AGGREGATOR|research-node|akshare@1.18.97|stock_margin_detail_szse,,,2026-09-26T08:53:57.100835+00:00,2025-01-03,CONSERVATIVE_T1,margin_szse,000825,True
2025-01-02,AGGREGATOR|research-node|akshare@1.18.97|stock_margin_detail_szse,,,2026-09-26T08:53:57.100835+00:00,2025-01-03,CONSERVATIVE_T1,margin_szse,002185,True
2025-01-02,AGGREGATOR|research-node|akshare@1.18.97|stock_margin_detail_szse,,,2026-09-26T08:53:57.100835+00:00,2025-01-03,CONSERVATIVE_T1,margin_szse,002440,True
2025-01-02,AGGREGATOR|research-node|akshare@1.18.97|stock_margin_detail_szse,,,2026-09-26T08:53:57.100835+00:00,2025-01-03,CONSERVATIVE_T1,margin_szse,300059,True
2025-01-02,AGGREGATOR|research-node|akshare@1.18.97|stock_margin_detail_szse,,,2026-09-26T08:53:57.100835+00:00,2025-01-03,CONSERVATIVE_T1,margin_szse,300147,True
2025-01-02,AGGREGATOR|research-node|akshare@1.18.97|stock_margin_detail_szse,,,2026-09-26T08:53:57.100835+00:00,2025-01-03,CONSERVATIVE_T1,margin_szse,300342,True
2025-01-02,AGGREGATOR|research-node|akshare@1.18.97|stock_margin_detail_szse,,,2026-09-26T08:53:57.100835+00:00,2025-01-03,CONSERVATIVE_T1,margin_szse,301297,True
2025-01-02,AGGREGATOR|research-node|akshare@1.18.97|stock_margin_detail_szse,,,2026-09-26T08:53:57.100835+00:00,2025-01-03,CONSERVATIVE_T1,margin_szse,301357,True
2025-01-03,AGGREGATOR|research-node|akshare@1.18.97|stock_margin_detail_szse,,,2026-09-26T08:53:59.234852+00:00,2025-01-06,CONSERVATIVE_T1,margin_szse,000078,True
2025-01-03,AGGREGATOR|research-node|akshare@1.18.97|stock_margin_detail_szse,,,2026-09-26T08:53:59.234852+00:00,2025-01-06,CONSERVATIVE_T1,margin_szse,000685,True
2025-01-03,AGGREGATOR|research-node|akshare@1.18.97|stock_margin_detail_szse,,,2026-09-26T08:53:59.234852+00:00,2025-01-06,CONSERVATIVE_T1,margin_szse,000825,True
2025-01-03,AGGREGATOR|research-node|akshare@1.18.97|stock_margin_detail_szse,,,2026-09-26T08:53:59.234852+00:00,2025-01-06,CONSERVATIVE_T1,margin_szse,002185,True
2025-01-03,AGGREGATOR|research-node|akshare@1.18.97|stock_margin_detail_szse,,,2026-09-26T08:53:59.234852+00:00,2025-01-06,CONSERVATIVE_T1,margin_szse,002440,True
2025-01-03,AGGREGATOR|research-node|akshare@1.18.97|stock_margin_detail_szse,,,2026-09-26T08:53:59.234852+00:00,2025-01-06,CONSERVATIVE_T1,margin_szse,300147,True
2025-01-03,AGGREGATOR|research-node|akshare@1.18.97|stock_margin_detail_szse,,,2026-09-26T08:53:59.234852+00:00,2025-01-06,CONSERVATIVE_T1,margin_szse,300342,True
2025-01-03,AGGREGATOR|research-node|akshare@1.18.97|stock_margin_detail_szse,,,2026-09-26T08:53:59.234852+00:00,2025-01-06,CONSERVATIVE_T1,margin_szse,301297,True
2025-01-03,AGGREGATOR|research-node|akshare@1.18.97|stock_margin_detail_szse,,,2026-09-26T08:53:59.234852+00:00,2025-01-06,CONSERVATIVE_T1,margin_szse,301357,True
2025-01-06,AGGREGATOR|research-node|akshare@1.18.97|stock_margin_detail_szse,,,2026-09-26T08:54:01.496387+00:00,2025-01-07,CONSERVATIVE_T1,margin_szse,000078,True
2025-01-06,AGGREGATOR|research-node|akshare@1.18.97|stock_margin_detail_szse,,,2026-09-26T08:54:01.496387+00:00,2025-01-07,CONSERVATIVE_T1,margin_szse,000685,True
2025-01-06,AGGREGATOR|research-node|akshare@1.18.97|stock_margin_detail_szse,,,2026-09-26T08:54:01.496387+00:00,2025-01-07,CONSERVATIVE_T1,margin_szse,000825,True
2025-01-06,AGGREGATOR|research-node|akshare@1.18.97|stock_margin_detail_szse,,,2026-09-26T08:54:01.496387+00:00,2025-01-07,CONSERVATIVE_T1,margin_szse,002185,True
2025-01-06,AGGREGATOR|research-node|akshare@1.18.97|stock_margin_detail_szse,,,2026-09-26T08:54:01.496387+00:00,2025-01-07,CONSERVATIVE_T1,margin_szse,002440,True
2025-01-06,AGGREGATOR|research-node|akshare@1.18.97|stock_margin_detail_szse,,,2026-09-26T08:54:01.496387+00:00,2025-01-07,CONSERVATIVE_T1,margin_szse,300147,True
2025-01-06,AGGREGATOR|research-node|akshare@1.18.97|stock_margin_detail_szse,,,2026-09-26T08:54:01.496387+00:00,2025-01-07,CONSERVATIVE_T1,margin_szse,300342,True
2025-01-06,AGGREGATOR|research-node|akshare@1.18.97|stock_margin_detail_szse,,,2026-09-26T08:54:01.496387+00:00,2025-01-07,CONSERVATIVE_T1,margin_szse,301297,True
2025-01-06,AGGREGATOR|research-node|akshare@1.18.97|stock_margin_detail_szse,,,2026-09-26T08:54:01.496387+00:00,2025-01-07,CONSERVATIVE_T1,margin_szse,301357,True
2025-01-07,AGGREGATOR|research-node|akshare@1.18.97|stock_margin_detail_szse,,,2026-09-26T08:54:03.674956+00:00,2025-01-08,CONSERVATIVE_T1,margin_szse,000078,True
2025-01-07,AGGREGATOR|research-node|akshare@1.18.97|stock_margin_detail_szse,,,2026-09-26T08:54:03.674956+00:00,2025-01-08,CONSERVATIVE_T1,margin_szse,000685,True
2025-01-07,AGGREGATOR|research-node|akshare@1.18.97|stock_margin_detail_szse,,,2026-09-26T08:54:03.674956+00:00,2025-01-08,CONSERVATIVE_T1,margin_szse,000825,True
2025-01-07,AGGREGATOR|research-node|akshare@1.18.97|stock_margin_detail_szse,,,2026-09-26T08:54:03.674956+00:00,2025-01-08,CONSERVATIVE_T1,margin_szse,002185,True
2025-01-07,AGGREGATOR|research-node|akshare@1.18.97|stock_margin_detail_szse,,,2026-09-26T08:54:03.674956+00:00,2025-01-08,CONSERVATIVE_T1,margin_szse,002440,True
2025-01-07,AGGREGATOR|research-node|akshare@1.18.97|stock_margin_detail_szse,,,2026-09-26T08:54:03.674956+00:00,2025-01-08,CONSERVATIVE_T1,margin_szse,300147,True
2025-01-07,AGGREGATOR|research-node|akshare@1.18.97|stock_margin_detail_szse,,,2026-09-26T08:54:03.674956+00:00,2025-01-08,CONSERVATIVE_T1,margin_szse,300342,True
2025-01-07,AGGREGATOR|research-node|akshare@1.18.97|stock_margin_detail_szse,,,2026-09-26T08:54:03.674956+00:00,2025-01-08,CONSERVATIVE_T1,margin_szse,301297,True
2025-01-07,AGGREGATOR|research-node|akshare@1.18.97|stock_margin_detail_szse,,,2026-09-26T08:54:03.674956+00:00,2025-01-08,CONSERVATIVE_T1,margin_szse,301357,True
2025-01-08,AGGREGATOR|research-node|akshare@1.18.97|stock_margin_detail_szse,,,2026-09-26T08:54:05.836570+00:00,2025-01-09,CONSERVATIVE_T1,margin_szse,000078,True
2025-01-08,AGGREGATOR|research-node|akshare@1.18.97|stock_margin_detail_szse,,,2026-09-26T08:54:05.836570+00:00,2025-01-09,CONSERVATIVE_T1,margin_szse,000685,True
2025-01-08,AGGREGATOR|research-node|akshare@1.18.97|stock_margin_detail_szse,,,2026-09-26T08:54:05.836570+00:00,2025-01-09,CONSERVATIVE_T1,margin_szse,000825,True
2025-01-08,AGGREGATOR|research-node|akshare@1.18.97|stock_margin_detail_szse,,,2026-09-26T08:54:05.836570+00:00,2025-01-09,CONSERVATIVE_T1,margin_szse,002185,True
2025-01-08,AGGREGATOR|research-node|akshare@1.18.97|stock_margin_detail_szse,,,2026-09-26T08:54:05.836570+00:00,2025-01-09,CONSERVATIVE_T1,margin_szse,002440,True
2025-01-08,AGGREGATOR|research-node|akshare@1.18.97|stock_margin_detail_szse,,,2026-09-26T08:54:05.836570+00:00,2025-01-09,CONSERVATIVE_T1,margin_szse,300147,True
2025-01-08,AGGREGATOR|research-node|akshare@1.18.97|stock_margin_detail_szse,,,2026-09-26T08:54:05.836570+00:00,2025-01-09,CONSERVATIVE_T1,margin_szse,300342,True
2025-01-08,AGGREGATOR|research-node|akshare@1.18.97|stock_margin_detail_szse,,,2026-09-26T08:54:05.836570+00:00,2025-01-09,CONSERVATIVE_T1,margin_szse,301297,True
2025-01-08,AGGREGATOR|research-node|akshare@1.18.97|stock_margin_detail_szse,,,2026-09-26T08:54:05.836570+00:00,2025-01-09,CONSERVATIVE_T1,margin_szse,301357,True
2025-01-09,AGGREGATOR|research-node|akshare@1.18.97|stock_margin_detail_szse,,,2026-09-26T08:54:08.094838+00:00,2025-01-10,CONSERVATIVE_T1,margin_szse,000078,True
2025-01-09,AGGREGATOR|research-node|akshare@1.18.97|stock_margin_detail_szse,,,2026-09-26T08:54:08.094838+00:00,2025-01-10,CONSERVATIVE_T1,margin_szse,000685,True
2025-01-09,AGGREGATOR|research-node|akshare@1.18.97|stock_margin_detail_szse,,,2026-09-26T08:54:08.094838+00:00,2025-01-10,CONSERVATIVE_T1,margin_szse,000825,True
2025-01-09,AGGREGATOR|research-node|akshare@1.18.97|stock_margin_detail_szse,,,2026-09-26T08:54:08.094838+00:00,2025-01-10,CONSERVATIVE_T1,margin_szse,002185,True
2025-01-09,AGGREGATOR|research-node|akshare@1.18.97|stock_margin_detail_szse,,,2026-09-26T08:54:08.094838+00:00,2025-01-10,CONSERVATIVE_T1,margin_szse,002440,True
2025-01-09,AGGREGATOR|research-node|akshare@1.18.97|stock_margin_detail_szse,,,2026-09-26T08:54:08.094838+00:00,2025-01-10,CONSERVATIVE_T1,margin_szse,300147,True
2025-01-09,AGGREGATOR|research-node|akshare@1.18.97|stock_margin_detail_szse,,,2026-09-26T08:54:08.094838+00:00,2025-01-10,CONSERVATIVE_T1,margin_szse,300342,True
2025-01-09,AGGREGATOR|research-node|akshare@1.18.97|stock_margin_detail_szse,,,2026-09-26T08:54:08.094838+00:00,2025-01-10,CONSERVATIVE_T1,margin_szse,301297,True
2025-01-09,AGGREGATOR|research-node|akshare@1.18.97|stock_margin_detail_szse,,,2026-09-26T08:54:08.094838+00:00,2025-01-10,CONSERVATIVE_T1,margin_szse,301357,True
2025-01-10,AGGREGATOR|research-node|akshare@1.18.97|stock_margin_detail_szse,,,2026-09-26T08:54:10.278480+00:00,2025-01-13,CONSERVATIVE_T1,margin_szse,000078,True
2025-01-10,AGGREGATOR|research-node|akshare@1.18.97|stock_margin_detail_szse,,,2026-09-26T08:54:10.278480+00:00,2025-01-13,CONSERVATIVE_T1,margin_szse,000685,True
2025-01-10,AGGREGATOR|research-node|akshare@1.18.97|stock_margin_detail_szse,,,2026-09-26T08:54:10.278480+00:00,2025-01-13,CONSERVATIVE_T1,margin_szse,000825,True
2025-01-10,AGGREGATOR|research-node|akshare@1.18.97|stock_margin_detail_szse,,,2026-09-26T08:54:10.278480+00:00,2025-01-13,CONSERVATIVE_T1,margin_szse,002185,True
2025-01-10,AGGREGATOR|research-node|akshare@1.18.97|stock_margin_detail_szse,,,2026-09-26T08:54:10.278480+00:00,2025-01-13,CONSERVATIVE_T1,margin_szse,002440,True
2025-01-10,AGGREGATOR|research-node|akshare@1.18.97|stock_margin_detail_szse,,,2026-09-26T08:54:10.278480+00:00,2025-01-13,CONSERVATIVE_T1,margin_szse,300147,True
2025-01-10,AGGREGATOR|research-node|akshare@1.18.97|stock_margin_detail_szse,,,2026-09-26T08:54:10.278480+00:00,2025-01-13,CONSERVATIVE_T1,margin_szse,300342,True
2025-01-10,AGGREGATOR|research-node|akshare@1.18.97|stock_margin_detail_szse,,,2026-09-26T08:54:10.278480+00:00,2025-01-13,CONSERVATIVE_T1,margin_szse,301297,True
2025-01-10,AGGREGATOR|research-node|akshare@1.18.97|stock_margin_detail_szse,,,2026-09-26T08:54:10.278480+00:00,2025-01-13,CONSERVATIVE_T1,margin_szse,301357,True
2025-01-13,AGGREGATOR|research-node|akshare@1.18.97|stock_margin_detail_szse,,,2026-09-26T08:54:12.622932+00:00,2025-01-14,CONSERVATIVE_T1,margin_szse,000078,True
2025-01-13,AGGREGATOR|research-node|akshare@1.18.97|stock_margin_detail_szse,,,2026-09-26T08:54:12.622932+00:00,2025-01-14,CONSERVATIVE_T1,margin_szse,000685,True
2025-01-13,AGGREGATOR|research-node|akshare@1.18.97|stock_margin_detail_szse,,,2026-09-26T08:54:12.622932+00:00,2025-01-14,CONSERVATIVE_T1,margin_szse,000825,True
2025-01-13,AGGREGATOR|research-node|akshare@1.18.97|stock_margin_detail_szse,,,2026-09-26T08:54:12.622932+00:00,2025-01-14,CONSERVATIVE_T1,margin_szse,002185,True
2025-01-13,AGGREGATOR|research-node|akshare@1.18.97|stock_margin_detail_szse,,,2026-09-26T08:54:12.622932+00:00,2025-01-14,CONSERVATIVE_T1,margin_szse,002440,True
2025-01-13,AGGREGATOR|research-node|akshare@1.18.97|stock_margin_detail_szse,,,2026-09-26T08:54:12.622932+00:00,2025-01-14,CONSERVATIVE_T1,margin_szse,300147,True
2025-01-13,AGGREGATOR|research-node|akshare@1.18.97|stock_margin_detail_szse,,,2026-09-26T08:54:12.622932+00:00,2025-01-14,CONSERVATIVE_T1,margin_szse,300342,True
2025-01-13,AGGREGATOR|research-node|akshare@1.18.97|stock_margin_detail_szse,,,2026-09-26T08:54:12.622932+00:00,2025-01-14,CONSERVATIVE_T1,margin_szse,301297,True
2025-01-13,AGGREGATOR|research-node|akshare@1.18.97|stock_margin_detail_szse,,,2026-09-26T08:54:12.622932+00:00,2025-01-14,CONSERVATIVE_T1,margin_szse,301357,True
2025-01-14,AGGREGATOR|research-node|akshare@1.18.97|stock_margin_detail_szse,,,2026-09-26T08:54:14.979029+00:00,2025-01-15,CONSERVATIVE_T1,margin_szse,000078,True
2025-01-14,AGGREGATOR|research-node|akshare@1.18.97|stock_margin_detail_szse,,,2026-09-26T08:54:14.979029+00:00,2025-01-15,CONSERVATIVE_T1,margin_szse,000685,True
2025-01-14,AGGREGATOR|research-node|akshare@1.18.97|stock_margin_detail_szse,,,2026-09-26T08:54:14.979029+00:00,2025-01-15,CONSERVATIVE_T1,margin_szse,000825,True
2025-01-14,AGGREGATOR|research-node|akshare@1.18.97|stock_margin_detail_szse,,,2026-09-26T08:54:14.979029+00:00,2025-01-15,CONSERVATIVE_T1,margin_szse,002185,True
2025-01-14,AGGREGATOR|research-node|akshare@1.18.97|stock_margin_detail_szse,,,2026-09-26T08:54:14.979029+00:00,2025-01-15,CONSERVATIVE_T1,margin_szse,002440,True
2025-01-14,AGGREGATOR|research-node|akshare@1.18.97|stock_margin_detail_szse,,,2026-09-26T08:54:14.979029+00:00,2025-01-15,CONSERVATIVE_T1,margin_szse,300147,True
2025-01-14,AGGREGATOR|research-node|akshare@1.18.97|stock_margin_detail_szse,,,2026-09-26T08:54:14.979029+00:00,2025-01-15,CONSERVATIVE_T1,margin_szse,300342,True
2025-01-14,AGGREGATOR|research-node|akshare@1.18.97|stock_margin_detail_szse,,,2026-09-26T08:54:14.979029+00:00,2025-01-15,CONSERVATIVE_T1,margin_szse,301297,True
2025-01-14,AGGREGATOR|research-node|akshare@1.18.97|stock_margin_detail_szse,,,2026-09-26T08:54:14.979029+00:00,2025-01-15,CONSERVATIVE_T1,margin_szse,301357,True
2025-01-15,AGGREGATOR|research-node|akshare@1.18.97|stock_margin_detail_szse,,,2026-09-26T08:54:17.151426+00:00,2025-01-16,CONSERVATIVE_T1,margin_szse,000078,True
2025-01-15,AGGREGATOR|research-node|akshare@1.18.97|stock_margin_detail_szse,,,2026-09-26T08:54:17.151426+00:00,2025-01-16,CONSERVATIVE_T1,margin_szse,000685,True
2025-01-15,AGGREGATOR|research-node|akshare@1.18.97|stock_margin_detail_szse,,,2026-09-26T08:54:17.151426+00:00,2025-01-16,CONSERVATIVE_T1,margin_szse,000825,True
2025-01-15,AGGREGATOR|research-node|akshare@1.18.97|stock_margin_detail_szse,,,2026-09-26T08:54:17.151426+00:00,2025-01-16,CONSERVATIVE_T1,margin_szse,002185,True
2025-01-15,AGGREGATOR|research-node|akshare@1.18.97|stock_margin_detail_szse,,,2026-09-26T08:54:17.151426+00:00,2025-01-16,CONSERVATIVE_T1,margin_szse,002440,True
2025-01-15,AGGREGATOR|research-node|akshare@1.18.97|stock_margin_detail_szse,,,2026-09-26T08:54:17.151426+00:00,2025-01-16,CONSERVATIVE_T1,margin_szse,300147,True
2025-01-15,AGGREGATOR|research-node|akshare@1.18.97|stock_margin_detail_szse,,,2026-09-26T08:54:17.151426+00:00,2025-01-16,CONSERVATIVE_T1,margin_szse,300342,True
2025-01-15,AGGREGATOR|research-node|akshare@1.18.97|stock_margin_detail_szse,,,2026-09-26T08:54:17.151426+00:00,2025-01-16,CONSERVATIVE_T1,margin_szse,301297,True
2025-01-15,AGGREGATOR|research-node|akshare@1.18.97|stock_margin_detail_szse,,,2026-09-26T08:54:17.151426+00:00,2025-01-16,CONSERVATIVE_T1,margin_szse,301357,True
2025-01-16,AGGREGATOR|research-node|akshare@1.18.97|stock_margin_detail_szse,,,2026-09-26T08:54:19.553575+00:00,2025-01-17,CONSERVATIVE_T1,margin_szse,000078,True
2025-01-16,AGGREGATOR|research-node|akshare@1.18.97|stock_margin_detail_szse,,,2026-09-26T08:54:19.553575+00:00,2025-01-17,CONSERVATIVE_T1,margin_szse,000685,True
2025-01-16,AGGREGATOR|research-node|akshare@1.18.97|stock_margin_detail_szse,,,2026-09-26T08:54:19.553575+00:00,2025-01-17,CONSERVATIVE_T1,margin_szse,000825,True
2025-01-16,AGGREGATOR|research-node|akshare@1.18.97|stock_margin_detail_szse,,,2026-09-26T08:54:19.553575+00:00,2025-01-17,CONSERVATIVE_T1,margin_szse,002185,True
2025-01-16,AGGREGATOR|research-node|akshare@1.18.97|stock_margin_detail_szse,,,2026-09-26T08:54:19.553575+00:00,2025-01-17,CONSERVATIVE_T1,margin_szse,002440,True
2025-01-16,AGGREGATOR|research-node|akshare@1.18.97|stock_margin_detail_szse,,,2026-09-26T08:54:19.553575+00:00,2025-01-17,CONSERVATIVE_T1,margin_szse,300147,True
2025-01-16,AGGREGATOR|research-node|akshare@1.18.97|stock_margin_detail_szse,,,2026-09-26T08:54:19.553575+00:00,2025-01-17,CONSERVATIVE_T1,margin_szse,300342,True
2025-01-16,AGGREGATOR|research-node|akshare@1.18.97|stock_margin_detail_szse,,,2026-09-26T08:54:19.553575+00:00,2025-01-17,CONSERVATIVE_T1,margin_szse,301297,True
2025-01-16,AGGREGATOR|research-node|akshare@1.18.97|stock_margin_detail_szse,,,2026-09-26T08:54:19.553575+00:00,2025-01-17,CONSERVATIVE_T1,margin_szse,301357,True
2025-01-17,AGGREGATOR|research-node|akshare@1.18.97|stock_margin_detail_szse,,,2026-09-26T08:54:21.856587+00:00,2025-01-20,CONSERVATIVE_T1,margin_szse,000078,True
2025-01-17,AGGREGATOR|research-node|akshare@1.18.97|stock_margin_detail_szse,,,2026-09-26T08:54:21.856587+00:00,2025-01-20,CONSERVATIVE_T1,margin_szse,000685,True
2025-01-17,AGGREGATOR|research-node|akshare@1.18.97|stock_margin_detail_szse,,,2026-09-26T08:54:21.856587+00:00,2025-01-20,CONSERVATIVE_T1,margin_szse,000825,True
2025-01-17,AGGREGATOR|research-node|akshare@1.18.97|stock_margin_detail_szse,,,2026-09-26T08:54:21.856587+00:00,2025-01-20,CONSERVATIVE_T1,margin_szse,002185,True
2025-01-17,AGGREGATOR|research-node|akshare@1.18.97|stock_margin_detail_szse,,,2026-09-26T08:54:21.856587+00:00,2025-01-20,CONSERVATIVE_T1,margin_szse,002440,True
2025-01-17,AGGREGATOR|research-node|akshare@1.18.97|stock_margin_detail_szse,,,2026-09-26T08:54:21.856587+00:00,2025-01-20,CONSERVATIVE_T1,margin_szse,300147,True
2025-01-17,AGGREGATOR|research-node|akshare@1.18.97|stock_margin_detail_szse,,,2026-09-26T08:54:21.856587+00:00,2025-01-20,CONSERVATIVE_T1,margin_szse,300342,True
2025-01-17,AGGREGATOR|research-node|akshare@1.18.97|stock_margin_detail_szse,,,2026-09-26T08:54:21.856587+00:00,2025-01-20,CONSERVATIVE_T1,margin_szse,301297,True
2025-01-17,AGGREGATOR|research-node|akshare@1.18.97|stock_margin_detail_szse,,,2026-09-26T08:54:21.856587+00:00,2025-01-20,CONSERVATIVE_T1,margin_szse,301357,True
2025-01-20,AGGREGATOR|research-node|akshare@1.18.97|stock_margin_detail_szse,,,2026-09-26T08:54:24.047145+00:00,2025-01-21,CONSERVATIVE_T1,margin_szse,000078,True
2025-01-20,AGGREGATOR|research-node|akshare@1.18.97|stock_margin_detail_szse,,,2026-09-26T08:54:24.047145+00:00,2025-01-21,CONSERVATIVE_T1,margin_szse,000685,True
2025-01-20,AGGREGATOR|research-node|akshare@1.18.97|stock_margin_detail_szse,,,2026-09-26T08:54:24.047145+00:00,2025-01-21,CONSERVATIVE_T1,margin_szse,000825,True
2025-01-20,AGGREGATOR|research-node|akshare@1.18.97|stock_margin_detail_szse,,,2026-09-26T08:54:24.047145+00:00,2025-01-21,CONSERVATIVE_T1,margin_szse,002185,True
2025-01-20,AGGREGATOR|research-node|akshare@1.18.97|stock_margin_detail_szse,,,2026-09-26T08:54:24.047145+00:00,2025-01-21,CONSERVATIVE_T1,margin_szse,002440,True
2025-01-20,AGGREGATOR|research-node|akshare@1.18.97|stock_margin_detail_szse,,,2026-09-26T08:54:24.047145+00:00,2025-01-21,CONSERVATIVE_T1,margin_szse,300147,True
2025-01-20,AGGREGATOR|research-node|akshare@1.18.97|stock_margin_detail_szse,,,2026-09-26T08:54:24.047145+00:00,2025-01-21,CONSERVATIVE_T1,margin_szse,300342,True
2025-01-20,AGGREGATOR|research-node|akshare@1.18.97|stock_margin_detail_szse,,,2026-09-26T08:54:24.047145+00:00,2025-01-21,CONSERVATIVE_T1,margin_szse,301297,True
2025-01-20,AGGREGATOR|research-node|akshare@1.18.97|stock_margin_detail_szse,,,2026-09-26T08:54:24.047145+00:00,2025-01-21,CONSERVATIVE_T1,margin_szse,301357,True
2025-01-21,AGGREGATOR|research-node|akshare@1.18.97|stock_margin_detail_szse,,,2026-09-26T08:54:26.397600+00:00,2025-01-22,CONSERVATIVE_T1,margin_szse,000078,True
2025-01-21,AGGREGATOR|research-node|akshare@1.18.97|stock_margin_detail_szse,,,2026-09-26T08:54:26.397600+00:00,2025-01-22,CONSERVATIVE_T1,margin_szse,000685,True
2025-01-21,AGGREGATOR|research-node|akshare@1.18.97|stock_margin_detail_szse,,,2026-09-26T08:54:26.397600+00:00,2025-01-22,CONSERVATIVE_T1,margin_szse,000825,True
2025-01-21,AGGREGATOR|research-node|akshare@1.18.97|stock_margin_detail_szse,,,2026-09-26T08:54:26.397600+00:00,2025-01-22,CONSERVATIVE_T1,margin_szse,002185,True
2025-01-21,AGGREGATOR|research-node|akshare@1.18.97|stock_margin_detail_szse,,,2026-09-26T08:54:26.397600+00:00,2025-01-22,CONSERVATIVE_T1,margin_szse,002440,True
2025-01-21,AGGREGATOR|research-node|akshare@1.18.97|stock_margin_detail_szse,,,2026-09-26T08:54:26.397600+00:00,2025-01-22,CONSERVATIVE_T1,margin_szse,300147,True
2025-01-21,AGGREGATOR|research-node|akshare@1.18.97|stock_margin_detail_szse,,,2026-09-26T08:54:26.397600+00:00,2025-01-22,CONSERVATIVE_T1,margin_szse,300342,True
2025-01-21,AGGREGATOR|research-node|akshare@1.18.97|stock_margin_detail_szse,,,2026-09-26T08:54:26.397600+00:00,2025-01-22,CONSERVATIVE_T1,margin_szse,301297,True
2025-01-21,AGGREGATOR|research-node|akshare@1.18.97|stock_margin_detail_szse,,,2026-09-26T08:54:26.397600+00:00,2025-01-22,CONSERVATIVE_T1,margin_szse,301357,True
2025-01-22,AGGREGATOR|research-node|akshare@1.18.97|stock_margin_detail_szse,,,2026-09-26T08:54:28.628063+00:00,2025-01-23,CONSERVATIVE_T1,margin_szse,000078,True
2025-01-22,AGGREGATOR|research-node|akshare@1.18.97|stock_margin_detail_szse,,,2026-09-26T08:54:28.628063+00:00,2025-01-23,CONSERVATIVE_T1,margin_szse,000685,True
2025-01-22,AGGREGATOR|research-node|akshare@1.18.97|stock_margin_detail_szse,,,2026-09-26T08:54:28.628063+00:00,2025-01-23,CONSERVATIVE_T1,margin_szse,000825,True
2025-01-22,AGGREGATOR|research-node|akshare@1.18.97|stock_margin_detail_szse,,,2026-09-26T08:54:28.628063+00:00,2025-01-23,CONSERVATIVE_T1,margin_szse,002185,True
2025-01-22,AGGREGATOR|research-node|akshare@1.18.97|stock_margin_detail_szse,,,2026-09-26T08:54:28.628063+00:00,2025-01-23,CONSERVATIVE_T1,margin_szse,002440,True
2025-01-22,AGGREGATOR|research-node|akshare@1.18.97|stock_margin_detail_szse,,,2026-09-26T08:54:28.628063+00:00,2025-01-23,CONSERVATIVE_T1,margin_szse,300147,True
2025-01-22,AGGREGATOR|research-node|akshare@1.18.97|stock_margin_detail_szse,,,2026-09-26T08:54:28.628063+00:00,2025-01-23,CONSERVATIVE_T1,margin_szse,300342,True
2025-01-22,AGGREGATOR|research-node|akshare@1.18.97|stock_margin_detail_szse,,,2026-09-26T08:54:28.628063+00:00,2025-01-23,CONSERVATIVE_T1,margin_szse,301297,True
2025-01-22,AGGREGATOR|research-node|akshare@1.18.97|stock_margin_detail_szse,,,2026-09-26T08:54:28.628063+00:00,2025-01-23,CONSERVATIVE_T1,margin_szse,301357,True
2025-01-23,AGGREGATOR|research-node|akshare@1.18.97|stock_margin_detail_szse,,,2026-09-26T08:54:31.030191+00:00,2025-01-24,CONSERVATIVE_T1,margin_szse,000078,True
2025-01-23,AGGREGATOR|research-node|akshare@1.18.97|stock_margin_detail_szse,,,2026-09-26T08:54:31.030191+00:00,2025-01-24,CONSERVATIVE_T1,margin_szse,000685,True
2025-01-23,AGGREGATOR|research-node|akshare@1.18.97|stock_margin_detail_szse,,,2026-09-26T08:54:31.030191+00:00,2025-01-24,CONSERVATIVE_T1,margin_szse,000825,True
2025-01-23,AGGREGATOR|research-node|akshare@1.18.97|stock_margin_detail_szse,,,2026-09-26T08:54:31.030191+00:00,2025-01-24,CONSERVATIVE_T1,margin_szse,002185,True
2025-01-23,AGGREGATOR|research-node|akshare@1.18.97|stock_margin_detail_szse,,,2026-09-26T08:54:31.030191+00:00,2025-01-24,CONSERVATIVE_T1,margin_szse,002440,True
2025-01-23,AGGREGATOR|research-node|akshare@1.18.97|stock_margin_detail_szse,,,2026-09-26T08:54:31.030191+00:00,2025-01-24,CONSERVATIVE_T1,margin_szse,300147,True
2025-01-23,AGGREGATOR|research-node|akshare@1.18.97|stock_margin_detail_szse,,,2026-09-26T08:54:31.030191+00:00,2025-01-24,CONSERVATIVE_T1,margin_szse,300342,True
2025-01-23,AGGREGATOR|research-node|akshare@1.18.97|stock_margin_detail_szse,,,2026-09-26T08:54:31.030191+00:00,2025-01-24,CONSERVATIVE_T1,margin_szse,301297,True
2025-01-23,AGGREGATOR|research-node|akshare@1.18.97|stock_margin_detail_szse,,,2026-09-26T08:54:31.030191+00:00,2025-01-24,CONSERVATIVE_T1,margin_szse,301357,True
2025-01-24,AGGREGATOR|research-node|akshare@1.18.97|stock_margin_detail_szse,,,2026-09-26T08:54:33.227965+00:00,2025-01-27,CONSERVATIVE_T1,margin_szse,000078,True
2025-01-24,AGGREGATOR|research-node|akshare@1.18.97|stock_margin_detail_szse,,,2026-09-26T08:54:33.227965+00:00,2025-01-27,CONSERVATIVE_T1,margin_szse,000685,True
2025-01-24,AGGREGATOR|research-node|akshare@1.18.97|stock_margin_detail_szse,,,2026-09-26T08:54:33.227965+00:00,2025-01-27,CONSERVATIVE_T1,margin_szse,000825,True
2025-01-24,AGGREGATOR|research-node|akshare@1.18.97|stock_margin_detail_szse,,,2026-09-26T08:54:33.227965+00:00,2025-01-27,CONSERVATIVE_T1,margin_szse,002185,True
2025-01-24,AGGREGATOR|research-node|akshare@1.18.97|stock_margin_detail_szse,,,2026-09-26T08:54:33.227965+00:00,2025-01-27,CONSERVATIVE_T1,margin_szse,002440,True
2025-01-24,AGGREGATOR|research-node|akshare@1.18.97|stock_margin_detail_szse,,,2026-09-26T08:54:33.227965+00:00,2025-01-27,CONSERVATIVE_T1,margin_szse,300147,True
2025-01-24,AGGREGATOR|research-node|akshare@1.18.97|stock_margin_detail_szse,,,2026-09-26T08:54:33.227965+00:00,2025-01-27,CONSERVATIVE_T1,margin_szse,300342,True
2025-01-24,AGGREGATOR|research-node|akshare@1.18.97|stock_margin_detail_szse,,,2026-09-26T08:54:33.227965+00:00,2025-01-27,CONSERVATIVE_T1,margin_szse,301297,True
2025-01-24,AGGREGATOR|research-node|akshare@1.18.97|stock_margin_detail_szse,,,2026-09-26T08:54:33.227965+00:00,2025-01-27,CONSERVATIVE_T1,margin_szse,301357,True
2025-01-27,AGGREGATOR|research-node|akshare@1.18.97|stock_margin_detail_szse,,,2026-09-26T08:54:35.547748+00:00,2025-02-05,CONSERVATIVE_T1,margin_szse,000078,True
2025-01-27,AGGREGATOR|research-node|akshare@1.18.97|stock_margin_detail_szse,,,2026-09-26T08:54:35.547748+00:00,2025-02-05,CONSERVATIVE_T1,margin_szse,000685,True
2025-01-27,AGGREGATOR|research-node|akshare@1.18.97|stock_margin_detail_szse,,,2026-09-26T08:54:35.547748+00:00,2025-02-05,CONSERVATIVE_T1,margin_szse,000825,True
2025-01-27,AGGREGATOR|research-node|akshare@1.18.97|stock_margin_detail_szse,,,2026-09-26T08:54:35.547748+00:00,2025-02-05,CONSERVATIVE_T1,margin_szse,002185,True
2025-01-27,AGGREGATOR|research-node|akshare@1.18.97|stock_margin_detail_szse,,,2026-09-26T08:54:35.547748+00:00,2025-02-05,CONSERVATIVE_T1,margin_szse,002440,True
2025-01-27,AGGREGATOR|research-node|akshare@1.18.97|stock_margin_detail_szse,,,2026-09-26T08:54:35.547748+00:00,2025-02-05,CONSERVATIVE_T1,margin_szse,300147,True
2025-01-27,AGGREGATOR|research-node|akshare@1.18.97|stock_margin_detail_szse,,,2026-09-26T08:54:35.547748+00:00,2025-02-05,CONSERVATIVE_T1,margin_szse,300342,True
2025-01-27,AGGREGATOR|research-node|akshare@1.18.97|stock_margin_detail_szse,,,2026-09-26T08:54:35.547748+00:00,2025-02-05,CONSERVATIVE_T1,margin_szse,301297,True
2025-01-27,AGGREGATOR|research-node|akshare@1.18.97|stock_margin_detail_szse,,,2026-09-26T08:54:35.547748+00:00,2025-02-05,CONSERVATIVE_T1,margin_szse,301357,True
2025-02-05,AGGREGATOR|research-node|akshare@1.18.97|stock_margin_detail_szse,,,2026-09-26T08:54:37.823602+00:00,2025-02-06,CONSERVATIVE_T1,margin_szse,000078,True
2025-02-05,AGGREGATOR|research-node|akshare@1.18.97|stock_margin_detail_szse,,,2026-09-26T08:54:37.823602+00:00,2025-02-06,CONSERVATIVE_T1,margin_szse,000685,True
2025-02-05,AGGREGATOR|research-node|akshare@1.18.97|stock_margin_detail_szse,,,2026-09-26T08:54:37.823602+00:00,2025-02-06,CONSERVATIVE_T1,margin_szse,000825,True
2025-02-05,AGGREGATOR|research-node|akshare@1.18.97|stock_margin_detail_szse,,,2026-09-26T08:54:37.823602+00:00,2025-02-06,CONSERVATIVE_T1,margin_szse,002185,True
2025-02-05,AGGREGATOR|research-node|akshare@1.18.97|stock_margin_detail_szse,,,2026-09-26T08:54:37.823602+00:00,2025-02-06,CONSERVATIVE_T1,margin_szse,002440,True
2025-02-05,AGGREGATOR|research-node|akshare@1.18.97|stock_margin_detail_szse,,,2026-09-26T08:54:37.823602+00:00,2025-02-06,CONSERVATIVE_T1,margin_szse,300147,True
2025-02-05,AGGREGATOR|research-node|akshare@1.18.97|stock_margin_detail_szse,,,2026-09-26T08:54:37.823602+00:00,2025-02-06,CONSERVATIVE_T1,margin_szse,300342,True
2025-02-05,AGGREGATOR|research-node|akshare@1.18.97|stock_margin_detail_szse,,,2026-09-26T08:54:37.823602+00:00,2025-02-06,CONSERVATIVE_T1,margin_szse,301297,True
2025-02-05,AGGREGATOR|research-node|akshare@1.18.97|stock_margin_detail_szse,,,2026-09-26T08:54:37.823602+00:00,2025-02-06,CONSERVATIVE_T1,margin_szse,301357,True
2025-02-06,AGGREGATOR|research-node|akshare@1.18.97|stock_margin_detail_szse,,,2026-09-26T08:54:40.077578+00:00,2025-02-07,CONSERVATIVE_T1,margin_szse,000078,True
2025-02-06,AGGREGATOR|research-node|akshare@1.18.97|stock_margin_detail_szse,,,2026-09-26T08:54:40.077578+00:00,2025-02-07,CONSERVATIVE_T1,margin_szse,000685,True
2025-02-06,AGGREGATOR|research-node|akshare@1.18.97|stock_margin_detail_szse,,,2026-09-26T08:54:40.077578+00:00,2025-02-07,CONSERVATIVE_T1,margin_szse,000825,True
2025-02-06,AGGREGATOR|research-node|akshare@1.18.97|stock_margin_detail_szse,,,2026-09-26T08:54:40.077578+00:00,2025-02-07,CONSERVATIVE_T1,margin_szse,002185,True
2025-02-06,AGGREGATOR|research-node|akshare@1.18.97|stock_margin_detail_szse,,,2026-09-26T08:54:40.077578+00:00,2025-02-07,CONSERVATIVE_T1,margin_szse,002440,True
2025-02-06,AGGREGATOR|research-node|akshare@1.18.97|stock_margin_detail_szse,,,2026-09-26T08:54:40.077578+00:00,2025-02-07,CONSERVATIVE_T1,margin_szse,300147,True
2025-02-06,AGGREGATOR|research-node|akshare@1.18.97|stock_margin_detail_szse,,,2026-09-26T08:54:40.077578+00:00,2025-02-07,CONSERVATIVE_T1,margin_szse,300342,True
2025-02-06,AGGREGATOR|research-node|akshare@1.18.97|stock_margin_detail_szse,,,2026-09-26T08:54:40.077578+00:00,2025-02-07,CONSERVATIVE_T1,margin_szse,301297,True
2025-02-06,AGGREGATOR|research-node|akshare@1.18.97|stock_margin_detail_szse,,,2026-09-26T08:54:40.077578+00:00,2025-02-07,CONSERVATIVE_T1,margin_szse,301353,True
2025-02-06,AGGREGATOR|research-node|akshare@1.18.97|stock_margin_detail_szse,,,2026-09-26T08:54:40.077578+00:00,2025-02-07,CONSERVATIVE_T1,margin_szse,301357,True
2025-02-07,AGGREGATOR|research-node|akshare@1.18.97|stock_margin_detail_szse,,,2026-09-26T08:54:42.365237+00:00,2025-02-10,CONSERVATIVE_T1,margin_szse,000078,True
2025-02-07,AGGREGATOR|research-node|akshare@1.18.97|stock_margin_detail_szse,,,2026-09-26T08:54:42.365237+00:00,2025-02-10,CONSERVATIVE_T1,margin_szse,000685,True
2025-02-07,AGGREGATOR|research-node|akshare@1.18.97|stock_margin_detail_szse,,,2026-09-26T08:54:42.365237+00:00,2025-02-10,CONSERVATIVE_T1,margin_szse,000825,True
2025-02-07,AGGREGATOR|research-node|akshare@1.18.97|stock_margin_detail_szse,,,2026-09-26T08:54:42.365237+00:00,2025-02-10,CONSERVATIVE_T1,margin_szse,002185,True
2025-02-07,AGGREGATOR|research-node|akshare@1.18.97|stock_margin_detail_szse,,,2026-09-26T08:54:42.365237+00:00,2025-02-10,CONSERVATIVE_T1,margin_szse,002440,True
2025-02-07,AGGREGATOR|research-node|akshare@1.18.97|stock_margin_detail_szse,,,2026-09-26T08:54:42.365237+00:00,2025-02-10,CONSERVATIVE_T1,margin_szse,300147,True
2025-02-07,AGGREGATOR|research-node|akshare@1.18.97|stock_margin_detail_szse,,,2026-09-26T08:54:42.365237+00:00,2025-02-10,CONSERVATIVE_T1,margin_szse,300342,True
2025-02-07,AGGREGATOR|research-node|akshare@1.18.97|stock_margin_detail_szse,,,2026-09-26T08:54:42.365237+00:00,2025-02-10,CONSERVATIVE_T1,margin_szse,301297,True
2025-02-07,AGGREGATOR|research-node|akshare@1.18.97|stock_margin_detail_szse,,,2026-09-26T08:54:42.365237+00:00,2025-02-10,CONSERVATIVE_T1,margin_szse,301353,True
2025-02-07,AGGREGATOR|research-node|akshare@1.18.97|stock_margin_detail_szse,,,2026-09-26T08:54:42.365237+00:00,2025-02-10,CONSERVATIVE_T1,margin_szse,301357,True
2025-02-10,AGGREGATOR|research-node|akshare@1.18.97|stock_margin_detail_szse,,,2026-09-26T08:54:44.684651+00:00,2025-02-11,CONSERVATIVE_T1,margin_szse,000078,True
2025-02-10,AGGREGATOR|research-node|akshare@1.18.97|stock_margin_detail_szse,,,2026-09-26T08:54:44.684651+00:00,2025-02-11,CONSERVATIVE_T1,margin_szse,000685,True
2025-02-10,AGGREGATOR|research-node|akshare@1.18.97|stock_margin_detail_szse,,,2026-09-26T08:54:44.684651+00:00,2025-02-11,CONSERVATIVE_T1,margin_szse,000825,True
2025-02-10,AGGREGATOR|research-node|akshare@1.18.97|stock_margin_detail_szse,,,2026-09-26T08:54:44.684651+00:00,2025-02-11,CONSERVATIVE_T1,margin_szse,002185,True
2025-02-10,AGGREGATOR|research-node|akshare@1.18.97|stock_margin_detail_szse,,,2026-09-26T08:54:44.684651+00:00,2025-02-11,CONSERVATIVE_T1,margin_szse,002440,True
2025-02-10,AGGREGATOR|research-node|akshare@1.18.97|stock_margin_detail_szse,,,2026-09-26T08:54:44.684651+00:00,2025-02-11,CONSERVATIVE_T1,margin_szse,300147,True
2025-02-10,AGGREGATOR|research-node|akshare@1.18.97|stock_margin_detail_szse,,,2026-09-26T08:54:44.684651+00:00,2025-02-11,CONSERVATIVE_T1,margin_szse,300342,True
2025-02-10,AGGREGATOR|research-node|akshare@1.18.97|stock_margin_detail_szse,,,2026-09-26T08:54:44.684651+00:00,2025-02-11,CONSERVATIVE_T1,margin_szse,301297,True
2025-02-10,AGGREGATOR|research-node|akshare@1.18.97|stock_margin_detail_szse,,,2026-09-26T08:54:44.684651+00:00,2025-02-11,CONSERVATIVE_T1,margin_szse,301353,True
2025-02-10,AGGREGATOR|research-node|akshare@1.18.97|stock_margin_detail_szse,,,2026-09-26T08:54:44.684651+00:00,2025-02-11,CONSERVATIVE_T1,margin_szse,301357,True
2025-02-11,AGGREGATOR|research-node|akshare@1.18.97|stock_margin_detail_szse,,,2026-09-26T08:54:47.045297+00:00,2025-02-12,CONSERVATIVE_T1,margin_szse,000078,True
2025-02-11,AGGREGATOR|research-node|akshare@1.18.97|stock_margin_detail_szse,,,2026-09-26T08:54:47.045297+00:00,2025-02-12,CONSERVATIVE_T1,margin_szse,000685,True
2025-02-11,AGGREGATOR|research-node|akshare@1.18.97|stock_margin_detail_szse,,,2026-09-26T08:54:47.045297+00:00,2025-02-12,CONSERVATIVE_T1,margin_szse,000825,True
2025-02-11,AGGREGATOR|research-node|akshare@1.18.97|stock_margin_detail_szse,,,2026-09-26T08:54:47.045297+00:00,2025-02-12,CONSERVATIVE_T1,margin_szse,002185,True
2025-02-11,AGGREGATOR|research-node|akshare@1.18.97|stock_margin_detail_szse,,,2026-09-26T08:54:47.045297+00:00,2025-02-12,CONSERVATIVE_T1,margin_szse,002440,True
2025-02-11,AGGREGATOR|research-node|akshare@1.18.97|stock_margin_detail_szse,,,2026-09-26T08:54:47.045297+00:00,2025-02-12,CONSERVATIVE_T1,margin_szse,300147,True
2025-02-11,AGGREGATOR|research-node|akshare@1.18.97|stock_margin_detail_szse,,,2026-09-26T08:54:47.045297+00:00,2025-02-12,CONSERVATIVE_T1,margin_szse,300342,True
2025-02-11,AGGREGATOR|research-node|akshare@1.18.97|stock_margin_detail_szse,,,2026-09-26T08:54:47.045297+00:00,2025-02-12,CONSERVATIVE_T1,margin_szse,301297,True
2025-02-11,AGGREGATOR|research-node|akshare@1.18.97|stock_margin_detail_szse,,,2026-09-26T08:54:47.045297+00:00,2025-02-12,CONSERVATIVE_T1,margin_szse,301353,True
2025-02-11,AGGREGATOR|research-node|akshare@1.18.97|stock_margin_detail_szse,,,2026-09-26T08:54:47.045297+00:00,2025-02-12,CONSERVATIVE_T1,margin_szse,301357,True
2025-02-12,AGGREGATOR|research-node|akshare@1.18.97|stock_margin_detail_szse,,,2026-09-26T08:54:49.201714+00:00,2025-02-13,CONSERVATIVE_T1,margin_szse,000078,True
2025-02-12,AGGREGATOR|research-node|akshare@1.18.97|stock_margin_detail_szse,,,2026-09-26T08:54:49.201714+00:00,2025-02-13,CONSERVATIVE_T1,margin_szse,000685,True
2025-02-12,AGGREGATOR|research-node|akshare@1.18.97|stock_margin_detail_szse,,,2026-09-26T08:54:49.201714+00:00,2025-02-13,CONSERVATIVE_T1,margin_szse,000825,True
2025-02-12,AGGREGATOR|research-node|akshare@1.18.97|stock_margin_detail_szse,,,2026-09-26T08:54:49.201714+00:00,2025-02-13,CONSERVATIVE_T1,margin_szse,002185,True
2025-02-12,AGGREGATOR|research-node|akshare@1.18.97|stock_margin_detail_szse,,,2026-09-26T08:54:49.201714+00:00,2025-02-13,CONSERVATIVE_T1,margin_szse,002440,True
2025-02-12,AGGREGATOR|research-node|akshare@1.18.97|stock_margin_detail_szse,,,2026-09-26T08:54:49.201714+00:00,2025-02-13,CONSERVATIVE_T1,margin_szse,300147,True
2025-02-12,AGGREGATOR|research-node|akshare@1.18.97|stock_margin_detail_szse,,,2026-09-26T08:54:49.201714+00:00,2025-02-13,CONSERVATIVE_T1,margin_szse,300342,True
2025-02-12,AGGREGATOR|research-node|akshare@1.18.97|stock_margin_detail_szse,,,2026-09-26T08:54:49.201714+00:00,2025-02-13,CONSERVATIVE_T1,margin_szse,301297,True
2025-02-12,AGGREGATOR|research-node|akshare@1.18.97|stock_margin_detail_szse,,,2026-09-26T08:54:49.201714+00:00,2025-02-13,CONSERVATIVE_T1,margin_szse,301353,True
2025-02-12,AGGREGATOR|research-node|akshare@1.18.97|stock_margin_detail_szse,,,2026-09-26T08:54:49.201714+00:00,2025-02-13,CONSERVATIVE_T1,margin_szse,301357,True
2025-02-13,AGGREGATOR|research-node|akshare@1.18.97|stock_margin_detail_szse,,,2026-09-26T08:54:51.525502+00:00,2025-02-14,CONSERVATIVE_T1,margin_szse,000078,True
2025-02-13,AGGREGATOR|research-node|akshare@1.18.97|stock_margin_detail_szse,,,2026-09-26T08:54:51.525502+00:00,2025-02-14,CONSERVATIVE_T1,margin_szse,000685,True
2025-02-13,AGGREGATOR|research-node|akshare@1.18.97|stock_margin_detail_szse,,,2026-09-26T08:54:51.525502+00:00,2025-02-14,CONSERVATIVE_T1,margin_szse,000825,True
2025-02-13,AGGREGATOR|research-node|akshare@1.18.97|stock_margin_detail_szse,,,2026-09-26T08:54:51.525502+00:00,2025-02-14,CONSERVATIVE_T1,margin_szse,002185,True
2025-02-13,AGGREGATOR|research-node|akshare@1.18.97|stock_margin_detail_szse,,,2026-09-26T08:54:51.525502+00:00,2025-02-14,CONSERVATIVE_T1,margin_szse,002440,True
2025-02-13,AGGREGATOR|research-node|akshare@1.18.97|stock_margin_detail_szse,,,2026-09-26T08:54:51.525502+00:00,2025-02-14,CONSERVATIVE_T1,margin_szse,300147,True
2025-02-13,AGGREGATOR|research-node|akshare@1.18.97|stock_margin_detail_szse,,,2026-09-26T08:54:51.525502+00:00,2025-02-14,CONSERVATIVE_T1,margin_szse,300342,True
2025-02-13,AGGREGATOR|research-node|akshare@1.18.97|stock_margin_detail_szse,,,2026-09-26T08:54:51.525502+00:00,2025-02-14,CONSERVATIVE_T1,margin_szse,301297,True
2025-02-13,AGGREGATOR|research-node|akshare@1.18.97|stock_margin_detail_szse,,,2026-09-26T08:54:51.525502+00:00,2025-02-14,CONSERVATIVE_T1,margin_szse,301353,True
2025-02-13,AGGREGATOR|research-node|akshare@1.18.97|stock_margin_detail_szse,,,2026-09-26T08:54:51.525502+00:00,2025-02-14,CONSERVATIVE_T1,margin_szse,301357,True
2025-02-14,AGGREGATOR|research-node|akshare@1.18.97|stock_margin_detail_szse,,,2026-09-26T08:54:53.723069+00:00,2025-02-17,CONSERVATIVE_T1,margin_szse,000078,True
2025-02-14,AGGREGATOR|research-node|akshare@1.18.97|stock_margin_detail_szse,,,2026-09-26T08:54:53.723069+00:00,2025-02-17,CONSERVATIVE_T1,margin_szse,000685,True
2025-02-14,AGGREGATOR|research-node|akshare@1.18.97|stock_margin_detail_szse,,,2026-09-26T08:54:53.723069+00:00,2025-02-17,CONSERVATIVE_T1,margin_szse,000825,True
2025-02-14,AGGREGATOR|research-node|akshare@1.18.97|stock_margin_detail_szse,,,2026-09-26T08:54:53.723069+00:00,2025-02-17,CONSERVATIVE_T1,margin_szse,002185,True
2025-02-14,AGGREGATOR|research-node|akshare@1.18.97|stock_margin_detail_szse,,,2026-09-26T08:54:53.723069+00:00,2025-02-17,CONSERVATIVE_T1,margin_szse,002440,True
2025-02-14,AGGREGATOR|research-node|akshare@1.18.97|stock_margin_detail_szse,,,2026-09-26T08:54:53.723069+00:00,2025-02-17,CONSERVATIVE_T1,margin_szse,300147,True
2025-02-14,AGGREGATOR|research-node|akshare@1.18.97|stock_margin_detail_szse,,,2026-09-26T08:54:53.723069+00:00,2025-02-17,CONSERVATIVE_T1,margin_szse,300342,True
2025-02-14,AGGREGATOR|research-node|akshare@1.18.97|stock_margin_detail_szse,,,2026-09-26T08:54:53.723069+00:00,2025-02-17,CONSERVATIVE_T1,margin_szse,301297,True
2025-02-14,AGGREGATOR|research-node|akshare@1.18.97|stock_margin_detail_szse,,,2026-09-26T08:54:53.723069+00:00,2025-02-17,CONSERVATIVE_T1,margin_szse,301353,True
2025-02-14,AGGREGATOR|research-node|akshare@1.18.97|stock_margin_detail_szse,,,2026-09-26T08:54:53.723069+00:00,2025-02-17,CONSERVATIVE_T1,margin_szse,301357,True
2025-02-17,AGGREGATOR|research-node|akshare@1.18.97|stock_margin_detail_szse,,,2026-09-26T08:54:55.910790+00:00,2025-02-18,CONSERVATIVE_T1,margin_szse,000078,True
2025-02-17,AGGREGATOR|research-node|akshare@1.18.97|stock_margin_detail_szse,,,2026-09-26T08:54:55.910790+00:00,2025-02-18,CONSERVATIVE_T1,margin_szse,000685,True
2025-02-17,AGGREGATOR|research-node|akshare@1.18.97|stock_margin_detail_szse,,,2026-09-26T08:54:55.910790+00:00,2025-02-18,CONSERVATIVE_T1,margin_szse,000825,True
2025-02-17,AGGREGATOR|research-node|akshare@1.18.97|stock_margin_detail_szse,,,2026-09-26T08:54:55.910790+00:00,2025-02-18,CONSERVATIVE_T1,margin_szse,002185,True
2025-02-17,AGGREGATOR|research-node|akshare@1.18.97|stock_margin_detail_szse,,,2026-09-26T08:54:55.910790+00:00,2025-02-18,CONSERVATIVE_T1,margin_szse,002440,True
2025-02-17,AGGREGATOR|research-node|akshare@1.18.97|stock_margin_detail_szse,,,2026-09-26T08:54:55.910790+00:00,2025-02-18,CONSERVATIVE_T1,margin_szse,300147,True
2025-02-17,AGGREGATOR|research-node|akshare@1.18.97|stock_margin_detail_szse,,,2026-09-26T08:54:55.910790+00:00,2025-02-18,CONSERVATIVE_T1,margin_szse,300342,True
2025-02-17,AGGREGATOR|research-node|akshare@1.18.97|stock_margin_detail_szse,,,2026-09-26T08:54:55.910790+00:00,2025-02-18,CONSERVATIVE_T1,margin_szse,301297,True
2025-02-17,AGGREGATOR|research-node|akshare@1.18.97|stock_margin_detail_szse,,,2026-09-26T08:54:55.910790+00:00,2025-02-18,CONSERVATIVE_T1,margin_szse,301353,True
2025-02-17,AGGREGATOR|research-node|akshare@1.18.97|stock_margin_detail_szse,,,2026-09-26T08:54:55.910790+00:00,2025-02-18,CONSERVATIVE_T1,margin_szse,301357,True
2025-02-18,AGGREGATOR|research-node|akshare@1.18.97|stock_margin_detail_szse,,,2026-09-26T08:54:58.131598+00:00,2025-02-19,CONSERVATIVE_T1,margin_szse,000078,True
2025-02-18,AGGREGATOR|research-node|akshare@1.18.97|stock_margin_detail_szse,,,2026-09-26T08:54:58.131598+00:00,2025-02-19,CONSERVATIVE_T1,margin_szse,000685,True
2025-02-18,AGGREGATOR|research-node|akshare@1.18.97|stock_margin_detail_szse,,,2026-09-26T08:54:58.131598+00:00,2025-02-19,CONSERVATIVE_T1,margin_szse,000825,True
2025-02-18,AGGREGATOR|research-node|akshare@1.18.97|stock_margin_detail_szse,,,2026-09-26T08:54:58.131598+00:00,2025-02-19,CONSERVATIVE_T1,margin_szse,002185,True
2025-02-18,AGGREGATOR|research-node|akshare@1.18.97|stock_margin_detail_szse,,,2026-09-26T08:54:58.131598+00:00,2025-02-19,CONSERVATIVE_T1,margin_szse,002440,True
2025-02-18,AGGREGATOR|research-node|akshare@1.18.97|stock_margin_detail_szse,,,2026-09-26T08:54:58.131598+00:00,2025-02-19,CONSERVATIVE_T1,margin_szse,300147,True
2025-02-18,AGGREGATOR|research-node|akshare@1.18.97|stock_margin_detail_szse,,,2026-09-26T08:54:58.131598+00:00,2025-02-19,CONSERVATIVE_T1,margin_szse,300342,True
2025-02-18,AGGREGATOR|research-node|akshare@1.18.97|stock_margin_detail_szse,,,2026-09-26T08:54:58.131598+00:00,2025-02-19,CONSERVATIVE_T1,margin_szse,301297,True
2025-02-18,AGGREGATOR|research-node|akshare@1.18.97|stock_margin_detail_szse,,,2026-09-26T08:54:58.131598+00:00,2025-02-19,CONSERVATIVE_T1,margin_szse,301353,True
2025-02-18,AGGREGATOR|research-node|akshare@1.18.97|stock_margin_detail_szse,,,2026-09-26T08:54:58.131598+00:00,2025-02-19,CONSERVATIVE_T1,margin_szse,301357,True
2025-02-19,AGGREGATOR|research-node|akshare@1.18.97|stock_margin_detail_szse,,,2026-09-26T08:55:00.455066+00:00,2025-02-20,CONSERVATIVE_T1,margin_szse,000078,True
2025-02-19,AGGREGATOR|research-node|akshare@1.18.97|stock_margin_detail_szse,,,2026-09-26T08:55:00.455066+00:00,2025-02-20,CONSERVATIVE_T1,margin_szse,000685,True
2025-02-19,AGGREGATOR|research-node|akshare@1.18.97|stock_margin_detail_szse,,,2026-09-26T08:55:00.455066+00:00,2025-02-20,CONSERVATIVE_T1,margin_szse,000825,True
2025-02-19,AGGREGATOR|research-node|akshare@1.18.97|stock_margin_detail_szse,,,2026-09-26T08:55:00.455066+00:00,2025-02-20,CONSERVATIVE_T1,margin_szse,002185,True
2025-02-19,AGGREGATOR|research-node|akshare@1.18.97|stock_margin_detail_szse,,,2026-09-26T08:55:00.455066+00:00,2025-02-20,CONSERVATIVE_T1,margin_szse,002440,True
2025-02-19,AGGREGATOR|research-node|akshare@1.18.97|stock_margin_detail_szse,,,2026-09-26T08:55:00.455066+00:00,2025-02-20,CONSERVATIVE_T1,margin_szse,300147,True
2025-02-19,AGGREGATOR|research-node|akshare@1.18.97|stock_margin_detail_szse,,,2026-09-26T08:55:00.455066+00:00,2025-02-20,CONSERVATIVE_T1,margin_szse,300342,True
2025-02-19,AGGREGATOR|research-node|akshare@1.18.97|stock_margin_detail_szse,,,2026-09-26T08:55:00.455066+00:00,2025-02-20,CONSERVATIVE_T1,margin_szse,301297,True
2025-02-19,AGGREGATOR|research-node|akshare@1.18.97|stock_margin_detail_szse,,,2026-09-26T08:55:00.455066+00:00,2025-02-20,CONSERVATIVE_T1,margin_szse,301353,True
2025-02-19,AGGREGATOR|research-node|akshare@1.18.97|stock_margin_detail_szse,,,2026-09-26T08:55:00.455066+00:00,2025-02-20,CONSERVATIVE_T1,margin_szse,301357,True
2025-02-20,AGGREGATOR|research-node|akshare@1.18.97|stock_margin_detail_szse,,,2026-09-26T08:55:02.743929+00:00,2025-02-21,CONSERVATIVE_T1,margin_szse,000078,True
2025-02-20,AGGREGATOR|research-node|akshare@1.18.97|stock_margin_detail_szse,,,2026-09-26T08:55:02.743929+00:00,2025-02-21,CONSERVATIVE_T1,margin_szse,000685,True
2025-02-20,AGGREGATOR|research-node|akshare@1.18.97|stock_margin_detail_szse,,,2026-09-26T08:55:02.743929+00:00,2025-02-21,CONSERVATIVE_T1,margin_szse,000825,True
2025-02-20,AGGREGATOR|research-node|akshare@1.18.97|stock_margin_detail_szse,,,2026-09-26T08:55:02.743929+00:00,2025-02-21,CONSERVATIVE_T1,margin_szse,002185,True
2025-02-20,AGGREGATOR|research-node|akshare@1.18.97|stock_margin_detail_szse,,,2026-09-26T08:55:02.743929+00:00,2025-02-21,CONSERVATIVE_T1,margin_szse,002440,True
2025-02-20,AGGREGATOR|research-node|akshare@1.18.97|stock_margin_detail_szse,,,2026-09-26T08:55:02.743929+00:00,2025-02-21,CONSERVATIVE_T1,margin_szse,300147,True
2025-02-20,AGGREGATOR|research-node|akshare@1.18.97|stock_margin_detail_szse,,,2026-09-26T08:55:02.743929+00:00,2025-02-21,CONSERVATIVE_T1,margin_szse,300342,True
2025-02-20,AGGREGATOR|research-node|akshare@1.18.97|stock_margin_detail_szse,,,2026-09-26T08:55:02.743929+00:00,2025-02-21,CONSERVATIVE_T1,margin_szse,301297,True
2025-02-20,AGGREGATOR|research-node|akshare@1.18.97|stock_margin_detail_szse,,,2026-09-26T08:55:02.743929+00:00,2025-02-21,CONSERVATIVE_T1,margin_szse,301353,True
2025-02-20,AGGREGATOR|research-node|akshare@1.18.97|stock_margin_detail_szse,,,2026-09-26T08:55:02.743929+00:00,2025-02-21,CONSERVATIVE_T1,margin_szse,301357,True
2025-02-21,AGGREGATOR|research-node|akshare@1.18.97|stock_margin_detail_szse,,,2026-09-26T08:55:04.971238+00:00,2025-02-24,CONSERVATIVE_T1,margin_szse,000078,True
2025-02-21,AGGREGATOR|research-node|akshare@1.18.97|stock_margin_detail_szse,,,2026-09-26T08:55:04.971238+00:00,2025-02-24,CONSERVATIVE_T1,margin_szse,000685,True
2025-02-21,AGGREGATOR|research-node|akshare@1.18.97|stock_margin_detail_szse,,,2026-09-26T08:55:04.971238+00:00,2025-02-24,CONSERVATIVE_T1,margin_szse,000825,True
2025-02-21,AGGREGATOR|research-node|akshare@1.18.97|stock_margin_detail_szse,,,2026-09-26T08:55:04.971238+00:00,2025-02-24,CONSERVATIVE_T1,margin_szse,002185,True
2025-02-21,AGGREGATOR|research-node|akshare@1.18.97|stock_margin_detail_szse,,,2026-09-26T08:55:04.971238+00:00,2025-02-24,CONSERVATIVE_T1,margin_szse,002440,True
2025-02-21,AGGREGATOR|research-node|akshare@1.18.97|stock_margin_detail_szse,,,2026-09-26T08:55:04.971238+00:00,2025-02-24,CONSERVATIVE_T1,margin_szse,300147,True
2025-02-21,AGGREGATOR|research-node|akshare@1.18.97|stock_margin_detail_szse,,,2026-09-26T08:55:04.971238+00:00,2025-02-24,CONSERVATIVE_T1,margin_szse,300342,True
2025-02-21,AGGREGATOR|research-node|akshare@1.18.97|stock_margin_detail_szse,,,2026-09-26T08:55:04.971238+00:00,2025-02-24,CONSERVATIVE_T1,margin_szse,301297,True
2025-02-21,AGGREGATOR|research-node|akshare@1.18.97|stock_margin_detail_szse,,,2026-09-26T08:55:04.971238+00:00,2025-02-24,CONSERVATIVE_T1,margin_szse,301353,True
2025-02-21,AGGREGATOR|research-node|akshare@1.18.97|stock_margin_detail_szse,,,2026-09-26T08:55:04.971238+00:00,2025-02-24,CONSERVATIVE_T1,margin_szse,301357,True
2025-02-24,AGGREGATOR|research-node|akshare@1.18.97|stock_margin_detail_szse,,,2026-09-26T08:55:07.215871+00:00,2025-02-25,CONSERVATIVE_T1,margin_szse,000078,True
2025-02-24,AGGREGATOR|research-node|akshare@1.18.97|stock_margin_detail_szse,,,2026-09-26T08:55:07.215871+00:00,2025-02-25,CONSERVATIVE_T1,margin_szse,000685,True
2025-02-24,AGGREGATOR|research-node|akshare@1.18.97|stock_margin_detail_szse,,,2026-09-26T08:55:07.215871+00:00,2025-02-25,CONSERVATIVE_T1,margin_szse,000825,True
2025-02-24,AGGREGATOR|research-node|akshare@1.18.97|stock_margin_detail_szse,,,2026-09-26T08:55:07.215871+00:00,2025-02-25,CONSERVATIVE_T1,margin_szse,002185,True
2025-02-24,AGGREGATOR|research-node|akshare@1.18.97|stock_margin_detail_szse,,,2026-09-26T08:55:07.215871+00:00,2025-02-25,CONSERVATIVE_T1,margin_szse,002440,True
2025-02-24,AGGREGATOR|research-node|akshare@1.18.97|stock_margin_detail_szse,,,2026-09-26T08:55:07.215871+00:00,2025-02-25,CONSERVATIVE_T1,margin_szse,300147,True
2025-02-24,AGGREGATOR|research-node|akshare@1.18.97|stock_margin_detail_szse,,,2026-09-26T08:55:07.215871+00:00,2025-02-25,CONSERVATIVE_T1,margin_szse,300342,True
2025-02-24,AGGREGATOR|research-node|akshare@1.18.97|stock_margin_detail_szse,,,2026-09-26T08:55:07.215871+00:00,2025-02-25,CONSERVATIVE_T1,margin_szse,301297,True
2025-02-24,AGGREGATOR|research-node|akshare@1.18.97|stock_margin_detail_szse,,,2026-09-26T08:55:07.215871+00:00,2025-02-25,CONSERVATIVE_T1,margin_szse,301353,True
2025-02-24,AGGREGATOR|research-node|akshare@1.18.97|stock_margin_detail_szse,,,2026-09-26T08:55:07.215871+00:00,2025-02-25,CONSERVATIVE_T1,margin_szse,301357,True
2025-02-25,AGGREGATOR|research-node|akshare@1.18.97|stock_margin_detail_szse,,,2026-09-26T08:55:09.415031+00:00,2025-02-26,CONSERVATIVE_T1,margin_szse,000078,True
2025-02-25,AGGREGATOR|research-node|akshare@1.18.97|stock_margin_detail_szse,,,2026-09-26T08:55:09.415031+00:00,2025-02-26,CONSERVATIVE_T1,margin_szse,000685,True
2025-02-25,AGGREGATOR|research-node|akshare@1.18.97|stock_margin_detail_szse,,,2026-09-26T08:55:09.415031+00:00,2025-02-26,CONSERVATIVE_T1,margin_szse,000825,True
2025-02-25,AGGREGATOR|research-node|akshare@1.18.97|stock_margin_detail_szse,,,2026-09-26T08:55:09.415031+00:00,2025-02-26,CONSERVATIVE_T1,margin_szse,002185,True
2025-02-25,AGGREGATOR|research-node|akshare@1.18.97|stock_margin_detail_szse,,,2026-09-26T08:55:09.415031+00:00,2025-02-26,CONSERVATIVE_T1,margin_szse,002440,True
2025-02-25,AGGREGATOR|research-node|akshare@1.18.97|stock_margin_detail_szse,,,2026-09-26T08:55:09.415031+00:00,2025-02-26,CONSERVATIVE_T1,margin_szse,300147,True
2025-02-25,AGGREGATOR|research-node|akshare@1.18.97|stock_margin_detail_szse,,,2026-09-26T08:55:09.415031+00:00,2025-02-26,CONSERVATIVE_T1,margin_szse,300342,True
2025-02-25,AGGREGATOR|research-node|akshare@1.18.97|stock_margin_detail_szse,,,2026-09-26T08:55:09.415031+00:00,2025-02-26,CONSERVATIVE_T1,margin_szse,301297,True
2025-02-25,AGGREGATOR|research-node|akshare@1.18.97|stock_margin_detail_szse,,,2026-09-26T08:55:09.415031+00:00,2025-02-26,CONSERVATIVE_T1,margin_szse,301353,True
2025-02-25,AGGREGATOR|research-node|akshare@1.18.97|stock_margin_detail_szse,,,2026-09-26T08:55:09.415031+00:00,2025-02-26,CONSERVATIVE_T1,margin_szse,301357,True
2025-02-26,AGGREGATOR|research-node|akshare@1.18.97|stock_margin_detail_szse,,,2026-09-26T08:55:11.575913+00:00,2025-02-27,CONSERVATIVE_T1,margin_szse,000078,True
2025-02-26,AGGREGATOR|research-node|akshare@1.18.97|stock_margin_detail_szse,,,2026-09-26T08:55:11.575913+00:00,2025-02-27,CONSERVATIVE_T1,margin_szse,000685,True
2025-02-26,AGGREGATOR|research-node|akshare@1.18.97|stock_margin_detail_szse,,,2026-09-26T08:55:11.575913+00:00,2025-02-27,CONSERVATIVE_T1,margin_szse,000825,True
2025-02-26,AGGREGATOR|research-node|akshare@1.18.97|stock_margin_detail_szse,,,2026-09-26T08:55:11.575913+00:00,2025-02-27,CONSERVATIVE_T1,margin_szse,002185,True
2025-02-26,AGGREGATOR|research-node|akshare@1.18.97|stock_margin_detail_szse,,,2026-09-26T08:55:11.575913+00:00,2025-02-27,CONSERVATIVE_T1,margin_szse,002440,True
2025-02-26,AGGREGATOR|research-node|akshare@1.18.97|stock_margin_detail_szse,,,2026-09-26T08:55:11.575913+00:00,2025-02-27,CONSERVATIVE_T1,margin_szse,300147,True
2025-02-26,AGGREGATOR|research-node|akshare@1.18.97|stock_margin_detail_szse,,,2026-09-26T08:55:11.575913+00:00,2025-02-27,CONSERVATIVE_T1,margin_szse,300342,True
2025-02-26,AGGREGATOR|research-node|akshare@1.18.97|stock_margin_detail_szse,,,2026-09-26T08:55:11.575913+00:00,2025-02-27,CONSERVATIVE_T1,margin_szse,301297,True
2025-02-26,AGGREGATOR|research-node|akshare@1.18.97|stock_margin_detail_szse,,,2026-09-26T08:55:11.575913+00:00,2025-02-27,CONSERVATIVE_T1,margin_szse,301353,True
2025-02-26,AGGREGATOR|research-node|akshare@1.18.97|stock_margin_detail_szse,,,2026-09-26T08:55:11.575913+00:00,2025-02-27,CONSERVATIVE_T1,margin_szse,301357,True
2025-02-27,AGGREGATOR|research-node|akshare@1.18.97|stock_margin_detail_szse,,,2026-09-26T08:55:13.846732+00:00,2025-02-28,CONSERVATIVE_T1,margin_szse,000078,True
2025-02-27,AGGREGATOR|research-node|akshare@1.18.97|stock_margin_detail_szse,,,2026-09-26T08:55:13.846732+00:00,2025-02-28,CONSERVATIVE_T1,margin_szse,000685,True
2025-02-27,AGGREGATOR|research-node|akshare@1.18.97|stock_margin_detail_szse,,,2026-09-26T08:55:13.846732+00:00,2025-02-28,CONSERVATIVE_T1,margin_szse,000825,True
2025-02-27,AGGREGATOR|research-node|akshare@1.18.97|stock_margin_detail_szse,,,2026-09-26T08:55:13.846732+00:00,2025-02-28,CONSERVATIVE_T1,margin_szse,002185,True
2025-02-27,AGGREGATOR|research-node|akshare@1.18.97|stock_margin_detail_szse,,,2026-09-26T08:55:13.846732+00:00,2025-02-28,CONSERVATIVE_T1,margin_szse,002440,True
2025-02-27,AGGREGATOR|research-node|akshare@1.18.97|stock_margin_detail_szse,,,2026-09-26T08:55:13.846732+00:00,2025-02-28,CONSERVATIVE_T1,margin_szse,300147,True
2025-02-27,AGGREGATOR|research-node|akshare@1.18.97|stock_margin_detail_szse,,,2026-09-26T08:55:13.846732+00:00,2025-02-28,CONSERVATIVE_T1,margin_szse,300342,True
2025-02-27,AGGREGATOR|research-node|akshare@1.18.97|stock_margin_detail_szse,,,2026-09-26T08:55:13.846732+00:00,2025-02-28,CONSERVATIVE_T1,margin_szse,301297,True
2025-02-27,AGGREGATOR|research-node|akshare@1.18.97|stock_margin_detail_szse,,,2026-09-26T08:55:13.846732+00:00,2025-02-28,CONSERVATIVE_T1,margin_szse,301353,True
2025-02-27,AGGREGATOR|research-node|akshare@1.18.97|stock_margin_detail_szse,,,2026-09-26T08:55:13.846732+00:00,2025-02-28,CONSERVATIVE_T1,margin_szse,301357,True
2025-02-28,AGGREGATOR|research-node|akshare@1.18.97|stock_margin_detail_szse,,,2026-09-26T08:55:16.215288+00:00,2025-03-03,CONSERVATIVE_T1,margin_szse,000078,True
2025-02-28,AGGREGATOR|research-node|akshare@1.18.97|stock_margin_detail_szse,,,2026-09-26T08:55:16.215288+00:00,2025-03-03,CONSERVATIVE_T1,margin_szse,000685,True
2025-02-28,AGGREGATOR|research-node|akshare@1.18.97|stock_margin_detail_szse,,,2026-09-26T08:55:16.215288+00:00,2025-03-03,CONSERVATIVE_T1,margin_szse,000825,True
2025-02-28,AGGREGATOR|research-node|akshare@1.18.97|stock_margin_detail_szse,,,2026-09-26T08:55:16.215288+00:00,2025-03-03,CONSERVATIVE_T1,margin_szse,002185,True
2025-02-28,AGGREGATOR|research-node|akshare@1.18.97|stock_margin_detail_szse,,,2026-09-26T08:55:16.215288+00:00,2025-03-03,CONSERVATIVE_T1,margin_szse,002440,True
2025-02-28,AGGREGATOR|research-node|akshare@1.18.97|stock_margin_detail_szse,,,2026-09-26T08:55:16.215288+00:00,2025-03-03,CONSERVATIVE_T1,margin_szse,300147,True
2025-02-28,AGGREGATOR|research-node|akshare@1.18.97|stock_margin_detail_szse,,,2026-09-26T08:55:16.215288+00:00,2025-03-03,CONSERVATIVE_T1,margin_szse,300342,True
2025-02-28,AGGREGATOR|research-node|akshare@1.18.97|stock_margin_detail_szse,,,2026-09-26T08:55:16.215288+00:00,2025-03-03,CONSERVATIVE_T1,margin_szse,301297,True
2025-02-28,AGGREGATOR|research-node|akshare@1.18.97|stock_margin_detail_szse,,,2026-09-26T08:55:16.215288+00:00,2025-03-03,CONSERVATIVE_T1,margin_szse,301353,True
2025-02-28,AGGREGATOR|research-node|akshare@1.18.97|stock_margin_detail_szse,,,2026-09-26T08:55:16.215288+00:00,2025-03-03,CONSERVATIVE_T1,margin_szse,301357,True
2025-03-03,AGGREGATOR|research-node|akshare@1.18.97|stock_margin_detail_szse,,,2026-09-26T08:55:18.452953+00:00,2025-03-04,CONSERVATIVE_T1,margin_szse,000078,True
2025-03-03,AGGREGATOR|research-node|akshare@1.18.97|stock_margin_detail_szse,,,2026-09-26T08:55:18.452953+00:00,2025-03-04,CONSERVATIVE_T1,margin_szse,000685,True
2025-03-03,AGGREGATOR|research-node|akshare@1.18.97|stock_margin_detail_szse,,,2026-09-26T08:55:18.452953+00:00,2025-03-04,CONSERVATIVE_T1,margin_szse,000825,True
2025-03-03,AGGREGATOR|research-node|akshare@1.18.97|stock_margin_detail_szse,,,2026-09-26T08:55:18.452953+00:00,2025-03-04,CONSERVATIVE_T1,margin_szse,002185,True
2025-03-03,AGGREGATOR|research-node|akshare@1.18.97|stock_margin_detail_szse,,,2026-09-26T08:55:18.452953+00:00,2025-03-04,CONSERVATIVE_T1,margin_szse,002440,True
2025-03-03,AGGREGATOR|research-node|akshare@1.18.97|stock_margin_detail_szse,,,2026-09-26T08:55:18.452953+00:00,2025-03-04,CONSERVATIVE_T1,margin_szse,300147,True
2025-03-03,AGGREGATOR|research-node|akshare@1.18.97|stock_margin_detail_szse,,,2026-09-26T08:55:18.452953+00:00,2025-03-04,CONSERVATIVE_T1,margin_szse,300342,True
2025-03-03,AGGREGATOR|research-node|akshare@1.18.97|stock_margin_detail_szse,,,2026-09-26T08:55:18.452953+00:00,2025-03-04,CONSERVATIVE_T1,margin_szse,301297,True
2025-03-03,AGGREGATOR|research-node|akshare@1.18.97|stock_margin_detail_szse,,,2026-09-26T08:55:18.452953+00:00,2025-03-04,CONSERVATIVE_T1,margin_szse,301353,True
2025-03-03,AGGREGATOR|research-node|akshare@1.18.97|stock_margin_detail_szse,,,2026-09-26T08:55:18.452953+00:00,2025-03-04,CONSERVATIVE_T1,margin_szse,301357,True
2025-03-04,AGGREGATOR|research-node|akshare@1.18.97|stock_margin_detail_szse,,,2026-09-26T08:55:20.631984+00:00,2025-03-05,CONSERVATIVE_T1,margin_szse,000078,True
2025-03-04,AGGREGATOR|research-node|akshare@1.18.97|stock_margin_detail_szse,,,2026-09-26T08:55:20.631984+00:00,2025-03-05,CONSERVATIVE_T1,margin_szse,000685,True
2025-03-04,AGGREGATOR|research-node|akshare@1.18.97|stock_margin_detail_szse,,,2026-09-26T08:55:20.631984+00:00,2025-03-05,CONSERVATIVE_T1,margin_szse,000825,True
2025-03-04,AGGREGATOR|research-node|akshare@1.18.97|stock_margin_detail_szse,,,2026-09-26T08:55:20.631984+00:00,2025-03-05,CONSERVATIVE_T1,margin_szse,002185,True
2025-03-04,AGGREGATOR|research-node|akshare@1.18.97|stock_margin_detail_szse,,,2026-09-26T08:55:20.631984+00:00,2025-03-05,CONSERVATIVE_T1,margin_szse,002440,True
2025-03-04,AGGREGATOR|research-node|akshare@1.18.97|stock_margin_detail_szse,,,2026-09-26T08:55:20.631984+00:00,2025-03-05,CONSERVATIVE_T1,margin_szse,300147,True
2025-03-04,AGGREGATOR|research-node|akshare@1.18.97|stock_margin_detail_szse,,,2026-09-26T08:55:20.631984+00:00,2025-03-05,CONSERVATIVE_T1,margin_szse,300342,True
2025-03-04,AGGREGATOR|research-node|akshare@1.18.97|stock_margin_detail_szse,,,2026-09-26T08:55:20.631984+00:00,2025-03-05,CONSERVATIVE_T1,margin_szse,301297,True
2025-03-04,AGGREGATOR|research-node|akshare@1.18.97|stock_margin_detail_szse,,,2026-09-26T08:55:20.631984+00:00,2025-03-05,CONSERVATIVE_T1,margin_szse,301353,True
2025-03-04,AGGREGATOR|research-node|akshare@1.18.97|stock_margin_detail_szse,,,2026-09-26T08:55:20.631984+00:00,2025-03-05,CONSERVATIVE_T1,margin_szse,301357,True
2025-03-05,AGGREGATOR|research-node|akshare@1.18.97|stock_margin_detail_szse,,,2026-09-26T08:55:22.957161+00:00,2025-03-06,CONSERVATIVE_T1,margin_szse,000078,True
2025-03-05,AGGREGATOR|research-node|akshare@1.18.97|stock_margin_detail_szse,,,2026-09-26T08:55:22.957161+00:00,2025-03-06,CONSERVATIVE_T1,margin_szse,000685,True
2025-03-05,AGGREGATOR|research-node|akshare@1.18.97|stock_margin_detail_szse,,,2026-09-26T08:55:22.957161+00:00,2025-03-06,CONSERVATIVE_T1,margin_szse,000825,True
2025-03-05,AGGREGATOR|research-node|akshare@1.18.97|stock_margin_detail_szse,,,2026-09-26T08:55:22.957161+00:00,2025-03-06,CONSERVATIVE_T1,margin_szse,002185,True
2025-03-05,AGGREGATOR|research-node|akshare@1.18.97|stock_margin_detail_szse,,,2026-09-26T08:55:22.957161+00:00,2025-03-06,CONSERVATIVE_T1,margin_szse,002440,True
2025-03-05,AGGREGATOR|research-node|akshare@1.18.97|stock_margin_detail_szse,,,2026-09-26T08:55:22.957161+00:00,2025-03-06,CONSERVATIVE_T1,margin_szse,300147,True
2025-03-05,AGGREGATOR|research-node|akshare@1.18.97|stock_margin_detail_szse,,,2026-09-26T08:55:22.957161+00:00,2025-03-06,CONSERVATIVE_T1,margin_szse,300342,True
2025-03-05,AGGREGATOR|research-node|akshare@1.18.97|stock_margin_detail_szse,,,2026-09-26T08:55:22.957161+00:00,2025-03-06,CONSERVATIVE_T1,margin_szse,301297,True
2025-03-05,AGGREGATOR|research-node|akshare@1.18.97|stock_margin_detail_szse,,,2026-09-26T08:55:22.957161+00:00,2025-03-06,CONSERVATIVE_T1,margin_szse,301353,True
2025-03-05,AGGREGATOR|research-node|akshare@1.18.97|stock_margin_detail_szse,,,2026-09-26T08:55:22.957161+00:00,2025-03-06,CONSERVATIVE_T1,margin_szse,301357,True
2025-03-06,AGGREGATOR|research-node|akshare@1.18.97|stock_margin_detail_szse,,,2026-09-26T08:55:25.102527+00:00,2025-03-07,CONSERVATIVE_T1,margin_szse,000078,True
2025-03-06,AGGREGATOR|research-node|akshare@1.18.97|stock_margin_detail_szse,,,2026-09-26T08:55:25.102527+00:00,2025-03-07,CONSERVATIVE_T1,margin_szse,000685,True
2025-03-06,AGGREGATOR|research-node|akshare@1.18.97|stock_margin_detail_szse,,,2026-09-26T08:55:25.102527+00:00,2025-03-07,CONSERVATIVE_T1,margin_szse,000825,True
2025-03-06,AGGREGATOR|research-node|akshare@1.18.97|stock_margin_detail_szse,,,2026-09-26T08:55:25.102527+00:00,2025-03-07,CONSERVATIVE_T1,margin_szse,002185,True
2025-03-06,AGGREGATOR|research-node|akshare@1.18.97|stock_margin_detail_szse,,,2026-09-26T08:55:25.102527+00:00,2025-03-07,CONSERVATIVE_T1,margin_szse,002440,True
2025-03-06,AGGREGATOR|research-node|akshare@1.18.97|stock_margin_detail_szse,,,2026-09-26T08:55:25.102527+00:00,2025-03-07,CONSERVATIVE_T1,margin_szse,300147,True
2025-03-06,AGGREGATOR|research-node|akshare@1.18.97|stock_margin_detail_szse,,,2026-09-26T08:55:25.102527+00:00,2025-03-07,CONSERVATIVE_T1,margin_szse,300342,True
2025-03-06,AGGREGATOR|research-node|akshare@1.18.97|stock_margin_detail_szse,,,2026-09-26T08:55:25.102527+00:00,2025-03-07,CONSERVATIVE_T1,margin_szse,301297,True
2025-03-06,AGGREGATOR|research-node|akshare@1.18.97|stock_margin_detail_szse,,,2026-09-26T08:55:25.102527+00:00,2025-03-07,CONSERVATIVE_T1,margin_szse,301353,True
2025-03-06,AGGREGATOR|research-node|akshare@1.18.97|stock_margin_detail_szse,,,2026-09-26T08:55:25.102527+00:00,2025-03-07,CONSERVATIVE_T1,margin_szse,301357,True
2025-03-07,AGGREGATOR|research-node|akshare@1.18.97|stock_margin_detail_szse,,,2026-09-26T08:55:27.341955+00:00,2025-03-10,CONSERVATIVE_T1,margin_szse,000078,True
2025-03-07,AGGREGATOR|research-node|akshare@1.18.97|stock_margin_detail_szse,,,2026-09-26T08:55:27.341955+00:00,2025-03-10,CONSERVATIVE_T1,margin_szse,000685,True
2025-03-07,AGGREGATOR|research-node|akshare@1.18.97|stock_margin_detail_szse,,,2026-09-26T08:55:27.341955+00:00,2025-03-10,CONSERVATIVE_T1,margin_szse,000825,True
2025-03-07,AGGREGATOR|research-node|akshare@1.18.97|stock_margin_detail_szse,,,2026-09-26T08:55:27.341955+00:00,2025-03-10,CONSERVATIVE_T1,margin_szse,002185,True
2025-03-07,AGGREGATOR|research-node|akshare@1.18.97|stock_margin_detail_szse,,,2026-09-26T08:55:27.341955+00:00,2025-03-10,CONSERVATIVE_T1,margin_szse,002440,True
2025-03-07,AGGREGATOR|research-node|akshare@1.18.97|stock_margin_detail_szse,,,2026-09-26T08:55:27.341955+00:00,2025-03-10,CONSERVATIVE_T1,margin_szse,300147,True
2025-03-07,AGGREGATOR|research-node|akshare@1.18.97|stock_margin_detail_szse,,,2026-09-26T08:55:27.341955+00:00,2025-03-10,CONSERVATIVE_T1,margin_szse,300342,True
2025-03-07,AGGREGATOR|research-node|akshare@1.18.97|stock_margin_detail_szse,,,2026-09-26T08:55:27.341955+00:00,2025-03-10,CONSERVATIVE_T1,margin_szse,301297,True
2025-03-07,AGGREGATOR|research-node|akshare@1.18.97|stock_margin_detail_szse,,,2026-09-26T08:55:27.341955+00:00,2025-03-10,CONSERVATIVE_T1,margin_szse,301353,True
2025-03-07,AGGREGATOR|research-node|akshare@1.18.97|stock_margin_detail_szse,,,2026-09-26T08:55:27.341955+00:00,2025-03-10,CONSERVATIVE_T1,margin_szse,301357,True
2025-03-10,AGGREGATOR|research-node|akshare@1.18.97|stock_margin_detail_szse,,,2026-09-26T08:55:29.626234+00:00,2025-03-11,CONSERVATIVE_T1,margin_szse,000078,True
2025-03-10,AGGREGATOR|research-node|akshare@1.18.97|stock_margin_detail_szse,,,2026-09-26T08:55:29.626234+00:00,2025-03-11,CONSERVATIVE_T1,margin_szse,000685,True
2025-03-10,AGGREGATOR|research-node|akshare@1.18.97|stock_margin_detail_szse,,,2026-09-26T08:55:29.626234+00:00,2025-03-11,CONSERVATIVE_T1,margin_szse,000825,True
2025-03-10,AGGREGATOR|research-node|akshare@1.18.97|stock_margin_detail_szse,,,2026-09-26T08:55:29.626234+00:00,2025-03-11,CONSERVATIVE_T1,margin_szse,002185,True
2025-03-10,AGGREGATOR|research-node|akshare@1.18.97|stock_margin_detail_szse,,,2026-09-26T08:55:29.626234+00:00,2025-03-11,CONSERVATIVE_T1,margin_szse,002440,True
2025-03-10,AGGREGATOR|research-node|akshare@1.18.97|stock_margin_detail_szse,,,2026-09-26T08:55:29.626234+00:00,2025-03-11,CONSERVATIVE_T1,margin_szse,300147,True
2025-03-10,AGGREGATOR|research-node|akshare@1.18.97|stock_margin_detail_szse,,,2026-09-26T08:55:29.626234+00:00,2025-03-11,CONSERVATIVE_T1,margin_szse,300342,True
2025-03-10,AGGREGATOR|research-node|akshare@1.18.97|stock_margin_detail_szse,,,2026-09-26T08:55:29.626234+00:00,2025-03-11,CONSERVATIVE_T1,margin_szse,301297,True
2025-03-10,AGGREGATOR|research-node|akshare@1.18.97|stock_margin_detail_szse,,,2026-09-26T08:55:29.626234+00:00,2025-03-11,CONSERVATIVE_T1,margin_szse,301353,True
2025-03-10,AGGREGATOR|research-node|akshare@1.18.97|stock_margin_detail_szse,,,2026-09-26T08:55:29.626234+00:00,2025-03-11,CONSERVATIVE_T1,margin_szse,301357,True
2025-03-11,AGGREGATOR|research-node|akshare@1.18.97|stock_margin_detail_szse,,,2026-09-26T08:55:31.890924+00:00,2025-03-12,CONSERVATIVE_T1,margin_szse,000078,True
2025-03-11,AGGREGATOR|research-node|akshare@1.18.97|stock_margin_detail_szse,,,2026-09-26T08:55:31.890924+00:00,2025-03-12,CONSERVATIVE_T1,margin_szse,000685,True
2025-03-11,AGGREGATOR|research-node|akshare@1.18.97|stock_margin_detail_szse,,,2026-09-26T08:55:31.890924+00:00,2025-03-12,CONSERVATIVE_T1,margin_szse,000825,True
2025-03-11,AGGREGATOR|research-node|akshare@1.18.97|stock_margin_detail_szse,,,2026-09-26T08:55:31.890924+00:00,2025-03-12,CONSERVATIVE_T1,margin_szse,002185,True
2025-03-11,AGGREGATOR|research-node|akshare@1.18.97|stock_margin_detail_szse,,,2026-09-26T08:55:31.890924+00:00,2025-03-12,CONSERVATIVE_T1,margin_szse,002440,True
2025-03-11,AGGREGATOR|research-node|akshare@1.18.97|stock_margin_detail_szse,,,2026-09-26T08:55:31.890924+00:00,2025-03-12,CONSERVATIVE_T1,margin_szse,300147,True
2025-03-11,AGGREGATOR|research-node|akshare@1.18.97|stock_margin_detail_szse,,,2026-09-26T08:55:31.890924+00:00,2025-03-12,CONSERVATIVE_T1,margin_szse,300342,True
2025-03-11,AGGREGATOR|research-node|akshare@1.18.97|stock_margin_detail_szse,,,2026-09-26T08:55:31.890924+00:00,2025-03-12,CONSERVATIVE_T1,margin_szse,301297,True
2025-03-11,AGGREGATOR|research-node|akshare@1.18.97|stock_margin_detail_szse,,,2026-09-26T08:55:31.890924+00:00,2025-03-12,CONSERVATIVE_T1,margin_szse,301353,True
2025-03-11,AGGREGATOR|research-node|akshare@1.18.97|stock_margin_detail_szse,,,2026-09-26T08:55:31.890924+00:00,2025-03-12,CONSERVATIVE_T1,margin_szse,301357,True
2025-03-12,AGGREGATOR|research-node|akshare@1.18.97|stock_margin_detail_szse,,,2026-09-26T08:55:34.097829+00:00,2025-03-13,CONSERVATIVE_T1,margin_szse,000078,True
2025-03-12,AGGREGATOR|research-node|akshare@1.18.97|stock_margin_detail_szse,,,2026-09-26T08:55:34.097829+00:00,2025-03-13,CONSERVATIVE_T1,margin_szse,000685,True
2025-03-12,AGGREGATOR|research-node|akshare@1.18.97|stock_margin_detail_szse,,,2026-09-26T08:55:34.097829+00:00,2025-03-13,CONSERVATIVE_T1,margin_szse,000825,True
2025-03-12,AGGREGATOR|research-node|akshare@1.18.97|stock_margin_detail_szse,,,2026-09-26T08:55:34.097829+00:00,2025-03-13,CONSERVATIVE_T1,margin_szse,002185,True
2025-03-12,AGGREGATOR|research-node|akshare@1.18.97|stock_margin_detail_szse,,,2026-09-26T08:55:34.097829+00:00,2025-03-13,CONSERVATIVE_T1,margin_szse,002440,True
2025-03-12,AGGREGATOR|research-node|akshare@1.18.97|stock_margin_detail_szse,,,2026-09-26T08:55:34.097829+00:00,2025-03-13,CONSERVATIVE_T1,margin_szse,300147,True
2025-03-12,AGGREGATOR|research-node|akshare@1.18.97|stock_margin_detail_szse,,,2026-09-26T08:55:34.097829+00:00,2025-03-13,CONSERVATIVE_T1,margin_szse,300342,True
2025-03-12,AGGREGATOR|research-node|akshare@1.18.97|stock_margin_detail_szse,,,2026-09-26T08:55:34.097829+00:00,2025-03-13,CONSERVATIVE_T1,margin_szse,301297,True
2025-03-12,AGGREGATOR|research-node|akshare@1.18.97|stock_margin_detail_szse,,,2026-09-26T08:55:34.097829+00:00,2025-03-13,CONSERVATIVE_T1,margin_szse,301353,True
2025-03-12,AGGREGATOR|research-node|akshare@1.18.97|stock_margin_detail_szse,,,2026-09-26T08:55:34.097829+00:00,2025-03-13,CONSERVATIVE_T1,margin_szse,301357,True
2025-03-13,AGGREGATOR|research-node|akshare@1.18.97|stock_margin_detail_szse,,,2026-09-26T08:55:36.424233+00:00,2025-03-14,CONSERVATIVE_T1,margin_szse,000078,True
2025-03-13,AGGREGATOR|research-node|akshare@1.18.97|stock_margin_detail_szse,,,2026-09-26T08:55:36.424233+00:00,2025-03-14,CONSERVATIVE_T1,margin_szse,000685,True
2025-03-13,AGGREGATOR|research-node|akshare@1.18.97|stock_margin_detail_szse,,,2026-09-26T08:55:36.424233+00:00,2025-03-14,CONSERVATIVE_T1,margin_szse,000825,True
2025-03-13,AGGREGATOR|research-node|akshare@1.18.97|stock_margin_detail_szse,,,2026-09-26T08:55:36.424233+00:00,2025-03-14,CONSERVATIVE_T1,margin_szse,002185,True
2025-03-13,AGGREGATOR|research-node|akshare@1.18.97|stock_margin_detail_szse,,,2026-09-26T08:55:36.424233+00:00,2025-03-14,CONSERVATIVE_T1,margin_szse,002440,True
2025-03-13,AGGREGATOR|research-node|akshare@1.18.97|stock_margin_detail_szse,,,2026-09-26T08:55:36.424233+00:00,2025-03-14,CONSERVATIVE_T1,margin_szse,300147,True
2025-03-13,AGGREGATOR|research-node|akshare@1.18.97|stock_margin_detail_szse,,,2026-09-26T08:55:36.424233+00:00,2025-03-14,CONSERVATIVE_T1,margin_szse,300342,True
2025-03-13,AGGREGATOR|research-node|akshare@1.18.97|stock_margin_detail_szse,,,2026-09-26T08:55:36.424233+00:00,2025-03-14,CONSERVATIVE_T1,margin_szse,301297,True
2025-03-13,AGGREGATOR|research-node|akshare@1.18.97|stock_margin_detail_szse,,,2026-09-26T08:55:36.424233+00:00,2025-03-14,CONSERVATIVE_T1,margin_szse,301353,True
2025-03-13,AGGREGATOR|research-node|akshare@1.18.97|stock_margin_detail_szse,,,2026-09-26T08:55:36.424233+00:00,2025-03-14,CONSERVATIVE_T1,margin_szse,301357,True
2025-03-14,AGGREGATOR|research-node|akshare@1.18.97|stock_margin_detail_szse,,,2026-09-26T08:55:38.735915+00:00,2025-03-17,CONSERVATIVE_T1,margin_szse,000078,True
2025-03-14,AGGREGATOR|research-node|akshare@1.18.97|stock_margin_detail_szse,,,2026-09-26T08:55:38.735915+00:00,2025-03-17,CONSERVATIVE_T1,margin_szse,000685,True
2025-03-14,AGGREGATOR|research-node|akshare@1.18.97|stock_margin_detail_szse,,,2026-09-26T08:55:38.735915+00:00,2025-03-17,CONSERVATIVE_T1,margin_szse,000825,True
2025-03-14,AGGREGATOR|research-node|akshare@1.18.97|stock_margin_detail_szse,,,2026-09-26T08:55:38.735915+00:00,2025-03-17,CONSERVATIVE_T1,margin_szse,002185,True
2025-03-14,AGGREGATOR|research-node|akshare@1.18.97|stock_margin_detail_szse,,,2026-09-26T08:55:38.735915+00:00,2025-03-17,CONSERVATIVE_T1,margin_szse,002440,True
2025-03-14,AGGREGATOR|research-node|akshare@1.18.97|stock_margin_detail_szse,,,2026-09-26T08:55:38.735915+00:00,2025-03-17,CONSERVATIVE_T1,margin_szse,300147,True
2025-03-14,AGGREGATOR|research-node|akshare@1.18.97|stock_margin_detail_szse,,,2026-09-26T08:55:38.735915+00:00,2025-03-17,CONSERVATIVE_T1,margin_szse,300342,True
2025-03-14,AGGREGATOR|research-node|akshare@1.18.97|stock_margin_detail_szse,,,2026-09-26T08:55:38.735915+00:00,2025-03-17,CONSERVATIVE_T1,margin_szse,301297,True
2025-03-14,AGGREGATOR|research-node|akshare@1.18.97|stock_margin_detail_szse,,,2026-09-26T08:55:38.735915+00:00,2025-03-17,CONSERVATIVE_T1,margin_szse,301353,True
2025-03-14,AGGREGATOR|research-node|akshare@1.18.97|stock_margin_detail_szse,,,2026-09-26T08:55:38.735915+00:00,2025-03-17,CONSERVATIVE_T1,margin_szse,301357,True
2025-03-17,AGGREGATOR|research-node|akshare@1.18.97|stock_margin_detail_szse,,,2026-09-26T08:55:40.955935+00:00,2025-03-18,CONSERVATIVE_T1,margin_szse,000078,True
2025-03-17,AGGREGATOR|research-node|akshare@1.18.97|stock_margin_detail_szse,,,2026-09-26T08:55:40.955935+00:00,2025-03-18,CONSERVATIVE_T1,margin_szse,000685,True
2025-03-17,AGGREGATOR|research-node|akshare@1.18.97|stock_margin_detail_szse,,,2026-09-26T08:55:40.955935+00:00,2025-03-18,CONSERVATIVE_T1,margin_szse,000825,True
2025-03-17,AGGREGATOR|research-node|akshare@1.18.97|stock_margin_detail_szse,,,2026-09-26T08:55:40.955935+00:00,2025-03-18,CONSERVATIVE_T1,margin_szse,002185,True
2025-03-17,AGGREGATOR|research-node|akshare@1.18.97|stock_margin_detail_szse,,,2026-09-26T08:55:40.955935+00:00,2025-03-18,CONSERVATIVE_T1,margin_szse,002440,True
2025-03-17,AGGREGATOR|research-node|akshare@1.18.97|stock_margin_detail_szse,,,2026-09-26T08:55:40.955935+00:00,2025-03-18,CONSERVATIVE_T1,margin_szse,300147,True
2025-03-17,AGGREGATOR|research-node|akshare@1.18.97|stock_margin_detail_szse,,,2026-09-26T08:55:40.955935+00:00,2025-03-18,CONSERVATIVE_T1,margin_szse,300342,True
2025-03-17,AGGREGATOR|research-node|akshare@1.18.97|stock_margin_detail_szse,,,2026-09-26T08:55:40.955935+00:00,2025-03-18,CONSERVATIVE_T1,margin_szse,301297,True
2025-03-17,AGGREGATOR|research-node|akshare@1.18.97|stock_margin_detail_szse,,,2026-09-26T08:55:40.955935+00:00,2025-03-18,CONSERVATIVE_T1,margin_szse,301353,True
2025-03-17,AGGREGATOR|research-node|akshare@1.18.97|stock_margin_detail_szse,,,2026-09-26T08:55:40.955935+00:00,2025-03-18,CONSERVATIVE_T1,margin_szse,301357,True
2025-03-18,AGGREGATOR|research-node|akshare@1.18.97|stock_margin_detail_szse,,,2026-09-26T08:55:43.275244+00:00,2025-03-19,CONSERVATIVE_T1,margin_szse,000078,True
2025-03-18,AGGREGATOR|research-node|akshare@1.18.97|stock_margin_detail_szse,,,2026-09-26T08:55:43.275244+00:00,2025-03-19,CONSERVATIVE_T1,margin_szse,000685,True
2025-03-18,AGGREGATOR|research-node|akshare@1.18.97|stock_margin_detail_szse,,,2026-09-26T08:55:43.275244+00:00,2025-03-19,CONSERVATIVE_T1,margin_szse,000825,True
2025-03-18,AGGREGATOR|research-node|akshare@1.18.97|stock_margin_detail_szse,,,2026-09-26T08:55:43.275244+00:00,2025-03-19,CONSERVATIVE_T1,margin_szse,002185,True
2025-03-18,AGGREGATOR|research-node|akshare@1.18.97|stock_margin_detail_szse,,,2026-09-26T08:55:43.275244+00:00,2025-03-19,CONSERVATIVE_T1,margin_szse,002440,True
2025-03-18,AGGREGATOR|research-node|akshare@1.18.97|stock_margin_detail_szse,,,2026-09-26T08:55:43.275244+00:00,2025-03-19,CONSERVATIVE_T1,margin_szse,300147,True
2025-03-18,AGGREGATOR|research-node|akshare@1.18.97|stock_margin_detail_szse,,,2026-09-26T08:55:43.275244+00:00,2025-03-19,CONSERVATIVE_T1,margin_szse,300342,True
2025-03-18,AGGREGATOR|research-node|akshare@1.18.97|stock_margin_detail_szse,,,2026-09-26T08:55:43.275244+00:00,2025-03-19,CONSERVATIVE_T1,margin_szse,301297,True
2025-03-18,AGGREGATOR|research-node|akshare@1.18.97|stock_margin_detail_szse,,,2026-09-26T08:55:43.275244+00:00,2025-03-19,CONSERVATIVE_T1,margin_szse,301353,True
2025-03-18,AGGREGATOR|research-node|akshare@1.18.97|stock_margin_detail_szse,,,2026-09-26T08:55:43.275244+00:00,2025-03-19,CONSERVATIVE_T1,margin_szse,301357,True
2025-03-19,AGGREGATOR|research-node|akshare@1.18.97|stock_margin_detail_szse,,,2026-09-26T08:55:45.533763+00:00,2025-03-20,CONSERVATIVE_T1,margin_szse,000078,True
2025-03-19,AGGREGATOR|research-node|akshare@1.18.97|stock_margin_detail_szse,,,2026-09-26T08:55:45.533763+00:00,2025-03-20,CONSERVATIVE_T1,margin_szse,000685,True
2025-03-19,AGGREGATOR|research-node|akshare@1.18.97|stock_margin_detail_szse,,,2026-09-26T08:55:45.533763+00:00,2025-03-20,CONSERVATIVE_T1,margin_szse,000825,True
2025-03-19,AGGREGATOR|research-node|akshare@1.18.97|stock_margin_detail_szse,,,2026-09-26T08:55:45.533763+00:00,2025-03-20,CONSERVATIVE_T1,margin_szse,002185,True
2025-03-19,AGGREGATOR|research-node|akshare@1.18.97|stock_margin_detail_szse,,,2026-09-26T08:55:45.533763+00:00,2025-03-20,CONSERVATIVE_T1,margin_szse,002440,True
2025-03-19,AGGREGATOR|research-node|akshare@1.18.97|stock_margin_detail_szse,,,2026-09-26T08:55:45.533763+00:00,2025-03-20,CONSERVATIVE_T1,margin_szse,300147,True
2025-03-19,AGGREGATOR|research-node|akshare@1.18.97|stock_margin_detail_szse,,,2026-09-26T08:55:45.533763+00:00,2025-03-20,CONSERVATIVE_T1,margin_szse,300342,True
2025-03-19,AGGREGATOR|research-node|akshare@1.18.97|stock_margin_detail_szse,,,2026-09-26T08:55:45.533763+00:00,2025-03-20,CONSERVATIVE_T1,margin_szse,301297,True
2025-03-19,AGGREGATOR|research-node|akshare@1.18.97|stock_margin_detail_szse,,,2026-09-26T08:55:45.533763+00:00,2025-03-20,CONSERVATIVE_T1,margin_szse,301353,True
2025-03-19,AGGREGATOR|research-node|akshare@1.18.97|stock_margin_detail_szse,,,2026-09-26T08:55:45.533763+00:00,2025-03-20,CONSERVATIVE_T1,margin_szse,301357,True
2025-03-20,AGGREGATOR|research-node|akshare@1.18.97|stock_margin_detail_szse,,,2026-09-26T08:55:47.942120+00:00,2025-03-21,CONSERVATIVE_T1,margin_szse,000078,True
2025-03-20,AGGREGATOR|research-node|akshare@1.18.97|stock_margin_detail_szse,,,2026-09-26T08:55:47.942120+00:00,2025-03-21,CONSERVATIVE_T1,margin_szse,000685,True
2025-03-20,AGGREGATOR|research-node|akshare@1.18.97|stock_margin_detail_szse,,,2026-09-26T08:55:47.942120+00:00,2025-03-21,CONSERVATIVE_T1,margin_szse,000825,True
2025-03-20,AGGREGATOR|research-node|akshare@1.18.97|stock_margin_detail_szse,,,2026-09-26T08:55:47.942120+00:00,2025-03-21,CONSERVATIVE_T1,margin_szse,002185,True
2025-03-20,AGGREGATOR|research-node|akshare@1.18.97|stock_margin_detail_szse,,,2026-09-26T08:55:47.942120+00:00,2025-03-21,CONSERVATIVE_T1,margin_szse,002440,True
2025-03-20,AGGREGATOR|research-node|akshare@1.18.97|stock_margin_detail_szse,,,2026-09-26T08:55:47.942120+00:00,2025-03-21,CONSERVATIVE_T1,margin_szse,300147,True
2025-03-20,AGGREGATOR|research-node|akshare@1.18.97|stock_margin_detail_szse,,,2026-09-26T08:55:47.942120+00:00,2025-03-21,CONSERVATIVE_T1,margin_szse,300342,True
2025-03-20,AGGREGATOR|research-node|akshare@1.18.97|stock_margin_detail_szse,,,2026-09-26T08:55:47.942120+00:00,2025-03-21,CONSERVATIVE_T1,margin_szse,301297,True
2025-03-20,AGGREGATOR|research-node|akshare@1.18.97|stock_margin_detail_szse,,,2026-09-26T08:55:47.942120+00:00,2025-03-21,CONSERVATIVE_T1,margin_szse,301353,True
2025-03-20,AGGREGATOR|research-node|akshare@1.18.97|stock_margin_detail_szse,,,2026-09-26T08:55:47.942120+00:00,2025-03-21,CONSERVATIVE_T1,margin_szse,301357,True
2025-03-21,AGGREGATOR|research-node|akshare@1.18.97|stock_margin_detail_szse,,,2026-09-26T08:55:50.211062+00:00,2025-03-24,CONSERVATIVE_T1,margin_szse,000078,True
2025-03-21,AGGREGATOR|research-node|akshare@1.18.97|stock_margin_detail_szse,,,2026-09-26T08:55:50.211062+00:00,2025-03-24,CONSERVATIVE_T1,margin_szse,000685,True
2025-03-21,AGGREGATOR|research-node|akshare@1.18.97|stock_margin_detail_szse,,,2026-09-26T08:55:50.211062+00:00,2025-03-24,CONSERVATIVE_T1,margin_szse,000825,True
2025-03-21,AGGREGATOR|research-node|akshare@1.18.97|stock_margin_detail_szse,,,2026-09-26T08:55:50.211062+00:00,2025-03-24,CONSERVATIVE_T1,margin_szse,002185,True
2025-03-21,AGGREGATOR|research-node|akshare@1.18.97|stock_margin_detail_szse,,,2026-09-26T08:55:50.211062+00:00,2025-03-24,CONSERVATIVE_T1,margin_szse,002440,True
2025-03-21,AGGREGATOR|research-node|akshare@1.18.97|stock_margin_detail_szse,,,2026-09-26T08:55:50.211062+00:00,2025-03-24,CONSERVATIVE_T1,margin_szse,300147,True
2025-03-21,AGGREGATOR|research-node|akshare@1.18.97|stock_margin_detail_szse,,,2026-09-26T08:55:50.211062+00:00,2025-03-24,CONSERVATIVE_T1,margin_szse,300342,True
2025-03-21,AGGREGATOR|research-node|akshare@1.18.97|stock_margin_detail_szse,,,2026-09-26T08:55:50.211062+00:00,2025-03-24,CONSERVATIVE_T1,margin_szse,301297,True
2025-03-21,AGGREGATOR|research-node|akshare@1.18.97|stock_margin_detail_szse,,,2026-09-26T08:55:50.211062+00:00,2025-03-24,CONSERVATIVE_T1,margin_szse,301353,True
2025-03-21,AGGREGATOR|research-node|akshare@1.18.97|stock_margin_detail_szse,,,2026-09-26T08:55:50.211062+00:00,2025-03-24,CONSERVATIVE_T1,margin_szse,301357,True
2025-03-24,AGGREGATOR|research-node|akshare@1.18.97|stock_margin_detail_szse,,,2026-09-26T08:55:52.467579+00:00,2025-03-25,CONSERVATIVE_T1,margin_szse,000078,True
2025-03-24,AGGREGATOR|research-node|akshare@1.18.97|stock_margin_detail_szse,,,2026-09-26T08:55:52.467579+00:00,2025-03-25,CONSERVATIVE_T1,margin_szse,000685,True
2025-03-24,AGGREGATOR|research-node|akshare@1.18.97|stock_margin_detail_szse,,,2026-09-26T08:55:52.467579+00:00,2025-03-25,CONSERVATIVE_T1,margin_szse,000825,True
2025-03-24,AGGREGATOR|research-node|akshare@1.18.97|stock_margin_detail_szse,,,2026-09-26T08:55:52.467579+00:00,2025-03-25,CONSERVATIVE_T1,margin_szse,002185,True
2025-03-24,AGGREGATOR|research-node|akshare@1.18.97|stock_margin_detail_szse,,,2026-09-26T08:55:52.467579+00:00,2025-03-25,CONSERVATIVE_T1,margin_szse,002440,True
2025-03-24,AGGREGATOR|research-node|akshare@1.18.97|stock_margin_detail_szse,,,2026-09-26T08:55:52.467579+00:00,2025-03-25,CONSERVATIVE_T1,margin_szse,300147,True
2025-03-24,AGGREGATOR|research-node|akshare@1.18.97|stock_margin_detail_szse,,,2026-09-26T08:55:52.467579+00:00,2025-03-25,CONSERVATIVE_T1,margin_szse,300342,True
2025-03-24,AGGREGATOR|research-node|akshare@1.18.97|stock_margin_detail_szse,,,2026-09-26T08:55:52.467579+00:00,2025-03-25,CONSERVATIVE_T1,margin_szse,301297,True
2025-03-24,AGGREGATOR|research-node|akshare@1.18.97|stock_margin_detail_szse,,,2026-09-26T08:55:52.467579+00:00,2025-03-25,CONSERVATIVE_T1,margin_szse,301353,True
2025-03-24,AGGREGATOR|research-node|akshare@1.18.97|stock_margin_detail_szse,,,2026-09-26T08:55:52.467579+00:00,2025-03-25,CONSERVATIVE_T1,margin_szse,301357,True
2025-03-25,AGGREGATOR|research-node|akshare@1.18.97|stock_margin_detail_szse,,,2026-09-26T08:55:54.683523+00:00,2025-03-26,CONSERVATIVE_T1,margin_szse,000078,True
2025-03-25,AGGREGATOR|research-node|akshare@1.18.97|stock_margin_detail_szse,,,2026-09-26T08:55:54.683523+00:00,2025-03-26,CONSERVATIVE_T1,margin_szse,000685,True
2025-03-25,AGGREGATOR|research-node|akshare@1.18.97|stock_margin_detail_szse,,,2026-09-26T08:55:54.683523+00:00,2025-03-26,CONSERVATIVE_T1,margin_szse,000825,True
2025-03-25,AGGREGATOR|research-node|akshare@1.18.97|stock_margin_detail_szse,,,2026-09-26T08:55:54.683523+00:00,2025-03-26,CONSERVATIVE_T1,margin_szse,002185,True
2025-03-25,AGGREGATOR|research-node|akshare@1.18.97|stock_margin_detail_szse,,,2026-09-26T08:55:54.683523+00:00,2025-03-26,CONSERVATIVE_T1,margin_szse,002440,True
2025-03-25,AGGREGATOR|research-node|akshare@1.18.97|stock_margin_detail_szse,,,2026-09-26T08:55:54.683523+00:00,2025-03-26,CONSERVATIVE_T1,margin_szse,300342,True
2025-03-25,AGGREGATOR|research-node|akshare@1.18.97|stock_margin_detail_szse,,,2026-09-26T08:55:54.683523+00:00,2025-03-26,CONSERVATIVE_T1,margin_szse,301297,True
2025-03-25,AGGREGATOR|research-node|akshare@1.18.97|stock_margin_detail_szse,,,2026-09-26T08:55:54.683523+00:00,2025-03-26,CONSERVATIVE_T1,margin_szse,301353,True
2025-03-25,AGGREGATOR|research-node|akshare@1.18.97|stock_margin_detail_szse,,,2026-09-26T08:55:54.683523+00:00,2025-03-26,CONSERVATIVE_T1,margin_szse,301357,True
2025-03-26,AGGREGATOR|research-node|akshare@1.18.97|stock_margin_detail_szse,,,2026-09-26T08:55:57.007387+00:00,2025-03-27,CONSERVATIVE_T1,margin_szse,000078,True
2025-03-26,AGGREGATOR|research-node|akshare@1.18.97|stock_margin_detail_szse,,,2026-09-26T08:55:57.007387+00:00,2025-03-27,CONSERVATIVE_T1,margin_szse,000685,True
2025-03-26,AGGREGATOR|research-node|akshare@1.18.97|stock_margin_detail_szse,,,2026-09-26T08:55:57.007387+00:00,2025-03-27,CONSERVATIVE_T1,margin_szse,000825,True
2025-03-26,AGGREGATOR|research-node|akshare@1.18.97|stock_margin_detail_szse,,,2026-09-26T08:55:57.007387+00:00,2025-03-27,CONSERVATIVE_T1,margin_szse,002185,True
2025-03-26,AGGREGATOR|research-node|akshare@1.18.97|stock_margin_detail_szse,,,2026-09-26T08:55:57.007387+00:00,2025-03-27,CONSERVATIVE_T1,margin_szse,002440,True
2025-03-26,AGGREGATOR|research-node|akshare@1.18.97|stock_margin_detail_szse,,,2026-09-26T08:55:57.007387+00:00,2025-03-27,CONSERVATIVE_T1,margin_szse,300342,True
2025-03-26,AGGREGATOR|research-node|akshare@1.18.97|stock_margin_detail_szse,,,2026-09-26T08:55:57.007387+00:00,2025-03-27,CONSERVATIVE_T1,margin_szse,301297,True
2025-03-26,AGGREGATOR|research-node|akshare@1.18.97|stock_margin_detail_szse,,,2026-09-26T08:55:57.007387+00:00,2025-03-27,CONSERVATIVE_T1,margin_szse,301353,True
2025-03-26,AGGREGATOR|research-node|akshare@1.18.97|stock_margin_detail_szse,,,2026-09-26T08:55:57.007387+00:00,2025-03-27,CONSERVATIVE_T1,margin_szse,301357,True
2025-03-27,AGGREGATOR|research-node|akshare@1.18.97|stock_margin_detail_szse,,,2026-09-26T08:55:59.392825+00:00,2025-03-28,CONSERVATIVE_T1,margin_szse,000078,True
2025-03-27,AGGREGATOR|research-node|akshare@1.18.97|stock_margin_detail_szse,,,2026-09-26T08:55:59.392825+00:00,2025-03-28,CONSERVATIVE_T1,margin_szse,000685,True
2025-03-27,AGGREGATOR|research-node|akshare@1.18.97|stock_margin_detail_szse,,,2026-09-26T08:55:59.392825+00:00,2025-03-28,CONSERVATIVE_T1,margin_szse,000825,True
2025-03-27,AGGREGATOR|research-node|akshare@1.18.97|stock_margin_detail_szse,,,2026-09-26T08:55:59.392825+00:00,2025-03-28,CONSERVATIVE_T1,margin_szse,002185,True
2025-03-27,AGGREGATOR|research-node|akshare@1.18.97|stock_margin_detail_szse,,,2026-09-26T08:55:59.392825+00:00,2025-03-28,CONSERVATIVE_T1,margin_szse,002440,True
2025-03-27,AGGREGATOR|research-node|akshare@1.18.97|stock_margin_detail_szse,,,2026-09-26T08:55:59.392825+00:00,2025-03-28,CONSERVATIVE_T1,margin_szse,300342,True
2025-03-27,AGGREGATOR|research-node|akshare@1.18.97|stock_margin_detail_szse,,,2026-09-26T08:55:59.392825+00:00,2025-03-28,CONSERVATIVE_T1,margin_szse,301297,True
2025-03-27,AGGREGATOR|research-node|akshare@1.18.97|stock_margin_detail_szse,,,2026-09-26T08:55:59.392825+00:00,2025-03-28,CONSERVATIVE_T1,margin_szse,301353,True
2025-03-27,AGGREGATOR|research-node|akshare@1.18.97|stock_margin_detail_szse,,,2026-09-26T08:55:59.392825+00:00,2025-03-28,CONSERVATIVE_T1,margin_szse,301357,True
2025-03-28,AGGREGATOR|research-node|akshare@1.18.97|stock_margin_detail_szse,,,2026-09-26T08:56:01.658645+00:00,2025-03-31,CONSERVATIVE_T1,margin_szse,000078,True
2025-03-28,AGGREGATOR|research-node|akshare@1.18.97|stock_margin_detail_szse,,,2026-09-26T08:56:01.658645+00:00,2025-03-31,CONSERVATIVE_T1,margin_szse,000685,True
2025-03-28,AGGREGATOR|research-node|akshare@1.18.97|stock_margin_detail_szse,,,2026-09-26T08:56:01.658645+00:00,2025-03-31,CONSERVATIVE_T1,margin_szse,000825,True
2025-03-28,AGGREGATOR|research-node|akshare@1.18.97|stock_margin_detail_szse,,,2026-09-26T08:56:01.658645+00:00,2025-03-31,CONSERVATIVE_T1,margin_szse,002185,True
2025-03-28,AGGREGATOR|research-node|akshare@1.18.97|stock_margin_detail_szse,,,2026-09-26T08:56:01.658645+00:00,2025-03-31,CONSERVATIVE_T1,margin_szse,002440,True
2025-03-28,AGGREGATOR|research-node|akshare@1.18.97|stock_margin_detail_szse,,,2026-09-26T08:56:01.658645+00:00,2025-03-31,CONSERVATIVE_T1,margin_szse,300342,True
2025-03-28,AGGREGATOR|research-node|akshare@1.18.97|stock_margin_detail_szse,,,2026-09-26T08:56:01.658645+00:00,2025-03-31,CONSERVATIVE_T1,margin_szse,301297,True
2025-03-28,AGGREGATOR|research-node|akshare@1.18.97|stock_margin_detail_szse,,,2026-09-26T08:56:01.658645+00:00,2025-03-31,CONSERVATIVE_T1,margin_szse,301353,True
2025-03-28,AGGREGATOR|research-node|akshare@1.18.97|stock_margin_detail_szse,,,2026-09-26T08:56:01.658645+00:00,2025-03-31,CONSERVATIVE_T1,margin_szse,301357,True
2025-03-31,AGGREGATOR|research-node|akshare@1.18.97|stock_margin_detail_szse,,,2026-09-26T08:56:03.953354+00:00,2025-04-01,CONSERVATIVE_T1,margin_szse,000078,True
2025-03-31,AGGREGATOR|research-node|akshare@1.18.97|stock_margin_detail_szse,,,2026-09-26T08:56:03.953354+00:00,2025-04-01,CONSERVATIVE_T1,margin_szse,000685,True
2025-03-31,AGGREGATOR|research-node|akshare@1.18.97|stock_margin_detail_szse,,,2026-09-26T08:56:03.953354+00:00,2025-04-01,CONSERVATIVE_T1,margin_szse,000825,True
2025-03-31,AGGREGATOR|research-node|akshare@1.18.97|stock_margin_detail_szse,,,2026-09-26T08:56:03.953354+00:00,2025-04-01,CONSERVATIVE_T1,margin_szse,002185,True
2025-03-31,AGGREGATOR|research-node|akshare@1.18.97|stock_margin_detail_szse,,,2026-09-26T08:56:03.953354+00:00,2025-04-01,CONSERVATIVE_T1,margin_szse,002440,True
2025-03-31,AGGREGATOR|research-node|akshare@1.18.97|stock_margin_detail_szse,,,2026-09-26T08:56:03.953354+00:00,2025-04-01,CONSERVATIVE_T1,margin_szse,300342,True
2025-03-31,AGGREGATOR|research-node|akshare@1.18.97|stock_margin_detail_szse,,,2026-09-26T08:56:03.953354+00:00,2025-04-01,CONSERVATIVE_T1,margin_szse,301297,True
2025-03-31,AGGREGATOR|research-node|akshare@1.18.97|stock_margin_detail_szse,,,2026-09-26T08:56:03.953354+00:00,2025-04-01,CONSERVATIVE_T1,margin_szse,301353,True
2025-03-31,AGGREGATOR|research-node|akshare@1.18.97|stock_margin_detail_szse,,,2026-09-26T08:56:03.953354+00:00,2025-04-01,CONSERVATIVE_T1,margin_szse,301357,True
2025-04-01,AGGREGATOR|research-node|akshare@1.18.97|stock_margin_detail_szse,,,2026-09-26T08:56:06.307725+00:00,2025-04-02,CONSERVATIVE_T1,margin_szse,000078,True
2025-04-01,AGGREGATOR|research-node|akshare@1.18.97|stock_margin_detail_szse,,,2026-09-26T08:56:06.307725+00:00,2025-04-02,CONSERVATIVE_T1,margin_szse,000685,True
2025-04-01,AGGREGATOR|research-node|akshare@1.18.97|stock_margin_detail_szse,,,2026-09-26T08:56:06.307725+00:00,2025-04-02,CONSERVATIVE_T1,margin_szse,000825,True
2025-04-01,AGGREGATOR|research-node|akshare@1.18.97|stock_margin_detail_szse,,,2026-09-26T08:56:06.307725+00:00,2025-04-02,CONSERVATIVE_T1,margin_szse,002185,True
2025-04-01,AGGREGATOR|research-node|akshare@1.18.97|stock_margin_detail_szse,,,2026-09-26T08:56:06.307725+00:00,2025-04-02,CONSERVATIVE_T1,margin_szse,002440,True
2025-04-01,AGGREGATOR|research-node|akshare@1.18.97|stock_margin_detail_szse,,,2026-09-26T08:56:06.307725+00:00,2025-04-02,CONSERVATIVE_T1,margin_szse,300342,True
2025-04-01,AGGREGATOR|research-node|akshare@1.18.97|stock_margin_detail_szse,,,2026-09-26T08:56:06.307725+00:00,2025-04-02,CONSERVATIVE_T1,margin_szse,301297,True
2025-04-01,AGGREGATOR|research-node|akshare@1.18.97|stock_margin_detail_szse,,,2026-09-26T08:56:06.307725+00:00,2025-04-02,CONSERVATIVE_T1,margin_szse,301353,True
2025-04-01,AGGREGATOR|research-node|akshare@1.18.97|stock_margin_detail_szse,,,2026-09-26T08:56:06.307725+00:00,2025-04-02,CONSERVATIVE_T1,margin_szse,301357,True
2025-04-02,AGGREGATOR|research-node|akshare@1.18.97|stock_margin_detail_szse,,,2026-09-26T08:56:08.611710+00:00,2025-04-03,CONSERVATIVE_T1,margin_szse,000078,True
2025-04-02,AGGREGATOR|research-node|akshare@1.18.97|stock_margin_detail_szse,,,2026-09-26T08:56:08.611710+00:00,2025-04-03,CONSERVATIVE_T1,margin_szse,000685,True
2025-04-02,AGGREGATOR|research-node|akshare@1.18.97|stock_margin_detail_szse,,,2026-09-26T08:56:08.611710+00:00,2025-04-03,CONSERVATIVE_T1,margin_szse,000825,True
2025-04-02,AGGREGATOR|research-node|akshare@1.18.97|stock_margin_detail_szse,,,2026-09-26T08:56:08.611710+00:00,2025-04-03,CONSERVATIVE_T1,margin_szse,002185,True
2025-04-02,AGGREGATOR|research-node|akshare@1.18.97|stock_margin_detail_szse,,,2026-09-26T08:56:08.611710+00:00,2025-04-03,CONSERVATIVE_T1,margin_szse,002440,True
2025-04-02,AGGREGATOR|research-node|akshare@1.18.97|stock_margin_detail_szse,,,2026-09-26T08:56:08.611710+00:00,2025-04-03,CONSERVATIVE_T1,margin_szse,300342,True
2025-04-02,AGGREGATOR|research-node|akshare@1.18.97|stock_margin_detail_szse,,,2026-09-26T08:56:08.611710+00:00,2025-04-03,CONSERVATIVE_T1,margin_szse,301297,True
2025-04-02,AGGREGATOR|research-node|akshare@1.18.97|stock_margin_detail_szse,,,2026-09-26T08:56:08.611710+00:00,2025-04-03,CONSERVATIVE_T1,margin_szse,301357,True
2025-04-03,AGGREGATOR|research-node|akshare@1.18.97|stock_margin_detail_szse,,,2026-09-26T08:56:10.833793+00:00,2025-04-07,CONSERVATIVE_T1,margin_szse,000078,True
2025-04-03,AGGREGATOR|research-node|akshare@1.18.97|stock_margin_detail_szse,,,2026-09-26T08:56:10.833793+00:00,2025-04-07,CONSERVATIVE_T1,margin_szse,000685,True
2025-04-03,AGGREGATOR|research-node|akshare@1.18.97|stock_margin_detail_szse,,,2026-09-26T08:56:10.833793+00:00,2025-04-07,CONSERVATIVE_T1,margin_szse,000825,True
2025-04-03,AGGREGATOR|research-node|akshare@1.18.97|stock_margin_detail_szse,,,2026-09-26T08:56:10.833793+00:00,2025-04-07,CONSERVATIVE_T1,margin_szse,002185,True
2025-04-03,AGGREGATOR|research-node|akshare@1.18.97|stock_margin_detail_szse,,,2026-09-26T08:56:10.833793+00:00,2025-04-07,CONSERVATIVE_T1,margin_szse,002440,True
2025-04-03,AGGREGATOR|research-node|akshare@1.18.97|stock_margin_detail_szse,,,2026-09-26T08:56:10.833793+00:00,2025-04-07,CONSERVATIVE_T1,margin_szse,300342,True
2025-04-03,AGGREGATOR|research-node|akshare@1.18.97|stock_margin_detail_szse,,,2026-09-26T08:56:10.833793+00:00,2025-04-07,CONSERVATIVE_T1,margin_szse,301297,True
2025-04-03,AGGREGATOR|research-node|akshare@1.18.97|stock_margin_detail_szse,,,2026-09-26T08:56:10.833793+00:00,2025-04-07,CONSERVATIVE_T1,margin_szse,301357,True
2025-04-07,AGGREGATOR|research-node|akshare@1.18.97|stock_margin_detail_szse,,,2026-09-26T08:56:13.110363+00:00,2025-04-08,CONSERVATIVE_T1,margin_szse,000078,True
2025-04-07,AGGREGATOR|research-node|akshare@1.18.97|stock_margin_detail_szse,,,2026-09-26T08:56:13.110363+00:00,2025-04-08,CONSERVATIVE_T1,margin_szse,000685,True
2025-04-07,AGGREGATOR|research-node|akshare@1.18.97|stock_margin_detail_szse,,,2026-09-26T08:56:13.110363+00:00,2025-04-08,CONSERVATIVE_T1,margin_szse,000825,True
2025-04-07,AGGREGATOR|research-node|akshare@1.18.97|stock_margin_detail_szse,,,2026-09-26T08:56:13.110363+00:00,2025-04-08,CONSERVATIVE_T1,margin_szse,002185,True
2025-04-07,AGGREGATOR|research-node|akshare@1.18.97|stock_margin_detail_szse,,,2026-09-26T08:56:13.110363+00:00,2025-04-08,CONSERVATIVE_T1,margin_szse,002440,True
2025-04-07,AGGREGATOR|research-node|akshare@1.18.97|stock_margin_detail_szse,,,2026-09-26T08:56:13.110363+00:00,2025-04-08,CONSERVATIVE_T1,margin_szse,300342,True
2025-04-07,AGGREGATOR|research-node|akshare@1.18.97|stock_margin_detail_szse,,,2026-09-26T08:56:13.110363+00:00,2025-04-08,CONSERVATIVE_T1,margin_szse,301297,True
2025-04-07,AGGREGATOR|research-node|akshare@1.18.97|stock_margin_detail_szse,,,2026-09-26T08:56:13.110363+00:00,2025-04-08,CONSERVATIVE_T1,margin_szse,301357,True
2025-04-08,AGGREGATOR|research-node|akshare@1.18.97|stock_margin_detail_szse,,,2026-09-26T08:56:15.346026+00:00,2025-04-09,CONSERVATIVE_T1,margin_szse,000078,True
2025-04-08,AGGREGATOR|research-node|akshare@1.18.97|stock_margin_detail_szse,,,2026-09-26T08:56:15.346026+00:00,2025-04-09,CONSERVATIVE_T1,margin_szse,000685,True
2025-04-08,AGGREGATOR|research-node|akshare@1.18.97|stock_margin_detail_szse,,,2026-09-26T08:56:15.346026+00:00,2025-04-09,CONSERVATIVE_T1,margin_szse,000825,True
2025-04-08,AGGREGATOR|research-node|akshare@1.18.97|stock_margin_detail_szse,,,2026-09-26T08:56:15.346026+00:00,2025-04-09,CONSERVATIVE_T1,margin_szse,002185,True
2025-04-08,AGGREGATOR|research-node|akshare@1.18.97|stock_margin_detail_szse,,,2026-09-26T08:56:15.346026+00:00,2025-04-09,CONSERVATIVE_T1,margin_szse,002440,True
2025-04-08,AGGREGATOR|research-node|akshare@1.18.97|stock_margin_detail_szse,,,2026-09-26T08:56:15.346026+00:00,2025-04-09,CONSERVATIVE_T1,margin_szse,300342,True
2025-04-08,AGGREGATOR|research-node|akshare@1.18.97|stock_margin_detail_szse,,,2026-09-26T08:56:15.346026+00:00,2025-04-09,CONSERVATIVE_T1,margin_szse,301297,True
2025-04-08,AGGREGATOR|research-node|akshare@1.18.97|stock_margin_detail_szse,,,2026-09-26T08:56:15.346026+00:00,2025-04-09,CONSERVATIVE_T1,margin_szse,301357,True
2025-04-09,AGGREGATOR|research-node|akshare@1.18.97|stock_margin_detail_szse,,,2026-09-26T08:56:17.537756+00:00,2025-04-10,CONSERVATIVE_T1,margin_szse,000078,True
2025-04-09,AGGREGATOR|research-node|akshare@1.18.97|stock_margin_detail_szse,,,2026-09-26T08:56:17.537756+00:00,2025-04-10,CONSERVATIVE_T1,margin_szse,000685,True
2025-04-09,AGGREGATOR|research-node|akshare@1.18.97|stock_margin_detail_szse,,,2026-09-26T08:56:17.537756+00:00,2025-04-10,CONSERVATIVE_T1,margin_szse,000825,True
2025-04-09,AGGREGATOR|research-node|akshare@1.18.97|stock_margin_detail_szse,,,2026-09-26T08:56:17.537756+00:00,2025-04-10,CONSERVATIVE_T1,margin_szse,002185,True
2025-04-09,AGGREGATOR|research-node|akshare@1.18.97|stock_margin_detail_szse,,,2026-09-26T08:56:17.537756+00:00,2025-04-10,CONSERVATIVE_T1,margin_szse,002440,True
2025-04-09,AGGREGATOR|research-node|akshare@1.18.97|stock_margin_detail_szse,,,2026-09-26T08:56:17.537756+00:00,2025-04-10,CONSERVATIVE_T1,margin_szse,300342,True
2025-04-09,AGGREGATOR|research-node|akshare@1.18.97|stock_margin_detail_szse,,,2026-09-26T08:56:17.537756+00:00,2025-04-10,CONSERVATIVE_T1,margin_szse,301297,True
2025-04-09,AGGREGATOR|research-node|akshare@1.18.97|stock_margin_detail_szse,,,2026-09-26T08:56:17.537756+00:00,2025-04-10,CONSERVATIVE_T1,margin_szse,301357,True
2025-04-10,AGGREGATOR|research-node|akshare@1.18.97|stock_margin_detail_szse,,,2026-09-26T08:56:19.759156+00:00,2025-04-11,CONSERVATIVE_T1,margin_szse,000078,True
2025-04-10,AGGREGATOR|research-node|akshare@1.18.97|stock_margin_detail_szse,,,2026-09-26T08:56:19.759156+00:00,2025-04-11,CONSERVATIVE_T1,margin_szse,000685,True
2025-04-10,AGGREGATOR|research-node|akshare@1.18.97|stock_margin_detail_szse,,,2026-09-26T08:56:19.759156+00:00,2025-04-11,CONSERVATIVE_T1,margin_szse,000825,True
2025-04-10,AGGREGATOR|research-node|akshare@1.18.97|stock_margin_detail_szse,,,2026-09-26T08:56:19.759156+00:00,2025-04-11,CONSERVATIVE_T1,margin_szse,002185,True
2025-04-10,AGGREGATOR|research-node|akshare@1.18.97|stock_margin_detail_szse,,,2026-09-26T08:56:19.759156+00:00,2025-04-11,CONSERVATIVE_T1,margin_szse,002440,True
2025-04-10,AGGREGATOR|research-node|akshare@1.18.97|stock_margin_detail_szse,,,2026-09-26T08:56:19.759156+00:00,2025-04-11,CONSERVATIVE_T1,margin_szse,300342,True
2025-04-10,AGGREGATOR|research-node|akshare@1.18.97|stock_margin_detail_szse,,,2026-09-26T08:56:19.759156+00:00,2025-04-11,CONSERVATIVE_T1,margin_szse,301297,True
2025-04-10,AGGREGATOR|research-node|akshare@1.18.97|stock_margin_detail_szse,,,2026-09-26T08:56:19.759156+00:00,2025-04-11,CONSERVATIVE_T1,margin_szse,301357,True
2025-04-11,AGGREGATOR|research-node|akshare@1.18.97|stock_margin_detail_szse,,,2026-09-26T08:56:21.968502+00:00,2025-04-14,CONSERVATIVE_T1,margin_szse,000078,True
2025-04-11,AGGREGATOR|research-node|akshare@1.18.97|stock_margin_detail_szse,,,2026-09-26T08:56:21.968502+00:00,2025-04-14,CONSERVATIVE_T1,margin_szse,000685,True
2025-04-11,AGGREGATOR|research-node|akshare@1.18.97|stock_margin_detail_szse,,,2026-09-26T08:56:21.968502+00:00,2025-04-14,CONSERVATIVE_T1,margin_szse,000825,True
2025-04-11,AGGREGATOR|research-node|akshare@1.18.97|stock_margin_detail_szse,,,2026-09-26T08:56:21.968502+00:00,2025-04-14,CONSERVATIVE_T1,margin_szse,002185,True
2025-04-11,AGGREGATOR|research-node|akshare@1.18.97|stock_margin_detail_szse,,,2026-09-26T08:56:21.968502+00:00,2025-04-14,CONSERVATIVE_T1,margin_szse,002440,True
2025-04-11,AGGREGATOR|research-node|akshare@1.18.97|stock_margin_detail_szse,,,2026-09-26T08:56:21.968502+00:00,2025-04-14,CONSERVATIVE_T1,margin_szse,300342,True
2025-04-11,AGGREGATOR|research-node|akshare@1.18.97|stock_margin_detail_szse,,,2026-09-26T08:56:21.968502+00:00,2025-04-14,CONSERVATIVE_T1,margin_szse,301297,True
2025-04-11,AGGREGATOR|research-node|akshare@1.18.97|stock_margin_detail_szse,,,2026-09-26T08:56:21.968502+00:00,2025-04-14,CONSERVATIVE_T1,margin_szse,301357,True
2025-04-14,AGGREGATOR|research-node|akshare@1.18.97|stock_margin_detail_szse,,,2026-09-26T08:56:24.242797+00:00,2025-04-15,CONSERVATIVE_T1,margin_szse,000078,True
2025-04-14,AGGREGATOR|research-node|akshare@1.18.97|stock_margin_detail_szse,,,2026-09-26T08:56:24.242797+00:00,2025-04-15,CONSERVATIVE_T1,margin_szse,000685,True
2025-04-14,AGGREGATOR|research-node|akshare@1.18.97|stock_margin_detail_szse,,,2026-09-26T08:56:24.242797+00:00,2025-04-15,CONSERVATIVE_T1,margin_szse,000825,True
2025-04-14,AGGREGATOR|research-node|akshare@1.18.97|stock_margin_detail_szse,,,2026-09-26T08:56:24.242797+00:00,2025-04-15,CONSERVATIVE_T1,margin_szse,002185,True
2025-04-14,AGGREGATOR|research-node|akshare@1.18.97|stock_margin_detail_szse,,,2026-09-26T08:56:24.242797+00:00,2025-04-15,CONSERVATIVE_T1,margin_szse,002440,True
2025-04-14,AGGREGATOR|research-node|akshare@1.18.97|stock_margin_detail_szse,,,2026-09-26T08:56:24.242797+00:00,2025-04-15,CONSERVATIVE_T1,margin_szse,300342,True
2025-04-14,AGGREGATOR|research-node|akshare@1.18.97|stock_margin_detail_szse,,,2026-09-26T08:56:24.242797+00:00,2025-04-15,CONSERVATIVE_T1,margin_szse,301297,True
2025-04-14,AGGREGATOR|research-node|akshare@1.18.97|stock_margin_detail_szse,,,2026-09-26T08:56:24.242797+00:00,2025-04-15,CONSERVATIVE_T1,margin_szse,301357,True
2025-04-15,AGGREGATOR|research-node|akshare@1.18.97|stock_margin_detail_szse,,,2026-09-26T08:56:26.452907+00:00,2025-04-16,CONSERVATIVE_T1,margin_szse,000078,True
2025-04-15,AGGREGATOR|research-node|akshare@1.18.97|stock_margin_detail_szse,,,2026-09-26T08:56:26.452907+00:00,2025-04-16,CONSERVATIVE_T1,margin_szse,000685,True
2025-04-15,AGGREGATOR|research-node|akshare@1.18.97|stock_margin_detail_szse,,,2026-09-26T08:56:26.452907+00:00,2025-04-16,CONSERVATIVE_T1,margin_szse,000825,True
2025-04-15,AGGREGATOR|research-node|akshare@1.18.97|stock_margin_detail_szse,,,2026-09-26T08:56:26.452907+00:00,2025-04-16,CONSERVATIVE_T1,margin_szse,002185,True
2025-04-15,AGGREGATOR|research-node|akshare@1.18.97|stock_margin_detail_szse,,,2026-09-26T08:56:26.452907+00:00,2025-04-16,CONSERVATIVE_T1,margin_szse,002440,True
2025-04-15,AGGREGATOR|research-node|akshare@1.18.97|stock_margin_detail_szse,,,2026-09-26T08:56:26.452907+00:00,2025-04-16,CONSERVATIVE_T1,margin_szse,300342,True
2025-04-15,AGGREGATOR|research-node|akshare@1.18.97|stock_margin_detail_szse,,,2026-09-26T08:56:26.452907+00:00,2025-04-16,CONSERVATIVE_T1,margin_szse,301297,True
2025-04-15,AGGREGATOR|research-node|akshare@1.18.97|stock_margin_detail_szse,,,2026-09-26T08:56:26.452907+00:00,2025-04-16,CONSERVATIVE_T1,margin_szse,301357,True
2025-04-16,AGGREGATOR|research-node|akshare@1.18.97|stock_margin_detail_szse,,,2026-09-26T08:56:28.754964+00:00,2025-04-17,CONSERVATIVE_T1,margin_szse,000078,True
2025-04-16,AGGREGATOR|research-node|akshare@1.18.97|stock_margin_detail_szse,,,2026-09-26T08:56:28.754964+00:00,2025-04-17,CONSERVATIVE_T1,margin_szse,000685,True
2025-04-16,AGGREGATOR|research-node|akshare@1.18.97|stock_margin_detail_szse,,,2026-09-26T08:56:28.754964+00:00,2025-04-17,CONSERVATIVE_T1,margin_szse,000825,True
2025-04-16,AGGREGATOR|research-node|akshare@1.18.97|stock_margin_detail_szse,,,2026-09-26T08:56:28.754964+00:00,2025-04-17,CONSERVATIVE_T1,margin_szse,002185,True
2025-04-16,AGGREGATOR|research-node|akshare@1.18.97|stock_margin_detail_szse,,,2026-09-26T08:56:28.754964+00:00,2025-04-17,CONSERVATIVE_T1,margin_szse,002440,True
2025-04-16,AGGREGATOR|research-node|akshare@1.18.97|stock_margin_detail_szse,,,2026-09-26T08:56:28.754964+00:00,2025-04-17,CONSERVATIVE_T1,margin_szse,300342,True
2025-04-16,AGGREGATOR|research-node|akshare@1.18.97|stock_margin_detail_szse,,,2026-09-26T08:56:28.754964+00:00,2025-04-17,CONSERVATIVE_T1,margin_szse,301297,True
2025-04-16,AGGREGATOR|research-node|akshare@1.18.97|stock_margin_detail_szse,,,2026-09-26T08:56:28.754964+00:00,2025-04-17,CONSERVATIVE_T1,margin_szse,301357,True
2025-04-17,AGGREGATOR|research-node|akshare@1.18.97|stock_margin_detail_szse,,,2026-09-26T08:56:31.070366+00:00,2025-04-18,CONSERVATIVE_T1,margin_szse,000078,True
2025-04-17,AGGREGATOR|research-node|akshare@1.18.97|stock_margin_detail_szse,,,2026-09-26T08:56:31.070366+00:00,2025-04-18,CONSERVATIVE_T1,margin_szse,000685,True
2025-04-17,AGGREGATOR|research-node|akshare@1.18.97|stock_margin_detail_szse,,,2026-09-26T08:56:31.070366+00:00,2025-04-18,CONSERVATIVE_T1,margin_szse,000825,True
2025-04-17,AGGREGATOR|research-node|akshare@1.18.97|stock_margin_detail_szse,,,2026-09-26T08:56:31.070366+00:00,2025-04-18,CONSERVATIVE_T1,margin_szse,002185,True
2025-04-17,AGGREGATOR|research-node|akshare@1.18.97|stock_margin_detail_szse,,,2026-09-26T08:56:31.070366+00:00,2025-04-18,CONSERVATIVE_T1,margin_szse,002440,True
2025-04-17,AGGREGATOR|research-node|akshare@1.18.97|stock_margin_detail_szse,,,2026-09-26T08:56:31.070366+00:00,2025-04-18,CONSERVATIVE_T1,margin_szse,300342,True
2025-04-17,AGGREGATOR|research-node|akshare@1.18.97|stock_margin_detail_szse,,,2026-09-26T08:56:31.070366+00:00,2025-04-18,CONSERVATIVE_T1,margin_szse,301297,True
2025-04-17,AGGREGATOR|research-node|akshare@1.18.97|stock_margin_detail_szse,,,2026-09-26T08:56:31.070366+00:00,2025-04-18,CONSERVATIVE_T1,margin_szse,301357,True
2025-04-18,AGGREGATOR|research-node|akshare@1.18.97|stock_margin_detail_szse,,,2026-09-26T08:56:33.345089+00:00,2025-04-21,CONSERVATIVE_T1,margin_szse,000078,True
2025-04-18,AGGREGATOR|research-node|akshare@1.18.97|stock_margin_detail_szse,,,2026-09-26T08:56:33.345089+00:00,2025-04-21,CONSERVATIVE_T1,margin_szse,000685,True
2025-04-18,AGGREGATOR|research-node|akshare@1.18.97|stock_margin_detail_szse,,,2026-09-26T08:56:33.345089+00:00,2025-04-21,CONSERVATIVE_T1,margin_szse,000825,True
2025-04-18,AGGREGATOR|research-node|akshare@1.18.97|stock_margin_detail_szse,,,2026-09-26T08:56:33.345089+00:00,2025-04-21,CONSERVATIVE_T1,margin_szse,002185,True
2025-04-18,AGGREGATOR|research-node|akshare@1.18.97|stock_margin_detail_szse,,,2026-09-26T08:56:33.345089+00:00,2025-04-21,CONSERVATIVE_T1,margin_szse,002440,True
2025-04-18,AGGREGATOR|research-node|akshare@1.18.97|stock_margin_detail_szse,,,2026-09-26T08:56:33.345089+00:00,2025-04-21,CONSERVATIVE_T1,margin_szse,300342,True
2025-04-18,AGGREGATOR|research-node|akshare@1.18.97|stock_margin_detail_szse,,,2026-09-26T08:56:33.345089+00:00,2025-04-21,CONSERVATIVE_T1,margin_szse,301297,True
2025-04-18,AGGREGATOR|research-node|akshare@1.18.97|stock_margin_detail_szse,,,2026-09-26T08:56:33.345089+00:00,2025-04-21,CONSERVATIVE_T1,margin_szse,301357,True
2025-04-21,AGGREGATOR|research-node|akshare@1.18.97|stock_margin_detail_szse,,,2026-09-26T08:56:35.631756+00:00,2025-04-22,CONSERVATIVE_T1,margin_szse,000078,True
2025-04-21,AGGREGATOR|research-node|akshare@1.18.97|stock_margin_detail_szse,,,2026-09-26T08:56:35.631756+00:00,2025-04-22,CONSERVATIVE_T1,margin_szse,000685,True
2025-04-21,AGGREGATOR|research-node|akshare@1.18.97|stock_margin_detail_szse,,,2026-09-26T08:56:35.631756+00:00,2025-04-22,CONSERVATIVE_T1,margin_szse,000825,True
2025-04-21,AGGREGATOR|research-node|akshare@1.18.97|stock_margin_detail_szse,,,2026-09-26T08:56:35.631756+00:00,2025-04-22,CONSERVATIVE_T1,margin_szse,002185,True
2025-04-21,AGGREGATOR|research-node|akshare@1.18.97|stock_margin_detail_szse,,,2026-09-26T08:56:35.631756+00:00,2025-04-22,CONSERVATIVE_T1,margin_szse,002440,True
2025-04-21,AGGREGATOR|research-node|akshare@1.18.97|stock_margin_detail_szse,,,2026-09-26T08:56:35.631756+00:00,2025-04-22,CONSERVATIVE_T1,margin_szse,300342,True
2025-04-21,AGGREGATOR|research-node|akshare@1.18.97|stock_margin_detail_szse,,,2026-09-26T08:56:35.631756+00:00,2025-04-22,CONSERVATIVE_T1,margin_szse,301297,True
2025-04-21,AGGREGATOR|research-node|akshare@1.18.97|stock_margin_detail_szse,,,2026-09-26T08:56:35.631756+00:00,2025-04-22,CONSERVATIVE_T1,margin_szse,301357,True
2025-04-22,AGGREGATOR|research-node|akshare@1.18.97|stock_margin_detail_szse,,,2026-09-26T08:56:37.939857+00:00,2025-04-23,CONSERVATIVE_T1,margin_szse,000078,True
2025-04-22,AGGREGATOR|research-node|akshare@1.18.97|stock_margin_detail_szse,,,2026-09-26T08:56:37.939857+00:00,2025-04-23,CONSERVATIVE_T1,margin_szse,000685,True
2025-04-22,AGGREGATOR|research-node|akshare@1.18.97|stock_margin_detail_szse,,,2026-09-26T08:56:37.939857+00:00,2025-04-23,CONSERVATIVE_T1,margin_szse,000825,True
2025-04-22,AGGREGATOR|research-node|akshare@1.18.97|stock_margin_detail_szse,,,2026-09-26T08:56:37.939857+00:00,2025-04-23,CONSERVATIVE_T1,margin_szse,002185,True
2025-04-22,AGGREGATOR|research-node|akshare@1.18.97|stock_margin_detail_szse,,,2026-09-26T08:56:37.939857+00:00,2025-04-23,CONSERVATIVE_T1,margin_szse,002440,True
2025-04-22,AGGREGATOR|research-node|akshare@1.18.97|stock_margin_detail_szse,,,2026-09-26T08:56:37.939857+00:00,2025-04-23,CONSERVATIVE_T1,margin_szse,300342,True
2025-04-22,AGGREGATOR|research-node|akshare@1.18.97|stock_margin_detail_szse,,,2026-09-26T08:56:37.939857+00:00,2025-04-23,CONSERVATIVE_T1,margin_szse,301297,True
2025-04-22,AGGREGATOR|research-node|akshare@1.18.97|stock_margin_detail_szse,,,2026-09-26T08:56:37.939857+00:00,2025-04-23,CONSERVATIVE_T1,margin_szse,301357,True
2025-04-23,AGGREGATOR|research-node|akshare@1.18.97|stock_margin_detail_szse,,,2026-09-26T08:56:40.222441+00:00,2025-04-24,CONSERVATIVE_T1,margin_szse,000078,True
2025-04-23,AGGREGATOR|research-node|akshare@1.18.97|stock_margin_detail_szse,,,2026-09-26T08:56:40.222441+00:00,2025-04-24,CONSERVATIVE_T1,margin_szse,000685,True
2025-04-23,AGGREGATOR|research-node|akshare@1.18.97|stock_margin_detail_szse,,,2026-09-26T08:56:40.222441+00:00,2025-04-24,CONSERVATIVE_T1,margin_szse,000825,True
2025-04-23,AGGREGATOR|research-node|akshare@1.18.97|stock_margin_detail_szse,,,2026-09-26T08:56:40.222441+00:00,2025-04-24,CONSERVATIVE_T1,margin_szse,002185,True
2025-04-23,AGGREGATOR|research-node|akshare@1.18.97|stock_margin_detail_szse,,,2026-09-26T08:56:40.222441+00:00,2025-04-24,CONSERVATIVE_T1,margin_szse,002440,True
2025-04-23,AGGREGATOR|research-node|akshare@1.18.97|stock_margin_detail_szse,,,2026-09-26T08:56:40.222441+00:00,2025-04-24,CONSERVATIVE_T1,margin_szse,300342,True
2025-04-23,AGGREGATOR|research-node|akshare@1.18.97|stock_margin_detail_szse,,,2026-09-26T08:56:40.222441+00:00,2025-04-24,CONSERVATIVE_T1,margin_szse,301297,True
2025-04-23,AGGREGATOR|research-node|akshare@1.18.97|stock_margin_detail_szse,,,2026-09-26T08:56:40.222441+00:00,2025-04-24,CONSERVATIVE_T1,margin_szse,301357,True
2025-04-24,AGGREGATOR|research-node|akshare@1.18.97|stock_margin_detail_szse,,,2026-09-26T08:56:42.362302+00:00,2025-04-25,CONSERVATIVE_T1,margin_szse,000078,True
2025-04-24,AGGREGATOR|research-node|akshare@1.18.97|stock_margin_detail_szse,,,2026-09-26T08:56:42.362302+00:00,2025-04-25,CONSERVATIVE_T1,margin_szse,000685,True
2025-04-24,AGGREGATOR|research-node|akshare@1.18.97|stock_margin_detail_szse,,,2026-09-26T08:56:42.362302+00:00,2025-04-25,CONSERVATIVE_T1,margin_szse,000825,True
2025-04-24,AGGREGATOR|research-node|akshare@1.18.97|stock_margin_detail_szse,,,2026-09-26T08:56:42.362302+00:00,2025-04-25,CONSERVATIVE_T1,margin_szse,002185,True
2025-04-24,AGGREGATOR|research-node|akshare@1.18.97|stock_margin_detail_szse,,,2026-09-26T08:56:42.362302+00:00,2025-04-25,CONSERVATIVE_T1,margin_szse,002440,True
2025-04-24,AGGREGATOR|research-node|akshare@1.18.97|stock_margin_detail_szse,,,2026-09-26T08:56:42.362302+00:00,2025-04-25,CONSERVATIVE_T1,margin_szse,300342,True
2025-04-24,AGGREGATOR|research-node|akshare@1.18.97|stock_margin_detail_szse,,,2026-09-26T08:56:42.362302+00:00,2025-04-25,CONSERVATIVE_T1,margin_szse,301297,True
2025-04-24,AGGREGATOR|research-node|akshare@1.18.97|stock_margin_detail_szse,,,2026-09-26T08:56:42.362302+00:00,2025-04-25,CONSERVATIVE_T1,margin_szse,301357,True
2025-04-25,AGGREGATOR|research-node|akshare@1.18.97|stock_margin_detail_szse,,,2026-09-26T08:56:44.568597+00:00,2025-04-28,CONSERVATIVE_T1,margin_szse,000078,True
2025-04-25,AGGREGATOR|research-node|akshare@1.18.97|stock_margin_detail_szse,,,2026-09-26T08:56:44.568597+00:00,2025-04-28,CONSERVATIVE_T1,margin_szse,000685,True
2025-04-25,AGGREGATOR|research-node|akshare@1.18.97|stock_margin_detail_szse,,,2026-09-26T08:56:44.568597+00:00,2025-04-28,CONSERVATIVE_T1,margin_szse,000825,True
2025-04-25,AGGREGATOR|research-node|akshare@1.18.97|stock_margin_detail_szse,,,2026-09-26T08:56:44.568597+00:00,2025-04-28,CONSERVATIVE_T1,margin_szse,002185,True
2025-04-25,AGGREGATOR|research-node|akshare@1.18.97|stock_margin_detail_szse,,,2026-09-26T08:56:44.568597+00:00,2025-04-28,CONSERVATIVE_T1,margin_szse,002440,True
2025-04-25,AGGREGATOR|research-node|akshare@1.18.97|stock_margin_detail_szse,,,2026-09-26T08:56:44.568597+00:00,2025-04-28,CONSERVATIVE_T1,margin_szse,300342,True
2025-04-25,AGGREGATOR|research-node|akshare@1.18.97|stock_margin_detail_szse,,,2026-09-26T08:56:44.568597+00:00,2025-04-28,CONSERVATIVE_T1,margin_szse,301297,True
2025-04-25,AGGREGATOR|research-node|akshare@1.18.97|stock_margin_detail_szse,,,2026-09-26T08:56:44.568597+00:00,2025-04-28,CONSERVATIVE_T1,margin_szse,301357,True
2025-04-28,AGGREGATOR|research-node|akshare@1.18.97|stock_margin_detail_szse,,,2026-09-26T08:56:46.740201+00:00,2025-04-29,CONSERVATIVE_T1,margin_szse,000078,True
2025-04-28,AGGREGATOR|research-node|akshare@1.18.97|stock_margin_detail_szse,,,2026-09-26T08:56:46.740201+00:00,2025-04-29,CONSERVATIVE_T1,margin_szse,000685,True
2025-04-28,AGGREGATOR|research-node|akshare@1.18.97|stock_margin_detail_szse,,,2026-09-26T08:56:46.740201+00:00,2025-04-29,CONSERVATIVE_T1,margin_szse,000825,True
2025-04-28,AGGREGATOR|research-node|akshare@1.18.97|stock_margin_detail_szse,,,2026-09-26T08:56:46.740201+00:00,2025-04-29,CONSERVATIVE_T1,margin_szse,002185,True
2025-04-28,AGGREGATOR|research-node|akshare@1.18.97|stock_margin_detail_szse,,,2026-09-26T08:56:46.740201+00:00,2025-04-29,CONSERVATIVE_T1,margin_szse,002440,True
2025-04-28,AGGREGATOR|research-node|akshare@1.18.97|stock_margin_detail_szse,,,2026-09-26T08:56:46.740201+00:00,2025-04-29,CONSERVATIVE_T1,margin_szse,300342,True
2025-04-28,AGGREGATOR|research-node|akshare@1.18.97|stock_margin_detail_szse,,,2026-09-26T08:56:46.740201+00:00,2025-04-29,CONSERVATIVE_T1,margin_szse,301297,True
2025-04-28,AGGREGATOR|research-node|akshare@1.18.97|stock_margin_detail_szse,,,2026-09-26T08:56:46.740201+00:00,2025-04-29,CONSERVATIVE_T1,margin_szse,301357,True
2025-04-29,AGGREGATOR|research-node|akshare@1.18.97|stock_margin_detail_szse,,,2026-09-26T08:56:49.003877+00:00,2025-04-30,CONSERVATIVE_T1,margin_szse,000078,True
2025-04-29,AGGREGATOR|research-node|akshare@1.18.97|stock_margin_detail_szse,,,2026-09-26T08:56:49.003877+00:00,2025-04-30,CONSERVATIVE_T1,margin_szse,000685,True
2025-04-29,AGGREGATOR|research-node|akshare@1.18.97|stock_margin_detail_szse,,,2026-09-26T08:56:49.003877+00:00,2025-04-30,CONSERVATIVE_T1,margin_szse,000825,True
2025-04-29,AGGREGATOR|research-node|akshare@1.18.97|stock_margin_detail_szse,,,2026-09-26T08:56:49.003877+00:00,2025-04-30,CONSERVATIVE_T1,margin_szse,002185,True
2025-04-29,AGGREGATOR|research-node|akshare@1.18.97|stock_margin_detail_szse,,,2026-09-26T08:56:49.003877+00:00,2025-04-30,CONSERVATIVE_T1,margin_szse,002440,True
2025-04-29,AGGREGATOR|research-node|akshare@1.18.97|stock_margin_detail_szse,,,2026-09-26T08:56:49.003877+00:00,2025-04-30,CONSERVATIVE_T1,margin_szse,300342,True
2025-04-29,AGGREGATOR|research-node|akshare@1.18.97|stock_margin_detail_szse,,,2026-09-26T08:56:49.003877+00:00,2025-04-30,CONSERVATIVE_T1,margin_szse,301297,True
2025-04-29,AGGREGATOR|research-node|akshare@1.18.97|stock_margin_detail_szse,,,2026-09-26T08:56:49.003877+00:00,2025-04-30,CONSERVATIVE_T1,margin_szse,301357,True
2025-04-30,AGGREGATOR|research-node|akshare@1.18.97|stock_margin_detail_szse,,,2026-09-26T08:56:51.186409+00:00,2025-05-06,CONSERVATIVE_T1,margin_szse,000078,True
2025-04-30,AGGREGATOR|research-node|akshare@1.18.97|stock_margin_detail_szse,,,2026-09-26T08:56:51.186409+00:00,2025-05-06,CONSERVATIVE_T1,margin_szse,000685,True
2025-04-30,AGGREGATOR|research-node|akshare@1.18.97|stock_margin_detail_szse,,,2026-09-26T08:56:51.186409+00:00,2025-05-06,CONSERVATIVE_T1,margin_szse,000825,True
2025-04-30,AGGREGATOR|research-node|akshare@1.18.97|stock_margin_detail_szse,,,2026-09-26T08:56:51.186409+00:00,2025-05-06,CONSERVATIVE_T1,margin_szse,002185,True
2025-04-30,AGGREGATOR|research-node|akshare@1.18.97|stock_margin_detail_szse,,,2026-09-26T08:56:51.186409+00:00,2025-05-06,CONSERVATIVE_T1,margin_szse,002440,True
2025-04-30,AGGREGATOR|research-node|akshare@1.18.97|stock_margin_detail_szse,,,2026-09-26T08:56:51.186409+00:00,2025-05-06,CONSERVATIVE_T1,margin_szse,300342,True
2025-04-30,AGGREGATOR|research-node|akshare@1.18.97|stock_margin_detail_szse,,,2026-09-26T08:56:51.186409+00:00,2025-05-06,CONSERVATIVE_T1,margin_szse,301297,True
2025-04-30,AGGREGATOR|research-node|akshare@1.18.97|stock_margin_detail_szse,,,2026-09-26T08:56:51.186409+00:00,2025-05-06,CONSERVATIVE_T1,margin_szse,301357,True
2025-05-06,AGGREGATOR|research-node|akshare@1.18.97|stock_margin_detail_szse,,,2026-09-26T08:56:53.442044+00:00,2025-05-07,CONSERVATIVE_T1,margin_szse,000078,True
2025-05-06,AGGREGATOR|research-node|akshare@1.18.97|stock_margin_detail_szse,,,2026-09-26T08:56:53.442044+00:00,2025-05-07,CONSERVATIVE_T1,margin_szse,000685,True
2025-05-06,AGGREGATOR|research-node|akshare@1.18.97|stock_margin_detail_szse,,,2026-09-26T08:56:53.442044+00:00,2025-05-07,CONSERVATIVE_T1,margin_szse,000825,True
2025-05-06,AGGREGATOR|research-node|akshare@1.18.97|stock_margin_detail_szse,,,2026-09-26T08:56:53.442044+00:00,2025-05-07,CONSERVATIVE_T1,margin_szse,002185,True
2025-05-06,AGGREGATOR|research-node|akshare@1.18.97|stock_margin_detail_szse,,,2026-09-26T08:56:53.442044+00:00,2025-05-07,CONSERVATIVE_T1,margin_szse,002440,True
2025-05-06,AGGREGATOR|research-node|akshare@1.18.97|stock_margin_detail_szse,,,2026-09-26T08:56:53.442044+00:00,2025-05-07,CONSERVATIVE_T1,margin_szse,300342,True
2025-05-06,AGGREGATOR|research-node|akshare@1.18.97|stock_margin_detail_szse,,,2026-09-26T08:56:53.442044+00:00,2025-05-07,CONSERVATIVE_T1,margin_szse,301297,True
2025-05-06,AGGREGATOR|research-node|akshare@1.18.97|stock_margin_detail_szse,,,2026-09-26T08:56:53.442044+00:00,2025-05-07,CONSERVATIVE_T1,margin_szse,301357,True
2025-05-07,AGGREGATOR|research-node|akshare@1.18.97|stock_margin_detail_szse,,,2026-09-26T08:56:55.740169+00:00,2025-05-08,CONSERVATIVE_T1,margin_szse,000078,True
2025-05-07,AGGREGATOR|research-node|akshare@1.18.97|stock_margin_detail_szse,,,2026-09-26T08:56:55.740169+00:00,2025-05-08,CONSERVATIVE_T1,margin_szse,000685,True
2025-05-07,AGGREGATOR|research-node|akshare@1.18.97|stock_margin_detail_szse,,,2026-09-26T08:56:55.740169+00:00,2025-05-08,CONSERVATIVE_T1,margin_szse,000825,True
2025-05-07,AGGREGATOR|research-node|akshare@1.18.97|stock_margin_detail_szse,,,2026-09-26T08:56:55.740169+00:00,2025-05-08,CONSERVATIVE_T1,margin_szse,002185,True
2025-05-07,AGGREGATOR|research-node|akshare@1.18.97|stock_margin_detail_szse,,,2026-09-26T08:56:55.740169+00:00,2025-05-08,CONSERVATIVE_T1,margin_szse,002440,True
2025-05-07,AGGREGATOR|research-node|akshare@1.18.97|stock_margin_detail_szse,,,2026-09-26T08:56:55.740169+00:00,2025-05-08,CONSERVATIVE_T1,margin_szse,300342,True
2025-05-07,AGGREGATOR|research-node|akshare@1.18.97|stock_margin_detail_szse,,,2026-09-26T08:56:55.740169+00:00,2025-05-08,CONSERVATIVE_T1,margin_szse,301297,True
2025-05-07,AGGREGATOR|research-node|akshare@1.18.97|stock_margin_detail_szse,,,2026-09-26T08:56:55.740169+00:00,2025-05-08,CONSERVATIVE_T1,margin_szse,301357,True
2025-05-08,AGGREGATOR|research-node|akshare@1.18.97|stock_margin_detail_szse,,,2026-09-26T08:56:58.021471+00:00,2025-05-09,CONSERVATIVE_T1,margin_szse,000078,True
2025-05-08,AGGREGATOR|research-node|akshare@1.18.97|stock_margin_detail_szse,,,2026-09-26T08:56:58.021471+00:00,2025-05-09,CONSERVATIVE_T1,margin_szse,000685,True
2025-05-08,AGGREGATOR|research-node|akshare@1.18.97|stock_margin_detail_szse,,,2026-09-26T08:56:58.021471+00:00,2025-05-09,CONSERVATIVE_T1,margin_szse,000825,True
2025-05-08,AGGREGATOR|research-node|akshare@1.18.97|stock_margin_detail_szse,,,2026-09-26T08:56:58.021471+00:00,2025-05-09,CONSERVATIVE_T1,margin_szse,002185,True
2025-05-08,AGGREGATOR|research-node|akshare@1.18.97|stock_margin_detail_szse,,,2026-09-26T08:56:58.021471+00:00,2025-05-09,CONSERVATIVE_T1,margin_szse,002440,True
2025-05-08,AGGREGATOR|research-node|akshare@1.18.97|stock_margin_detail_szse,,,2026-09-26T08:56:58.021471+00:00,2025-05-09,CONSERVATIVE_T1,margin_szse,300342,True
2025-05-08,AGGREGATOR|research-node|akshare@1.18.97|stock_margin_detail_szse,,,2026-09-26T08:56:58.021471+00:00,2025-05-09,CONSERVATIVE_T1,margin_szse,301297,True
2025-05-08,AGGREGATOR|research-node|akshare@1.18.97|stock_margin_detail_szse,,,2026-09-26T08:56:58.021471+00:00,2025-05-09,CONSERVATIVE_T1,margin_szse,301357,True
2025-05-09,AGGREGATOR|research-node|akshare@1.18.97|stock_margin_detail_szse,,,2026-09-26T08:57:00.182162+00:00,2025-05-12,CONSERVATIVE_T1,margin_szse,000078,True
2025-05-09,AGGREGATOR|research-node|akshare@1.18.97|stock_margin_detail_szse,,,2026-09-26T08:57:00.182162+00:00,2025-05-12,CONSERVATIVE_T1,margin_szse,000685,True
2025-05-09,AGGREGATOR|research-node|akshare@1.18.97|stock_margin_detail_szse,,,2026-09-26T08:57:00.182162+00:00,2025-05-12,CONSERVATIVE_T1,margin_szse,000825,True
2025-05-09,AGGREGATOR|research-node|akshare@1.18.97|stock_margin_detail_szse,,,2026-09-26T08:57:00.182162+00:00,2025-05-12,CONSERVATIVE_T1,margin_szse,002185,True
2025-05-09,AGGREGATOR|research-node|akshare@1.18.97|stock_margin_detail_szse,,,2026-09-26T08:57:00.182162+00:00,2025-05-12,CONSERVATIVE_T1,margin_szse,002440,True
2025-05-09,AGGREGATOR|research-node|akshare@1.18.97|stock_margin_detail_szse,,,2026-09-26T08:57:00.182162+00:00,2025-05-12,CONSERVATIVE_T1,margin_szse,300342,True
2025-05-09,AGGREGATOR|research-node|akshare@1.18.97|stock_margin_detail_szse,,,2026-09-26T08:57:00.182162+00:00,2025-05-12,CONSERVATIVE_T1,margin_szse,301297,True
2025-05-09,AGGREGATOR|research-node|akshare@1.18.97|stock_margin_detail_szse,,,2026-09-26T08:57:00.182162+00:00,2025-05-12,CONSERVATIVE_T1,margin_szse,301357,True
2025-05-12,AGGREGATOR|research-node|akshare@1.18.97|stock_margin_detail_szse,,,2026-09-26T08:57:02.617926+00:00,2025-05-13,CONSERVATIVE_T1,margin_szse,000078,True
2025-05-12,AGGREGATOR|research-node|akshare@1.18.97|stock_margin_detail_szse,,,2026-09-26T08:57:02.617926+00:00,2025-05-13,CONSERVATIVE_T1,margin_szse,000685,True
2025-05-12,AGGREGATOR|research-node|akshare@1.18.97|stock_margin_detail_szse,,,2026-09-26T08:57:02.617926+00:00,2025-05-13,CONSERVATIVE_T1,margin_szse,000825,True
2025-05-12,AGGREGATOR|research-node|akshare@1.18.97|stock_margin_detail_szse,,,2026-09-26T08:57:02.617926+00:00,2025-05-13,CONSERVATIVE_T1,margin_szse,002185,True
2025-05-12,AGGREGATOR|research-node|akshare@1.18.97|stock_margin_detail_szse,,,2026-09-26T08:57:02.617926+00:00,2025-05-13,CONSERVATIVE_T1,margin_szse,002440,True
2025-05-12,AGGREGATOR|research-node|akshare@1.18.97|stock_margin_detail_szse,,,2026-09-26T08:57:02.617926+00:00,2025-05-13,CONSERVATIVE_T1,margin_szse,300342,True
2025-05-12,AGGREGATOR|research-node|akshare@1.18.97|stock_margin_detail_szse,,,2026-09-26T08:57:02.617926+00:00,2025-05-13,CONSERVATIVE_T1,margin_szse,301297,True
2025-05-12,AGGREGATOR|research-node|akshare@1.18.97|stock_margin_detail_szse,,,2026-09-26T08:57:02.617926+00:00,2025-05-13,CONSERVATIVE_T1,margin_szse,301357,True
2025-05-13,AGGREGATOR|research-node|akshare@1.18.97|stock_margin_detail_szse,,,2026-09-26T08:57:04.820779+00:00,2025-05-14,CONSERVATIVE_T1,margin_szse,000078,True
2025-05-13,AGGREGATOR|research-node|akshare@1.18.97|stock_margin_detail_szse,,,2026-09-26T08:57:04.820779+00:00,2025-05-14,CONSERVATIVE_T1,margin_szse,000685,True
2025-05-13,AGGREGATOR|research-node|akshare@1.18.97|stock_margin_detail_szse,,,2026-09-26T08:57:04.820779+00:00,2025-05-14,CONSERVATIVE_T1,margin_szse,000825,True
2025-05-13,AGGREGATOR|research-node|akshare@1.18.97|stock_margin_detail_szse,,,2026-09-26T08:57:04.820779+00:00,2025-05-14,CONSERVATIVE_T1,margin_szse,002185,True
2025-05-13,AGGREGATOR|research-node|akshare@1.18.97|stock_margin_detail_szse,,,2026-09-26T08:57:04.820779+00:00,2025-05-14,CONSERVATIVE_T1,margin_szse,002440,True
2025-05-13,AGGREGATOR|research-node|akshare@1.18.97|stock_margin_detail_szse,,,2026-09-26T08:57:04.820779+00:00,2025-05-14,CONSERVATIVE_T1,margin_szse,300342,True
2025-05-13,AGGREGATOR|research-node|akshare@1.18.97|stock_margin_detail_szse,,,2026-09-26T08:57:04.820779+00:00,2025-05-14,CONSERVATIVE_T1,margin_szse,301297,True
2025-05-13,AGGREGATOR|research-node|akshare@1.18.97|stock_margin_detail_szse,,,2026-09-26T08:57:04.820779+00:00,2025-05-14,CONSERVATIVE_T1,margin_szse,301357,True
2025-05-14,AGGREGATOR|research-node|akshare@1.18.97|stock_margin_detail_szse,,,2026-09-26T08:57:07.191672+00:00,2025-05-15,CONSERVATIVE_T1,margin_szse,000078,True
2025-05-14,AGGREGATOR|research-node|akshare@1.18.97|stock_margin_detail_szse,,,2026-09-26T08:57:07.191672+00:00,2025-05-15,CONSERVATIVE_T1,margin_szse,000685,True
2025-05-14,AGGREGATOR|research-node|akshare@1.18.97|stock_margin_detail_szse,,,2026-09-26T08:57:07.191672+00:00,2025-05-15,CONSERVATIVE_T1,margin_szse,000825,True
2025-05-14,AGGREGATOR|research-node|akshare@1.18.97|stock_margin_detail_szse,,,2026-09-26T08:57:07.191672+00:00,2025-05-15,CONSERVATIVE_T1,margin_szse,002440,True
2025-05-14,AGGREGATOR|research-node|akshare@1.18.97|stock_margin_detail_szse,,,2026-09-26T08:57:07.191672+00:00,2025-05-15,CONSERVATIVE_T1,margin_szse,300342,True
2025-05-14,AGGREGATOR|research-node|akshare@1.18.97|stock_margin_detail_szse,,,2026-09-26T08:57:07.191672+00:00,2025-05-15,CONSERVATIVE_T1,margin_szse,301297,True
2025-05-14,AGGREGATOR|research-node|akshare@1.18.97|stock_margin_detail_szse,,,2026-09-26T08:57:07.191672+00:00,2025-05-15,CONSERVATIVE_T1,margin_szse,301357,True
2025-05-15,AGGREGATOR|research-node|akshare@1.18.97|stock_margin_detail_szse,,,2026-09-26T08:57:09.485976+00:00,2025-05-16,CONSERVATIVE_T1,margin_szse,000078,True
2025-05-15,AGGREGATOR|research-node|akshare@1.18.97|stock_margin_detail_szse,,,2026-09-26T08:57:09.485976+00:00,2025-05-16,CONSERVATIVE_T1,margin_szse,000685,True
2025-05-15,AGGREGATOR|research-node|akshare@1.18.97|stock_margin_detail_szse,,,2026-09-26T08:57:09.485976+00:00,2025-05-16,CONSERVATIVE_T1,margin_szse,000825,True
2025-05-15,AGGREGATOR|research-node|akshare@1.18.97|stock_margin_detail_szse,,,2026-09-26T08:57:09.485976+00:00,2025-05-16,CONSERVATIVE_T1,margin_szse,002440,True
2025-05-15,AGGREGATOR|research-node|akshare@1.18.97|stock_margin_detail_szse,,,2026-09-26T08:57:09.485976+00:00,2025-05-16,CONSERVATIVE_T1,margin_szse,300342,True
2025-05-15,AGGREGATOR|research-node|akshare@1.18.97|stock_margin_detail_szse,,,2026-09-26T08:57:09.485976+00:00,2025-05-16,CONSERVATIVE_T1,margin_szse,301297,True
2025-05-15,AGGREGATOR|research-node|akshare@1.18.97|stock_margin_detail_szse,,,2026-09-26T08:57:09.485976+00:00,2025-05-16,CONSERVATIVE_T1,margin_szse,301357,True
2025-05-16,AGGREGATOR|research-node|akshare@1.18.97|stock_margin_detail_szse,,,2026-09-26T08:57:11.801581+00:00,2025-05-19,CONSERVATIVE_T1,margin_szse,000078,True
2025-05-16,AGGREGATOR|research-node|akshare@1.18.97|stock_margin_detail_szse,,,2026-09-26T08:57:11.801581+00:00,2025-05-19,CONSERVATIVE_T1,margin_szse,000685,True
2025-05-16,AGGREGATOR|research-node|akshare@1.18.97|stock_margin_detail_szse,,,2026-09-26T08:57:11.801581+00:00,2025-05-19,CONSERVATIVE_T1,margin_szse,000825,True
2025-05-16,AGGREGATOR|research-node|akshare@1.18.97|stock_margin_detail_szse,,,2026-09-26T08:57:11.801581+00:00,2025-05-19,CONSERVATIVE_T1,margin_szse,002440,True
2025-05-16,AGGREGATOR|research-node|akshare@1.18.97|stock_margin_detail_szse,,,2026-09-26T08:57:11.801581+00:00,2025-05-19,CONSERVATIVE_T1,margin_szse,300342,True
2025-05-16,AGGREGATOR|research-node|akshare@1.18.97|stock_margin_detail_szse,,,2026-09-26T08:57:11.801581+00:00,2025-05-19,CONSERVATIVE_T1,margin_szse,301297,True
2025-05-16,AGGREGATOR|research-node|akshare@1.18.97|stock_margin_detail_szse,,,2026-09-26T08:57:11.801581+00:00,2025-05-19,CONSERVATIVE_T1,margin_szse,301357,True
2025-05-19,AGGREGATOR|research-node|akshare@1.18.97|stock_margin_detail_szse,,,2026-09-26T08:57:14.068871+00:00,2025-05-20,CONSERVATIVE_T1,margin_szse,000078,True
2025-05-19,AGGREGATOR|research-node|akshare@1.18.97|stock_margin_detail_szse,,,2026-09-26T08:57:14.068871+00:00,2025-05-20,CONSERVATIVE_T1,margin_szse,000685,True
2025-05-19,AGGREGATOR|research-node|akshare@1.18.97|stock_margin_detail_szse,,,2026-09-26T08:57:14.068871+00:00,2025-05-20,CONSERVATIVE_T1,margin_szse,000825,True
2025-05-19,AGGREGATOR|research-node|akshare@1.18.97|stock_margin_detail_szse,,,2026-09-26T08:57:14.068871+00:00,2025-05-20,CONSERVATIVE_T1,margin_szse,002440,True
2025-05-19,AGGREGATOR|research-node|akshare@1.18.97|stock_margin_detail_szse,,,2026-09-26T08:57:14.068871+00:00,2025-05-20,CONSERVATIVE_T1,margin_szse,300342,True
2025-05-19,AGGREGATOR|research-node|akshare@1.18.97|stock_margin_detail_szse,,,2026-09-26T08:57:14.068871+00:00,2025-05-20,CONSERVATIVE_T1,margin_szse,301297,True
2025-05-19,AGGREGATOR|research-node|akshare@1.18.97|stock_margin_detail_szse,,,2026-09-26T08:57:14.068871+00:00,2025-05-20,CONSERVATIVE_T1,margin_szse,301357,True
2025-05-20,AGGREGATOR|research-node|akshare@1.18.97|stock_margin_detail_szse,,,2026-09-26T08:57:16.264569+00:00,2025-05-21,CONSERVATIVE_T1,margin_szse,000078,True
2025-05-20,AGGREGATOR|research-node|akshare@1.18.97|stock_margin_detail_szse,,,2026-09-26T08:57:16.264569+00:00,2025-05-21,CONSERVATIVE_T1,margin_szse,000685,True
2025-05-20,AGGREGATOR|research-node|akshare@1.18.97|stock_margin_detail_szse,,,2026-09-26T08:57:16.264569+00:00,2025-05-21,CONSERVATIVE_T1,margin_szse,000825,True
2025-05-20,AGGREGATOR|research-node|akshare@1.18.97|stock_margin_detail_szse,,,2026-09-26T08:57:16.264569+00:00,2025-05-21,CONSERVATIVE_T1,margin_szse,002440,True
2025-05-20,AGGREGATOR|research-node|akshare@1.18.97|stock_margin_detail_szse,,,2026-09-26T08:57:16.264569+00:00,2025-05-21,CONSERVATIVE_T1,margin_szse,300342,True
2025-05-20,AGGREGATOR|research-node|akshare@1.18.97|stock_margin_detail_szse,,,2026-09-26T08:57:16.264569+00:00,2025-05-21,CONSERVATIVE_T1,margin_szse,301297,True
2025-05-20,AGGREGATOR|research-node|akshare@1.18.97|stock_margin_detail_szse,,,2026-09-26T08:57:16.264569+00:00,2025-05-21,CONSERVATIVE_T1,margin_szse,301357,True
2025-05-21,AGGREGATOR|research-node|akshare@1.18.97|stock_margin_detail_szse,,,2026-09-26T08:57:18.677320+00:00,2025-05-22,CONSERVATIVE_T1,margin_szse,000078,True
2025-05-21,AGGREGATOR|research-node|akshare@1.18.97|stock_margin_detail_szse,,,2026-09-26T08:57:18.677320+00:00,2025-05-22,CONSERVATIVE_T1,margin_szse,000685,True
2025-05-21,AGGREGATOR|research-node|akshare@1.18.97|stock_margin_detail_szse,,,2026-09-26T08:57:18.677320+00:00,2025-05-22,CONSERVATIVE_T1,margin_szse,000825,True
2025-05-21,AGGREGATOR|research-node|akshare@1.18.97|stock_margin_detail_szse,,,2026-09-26T08:57:18.677320+00:00,2025-05-22,CONSERVATIVE_T1,margin_szse,002440,True
2025-05-21,AGGREGATOR|research-node|akshare@1.18.97|stock_margin_detail_szse,,,2026-09-26T08:57:18.677320+00:00,2025-05-22,CONSERVATIVE_T1,margin_szse,300342,True
2025-05-21,AGGREGATOR|research-node|akshare@1.18.97|stock_margin_detail_szse,,,2026-09-26T08:57:18.677320+00:00,2025-05-22,CONSERVATIVE_T1,margin_szse,301297,True
2025-05-21,AGGREGATOR|research-node|akshare@1.18.97|stock_margin_detail_szse,,,2026-09-26T08:57:18.677320+00:00,2025-05-22,CONSERVATIVE_T1,margin_szse,301357,True
2025-05-22,AGGREGATOR|research-node|akshare@1.18.97|stock_margin_detail_szse,,,2026-09-26T08:57:20.932012+00:00,2025-05-23,CONSERVATIVE_T1,margin_szse,000078,True
2025-05-22,AGGREGATOR|research-node|akshare@1.18.97|stock_margin_detail_szse,,,2026-09-26T08:57:20.932012+00:00,2025-05-23,CONSERVATIVE_T1,margin_szse,000685,True
2025-05-22,AGGREGATOR|research-node|akshare@1.18.97|stock_margin_detail_szse,,,2026-09-26T08:57:20.932012+00:00,2025-05-23,CONSERVATIVE_T1,margin_szse,000825,True
2025-05-22,AGGREGATOR|research-node|akshare@1.18.97|stock_margin_detail_szse,,,2026-09-26T08:57:20.932012+00:00,2025-05-23,CONSERVATIVE_T1,margin_szse,002440,True
2025-05-22,AGGREGATOR|research-node|akshare@1.18.97|stock_margin_detail_szse,,,2026-09-26T08:57:20.932012+00:00,2025-05-23,CONSERVATIVE_T1,margin_szse,300342,True
2025-05-22,AGGREGATOR|research-node|akshare@1.18.97|stock_margin_detail_szse,,,2026-09-26T08:57:20.932012+00:00,2025-05-23,CONSERVATIVE_T1,margin_szse,301297,True
2025-05-22,AGGREGATOR|research-node|akshare@1.18.97|stock_margin_detail_szse,,,2026-09-26T08:57:20.932012+00:00,2025-05-23,CONSERVATIVE_T1,margin_szse,301357,True
2025-05-23,AGGREGATOR|research-node|akshare@1.18.97|stock_margin_detail_szse,,,2026-09-26T08:57:23.160761+00:00,2025-05-26,CONSERVATIVE_T1,margin_szse,000078,True
2025-05-23,AGGREGATOR|research-node|akshare@1.18.97|stock_margin_detail_szse,,,2026-09-26T08:57:23.160761+00:00,2025-05-26,CONSERVATIVE_T1,margin_szse,000685,True
2025-05-23,AGGREGATOR|research-node|akshare@1.18.97|stock_margin_detail_szse,,,2026-09-26T08:57:23.160761+00:00,2025-05-26,CONSERVATIVE_T1,margin_szse,000825,True
2025-05-23,AGGREGATOR|research-node|akshare@1.18.97|stock_margin_detail_szse,,,2026-09-26T08:57:23.160761+00:00,2025-05-26,CONSERVATIVE_T1,margin_szse,002440,True
2025-05-23,AGGREGATOR|research-node|akshare@1.18.97|stock_margin_detail_szse,,,2026-09-26T08:57:23.160761+00:00,2025-05-26,CONSERVATIVE_T1,margin_szse,300342,True
2025-05-23,AGGREGATOR|research-node|akshare@1.18.97|stock_margin_detail_szse,,,2026-09-26T08:57:23.160761+00:00,2025-05-26,CONSERVATIVE_T1,margin_szse,301297,True
2025-05-23,AGGREGATOR|research-node|akshare@1.18.97|stock_margin_detail_szse,,,2026-09-26T08:57:23.160761+00:00,2025-05-26,CONSERVATIVE_T1,margin_szse,301357,True
2025-05-26,AGGREGATOR|research-node|akshare@1.18.97|stock_margin_detail_szse,,,2026-09-26T08:57:25.457945+00:00,2025-05-27,CONSERVATIVE_T1,margin_szse,000078,True
2025-05-26,AGGREGATOR|research-node|akshare@1.18.97|stock_margin_detail_szse,,,2026-09-26T08:57:25.457945+00:00,2025-05-27,CONSERVATIVE_T1,margin_szse,000685,True
2025-05-26,AGGREGATOR|research-node|akshare@1.18.97|stock_margin_detail_szse,,,2026-09-26T08:57:25.457945+00:00,2025-05-27,CONSERVATIVE_T1,margin_szse,000825,True
2025-05-26,AGGREGATOR|research-node|akshare@1.18.97|stock_margin_detail_szse,,,2026-09-26T08:57:25.457945+00:00,2025-05-27,CONSERVATIVE_T1,margin_szse,002440,True
2025-05-26,AGGREGATOR|research-node|akshare@1.18.97|stock_margin_detail_szse,,,2026-09-26T08:57:25.457945+00:00,2025-05-27,CONSERVATIVE_T1,margin_szse,300342,True
2025-05-26,AGGREGATOR|research-node|akshare@1.18.97|stock_margin_detail_szse,,,2026-09-26T08:57:25.457945+00:00,2025-05-27,CONSERVATIVE_T1,margin_szse,301297,True
2025-05-26,AGGREGATOR|research-node|akshare@1.18.97|stock_margin_detail_szse,,,2026-09-26T08:57:25.457945+00:00,2025-05-27,CONSERVATIVE_T1,margin_szse,301357,True
2025-05-27,AGGREGATOR|research-node|akshare@1.18.97|stock_margin_detail_szse,,,2026-09-26T08:57:27.722590+00:00,2025-05-28,CONSERVATIVE_T1,margin_szse,000078,True
2025-05-27,AGGREGATOR|research-node|akshare@1.18.97|stock_margin_detail_szse,,,2026-09-26T08:57:27.722590+00:00,2025-05-28,CONSERVATIVE_T1,margin_szse,000685,True
2025-05-27,AGGREGATOR|research-node|akshare@1.18.97|stock_margin_detail_szse,,,2026-09-26T08:57:27.722590+00:00,2025-05-28,CONSERVATIVE_T1,margin_szse,000825,True
2025-05-27,AGGREGATOR|research-node|akshare@1.18.97|stock_margin_detail_szse,,,2026-09-26T08:57:27.722590+00:00,2025-05-28,CONSERVATIVE_T1,margin_szse,002440,True
2025-05-27,AGGREGATOR|research-node|akshare@1.18.97|stock_margin_detail_szse,,,2026-09-26T08:57:27.722590+00:00,2025-05-28,CONSERVATIVE_T1,margin_szse,300342,True
2025-05-27,AGGREGATOR|research-node|akshare@1.18.97|stock_margin_detail_szse,,,2026-09-26T08:57:27.722590+00:00,2025-05-28,CONSERVATIVE_T1,margin_szse,301297,True
2025-05-27,AGGREGATOR|research-node|akshare@1.18.97|stock_margin_detail_szse,,,2026-09-26T08:57:27.722590+00:00,2025-05-28,CONSERVATIVE_T1,margin_szse,301357,True
2025-05-28,AGGREGATOR|research-node|akshare@1.18.97|stock_margin_detail_szse,,,2026-09-26T08:57:30.022750+00:00,2025-05-29,CONSERVATIVE_T1,margin_szse,000078,True
2025-05-28,AGGREGATOR|research-node|akshare@1.18.97|stock_margin_detail_szse,,,2026-09-26T08:57:30.022750+00:00,2025-05-29,CONSERVATIVE_T1,margin_szse,000685,True
2025-05-28,AGGREGATOR|research-node|akshare@1.18.97|stock_margin_detail_szse,,,2026-09-26T08:57:30.022750+00:00,2025-05-29,CONSERVATIVE_T1,margin_szse,000825,True
2025-05-28,AGGREGATOR|research-node|akshare@1.18.97|stock_margin_detail_szse,,,2026-09-26T08:57:30.022750+00:00,2025-05-29,CONSERVATIVE_T1,margin_szse,002440,True
2025-05-28,AGGREGATOR|research-node|akshare@1.18.97|stock_margin_detail_szse,,,2026-09-26T08:57:30.022750+00:00,2025-05-29,CONSERVATIVE_T1,margin_szse,300342,True
2025-05-28,AGGREGATOR|research-node|akshare@1.18.97|stock_margin_detail_szse,,,2026-09-26T08:57:30.022750+00:00,2025-05-29,CONSERVATIVE_T1,margin_szse,301297,True
2025-05-28,AGGREGATOR|research-node|akshare@1.18.97|stock_margin_detail_szse,,,2026-09-26T08:57:30.022750+00:00,2025-05-29,CONSERVATIVE_T1,margin_szse,301357,True
2025-05-29,AGGREGATOR|research-node|akshare@1.18.97|stock_margin_detail_szse,,,2026-09-26T08:57:32.417825+00:00,2025-05-30,CONSERVATIVE_T1,margin_szse,000078,True
2025-05-29,AGGREGATOR|research-node|akshare@1.18.97|stock_margin_detail_szse,,,2026-09-26T08:57:32.417825+00:00,2025-05-30,CONSERVATIVE_T1,margin_szse,000685,True
2025-05-29,AGGREGATOR|research-node|akshare@1.18.97|stock_margin_detail_szse,,,2026-09-26T08:57:32.417825+00:00,2025-05-30,CONSERVATIVE_T1,margin_szse,000825,True
2025-05-29,AGGREGATOR|research-node|akshare@1.18.97|stock_margin_detail_szse,,,2026-09-26T08:57:32.417825+00:00,2025-05-30,CONSERVATIVE_T1,margin_szse,002440,True
2025-05-29,AGGREGATOR|research-node|akshare@1.18.97|stock_margin_detail_szse,,,2026-09-26T08:57:32.417825+00:00,2025-05-30,CONSERVATIVE_T1,margin_szse,300342,True
2025-05-29,AGGREGATOR|research-node|akshare@1.18.97|stock_margin_detail_szse,,,2026-09-26T08:57:32.417825+00:00,2025-05-30,CONSERVATIVE_T1,margin_szse,301297,True
2025-05-29,AGGREGATOR|research-node|akshare@1.18.97|stock_margin_detail_szse,,,2026-09-26T08:57:32.417825+00:00,2025-05-30,CONSERVATIVE_T1,margin_szse,301357,True
2025-05-30,AGGREGATOR|research-node|akshare@1.18.97|stock_margin_detail_szse,,,2026-09-26T08:57:34.759023+00:00,2025-06-03,CONSERVATIVE_T1,margin_szse,000078,True
2025-05-30,AGGREGATOR|research-node|akshare@1.18.97|stock_margin_detail_szse,,,2026-09-26T08:57:34.759023+00:00,2025-06-03,CONSERVATIVE_T1,margin_szse,000685,True
2025-05-30,AGGREGATOR|research-node|akshare@1.18.97|stock_margin_detail_szse,,,2026-09-26T08:57:34.759023+00:00,2025-06-03,CONSERVATIVE_T1,margin_szse,000825,True
2025-05-30,AGGREGATOR|research-node|akshare@1.18.97|stock_margin_detail_szse,,,2026-09-26T08:57:34.759023+00:00,2025-06-03,CONSERVATIVE_T1,margin_szse,002440,True
2025-05-30,AGGREGATOR|research-node|akshare@1.18.97|stock_margin_detail_szse,,,2026-09-26T08:57:34.759023+00:00,2025-06-03,CONSERVATIVE_T1,margin_szse,300342,True
2025-05-30,AGGREGATOR|research-node|akshare@1.18.97|stock_margin_detail_szse,,,2026-09-26T08:57:34.759023+00:00,2025-06-03,CONSERVATIVE_T1,margin_szse,301297,True
2025-05-30,AGGREGATOR|research-node|akshare@1.18.97|stock_margin_detail_szse,,,2026-09-26T08:57:34.759023+00:00,2025-06-03,CONSERVATIVE_T1,margin_szse,301357,True
2025-06-03,AGGREGATOR|research-node|akshare@1.18.97|stock_margin_detail_szse,,,2026-09-26T08:57:37.056100+00:00,2025-06-04,CONSERVATIVE_T1,margin_szse,000078,True
2025-06-03,AGGREGATOR|research-node|akshare@1.18.97|stock_margin_detail_szse,,,2026-09-26T08:57:37.056100+00:00,2025-06-04,CONSERVATIVE_T1,margin_szse,000685,True
2025-06-03,AGGREGATOR|research-node|akshare@1.18.97|stock_margin_detail_szse,,,2026-09-26T08:57:37.056100+00:00,2025-06-04,CONSERVATIVE_T1,margin_szse,000825,True
2025-06-03,AGGREGATOR|research-node|akshare@1.18.97|stock_margin_detail_szse,,,2026-09-26T08:57:37.056100+00:00,2025-06-04,CONSERVATIVE_T1,margin_szse,002440,True
2025-06-03,AGGREGATOR|research-node|akshare@1.18.97|stock_margin_detail_szse,,,2026-09-26T08:57:37.056100+00:00,2025-06-04,CONSERVATIVE_T1,margin_szse,300342,True
2025-06-03,AGGREGATOR|research-node|akshare@1.18.97|stock_margin_detail_szse,,,2026-09-26T08:57:37.056100+00:00,2025-06-04,CONSERVATIVE_T1,margin_szse,301297,True
2025-06-03,AGGREGATOR|research-node|akshare@1.18.97|stock_margin_detail_szse,,,2026-09-26T08:57:37.056100+00:00,2025-06-04,CONSERVATIVE_T1,margin_szse,301357,True
2025-06-04,AGGREGATOR|research-node|akshare@1.18.97|stock_margin_detail_szse,,,2026-09-26T08:57:39.458077+00:00,2025-06-05,CONSERVATIVE_T1,margin_szse,000078,True
2025-06-04,AGGREGATOR|research-node|akshare@1.18.97|stock_margin_detail_szse,,,2026-09-26T08:57:39.458077+00:00,2025-06-05,CONSERVATIVE_T1,margin_szse,000685,True
2025-06-04,AGGREGATOR|research-node|akshare@1.18.97|stock_margin_detail_szse,,,2026-09-26T08:57:39.458077+00:00,2025-06-05,CONSERVATIVE_T1,margin_szse,000825,True
2025-06-04,AGGREGATOR|research-node|akshare@1.18.97|stock_margin_detail_szse,,,2026-09-26T08:57:39.458077+00:00,2025-06-05,CONSERVATIVE_T1,margin_szse,002440,True
2025-06-04,AGGREGATOR|research-node|akshare@1.18.97|stock_margin_detail_szse,,,2026-09-26T08:57:39.458077+00:00,2025-06-05,CONSERVATIVE_T1,margin_szse,002574,True
2025-06-04,AGGREGATOR|research-node|akshare@1.18.97|stock_margin_detail_szse,,,2026-09-26T08:57:39.458077+00:00,2025-06-05,CONSERVATIVE_T1,margin_szse,300342,True
2025-06-04,AGGREGATOR|research-node|akshare@1.18.97|stock_margin_detail_szse,,,2026-09-26T08:57:39.458077+00:00,2025-06-05,CONSERVATIVE_T1,margin_szse,301297,True
2025-06-04,AGGREGATOR|research-node|akshare@1.18.97|stock_margin_detail_szse,,,2026-09-26T08:57:39.458077+00:00,2025-06-05,CONSERVATIVE_T1,margin_szse,301357,True
2025-06-05,AGGREGATOR|research-node|akshare@1.18.97|stock_margin_detail_szse,,,2026-09-26T08:57:41.708235+00:00,2025-06-06,CONSERVATIVE_T1,margin_szse,000078,True
2025-06-05,AGGREGATOR|research-node|akshare@1.18.97|stock_margin_detail_szse,,,2026-09-26T08:57:41.708235+00:00,2025-06-06,CONSERVATIVE_T1,margin_szse,000685,True
2025-06-05,AGGREGATOR|research-node|akshare@1.18.97|stock_margin_detail_szse,,,2026-09-26T08:57:41.708235+00:00,2025-06-06,CONSERVATIVE_T1,margin_szse,000825,True
2025-06-05,AGGREGATOR|research-node|akshare@1.18.97|stock_margin_detail_szse,,,2026-09-26T08:57:41.708235+00:00,2025-06-06,CONSERVATIVE_T1,margin_szse,002440,True
2025-06-05,AGGREGATOR|research-node|akshare@1.18.97|stock_margin_detail_szse,,,2026-09-26T08:57:41.708235+00:00,2025-06-06,CONSERVATIVE_T1,margin_szse,002574,True
2025-06-05,AGGREGATOR|research-node|akshare@1.18.97|stock_margin_detail_szse,,,2026-09-26T08:57:41.708235+00:00,2025-06-06,CONSERVATIVE_T1,margin_szse,300342,True
2025-06-05,AGGREGATOR|research-node|akshare@1.18.97|stock_margin_detail_szse,,,2026-09-26T08:57:41.708235+00:00,2025-06-06,CONSERVATIVE_T1,margin_szse,301297,True
2025-06-05,AGGREGATOR|research-node|akshare@1.18.97|stock_margin_detail_szse,,,2026-09-26T08:57:41.708235+00:00,2025-06-06,CONSERVATIVE_T1,margin_szse,301357,True
2025-06-06,AGGREGATOR|research-node|akshare@1.18.97|stock_margin_detail_szse,,,2026-09-26T08:57:44.131997+00:00,2025-06-09,CONSERVATIVE_T1,margin_szse,000078,True
2025-06-06,AGGREGATOR|research-node|akshare@1.18.97|stock_margin_detail_szse,,,2026-09-26T08:57:44.131997+00:00,2025-06-09,CONSERVATIVE_T1,margin_szse,000685,True
2025-06-06,AGGREGATOR|research-node|akshare@1.18.97|stock_margin_detail_szse,,,2026-09-26T08:57:44.131997+00:00,2025-06-09,CONSERVATIVE_T1,margin_szse,000825,True
2025-06-06,AGGREGATOR|research-node|akshare@1.18.97|stock_margin_detail_szse,,,2026-09-26T08:57:44.131997+00:00,2025-06-09,CONSERVATIVE_T1,margin_szse,002440,True
2025-06-06,AGGREGATOR|research-node|akshare@1.18.97|stock_margin_detail_szse,,,2026-09-26T08:57:44.131997+00:00,2025-06-09,CONSERVATIVE_T1,margin_szse,002574,True
2025-06-06,AGGREGATOR|research-node|akshare@1.18.97|stock_margin_detail_szse,,,2026-09-26T08:57:44.131997+00:00,2025-06-09,CONSERVATIVE_T1,margin_szse,300342,True
2025-06-06,AGGREGATOR|research-node|akshare@1.18.97|stock_margin_detail_szse,,,2026-09-26T08:57:44.131997+00:00,2025-06-09,CONSERVATIVE_T1,margin_szse,301297,True
2025-06-06,AGGREGATOR|research-node|akshare@1.18.97|stock_margin_detail_szse,,,2026-09-26T08:57:44.131997+00:00,2025-06-09,CONSERVATIVE_T1,margin_szse,301357,True
2025-06-09,AGGREGATOR|research-node|akshare@1.18.97|stock_margin_detail_szse,,,2026-09-26T08:57:46.296712+00:00,2025-06-10,CONSERVATIVE_T1,margin_szse,000078,True
2025-06-09,AGGREGATOR|research-node|akshare@1.18.97|stock_margin_detail_szse,,,2026-09-26T08:57:46.296712+00:00,2025-06-10,CONSERVATIVE_T1,margin_szse,000685,True
2025-06-09,AGGREGATOR|research-node|akshare@1.18.97|stock_margin_detail_szse,,,2026-09-26T08:57:46.296712+00:00,2025-06-10,CONSERVATIVE_T1,margin_szse,000825,True
2025-06-09,AGGREGATOR|research-node|akshare@1.18.97|stock_margin_detail_szse,,,2026-09-26T08:57:46.296712+00:00,2025-06-10,CONSERVATIVE_T1,margin_szse,002440,True
2025-06-09,AGGREGATOR|research-node|akshare@1.18.97|stock_margin_detail_szse,,,2026-09-26T08:57:46.296712+00:00,2025-06-10,CONSERVATIVE_T1,margin_szse,002574,True
2025-06-09,AGGREGATOR|research-node|akshare@1.18.97|stock_margin_detail_szse,,,2026-09-26T08:57:46.296712+00:00,2025-06-10,CONSERVATIVE_T1,margin_szse,300342,True
2025-06-09,AGGREGATOR|research-node|akshare@1.18.97|stock_margin_detail_szse,,,2026-09-26T08:57:46.296712+00:00,2025-06-10,CONSERVATIVE_T1,margin_szse,301297,True
2025-06-09,AGGREGATOR|research-node|akshare@1.18.97|stock_margin_detail_szse,,,2026-09-26T08:57:46.296712+00:00,2025-06-10,CONSERVATIVE_T1,margin_szse,301357,True
2025-06-10,AGGREGATOR|research-node|akshare@1.18.97|stock_margin_detail_szse,,,2026-09-26T08:57:48.503709+00:00,2025-06-11,CONSERVATIVE_T1,margin_szse,000078,True
2025-06-10,AGGREGATOR|research-node|akshare@1.18.97|stock_margin_detail_szse,,,2026-09-26T08:57:48.503709+00:00,2025-06-11,CONSERVATIVE_T1,margin_szse,000685,True
2025-06-10,AGGREGATOR|research-node|akshare@1.18.97|stock_margin_detail_szse,,,2026-09-26T08:57:48.503709+00:00,2025-06-11,CONSERVATIVE_T1,margin_szse,000825,True
2025-06-10,AGGREGATOR|research-node|akshare@1.18.97|stock_margin_detail_szse,,,2026-09-26T08:57:48.503709+00:00,2025-06-11,CONSERVATIVE_T1,margin_szse,002440,True
2025-06-10,AGGREGATOR|research-node|akshare@1.18.97|stock_margin_detail_szse,,,2026-09-26T08:57:48.503709+00:00,2025-06-11,CONSERVATIVE_T1,margin_szse,002574,True
2025-06-10,AGGREGATOR|research-node|akshare@1.18.97|stock_margin_detail_szse,,,2026-09-26T08:57:48.503709+00:00,2025-06-11,CONSERVATIVE_T1,margin_szse,300342,True
2025-06-10,AGGREGATOR|research-node|akshare@1.18.97|stock_margin_detail_szse,,,2026-09-26T08:57:48.503709+00:00,2025-06-11,CONSERVATIVE_T1,margin_szse,301297,True
2025-06-10,AGGREGATOR|research-node|akshare@1.18.97|stock_margin_detail_szse,,,2026-09-26T08:57:48.503709+00:00,2025-06-11,CONSERVATIVE_T1,margin_szse,301357,True
2025-06-11,AGGREGATOR|research-node|akshare@1.18.97|stock_margin_detail_szse,,,2026-09-26T08:57:50.702945+00:00,2025-06-12,CONSERVATIVE_T1,margin_szse,000078,True
2025-06-11,AGGREGATOR|research-node|akshare@1.18.97|stock_margin_detail_szse,,,2026-09-26T08:57:50.702945+00:00,2025-06-12,CONSERVATIVE_T1,margin_szse,000685,True
2025-06-11,AGGREGATOR|research-node|akshare@1.18.97|stock_margin_detail_szse,,,2026-09-26T08:57:50.702945+00:00,2025-06-12,CONSERVATIVE_T1,margin_szse,000825,True
2025-06-11,AGGREGATOR|research-node|akshare@1.18.97|stock_margin_detail_szse,,,2026-09-26T08:57:50.702945+00:00,2025-06-12,CONSERVATIVE_T1,margin_szse,002440,True
2025-06-11,AGGREGATOR|research-node|akshare@1.18.97|stock_margin_detail_szse,,,2026-09-26T08:57:50.702945+00:00,2025-06-12,CONSERVATIVE_T1,margin_szse,002574,True
2025-06-11,AGGREGATOR|research-node|akshare@1.18.97|stock_margin_detail_szse,,,2026-09-26T08:57:50.702945+00:00,2025-06-12,CONSERVATIVE_T1,margin_szse,300342,True
2025-06-11,AGGREGATOR|research-node|akshare@1.18.97|stock_margin_detail_szse,,,2026-09-26T08:57:50.702945+00:00,2025-06-12,CONSERVATIVE_T1,margin_szse,301297,True
2025-06-11,AGGREGATOR|research-node|akshare@1.18.97|stock_margin_detail_szse,,,2026-09-26T08:57:50.702945+00:00,2025-06-12,CONSERVATIVE_T1,margin_szse,301357,True
2025-06-12,AGGREGATOR|research-node|akshare@1.18.97|stock_margin_detail_szse,,,2026-09-26T08:57:52.983376+00:00,2025-06-13,CONSERVATIVE_T1,margin_szse,000078,True
2025-06-12,AGGREGATOR|research-node|akshare@1.18.97|stock_margin_detail_szse,,,2026-09-26T08:57:52.983376+00:00,2025-06-13,CONSERVATIVE_T1,margin_szse,000685,True
2025-06-12,AGGREGATOR|research-node|akshare@1.18.97|stock_margin_detail_szse,,,2026-09-26T08:57:52.983376+00:00,2025-06-13,CONSERVATIVE_T1,margin_szse,000825,True
2025-06-12,AGGREGATOR|research-node|akshare@1.18.97|stock_margin_detail_szse,,,2026-09-26T08:57:52.983376+00:00,2025-06-13,CONSERVATIVE_T1,margin_szse,002440,True
2025-06-12,AGGREGATOR|research-node|akshare@1.18.97|stock_margin_detail_szse,,,2026-09-26T08:57:52.983376+00:00,2025-06-13,CONSERVATIVE_T1,margin_szse,002574,True
2025-06-12,AGGREGATOR|research-node|akshare@1.18.97|stock_margin_detail_szse,,,2026-09-26T08:57:52.983376+00:00,2025-06-13,CONSERVATIVE_T1,margin_szse,300342,True
2025-06-12,AGGREGATOR|research-node|akshare@1.18.97|stock_margin_detail_szse,,,2026-09-26T08:57:52.983376+00:00,2025-06-13,CONSERVATIVE_T1,margin_szse,301297,True
2025-06-12,AGGREGATOR|research-node|akshare@1.18.97|stock_margin_detail_szse,,,2026-09-26T08:57:52.983376+00:00,2025-06-13,CONSERVATIVE_T1,margin_szse,301357,True
2025-06-13,AGGREGATOR|research-node|akshare@1.18.97|stock_margin_detail_szse,,,2026-09-26T08:57:55.352363+00:00,2025-06-16,CONSERVATIVE_T1,margin_szse,000078,True
2025-06-13,AGGREGATOR|research-node|akshare@1.18.97|stock_margin_detail_szse,,,2026-09-26T08:57:55.352363+00:00,2025-06-16,CONSERVATIVE_T1,margin_szse,000685,True
2025-06-13,AGGREGATOR|research-node|akshare@1.18.97|stock_margin_detail_szse,,,2026-09-26T08:57:55.352363+00:00,2025-06-16,CONSERVATIVE_T1,margin_szse,000825,True
2025-06-13,AGGREGATOR|research-node|akshare@1.18.97|stock_margin_detail_szse,,,2026-09-26T08:57:55.352363+00:00,2025-06-16,CONSERVATIVE_T1,margin_szse,002440,True
2025-06-13,AGGREGATOR|research-node|akshare@1.18.97|stock_margin_detail_szse,,,2026-09-26T08:57:55.352363+00:00,2025-06-16,CONSERVATIVE_T1,margin_szse,002574,True
2025-06-13,AGGREGATOR|research-node|akshare@1.18.97|stock_margin_detail_szse,,,2026-09-26T08:57:55.352363+00:00,2025-06-16,CONSERVATIVE_T1,margin_szse,300342,True
2025-06-13,AGGREGATOR|research-node|akshare@1.18.97|stock_margin_detail_szse,,,2026-09-26T08:57:55.352363+00:00,2025-06-16,CONSERVATIVE_T1,margin_szse,301297,True
2025-06-13,AGGREGATOR|research-node|akshare@1.18.97|stock_margin_detail_szse,,,2026-09-26T08:57:55.352363+00:00,2025-06-16,CONSERVATIVE_T1,margin_szse,301357,True
2025-06-16,AGGREGATOR|research-node|akshare@1.18.97|stock_margin_detail_szse,,,2026-09-26T08:57:57.523370+00:00,2025-06-17,CONSERVATIVE_T1,margin_szse,000078,True
2025-06-16,AGGREGATOR|research-node|akshare@1.18.97|stock_margin_detail_szse,,,2026-09-26T08:57:57.523370+00:00,2025-06-17,CONSERVATIVE_T1,margin_szse,000685,True
2025-06-16,AGGREGATOR|research-node|akshare@1.18.97|stock_margin_detail_szse,,,2026-09-26T08:57:57.523370+00:00,2025-06-17,CONSERVATIVE_T1,margin_szse,000825,True
2025-06-16,AGGREGATOR|research-node|akshare@1.18.97|stock_margin_detail_szse,,,2026-09-26T08:57:57.523370+00:00,2025-06-17,CONSERVATIVE_T1,margin_szse,002440,True
2025-06-16,AGGREGATOR|research-node|akshare@1.18.97|stock_margin_detail_szse,,,2026-09-26T08:57:57.523370+00:00,2025-06-17,CONSERVATIVE_T1,margin_szse,002574,True
2025-06-16,AGGREGATOR|research-node|akshare@1.18.97|stock_margin_detail_szse,,,2026-09-26T08:57:57.523370+00:00,2025-06-17,CONSERVATIVE_T1,margin_szse,300342,True
2025-06-16,AGGREGATOR|research-node|akshare@1.18.97|stock_margin_detail_szse,,,2026-09-26T08:57:57.523370+00:00,2025-06-17,CONSERVATIVE_T1,margin_szse,301297,True
2025-06-16,AGGREGATOR|research-node|akshare@1.18.97|stock_margin_detail_szse,,,2026-09-26T08:57:57.523370+00:00,2025-06-17,CONSERVATIVE_T1,margin_szse,301357,True
2025-06-17,AGGREGATOR|research-node|akshare@1.18.97|stock_margin_detail_szse,,,2026-09-26T08:57:59.958460+00:00,2025-06-18,CONSERVATIVE_T1,margin_szse,000078,True
2025-06-17,AGGREGATOR|research-node|akshare@1.18.97|stock_margin_detail_szse,,,2026-09-26T08:57:59.958460+00:00,2025-06-18,CONSERVATIVE_T1,margin_szse,000685,True
2025-06-17,AGGREGATOR|research-node|akshare@1.18.97|stock_margin_detail_szse,,,2026-09-26T08:57:59.958460+00:00,2025-06-18,CONSERVATIVE_T1,margin_szse,000825,True
2025-06-17,AGGREGATOR|research-node|akshare@1.18.97|stock_margin_detail_szse,,,2026-09-26T08:57:59.958460+00:00,2025-06-18,CONSERVATIVE_T1,margin_szse,002440,True
2025-06-17,AGGREGATOR|research-node|akshare@1.18.97|stock_margin_detail_szse,,,2026-09-26T08:57:59.958460+00:00,2025-06-18,CONSERVATIVE_T1,margin_szse,002574,True
2025-06-17,AGGREGATOR|research-node|akshare@1.18.97|stock_margin_detail_szse,,,2026-09-26T08:57:59.958460+00:00,2025-06-18,CONSERVATIVE_T1,margin_szse,301297,True
2025-06-17,AGGREGATOR|research-node|akshare@1.18.97|stock_margin_detail_szse,,,2026-09-26T08:57:59.958460+00:00,2025-06-18,CONSERVATIVE_T1,margin_szse,301357,True
2025-06-18,AGGREGATOR|research-node|akshare@1.18.97|stock_margin_detail_szse,,,2026-09-26T08:58:02.153749+00:00,2025-06-19,CONSERVATIVE_T1,margin_szse,000078,True
2025-06-18,AGGREGATOR|research-node|akshare@1.18.97|stock_margin_detail_szse,,,2026-09-26T08:58:02.153749+00:00,2025-06-19,CONSERVATIVE_T1,margin_szse,000685,True
2025-06-18,AGGREGATOR|research-node|akshare@1.18.97|stock_margin_detail_szse,,,2026-09-26T08:58:02.153749+00:00,2025-06-19,CONSERVATIVE_T1,margin_szse,000825,True
2025-06-18,AGGREGATOR|research-node|akshare@1.18.97|stock_margin_detail_szse,,,2026-09-26T08:58:02.153749+00:00,2025-06-19,CONSERVATIVE_T1,margin_szse,002440,True
2025-06-18,AGGREGATOR|research-node|akshare@1.18.97|stock_margin_detail_szse,,,2026-09-26T08:58:02.153749+00:00,2025-06-19,CONSERVATIVE_T1,margin_szse,002574,True
2025-06-18,AGGREGATOR|research-node|akshare@1.18.97|stock_margin_detail_szse,,,2026-09-26T08:58:02.153749+00:00,2025-06-19,CONSERVATIVE_T1,margin_szse,301297,True
2025-06-18,AGGREGATOR|research-node|akshare@1.18.97|stock_margin_detail_szse,,,2026-09-26T08:58:02.153749+00:00,2025-06-19,CONSERVATIVE_T1,margin_szse,301357,True
2025-06-19,AGGREGATOR|research-node|akshare@1.18.97|stock_margin_detail_szse,,,2026-09-26T08:58:04.402684+00:00,2025-06-20,CONSERVATIVE_T1,margin_szse,000078,True
2025-06-19,AGGREGATOR|research-node|akshare@1.18.97|stock_margin_detail_szse,,,2026-09-26T08:58:04.402684+00:00,2025-06-20,CONSERVATIVE_T1,margin_szse,000685,True
2025-06-19,AGGREGATOR|research-node|akshare@1.18.97|stock_margin_detail_szse,,,2026-09-26T08:58:04.402684+00:00,2025-06-20,CONSERVATIVE_T1,margin_szse,000825,True
2025-06-19,AGGREGATOR|research-node|akshare@1.18.97|stock_margin_detail_szse,,,2026-09-26T08:58:04.402684+00:00,2025-06-20,CONSERVATIVE_T1,margin_szse,002440,True
2025-06-19,AGGREGATOR|research-node|akshare@1.18.97|stock_margin_detail_szse,,,2026-09-26T08:58:04.402684+00:00,2025-06-20,CONSERVATIVE_T1,margin_szse,002574,True
2025-06-19,AGGREGATOR|research-node|akshare@1.18.97|stock_margin_detail_szse,,,2026-09-26T08:58:04.402684+00:00,2025-06-20,CONSERVATIVE_T1,margin_szse,301297,True
2025-06-19,AGGREGATOR|research-node|akshare@1.18.97|stock_margin_detail_szse,,,2026-09-26T08:58:04.402684+00:00,2025-06-20,CONSERVATIVE_T1,margin_szse,301357,True
2025-06-20,AGGREGATOR|research-node|akshare@1.18.97|stock_margin_detail_szse,,,2026-09-26T08:58:06.536970+00:00,2025-06-23,CONSERVATIVE_T1,margin_szse,000078,True
2025-06-20,AGGREGATOR|research-node|akshare@1.18.97|stock_margin_detail_szse,,,2026-09-26T08:58:06.536970+00:00,2025-06-23,CONSERVATIVE_T1,margin_szse,000685,True
2025-06-20,AGGREGATOR|research-node|akshare@1.18.97|stock_margin_detail_szse,,,2026-09-26T08:58:06.536970+00:00,2025-06-23,CONSERVATIVE_T1,margin_szse,000825,True
2025-06-20,AGGREGATOR|research-node|akshare@1.18.97|stock_margin_detail_szse,,,2026-09-26T08:58:06.536970+00:00,2025-06-23,CONSERVATIVE_T1,margin_szse,002440,True
2025-06-20,AGGREGATOR|research-node|akshare@1.18.97|stock_margin_detail_szse,,,2026-09-26T08:58:06.536970+00:00,2025-06-23,CONSERVATIVE_T1,margin_szse,002574,True
2025-06-20,AGGREGATOR|research-node|akshare@1.18.97|stock_margin_detail_szse,,,2026-09-26T08:58:06.536970+00:00,2025-06-23,CONSERVATIVE_T1,margin_szse,301297,True
2025-06-20,AGGREGATOR|research-node|akshare@1.18.97|stock_margin_detail_szse,,,2026-09-26T08:58:06.536970+00:00,2025-06-23,CONSERVATIVE_T1,margin_szse,301357,True
2025-06-23,AGGREGATOR|research-node|akshare@1.18.97|stock_margin_detail_szse,,,2026-09-26T08:58:08.671319+00:00,2025-06-24,CONSERVATIVE_T1,margin_szse,000078,True
2025-06-23,AGGREGATOR|research-node|akshare@1.18.97|stock_margin_detail_szse,,,2026-09-26T08:58:08.671319+00:00,2025-06-24,CONSERVATIVE_T1,margin_szse,000685,True
2025-06-23,AGGREGATOR|research-node|akshare@1.18.97|stock_margin_detail_szse,,,2026-09-26T08:58:08.671319+00:00,2025-06-24,CONSERVATIVE_T1,margin_szse,000825,True
2025-06-23,AGGREGATOR|research-node|akshare@1.18.97|stock_margin_detail_szse,,,2026-09-26T08:58:08.671319+00:00,2025-06-24,CONSERVATIVE_T1,margin_szse,002440,True
2025-06-23,AGGREGATOR|research-node|akshare@1.18.97|stock_margin_detail_szse,,,2026-09-26T08:58:08.671319+00:00,2025-06-24,CONSERVATIVE_T1,margin_szse,002574,True
2025-06-23,AGGREGATOR|research-node|akshare@1.18.97|stock_margin_detail_szse,,,2026-09-26T08:58:08.671319+00:00,2025-06-24,CONSERVATIVE_T1,margin_szse,301297,True
2025-06-23,AGGREGATOR|research-node|akshare@1.18.97|stock_margin_detail_szse,,,2026-09-26T08:58:08.671319+00:00,2025-06-24,CONSERVATIVE_T1,margin_szse,301357,True
2025-06-24,AGGREGATOR|research-node|akshare@1.18.97|stock_margin_detail_szse,,,2026-09-26T08:58:11.042643+00:00,2025-06-25,CONSERVATIVE_T1,margin_szse,000078,True
2025-06-24,AGGREGATOR|research-node|akshare@1.18.97|stock_margin_detail_szse,,,2026-09-26T08:58:11.042643+00:00,2025-06-25,CONSERVATIVE_T1,margin_szse,000685,True
2025-06-24,AGGREGATOR|research-node|akshare@1.18.97|stock_margin_detail_szse,,,2026-09-26T08:58:11.042643+00:00,2025-06-25,CONSERVATIVE_T1,margin_szse,000825,True
2025-06-24,AGGREGATOR|research-node|akshare@1.18.97|stock_margin_detail_szse,,,2026-09-26T08:58:11.042643+00:00,2025-06-25,CONSERVATIVE_T1,margin_szse,002440,True
2025-06-24,AGGREGATOR|research-node|akshare@1.18.97|stock_margin_detail_szse,,,2026-09-26T08:58:11.042643+00:00,2025-06-25,CONSERVATIVE_T1,margin_szse,002574,True
2025-06-24,AGGREGATOR|research-node|akshare@1.18.97|stock_margin_detail_szse,,,2026-09-26T08:58:11.042643+00:00,2025-06-25,CONSERVATIVE_T1,margin_szse,301297,True
2025-06-24,AGGREGATOR|research-node|akshare@1.18.97|stock_margin_detail_szse,,,2026-09-26T08:58:11.042643+00:00,2025-06-25,CONSERVATIVE_T1,margin_szse,301357,True
2025-06-25,AGGREGATOR|research-node|akshare@1.18.97|stock_margin_detail_szse,,,2026-09-26T08:58:13.309369+00:00,2025-06-26,CONSERVATIVE_T1,margin_szse,000078,True
2025-06-25,AGGREGATOR|research-node|akshare@1.18.97|stock_margin_detail_szse,,,2026-09-26T08:58:13.309369+00:00,2025-06-26,CONSERVATIVE_T1,margin_szse,000685,True
2025-06-25,AGGREGATOR|research-node|akshare@1.18.97|stock_margin_detail_szse,,,2026-09-26T08:58:13.309369+00:00,2025-06-26,CONSERVATIVE_T1,margin_szse,000825,True
2025-06-25,AGGREGATOR|research-node|akshare@1.18.97|stock_margin_detail_szse,,,2026-09-26T08:58:13.309369+00:00,2025-06-26,CONSERVATIVE_T1,margin_szse,002440,True
2025-06-25,AGGREGATOR|research-node|akshare@1.18.97|stock_margin_detail_szse,,,2026-09-26T08:58:13.309369+00:00,2025-06-26,CONSERVATIVE_T1,margin_szse,002574,True
2025-06-25,AGGREGATOR|research-node|akshare@1.18.97|stock_margin_detail_szse,,,2026-09-26T08:58:13.309369+00:00,2025-06-26,CONSERVATIVE_T1,margin_szse,301357,True
2025-06-26,AGGREGATOR|research-node|akshare@1.18.97|stock_margin_detail_szse,,,2026-09-26T08:58:15.525315+00:00,2025-06-27,CONSERVATIVE_T1,margin_szse,000078,True
2025-06-26,AGGREGATOR|research-node|akshare@1.18.97|stock_margin_detail_szse,,,2026-09-26T08:58:15.525315+00:00,2025-06-27,CONSERVATIVE_T1,margin_szse,000685,True
2025-06-26,AGGREGATOR|research-node|akshare@1.18.97|stock_margin_detail_szse,,,2026-09-26T08:58:15.525315+00:00,2025-06-27,CONSERVATIVE_T1,margin_szse,000825,True
2025-06-26,AGGREGATOR|research-node|akshare@1.18.97|stock_margin_detail_szse,,,2026-09-26T08:58:15.525315+00:00,2025-06-27,CONSERVATIVE_T1,margin_szse,002440,True
2025-06-26,AGGREGATOR|research-node|akshare@1.18.97|stock_margin_detail_szse,,,2026-09-26T08:58:15.525315+00:00,2025-06-27,CONSERVATIVE_T1,margin_szse,002574,True
2025-06-26,AGGREGATOR|research-node|akshare@1.18.97|stock_margin_detail_szse,,,2026-09-26T08:58:15.525315+00:00,2025-06-27,CONSERVATIVE_T1,margin_szse,301357,True
2025-06-27,AGGREGATOR|research-node|akshare@1.18.97|stock_margin_detail_szse,,,2026-09-26T08:58:17.873480+00:00,2025-06-30,CONSERVATIVE_T1,margin_szse,000078,True
2025-06-27,AGGREGATOR|research-node|akshare@1.18.97|stock_margin_detail_szse,,,2026-09-26T08:58:17.873480+00:00,2025-06-30,CONSERVATIVE_T1,margin_szse,000685,True
2025-06-27,AGGREGATOR|research-node|akshare@1.18.97|stock_margin_detail_szse,,,2026-09-26T08:58:17.873480+00:00,2025-06-30,CONSERVATIVE_T1,margin_szse,000825,True
2025-06-27,AGGREGATOR|research-node|akshare@1.18.97|stock_margin_detail_szse,,,2026-09-26T08:58:17.873480+00:00,2025-06-30,CONSERVATIVE_T1,margin_szse,002440,True
2025-06-27,AGGREGATOR|research-node|akshare@1.18.97|stock_margin_detail_szse,,,2026-09-26T08:58:17.873480+00:00,2025-06-30,CONSERVATIVE_T1,margin_szse,002574,True
2025-06-27,AGGREGATOR|research-node|akshare@1.18.97|stock_margin_detail_szse,,,2026-09-26T08:58:17.873480+00:00,2025-06-30,CONSERVATIVE_T1,margin_szse,301357,True
2025-06-30,AGGREGATOR|research-node|akshare@1.18.97|stock_margin_detail_szse,,,2026-09-26T08:58:20.030946+00:00,2025-07-01,CONSERVATIVE_T1,margin_szse,000078,True
2025-06-30,AGGREGATOR|research-node|akshare@1.18.97|stock_margin_detail_szse,,,2026-09-26T08:58:20.030946+00:00,2025-07-01,CONSERVATIVE_T1,margin_szse,000685,True
2025-06-30,AGGREGATOR|research-node|akshare@1.18.97|stock_margin_detail_szse,,,2026-09-26T08:58:20.030946+00:00,2025-07-01,CONSERVATIVE_T1,margin_szse,000825,True
2025-06-30,AGGREGATOR|research-node|akshare@1.18.97|stock_margin_detail_szse,,,2026-09-26T08:58:20.030946+00:00,2025-07-01,CONSERVATIVE_T1,margin_szse,002440,True
2025-06-30,AGGREGATOR|research-node|akshare@1.18.97|stock_margin_detail_szse,,,2026-09-26T08:58:20.030946+00:00,2025-07-01,CONSERVATIVE_T1,margin_szse,002574,True
2025-06-30,AGGREGATOR|research-node|akshare@1.18.97|stock_margin_detail_szse,,,2026-09-26T08:58:20.030946+00:00,2025-07-01,CONSERVATIVE_T1,margin_szse,301357,True
2025-01-02,AGGREGATOR|research-node|akshare@1.18.97|stock_lhb_detail_em,2025-01-02,,2026-09-26T08:58:36.527952+00:00,2025-01-03,CONSERVATIVE_T1,lhb,002693,True
2025-01-24,AGGREGATOR|research-node|akshare@1.18.97|stock_lhb_detail_em,2025-01-24,,2026-09-26T08:58:36.527952+00:00,2025-01-27,CONSERVATIVE_T1,lhb,601869,True
2025-02-25,AGGREGATOR|research-node|akshare@1.18.97|stock_lhb_detail_em,2025-02-25,,2026-09-26T08:58:55.132097+00:00,2025-02-26,CONSERVATIVE_T1,lhb,601869,True
2025-02-06,AGGREGATOR|research-node|akshare@1.18.97|stock_lhb_detail_em,2025-02-06,,2026-09-26T08:58:55.132097+00:00,2025-02-07,CONSERVATIVE_T1,lhb,601869,True
2025-03-12,AGGREGATOR|research-node|akshare@1.18.97|stock_lhb_detail_em,2025-03-12,,2026-09-26T08:59:03.077330+00:00,2025-03-13,CONSERVATIVE_T1,lhb,002693,True
2025-03-11,AGGREGATOR|research-node|akshare@1.18.97|stock_lhb_detail_em,2025-03-11,,2026-09-26T08:59:03.077330+00:00,2025-03-12,CONSERVATIVE_T1,lhb,002693,True
2025-03-26,AGGREGATOR|research-node|akshare@1.18.97|stock_lhb_detail_em,2025-03-26,,2026-09-26T08:59:03.077330+00:00,2025-03-27,CONSERVATIVE_T1,lhb,300147,True
2025-03-26,AGGREGATOR|research-node|akshare@1.18.97|stock_lhb_detail_em,2025-03-26,,2026-09-26T08:59:03.077330+00:00,2025-03-27,CONSERVATIVE_T1,lhb,300147,True
2025-03-25,AGGREGATOR|research-node|akshare@1.18.97|stock_lhb_detail_em,2025-03-25,,2026-09-26T08:59:03.077330+00:00,2025-03-26,CONSERVATIVE_T1,lhb,300147,True
2025-03-11,AGGREGATOR|research-node|akshare@1.18.97|stock_lhb_detail_em,2025-03-11,,2026-09-26T08:59:03.077330+00:00,2025-03-12,CONSERVATIVE_T1,lhb,301357,True
2025-03-13,AGGREGATOR|research-node|akshare@1.18.97|stock_lhb_detail_em,2025-03-13,,2026-09-26T08:59:03.077330+00:00,2025-03-14,CONSERVATIVE_T1,lhb,603618,True
2025-03-12,AGGREGATOR|research-node|akshare@1.18.97|stock_lhb_detail_em,2025-03-12,,2026-09-26T08:59:03.077330+00:00,2025-03-13,CONSERVATIVE_T1,lhb,603618,True
2025-03-07,AGGREGATOR|research-node|akshare@1.18.97|stock_lhb_detail_em,2025-03-07,,2026-09-26T08:59:03.077330+00:00,2025-03-10,CONSERVATIVE_T1,lhb,603618,True
2025-03-06,AGGREGATOR|research-node|akshare@1.18.97|stock_lhb_detail_em,2025-03-06,,2026-09-26T08:59:03.077330+00:00,2025-03-07,CONSERVATIVE_T1,lhb,603618,True
2025-03-06,AGGREGATOR|research-node|akshare@1.18.97|stock_lhb_detail_em,2025-03-06,,2026-09-26T08:59:03.077330+00:00,2025-03-07,CONSERVATIVE_T1,lhb,603618,True
2025-04-25,AGGREGATOR|research-node|akshare@1.18.97|stock_lhb_detail_em,2025-04-25,,2026-09-26T08:59:12.574605+00:00,2025-04-28,CONSERVATIVE_T1,lhb,002693,True
2025-04-24,AGGREGATOR|research-node|akshare@1.18.97|stock_lhb_detail_em,2025-04-24,,2026-09-26T08:59:12.574605+00:00,2025-04-25,CONSERVATIVE_T1,lhb,002693,True
2025-04-22,AGGREGATOR|research-node|akshare@1.18.97|stock_lhb_detail_em,2025-04-22,,2026-09-26T08:59:12.574605+00:00,2025-04-23,CONSERVATIVE_T1,lhb,002693,True
2025-04-22,AGGREGATOR|research-node|akshare@1.18.97|stock_lhb_detail_em,2025-04-22,,2026-09-26T08:59:12.574605+00:00,2025-04-23,CONSERVATIVE_T1,lhb,002693,True
2025-04-21,AGGREGATOR|research-node|akshare@1.18.97|stock_lhb_detail_em,2025-04-21,,2026-09-26T08:59:12.574605+00:00,2025-04-22,CONSERVATIVE_T1,lhb,002693,True
2025-04-16,AGGREGATOR|research-node|akshare@1.18.97|stock_lhb_detail_em,2025-04-16,,2026-09-26T08:59:12.574605+00:00,2025-04-17,CONSERVATIVE_T1,lhb,002693,True
2025-04-16,AGGREGATOR|research-node|akshare@1.18.97|stock_lhb_detail_em,2025-04-16,,2026-09-26T08:59:12.574605+00:00,2025-04-17,CONSERVATIVE_T1,lhb,002693,True
2025-04-14,AGGREGATOR|research-node|akshare@1.18.97|stock_lhb_detail_em,2025-04-14,,2026-09-26T08:59:12.574605+00:00,2025-04-15,CONSERVATIVE_T1,lhb,002693,True
2025-04-14,AGGREGATOR|research-node|akshare@1.18.97|stock_lhb_detail_em,2025-04-14,,2026-09-26T08:59:12.574605+00:00,2025-04-15,CONSERVATIVE_T1,lhb,301357,True
2025-04-10,AGGREGATOR|research-node|akshare@1.18.97|stock_lhb_detail_em,2025-04-10,,2026-09-26T08:59:12.574605+00:00,2025-04-11,CONSERVATIVE_T1,lhb,301357,True
2025-04-11,AGGREGATOR|research-node|akshare@1.18.97|stock_lhb_detail_em,2025-04-11,,2026-09-26T08:59:12.574605+00:00,2025-04-14,CONSERVATIVE_T1,lhb,600598,True
2025-04-07,AGGREGATOR|research-node|akshare@1.18.97|stock_lhb_detail_em,2025-04-07,,2026-09-26T08:59:12.574605+00:00,2025-04-08,CONSERVATIVE_T1,lhb,600598,True
2025-04-07,AGGREGATOR|research-node|akshare@1.18.97|stock_lhb_detail_em,2025-04-07,,2026-09-26T08:59:12.574605+00:00,2025-04-08,CONSERVATIVE_T1,lhb,600598,True
2025-04-16,AGGREGATOR|research-node|akshare@1.18.97|stock_lhb_detail_em,2025-04-16,,2026-09-26T08:59:12.574605+00:00,2025-04-17,CONSERVATIVE_T1,lhb,600629,True
2025-05-22,AGGREGATOR|research-node|akshare@1.18.97|stock_lhb_detail_em,2025-05-22,,2026-09-26T08:59:22.596954+00:00,2025-05-23,CONSERVATIVE_T1,lhb,002693,True
2025-05-19,AGGREGATOR|research-node|akshare@1.18.97|stock_lhb_detail_em,2025-05-19,,2026-09-26T08:59:22.596954+00:00,2025-05-20,CONSERVATIVE_T1,lhb,002693,True
2025-05-06,AGGREGATOR|research-node|akshare@1.18.97|stock_lhb_detail_em,2025-05-06,,2026-09-26T08:59:22.596954+00:00,2025-05-07,CONSERVATIVE_T1,lhb,002693,True
2025-05-07,AGGREGATOR|research-node|akshare@1.18.97|stock_lhb_detail_em,2025-05-07,,2026-09-26T08:59:22.596954+00:00,2025-05-08,CONSERVATIVE_T1,lhb,301357,True
2025-05-30,AGGREGATOR|research-node|akshare@1.18.97|stock_lhb_detail_em,2025-05-30,,2026-09-26T08:59:22.596954+00:00,2025-06-03,CONSERVATIVE_T1,lhb,603686,True
2025-05-30,AGGREGATOR|research-node|akshare@1.18.97|stock_lhb_detail_em,2025-05-30,,2026-09-26T08:59:22.596954+00:00,2025-06-03,CONSERVATIVE_T1,lhb,603686,True
2025-05-29,AGGREGATOR|research-node|akshare@1.18.97|stock_lhb_detail_em,2025-05-29,,2026-09-26T08:59:22.596954+00:00,2025-05-30,CONSERVATIVE_T1,lhb,603686,True
2025-06-09,AGGREGATOR|research-node|akshare@1.18.97|stock_lhb_detail_em,2025-06-09,,2026-09-26T08:59:31.584100+00:00,2025-06-10,CONSERVATIVE_T1,lhb,002391,True
2025-06-25,AGGREGATOR|research-node|akshare@1.18.97|stock_lhb_detail_em,2025-06-25,,2026-09-26T08:59:31.584100+00:00,2025-06-26,CONSERVATIVE_T1,lhb,300368,True
2025-06-25,AGGREGATOR|research-node|akshare@1.18.97|stock_lhb_detail_em,2025-06-25,,2026-09-26T08:59:31.584100+00:00,2025-06-26,CONSERVATIVE_T1,lhb,300368,True
2025-06-10,AGGREGATOR|research-node|akshare@1.18.97|stock_lhb_detail_em,2025-06-10,,2026-09-26T08:59:31.584100+00:00,2025-06-11,CONSERVATIVE_T1,lhb,300368,True
2025-06-05,AGGREGATOR|research-node|akshare@1.18.97|stock_lhb_detail_em,2025-06-05,,2026-09-26T08:59:31.584100+00:00,2025-06-06,CONSERVATIVE_T1,lhb,300368,True
2025-06-05,AGGREGATOR|research-node|akshare@1.18.97|stock_lhb_detail_em,2025-06-05,,2026-09-26T08:59:31.584100+00:00,2025-06-06,CONSERVATIVE_T1,lhb,300368,True
2025-06-04,AGGREGATOR|research-node|akshare@1.18.97|stock_lhb_detail_em,2025-06-04,,2026-09-26T08:59:31.584100+00:00,2025-06-05,CONSERVATIVE_T1,lhb,300368,True
2025-06-30,AGGREGATOR|research-node|akshare@1.18.97|stock_lhb_detail_em,2025-06-30,,2026-09-26T08:59:31.584100+00:00,2025-07-01,CONSERVATIVE_T1,lhb,301357,True
2025-06-30,AGGREGATOR|research-node|akshare@1.18.97|stock_lhb_detail_em,2025-06-30,,2026-09-26T08:59:31.584100+00:00,2025-07-01,CONSERVATIVE_T1,lhb,301357,True
2025-06-27,AGGREGATOR|research-node|akshare@1.18.97|stock_lhb_detail_em,2025-06-27,,2026-09-26T08:59:31.584100+00:00,2025-06-30,CONSERVATIVE_T1,lhb,301357,True
2025-06-27,AGGREGATOR|research-node|akshare@1.18.97|stock_lhb_detail_em,2025-06-27,,2026-09-26T08:59:31.584100+00:00,2025-06-30,CONSERVATIVE_T1,lhb,301357,True
2025-06-26,AGGREGATOR|research-node|akshare@1.18.97|stock_lhb_detail_em,2025-06-26,,2026-09-26T08:59:31.584100+00:00,2025-06-27,CONSERVATIVE_T1,lhb,301357,True
2025-06-25,AGGREGATOR|research-node|akshare@1.18.97|stock_lhb_detail_em,2025-06-25,,2026-09-26T08:59:31.584100+00:00,2025-06-26,CONSERVATIVE_T1,lhb,301357,True
2025-06-24,AGGREGATOR|research-node|akshare@1.18.97|stock_lhb_detail_em,2025-06-24,,2026-09-26T08:59:31.584100+00:00,2025-06-25,CONSERVATIVE_T1,lhb,301357,True
2025-06-23,AGGREGATOR|research-node|akshare@1.18.97|stock_lhb_detail_em,2025-06-23,,2026-09-26T08:59:31.584100+00:00,2025-06-24,CONSERVATIVE_T1,lhb,301357,True
2025-06-20,AGGREGATOR|research-node|akshare@1.18.97|stock_lhb_detail_em,2025-06-20,,2026-09-26T08:59:31.584100+00:00,2025-06-23,CONSERVATIVE_T1,lhb,301357,True
2025-06-19,AGGREGATOR|research-node|akshare@1.18.97|stock_lhb_detail_em,2025-06-19,,2026-09-26T08:59:31.584100+00:00,2025-06-20,CONSERVATIVE_T1,lhb,301357,True
2025-06-19,AGGREGATOR|research-node|akshare@1.18.97|stock_lhb_detail_em,2025-06-19,,2026-09-26T08:59:31.584100+00:00,2025-06-20,CONSERVATIVE_T1,lhb,301357,True
2025-06-19,AGGREGATOR|research-node|akshare@1.18.97|stock_lhb_detail_em,2025-06-19,,2026-09-26T08:59:31.584100+00:00,2025-06-20,CONSERVATIVE_T1,lhb,301357,True
2025-06-18,AGGREGATOR|research-node|akshare@1.18.97|stock_lhb_detail_em,2025-06-18,,2026-09-26T08:59:31.584100+00:00,2025-06-19,CONSERVATIVE_T1,lhb,301357,True
2025-06-18,AGGREGATOR|research-node|akshare@1.18.97|stock_lhb_detail_em,2025-06-18,,2026-09-26T08:59:31.584100+00:00,2025-06-19,CONSERVATIVE_T1,lhb,301357,True
2025-06-17,AGGREGATOR|research-node|akshare@1.18.97|stock_lhb_detail_em,2025-06-17,,2026-09-26T08:59:31.584100+00:00,2025-06-18,CONSERVATIVE_T1,lhb,301357,True
2025-06-16,AGGREGATOR|research-node|akshare@1.18.97|stock_lhb_detail_em,2025-06-16,,2026-09-26T08:59:31.584100+00:00,2025-06-17,CONSERVATIVE_T1,lhb,301357,True
2025-06-13,AGGREGATOR|research-node|akshare@1.18.97|stock_lhb_detail_em,2025-06-13,,2026-09-26T08:59:31.584100+00:00,2025-06-16,CONSERVATIVE_T1,lhb,301357,True
2025-06-04,AGGREGATOR|research-node|akshare@1.18.97|stock_lhb_detail_em,2025-06-04,,2026-09-26T08:59:31.584100+00:00,2025-06-05,CONSERVATIVE_T1,lhb,603686,True
2025-06-04,AGGREGATOR|research-node|akshare@1.18.97|stock_lhb_detail_em,2025-06-04,,2026-09-26T08:59:31.584100+00:00,2025-06-05,CONSERVATIVE_T1,lhb,603686,True
2025-06-03,AGGREGATOR|research-node|akshare@1.18.97|stock_lhb_detail_em,2025-06-03,,2026-09-26T08:59:31.584100+00:00,2025-06-04,CONSERVATIVE_T1,lhb,603686,True
2025-01-02,AGGREGATOR|research-node|akshare@1.18.97|stock_dzjy_mrmx,2025-01-02,,2026-09-26T08:59:36.070525+00:00,2025-01-03,CONSERVATIVE_T1,dzjy,300059,True
2025-01-07,AGGREGATOR|research-node|akshare@1.18.97|stock_dzjy_mrmx,2025-01-07,,2026-09-26T08:59:36.070525+00:00,2025-01-08,CONSERVATIVE_T1,dzjy,601963,True
2025-01-21,AGGREGATOR|research-node|akshare@1.18.97|stock_dzjy_mrmx,2025-01-21,,2026-09-26T08:59:36.070525+00:00,2025-01-22,CONSERVATIVE_T1,dzjy,601963,True
2025-01-08,AGGREGATOR|research-node|akshare@1.18.97|stock_dzjy_mrmx,2025-01-08,,2026-09-26T08:59:36.070525+00:00,2025-01-09,CONSERVATIVE_T1,dzjy,601963,True
2025-02-17,AGGREGATOR|research-node|akshare@1.18.97|stock_dzjy_mrmx,2025-02-17,,2026-09-26T08:59:41.481020+00:00,2025-02-18,CONSERVATIVE_T1,dzjy,000685,True
2025-03-13,AGGREGATOR|research-node|akshare@1.18.97|stock_dzjy_mrmx,2025-03-13,,2026-09-26T08:59:46.332015+00:00,2025-03-14,CONSERVATIVE_T1,dzjy,000685,True
2025-03-14,AGGREGATOR|research-node|akshare@1.18.97|stock_dzjy_mrmx,2025-03-14,,2026-09-26T08:59:46.332015+00:00,2025-03-17,CONSERVATIVE_T1,dzjy,601963,True
2025-03-27,AGGREGATOR|research-node|akshare@1.18.97|stock_dzjy_mrmx,2025-03-27,,2026-09-26T08:59:46.332015+00:00,2025-03-28,CONSERVATIVE_T1,dzjy,601963,True
2025-03-21,AGGREGATOR|research-node|akshare@1.18.97|stock_dzjy_mrmx,2025-03-21,,2026-09-26T08:59:46.332015+00:00,2025-03-24,CONSERVATIVE_T1,dzjy,601963,True
2025-03-20,AGGREGATOR|research-node|akshare@1.18.97|stock_dzjy_mrmx,2025-03-20,,2026-09-26T08:59:46.332015+00:00,2025-03-21,CONSERVATIVE_T1,dzjy,601963,True
2025-03-19,AGGREGATOR|research-node|akshare@1.18.97|stock_dzjy_mrmx,2025-03-19,,2026-09-26T08:59:46.332015+00:00,2025-03-20,CONSERVATIVE_T1,dzjy,601963,True
2025-03-28,AGGREGATOR|research-node|akshare@1.18.97|stock_dzjy_mrmx,2025-03-28,,2026-09-26T08:59:46.332015+00:00,2025-03-31,CONSERVATIVE_T1,dzjy,601985,True
2025-04-02,AGGREGATOR|research-node|akshare@1.18.97|stock_dzjy_mrmx,2025-04-02,,2026-09-26T08:59:51.951851+00:00,2025-04-03,CONSERVATIVE_T1,dzjy,600196,True
2025-04-23,AGGREGATOR|research-node|akshare@1.18.97|stock_dzjy_mrmx,2025-04-23,,2026-09-26T08:59:51.951851+00:00,2025-04-24,CONSERVATIVE_T1,dzjy,600598,True
2025-04-03,AGGREGATOR|research-node|akshare@1.18.97|stock_dzjy_mrmx,2025-04-03,,2026-09-26T08:59:51.951851+00:00,2025-04-07,CONSERVATIVE_T1,dzjy,601963,True
2025-04-28,AGGREGATOR|research-node|akshare@1.18.97|stock_dzjy_mrmx,2025-04-28,,2026-09-26T08:59:51.951851+00:00,2025-04-29,CONSERVATIVE_T1,dzjy,601963,True
2025-04-24,AGGREGATOR|research-node|akshare@1.18.97|stock_dzjy_mrmx,2025-04-24,,2026-09-26T08:59:51.951851+00:00,2025-04-25,CONSERVATIVE_T1,dzjy,601963,True
2025-04-30,AGGREGATOR|research-node|akshare@1.18.97|stock_dzjy_mrmx,2025-04-30,,2026-09-26T08:59:51.951851+00:00,2025-05-06,CONSERVATIVE_T1,dzjy,603686,True
2025-05-08,AGGREGATOR|research-node|akshare@1.18.97|stock_dzjy_mrmx,2025-05-08,,2026-09-26T09:00:35.255189+00:00,2025-05-09,CONSERVATIVE_T1,dzjy,002440,True
2025-05-19,AGGREGATOR|research-node|akshare@1.18.97|stock_dzjy_mrmx,2025-05-19,,2026-09-26T09:00:35.255189+00:00,2025-05-20,CONSERVATIVE_T1,dzjy,601963,True
2025-05-22,AGGREGATOR|research-node|akshare@1.18.97|stock_dzjy_mrmx,2025-05-22,,2026-09-26T09:00:35.255189+00:00,2025-05-23,CONSERVATIVE_T1,dzjy,601963,True
2025-06-05,AGGREGATOR|research-node|akshare@1.18.97|stock_dzjy_mrmx,2025-06-05,,2026-09-26T09:00:40.295265+00:00,2025-06-06,CONSERVATIVE_T1,dzjy,600567,True
2025-06-26,AGGREGATOR|research-node|akshare@1.18.97|stock_dzjy_mrmx,2025-06-26,,2026-09-26T09:00:40.295265+00:00,2025-06-27,CONSERVATIVE_T1,dzjy,601963,True
