observation_date,source,source_record_date,publication_date,retrieved_at,available_date,availability_basis,endpoint,stock_code,in_case_window
2022-07-01,AGGREGATOR|research-node|akshare@1.18.97|stock_margin_detail_sse,2022-07-01,,2026-09-26T07:13:18.381048+00:00,2022-07-04,CONSERVATIVE_T1,margin_sse,600269,True
2022-07-01,AGGREGATOR|research-node|akshare@1.18.97|stock_margin_detail_sse,2022-07-01,,2026-09-26T07:13:18.381048+00:00,2022-07-04,CONSERVATIVE_T1,margin_sse,600377,True
2022-07-01,AGGREGATOR|research-node|akshare@1.18.97|stock_margin_detail_sse,2022-07-01,,2026-09-26T07:13:18.381048+00:00,2022-07-04,CONSERVATIVE_T1,margin_sse,600567,True
2022-07-01,AGGREGATOR|research-node|akshare@1.18.97|stock_margin_detail_sse,2022-07-01,,2026-09-26T07:13:18.381048+00:00,2022-07-04,CONSERVATIVE_T1,margin_sse,601298,True
2022-07-01,AGGREGATOR|research-node|akshare@1.18.97|stock_margin_detail_sse,2022-07-01,,2026-09-26T07:13:18.381048+00:00,2022-07-04,CONSERVATIVE_T1,margin_sse,601328,True
2022-07-01,AGGREGATOR|research-node|akshare@1.18.97|stock_margin_detail_sse,2022-07-01,,2026-09-26T07:13:18.381048+00:00,2022-07-04,CONSERVATIVE_T1,margin_sse,601869,True
2022-07-01,AGGREGATOR|research-node|akshare@1.18.97|stock_margin_detail_sse,2022-07-01,,2026-09-26T07:13:18.381048+00:00,2022-07-04,CONSERVATIVE_T1,margin_sse,601985,True
2022-07-01,AGGREGATOR|research-node|akshare@1.18.97|stock_margin_detail_sse,2022-07-01,,2026-09-26T07:13:18.381048+00:00,2022-07-04,CONSERVATIVE_T1,margin_sse,601988,True
2022-07-01,AGGREGATOR|research-node|akshare@1.18.97|stock_margin_detail_sse,2022-07-01,,2026-09-26T07:13:18.381048+00:00,2022-07-04,CONSERVATIVE_T1,margin_sse,601992,True
2022-07-01,AGGREGATOR|research-node|akshare@1.18.97|stock_margin_detail_sse,2022-07-01,,2026-09-26T07:13:18.381048+00:00,2022-07-04,CONSERVATIVE_T1,margin_sse,688116,True
2022-07-01,AGGREGATOR|research-node|akshare@1.18.97|stock_margin_detail_sse,2022-07-01,,2026-09-26T07:13:18.381048+00:00,2022-07-04,CONSERVATIVE_T1,margin_sse,688218,True
2022-07-01,AGGREGATOR|research-node|akshare@1.18.97|stock_margin_detail_sse,2022-07-01,,2026-09-26T07:13:18.381048+00:00,2022-07-04,CONSERVATIVE_T1,margin_sse,688521,True
2022-07-04,AGGREGATOR|research-node|akshare@1.18.97|stock_margin_detail_sse,2022-07-04,,2026-09-26T07:13:22.365062+00:00,2022-07-05,CONSERVATIVE_T1,margin_sse,600269,True
2022-07-04,AGGREGATOR|research-node|akshare@1.18.97|stock_margin_detail_sse,2022-07-04,,2026-09-26T07:13:22.365062+00:00,2022-07-05,CONSERVATIVE_T1,margin_sse,600377,True
2022-07-04,AGGREGATOR|research-node|akshare@1.18.97|stock_margin_detail_sse,2022-07-04,,2026-09-26T07:13:22.365062+00:00,2022-07-05,CONSERVATIVE_T1,margin_sse,600567,True
2022-07-04,AGGREGATOR|research-node|akshare@1.18.97|stock_margin_detail_sse,2022-07-04,,2026-09-26T07:13:22.365062+00:00,2022-07-05,CONSERVATIVE_T1,margin_sse,601298,True
2022-07-04,AGGREGATOR|research-node|akshare@1.18.97|stock_margin_detail_sse,2022-07-04,,2026-09-26T07:13:22.365062+00:00,2022-07-05,CONSERVATIVE_T1,margin_sse,601328,True
2022-07-04,AGGREGATOR|research-node|akshare@1.18.97|stock_margin_detail_sse,2022-07-04,,2026-09-26T07:13:22.365062+00:00,2022-07-05,CONSERVATIVE_T1,margin_sse,601869,True
2022-07-04,AGGREGATOR|research-node|akshare@1.18.97|stock_margin_detail_sse,2022-07-04,,2026-09-26T07:13:22.365062+00:00,2022-07-05,CONSERVATIVE_T1,margin_sse,601985,True
2022-07-04,AGGREGATOR|research-node|akshare@1.18.97|stock_margin_detail_sse,2022-07-04,,2026-09-26T07:13:22.365062+00:00,2022-07-05,CONSERVATIVE_T1,margin_sse,601988,True
2022-07-04,AGGREGATOR|research-node|akshare@1.18.97|stock_margin_detail_sse,2022-07-04,,2026-09-26T07:13:22.365062+00:00,2022-07-05,CONSERVATIVE_T1,margin_sse,601992,True
2022-07-04,AGGREGATOR|research-node|akshare@1.18.97|stock_margin_detail_sse,2022-07-04,,2026-09-26T07:13:22.365062+00:00,2022-07-05,CONSERVATIVE_T1,margin_sse,688116,True
2022-07-04,AGGREGATOR|research-node|akshare@1.18.97|stock_margin_detail_sse,2022-07-04,,2026-09-26T07:13:22.365062+00:00,2022-07-05,CONSERVATIVE_T1,margin_sse,688218,True
2022-07-04,AGGREGATOR|research-node|akshare@1.18.97|stock_margin_detail_sse,2022-07-04,,2026-09-26T07:13:22.365062+00:00,2022-07-05,CONSERVATIVE_T1,margin_sse,688521,True
2022-07-05,AGGREGATOR|research-node|akshare@1.18.97|stock_margin_detail_sse,2022-07-05,,2026-09-26T07:13:26.353067+00:00,2022-07-06,CONSERVATIVE_T1,margin_sse,600269,True
2022-07-05,AGGREGATOR|research-node|akshare@1.18.97|stock_margin_detail_sse,2022-07-05,,2026-09-26T07:13:26.353067+00:00,2022-07-06,CONSERVATIVE_T1,margin_sse,600377,True
2022-07-05,AGGREGATOR|research-node|akshare@1.18.97|stock_margin_detail_sse,2022-07-05,,2026-09-26T07:13:26.353067+00:00,2022-07-06,CONSERVATIVE_T1,margin_sse,600567,True
2022-07-05,AGGREGATOR|research-node|akshare@1.18.97|stock_margin_detail_sse,2022-07-05,,2026-09-26T07:13:26.353067+00:00,2022-07-06,CONSERVATIVE_T1,margin_sse,601298,True
2022-07-05,AGGREGATOR|research-node|akshare@1.18.97|stock_margin_detail_sse,2022-07-05,,2026-09-26T07:13:26.353067+00:00,2022-07-06,CONSERVATIVE_T1,margin_sse,601328,True
2022-07-05,AGGREGATOR|research-node|akshare@1.18.97|stock_margin_detail_sse,2022-07-05,,2026-09-26T07:13:26.353067+00:00,2022-07-06,CONSERVATIVE_T1,margin_sse,601869,True
2022-07-05,AGGREGATOR|research-node|akshare@1.18.97|stock_margin_detail_sse,2022-07-05,,2026-09-26T07:13:26.353067+00:00,2022-07-06,CONSERVATIVE_T1,margin_sse,601985,True
2022-07-05,AGGREGATOR|research-node|akshare@1.18.97|stock_margin_detail_sse,2022-07-05,,2026-09-26T07:13:26.353067+00:00,2022-07-06,CONSERVATIVE_T1,margin_sse,601988,True
2022-07-05,AGGREGATOR|research-node|akshare@1.18.97|stock_margin_detail_sse,2022-07-05,,2026-09-26T07:13:26.353067+00:00,2022-07-06,CONSERVATIVE_T1,margin_sse,601992,True
2022-07-05,AGGREGATOR|research-node|akshare@1.18.97|stock_margin_detail_sse,2022-07-05,,2026-09-26T07:13:26.353067+00:00,2022-07-06,CONSERVATIVE_T1,margin_sse,688116,True
2022-07-05,AGGREGATOR|research-node|akshare@1.18.97|stock_margin_detail_sse,2022-07-05,,2026-09-26T07:13:26.353067+00:00,2022-07-06,CONSERVATIVE_T1,margin_sse,688218,True
2022-07-05,AGGREGATOR|research-node|akshare@1.18.97|stock_margin_detail_sse,2022-07-05,,2026-09-26T07:13:26.353067+00:00,2022-07-06,CONSERVATIVE_T1,margin_sse,688521,True
2022-07-06,AGGREGATOR|research-node|akshare@1.18.97|stock_margin_detail_sse,2022-07-06,,2026-09-26T07:13:30.272303+00:00,2022-07-07,CONSERVATIVE_T1,margin_sse,600269,True
2022-07-06,AGGREGATOR|research-node|akshare@1.18.97|stock_margin_detail_sse,2022-07-06,,2026-09-26T07:13:30.272303+00:00,2022-07-07,CONSERVATIVE_T1,margin_sse,600377,True
2022-07-06,AGGREGATOR|research-node|akshare@1.18.97|stock_margin_detail_sse,2022-07-06,,2026-09-26T07:13:30.272303+00:00,2022-07-07,CONSERVATIVE_T1,margin_sse,600567,True
2022-07-06,AGGREGATOR|research-node|akshare@1.18.97|stock_margin_detail_sse,2022-07-06,,2026-09-26T07:13:30.272303+00:00,2022-07-07,CONSERVATIVE_T1,margin_sse,601298,True
2022-07-06,AGGREGATOR|research-node|akshare@1.18.97|stock_margin_detail_sse,2022-07-06,,2026-09-26T07:13:30.272303+00:00,2022-07-07,CONSERVATIVE_T1,margin_sse,601328,True
2022-07-06,AGGREGATOR|research-node|akshare@1.18.97|stock_margin_detail_sse,2022-07-06,,2026-09-26T07:13:30.272303+00:00,2022-07-07,CONSERVATIVE_T1,margin_sse,601869,True
2022-07-06,AGGREGATOR|research-node|akshare@1.18.97|stock_margin_detail_sse,2022-07-06,,2026-09-26T07:13:30.272303+00:00,2022-07-07,CONSERVATIVE_T1,margin_sse,601985,True
2022-07-06,AGGREGATOR|research-node|akshare@1.18.97|stock_margin_detail_sse,2022-07-06,,2026-09-26T07:13:30.272303+00:00,2022-07-07,CONSERVATIVE_T1,margin_sse,601988,True
2022-07-06,AGGREGATOR|research-node|akshare@1.18.97|stock_margin_detail_sse,2022-07-06,,2026-09-26T07:13:30.272303+00:00,2022-07-07,CONSERVATIVE_T1,margin_sse,601992,True
2022-07-06,AGGREGATOR|research-node|akshare@1.18.97|stock_margin_detail_sse,2022-07-06,,2026-09-26T07:13:30.272303+00:00,2022-07-07,CONSERVATIVE_T1,margin_sse,688116,True
2022-07-06,AGGREGATOR|research-node|akshare@1.18.97|stock_margin_detail_sse,2022-07-06,,2026-09-26T07:13:30.272303+00:00,2022-07-07,CONSERVATIVE_T1,margin_sse,688218,True
2022-07-06,AGGREGATOR|research-node|akshare@1.18.97|stock_margin_detail_sse,2022-07-06,,2026-09-26T07:13:30.272303+00:00,2022-07-07,CONSERVATIVE_T1,margin_sse,688521,True
2022-07-07,AGGREGATOR|research-node|akshare@1.18.97|stock_margin_detail_sse,2022-07-07,,2026-09-26T07:13:34.236523+00:00,2022-07-08,CONSERVATIVE_T1,margin_sse,600269,True
2022-07-07,AGGREGATOR|research-node|akshare@1.18.97|stock_margin_detail_sse,2022-07-07,,2026-09-26T07:13:34.236523+00:00,2022-07-08,CONSERVATIVE_T1,margin_sse,600377,True
2022-07-07,AGGREGATOR|research-node|akshare@1.18.97|stock_margin_detail_sse,2022-07-07,,2026-09-26T07:13:34.236523+00:00,2022-07-08,CONSERVATIVE_T1,margin_sse,600567,True
2022-07-07,AGGREGATOR|research-node|akshare@1.18.97|stock_margin_detail_sse,2022-07-07,,2026-09-26T07:13:34.236523+00:00,2022-07-08,CONSERVATIVE_T1,margin_sse,601298,True
2022-07-07,AGGREGATOR|research-node|akshare@1.18.97|stock_margin_detail_sse,2022-07-07,,2026-09-26T07:13:34.236523+00:00,2022-07-08,CONSERVATIVE_T1,margin_sse,601328,True
2022-07-07,AGGREGATOR|research-node|akshare@1.18.97|stock_margin_detail_sse,2022-07-07,,2026-09-26T07:13:34.236523+00:00,2022-07-08,CONSERVATIVE_T1,margin_sse,601869,True
2022-07-07,AGGREGATOR|research-node|akshare@1.18.97|stock_margin_detail_sse,2022-07-07,,2026-09-26T07:13:34.236523+00:00,2022-07-08,CONSERVATIVE_T1,margin_sse,601985,True
2022-07-07,AGGREGATOR|research-node|akshare@1.18.97|stock_margin_detail_sse,2022-07-07,,2026-09-26T07:13:34.236523+00:00,2022-07-08,CONSERVATIVE_T1,margin_sse,601988,True
2022-07-07,AGGREGATOR|research-node|akshare@1.18.97|stock_margin_detail_sse,2022-07-07,,2026-09-26T07:13:34.236523+00:00,2022-07-08,CONSERVATIVE_T1,margin_sse,601992,True
2022-07-07,AGGREGATOR|research-node|akshare@1.18.97|stock_margin_detail_sse,2022-07-07,,2026-09-26T07:13:34.236523+00:00,2022-07-08,CONSERVATIVE_T1,margin_sse,688116,True
2022-07-07,AGGREGATOR|research-node|akshare@1.18.97|stock_margin_detail_sse,2022-07-07,,2026-09-26T07:13:34.236523+00:00,2022-07-08,CONSERVATIVE_T1,margin_sse,688218,True
2022-07-07,AGGREGATOR|research-node|akshare@1.18.97|stock_margin_detail_sse,2022-07-07,,2026-09-26T07:13:34.236523+00:00,2022-07-08,CONSERVATIVE_T1,margin_sse,688521,True
2022-07-08,AGGREGATOR|research-node|akshare@1.18.97|stock_margin_detail_sse,2022-07-08,,2026-09-26T07:13:38.201709+00:00,2022-07-11,CONSERVATIVE_T1,margin_sse,600269,True
2022-07-08,AGGREGATOR|research-node|akshare@1.18.97|stock_margin_detail_sse,2022-07-08,,2026-09-26T07:13:38.201709+00:00,2022-07-11,CONSERVATIVE_T1,margin_sse,600377,True
2022-07-08,AGGREGATOR|research-node|akshare@1.18.97|stock_margin_detail_sse,2022-07-08,,2026-09-26T07:13:38.201709+00:00,2022-07-11,CONSERVATIVE_T1,margin_sse,600567,True
2022-07-08,AGGREGATOR|research-node|akshare@1.18.97|stock_margin_detail_sse,2022-07-08,,2026-09-26T07:13:38.201709+00:00,2022-07-11,CONSERVATIVE_T1,margin_sse,601298,True
2022-07-08,AGGREGATOR|research-node|akshare@1.18.97|stock_margin_detail_sse,2022-07-08,,2026-09-26T07:13:38.201709+00:00,2022-07-11,CONSERVATIVE_T1,margin_sse,601328,True
2022-07-08,AGGREGATOR|research-node|akshare@1.18.97|stock_margin_detail_sse,2022-07-08,,2026-09-26T07:13:38.201709+00:00,2022-07-11,CONSERVATIVE_T1,margin_sse,601869,True
2022-07-08,AGGREGATOR|research-node|akshare@1.18.97|stock_margin_detail_sse,2022-07-08,,2026-09-26T07:13:38.201709+00:00,2022-07-11,CONSERVATIVE_T1,margin_sse,601985,True
2022-07-08,AGGREGATOR|research-node|akshare@1.18.97|stock_margin_detail_sse,2022-07-08,,2026-09-26T07:13:38.201709+00:00,2022-07-11,CONSERVATIVE_T1,margin_sse,601988,True
2022-07-08,AGGREGATOR|research-node|akshare@1.18.97|stock_margin_detail_sse,2022-07-08,,2026-09-26T07:13:38.201709+00:00,2022-07-11,CONSERVATIVE_T1,margin_sse,601992,True
2022-07-08,AGGREGATOR|research-node|akshare@1.18.97|stock_margin_detail_sse,2022-07-08,,2026-09-26T07:13:38.201709+00:00,2022-07-11,CONSERVATIVE_T1,margin_sse,688116,True
2022-07-08,AGGREGATOR|research-node|akshare@1.18.97|stock_margin_detail_sse,2022-07-08,,2026-09-26T07:13:38.201709+00:00,2022-07-11,CONSERVATIVE_T1,margin_sse,688218,True
2022-07-08,AGGREGATOR|research-node|akshare@1.18.97|stock_margin_detail_sse,2022-07-08,,2026-09-26T07:13:38.201709+00:00,2022-07-11,CONSERVATIVE_T1,margin_sse,688521,True
2022-07-11,AGGREGATOR|research-node|akshare@1.18.97|stock_margin_detail_sse,2022-07-11,,2026-09-26T07:13:42.149486+00:00,2022-07-12,CONSERVATIVE_T1,margin_sse,600269,True
2022-07-11,AGGREGATOR|research-node|akshare@1.18.97|stock_margin_detail_sse,2022-07-11,,2026-09-26T07:13:42.149486+00:00,2022-07-12,CONSERVATIVE_T1,margin_sse,600377,True
2022-07-11,AGGREGATOR|research-node|akshare@1.18.97|stock_margin_detail_sse,2022-07-11,,2026-09-26T07:13:42.149486+00:00,2022-07-12,CONSERVATIVE_T1,margin_sse,600567,True
2022-07-11,AGGREGATOR|research-node|akshare@1.18.97|stock_margin_detail_sse,2022-07-11,,2026-09-26T07:13:42.149486+00:00,2022-07-12,CONSERVATIVE_T1,margin_sse,601298,True
2022-07-11,AGGREGATOR|research-node|akshare@1.18.97|stock_margin_detail_sse,2022-07-11,,2026-09-26T07:13:42.149486+00:00,2022-07-12,CONSERVATIVE_T1,margin_sse,601328,True
2022-07-11,AGGREGATOR|research-node|akshare@1.18.97|stock_margin_detail_sse,2022-07-11,,2026-09-26T07:13:42.149486+00:00,2022-07-12,CONSERVATIVE_T1,margin_sse,601869,True
2022-07-11,AGGREGATOR|research-node|akshare@1.18.97|stock_margin_detail_sse,2022-07-11,,2026-09-26T07:13:42.149486+00:00,2022-07-12,CONSERVATIVE_T1,margin_sse,601985,True
2022-07-11,AGGREGATOR|research-node|akshare@1.18.97|stock_margin_detail_sse,2022-07-11,,2026-09-26T07:13:42.149486+00:00,2022-07-12,CONSERVATIVE_T1,margin_sse,601988,True
2022-07-11,AGGREGATOR|research-node|akshare@1.18.97|stock_margin_detail_sse,2022-07-11,,2026-09-26T07:13:42.149486+00:00,2022-07-12,CONSERVATIVE_T1,margin_sse,601992,True
2022-07-11,AGGREGATOR|research-node|akshare@1.18.97|stock_margin_detail_sse,2022-07-11,,2026-09-26T07:13:42.149486+00:00,2022-07-12,CONSERVATIVE_T1,margin_sse,688116,True
2022-07-11,AGGREGATOR|research-node|akshare@1.18.97|stock_margin_detail_sse,2022-07-11,,2026-09-26T07:13:42.149486+00:00,2022-07-12,CONSERVATIVE_T1,margin_sse,688218,True
2022-07-11,AGGREGATOR|research-node|akshare@1.18.97|stock_margin_detail_sse,2022-07-11,,2026-09-26T07:13:42.149486+00:00,2022-07-12,CONSERVATIVE_T1,margin_sse,688521,True
2022-07-12,AGGREGATOR|research-node|akshare@1.18.97|stock_margin_detail_sse,2022-07-12,,2026-09-26T07:13:46.147041+00:00,2022-07-13,CONSERVATIVE_T1,margin_sse,600269,True
2022-07-12,AGGREGATOR|research-node|akshare@1.18.97|stock_margin_detail_sse,2022-07-12,,2026-09-26T07:13:46.147041+00:00,2022-07-13,CONSERVATIVE_T1,margin_sse,600377,True
2022-07-12,AGGREGATOR|research-node|akshare@1.18.97|stock_margin_detail_sse,2022-07-12,,2026-09-26T07:13:46.147041+00:00,2022-07-13,CONSERVATIVE_T1,margin_sse,600567,True
2022-07-12,AGGREGATOR|research-node|akshare@1.18.97|stock_margin_detail_sse,2022-07-12,,2026-09-26T07:13:46.147041+00:00,2022-07-13,CONSERVATIVE_T1,margin_sse,601298,True
2022-07-12,AGGREGATOR|research-node|akshare@1.18.97|stock_margin_detail_sse,2022-07-12,,2026-09-26T07:13:46.147041+00:00,2022-07-13,CONSERVATIVE_T1,margin_sse,601328,True
2022-07-12,AGGREGATOR|research-node|akshare@1.18.97|stock_margin_detail_sse,2022-07-12,,2026-09-26T07:13:46.147041+00:00,2022-07-13,CONSERVATIVE_T1,margin_sse,601869,True
2022-07-12,AGGREGATOR|research-node|akshare@1.18.97|stock_margin_detail_sse,2022-07-12,,2026-09-26T07:13:46.147041+00:00,2022-07-13,CONSERVATIVE_T1,margin_sse,601985,True
2022-07-12,AGGREGATOR|research-node|akshare@1.18.97|stock_margin_detail_sse,2022-07-12,,2026-09-26T07:13:46.147041+00:00,2022-07-13,CONSERVATIVE_T1,margin_sse,601988,True
2022-07-12,AGGREGATOR|research-node|akshare@1.18.97|stock_margin_detail_sse,2022-07-12,,2026-09-26T07:13:46.147041+00:00,2022-07-13,CONSERVATIVE_T1,margin_sse,601992,True
2022-07-12,AGGREGATOR|research-node|akshare@1.18.97|stock_margin_detail_sse,2022-07-12,,2026-09-26T07:13:46.147041+00:00,2022-07-13,CONSERVATIVE_T1,margin_sse,688116,True
2022-07-12,AGGREGATOR|research-node|akshare@1.18.97|stock_margin_detail_sse,2022-07-12,,2026-09-26T07:13:46.147041+00:00,2022-07-13,CONSERVATIVE_T1,margin_sse,688218,True
2022-07-12,AGGREGATOR|research-node|akshare@1.18.97|stock_margin_detail_sse,2022-07-12,,2026-09-26T07:13:46.147041+00:00,2022-07-13,CONSERVATIVE_T1,margin_sse,688521,True
2022-07-13,AGGREGATOR|research-node|akshare@1.18.97|stock_margin_detail_sse,2022-07-13,,2026-09-26T07:13:50.051236+00:00,2022-07-14,CONSERVATIVE_T1,margin_sse,600269,True
2022-07-13,AGGREGATOR|research-node|akshare@1.18.97|stock_margin_detail_sse,2022-07-13,,2026-09-26T07:13:50.051236+00:00,2022-07-14,CONSERVATIVE_T1,margin_sse,600377,True
2022-07-13,AGGREGATOR|research-node|akshare@1.18.97|stock_margin_detail_sse,2022-07-13,,2026-09-26T07:13:50.051236+00:00,2022-07-14,CONSERVATIVE_T1,margin_sse,600567,True
2022-07-13,AGGREGATOR|research-node|akshare@1.18.97|stock_margin_detail_sse,2022-07-13,,2026-09-26T07:13:50.051236+00:00,2022-07-14,CONSERVATIVE_T1,margin_sse,601298,True
2022-07-13,AGGREGATOR|research-node|akshare@1.18.97|stock_margin_detail_sse,2022-07-13,,2026-09-26T07:13:50.051236+00:00,2022-07-14,CONSERVATIVE_T1,margin_sse,601328,True
2022-07-13,AGGREGATOR|research-node|akshare@1.18.97|stock_margin_detail_sse,2022-07-13,,2026-09-26T07:13:50.051236+00:00,2022-07-14,CONSERVATIVE_T1,margin_sse,601869,True
2022-07-13,AGGREGATOR|research-node|akshare@1.18.97|stock_margin_detail_sse,2022-07-13,,2026-09-26T07:13:50.051236+00:00,2022-07-14,CONSERVATIVE_T1,margin_sse,601985,True
2022-07-13,AGGREGATOR|research-node|akshare@1.18.97|stock_margin_detail_sse,2022-07-13,,2026-09-26T07:13:50.051236+00:00,2022-07-14,CONSERVATIVE_T1,margin_sse,601988,True
2022-07-13,AGGREGATOR|research-node|akshare@1.18.97|stock_margin_detail_sse,2022-07-13,,2026-09-26T07:13:50.051236+00:00,2022-07-14,CONSERVATIVE_T1,margin_sse,601992,True
2022-07-13,AGGREGATOR|research-node|akshare@1.18.97|stock_margin_detail_sse,2022-07-13,,2026-09-26T07:13:50.051236+00:00,2022-07-14,CONSERVATIVE_T1,margin_sse,688116,True
2022-07-13,AGGREGATOR|research-node|akshare@1.18.97|stock_margin_detail_sse,2022-07-13,,2026-09-26T07:13:50.051236+00:00,2022-07-14,CONSERVATIVE_T1,margin_sse,688218,True
2022-07-13,AGGREGATOR|research-node|akshare@1.18.97|stock_margin_detail_sse,2022-07-13,,2026-09-26T07:13:50.051236+00:00,2022-07-14,CONSERVATIVE_T1,margin_sse,688521,True
2022-07-14,AGGREGATOR|research-node|akshare@1.18.97|stock_margin_detail_sse,2022-07-14,,2026-09-26T07:13:53.958804+00:00,2022-07-15,CONSERVATIVE_T1,margin_sse,600269,True
2022-07-14,AGGREGATOR|research-node|akshare@1.18.97|stock_margin_detail_sse,2022-07-14,,2026-09-26T07:13:53.958804+00:00,2022-07-15,CONSERVATIVE_T1,margin_sse,600377,True
2022-07-14,AGGREGATOR|research-node|akshare@1.18.97|stock_margin_detail_sse,2022-07-14,,2026-09-26T07:13:53.958804+00:00,2022-07-15,CONSERVATIVE_T1,margin_sse,600567,True
2022-07-14,AGGREGATOR|research-node|akshare@1.18.97|stock_margin_detail_sse,2022-07-14,,2026-09-26T07:13:53.958804+00:00,2022-07-15,CONSERVATIVE_T1,margin_sse,601298,True
2022-07-14,AGGREGATOR|research-node|akshare@1.18.97|stock_margin_detail_sse,2022-07-14,,2026-09-26T07:13:53.958804+00:00,2022-07-15,CONSERVATIVE_T1,margin_sse,601328,True
2022-07-14,AGGREGATOR|research-node|akshare@1.18.97|stock_margin_detail_sse,2022-07-14,,2026-09-26T07:13:53.958804+00:00,2022-07-15,CONSERVATIVE_T1,margin_sse,601869,True
2022-07-14,AGGREGATOR|research-node|akshare@1.18.97|stock_margin_detail_sse,2022-07-14,,2026-09-26T07:13:53.958804+00:00,2022-07-15,CONSERVATIVE_T1,margin_sse,601985,True
2022-07-14,AGGREGATOR|research-node|akshare@1.18.97|stock_margin_detail_sse,2022-07-14,,2026-09-26T07:13:53.958804+00:00,2022-07-15,CONSERVATIVE_T1,margin_sse,601988,True
2022-07-14,AGGREGATOR|research-node|akshare@1.18.97|stock_margin_detail_sse,2022-07-14,,2026-09-26T07:13:53.958804+00:00,2022-07-15,CONSERVATIVE_T1,margin_sse,601992,True
2022-07-14,AGGREGATOR|research-node|akshare@1.18.97|stock_margin_detail_sse,2022-07-14,,2026-09-26T07:13:53.958804+00:00,2022-07-15,CONSERVATIVE_T1,margin_sse,688116,True
2022-07-14,AGGREGATOR|research-node|akshare@1.18.97|stock_margin_detail_sse,2022-07-14,,2026-09-26T07:13:53.958804+00:00,2022-07-15,CONSERVATIVE_T1,margin_sse,688218,True
2022-07-14,AGGREGATOR|research-node|akshare@1.18.97|stock_margin_detail_sse,2022-07-14,,2026-09-26T07:13:53.958804+00:00,2022-07-15,CONSERVATIVE_T1,margin_sse,688521,True
2022-07-15,AGGREGATOR|research-node|akshare@1.18.97|stock_margin_detail_sse,2022-07-15,,2026-09-26T07:13:57.966609+00:00,2022-07-18,CONSERVATIVE_T1,margin_sse,600269,True
2022-07-15,AGGREGATOR|research-node|akshare@1.18.97|stock_margin_detail_sse,2022-07-15,,2026-09-26T07:13:57.966609+00:00,2022-07-18,CONSERVATIVE_T1,margin_sse,600377,True
2022-07-15,AGGREGATOR|research-node|akshare@1.18.97|stock_margin_detail_sse,2022-07-15,,2026-09-26T07:13:57.966609+00:00,2022-07-18,CONSERVATIVE_T1,margin_sse,600567,True
2022-07-15,AGGREGATOR|research-node|akshare@1.18.97|stock_margin_detail_sse,2022-07-15,,2026-09-26T07:13:57.966609+00:00,2022-07-18,CONSERVATIVE_T1,margin_sse,601298,True
2022-07-15,AGGREGATOR|research-node|akshare@1.18.97|stock_margin_detail_sse,2022-07-15,,2026-09-26T07:13:57.966609+00:00,2022-07-18,CONSERVATIVE_T1,margin_sse,601328,True
2022-07-15,AGGREGATOR|research-node|akshare@1.18.97|stock_margin_detail_sse,2022-07-15,,2026-09-26T07:13:57.966609+00:00,2022-07-18,CONSERVATIVE_T1,margin_sse,601869,True
2022-07-15,AGGREGATOR|research-node|akshare@1.18.97|stock_margin_detail_sse,2022-07-15,,2026-09-26T07:13:57.966609+00:00,2022-07-18,CONSERVATIVE_T1,margin_sse,601985,True
2022-07-15,AGGREGATOR|research-node|akshare@1.18.97|stock_margin_detail_sse,2022-07-15,,2026-09-26T07:13:57.966609+00:00,2022-07-18,CONSERVATIVE_T1,margin_sse,601988,True
2022-07-15,AGGREGATOR|research-node|akshare@1.18.97|stock_margin_detail_sse,2022-07-15,,2026-09-26T07:13:57.966609+00:00,2022-07-18,CONSERVATIVE_T1,margin_sse,601992,True
2022-07-15,AGGREGATOR|research-node|akshare@1.18.97|stock_margin_detail_sse,2022-07-15,,2026-09-26T07:13:57.966609+00:00,2022-07-18,CONSERVATIVE_T1,margin_sse,688116,True
2022-07-15,AGGREGATOR|research-node|akshare@1.18.97|stock_margin_detail_sse,2022-07-15,,2026-09-26T07:13:57.966609+00:00,2022-07-18,CONSERVATIVE_T1,margin_sse,688218,True
2022-07-15,AGGREGATOR|research-node|akshare@1.18.97|stock_margin_detail_sse,2022-07-15,,2026-09-26T07:13:57.966609+00:00,2022-07-18,CONSERVATIVE_T1,margin_sse,688521,True
2022-07-18,AGGREGATOR|research-node|akshare@1.18.97|stock_margin_detail_sse,2022-07-18,,2026-09-26T07:14:01.834362+00:00,2022-07-19,CONSERVATIVE_T1,margin_sse,600269,True
2022-07-18,AGGREGATOR|research-node|akshare@1.18.97|stock_margin_detail_sse,2022-07-18,,2026-09-26T07:14:01.834362+00:00,2022-07-19,CONSERVATIVE_T1,margin_sse,600377,True
2022-07-18,AGGREGATOR|research-node|akshare@1.18.97|stock_margin_detail_sse,2022-07-18,,2026-09-26T07:14:01.834362+00:00,2022-07-19,CONSERVATIVE_T1,margin_sse,600567,True
2022-07-18,AGGREGATOR|research-node|akshare@1.18.97|stock_margin_detail_sse,2022-07-18,,2026-09-26T07:14:01.834362+00:00,2022-07-19,CONSERVATIVE_T1,margin_sse,600694,True
2022-07-18,AGGREGATOR|research-node|akshare@1.18.97|stock_margin_detail_sse,2022-07-18,,2026-09-26T07:14:01.834362+00:00,2022-07-19,CONSERVATIVE_T1,margin_sse,601298,True
2022-07-18,AGGREGATOR|research-node|akshare@1.18.97|stock_margin_detail_sse,2022-07-18,,2026-09-26T07:14:01.834362+00:00,2022-07-19,CONSERVATIVE_T1,margin_sse,601328,True
2022-07-18,AGGREGATOR|research-node|akshare@1.18.97|stock_margin_detail_sse,2022-07-18,,2026-09-26T07:14:01.834362+00:00,2022-07-19,CONSERVATIVE_T1,margin_sse,601869,True
2022-07-18,AGGREGATOR|research-node|akshare@1.18.97|stock_margin_detail_sse,2022-07-18,,2026-09-26T07:14:01.834362+00:00,2022-07-19,CONSERVATIVE_T1,margin_sse,601985,True
2022-07-18,AGGREGATOR|research-node|akshare@1.18.97|stock_margin_detail_sse,2022-07-18,,2026-09-26T07:14:01.834362+00:00,2022-07-19,CONSERVATIVE_T1,margin_sse,601988,True
2022-07-18,AGGREGATOR|research-node|akshare@1.18.97|stock_margin_detail_sse,2022-07-18,,2026-09-26T07:14:01.834362+00:00,2022-07-19,CONSERVATIVE_T1,margin_sse,601992,True
2022-07-18,AGGREGATOR|research-node|akshare@1.18.97|stock_margin_detail_sse,2022-07-18,,2026-09-26T07:14:01.834362+00:00,2022-07-19,CONSERVATIVE_T1,margin_sse,688116,True
2022-07-18,AGGREGATOR|research-node|akshare@1.18.97|stock_margin_detail_sse,2022-07-18,,2026-09-26T07:14:01.834362+00:00,2022-07-19,CONSERVATIVE_T1,margin_sse,688218,True
2022-07-18,AGGREGATOR|research-node|akshare@1.18.97|stock_margin_detail_sse,2022-07-18,,2026-09-26T07:14:01.834362+00:00,2022-07-19,CONSERVATIVE_T1,margin_sse,688521,True
2022-07-19,AGGREGATOR|research-node|akshare@1.18.97|stock_margin_detail_sse,2022-07-19,,2026-09-26T07:14:05.746792+00:00,2022-07-20,CONSERVATIVE_T1,margin_sse,600269,True
2022-07-19,AGGREGATOR|research-node|akshare@1.18.97|stock_margin_detail_sse,2022-07-19,,2026-09-26T07:14:05.746792+00:00,2022-07-20,CONSERVATIVE_T1,margin_sse,600377,True
2022-07-19,AGGREGATOR|research-node|akshare@1.18.97|stock_margin_detail_sse,2022-07-19,,2026-09-26T07:14:05.746792+00:00,2022-07-20,CONSERVATIVE_T1,margin_sse,600567,True
2022-07-19,AGGREGATOR|research-node|akshare@1.18.97|stock_margin_detail_sse,2022-07-19,,2026-09-26T07:14:05.746792+00:00,2022-07-20,CONSERVATIVE_T1,margin_sse,600694,True
2022-07-19,AGGREGATOR|research-node|akshare@1.18.97|stock_margin_detail_sse,2022-07-19,,2026-09-26T07:14:05.746792+00:00,2022-07-20,CONSERVATIVE_T1,margin_sse,601298,True
2022-07-19,AGGREGATOR|research-node|akshare@1.18.97|stock_margin_detail_sse,2022-07-19,,2026-09-26T07:14:05.746792+00:00,2022-07-20,CONSERVATIVE_T1,margin_sse,601328,True
2022-07-19,AGGREGATOR|research-node|akshare@1.18.97|stock_margin_detail_sse,2022-07-19,,2026-09-26T07:14:05.746792+00:00,2022-07-20,CONSERVATIVE_T1,margin_sse,601869,True
2022-07-19,AGGREGATOR|research-node|akshare@1.18.97|stock_margin_detail_sse,2022-07-19,,2026-09-26T07:14:05.746792+00:00,2022-07-20,CONSERVATIVE_T1,margin_sse,601985,True
2022-07-19,AGGREGATOR|research-node|akshare@1.18.97|stock_margin_detail_sse,2022-07-19,,2026-09-26T07:14:05.746792+00:00,2022-07-20,CONSERVATIVE_T1,margin_sse,601988,True
2022-07-19,AGGREGATOR|research-node|akshare@1.18.97|stock_margin_detail_sse,2022-07-19,,2026-09-26T07:14:05.746792+00:00,2022-07-20,CONSERVATIVE_T1,margin_sse,601992,True
2022-07-19,AGGREGATOR|research-node|akshare@1.18.97|stock_margin_detail_sse,2022-07-19,,2026-09-26T07:14:05.746792+00:00,2022-07-20,CONSERVATIVE_T1,margin_sse,688116,True
2022-07-19,AGGREGATOR|research-node|akshare@1.18.97|stock_margin_detail_sse,2022-07-19,,2026-09-26T07:14:05.746792+00:00,2022-07-20,CONSERVATIVE_T1,margin_sse,688218,True
2022-07-19,AGGREGATOR|research-node|akshare@1.18.97|stock_margin_detail_sse,2022-07-19,,2026-09-26T07:14:05.746792+00:00,2022-07-20,CONSERVATIVE_T1,margin_sse,688521,True
2022-07-20,AGGREGATOR|research-node|akshare@1.18.97|stock_margin_detail_sse,2022-07-20,,2026-09-26T07:14:09.892683+00:00,2022-07-21,CONSERVATIVE_T1,margin_sse,600269,True
2022-07-20,AGGREGATOR|research-node|akshare@1.18.97|stock_margin_detail_sse,2022-07-20,,2026-09-26T07:14:09.892683+00:00,2022-07-21,CONSERVATIVE_T1,margin_sse,600377,True
2022-07-20,AGGREGATOR|research-node|akshare@1.18.97|stock_margin_detail_sse,2022-07-20,,2026-09-26T07:14:09.892683+00:00,2022-07-21,CONSERVATIVE_T1,margin_sse,600567,True
2022-07-20,AGGREGATOR|research-node|akshare@1.18.97|stock_margin_detail_sse,2022-07-20,,2026-09-26T07:14:09.892683+00:00,2022-07-21,CONSERVATIVE_T1,margin_sse,600694,True
2022-07-20,AGGREGATOR|research-node|akshare@1.18.97|stock_margin_detail_sse,2022-07-20,,2026-09-26T07:14:09.892683+00:00,2022-07-21,CONSERVATIVE_T1,margin_sse,601298,True
2022-07-20,AGGREGATOR|research-node|akshare@1.18.97|stock_margin_detail_sse,2022-07-20,,2026-09-26T07:14:09.892683+00:00,2022-07-21,CONSERVATIVE_T1,margin_sse,601328,True
2022-07-20,AGGREGATOR|research-node|akshare@1.18.97|stock_margin_detail_sse,2022-07-20,,2026-09-26T07:14:09.892683+00:00,2022-07-21,CONSERVATIVE_T1,margin_sse,601869,True
2022-07-20,AGGREGATOR|research-node|akshare@1.18.97|stock_margin_detail_sse,2022-07-20,,2026-09-26T07:14:09.892683+00:00,2022-07-21,CONSERVATIVE_T1,margin_sse,601985,True
2022-07-20,AGGREGATOR|research-node|akshare@1.18.97|stock_margin_detail_sse,2022-07-20,,2026-09-26T07:14:09.892683+00:00,2022-07-21,CONSERVATIVE_T1,margin_sse,601988,True
2022-07-20,AGGREGATOR|research-node|akshare@1.18.97|stock_margin_detail_sse,2022-07-20,,2026-09-26T07:14:09.892683+00:00,2022-07-21,CONSERVATIVE_T1,margin_sse,601992,True
2022-07-20,AGGREGATOR|research-node|akshare@1.18.97|stock_margin_detail_sse,2022-07-20,,2026-09-26T07:14:09.892683+00:00,2022-07-21,CONSERVATIVE_T1,margin_sse,688116,True
2022-07-20,AGGREGATOR|research-node|akshare@1.18.97|stock_margin_detail_sse,2022-07-20,,2026-09-26T07:14:09.892683+00:00,2022-07-21,CONSERVATIVE_T1,margin_sse,688218,True
2022-07-20,AGGREGATOR|research-node|akshare@1.18.97|stock_margin_detail_sse,2022-07-20,,2026-09-26T07:14:09.892683+00:00,2022-07-21,CONSERVATIVE_T1,margin_sse,688521,True
2022-07-21,AGGREGATOR|research-node|akshare@1.18.97|stock_margin_detail_sse,2022-07-21,,2026-09-26T07:14:13.804475+00:00,2022-07-22,CONSERVATIVE_T1,margin_sse,600269,True
2022-07-21,AGGREGATOR|research-node|akshare@1.18.97|stock_margin_detail_sse,2022-07-21,,2026-09-26T07:14:13.804475+00:00,2022-07-22,CONSERVATIVE_T1,margin_sse,600377,True
2022-07-21,AGGREGATOR|research-node|akshare@1.18.97|stock_margin_detail_sse,2022-07-21,,2026-09-26T07:14:13.804475+00:00,2022-07-22,CONSERVATIVE_T1,margin_sse,600567,True
2022-07-21,AGGREGATOR|research-node|akshare@1.18.97|stock_margin_detail_sse,2022-07-21,,2026-09-26T07:14:13.804475+00:00,2022-07-22,CONSERVATIVE_T1,margin_sse,600694,True
2022-07-21,AGGREGATOR|research-node|akshare@1.18.97|stock_margin_detail_sse,2022-07-21,,2026-09-26T07:14:13.804475+00:00,2022-07-22,CONSERVATIVE_T1,margin_sse,601298,True
2022-07-21,AGGREGATOR|research-node|akshare@1.18.97|stock_margin_detail_sse,2022-07-21,,2026-09-26T07:14:13.804475+00:00,2022-07-22,CONSERVATIVE_T1,margin_sse,601328,True
2022-07-21,AGGREGATOR|research-node|akshare@1.18.97|stock_margin_detail_sse,2022-07-21,,2026-09-26T07:14:13.804475+00:00,2022-07-22,CONSERVATIVE_T1,margin_sse,601869,True
2022-07-21,AGGREGATOR|research-node|akshare@1.18.97|stock_margin_detail_sse,2022-07-21,,2026-09-26T07:14:13.804475+00:00,2022-07-22,CONSERVATIVE_T1,margin_sse,601985,True
2022-07-21,AGGREGATOR|research-node|akshare@1.18.97|stock_margin_detail_sse,2022-07-21,,2026-09-26T07:14:13.804475+00:00,2022-07-22,CONSERVATIVE_T1,margin_sse,601988,True
2022-07-21,AGGREGATOR|research-node|akshare@1.18.97|stock_margin_detail_sse,2022-07-21,,2026-09-26T07:14:13.804475+00:00,2022-07-22,CONSERVATIVE_T1,margin_sse,601992,True
2022-07-21,AGGREGATOR|research-node|akshare@1.18.97|stock_margin_detail_sse,2022-07-21,,2026-09-26T07:14:13.804475+00:00,2022-07-22,CONSERVATIVE_T1,margin_sse,688116,True
2022-07-21,AGGREGATOR|research-node|akshare@1.18.97|stock_margin_detail_sse,2022-07-21,,2026-09-26T07:14:13.804475+00:00,2022-07-22,CONSERVATIVE_T1,margin_sse,688218,True
2022-07-21,AGGREGATOR|research-node|akshare@1.18.97|stock_margin_detail_sse,2022-07-21,,2026-09-26T07:14:13.804475+00:00,2022-07-22,CONSERVATIVE_T1,margin_sse,688521,True
2022-07-22,AGGREGATOR|research-node|akshare@1.18.97|stock_margin_detail_sse,2022-07-22,,2026-09-26T07:14:17.722023+00:00,2022-07-25,CONSERVATIVE_T1,margin_sse,600269,True
2022-07-22,AGGREGATOR|research-node|akshare@1.18.97|stock_margin_detail_sse,2022-07-22,,2026-09-26T07:14:17.722023+00:00,2022-07-25,CONSERVATIVE_T1,margin_sse,600377,True
2022-07-22,AGGREGATOR|research-node|akshare@1.18.97|stock_margin_detail_sse,2022-07-22,,2026-09-26T07:14:17.722023+00:00,2022-07-25,CONSERVATIVE_T1,margin_sse,600567,True
2022-07-22,AGGREGATOR|research-node|akshare@1.18.97|stock_margin_detail_sse,2022-07-22,,2026-09-26T07:14:17.722023+00:00,2022-07-25,CONSERVATIVE_T1,margin_sse,600694,True
2022-07-22,AGGREGATOR|research-node|akshare@1.18.97|stock_margin_detail_sse,2022-07-22,,2026-09-26T07:14:17.722023+00:00,2022-07-25,CONSERVATIVE_T1,margin_sse,601298,True
2022-07-22,AGGREGATOR|research-node|akshare@1.18.97|stock_margin_detail_sse,2022-07-22,,2026-09-26T07:14:17.722023+00:00,2022-07-25,CONSERVATIVE_T1,margin_sse,601328,True
2022-07-22,AGGREGATOR|research-node|akshare@1.18.97|stock_margin_detail_sse,2022-07-22,,2026-09-26T07:14:17.722023+00:00,2022-07-25,CONSERVATIVE_T1,margin_sse,601869,True
2022-07-22,AGGREGATOR|research-node|akshare@1.18.97|stock_margin_detail_sse,2022-07-22,,2026-09-26T07:14:17.722023+00:00,2022-07-25,CONSERVATIVE_T1,margin_sse,601985,True
2022-07-22,AGGREGATOR|research-node|akshare@1.18.97|stock_margin_detail_sse,2022-07-22,,2026-09-26T07:14:17.722023+00:00,2022-07-25,CONSERVATIVE_T1,margin_sse,601988,True
2022-07-22,AGGREGATOR|research-node|akshare@1.18.97|stock_margin_detail_sse,2022-07-22,,2026-09-26T07:14:17.722023+00:00,2022-07-25,CONSERVATIVE_T1,margin_sse,601992,True
2022-07-22,AGGREGATOR|research-node|akshare@1.18.97|stock_margin_detail_sse,2022-07-22,,2026-09-26T07:14:17.722023+00:00,2022-07-25,CONSERVATIVE_T1,margin_sse,688116,True
2022-07-22,AGGREGATOR|research-node|akshare@1.18.97|stock_margin_detail_sse,2022-07-22,,2026-09-26T07:14:17.722023+00:00,2022-07-25,CONSERVATIVE_T1,margin_sse,688218,True
2022-07-22,AGGREGATOR|research-node|akshare@1.18.97|stock_margin_detail_sse,2022-07-22,,2026-09-26T07:14:17.722023+00:00,2022-07-25,CONSERVATIVE_T1,margin_sse,688521,True
2022-07-25,AGGREGATOR|research-node|akshare@1.18.97|stock_margin_detail_sse,2022-07-25,,2026-09-26T07:14:21.730796+00:00,2022-07-26,CONSERVATIVE_T1,margin_sse,600269,True
2022-07-25,AGGREGATOR|research-node|akshare@1.18.97|stock_margin_detail_sse,2022-07-25,,2026-09-26T07:14:21.730796+00:00,2022-07-26,CONSERVATIVE_T1,margin_sse,600377,True
2022-07-25,AGGREGATOR|research-node|akshare@1.18.97|stock_margin_detail_sse,2022-07-25,,2026-09-26T07:14:21.730796+00:00,2022-07-26,CONSERVATIVE_T1,margin_sse,600567,True
2022-07-25,AGGREGATOR|research-node|akshare@1.18.97|stock_margin_detail_sse,2022-07-25,,2026-09-26T07:14:21.730796+00:00,2022-07-26,CONSERVATIVE_T1,margin_sse,600694,True
2022-07-25,AGGREGATOR|research-node|akshare@1.18.97|stock_margin_detail_sse,2022-07-25,,2026-09-26T07:14:21.730796+00:00,2022-07-26,CONSERVATIVE_T1,margin_sse,601298,True
2022-07-25,AGGREGATOR|research-node|akshare@1.18.97|stock_margin_detail_sse,2022-07-25,,2026-09-26T07:14:21.730796+00:00,2022-07-26,CONSERVATIVE_T1,margin_sse,601328,True
2022-07-25,AGGREGATOR|research-node|akshare@1.18.97|stock_margin_detail_sse,2022-07-25,,2026-09-26T07:14:21.730796+00:00,2022-07-26,CONSERVATIVE_T1,margin_sse,601869,True
2022-07-25,AGGREGATOR|research-node|akshare@1.18.97|stock_margin_detail_sse,2022-07-25,,2026-09-26T07:14:21.730796+00:00,2022-07-26,CONSERVATIVE_T1,margin_sse,601985,True
2022-07-25,AGGREGATOR|research-node|akshare@1.18.97|stock_margin_detail_sse,2022-07-25,,2026-09-26T07:14:21.730796+00:00,2022-07-26,CONSERVATIVE_T1,margin_sse,601988,True
2022-07-25,AGGREGATOR|research-node|akshare@1.18.97|stock_margin_detail_sse,2022-07-25,,2026-09-26T07:14:21.730796+00:00,2022-07-26,CONSERVATIVE_T1,margin_sse,601992,True
2022-07-25,AGGREGATOR|research-node|akshare@1.18.97|stock_margin_detail_sse,2022-07-25,,2026-09-26T07:14:21.730796+00:00,2022-07-26,CONSERVATIVE_T1,margin_sse,688116,True
2022-07-25,AGGREGATOR|research-node|akshare@1.18.97|stock_margin_detail_sse,2022-07-25,,2026-09-26T07:14:21.730796+00:00,2022-07-26,CONSERVATIVE_T1,margin_sse,688218,True
2022-07-25,AGGREGATOR|research-node|akshare@1.18.97|stock_margin_detail_sse,2022-07-25,,2026-09-26T07:14:21.730796+00:00,2022-07-26,CONSERVATIVE_T1,margin_sse,688521,True
2022-07-26,AGGREGATOR|research-node|akshare@1.18.97|stock_margin_detail_sse,2022-07-26,,2026-09-26T07:14:25.612699+00:00,2022-07-27,CONSERVATIVE_T1,margin_sse,600269,True
2022-07-26,AGGREGATOR|research-node|akshare@1.18.97|stock_margin_detail_sse,2022-07-26,,2026-09-26T07:14:25.612699+00:00,2022-07-27,CONSERVATIVE_T1,margin_sse,600377,True
2022-07-26,AGGREGATOR|research-node|akshare@1.18.97|stock_margin_detail_sse,2022-07-26,,2026-09-26T07:14:25.612699+00:00,2022-07-27,CONSERVATIVE_T1,margin_sse,600567,True
2022-07-26,AGGREGATOR|research-node|akshare@1.18.97|stock_margin_detail_sse,2022-07-26,,2026-09-26T07:14:25.612699+00:00,2022-07-27,CONSERVATIVE_T1,margin_sse,600694,True
2022-07-26,AGGREGATOR|research-node|akshare@1.18.97|stock_margin_detail_sse,2022-07-26,,2026-09-26T07:14:25.612699+00:00,2022-07-27,CONSERVATIVE_T1,margin_sse,601298,True
2022-07-26,AGGREGATOR|research-node|akshare@1.18.97|stock_margin_detail_sse,2022-07-26,,2026-09-26T07:14:25.612699+00:00,2022-07-27,CONSERVATIVE_T1,margin_sse,601328,True
2022-07-26,AGGREGATOR|research-node|akshare@1.18.97|stock_margin_detail_sse,2022-07-26,,2026-09-26T07:14:25.612699+00:00,2022-07-27,CONSERVATIVE_T1,margin_sse,601869,True
2022-07-26,AGGREGATOR|research-node|akshare@1.18.97|stock_margin_detail_sse,2022-07-26,,2026-09-26T07:14:25.612699+00:00,2022-07-27,CONSERVATIVE_T1,margin_sse,601985,True
2022-07-26,AGGREGATOR|research-node|akshare@1.18.97|stock_margin_detail_sse,2022-07-26,,2026-09-26T07:14:25.612699+00:00,2022-07-27,CONSERVATIVE_T1,margin_sse,601988,True
2022-07-26,AGGREGATOR|research-node|akshare@1.18.97|stock_margin_detail_sse,2022-07-26,,2026-09-26T07:14:25.612699+00:00,2022-07-27,CONSERVATIVE_T1,margin_sse,601992,True
2022-07-26,AGGREGATOR|research-node|akshare@1.18.97|stock_margin_detail_sse,2022-07-26,,2026-09-26T07:14:25.612699+00:00,2022-07-27,CONSERVATIVE_T1,margin_sse,688116,True
2022-07-26,AGGREGATOR|research-node|akshare@1.18.97|stock_margin_detail_sse,2022-07-26,,2026-09-26T07:14:25.612699+00:00,2022-07-27,CONSERVATIVE_T1,margin_sse,688218,True
2022-07-26,AGGREGATOR|research-node|akshare@1.18.97|stock_margin_detail_sse,2022-07-26,,2026-09-26T07:14:25.612699+00:00,2022-07-27,CONSERVATIVE_T1,margin_sse,688521,True
2022-07-27,AGGREGATOR|research-node|akshare@1.18.97|stock_margin_detail_sse,2022-07-27,,2026-09-26T07:14:29.556471+00:00,2022-07-28,CONSERVATIVE_T1,margin_sse,600269,True
2022-07-27,AGGREGATOR|research-node|akshare@1.18.97|stock_margin_detail_sse,2022-07-27,,2026-09-26T07:14:29.556471+00:00,2022-07-28,CONSERVATIVE_T1,margin_sse,600377,True
2022-07-27,AGGREGATOR|research-node|akshare@1.18.97|stock_margin_detail_sse,2022-07-27,,2026-09-26T07:14:29.556471+00:00,2022-07-28,CONSERVATIVE_T1,margin_sse,600567,True
2022-07-27,AGGREGATOR|research-node|akshare@1.18.97|stock_margin_detail_sse,2022-07-27,,2026-09-26T07:14:29.556471+00:00,2022-07-28,CONSERVATIVE_T1,margin_sse,600694,True
2022-07-27,AGGREGATOR|research-node|akshare@1.18.97|stock_margin_detail_sse,2022-07-27,,2026-09-26T07:14:29.556471+00:00,2022-07-28,CONSERVATIVE_T1,margin_sse,601298,True
2022-07-27,AGGREGATOR|research-node|akshare@1.18.97|stock_margin_detail_sse,2022-07-27,,2026-09-26T07:14:29.556471+00:00,2022-07-28,CONSERVATIVE_T1,margin_sse,601328,True
2022-07-27,AGGREGATOR|research-node|akshare@1.18.97|stock_margin_detail_sse,2022-07-27,,2026-09-26T07:14:29.556471+00:00,2022-07-28,CONSERVATIVE_T1,margin_sse,601869,True
2022-07-27,AGGREGATOR|research-node|akshare@1.18.97|stock_margin_detail_sse,2022-07-27,,2026-09-26T07:14:29.556471+00:00,2022-07-28,CONSERVATIVE_T1,margin_sse,601985,True
2022-07-27,AGGREGATOR|research-node|akshare@1.18.97|stock_margin_detail_sse,2022-07-27,,2026-09-26T07:14:29.556471+00:00,2022-07-28,CONSERVATIVE_T1,margin_sse,601988,True
2022-07-27,AGGREGATOR|research-node|akshare@1.18.97|stock_margin_detail_sse,2022-07-27,,2026-09-26T07:14:29.556471+00:00,2022-07-28,CONSERVATIVE_T1,margin_sse,601992,True
2022-07-27,AGGREGATOR|research-node|akshare@1.18.97|stock_margin_detail_sse,2022-07-27,,2026-09-26T07:14:29.556471+00:00,2022-07-28,CONSERVATIVE_T1,margin_sse,688116,True
2022-07-27,AGGREGATOR|research-node|akshare@1.18.97|stock_margin_detail_sse,2022-07-27,,2026-09-26T07:14:29.556471+00:00,2022-07-28,CONSERVATIVE_T1,margin_sse,688218,True
2022-07-27,AGGREGATOR|research-node|akshare@1.18.97|stock_margin_detail_sse,2022-07-27,,2026-09-26T07:14:29.556471+00:00,2022-07-28,CONSERVATIVE_T1,margin_sse,688521,True
2022-07-28,AGGREGATOR|research-node|akshare@1.18.97|stock_margin_detail_sse,2022-07-28,,2026-09-26T07:14:33.452656+00:00,2022-07-29,CONSERVATIVE_T1,margin_sse,600269,True
2022-07-28,AGGREGATOR|research-node|akshare@1.18.97|stock_margin_detail_sse,2022-07-28,,2026-09-26T07:14:33.452656+00:00,2022-07-29,CONSERVATIVE_T1,margin_sse,600377,True
2022-07-28,AGGREGATOR|research-node|akshare@1.18.97|stock_margin_detail_sse,2022-07-28,,2026-09-26T07:14:33.452656+00:00,2022-07-29,CONSERVATIVE_T1,margin_sse,600567,True
2022-07-28,AGGREGATOR|research-node|akshare@1.18.97|stock_margin_detail_sse,2022-07-28,,2026-09-26T07:14:33.452656+00:00,2022-07-29,CONSERVATIVE_T1,margin_sse,600694,True
2022-07-28,AGGREGATOR|research-node|akshare@1.18.97|stock_margin_detail_sse,2022-07-28,,2026-09-26T07:14:33.452656+00:00,2022-07-29,CONSERVATIVE_T1,margin_sse,601298,True
2022-07-28,AGGREGATOR|research-node|akshare@1.18.97|stock_margin_detail_sse,2022-07-28,,2026-09-26T07:14:33.452656+00:00,2022-07-29,CONSERVATIVE_T1,margin_sse,601328,True
2022-07-28,AGGREGATOR|research-node|akshare@1.18.97|stock_margin_detail_sse,2022-07-28,,2026-09-26T07:14:33.452656+00:00,2022-07-29,CONSERVATIVE_T1,margin_sse,601869,True
2022-07-28,AGGREGATOR|research-node|akshare@1.18.97|stock_margin_detail_sse,2022-07-28,,2026-09-26T07:14:33.452656+00:00,2022-07-29,CONSERVATIVE_T1,margin_sse,601985,True
2022-07-28,AGGREGATOR|research-node|akshare@1.18.97|stock_margin_detail_sse,2022-07-28,,2026-09-26T07:14:33.452656+00:00,2022-07-29,CONSERVATIVE_T1,margin_sse,601988,True
2022-07-28,AGGREGATOR|research-node|akshare@1.18.97|stock_margin_detail_sse,2022-07-28,,2026-09-26T07:14:33.452656+00:00,2022-07-29,CONSERVATIVE_T1,margin_sse,601992,True
2022-07-28,AGGREGATOR|research-node|akshare@1.18.97|stock_margin_detail_sse,2022-07-28,,2026-09-26T07:14:33.452656+00:00,2022-07-29,CONSERVATIVE_T1,margin_sse,688116,True
2022-07-28,AGGREGATOR|research-node|akshare@1.18.97|stock_margin_detail_sse,2022-07-28,,2026-09-26T07:14:33.452656+00:00,2022-07-29,CONSERVATIVE_T1,margin_sse,688218,True
2022-07-28,AGGREGATOR|research-node|akshare@1.18.97|stock_margin_detail_sse,2022-07-28,,2026-09-26T07:14:33.452656+00:00,2022-07-29,CONSERVATIVE_T1,margin_sse,688521,True
2022-07-29,AGGREGATOR|research-node|akshare@1.18.97|stock_margin_detail_sse,2022-07-29,,2026-09-26T07:14:37.395397+00:00,2022-08-01,CONSERVATIVE_T1,margin_sse,600269,True
2022-07-29,AGGREGATOR|research-node|akshare@1.18.97|stock_margin_detail_sse,2022-07-29,,2026-09-26T07:14:37.395397+00:00,2022-08-01,CONSERVATIVE_T1,margin_sse,600377,True
2022-07-29,AGGREGATOR|research-node|akshare@1.18.97|stock_margin_detail_sse,2022-07-29,,2026-09-26T07:14:37.395397+00:00,2022-08-01,CONSERVATIVE_T1,margin_sse,600567,True
2022-07-29,AGGREGATOR|research-node|akshare@1.18.97|stock_margin_detail_sse,2022-07-29,,2026-09-26T07:14:37.395397+00:00,2022-08-01,CONSERVATIVE_T1,margin_sse,600694,True
2022-07-29,AGGREGATOR|research-node|akshare@1.18.97|stock_margin_detail_sse,2022-07-29,,2026-09-26T07:14:37.395397+00:00,2022-08-01,CONSERVATIVE_T1,margin_sse,601298,True
2022-07-29,AGGREGATOR|research-node|akshare@1.18.97|stock_margin_detail_sse,2022-07-29,,2026-09-26T07:14:37.395397+00:00,2022-08-01,CONSERVATIVE_T1,margin_sse,601328,True
2022-07-29,AGGREGATOR|research-node|akshare@1.18.97|stock_margin_detail_sse,2022-07-29,,2026-09-26T07:14:37.395397+00:00,2022-08-01,CONSERVATIVE_T1,margin_sse,601869,True
2022-07-29,AGGREGATOR|research-node|akshare@1.18.97|stock_margin_detail_sse,2022-07-29,,2026-09-26T07:14:37.395397+00:00,2022-08-01,CONSERVATIVE_T1,margin_sse,601985,True
2022-07-29,AGGREGATOR|research-node|akshare@1.18.97|stock_margin_detail_sse,2022-07-29,,2026-09-26T07:14:37.395397+00:00,2022-08-01,CONSERVATIVE_T1,margin_sse,601988,True
2022-07-29,AGGREGATOR|research-node|akshare@1.18.97|stock_margin_detail_sse,2022-07-29,,2026-09-26T07:14:37.395397+00:00,2022-08-01,CONSERVATIVE_T1,margin_sse,601992,True
2022-07-29,AGGREGATOR|research-node|akshare@1.18.97|stock_margin_detail_sse,2022-07-29,,2026-09-26T07:14:37.395397+00:00,2022-08-01,CONSERVATIVE_T1,margin_sse,688116,True
2022-07-29,AGGREGATOR|research-node|akshare@1.18.97|stock_margin_detail_sse,2022-07-29,,2026-09-26T07:14:37.395397+00:00,2022-08-01,CONSERVATIVE_T1,margin_sse,688218,True
2022-07-29,AGGREGATOR|research-node|akshare@1.18.97|stock_margin_detail_sse,2022-07-29,,2026-09-26T07:14:37.395397+00:00,2022-08-01,CONSERVATIVE_T1,margin_sse,688521,True
2022-08-01,AGGREGATOR|research-node|akshare@1.18.97|stock_margin_detail_sse,2022-08-01,,2026-09-26T07:14:41.369303+00:00,2022-08-02,CONSERVATIVE_T1,margin_sse,600269,True
2022-08-01,AGGREGATOR|research-node|akshare@1.18.97|stock_margin_detail_sse,2022-08-01,,2026-09-26T07:14:41.369303+00:00,2022-08-02,CONSERVATIVE_T1,margin_sse,600377,True
2022-08-01,AGGREGATOR|research-node|akshare@1.18.97|stock_margin_detail_sse,2022-08-01,,2026-09-26T07:14:41.369303+00:00,2022-08-02,CONSERVATIVE_T1,margin_sse,600567,True
2022-08-01,AGGREGATOR|research-node|akshare@1.18.97|stock_margin_detail_sse,2022-08-01,,2026-09-26T07:14:41.369303+00:00,2022-08-02,CONSERVATIVE_T1,margin_sse,600694,True
2022-08-01,AGGREGATOR|research-node|akshare@1.18.97|stock_margin_detail_sse,2022-08-01,,2026-09-26T07:14:41.369303+00:00,2022-08-02,CONSERVATIVE_T1,margin_sse,601298,True
2022-08-01,AGGREGATOR|research-node|akshare@1.18.97|stock_margin_detail_sse,2022-08-01,,2026-09-26T07:14:41.369303+00:00,2022-08-02,CONSERVATIVE_T1,margin_sse,601328,True
2022-08-01,AGGREGATOR|research-node|akshare@1.18.97|stock_margin_detail_sse,2022-08-01,,2026-09-26T07:14:41.369303+00:00,2022-08-02,CONSERVATIVE_T1,margin_sse,601869,True
2022-08-01,AGGREGATOR|research-node|akshare@1.18.97|stock_margin_detail_sse,2022-08-01,,2026-09-26T07:14:41.369303+00:00,2022-08-02,CONSERVATIVE_T1,margin_sse,601985,True
2022-08-01,AGGREGATOR|research-node|akshare@1.18.97|stock_margin_detail_sse,2022-08-01,,2026-09-26T07:14:41.369303+00:00,2022-08-02,CONSERVATIVE_T1,margin_sse,601988,True
2022-08-01,AGGREGATOR|research-node|akshare@1.18.97|stock_margin_detail_sse,2022-08-01,,2026-09-26T07:14:41.369303+00:00,2022-08-02,CONSERVATIVE_T1,margin_sse,601992,True
2022-08-01,AGGREGATOR|research-node|akshare@1.18.97|stock_margin_detail_sse,2022-08-01,,2026-09-26T07:14:41.369303+00:00,2022-08-02,CONSERVATIVE_T1,margin_sse,688116,True
2022-08-01,AGGREGATOR|research-node|akshare@1.18.97|stock_margin_detail_sse,2022-08-01,,2026-09-26T07:14:41.369303+00:00,2022-08-02,CONSERVATIVE_T1,margin_sse,688218,True
2022-08-01,AGGREGATOR|research-node|akshare@1.18.97|stock_margin_detail_sse,2022-08-01,,2026-09-26T07:14:41.369303+00:00,2022-08-02,CONSERVATIVE_T1,margin_sse,688521,True
2022-08-02,AGGREGATOR|research-node|akshare@1.18.97|stock_margin_detail_sse,2022-08-02,,2026-09-26T07:14:45.464210+00:00,2022-08-03,CONSERVATIVE_T1,margin_sse,600269,True
2022-08-02,AGGREGATOR|research-node|akshare@1.18.97|stock_margin_detail_sse,2022-08-02,,2026-09-26T07:14:45.464210+00:00,2022-08-03,CONSERVATIVE_T1,margin_sse,600377,True
2022-08-02,AGGREGATOR|research-node|akshare@1.18.97|stock_margin_detail_sse,2022-08-02,,2026-09-26T07:14:45.464210+00:00,2022-08-03,CONSERVATIVE_T1,margin_sse,600567,True
2022-08-02,AGGREGATOR|research-node|akshare@1.18.97|stock_margin_detail_sse,2022-08-02,,2026-09-26T07:14:45.464210+00:00,2022-08-03,CONSERVATIVE_T1,margin_sse,600694,True
2022-08-02,AGGREGATOR|research-node|akshare@1.18.97|stock_margin_detail_sse,2022-08-02,,2026-09-26T07:14:45.464210+00:00,2022-08-03,CONSERVATIVE_T1,margin_sse,601298,True
2022-08-02,AGGREGATOR|research-node|akshare@1.18.97|stock_margin_detail_sse,2022-08-02,,2026-09-26T07:14:45.464210+00:00,2022-08-03,CONSERVATIVE_T1,margin_sse,601328,True
2022-08-02,AGGREGATOR|research-node|akshare@1.18.97|stock_margin_detail_sse,2022-08-02,,2026-09-26T07:14:45.464210+00:00,2022-08-03,CONSERVATIVE_T1,margin_sse,601869,True
2022-08-02,AGGREGATOR|research-node|akshare@1.18.97|stock_margin_detail_sse,2022-08-02,,2026-09-26T07:14:45.464210+00:00,2022-08-03,CONSERVATIVE_T1,margin_sse,601985,True
2022-08-02,AGGREGATOR|research-node|akshare@1.18.97|stock_margin_detail_sse,2022-08-02,,2026-09-26T07:14:45.464210+00:00,2022-08-03,CONSERVATIVE_T1,margin_sse,601988,True
2022-08-02,AGGREGATOR|research-node|akshare@1.18.97|stock_margin_detail_sse,2022-08-02,,2026-09-26T07:14:45.464210+00:00,2022-08-03,CONSERVATIVE_T1,margin_sse,601992,True
2022-08-02,AGGREGATOR|research-node|akshare@1.18.97|stock_margin_detail_sse,2022-08-02,,2026-09-26T07:14:45.464210+00:00,2022-08-03,CONSERVATIVE_T1,margin_sse,688116,True
2022-08-02,AGGREGATOR|research-node|akshare@1.18.97|stock_margin_detail_sse,2022-08-02,,2026-09-26T07:14:45.464210+00:00,2022-08-03,CONSERVATIVE_T1,margin_sse,688218,True
2022-08-02,AGGREGATOR|research-node|akshare@1.18.97|stock_margin_detail_sse,2022-08-02,,2026-09-26T07:14:45.464210+00:00,2022-08-03,CONSERVATIVE_T1,margin_sse,688521,True
2022-08-03,AGGREGATOR|research-node|akshare@1.18.97|stock_margin_detail_sse,2022-08-03,,2026-09-26T07:14:49.449981+00:00,2022-08-04,CONSERVATIVE_T1,margin_sse,600269,True
2022-08-03,AGGREGATOR|research-node|akshare@1.18.97|stock_margin_detail_sse,2022-08-03,,2026-09-26T07:14:49.449981+00:00,2022-08-04,CONSERVATIVE_T1,margin_sse,600377,True
2022-08-03,AGGREGATOR|research-node|akshare@1.18.97|stock_margin_detail_sse,2022-08-03,,2026-09-26T07:14:49.449981+00:00,2022-08-04,CONSERVATIVE_T1,margin_sse,600567,True
2022-08-03,AGGREGATOR|research-node|akshare@1.18.97|stock_margin_detail_sse,2022-08-03,,2026-09-26T07:14:49.449981+00:00,2022-08-04,CONSERVATIVE_T1,margin_sse,600694,True
2022-08-03,AGGREGATOR|research-node|akshare@1.18.97|stock_margin_detail_sse,2022-08-03,,2026-09-26T07:14:49.449981+00:00,2022-08-04,CONSERVATIVE_T1,margin_sse,601298,True
2022-08-03,AGGREGATOR|research-node|akshare@1.18.97|stock_margin_detail_sse,2022-08-03,,2026-09-26T07:14:49.449981+00:00,2022-08-04,CONSERVATIVE_T1,margin_sse,601328,True
2022-08-03,AGGREGATOR|research-node|akshare@1.18.97|stock_margin_detail_sse,2022-08-03,,2026-09-26T07:14:49.449981+00:00,2022-08-04,CONSERVATIVE_T1,margin_sse,601869,True
2022-08-03,AGGREGATOR|research-node|akshare@1.18.97|stock_margin_detail_sse,2022-08-03,,2026-09-26T07:14:49.449981+00:00,2022-08-04,CONSERVATIVE_T1,margin_sse,601985,True
2022-08-03,AGGREGATOR|research-node|akshare@1.18.97|stock_margin_detail_sse,2022-08-03,,2026-09-26T07:14:49.449981+00:00,2022-08-04,CONSERVATIVE_T1,margin_sse,601988,True
2022-08-03,AGGREGATOR|research-node|akshare@1.18.97|stock_margin_detail_sse,2022-08-03,,2026-09-26T07:14:49.449981+00:00,2022-08-04,CONSERVATIVE_T1,margin_sse,601992,True
2022-08-03,AGGREGATOR|research-node|akshare@1.18.97|stock_margin_detail_sse,2022-08-03,,2026-09-26T07:14:49.449981+00:00,2022-08-04,CONSERVATIVE_T1,margin_sse,688116,True
2022-08-03,AGGREGATOR|research-node|akshare@1.18.97|stock_margin_detail_sse,2022-08-03,,2026-09-26T07:14:49.449981+00:00,2022-08-04,CONSERVATIVE_T1,margin_sse,688218,True
2022-08-03,AGGREGATOR|research-node|akshare@1.18.97|stock_margin_detail_sse,2022-08-03,,2026-09-26T07:14:49.449981+00:00,2022-08-04,CONSERVATIVE_T1,margin_sse,688521,True
2022-08-04,AGGREGATOR|research-node|akshare@1.18.97|stock_margin_detail_sse,2022-08-04,,2026-09-26T07:14:53.365451+00:00,2022-08-05,CONSERVATIVE_T1,margin_sse,600269,True
2022-08-04,AGGREGATOR|research-node|akshare@1.18.97|stock_margin_detail_sse,2022-08-04,,2026-09-26T07:14:53.365451+00:00,2022-08-05,CONSERVATIVE_T1,margin_sse,600377,True
2022-08-04,AGGREGATOR|research-node|akshare@1.18.97|stock_margin_detail_sse,2022-08-04,,2026-09-26T07:14:53.365451+00:00,2022-08-05,CONSERVATIVE_T1,margin_sse,600567,True
2022-08-04,AGGREGATOR|research-node|akshare@1.18.97|stock_margin_detail_sse,2022-08-04,,2026-09-26T07:14:53.365451+00:00,2022-08-05,CONSERVATIVE_T1,margin_sse,600694,True
2022-08-04,AGGREGATOR|research-node|akshare@1.18.97|stock_margin_detail_sse,2022-08-04,,2026-09-26T07:14:53.365451+00:00,2022-08-05,CONSERVATIVE_T1,margin_sse,601298,True
2022-08-04,AGGREGATOR|research-node|akshare@1.18.97|stock_margin_detail_sse,2022-08-04,,2026-09-26T07:14:53.365451+00:00,2022-08-05,CONSERVATIVE_T1,margin_sse,601328,True
2022-08-04,AGGREGATOR|research-node|akshare@1.18.97|stock_margin_detail_sse,2022-08-04,,2026-09-26T07:14:53.365451+00:00,2022-08-05,CONSERVATIVE_T1,margin_sse,601869,True
2022-08-04,AGGREGATOR|research-node|akshare@1.18.97|stock_margin_detail_sse,2022-08-04,,2026-09-26T07:14:53.365451+00:00,2022-08-05,CONSERVATIVE_T1,margin_sse,601985,True
2022-08-04,AGGREGATOR|research-node|akshare@1.18.97|stock_margin_detail_sse,2022-08-04,,2026-09-26T07:14:53.365451+00:00,2022-08-05,CONSERVATIVE_T1,margin_sse,601988,True
2022-08-04,AGGREGATOR|research-node|akshare@1.18.97|stock_margin_detail_sse,2022-08-04,,2026-09-26T07:14:53.365451+00:00,2022-08-05,CONSERVATIVE_T1,margin_sse,601992,True
2022-08-04,AGGREGATOR|research-node|akshare@1.18.97|stock_margin_detail_sse,2022-08-04,,2026-09-26T07:14:53.365451+00:00,2022-08-05,CONSERVATIVE_T1,margin_sse,688116,True
2022-08-04,AGGREGATOR|research-node|akshare@1.18.97|stock_margin_detail_sse,2022-08-04,,2026-09-26T07:14:53.365451+00:00,2022-08-05,CONSERVATIVE_T1,margin_sse,688218,True
2022-08-04,AGGREGATOR|research-node|akshare@1.18.97|stock_margin_detail_sse,2022-08-04,,2026-09-26T07:14:53.365451+00:00,2022-08-05,CONSERVATIVE_T1,margin_sse,688521,True
2022-08-05,AGGREGATOR|research-node|akshare@1.18.97|stock_margin_detail_sse,2022-08-05,,2026-09-26T07:14:57.324907+00:00,2022-08-08,CONSERVATIVE_T1,margin_sse,600269,True
2022-08-05,AGGREGATOR|research-node|akshare@1.18.97|stock_margin_detail_sse,2022-08-05,,2026-09-26T07:14:57.324907+00:00,2022-08-08,CONSERVATIVE_T1,margin_sse,600377,True
2022-08-05,AGGREGATOR|research-node|akshare@1.18.97|stock_margin_detail_sse,2022-08-05,,2026-09-26T07:14:57.324907+00:00,2022-08-08,CONSERVATIVE_T1,margin_sse,600567,True
2022-08-05,AGGREGATOR|research-node|akshare@1.18.97|stock_margin_detail_sse,2022-08-05,,2026-09-26T07:14:57.324907+00:00,2022-08-08,CONSERVATIVE_T1,margin_sse,600694,True
2022-08-05,AGGREGATOR|research-node|akshare@1.18.97|stock_margin_detail_sse,2022-08-05,,2026-09-26T07:14:57.324907+00:00,2022-08-08,CONSERVATIVE_T1,margin_sse,601298,True
2022-08-05,AGGREGATOR|research-node|akshare@1.18.97|stock_margin_detail_sse,2022-08-05,,2026-09-26T07:14:57.324907+00:00,2022-08-08,CONSERVATIVE_T1,margin_sse,601328,True
2022-08-05,AGGREGATOR|research-node|akshare@1.18.97|stock_margin_detail_sse,2022-08-05,,2026-09-26T07:14:57.324907+00:00,2022-08-08,CONSERVATIVE_T1,margin_sse,601869,True
2022-08-05,AGGREGATOR|research-node|akshare@1.18.97|stock_margin_detail_sse,2022-08-05,,2026-09-26T07:14:57.324907+00:00,2022-08-08,CONSERVATIVE_T1,margin_sse,601985,True
2022-08-05,AGGREGATOR|research-node|akshare@1.18.97|stock_margin_detail_sse,2022-08-05,,2026-09-26T07:14:57.324907+00:00,2022-08-08,CONSERVATIVE_T1,margin_sse,601988,True
2022-08-05,AGGREGATOR|research-node|akshare@1.18.97|stock_margin_detail_sse,2022-08-05,,2026-09-26T07:14:57.324907+00:00,2022-08-08,CONSERVATIVE_T1,margin_sse,601992,True
2022-08-05,AGGREGATOR|research-node|akshare@1.18.97|stock_margin_detail_sse,2022-08-05,,2026-09-26T07:14:57.324907+00:00,2022-08-08,CONSERVATIVE_T1,margin_sse,688116,True
2022-08-05,AGGREGATOR|research-node|akshare@1.18.97|stock_margin_detail_sse,2022-08-05,,2026-09-26T07:14:57.324907+00:00,2022-08-08,CONSERVATIVE_T1,margin_sse,688218,True
2022-08-05,AGGREGATOR|research-node|akshare@1.18.97|stock_margin_detail_sse,2022-08-05,,2026-09-26T07:14:57.324907+00:00,2022-08-08,CONSERVATIVE_T1,margin_sse,688521,True
2022-08-08,AGGREGATOR|research-node|akshare@1.18.97|stock_margin_detail_sse,2022-08-08,,2026-09-26T07:15:01.303793+00:00,2022-08-09,CONSERVATIVE_T1,margin_sse,600269,True
2022-08-08,AGGREGATOR|research-node|akshare@1.18.97|stock_margin_detail_sse,2022-08-08,,2026-09-26T07:15:01.303793+00:00,2022-08-09,CONSERVATIVE_T1,margin_sse,600377,True
2022-08-08,AGGREGATOR|research-node|akshare@1.18.97|stock_margin_detail_sse,2022-08-08,,2026-09-26T07:15:01.303793+00:00,2022-08-09,CONSERVATIVE_T1,margin_sse,600567,True
2022-08-08,AGGREGATOR|research-node|akshare@1.18.97|stock_margin_detail_sse,2022-08-08,,2026-09-26T07:15:01.303793+00:00,2022-08-09,CONSERVATIVE_T1,margin_sse,600694,True
2022-08-08,AGGREGATOR|research-node|akshare@1.18.97|stock_margin_detail_sse,2022-08-08,,2026-09-26T07:15:01.303793+00:00,2022-08-09,CONSERVATIVE_T1,margin_sse,601298,True
2022-08-08,AGGREGATOR|research-node|akshare@1.18.97|stock_margin_detail_sse,2022-08-08,,2026-09-26T07:15:01.303793+00:00,2022-08-09,CONSERVATIVE_T1,margin_sse,601328,True
2022-08-08,AGGREGATOR|research-node|akshare@1.18.97|stock_margin_detail_sse,2022-08-08,,2026-09-26T07:15:01.303793+00:00,2022-08-09,CONSERVATIVE_T1,margin_sse,601869,True
2022-08-08,AGGREGATOR|research-node|akshare@1.18.97|stock_margin_detail_sse,2022-08-08,,2026-09-26T07:15:01.303793+00:00,2022-08-09,CONSERVATIVE_T1,margin_sse,601985,True
2022-08-08,AGGREGATOR|research-node|akshare@1.18.97|stock_margin_detail_sse,2022-08-08,,2026-09-26T07:15:01.303793+00:00,2022-08-09,CONSERVATIVE_T1,margin_sse,601988,True
2022-08-08,AGGREGATOR|research-node|akshare@1.18.97|stock_margin_detail_sse,2022-08-08,,2026-09-26T07:15:01.303793+00:00,2022-08-09,CONSERVATIVE_T1,margin_sse,601992,True
2022-08-08,AGGREGATOR|research-node|akshare@1.18.97|stock_margin_detail_sse,2022-08-08,,2026-09-26T07:15:01.303793+00:00,2022-08-09,CONSERVATIVE_T1,margin_sse,688116,True
2022-08-08,AGGREGATOR|research-node|akshare@1.18.97|stock_margin_detail_sse,2022-08-08,,2026-09-26T07:15:01.303793+00:00,2022-08-09,CONSERVATIVE_T1,margin_sse,688218,True
2022-08-08,AGGREGATOR|research-node|akshare@1.18.97|stock_margin_detail_sse,2022-08-08,,2026-09-26T07:15:01.303793+00:00,2022-08-09,CONSERVATIVE_T1,margin_sse,688521,True
2022-08-09,AGGREGATOR|research-node|akshare@1.18.97|stock_margin_detail_sse,2022-08-09,,2026-09-26T07:15:05.300753+00:00,2022-08-10,CONSERVATIVE_T1,margin_sse,600269,True
2022-08-09,AGGREGATOR|research-node|akshare@1.18.97|stock_margin_detail_sse,2022-08-09,,2026-09-26T07:15:05.300753+00:00,2022-08-10,CONSERVATIVE_T1,margin_sse,600377,True
2022-08-09,AGGREGATOR|research-node|akshare@1.18.97|stock_margin_detail_sse,2022-08-09,,2026-09-26T07:15:05.300753+00:00,2022-08-10,CONSERVATIVE_T1,margin_sse,600567,True
2022-08-09,AGGREGATOR|research-node|akshare@1.18.97|stock_margin_detail_sse,2022-08-09,,2026-09-26T07:15:05.300753+00:00,2022-08-10,CONSERVATIVE_T1,margin_sse,600694,True
2022-08-09,AGGREGATOR|research-node|akshare@1.18.97|stock_margin_detail_sse,2022-08-09,,2026-09-26T07:15:05.300753+00:00,2022-08-10,CONSERVATIVE_T1,margin_sse,601298,True
2022-08-09,AGGREGATOR|research-node|akshare@1.18.97|stock_margin_detail_sse,2022-08-09,,2026-09-26T07:15:05.300753+00:00,2022-08-10,CONSERVATIVE_T1,margin_sse,601328,True
2022-08-09,AGGREGATOR|research-node|akshare@1.18.97|stock_margin_detail_sse,2022-08-09,,2026-09-26T07:15:05.300753+00:00,2022-08-10,CONSERVATIVE_T1,margin_sse,601869,True
2022-08-09,AGGREGATOR|research-node|akshare@1.18.97|stock_margin_detail_sse,2022-08-09,,2026-09-26T07:15:05.300753+00:00,2022-08-10,CONSERVATIVE_T1,margin_sse,601985,True
2022-08-09,AGGREGATOR|research-node|akshare@1.18.97|stock_margin_detail_sse,2022-08-09,,2026-09-26T07:15:05.300753+00:00,2022-08-10,CONSERVATIVE_T1,margin_sse,601988,True
2022-08-09,AGGREGATOR|research-node|akshare@1.18.97|stock_margin_detail_sse,2022-08-09,,2026-09-26T07:15:05.300753+00:00,2022-08-10,CONSERVATIVE_T1,margin_sse,601992,True
2022-08-09,AGGREGATOR|research-node|akshare@1.18.97|stock_margin_detail_sse,2022-08-09,,2026-09-26T07:15:05.300753+00:00,2022-08-10,CONSERVATIVE_T1,margin_sse,688116,True
2022-08-09,AGGREGATOR|research-node|akshare@1.18.97|stock_margin_detail_sse,2022-08-09,,2026-09-26T07:15:05.300753+00:00,2022-08-10,CONSERVATIVE_T1,margin_sse,688218,True
2022-08-09,AGGREGATOR|research-node|akshare@1.18.97|stock_margin_detail_sse,2022-08-09,,2026-09-26T07:15:05.300753+00:00,2022-08-10,CONSERVATIVE_T1,margin_sse,688521,True
2022-08-10,AGGREGATOR|research-node|akshare@1.18.97|stock_margin_detail_sse,2022-08-10,,2026-09-26T07:15:09.185876+00:00,2022-08-11,CONSERVATIVE_T1,margin_sse,600269,True
2022-08-10,AGGREGATOR|research-node|akshare@1.18.97|stock_margin_detail_sse,2022-08-10,,2026-09-26T07:15:09.185876+00:00,2022-08-11,CONSERVATIVE_T1,margin_sse,600377,True
2022-08-10,AGGREGATOR|research-node|akshare@1.18.97|stock_margin_detail_sse,2022-08-10,,2026-09-26T07:15:09.185876+00:00,2022-08-11,CONSERVATIVE_T1,margin_sse,600567,True
2022-08-10,AGGREGATOR|research-node|akshare@1.18.97|stock_margin_detail_sse,2022-08-10,,2026-09-26T07:15:09.185876+00:00,2022-08-11,CONSERVATIVE_T1,margin_sse,600694,True
2022-08-10,AGGREGATOR|research-node|akshare@1.18.97|stock_margin_detail_sse,2022-08-10,,2026-09-26T07:15:09.185876+00:00,2022-08-11,CONSERVATIVE_T1,margin_sse,601298,True
2022-08-10,AGGREGATOR|research-node|akshare@1.18.97|stock_margin_detail_sse,2022-08-10,,2026-09-26T07:15:09.185876+00:00,2022-08-11,CONSERVATIVE_T1,margin_sse,601328,True
2022-08-10,AGGREGATOR|research-node|akshare@1.18.97|stock_margin_detail_sse,2022-08-10,,2026-09-26T07:15:09.185876+00:00,2022-08-11,CONSERVATIVE_T1,margin_sse,601869,True
2022-08-10,AGGREGATOR|research-node|akshare@1.18.97|stock_margin_detail_sse,2022-08-10,,2026-09-26T07:15:09.185876+00:00,2022-08-11,CONSERVATIVE_T1,margin_sse,601985,True
2022-08-10,AGGREGATOR|research-node|akshare@1.18.97|stock_margin_detail_sse,2022-08-10,,2026-09-26T07:15:09.185876+00:00,2022-08-11,CONSERVATIVE_T1,margin_sse,601988,True
2022-08-10,AGGREGATOR|research-node|akshare@1.18.97|stock_margin_detail_sse,2022-08-10,,2026-09-26T07:15:09.185876+00:00,2022-08-11,CONSERVATIVE_T1,margin_sse,601992,True
2022-08-10,AGGREGATOR|research-node|akshare@1.18.97|stock_margin_detail_sse,2022-08-10,,2026-09-26T07:15:09.185876+00:00,2022-08-11,CONSERVATIVE_T1,margin_sse,688116,True
2022-08-10,AGGREGATOR|research-node|akshare@1.18.97|stock_margin_detail_sse,2022-08-10,,2026-09-26T07:15:09.185876+00:00,2022-08-11,CONSERVATIVE_T1,margin_sse,688218,True
2022-08-10,AGGREGATOR|research-node|akshare@1.18.97|stock_margin_detail_sse,2022-08-10,,2026-09-26T07:15:09.185876+00:00,2022-08-11,CONSERVATIVE_T1,margin_sse,688521,True
2022-08-11,AGGREGATOR|research-node|akshare@1.18.97|stock_margin_detail_sse,2022-08-11,,2026-09-26T07:15:13.462842+00:00,2022-08-12,CONSERVATIVE_T1,margin_sse,600269,True
2022-08-11,AGGREGATOR|research-node|akshare@1.18.97|stock_margin_detail_sse,2022-08-11,,2026-09-26T07:15:13.462842+00:00,2022-08-12,CONSERVATIVE_T1,margin_sse,600377,True
2022-08-11,AGGREGATOR|research-node|akshare@1.18.97|stock_margin_detail_sse,2022-08-11,,2026-09-26T07:15:13.462842+00:00,2022-08-12,CONSERVATIVE_T1,margin_sse,600567,True
2022-08-11,AGGREGATOR|research-node|akshare@1.18.97|stock_margin_detail_sse,2022-08-11,,2026-09-26T07:15:13.462842+00:00,2022-08-12,CONSERVATIVE_T1,margin_sse,600694,True
2022-08-11,AGGREGATOR|research-node|akshare@1.18.97|stock_margin_detail_sse,2022-08-11,,2026-09-26T07:15:13.462842+00:00,2022-08-12,CONSERVATIVE_T1,margin_sse,601298,True
2022-08-11,AGGREGATOR|research-node|akshare@1.18.97|stock_margin_detail_sse,2022-08-11,,2026-09-26T07:15:13.462842+00:00,2022-08-12,CONSERVATIVE_T1,margin_sse,601328,True
2022-08-11,AGGREGATOR|research-node|akshare@1.18.97|stock_margin_detail_sse,2022-08-11,,2026-09-26T07:15:13.462842+00:00,2022-08-12,CONSERVATIVE_T1,margin_sse,601869,True
2022-08-11,AGGREGATOR|research-node|akshare@1.18.97|stock_margin_detail_sse,2022-08-11,,2026-09-26T07:15:13.462842+00:00,2022-08-12,CONSERVATIVE_T1,margin_sse,601985,True
2022-08-11,AGGREGATOR|research-node|akshare@1.18.97|stock_margin_detail_sse,2022-08-11,,2026-09-26T07:15:13.462842+00:00,2022-08-12,CONSERVATIVE_T1,margin_sse,601988,True
2022-08-11,AGGREGATOR|research-node|akshare@1.18.97|stock_margin_detail_sse,2022-08-11,,2026-09-26T07:15:13.462842+00:00,2022-08-12,CONSERVATIVE_T1,margin_sse,601992,True
2022-08-11,AGGREGATOR|research-node|akshare@1.18.97|stock_margin_detail_sse,2022-08-11,,2026-09-26T07:15:13.462842+00:00,2022-08-12,CONSERVATIVE_T1,margin_sse,688116,True
2022-08-11,AGGREGATOR|research-node|akshare@1.18.97|stock_margin_detail_sse,2022-08-11,,2026-09-26T07:15:13.462842+00:00,2022-08-12,CONSERVATIVE_T1,margin_sse,688218,True
2022-08-11,AGGREGATOR|research-node|akshare@1.18.97|stock_margin_detail_sse,2022-08-11,,2026-09-26T07:15:13.462842+00:00,2022-08-12,CONSERVATIVE_T1,margin_sse,688521,True
2022-08-12,AGGREGATOR|research-node|akshare@1.18.97|stock_margin_detail_sse,2022-08-12,,2026-09-26T07:15:17.392958+00:00,2022-08-15,CONSERVATIVE_T1,margin_sse,600269,True
2022-08-12,AGGREGATOR|research-node|akshare@1.18.97|stock_margin_detail_sse,2022-08-12,,2026-09-26T07:15:17.392958+00:00,2022-08-15,CONSERVATIVE_T1,margin_sse,600377,True
2022-08-12,AGGREGATOR|research-node|akshare@1.18.97|stock_margin_detail_sse,2022-08-12,,2026-09-26T07:15:17.392958+00:00,2022-08-15,CONSERVATIVE_T1,margin_sse,600567,True
2022-08-12,AGGREGATOR|research-node|akshare@1.18.97|stock_margin_detail_sse,2022-08-12,,2026-09-26T07:15:17.392958+00:00,2022-08-15,CONSERVATIVE_T1,margin_sse,600694,True
2022-08-12,AGGREGATOR|research-node|akshare@1.18.97|stock_margin_detail_sse,2022-08-12,,2026-09-26T07:15:17.392958+00:00,2022-08-15,CONSERVATIVE_T1,margin_sse,601298,True
2022-08-12,AGGREGATOR|research-node|akshare@1.18.97|stock_margin_detail_sse,2022-08-12,,2026-09-26T07:15:17.392958+00:00,2022-08-15,CONSERVATIVE_T1,margin_sse,601328,True
2022-08-12,AGGREGATOR|research-node|akshare@1.18.97|stock_margin_detail_sse,2022-08-12,,2026-09-26T07:15:17.392958+00:00,2022-08-15,CONSERVATIVE_T1,margin_sse,601869,True
2022-08-12,AGGREGATOR|research-node|akshare@1.18.97|stock_margin_detail_sse,2022-08-12,,2026-09-26T07:15:17.392958+00:00,2022-08-15,CONSERVATIVE_T1,margin_sse,601985,True
2022-08-12,AGGREGATOR|research-node|akshare@1.18.97|stock_margin_detail_sse,2022-08-12,,2026-09-26T07:15:17.392958+00:00,2022-08-15,CONSERVATIVE_T1,margin_sse,601988,True
2022-08-12,AGGREGATOR|research-node|akshare@1.18.97|stock_margin_detail_sse,2022-08-12,,2026-09-26T07:15:17.392958+00:00,2022-08-15,CONSERVATIVE_T1,margin_sse,601992,True
2022-08-12,AGGREGATOR|research-node|akshare@1.18.97|stock_margin_detail_sse,2022-08-12,,2026-09-26T07:15:17.392958+00:00,2022-08-15,CONSERVATIVE_T1,margin_sse,688116,True
2022-08-12,AGGREGATOR|research-node|akshare@1.18.97|stock_margin_detail_sse,2022-08-12,,2026-09-26T07:15:17.392958+00:00,2022-08-15,CONSERVATIVE_T1,margin_sse,688218,True
2022-08-12,AGGREGATOR|research-node|akshare@1.18.97|stock_margin_detail_sse,2022-08-12,,2026-09-26T07:15:17.392958+00:00,2022-08-15,CONSERVATIVE_T1,margin_sse,688521,True
2022-08-15,AGGREGATOR|research-node|akshare@1.18.97|stock_margin_detail_sse,2022-08-15,,2026-09-26T07:15:21.420245+00:00,2022-08-16,CONSERVATIVE_T1,margin_sse,600269,True
2022-08-15,AGGREGATOR|research-node|akshare@1.18.97|stock_margin_detail_sse,2022-08-15,,2026-09-26T07:15:21.420245+00:00,2022-08-16,CONSERVATIVE_T1,margin_sse,600377,True
2022-08-15,AGGREGATOR|research-node|akshare@1.18.97|stock_margin_detail_sse,2022-08-15,,2026-09-26T07:15:21.420245+00:00,2022-08-16,CONSERVATIVE_T1,margin_sse,600567,True
2022-08-15,AGGREGATOR|research-node|akshare@1.18.97|stock_margin_detail_sse,2022-08-15,,2026-09-26T07:15:21.420245+00:00,2022-08-16,CONSERVATIVE_T1,margin_sse,600694,True
2022-08-15,AGGREGATOR|research-node|akshare@1.18.97|stock_margin_detail_sse,2022-08-15,,2026-09-26T07:15:21.420245+00:00,2022-08-16,CONSERVATIVE_T1,margin_sse,601298,True
2022-08-15,AGGREGATOR|research-node|akshare@1.18.97|stock_margin_detail_sse,2022-08-15,,2026-09-26T07:15:21.420245+00:00,2022-08-16,CONSERVATIVE_T1,margin_sse,601328,True
2022-08-15,AGGREGATOR|research-node|akshare@1.18.97|stock_margin_detail_sse,2022-08-15,,2026-09-26T07:15:21.420245+00:00,2022-08-16,CONSERVATIVE_T1,margin_sse,601869,True
2022-08-15,AGGREGATOR|research-node|akshare@1.18.97|stock_margin_detail_sse,2022-08-15,,2026-09-26T07:15:21.420245+00:00,2022-08-16,CONSERVATIVE_T1,margin_sse,601985,True
2022-08-15,AGGREGATOR|research-node|akshare@1.18.97|stock_margin_detail_sse,2022-08-15,,2026-09-26T07:15:21.420245+00:00,2022-08-16,CONSERVATIVE_T1,margin_sse,601988,True
2022-08-15,AGGREGATOR|research-node|akshare@1.18.97|stock_margin_detail_sse,2022-08-15,,2026-09-26T07:15:21.420245+00:00,2022-08-16,CONSERVATIVE_T1,margin_sse,601992,True
2022-08-15,AGGREGATOR|research-node|akshare@1.18.97|stock_margin_detail_sse,2022-08-15,,2026-09-26T07:15:21.420245+00:00,2022-08-16,CONSERVATIVE_T1,margin_sse,688116,True
2022-08-15,AGGREGATOR|research-node|akshare@1.18.97|stock_margin_detail_sse,2022-08-15,,2026-09-26T07:15:21.420245+00:00,2022-08-16,CONSERVATIVE_T1,margin_sse,688218,True
2022-08-15,AGGREGATOR|research-node|akshare@1.18.97|stock_margin_detail_sse,2022-08-15,,2026-09-26T07:15:21.420245+00:00,2022-08-16,CONSERVATIVE_T1,margin_sse,688521,True
2022-08-16,AGGREGATOR|research-node|akshare@1.18.97|stock_margin_detail_sse,2022-08-16,,2026-09-26T07:15:25.355998+00:00,2022-08-17,CONSERVATIVE_T1,margin_sse,600269,True
2022-08-16,AGGREGATOR|research-node|akshare@1.18.97|stock_margin_detail_sse,2022-08-16,,2026-09-26T07:15:25.355998+00:00,2022-08-17,CONSERVATIVE_T1,margin_sse,600377,True
2022-08-16,AGGREGATOR|research-node|akshare@1.18.97|stock_margin_detail_sse,2022-08-16,,2026-09-26T07:15:25.355998+00:00,2022-08-17,CONSERVATIVE_T1,margin_sse,600567,True
2022-08-16,AGGREGATOR|research-node|akshare@1.18.97|stock_margin_detail_sse,2022-08-16,,2026-09-26T07:15:25.355998+00:00,2022-08-17,CONSERVATIVE_T1,margin_sse,600694,True
2022-08-16,AGGREGATOR|research-node|akshare@1.18.97|stock_margin_detail_sse,2022-08-16,,2026-09-26T07:15:25.355998+00:00,2022-08-17,CONSERVATIVE_T1,margin_sse,601298,True
2022-08-16,AGGREGATOR|research-node|akshare@1.18.97|stock_margin_detail_sse,2022-08-16,,2026-09-26T07:15:25.355998+00:00,2022-08-17,CONSERVATIVE_T1,margin_sse,601328,True
2022-08-16,AGGREGATOR|research-node|akshare@1.18.97|stock_margin_detail_sse,2022-08-16,,2026-09-26T07:15:25.355998+00:00,2022-08-17,CONSERVATIVE_T1,margin_sse,601869,True
2022-08-16,AGGREGATOR|research-node|akshare@1.18.97|stock_margin_detail_sse,2022-08-16,,2026-09-26T07:15:25.355998+00:00,2022-08-17,CONSERVATIVE_T1,margin_sse,601985,True
2022-08-16,AGGREGATOR|research-node|akshare@1.18.97|stock_margin_detail_sse,2022-08-16,,2026-09-26T07:15:25.355998+00:00,2022-08-17,CONSERVATIVE_T1,margin_sse,601988,True
2022-08-16,AGGREGATOR|research-node|akshare@1.18.97|stock_margin_detail_sse,2022-08-16,,2026-09-26T07:15:25.355998+00:00,2022-08-17,CONSERVATIVE_T1,margin_sse,601992,True
2022-08-16,AGGREGATOR|research-node|akshare@1.18.97|stock_margin_detail_sse,2022-08-16,,2026-09-26T07:15:25.355998+00:00,2022-08-17,CONSERVATIVE_T1,margin_sse,688116,True
2022-08-16,AGGREGATOR|research-node|akshare@1.18.97|stock_margin_detail_sse,2022-08-16,,2026-09-26T07:15:25.355998+00:00,2022-08-17,CONSERVATIVE_T1,margin_sse,688218,True
2022-08-16,AGGREGATOR|research-node|akshare@1.18.97|stock_margin_detail_sse,2022-08-16,,2026-09-26T07:15:25.355998+00:00,2022-08-17,CONSERVATIVE_T1,margin_sse,688521,True
2022-08-17,AGGREGATOR|research-node|akshare@1.18.97|stock_margin_detail_sse,2022-08-17,,2026-09-26T07:15:29.278275+00:00,2022-08-18,CONSERVATIVE_T1,margin_sse,600269,True
2022-08-17,AGGREGATOR|research-node|akshare@1.18.97|stock_margin_detail_sse,2022-08-17,,2026-09-26T07:15:29.278275+00:00,2022-08-18,CONSERVATIVE_T1,margin_sse,600377,True
2022-08-17,AGGREGATOR|research-node|akshare@1.18.97|stock_margin_detail_sse,2022-08-17,,2026-09-26T07:15:29.278275+00:00,2022-08-18,CONSERVATIVE_T1,margin_sse,600567,True
2022-08-17,AGGREGATOR|research-node|akshare@1.18.97|stock_margin_detail_sse,2022-08-17,,2026-09-26T07:15:29.278275+00:00,2022-08-18,CONSERVATIVE_T1,margin_sse,600694,True
2022-08-17,AGGREGATOR|research-node|akshare@1.18.97|stock_margin_detail_sse,2022-08-17,,2026-09-26T07:15:29.278275+00:00,2022-08-18,CONSERVATIVE_T1,margin_sse,601298,True
2022-08-17,AGGREGATOR|research-node|akshare@1.18.97|stock_margin_detail_sse,2022-08-17,,2026-09-26T07:15:29.278275+00:00,2022-08-18,CONSERVATIVE_T1,margin_sse,601328,True
2022-08-17,AGGREGATOR|research-node|akshare@1.18.97|stock_margin_detail_sse,2022-08-17,,2026-09-26T07:15:29.278275+00:00,2022-08-18,CONSERVATIVE_T1,margin_sse,601869,True
2022-08-17,AGGREGATOR|research-node|akshare@1.18.97|stock_margin_detail_sse,2022-08-17,,2026-09-26T07:15:29.278275+00:00,2022-08-18,CONSERVATIVE_T1,margin_sse,601985,True
2022-08-17,AGGREGATOR|research-node|akshare@1.18.97|stock_margin_detail_sse,2022-08-17,,2026-09-26T07:15:29.278275+00:00,2022-08-18,CONSERVATIVE_T1,margin_sse,601988,True
2022-08-17,AGGREGATOR|research-node|akshare@1.18.97|stock_margin_detail_sse,2022-08-17,,2026-09-26T07:15:29.278275+00:00,2022-08-18,CONSERVATIVE_T1,margin_sse,601992,True
2022-08-17,AGGREGATOR|research-node|akshare@1.18.97|stock_margin_detail_sse,2022-08-17,,2026-09-26T07:15:29.278275+00:00,2022-08-18,CONSERVATIVE_T1,margin_sse,688116,True
2022-08-17,AGGREGATOR|research-node|akshare@1.18.97|stock_margin_detail_sse,2022-08-17,,2026-09-26T07:15:29.278275+00:00,2022-08-18,CONSERVATIVE_T1,margin_sse,688218,True
2022-08-17,AGGREGATOR|research-node|akshare@1.18.97|stock_margin_detail_sse,2022-08-17,,2026-09-26T07:15:29.278275+00:00,2022-08-18,CONSERVATIVE_T1,margin_sse,688521,True
2022-08-18,AGGREGATOR|research-node|akshare@1.18.97|stock_margin_detail_sse,2022-08-18,,2026-09-26T07:15:33.251420+00:00,2022-08-19,CONSERVATIVE_T1,margin_sse,600269,True
2022-08-18,AGGREGATOR|research-node|akshare@1.18.97|stock_margin_detail_sse,2022-08-18,,2026-09-26T07:15:33.251420+00:00,2022-08-19,CONSERVATIVE_T1,margin_sse,600377,True
2022-08-18,AGGREGATOR|research-node|akshare@1.18.97|stock_margin_detail_sse,2022-08-18,,2026-09-26T07:15:33.251420+00:00,2022-08-19,CONSERVATIVE_T1,margin_sse,600567,True
2022-08-18,AGGREGATOR|research-node|akshare@1.18.97|stock_margin_detail_sse,2022-08-18,,2026-09-26T07:15:33.251420+00:00,2022-08-19,CONSERVATIVE_T1,margin_sse,600598,True
2022-08-18,AGGREGATOR|research-node|akshare@1.18.97|stock_margin_detail_sse,2022-08-18,,2026-09-26T07:15:33.251420+00:00,2022-08-19,CONSERVATIVE_T1,margin_sse,600694,True
2022-08-18,AGGREGATOR|research-node|akshare@1.18.97|stock_margin_detail_sse,2022-08-18,,2026-09-26T07:15:33.251420+00:00,2022-08-19,CONSERVATIVE_T1,margin_sse,601298,True
2022-08-18,AGGREGATOR|research-node|akshare@1.18.97|stock_margin_detail_sse,2022-08-18,,2026-09-26T07:15:33.251420+00:00,2022-08-19,CONSERVATIVE_T1,margin_sse,601328,True
2022-08-18,AGGREGATOR|research-node|akshare@1.18.97|stock_margin_detail_sse,2022-08-18,,2026-09-26T07:15:33.251420+00:00,2022-08-19,CONSERVATIVE_T1,margin_sse,601869,True
2022-08-18,AGGREGATOR|research-node|akshare@1.18.97|stock_margin_detail_sse,2022-08-18,,2026-09-26T07:15:33.251420+00:00,2022-08-19,CONSERVATIVE_T1,margin_sse,601985,True
2022-08-18,AGGREGATOR|research-node|akshare@1.18.97|stock_margin_detail_sse,2022-08-18,,2026-09-26T07:15:33.251420+00:00,2022-08-19,CONSERVATIVE_T1,margin_sse,601988,True
2022-08-18,AGGREGATOR|research-node|akshare@1.18.97|stock_margin_detail_sse,2022-08-18,,2026-09-26T07:15:33.251420+00:00,2022-08-19,CONSERVATIVE_T1,margin_sse,601992,True
2022-08-18,AGGREGATOR|research-node|akshare@1.18.97|stock_margin_detail_sse,2022-08-18,,2026-09-26T07:15:33.251420+00:00,2022-08-19,CONSERVATIVE_T1,margin_sse,688116,True
2022-08-18,AGGREGATOR|research-node|akshare@1.18.97|stock_margin_detail_sse,2022-08-18,,2026-09-26T07:15:33.251420+00:00,2022-08-19,CONSERVATIVE_T1,margin_sse,688218,True
2022-08-18,AGGREGATOR|research-node|akshare@1.18.97|stock_margin_detail_sse,2022-08-18,,2026-09-26T07:15:33.251420+00:00,2022-08-19,CONSERVATIVE_T1,margin_sse,688521,True
2022-08-19,AGGREGATOR|research-node|akshare@1.18.97|stock_margin_detail_sse,2022-08-19,,2026-09-26T07:15:37.133625+00:00,2022-08-22,CONSERVATIVE_T1,margin_sse,600269,True
2022-08-19,AGGREGATOR|research-node|akshare@1.18.97|stock_margin_detail_sse,2022-08-19,,2026-09-26T07:15:37.133625+00:00,2022-08-22,CONSERVATIVE_T1,margin_sse,600377,True
2022-08-19,AGGREGATOR|research-node|akshare@1.18.97|stock_margin_detail_sse,2022-08-19,,2026-09-26T07:15:37.133625+00:00,2022-08-22,CONSERVATIVE_T1,margin_sse,600567,True
2022-08-19,AGGREGATOR|research-node|akshare@1.18.97|stock_margin_detail_sse,2022-08-19,,2026-09-26T07:15:37.133625+00:00,2022-08-22,CONSERVATIVE_T1,margin_sse,600598,True
2022-08-19,AGGREGATOR|research-node|akshare@1.18.97|stock_margin_detail_sse,2022-08-19,,2026-09-26T07:15:37.133625+00:00,2022-08-22,CONSERVATIVE_T1,margin_sse,600694,True
2022-08-19,AGGREGATOR|research-node|akshare@1.18.97|stock_margin_detail_sse,2022-08-19,,2026-09-26T07:15:37.133625+00:00,2022-08-22,CONSERVATIVE_T1,margin_sse,601298,True
2022-08-19,AGGREGATOR|research-node|akshare@1.18.97|stock_margin_detail_sse,2022-08-19,,2026-09-26T07:15:37.133625+00:00,2022-08-22,CONSERVATIVE_T1,margin_sse,601328,True
2022-08-19,AGGREGATOR|research-node|akshare@1.18.97|stock_margin_detail_sse,2022-08-19,,2026-09-26T07:15:37.133625+00:00,2022-08-22,CONSERVATIVE_T1,margin_sse,601869,True
2022-08-19,AGGREGATOR|research-node|akshare@1.18.97|stock_margin_detail_sse,2022-08-19,,2026-09-26T07:15:37.133625+00:00,2022-08-22,CONSERVATIVE_T1,margin_sse,601985,True
2022-08-19,AGGREGATOR|research-node|akshare@1.18.97|stock_margin_detail_sse,2022-08-19,,2026-09-26T07:15:37.133625+00:00,2022-08-22,CONSERVATIVE_T1,margin_sse,601988,True
2022-08-19,AGGREGATOR|research-node|akshare@1.18.97|stock_margin_detail_sse,2022-08-19,,2026-09-26T07:15:37.133625+00:00,2022-08-22,CONSERVATIVE_T1,margin_sse,601992,True
2022-08-19,AGGREGATOR|research-node|akshare@1.18.97|stock_margin_detail_sse,2022-08-19,,2026-09-26T07:15:37.133625+00:00,2022-08-22,CONSERVATIVE_T1,margin_sse,688116,True
2022-08-19,AGGREGATOR|research-node|akshare@1.18.97|stock_margin_detail_sse,2022-08-19,,2026-09-26T07:15:37.133625+00:00,2022-08-22,CONSERVATIVE_T1,margin_sse,688218,True
2022-08-19,AGGREGATOR|research-node|akshare@1.18.97|stock_margin_detail_sse,2022-08-19,,2026-09-26T07:15:37.133625+00:00,2022-08-22,CONSERVATIVE_T1,margin_sse,688521,True
2022-08-22,AGGREGATOR|research-node|akshare@1.18.97|stock_margin_detail_sse,2022-08-22,,2026-09-26T07:15:41.051151+00:00,2022-08-23,CONSERVATIVE_T1,margin_sse,600269,True
2022-08-22,AGGREGATOR|research-node|akshare@1.18.97|stock_margin_detail_sse,2022-08-22,,2026-09-26T07:15:41.051151+00:00,2022-08-23,CONSERVATIVE_T1,margin_sse,600377,True
2022-08-22,AGGREGATOR|research-node|akshare@1.18.97|stock_margin_detail_sse,2022-08-22,,2026-09-26T07:15:41.051151+00:00,2022-08-23,CONSERVATIVE_T1,margin_sse,600567,True
2022-08-22,AGGREGATOR|research-node|akshare@1.18.97|stock_margin_detail_sse,2022-08-22,,2026-09-26T07:15:41.051151+00:00,2022-08-23,CONSERVATIVE_T1,margin_sse,600598,True
2022-08-22,AGGREGATOR|research-node|akshare@1.18.97|stock_margin_detail_sse,2022-08-22,,2026-09-26T07:15:41.051151+00:00,2022-08-23,CONSERVATIVE_T1,margin_sse,600694,True
2022-08-22,AGGREGATOR|research-node|akshare@1.18.97|stock_margin_detail_sse,2022-08-22,,2026-09-26T07:15:41.051151+00:00,2022-08-23,CONSERVATIVE_T1,margin_sse,601298,True
2022-08-22,AGGREGATOR|research-node|akshare@1.18.97|stock_margin_detail_sse,2022-08-22,,2026-09-26T07:15:41.051151+00:00,2022-08-23,CONSERVATIVE_T1,margin_sse,601328,True
2022-08-22,AGGREGATOR|research-node|akshare@1.18.97|stock_margin_detail_sse,2022-08-22,,2026-09-26T07:15:41.051151+00:00,2022-08-23,CONSERVATIVE_T1,margin_sse,601869,True
2022-08-22,AGGREGATOR|research-node|akshare@1.18.97|stock_margin_detail_sse,2022-08-22,,2026-09-26T07:15:41.051151+00:00,2022-08-23,CONSERVATIVE_T1,margin_sse,601985,True
2022-08-22,AGGREGATOR|research-node|akshare@1.18.97|stock_margin_detail_sse,2022-08-22,,2026-09-26T07:15:41.051151+00:00,2022-08-23,CONSERVATIVE_T1,margin_sse,601988,True
2022-08-22,AGGREGATOR|research-node|akshare@1.18.97|stock_margin_detail_sse,2022-08-22,,2026-09-26T07:15:41.051151+00:00,2022-08-23,CONSERVATIVE_T1,margin_sse,601992,True
2022-08-22,AGGREGATOR|research-node|akshare@1.18.97|stock_margin_detail_sse,2022-08-22,,2026-09-26T07:15:41.051151+00:00,2022-08-23,CONSERVATIVE_T1,margin_sse,688116,True
2022-08-22,AGGREGATOR|research-node|akshare@1.18.97|stock_margin_detail_sse,2022-08-22,,2026-09-26T07:15:41.051151+00:00,2022-08-23,CONSERVATIVE_T1,margin_sse,688218,True
2022-08-22,AGGREGATOR|research-node|akshare@1.18.97|stock_margin_detail_sse,2022-08-22,,2026-09-26T07:15:41.051151+00:00,2022-08-23,CONSERVATIVE_T1,margin_sse,688521,True
2022-08-23,AGGREGATOR|research-node|akshare@1.18.97|stock_margin_detail_sse,2022-08-23,,2026-09-26T07:15:44.973242+00:00,2022-08-24,CONSERVATIVE_T1,margin_sse,600269,True
2022-08-23,AGGREGATOR|research-node|akshare@1.18.97|stock_margin_detail_sse,2022-08-23,,2026-09-26T07:15:44.973242+00:00,2022-08-24,CONSERVATIVE_T1,margin_sse,600377,True
2022-08-23,AGGREGATOR|research-node|akshare@1.18.97|stock_margin_detail_sse,2022-08-23,,2026-09-26T07:15:44.973242+00:00,2022-08-24,CONSERVATIVE_T1,margin_sse,600567,True
2022-08-23,AGGREGATOR|research-node|akshare@1.18.97|stock_margin_detail_sse,2022-08-23,,2026-09-26T07:15:44.973242+00:00,2022-08-24,CONSERVATIVE_T1,margin_sse,600598,True
2022-08-23,AGGREGATOR|research-node|akshare@1.18.97|stock_margin_detail_sse,2022-08-23,,2026-09-26T07:15:44.973242+00:00,2022-08-24,CONSERVATIVE_T1,margin_sse,600694,True
2022-08-23,AGGREGATOR|research-node|akshare@1.18.97|stock_margin_detail_sse,2022-08-23,,2026-09-26T07:15:44.973242+00:00,2022-08-24,CONSERVATIVE_T1,margin_sse,601298,True
2022-08-23,AGGREGATOR|research-node|akshare@1.18.97|stock_margin_detail_sse,2022-08-23,,2026-09-26T07:15:44.973242+00:00,2022-08-24,CONSERVATIVE_T1,margin_sse,601328,True
2022-08-23,AGGREGATOR|research-node|akshare@1.18.97|stock_margin_detail_sse,2022-08-23,,2026-09-26T07:15:44.973242+00:00,2022-08-24,CONSERVATIVE_T1,margin_sse,601869,True
2022-08-23,AGGREGATOR|research-node|akshare@1.18.97|stock_margin_detail_sse,2022-08-23,,2026-09-26T07:15:44.973242+00:00,2022-08-24,CONSERVATIVE_T1,margin_sse,601985,True
2022-08-23,AGGREGATOR|research-node|akshare@1.18.97|stock_margin_detail_sse,2022-08-23,,2026-09-26T07:15:44.973242+00:00,2022-08-24,CONSERVATIVE_T1,margin_sse,601988,True
2022-08-23,AGGREGATOR|research-node|akshare@1.18.97|stock_margin_detail_sse,2022-08-23,,2026-09-26T07:15:44.973242+00:00,2022-08-24,CONSERVATIVE_T1,margin_sse,601992,True
2022-08-23,AGGREGATOR|research-node|akshare@1.18.97|stock_margin_detail_sse,2022-08-23,,2026-09-26T07:15:44.973242+00:00,2022-08-24,CONSERVATIVE_T1,margin_sse,688116,True
2022-08-23,AGGREGATOR|research-node|akshare@1.18.97|stock_margin_detail_sse,2022-08-23,,2026-09-26T07:15:44.973242+00:00,2022-08-24,CONSERVATIVE_T1,margin_sse,688218,True
2022-08-23,AGGREGATOR|research-node|akshare@1.18.97|stock_margin_detail_sse,2022-08-23,,2026-09-26T07:15:44.973242+00:00,2022-08-24,CONSERVATIVE_T1,margin_sse,688521,True
2022-08-24,AGGREGATOR|research-node|akshare@1.18.97|stock_margin_detail_sse,2022-08-24,,2026-09-26T07:15:48.937584+00:00,2022-08-25,CONSERVATIVE_T1,margin_sse,600269,True
2022-08-24,AGGREGATOR|research-node|akshare@1.18.97|stock_margin_detail_sse,2022-08-24,,2026-09-26T07:15:48.937584+00:00,2022-08-25,CONSERVATIVE_T1,margin_sse,600377,True
2022-08-24,AGGREGATOR|research-node|akshare@1.18.97|stock_margin_detail_sse,2022-08-24,,2026-09-26T07:15:48.937584+00:00,2022-08-25,CONSERVATIVE_T1,margin_sse,600567,True
2022-08-24,AGGREGATOR|research-node|akshare@1.18.97|stock_margin_detail_sse,2022-08-24,,2026-09-26T07:15:48.937584+00:00,2022-08-25,CONSERVATIVE_T1,margin_sse,600598,True
2022-08-24,AGGREGATOR|research-node|akshare@1.18.97|stock_margin_detail_sse,2022-08-24,,2026-09-26T07:15:48.937584+00:00,2022-08-25,CONSERVATIVE_T1,margin_sse,600694,True
2022-08-24,AGGREGATOR|research-node|akshare@1.18.97|stock_margin_detail_sse,2022-08-24,,2026-09-26T07:15:48.937584+00:00,2022-08-25,CONSERVATIVE_T1,margin_sse,601298,True
2022-08-24,AGGREGATOR|research-node|akshare@1.18.97|stock_margin_detail_sse,2022-08-24,,2026-09-26T07:15:48.937584+00:00,2022-08-25,CONSERVATIVE_T1,margin_sse,601328,True
2022-08-24,AGGREGATOR|research-node|akshare@1.18.97|stock_margin_detail_sse,2022-08-24,,2026-09-26T07:15:48.937584+00:00,2022-08-25,CONSERVATIVE_T1,margin_sse,601869,True
2022-08-24,AGGREGATOR|research-node|akshare@1.18.97|stock_margin_detail_sse,2022-08-24,,2026-09-26T07:15:48.937584+00:00,2022-08-25,CONSERVATIVE_T1,margin_sse,601985,True
2022-08-24,AGGREGATOR|research-node|akshare@1.18.97|stock_margin_detail_sse,2022-08-24,,2026-09-26T07:15:48.937584+00:00,2022-08-25,CONSERVATIVE_T1,margin_sse,601988,True
2022-08-24,AGGREGATOR|research-node|akshare@1.18.97|stock_margin_detail_sse,2022-08-24,,2026-09-26T07:15:48.937584+00:00,2022-08-25,CONSERVATIVE_T1,margin_sse,601992,True
2022-08-24,AGGREGATOR|research-node|akshare@1.18.97|stock_margin_detail_sse,2022-08-24,,2026-09-26T07:15:48.937584+00:00,2022-08-25,CONSERVATIVE_T1,margin_sse,688116,True
2022-08-24,AGGREGATOR|research-node|akshare@1.18.97|stock_margin_detail_sse,2022-08-24,,2026-09-26T07:15:48.937584+00:00,2022-08-25,CONSERVATIVE_T1,margin_sse,688218,True
2022-08-24,AGGREGATOR|research-node|akshare@1.18.97|stock_margin_detail_sse,2022-08-24,,2026-09-26T07:15:48.937584+00:00,2022-08-25,CONSERVATIVE_T1,margin_sse,688521,True
2022-08-25,AGGREGATOR|research-node|akshare@1.18.97|stock_margin_detail_sse,2022-08-25,,2026-09-26T07:15:52.974548+00:00,2022-08-26,CONSERVATIVE_T1,margin_sse,600269,True
2022-08-25,AGGREGATOR|research-node|akshare@1.18.97|stock_margin_detail_sse,2022-08-25,,2026-09-26T07:15:52.974548+00:00,2022-08-26,CONSERVATIVE_T1,margin_sse,600377,True
2022-08-25,AGGREGATOR|research-node|akshare@1.18.97|stock_margin_detail_sse,2022-08-25,,2026-09-26T07:15:52.974548+00:00,2022-08-26,CONSERVATIVE_T1,margin_sse,600567,True
2022-08-25,AGGREGATOR|research-node|akshare@1.18.97|stock_margin_detail_sse,2022-08-25,,2026-09-26T07:15:52.974548+00:00,2022-08-26,CONSERVATIVE_T1,margin_sse,600598,True
2022-08-25,AGGREGATOR|research-node|akshare@1.18.97|stock_margin_detail_sse,2022-08-25,,2026-09-26T07:15:52.974548+00:00,2022-08-26,CONSERVATIVE_T1,margin_sse,600694,True
2022-08-25,AGGREGATOR|research-node|akshare@1.18.97|stock_margin_detail_sse,2022-08-25,,2026-09-26T07:15:52.974548+00:00,2022-08-26,CONSERVATIVE_T1,margin_sse,601298,True
2022-08-25,AGGREGATOR|research-node|akshare@1.18.97|stock_margin_detail_sse,2022-08-25,,2026-09-26T07:15:52.974548+00:00,2022-08-26,CONSERVATIVE_T1,margin_sse,601328,True
2022-08-25,AGGREGATOR|research-node|akshare@1.18.97|stock_margin_detail_sse,2022-08-25,,2026-09-26T07:15:52.974548+00:00,2022-08-26,CONSERVATIVE_T1,margin_sse,601869,True
2022-08-25,AGGREGATOR|research-node|akshare@1.18.97|stock_margin_detail_sse,2022-08-25,,2026-09-26T07:15:52.974548+00:00,2022-08-26,CONSERVATIVE_T1,margin_sse,601985,True
2022-08-25,AGGREGATOR|research-node|akshare@1.18.97|stock_margin_detail_sse,2022-08-25,,2026-09-26T07:15:52.974548+00:00,2022-08-26,CONSERVATIVE_T1,margin_sse,601988,True
2022-08-25,AGGREGATOR|research-node|akshare@1.18.97|stock_margin_detail_sse,2022-08-25,,2026-09-26T07:15:52.974548+00:00,2022-08-26,CONSERVATIVE_T1,margin_sse,601992,True
2022-08-25,AGGREGATOR|research-node|akshare@1.18.97|stock_margin_detail_sse,2022-08-25,,2026-09-26T07:15:52.974548+00:00,2022-08-26,CONSERVATIVE_T1,margin_sse,688116,True
2022-08-25,AGGREGATOR|research-node|akshare@1.18.97|stock_margin_detail_sse,2022-08-25,,2026-09-26T07:15:52.974548+00:00,2022-08-26,CONSERVATIVE_T1,margin_sse,688218,True
2022-08-25,AGGREGATOR|research-node|akshare@1.18.97|stock_margin_detail_sse,2022-08-25,,2026-09-26T07:15:52.974548+00:00,2022-08-26,CONSERVATIVE_T1,margin_sse,688521,True
2022-08-26,AGGREGATOR|research-node|akshare@1.18.97|stock_margin_detail_sse,2022-08-26,,2026-09-26T07:15:56.873547+00:00,2022-08-29,CONSERVATIVE_T1,margin_sse,600269,True
2022-08-26,AGGREGATOR|research-node|akshare@1.18.97|stock_margin_detail_sse,2022-08-26,,2026-09-26T07:15:56.873547+00:00,2022-08-29,CONSERVATIVE_T1,margin_sse,600377,True
2022-08-26,AGGREGATOR|research-node|akshare@1.18.97|stock_margin_detail_sse,2022-08-26,,2026-09-26T07:15:56.873547+00:00,2022-08-29,CONSERVATIVE_T1,margin_sse,600567,True
2022-08-26,AGGREGATOR|research-node|akshare@1.18.97|stock_margin_detail_sse,2022-08-26,,2026-09-26T07:15:56.873547+00:00,2022-08-29,CONSERVATIVE_T1,margin_sse,600598,True
2022-08-26,AGGREGATOR|research-node|akshare@1.18.97|stock_margin_detail_sse,2022-08-26,,2026-09-26T07:15:56.873547+00:00,2022-08-29,CONSERVATIVE_T1,margin_sse,600694,True
2022-08-26,AGGREGATOR|research-node|akshare@1.18.97|stock_margin_detail_sse,2022-08-26,,2026-09-26T07:15:56.873547+00:00,2022-08-29,CONSERVATIVE_T1,margin_sse,601298,True
2022-08-26,AGGREGATOR|research-node|akshare@1.18.97|stock_margin_detail_sse,2022-08-26,,2026-09-26T07:15:56.873547+00:00,2022-08-29,CONSERVATIVE_T1,margin_sse,601328,True
2022-08-26,AGGREGATOR|research-node|akshare@1.18.97|stock_margin_detail_sse,2022-08-26,,2026-09-26T07:15:56.873547+00:00,2022-08-29,CONSERVATIVE_T1,margin_sse,601869,True
2022-08-26,AGGREGATOR|research-node|akshare@1.18.97|stock_margin_detail_sse,2022-08-26,,2026-09-26T07:15:56.873547+00:00,2022-08-29,CONSERVATIVE_T1,margin_sse,601985,True
2022-08-26,AGGREGATOR|research-node|akshare@1.18.97|stock_margin_detail_sse,2022-08-26,,2026-09-26T07:15:56.873547+00:00,2022-08-29,CONSERVATIVE_T1,margin_sse,601988,True
2022-08-26,AGGREGATOR|research-node|akshare@1.18.97|stock_margin_detail_sse,2022-08-26,,2026-09-26T07:15:56.873547+00:00,2022-08-29,CONSERVATIVE_T1,margin_sse,601992,True
2022-08-26,AGGREGATOR|research-node|akshare@1.18.97|stock_margin_detail_sse,2022-08-26,,2026-09-26T07:15:56.873547+00:00,2022-08-29,CONSERVATIVE_T1,margin_sse,688116,True
2022-08-26,AGGREGATOR|research-node|akshare@1.18.97|stock_margin_detail_sse,2022-08-26,,2026-09-26T07:15:56.873547+00:00,2022-08-29,CONSERVATIVE_T1,margin_sse,688218,True
2022-08-26,AGGREGATOR|research-node|akshare@1.18.97|stock_margin_detail_sse,2022-08-26,,2026-09-26T07:15:56.873547+00:00,2022-08-29,CONSERVATIVE_T1,margin_sse,688521,True
2022-08-29,AGGREGATOR|research-node|akshare@1.18.97|stock_margin_detail_sse,2022-08-29,,2026-09-26T07:16:00.869091+00:00,2022-08-30,CONSERVATIVE_T1,margin_sse,600269,True
2022-08-29,AGGREGATOR|research-node|akshare@1.18.97|stock_margin_detail_sse,2022-08-29,,2026-09-26T07:16:00.869091+00:00,2022-08-30,CONSERVATIVE_T1,margin_sse,600377,True
2022-08-29,AGGREGATOR|research-node|akshare@1.18.97|stock_margin_detail_sse,2022-08-29,,2026-09-26T07:16:00.869091+00:00,2022-08-30,CONSERVATIVE_T1,margin_sse,600567,True
2022-08-29,AGGREGATOR|research-node|akshare@1.18.97|stock_margin_detail_sse,2022-08-29,,2026-09-26T07:16:00.869091+00:00,2022-08-30,CONSERVATIVE_T1,margin_sse,600598,True
2022-08-29,AGGREGATOR|research-node|akshare@1.18.97|stock_margin_detail_sse,2022-08-29,,2026-09-26T07:16:00.869091+00:00,2022-08-30,CONSERVATIVE_T1,margin_sse,600694,True
2022-08-29,AGGREGATOR|research-node|akshare@1.18.97|stock_margin_detail_sse,2022-08-29,,2026-09-26T07:16:00.869091+00:00,2022-08-30,CONSERVATIVE_T1,margin_sse,601298,True
2022-08-29,AGGREGATOR|research-node|akshare@1.18.97|stock_margin_detail_sse,2022-08-29,,2026-09-26T07:16:00.869091+00:00,2022-08-30,CONSERVATIVE_T1,margin_sse,601328,True
2022-08-29,AGGREGATOR|research-node|akshare@1.18.97|stock_margin_detail_sse,2022-08-29,,2026-09-26T07:16:00.869091+00:00,2022-08-30,CONSERVATIVE_T1,margin_sse,601869,True
2022-08-29,AGGREGATOR|research-node|akshare@1.18.97|stock_margin_detail_sse,2022-08-29,,2026-09-26T07:16:00.869091+00:00,2022-08-30,CONSERVATIVE_T1,margin_sse,601985,True
2022-08-29,AGGREGATOR|research-node|akshare@1.18.97|stock_margin_detail_sse,2022-08-29,,2026-09-26T07:16:00.869091+00:00,2022-08-30,CONSERVATIVE_T1,margin_sse,601988,True
2022-08-29,AGGREGATOR|research-node|akshare@1.18.97|stock_margin_detail_sse,2022-08-29,,2026-09-26T07:16:00.869091+00:00,2022-08-30,CONSERVATIVE_T1,margin_sse,601992,True
2022-08-29,AGGREGATOR|research-node|akshare@1.18.97|stock_margin_detail_sse,2022-08-29,,2026-09-26T07:16:00.869091+00:00,2022-08-30,CONSERVATIVE_T1,margin_sse,688116,True
2022-08-29,AGGREGATOR|research-node|akshare@1.18.97|stock_margin_detail_sse,2022-08-29,,2026-09-26T07:16:00.869091+00:00,2022-08-30,CONSERVATIVE_T1,margin_sse,688218,True
2022-08-29,AGGREGATOR|research-node|akshare@1.18.97|stock_margin_detail_sse,2022-08-29,,2026-09-26T07:16:00.869091+00:00,2022-08-30,CONSERVATIVE_T1,margin_sse,688521,True
2022-08-30,AGGREGATOR|research-node|akshare@1.18.97|stock_margin_detail_sse,2022-08-30,,2026-09-26T07:16:04.945181+00:00,2022-08-31,CONSERVATIVE_T1,margin_sse,600269,True
2022-08-30,AGGREGATOR|research-node|akshare@1.18.97|stock_margin_detail_sse,2022-08-30,,2026-09-26T07:16:04.945181+00:00,2022-08-31,CONSERVATIVE_T1,margin_sse,600377,True
2022-08-30,AGGREGATOR|research-node|akshare@1.18.97|stock_margin_detail_sse,2022-08-30,,2026-09-26T07:16:04.945181+00:00,2022-08-31,CONSERVATIVE_T1,margin_sse,600567,True
2022-08-30,AGGREGATOR|research-node|akshare@1.18.97|stock_margin_detail_sse,2022-08-30,,2026-09-26T07:16:04.945181+00:00,2022-08-31,CONSERVATIVE_T1,margin_sse,600598,True
2022-08-30,AGGREGATOR|research-node|akshare@1.18.97|stock_margin_detail_sse,2022-08-30,,2026-09-26T07:16:04.945181+00:00,2022-08-31,CONSERVATIVE_T1,margin_sse,600694,True
2022-08-30,AGGREGATOR|research-node|akshare@1.18.97|stock_margin_detail_sse,2022-08-30,,2026-09-26T07:16:04.945181+00:00,2022-08-31,CONSERVATIVE_T1,margin_sse,601298,True
2022-08-30,AGGREGATOR|research-node|akshare@1.18.97|stock_margin_detail_sse,2022-08-30,,2026-09-26T07:16:04.945181+00:00,2022-08-31,CONSERVATIVE_T1,margin_sse,601328,True
2022-08-30,AGGREGATOR|research-node|akshare@1.18.97|stock_margin_detail_sse,2022-08-30,,2026-09-26T07:16:04.945181+00:00,2022-08-31,CONSERVATIVE_T1,margin_sse,601869,True
2022-08-30,AGGREGATOR|research-node|akshare@1.18.97|stock_margin_detail_sse,2022-08-30,,2026-09-26T07:16:04.945181+00:00,2022-08-31,CONSERVATIVE_T1,margin_sse,601985,True
2022-08-30,AGGREGATOR|research-node|akshare@1.18.97|stock_margin_detail_sse,2022-08-30,,2026-09-26T07:16:04.945181+00:00,2022-08-31,CONSERVATIVE_T1,margin_sse,601988,True
2022-08-30,AGGREGATOR|research-node|akshare@1.18.97|stock_margin_detail_sse,2022-08-30,,2026-09-26T07:16:04.945181+00:00,2022-08-31,CONSERVATIVE_T1,margin_sse,601992,True
2022-08-30,AGGREGATOR|research-node|akshare@1.18.97|stock_margin_detail_sse,2022-08-30,,2026-09-26T07:16:04.945181+00:00,2022-08-31,CONSERVATIVE_T1,margin_sse,688116,True
2022-08-30,AGGREGATOR|research-node|akshare@1.18.97|stock_margin_detail_sse,2022-08-30,,2026-09-26T07:16:04.945181+00:00,2022-08-31,CONSERVATIVE_T1,margin_sse,688218,True
2022-08-30,AGGREGATOR|research-node|akshare@1.18.97|stock_margin_detail_sse,2022-08-30,,2026-09-26T07:16:04.945181+00:00,2022-08-31,CONSERVATIVE_T1,margin_sse,688521,True
2022-08-31,AGGREGATOR|research-node|akshare@1.18.97|stock_margin_detail_sse,2022-08-31,,2026-09-26T07:16:09.046441+00:00,2022-09-01,CONSERVATIVE_T1,margin_sse,600269,True
2022-08-31,AGGREGATOR|research-node|akshare@1.18.97|stock_margin_detail_sse,2022-08-31,,2026-09-26T07:16:09.046441+00:00,2022-09-01,CONSERVATIVE_T1,margin_sse,600377,True
2022-08-31,AGGREGATOR|research-node|akshare@1.18.97|stock_margin_detail_sse,2022-08-31,,2026-09-26T07:16:09.046441+00:00,2022-09-01,CONSERVATIVE_T1,margin_sse,600567,True
2022-08-31,AGGREGATOR|research-node|akshare@1.18.97|stock_margin_detail_sse,2022-08-31,,2026-09-26T07:16:09.046441+00:00,2022-09-01,CONSERVATIVE_T1,margin_sse,600598,True
2022-08-31,AGGREGATOR|research-node|akshare@1.18.97|stock_margin_detail_sse,2022-08-31,,2026-09-26T07:16:09.046441+00:00,2022-09-01,CONSERVATIVE_T1,margin_sse,600694,True
2022-08-31,AGGREGATOR|research-node|akshare@1.18.97|stock_margin_detail_sse,2022-08-31,,2026-09-26T07:16:09.046441+00:00,2022-09-01,CONSERVATIVE_T1,margin_sse,601298,True
2022-08-31,AGGREGATOR|research-node|akshare@1.18.97|stock_margin_detail_sse,2022-08-31,,2026-09-26T07:16:09.046441+00:00,2022-09-01,CONSERVATIVE_T1,margin_sse,601328,True
2022-08-31,AGGREGATOR|research-node|akshare@1.18.97|stock_margin_detail_sse,2022-08-31,,2026-09-26T07:16:09.046441+00:00,2022-09-01,CONSERVATIVE_T1,margin_sse,601869,True
2022-08-31,AGGREGATOR|research-node|akshare@1.18.97|stock_margin_detail_sse,2022-08-31,,2026-09-26T07:16:09.046441+00:00,2022-09-01,CONSERVATIVE_T1,margin_sse,601985,True
2022-08-31,AGGREGATOR|research-node|akshare@1.18.97|stock_margin_detail_sse,2022-08-31,,2026-09-26T07:16:09.046441+00:00,2022-09-01,CONSERVATIVE_T1,margin_sse,601988,True
2022-08-31,AGGREGATOR|research-node|akshare@1.18.97|stock_margin_detail_sse,2022-08-31,,2026-09-26T07:16:09.046441+00:00,2022-09-01,CONSERVATIVE_T1,margin_sse,601992,True
2022-08-31,AGGREGATOR|research-node|akshare@1.18.97|stock_margin_detail_sse,2022-08-31,,2026-09-26T07:16:09.046441+00:00,2022-09-01,CONSERVATIVE_T1,margin_sse,688116,True
2022-08-31,AGGREGATOR|research-node|akshare@1.18.97|stock_margin_detail_sse,2022-08-31,,2026-09-26T07:16:09.046441+00:00,2022-09-01,CONSERVATIVE_T1,margin_sse,688218,True
2022-08-31,AGGREGATOR|research-node|akshare@1.18.97|stock_margin_detail_sse,2022-08-31,,2026-09-26T07:16:09.046441+00:00,2022-09-01,CONSERVATIVE_T1,margin_sse,688521,True
2022-09-01,AGGREGATOR|research-node|akshare@1.18.97|stock_margin_detail_sse,2022-09-01,,2026-09-26T07:16:13.101938+00:00,2022-09-02,CONSERVATIVE_T1,margin_sse,600269,True
2022-09-01,AGGREGATOR|research-node|akshare@1.18.97|stock_margin_detail_sse,2022-09-01,,2026-09-26T07:16:13.101938+00:00,2022-09-02,CONSERVATIVE_T1,margin_sse,600377,True
2022-09-01,AGGREGATOR|research-node|akshare@1.18.97|stock_margin_detail_sse,2022-09-01,,2026-09-26T07:16:13.101938+00:00,2022-09-02,CONSERVATIVE_T1,margin_sse,600567,True
2022-09-01,AGGREGATOR|research-node|akshare@1.18.97|stock_margin_detail_sse,2022-09-01,,2026-09-26T07:16:13.101938+00:00,2022-09-02,CONSERVATIVE_T1,margin_sse,600598,True
2022-09-01,AGGREGATOR|research-node|akshare@1.18.97|stock_margin_detail_sse,2022-09-01,,2026-09-26T07:16:13.101938+00:00,2022-09-02,CONSERVATIVE_T1,margin_sse,600694,True
2022-09-01,AGGREGATOR|research-node|akshare@1.18.97|stock_margin_detail_sse,2022-09-01,,2026-09-26T07:16:13.101938+00:00,2022-09-02,CONSERVATIVE_T1,margin_sse,601298,True
2022-09-01,AGGREGATOR|research-node|akshare@1.18.97|stock_margin_detail_sse,2022-09-01,,2026-09-26T07:16:13.101938+00:00,2022-09-02,CONSERVATIVE_T1,margin_sse,601328,True
2022-09-01,AGGREGATOR|research-node|akshare@1.18.97|stock_margin_detail_sse,2022-09-01,,2026-09-26T07:16:13.101938+00:00,2022-09-02,CONSERVATIVE_T1,margin_sse,601869,True
2022-09-01,AGGREGATOR|research-node|akshare@1.18.97|stock_margin_detail_sse,2022-09-01,,2026-09-26T07:16:13.101938+00:00,2022-09-02,CONSERVATIVE_T1,margin_sse,601985,True
2022-09-01,AGGREGATOR|research-node|akshare@1.18.97|stock_margin_detail_sse,2022-09-01,,2026-09-26T07:16:13.101938+00:00,2022-09-02,CONSERVATIVE_T1,margin_sse,601988,True
2022-09-01,AGGREGATOR|research-node|akshare@1.18.97|stock_margin_detail_sse,2022-09-01,,2026-09-26T07:16:13.101938+00:00,2022-09-02,CONSERVATIVE_T1,margin_sse,601992,True
2022-09-01,AGGREGATOR|research-node|akshare@1.18.97|stock_margin_detail_sse,2022-09-01,,2026-09-26T07:16:13.101938+00:00,2022-09-02,CONSERVATIVE_T1,margin_sse,688116,True
2022-09-01,AGGREGATOR|research-node|akshare@1.18.97|stock_margin_detail_sse,2022-09-01,,2026-09-26T07:16:13.101938+00:00,2022-09-02,CONSERVATIVE_T1,margin_sse,688218,True
2022-09-01,AGGREGATOR|research-node|akshare@1.18.97|stock_margin_detail_sse,2022-09-01,,2026-09-26T07:16:13.101938+00:00,2022-09-02,CONSERVATIVE_T1,margin_sse,688521,True
2022-09-02,AGGREGATOR|research-node|akshare@1.18.97|stock_margin_detail_sse,2022-09-02,,2026-09-26T07:16:17.268631+00:00,2022-09-05,CONSERVATIVE_T1,margin_sse,600269,True
2022-09-02,AGGREGATOR|research-node|akshare@1.18.97|stock_margin_detail_sse,2022-09-02,,2026-09-26T07:16:17.268631+00:00,2022-09-05,CONSERVATIVE_T1,margin_sse,600377,True
2022-09-02,AGGREGATOR|research-node|akshare@1.18.97|stock_margin_detail_sse,2022-09-02,,2026-09-26T07:16:17.268631+00:00,2022-09-05,CONSERVATIVE_T1,margin_sse,600567,True
2022-09-02,AGGREGATOR|research-node|akshare@1.18.97|stock_margin_detail_sse,2022-09-02,,2026-09-26T07:16:17.268631+00:00,2022-09-05,CONSERVATIVE_T1,margin_sse,600598,True
2022-09-02,AGGREGATOR|research-node|akshare@1.18.97|stock_margin_detail_sse,2022-09-02,,2026-09-26T07:16:17.268631+00:00,2022-09-05,CONSERVATIVE_T1,margin_sse,600694,True
2022-09-02,AGGREGATOR|research-node|akshare@1.18.97|stock_margin_detail_sse,2022-09-02,,2026-09-26T07:16:17.268631+00:00,2022-09-05,CONSERVATIVE_T1,margin_sse,601298,True
2022-09-02,AGGREGATOR|research-node|akshare@1.18.97|stock_margin_detail_sse,2022-09-02,,2026-09-26T07:16:17.268631+00:00,2022-09-05,CONSERVATIVE_T1,margin_sse,601328,True
2022-09-02,AGGREGATOR|research-node|akshare@1.18.97|stock_margin_detail_sse,2022-09-02,,2026-09-26T07:16:17.268631+00:00,2022-09-05,CONSERVATIVE_T1,margin_sse,601869,True
2022-09-02,AGGREGATOR|research-node|akshare@1.18.97|stock_margin_detail_sse,2022-09-02,,2026-09-26T07:16:17.268631+00:00,2022-09-05,CONSERVATIVE_T1,margin_sse,601985,True
2022-09-02,AGGREGATOR|research-node|akshare@1.18.97|stock_margin_detail_sse,2022-09-02,,2026-09-26T07:16:17.268631+00:00,2022-09-05,CONSERVATIVE_T1,margin_sse,601988,True
2022-09-02,AGGREGATOR|research-node|akshare@1.18.97|stock_margin_detail_sse,2022-09-02,,2026-09-26T07:16:17.268631+00:00,2022-09-05,CONSERVATIVE_T1,margin_sse,601992,True
2022-09-02,AGGREGATOR|research-node|akshare@1.18.97|stock_margin_detail_sse,2022-09-02,,2026-09-26T07:16:17.268631+00:00,2022-09-05,CONSERVATIVE_T1,margin_sse,688116,True
2022-09-02,AGGREGATOR|research-node|akshare@1.18.97|stock_margin_detail_sse,2022-09-02,,2026-09-26T07:16:17.268631+00:00,2022-09-05,CONSERVATIVE_T1,margin_sse,688218,True
2022-09-02,AGGREGATOR|research-node|akshare@1.18.97|stock_margin_detail_sse,2022-09-02,,2026-09-26T07:16:17.268631+00:00,2022-09-05,CONSERVATIVE_T1,margin_sse,688521,True
2022-09-05,AGGREGATOR|research-node|akshare@1.18.97|stock_margin_detail_sse,2022-09-05,,2026-09-26T07:16:21.403559+00:00,2022-09-06,CONSERVATIVE_T1,margin_sse,600269,True
2022-09-05,AGGREGATOR|research-node|akshare@1.18.97|stock_margin_detail_sse,2022-09-05,,2026-09-26T07:16:21.403559+00:00,2022-09-06,CONSERVATIVE_T1,margin_sse,600377,True
2022-09-05,AGGREGATOR|research-node|akshare@1.18.97|stock_margin_detail_sse,2022-09-05,,2026-09-26T07:16:21.403559+00:00,2022-09-06,CONSERVATIVE_T1,margin_sse,600567,True
2022-09-05,AGGREGATOR|research-node|akshare@1.18.97|stock_margin_detail_sse,2022-09-05,,2026-09-26T07:16:21.403559+00:00,2022-09-06,CONSERVATIVE_T1,margin_sse,600598,True
2022-09-05,AGGREGATOR|research-node|akshare@1.18.97|stock_margin_detail_sse,2022-09-05,,2026-09-26T07:16:21.403559+00:00,2022-09-06,CONSERVATIVE_T1,margin_sse,600694,True
2022-09-05,AGGREGATOR|research-node|akshare@1.18.97|stock_margin_detail_sse,2022-09-05,,2026-09-26T07:16:21.403559+00:00,2022-09-06,CONSERVATIVE_T1,margin_sse,601298,True
2022-09-05,AGGREGATOR|research-node|akshare@1.18.97|stock_margin_detail_sse,2022-09-05,,2026-09-26T07:16:21.403559+00:00,2022-09-06,CONSERVATIVE_T1,margin_sse,601328,True
2022-09-05,AGGREGATOR|research-node|akshare@1.18.97|stock_margin_detail_sse,2022-09-05,,2026-09-26T07:16:21.403559+00:00,2022-09-06,CONSERVATIVE_T1,margin_sse,601869,True
2022-09-05,AGGREGATOR|research-node|akshare@1.18.97|stock_margin_detail_sse,2022-09-05,,2026-09-26T07:16:21.403559+00:00,2022-09-06,CONSERVATIVE_T1,margin_sse,601985,True
2022-09-05,AGGREGATOR|research-node|akshare@1.18.97|stock_margin_detail_sse,2022-09-05,,2026-09-26T07:16:21.403559+00:00,2022-09-06,CONSERVATIVE_T1,margin_sse,601988,True
2022-09-05,AGGREGATOR|research-node|akshare@1.18.97|stock_margin_detail_sse,2022-09-05,,2026-09-26T07:16:21.403559+00:00,2022-09-06,CONSERVATIVE_T1,margin_sse,601992,True
2022-09-05,AGGREGATOR|research-node|akshare@1.18.97|stock_margin_detail_sse,2022-09-05,,2026-09-26T07:16:21.403559+00:00,2022-09-06,CONSERVATIVE_T1,margin_sse,688116,True
2022-09-05,AGGREGATOR|research-node|akshare@1.18.97|stock_margin_detail_sse,2022-09-05,,2026-09-26T07:16:21.403559+00:00,2022-09-06,CONSERVATIVE_T1,margin_sse,688218,True
2022-09-05,AGGREGATOR|research-node|akshare@1.18.97|stock_margin_detail_sse,2022-09-05,,2026-09-26T07:16:21.403559+00:00,2022-09-06,CONSERVATIVE_T1,margin_sse,688521,True
2022-09-06,AGGREGATOR|research-node|akshare@1.18.97|stock_margin_detail_sse,2022-09-06,,2026-09-26T07:16:25.346022+00:00,2022-09-07,CONSERVATIVE_T1,margin_sse,600269,True
2022-09-06,AGGREGATOR|research-node|akshare@1.18.97|stock_margin_detail_sse,2022-09-06,,2026-09-26T07:16:25.346022+00:00,2022-09-07,CONSERVATIVE_T1,margin_sse,600377,True
2022-09-06,AGGREGATOR|research-node|akshare@1.18.97|stock_margin_detail_sse,2022-09-06,,2026-09-26T07:16:25.346022+00:00,2022-09-07,CONSERVATIVE_T1,margin_sse,600567,True
2022-09-06,AGGREGATOR|research-node|akshare@1.18.97|stock_margin_detail_sse,2022-09-06,,2026-09-26T07:16:25.346022+00:00,2022-09-07,CONSERVATIVE_T1,margin_sse,600598,True
2022-09-06,AGGREGATOR|research-node|akshare@1.18.97|stock_margin_detail_sse,2022-09-06,,2026-09-26T07:16:25.346022+00:00,2022-09-07,CONSERVATIVE_T1,margin_sse,600694,True
2022-09-06,AGGREGATOR|research-node|akshare@1.18.97|stock_margin_detail_sse,2022-09-06,,2026-09-26T07:16:25.346022+00:00,2022-09-07,CONSERVATIVE_T1,margin_sse,601298,True
2022-09-06,AGGREGATOR|research-node|akshare@1.18.97|stock_margin_detail_sse,2022-09-06,,2026-09-26T07:16:25.346022+00:00,2022-09-07,CONSERVATIVE_T1,margin_sse,601328,True
2022-09-06,AGGREGATOR|research-node|akshare@1.18.97|stock_margin_detail_sse,2022-09-06,,2026-09-26T07:16:25.346022+00:00,2022-09-07,CONSERVATIVE_T1,margin_sse,601869,True
2022-09-06,AGGREGATOR|research-node|akshare@1.18.97|stock_margin_detail_sse,2022-09-06,,2026-09-26T07:16:25.346022+00:00,2022-09-07,CONSERVATIVE_T1,margin_sse,601985,True
2022-09-06,AGGREGATOR|research-node|akshare@1.18.97|stock_margin_detail_sse,2022-09-06,,2026-09-26T07:16:25.346022+00:00,2022-09-07,CONSERVATIVE_T1,margin_sse,601988,True
2022-09-06,AGGREGATOR|research-node|akshare@1.18.97|stock_margin_detail_sse,2022-09-06,,2026-09-26T07:16:25.346022+00:00,2022-09-07,CONSERVATIVE_T1,margin_sse,601992,True
2022-09-06,AGGREGATOR|research-node|akshare@1.18.97|stock_margin_detail_sse,2022-09-06,,2026-09-26T07:16:25.346022+00:00,2022-09-07,CONSERVATIVE_T1,margin_sse,688116,True
2022-09-06,AGGREGATOR|research-node|akshare@1.18.97|stock_margin_detail_sse,2022-09-06,,2026-09-26T07:16:25.346022+00:00,2022-09-07,CONSERVATIVE_T1,margin_sse,688218,True
2022-09-06,AGGREGATOR|research-node|akshare@1.18.97|stock_margin_detail_sse,2022-09-06,,2026-09-26T07:16:25.346022+00:00,2022-09-07,CONSERVATIVE_T1,margin_sse,688521,True
2022-09-07,AGGREGATOR|research-node|akshare@1.18.97|stock_margin_detail_sse,2022-09-07,,2026-09-26T07:16:29.410636+00:00,2022-09-08,CONSERVATIVE_T1,margin_sse,600269,True
2022-09-07,AGGREGATOR|research-node|akshare@1.18.97|stock_margin_detail_sse,2022-09-07,,2026-09-26T07:16:29.410636+00:00,2022-09-08,CONSERVATIVE_T1,margin_sse,600377,True
2022-09-07,AGGREGATOR|research-node|akshare@1.18.97|stock_margin_detail_sse,2022-09-07,,2026-09-26T07:16:29.410636+00:00,2022-09-08,CONSERVATIVE_T1,margin_sse,600567,True
2022-09-07,AGGREGATOR|research-node|akshare@1.18.97|stock_margin_detail_sse,2022-09-07,,2026-09-26T07:16:29.410636+00:00,2022-09-08,CONSERVATIVE_T1,margin_sse,600598,True
2022-09-07,AGGREGATOR|research-node|akshare@1.18.97|stock_margin_detail_sse,2022-09-07,,2026-09-26T07:16:29.410636+00:00,2022-09-08,CONSERVATIVE_T1,margin_sse,600694,True
2022-09-07,AGGREGATOR|research-node|akshare@1.18.97|stock_margin_detail_sse,2022-09-07,,2026-09-26T07:16:29.410636+00:00,2022-09-08,CONSERVATIVE_T1,margin_sse,601298,True
2022-09-07,AGGREGATOR|research-node|akshare@1.18.97|stock_margin_detail_sse,2022-09-07,,2026-09-26T07:16:29.410636+00:00,2022-09-08,CONSERVATIVE_T1,margin_sse,601328,True
2022-09-07,AGGREGATOR|research-node|akshare@1.18.97|stock_margin_detail_sse,2022-09-07,,2026-09-26T07:16:29.410636+00:00,2022-09-08,CONSERVATIVE_T1,margin_sse,601869,True
2022-09-07,AGGREGATOR|research-node|akshare@1.18.97|stock_margin_detail_sse,2022-09-07,,2026-09-26T07:16:29.410636+00:00,2022-09-08,CONSERVATIVE_T1,margin_sse,601985,True
2022-09-07,AGGREGATOR|research-node|akshare@1.18.97|stock_margin_detail_sse,2022-09-07,,2026-09-26T07:16:29.410636+00:00,2022-09-08,CONSERVATIVE_T1,margin_sse,601988,True
2022-09-07,AGGREGATOR|research-node|akshare@1.18.97|stock_margin_detail_sse,2022-09-07,,2026-09-26T07:16:29.410636+00:00,2022-09-08,CONSERVATIVE_T1,margin_sse,601992,True
2022-09-07,AGGREGATOR|research-node|akshare@1.18.97|stock_margin_detail_sse,2022-09-07,,2026-09-26T07:16:29.410636+00:00,2022-09-08,CONSERVATIVE_T1,margin_sse,688116,True
2022-09-07,AGGREGATOR|research-node|akshare@1.18.97|stock_margin_detail_sse,2022-09-07,,2026-09-26T07:16:29.410636+00:00,2022-09-08,CONSERVATIVE_T1,margin_sse,688218,True
2022-09-07,AGGREGATOR|research-node|akshare@1.18.97|stock_margin_detail_sse,2022-09-07,,2026-09-26T07:16:29.410636+00:00,2022-09-08,CONSERVATIVE_T1,margin_sse,688521,True
2022-09-08,AGGREGATOR|research-node|akshare@1.18.97|stock_margin_detail_sse,2022-09-08,,2026-09-26T07:16:33.494082+00:00,2022-09-09,CONSERVATIVE_T1,margin_sse,600269,True
2022-09-08,AGGREGATOR|research-node|akshare@1.18.97|stock_margin_detail_sse,2022-09-08,,2026-09-26T07:16:33.494082+00:00,2022-09-09,CONSERVATIVE_T1,margin_sse,600377,True
2022-09-08,AGGREGATOR|research-node|akshare@1.18.97|stock_margin_detail_sse,2022-09-08,,2026-09-26T07:16:33.494082+00:00,2022-09-09,CONSERVATIVE_T1,margin_sse,600567,True
2022-09-08,AGGREGATOR|research-node|akshare@1.18.97|stock_margin_detail_sse,2022-09-08,,2026-09-26T07:16:33.494082+00:00,2022-09-09,CONSERVATIVE_T1,margin_sse,600598,True
2022-09-08,AGGREGATOR|research-node|akshare@1.18.97|stock_margin_detail_sse,2022-09-08,,2026-09-26T07:16:33.494082+00:00,2022-09-09,CONSERVATIVE_T1,margin_sse,600694,True
2022-09-08,AGGREGATOR|research-node|akshare@1.18.97|stock_margin_detail_sse,2022-09-08,,2026-09-26T07:16:33.494082+00:00,2022-09-09,CONSERVATIVE_T1,margin_sse,601298,True
2022-09-08,AGGREGATOR|research-node|akshare@1.18.97|stock_margin_detail_sse,2022-09-08,,2026-09-26T07:16:33.494082+00:00,2022-09-09,CONSERVATIVE_T1,margin_sse,601328,True
2022-09-08,AGGREGATOR|research-node|akshare@1.18.97|stock_margin_detail_sse,2022-09-08,,2026-09-26T07:16:33.494082+00:00,2022-09-09,CONSERVATIVE_T1,margin_sse,601869,True
2022-09-08,AGGREGATOR|research-node|akshare@1.18.97|stock_margin_detail_sse,2022-09-08,,2026-09-26T07:16:33.494082+00:00,2022-09-09,CONSERVATIVE_T1,margin_sse,601985,True
2022-09-08,AGGREGATOR|research-node|akshare@1.18.97|stock_margin_detail_sse,2022-09-08,,2026-09-26T07:16:33.494082+00:00,2022-09-09,CONSERVATIVE_T1,margin_sse,601988,True
2022-09-08,AGGREGATOR|research-node|akshare@1.18.97|stock_margin_detail_sse,2022-09-08,,2026-09-26T07:16:33.494082+00:00,2022-09-09,CONSERVATIVE_T1,margin_sse,601992,True
2022-09-08,AGGREGATOR|research-node|akshare@1.18.97|stock_margin_detail_sse,2022-09-08,,2026-09-26T07:16:33.494082+00:00,2022-09-09,CONSERVATIVE_T1,margin_sse,688116,True
2022-09-08,AGGREGATOR|research-node|akshare@1.18.97|stock_margin_detail_sse,2022-09-08,,2026-09-26T07:16:33.494082+00:00,2022-09-09,CONSERVATIVE_T1,margin_sse,688218,True
2022-09-08,AGGREGATOR|research-node|akshare@1.18.97|stock_margin_detail_sse,2022-09-08,,2026-09-26T07:16:33.494082+00:00,2022-09-09,CONSERVATIVE_T1,margin_sse,688521,True
2022-09-09,AGGREGATOR|research-node|akshare@1.18.97|stock_margin_detail_sse,2022-09-09,,2026-09-26T07:16:37.419952+00:00,2022-09-13,CONSERVATIVE_T1,margin_sse,600269,True
2022-09-09,AGGREGATOR|research-node|akshare@1.18.97|stock_margin_detail_sse,2022-09-09,,2026-09-26T07:16:37.419952+00:00,2022-09-13,CONSERVATIVE_T1,margin_sse,600377,True
2022-09-09,AGGREGATOR|research-node|akshare@1.18.97|stock_margin_detail_sse,2022-09-09,,2026-09-26T07:16:37.419952+00:00,2022-09-13,CONSERVATIVE_T1,margin_sse,600567,True
2022-09-09,AGGREGATOR|research-node|akshare@1.18.97|stock_margin_detail_sse,2022-09-09,,2026-09-26T07:16:37.419952+00:00,2022-09-13,CONSERVATIVE_T1,margin_sse,600598,True
2022-09-09,AGGREGATOR|research-node|akshare@1.18.97|stock_margin_detail_sse,2022-09-09,,2026-09-26T07:16:37.419952+00:00,2022-09-13,CONSERVATIVE_T1,margin_sse,600694,True
2022-09-09,AGGREGATOR|research-node|akshare@1.18.97|stock_margin_detail_sse,2022-09-09,,2026-09-26T07:16:37.419952+00:00,2022-09-13,CONSERVATIVE_T1,margin_sse,601298,True
2022-09-09,AGGREGATOR|research-node|akshare@1.18.97|stock_margin_detail_sse,2022-09-09,,2026-09-26T07:16:37.419952+00:00,2022-09-13,CONSERVATIVE_T1,margin_sse,601328,True
2022-09-09,AGGREGATOR|research-node|akshare@1.18.97|stock_margin_detail_sse,2022-09-09,,2026-09-26T07:16:37.419952+00:00,2022-09-13,CONSERVATIVE_T1,margin_sse,601869,True
2022-09-09,AGGREGATOR|research-node|akshare@1.18.97|stock_margin_detail_sse,2022-09-09,,2026-09-26T07:16:37.419952+00:00,2022-09-13,CONSERVATIVE_T1,margin_sse,601985,True
2022-09-09,AGGREGATOR|research-node|akshare@1.18.97|stock_margin_detail_sse,2022-09-09,,2026-09-26T07:16:37.419952+00:00,2022-09-13,CONSERVATIVE_T1,margin_sse,601988,True
2022-09-09,AGGREGATOR|research-node|akshare@1.18.97|stock_margin_detail_sse,2022-09-09,,2026-09-26T07:16:37.419952+00:00,2022-09-13,CONSERVATIVE_T1,margin_sse,601992,True
2022-09-09,AGGREGATOR|research-node|akshare@1.18.97|stock_margin_detail_sse,2022-09-09,,2026-09-26T07:16:37.419952+00:00,2022-09-13,CONSERVATIVE_T1,margin_sse,688116,True
2022-09-09,AGGREGATOR|research-node|akshare@1.18.97|stock_margin_detail_sse,2022-09-09,,2026-09-26T07:16:37.419952+00:00,2022-09-13,CONSERVATIVE_T1,margin_sse,688218,True
2022-09-09,AGGREGATOR|research-node|akshare@1.18.97|stock_margin_detail_sse,2022-09-09,,2026-09-26T07:16:37.419952+00:00,2022-09-13,CONSERVATIVE_T1,margin_sse,688521,True
2022-09-13,AGGREGATOR|research-node|akshare@1.18.97|stock_margin_detail_sse,2022-09-13,,2026-09-26T07:16:41.347487+00:00,2022-09-14,CONSERVATIVE_T1,margin_sse,600269,True
2022-09-13,AGGREGATOR|research-node|akshare@1.18.97|stock_margin_detail_sse,2022-09-13,,2026-09-26T07:16:41.347487+00:00,2022-09-14,CONSERVATIVE_T1,margin_sse,600377,True
2022-09-13,AGGREGATOR|research-node|akshare@1.18.97|stock_margin_detail_sse,2022-09-13,,2026-09-26T07:16:41.347487+00:00,2022-09-14,CONSERVATIVE_T1,margin_sse,600567,True
2022-09-13,AGGREGATOR|research-node|akshare@1.18.97|stock_margin_detail_sse,2022-09-13,,2026-09-26T07:16:41.347487+00:00,2022-09-14,CONSERVATIVE_T1,margin_sse,600598,True
2022-09-13,AGGREGATOR|research-node|akshare@1.18.97|stock_margin_detail_sse,2022-09-13,,2026-09-26T07:16:41.347487+00:00,2022-09-14,CONSERVATIVE_T1,margin_sse,600694,True
2022-09-13,AGGREGATOR|research-node|akshare@1.18.97|stock_margin_detail_sse,2022-09-13,,2026-09-26T07:16:41.347487+00:00,2022-09-14,CONSERVATIVE_T1,margin_sse,601298,True
2022-09-13,AGGREGATOR|research-node|akshare@1.18.97|stock_margin_detail_sse,2022-09-13,,2026-09-26T07:16:41.347487+00:00,2022-09-14,CONSERVATIVE_T1,margin_sse,601328,True
2022-09-13,AGGREGATOR|research-node|akshare@1.18.97|stock_margin_detail_sse,2022-09-13,,2026-09-26T07:16:41.347487+00:00,2022-09-14,CONSERVATIVE_T1,margin_sse,601869,True
2022-09-13,AGGREGATOR|research-node|akshare@1.18.97|stock_margin_detail_sse,2022-09-13,,2026-09-26T07:16:41.347487+00:00,2022-09-14,CONSERVATIVE_T1,margin_sse,601985,True
2022-09-13,AGGREGATOR|research-node|akshare@1.18.97|stock_margin_detail_sse,2022-09-13,,2026-09-26T07:16:41.347487+00:00,2022-09-14,CONSERVATIVE_T1,margin_sse,601988,True
2022-09-13,AGGREGATOR|research-node|akshare@1.18.97|stock_margin_detail_sse,2022-09-13,,2026-09-26T07:16:41.347487+00:00,2022-09-14,CONSERVATIVE_T1,margin_sse,601992,True
2022-09-13,AGGREGATOR|research-node|akshare@1.18.97|stock_margin_detail_sse,2022-09-13,,2026-09-26T07:16:41.347487+00:00,2022-09-14,CONSERVATIVE_T1,margin_sse,688116,True
2022-09-13,AGGREGATOR|research-node|akshare@1.18.97|stock_margin_detail_sse,2022-09-13,,2026-09-26T07:16:41.347487+00:00,2022-09-14,CONSERVATIVE_T1,margin_sse,688218,True
2022-09-13,AGGREGATOR|research-node|akshare@1.18.97|stock_margin_detail_sse,2022-09-13,,2026-09-26T07:16:41.347487+00:00,2022-09-14,CONSERVATIVE_T1,margin_sse,688521,True
2022-09-14,AGGREGATOR|research-node|akshare@1.18.97|stock_margin_detail_sse,2022-09-14,,2026-09-26T07:16:45.382847+00:00,2022-09-15,CONSERVATIVE_T1,margin_sse,600269,True
2022-09-14,AGGREGATOR|research-node|akshare@1.18.97|stock_margin_detail_sse,2022-09-14,,2026-09-26T07:16:45.382847+00:00,2022-09-15,CONSERVATIVE_T1,margin_sse,600377,True
2022-09-14,AGGREGATOR|research-node|akshare@1.18.97|stock_margin_detail_sse,2022-09-14,,2026-09-26T07:16:45.382847+00:00,2022-09-15,CONSERVATIVE_T1,margin_sse,600567,True
2022-09-14,AGGREGATOR|research-node|akshare@1.18.97|stock_margin_detail_sse,2022-09-14,,2026-09-26T07:16:45.382847+00:00,2022-09-15,CONSERVATIVE_T1,margin_sse,600598,True
2022-09-14,AGGREGATOR|research-node|akshare@1.18.97|stock_margin_detail_sse,2022-09-14,,2026-09-26T07:16:45.382847+00:00,2022-09-15,CONSERVATIVE_T1,margin_sse,600694,True
2022-09-14,AGGREGATOR|research-node|akshare@1.18.97|stock_margin_detail_sse,2022-09-14,,2026-09-26T07:16:45.382847+00:00,2022-09-15,CONSERVATIVE_T1,margin_sse,601298,True
2022-09-14,AGGREGATOR|research-node|akshare@1.18.97|stock_margin_detail_sse,2022-09-14,,2026-09-26T07:16:45.382847+00:00,2022-09-15,CONSERVATIVE_T1,margin_sse,601328,True
2022-09-14,AGGREGATOR|research-node|akshare@1.18.97|stock_margin_detail_sse,2022-09-14,,2026-09-26T07:16:45.382847+00:00,2022-09-15,CONSERVATIVE_T1,margin_sse,601869,True
2022-09-14,AGGREGATOR|research-node|akshare@1.18.97|stock_margin_detail_sse,2022-09-14,,2026-09-26T07:16:45.382847+00:00,2022-09-15,CONSERVATIVE_T1,margin_sse,601985,True
2022-09-14,AGGREGATOR|research-node|akshare@1.18.97|stock_margin_detail_sse,2022-09-14,,2026-09-26T07:16:45.382847+00:00,2022-09-15,CONSERVATIVE_T1,margin_sse,601988,True
2022-09-14,AGGREGATOR|research-node|akshare@1.18.97|stock_margin_detail_sse,2022-09-14,,2026-09-26T07:16:45.382847+00:00,2022-09-15,CONSERVATIVE_T1,margin_sse,601992,True
2022-09-14,AGGREGATOR|research-node|akshare@1.18.97|stock_margin_detail_sse,2022-09-14,,2026-09-26T07:16:45.382847+00:00,2022-09-15,CONSERVATIVE_T1,margin_sse,688116,True
2022-09-14,AGGREGATOR|research-node|akshare@1.18.97|stock_margin_detail_sse,2022-09-14,,2026-09-26T07:16:45.382847+00:00,2022-09-15,CONSERVATIVE_T1,margin_sse,688218,True
2022-09-14,AGGREGATOR|research-node|akshare@1.18.97|stock_margin_detail_sse,2022-09-14,,2026-09-26T07:16:45.382847+00:00,2022-09-15,CONSERVATIVE_T1,margin_sse,688521,True
2022-09-15,AGGREGATOR|research-node|akshare@1.18.97|stock_margin_detail_sse,2022-09-15,,2026-09-26T07:16:49.458547+00:00,2022-09-16,CONSERVATIVE_T1,margin_sse,600269,True
2022-09-15,AGGREGATOR|research-node|akshare@1.18.97|stock_margin_detail_sse,2022-09-15,,2026-09-26T07:16:49.458547+00:00,2022-09-16,CONSERVATIVE_T1,margin_sse,600377,True
2022-09-15,AGGREGATOR|research-node|akshare@1.18.97|stock_margin_detail_sse,2022-09-15,,2026-09-26T07:16:49.458547+00:00,2022-09-16,CONSERVATIVE_T1,margin_sse,600567,True
2022-09-15,AGGREGATOR|research-node|akshare@1.18.97|stock_margin_detail_sse,2022-09-15,,2026-09-26T07:16:49.458547+00:00,2022-09-16,CONSERVATIVE_T1,margin_sse,600598,True
2022-09-15,AGGREGATOR|research-node|akshare@1.18.97|stock_margin_detail_sse,2022-09-15,,2026-09-26T07:16:49.458547+00:00,2022-09-16,CONSERVATIVE_T1,margin_sse,600694,True
2022-09-15,AGGREGATOR|research-node|akshare@1.18.97|stock_margin_detail_sse,2022-09-15,,2026-09-26T07:16:49.458547+00:00,2022-09-16,CONSERVATIVE_T1,margin_sse,601298,True
2022-09-15,AGGREGATOR|research-node|akshare@1.18.97|stock_margin_detail_sse,2022-09-15,,2026-09-26T07:16:49.458547+00:00,2022-09-16,CONSERVATIVE_T1,margin_sse,601328,True
2022-09-15,AGGREGATOR|research-node|akshare@1.18.97|stock_margin_detail_sse,2022-09-15,,2026-09-26T07:16:49.458547+00:00,2022-09-16,CONSERVATIVE_T1,margin_sse,601869,True
2022-09-15,AGGREGATOR|research-node|akshare@1.18.97|stock_margin_detail_sse,2022-09-15,,2026-09-26T07:16:49.458547+00:00,2022-09-16,CONSERVATIVE_T1,margin_sse,601985,True
2022-09-15,AGGREGATOR|research-node|akshare@1.18.97|stock_margin_detail_sse,2022-09-15,,2026-09-26T07:16:49.458547+00:00,2022-09-16,CONSERVATIVE_T1,margin_sse,601988,True
2022-09-15,AGGREGATOR|research-node|akshare@1.18.97|stock_margin_detail_sse,2022-09-15,,2026-09-26T07:16:49.458547+00:00,2022-09-16,CONSERVATIVE_T1,margin_sse,601992,True
2022-09-15,AGGREGATOR|research-node|akshare@1.18.97|stock_margin_detail_sse,2022-09-15,,2026-09-26T07:16:49.458547+00:00,2022-09-16,CONSERVATIVE_T1,margin_sse,688116,True
2022-09-15,AGGREGATOR|research-node|akshare@1.18.97|stock_margin_detail_sse,2022-09-15,,2026-09-26T07:16:49.458547+00:00,2022-09-16,CONSERVATIVE_T1,margin_sse,688218,True
2022-09-15,AGGREGATOR|research-node|akshare@1.18.97|stock_margin_detail_sse,2022-09-15,,2026-09-26T07:16:49.458547+00:00,2022-09-16,CONSERVATIVE_T1,margin_sse,688521,True
2022-09-16,AGGREGATOR|research-node|akshare@1.18.97|stock_margin_detail_sse,2022-09-16,,2026-09-26T07:16:53.571776+00:00,2022-09-19,CONSERVATIVE_T1,margin_sse,600269,True
2022-09-16,AGGREGATOR|research-node|akshare@1.18.97|stock_margin_detail_sse,2022-09-16,,2026-09-26T07:16:53.571776+00:00,2022-09-19,CONSERVATIVE_T1,margin_sse,600377,True
2022-09-16,AGGREGATOR|research-node|akshare@1.18.97|stock_margin_detail_sse,2022-09-16,,2026-09-26T07:16:53.571776+00:00,2022-09-19,CONSERVATIVE_T1,margin_sse,600567,True
2022-09-16,AGGREGATOR|research-node|akshare@1.18.97|stock_margin_detail_sse,2022-09-16,,2026-09-26T07:16:53.571776+00:00,2022-09-19,CONSERVATIVE_T1,margin_sse,600598,True
2022-09-16,AGGREGATOR|research-node|akshare@1.18.97|stock_margin_detail_sse,2022-09-16,,2026-09-26T07:16:53.571776+00:00,2022-09-19,CONSERVATIVE_T1,margin_sse,600694,True
2022-09-16,AGGREGATOR|research-node|akshare@1.18.97|stock_margin_detail_sse,2022-09-16,,2026-09-26T07:16:53.571776+00:00,2022-09-19,CONSERVATIVE_T1,margin_sse,601298,True
2022-09-16,AGGREGATOR|research-node|akshare@1.18.97|stock_margin_detail_sse,2022-09-16,,2026-09-26T07:16:53.571776+00:00,2022-09-19,CONSERVATIVE_T1,margin_sse,601328,True
2022-09-16,AGGREGATOR|research-node|akshare@1.18.97|stock_margin_detail_sse,2022-09-16,,2026-09-26T07:16:53.571776+00:00,2022-09-19,CONSERVATIVE_T1,margin_sse,601869,True
2022-09-16,AGGREGATOR|research-node|akshare@1.18.97|stock_margin_detail_sse,2022-09-16,,2026-09-26T07:16:53.571776+00:00,2022-09-19,CONSERVATIVE_T1,margin_sse,601985,True
2022-09-16,AGGREGATOR|research-node|akshare@1.18.97|stock_margin_detail_sse,2022-09-16,,2026-09-26T07:16:53.571776+00:00,2022-09-19,CONSERVATIVE_T1,margin_sse,601988,True
2022-09-16,AGGREGATOR|research-node|akshare@1.18.97|stock_margin_detail_sse,2022-09-16,,2026-09-26T07:16:53.571776+00:00,2022-09-19,CONSERVATIVE_T1,margin_sse,601992,True
2022-09-16,AGGREGATOR|research-node|akshare@1.18.97|stock_margin_detail_sse,2022-09-16,,2026-09-26T07:16:53.571776+00:00,2022-09-19,CONSERVATIVE_T1,margin_sse,688116,True
2022-09-16,AGGREGATOR|research-node|akshare@1.18.97|stock_margin_detail_sse,2022-09-16,,2026-09-26T07:16:53.571776+00:00,2022-09-19,CONSERVATIVE_T1,margin_sse,688218,True
2022-09-16,AGGREGATOR|research-node|akshare@1.18.97|stock_margin_detail_sse,2022-09-16,,2026-09-26T07:16:53.571776+00:00,2022-09-19,CONSERVATIVE_T1,margin_sse,688521,True
2022-09-19,AGGREGATOR|research-node|akshare@1.18.97|stock_margin_detail_sse,2022-09-19,,2026-09-26T07:16:57.613099+00:00,2022-09-20,CONSERVATIVE_T1,margin_sse,600269,True
2022-09-19,AGGREGATOR|research-node|akshare@1.18.97|stock_margin_detail_sse,2022-09-19,,2026-09-26T07:16:57.613099+00:00,2022-09-20,CONSERVATIVE_T1,margin_sse,600377,True
2022-09-19,AGGREGATOR|research-node|akshare@1.18.97|stock_margin_detail_sse,2022-09-19,,2026-09-26T07:16:57.613099+00:00,2022-09-20,CONSERVATIVE_T1,margin_sse,600567,True
2022-09-19,AGGREGATOR|research-node|akshare@1.18.97|stock_margin_detail_sse,2022-09-19,,2026-09-26T07:16:57.613099+00:00,2022-09-20,CONSERVATIVE_T1,margin_sse,600598,True
2022-09-19,AGGREGATOR|research-node|akshare@1.18.97|stock_margin_detail_sse,2022-09-19,,2026-09-26T07:16:57.613099+00:00,2022-09-20,CONSERVATIVE_T1,margin_sse,600694,True
2022-09-19,AGGREGATOR|research-node|akshare@1.18.97|stock_margin_detail_sse,2022-09-19,,2026-09-26T07:16:57.613099+00:00,2022-09-20,CONSERVATIVE_T1,margin_sse,601298,True
2022-09-19,AGGREGATOR|research-node|akshare@1.18.97|stock_margin_detail_sse,2022-09-19,,2026-09-26T07:16:57.613099+00:00,2022-09-20,CONSERVATIVE_T1,margin_sse,601328,True
2022-09-19,AGGREGATOR|research-node|akshare@1.18.97|stock_margin_detail_sse,2022-09-19,,2026-09-26T07:16:57.613099+00:00,2022-09-20,CONSERVATIVE_T1,margin_sse,601869,True
2022-09-19,AGGREGATOR|research-node|akshare@1.18.97|stock_margin_detail_sse,2022-09-19,,2026-09-26T07:16:57.613099+00:00,2022-09-20,CONSERVATIVE_T1,margin_sse,601985,True
2022-09-19,AGGREGATOR|research-node|akshare@1.18.97|stock_margin_detail_sse,2022-09-19,,2026-09-26T07:16:57.613099+00:00,2022-09-20,CONSERVATIVE_T1,margin_sse,601988,True
2022-09-19,AGGREGATOR|research-node|akshare@1.18.97|stock_margin_detail_sse,2022-09-19,,2026-09-26T07:16:57.613099+00:00,2022-09-20,CONSERVATIVE_T1,margin_sse,601992,True
2022-09-19,AGGREGATOR|research-node|akshare@1.18.97|stock_margin_detail_sse,2022-09-19,,2026-09-26T07:16:57.613099+00:00,2022-09-20,CONSERVATIVE_T1,margin_sse,688116,True
2022-09-19,AGGREGATOR|research-node|akshare@1.18.97|stock_margin_detail_sse,2022-09-19,,2026-09-26T07:16:57.613099+00:00,2022-09-20,CONSERVATIVE_T1,margin_sse,688218,True
2022-09-19,AGGREGATOR|research-node|akshare@1.18.97|stock_margin_detail_sse,2022-09-19,,2026-09-26T07:16:57.613099+00:00,2022-09-20,CONSERVATIVE_T1,margin_sse,688521,True
2022-09-20,AGGREGATOR|research-node|akshare@1.18.97|stock_margin_detail_sse,2022-09-20,,2026-09-26T07:17:01.715969+00:00,2022-09-21,CONSERVATIVE_T1,margin_sse,600269,True
2022-09-20,AGGREGATOR|research-node|akshare@1.18.97|stock_margin_detail_sse,2022-09-20,,2026-09-26T07:17:01.715969+00:00,2022-09-21,CONSERVATIVE_T1,margin_sse,600377,True
2022-09-20,AGGREGATOR|research-node|akshare@1.18.97|stock_margin_detail_sse,2022-09-20,,2026-09-26T07:17:01.715969+00:00,2022-09-21,CONSERVATIVE_T1,margin_sse,600567,True
2022-09-20,AGGREGATOR|research-node|akshare@1.18.97|stock_margin_detail_sse,2022-09-20,,2026-09-26T07:17:01.715969+00:00,2022-09-21,CONSERVATIVE_T1,margin_sse,600598,True
2022-09-20,AGGREGATOR|research-node|akshare@1.18.97|stock_margin_detail_sse,2022-09-20,,2026-09-26T07:17:01.715969+00:00,2022-09-21,CONSERVATIVE_T1,margin_sse,600694,True
2022-09-20,AGGREGATOR|research-node|akshare@1.18.97|stock_margin_detail_sse,2022-09-20,,2026-09-26T07:17:01.715969+00:00,2022-09-21,CONSERVATIVE_T1,margin_sse,601298,True
2022-09-20,AGGREGATOR|research-node|akshare@1.18.97|stock_margin_detail_sse,2022-09-20,,2026-09-26T07:17:01.715969+00:00,2022-09-21,CONSERVATIVE_T1,margin_sse,601328,True
2022-09-20,AGGREGATOR|research-node|akshare@1.18.97|stock_margin_detail_sse,2022-09-20,,2026-09-26T07:17:01.715969+00:00,2022-09-21,CONSERVATIVE_T1,margin_sse,601869,True
2022-09-20,AGGREGATOR|research-node|akshare@1.18.97|stock_margin_detail_sse,2022-09-20,,2026-09-26T07:17:01.715969+00:00,2022-09-21,CONSERVATIVE_T1,margin_sse,601985,True
2022-09-20,AGGREGATOR|research-node|akshare@1.18.97|stock_margin_detail_sse,2022-09-20,,2026-09-26T07:17:01.715969+00:00,2022-09-21,CONSERVATIVE_T1,margin_sse,601988,True
2022-09-20,AGGREGATOR|research-node|akshare@1.18.97|stock_margin_detail_sse,2022-09-20,,2026-09-26T07:17:01.715969+00:00,2022-09-21,CONSERVATIVE_T1,margin_sse,601992,True
2022-09-20,AGGREGATOR|research-node|akshare@1.18.97|stock_margin_detail_sse,2022-09-20,,2026-09-26T07:17:01.715969+00:00,2022-09-21,CONSERVATIVE_T1,margin_sse,688116,True
2022-09-20,AGGREGATOR|research-node|akshare@1.18.97|stock_margin_detail_sse,2022-09-20,,2026-09-26T07:17:01.715969+00:00,2022-09-21,CONSERVATIVE_T1,margin_sse,688218,True
2022-09-20,AGGREGATOR|research-node|akshare@1.18.97|stock_margin_detail_sse,2022-09-20,,2026-09-26T07:17:01.715969+00:00,2022-09-21,CONSERVATIVE_T1,margin_sse,688521,True
2022-09-21,AGGREGATOR|research-node|akshare@1.18.97|stock_margin_detail_sse,2022-09-21,,2026-09-26T07:17:05.820192+00:00,2022-09-22,CONSERVATIVE_T1,margin_sse,600269,True
2022-09-21,AGGREGATOR|research-node|akshare@1.18.97|stock_margin_detail_sse,2022-09-21,,2026-09-26T07:17:05.820192+00:00,2022-09-22,CONSERVATIVE_T1,margin_sse,600377,True
2022-09-21,AGGREGATOR|research-node|akshare@1.18.97|stock_margin_detail_sse,2022-09-21,,2026-09-26T07:17:05.820192+00:00,2022-09-22,CONSERVATIVE_T1,margin_sse,600567,True
2022-09-21,AGGREGATOR|research-node|akshare@1.18.97|stock_margin_detail_sse,2022-09-21,,2026-09-26T07:17:05.820192+00:00,2022-09-22,CONSERVATIVE_T1,margin_sse,600598,True
2022-09-21,AGGREGATOR|research-node|akshare@1.18.97|stock_margin_detail_sse,2022-09-21,,2026-09-26T07:17:05.820192+00:00,2022-09-22,CONSERVATIVE_T1,margin_sse,600694,True
2022-09-21,AGGREGATOR|research-node|akshare@1.18.97|stock_margin_detail_sse,2022-09-21,,2026-09-26T07:17:05.820192+00:00,2022-09-22,CONSERVATIVE_T1,margin_sse,601298,True
2022-09-21,AGGREGATOR|research-node|akshare@1.18.97|stock_margin_detail_sse,2022-09-21,,2026-09-26T07:17:05.820192+00:00,2022-09-22,CONSERVATIVE_T1,margin_sse,601328,True
2022-09-21,AGGREGATOR|research-node|akshare@1.18.97|stock_margin_detail_sse,2022-09-21,,2026-09-26T07:17:05.820192+00:00,2022-09-22,CONSERVATIVE_T1,margin_sse,601869,True
2022-09-21,AGGREGATOR|research-node|akshare@1.18.97|stock_margin_detail_sse,2022-09-21,,2026-09-26T07:17:05.820192+00:00,2022-09-22,CONSERVATIVE_T1,margin_sse,601985,True
2022-09-21,AGGREGATOR|research-node|akshare@1.18.97|stock_margin_detail_sse,2022-09-21,,2026-09-26T07:17:05.820192+00:00,2022-09-22,CONSERVATIVE_T1,margin_sse,601988,True
2022-09-21,AGGREGATOR|research-node|akshare@1.18.97|stock_margin_detail_sse,2022-09-21,,2026-09-26T07:17:05.820192+00:00,2022-09-22,CONSERVATIVE_T1,margin_sse,601992,True
2022-09-21,AGGREGATOR|research-node|akshare@1.18.97|stock_margin_detail_sse,2022-09-21,,2026-09-26T07:17:05.820192+00:00,2022-09-22,CONSERVATIVE_T1,margin_sse,688116,True
2022-09-21,AGGREGATOR|research-node|akshare@1.18.97|stock_margin_detail_sse,2022-09-21,,2026-09-26T07:17:05.820192+00:00,2022-09-22,CONSERVATIVE_T1,margin_sse,688218,True
2022-09-21,AGGREGATOR|research-node|akshare@1.18.97|stock_margin_detail_sse,2022-09-21,,2026-09-26T07:17:05.820192+00:00,2022-09-22,CONSERVATIVE_T1,margin_sse,688521,True
2022-09-22,AGGREGATOR|research-node|akshare@1.18.97|stock_margin_detail_sse,2022-09-22,,2026-09-26T07:17:09.948169+00:00,2022-09-23,CONSERVATIVE_T1,margin_sse,600269,True
2022-09-22,AGGREGATOR|research-node|akshare@1.18.97|stock_margin_detail_sse,2022-09-22,,2026-09-26T07:17:09.948169+00:00,2022-09-23,CONSERVATIVE_T1,margin_sse,600377,True
2022-09-22,AGGREGATOR|research-node|akshare@1.18.97|stock_margin_detail_sse,2022-09-22,,2026-09-26T07:17:09.948169+00:00,2022-09-23,CONSERVATIVE_T1,margin_sse,600567,True
2022-09-22,AGGREGATOR|research-node|akshare@1.18.97|stock_margin_detail_sse,2022-09-22,,2026-09-26T07:17:09.948169+00:00,2022-09-23,CONSERVATIVE_T1,margin_sse,600598,True
2022-09-22,AGGREGATOR|research-node|akshare@1.18.97|stock_margin_detail_sse,2022-09-22,,2026-09-26T07:17:09.948169+00:00,2022-09-23,CONSERVATIVE_T1,margin_sse,600694,True
2022-09-22,AGGREGATOR|research-node|akshare@1.18.97|stock_margin_detail_sse,2022-09-22,,2026-09-26T07:17:09.948169+00:00,2022-09-23,CONSERVATIVE_T1,margin_sse,601298,True
2022-09-22,AGGREGATOR|research-node|akshare@1.18.97|stock_margin_detail_sse,2022-09-22,,2026-09-26T07:17:09.948169+00:00,2022-09-23,CONSERVATIVE_T1,margin_sse,601328,True
2022-09-22,AGGREGATOR|research-node|akshare@1.18.97|stock_margin_detail_sse,2022-09-22,,2026-09-26T07:17:09.948169+00:00,2022-09-23,CONSERVATIVE_T1,margin_sse,601869,True
2022-09-22,AGGREGATOR|research-node|akshare@1.18.97|stock_margin_detail_sse,2022-09-22,,2026-09-26T07:17:09.948169+00:00,2022-09-23,CONSERVATIVE_T1,margin_sse,601985,True
2022-09-22,AGGREGATOR|research-node|akshare@1.18.97|stock_margin_detail_sse,2022-09-22,,2026-09-26T07:17:09.948169+00:00,2022-09-23,CONSERVATIVE_T1,margin_sse,601988,True
2022-09-22,AGGREGATOR|research-node|akshare@1.18.97|stock_margin_detail_sse,2022-09-22,,2026-09-26T07:17:09.948169+00:00,2022-09-23,CONSERVATIVE_T1,margin_sse,601992,True
2022-09-22,AGGREGATOR|research-node|akshare@1.18.97|stock_margin_detail_sse,2022-09-22,,2026-09-26T07:17:09.948169+00:00,2022-09-23,CONSERVATIVE_T1,margin_sse,688116,True
2022-09-22,AGGREGATOR|research-node|akshare@1.18.97|stock_margin_detail_sse,2022-09-22,,2026-09-26T07:17:09.948169+00:00,2022-09-23,CONSERVATIVE_T1,margin_sse,688218,True
2022-09-22,AGGREGATOR|research-node|akshare@1.18.97|stock_margin_detail_sse,2022-09-22,,2026-09-26T07:17:09.948169+00:00,2022-09-23,CONSERVATIVE_T1,margin_sse,688521,True
2022-09-23,AGGREGATOR|research-node|akshare@1.18.97|stock_margin_detail_sse,2022-09-23,,2026-09-26T07:17:14.049180+00:00,2022-09-26,CONSERVATIVE_T1,margin_sse,600269,True
2022-09-23,AGGREGATOR|research-node|akshare@1.18.97|stock_margin_detail_sse,2022-09-23,,2026-09-26T07:17:14.049180+00:00,2022-09-26,CONSERVATIVE_T1,margin_sse,600377,True
2022-09-23,AGGREGATOR|research-node|akshare@1.18.97|stock_margin_detail_sse,2022-09-23,,2026-09-26T07:17:14.049180+00:00,2022-09-26,CONSERVATIVE_T1,margin_sse,600567,True
2022-09-23,AGGREGATOR|research-node|akshare@1.18.97|stock_margin_detail_sse,2022-09-23,,2026-09-26T07:17:14.049180+00:00,2022-09-26,CONSERVATIVE_T1,margin_sse,600598,True
2022-09-23,AGGREGATOR|research-node|akshare@1.18.97|stock_margin_detail_sse,2022-09-23,,2026-09-26T07:17:14.049180+00:00,2022-09-26,CONSERVATIVE_T1,margin_sse,600694,True
2022-09-23,AGGREGATOR|research-node|akshare@1.18.97|stock_margin_detail_sse,2022-09-23,,2026-09-26T07:17:14.049180+00:00,2022-09-26,CONSERVATIVE_T1,margin_sse,601298,True
2022-09-23,AGGREGATOR|research-node|akshare@1.18.97|stock_margin_detail_sse,2022-09-23,,2026-09-26T07:17:14.049180+00:00,2022-09-26,CONSERVATIVE_T1,margin_sse,601328,True
2022-09-23,AGGREGATOR|research-node|akshare@1.18.97|stock_margin_detail_sse,2022-09-23,,2026-09-26T07:17:14.049180+00:00,2022-09-26,CONSERVATIVE_T1,margin_sse,601869,True
2022-09-23,AGGREGATOR|research-node|akshare@1.18.97|stock_margin_detail_sse,2022-09-23,,2026-09-26T07:17:14.049180+00:00,2022-09-26,CONSERVATIVE_T1,margin_sse,601985,True
2022-09-23,AGGREGATOR|research-node|akshare@1.18.97|stock_margin_detail_sse,2022-09-23,,2026-09-26T07:17:14.049180+00:00,2022-09-26,CONSERVATIVE_T1,margin_sse,601988,True
2022-09-23,AGGREGATOR|research-node|akshare@1.18.97|stock_margin_detail_sse,2022-09-23,,2026-09-26T07:17:14.049180+00:00,2022-09-26,CONSERVATIVE_T1,margin_sse,601992,True
2022-09-23,AGGREGATOR|research-node|akshare@1.18.97|stock_margin_detail_sse,2022-09-23,,2026-09-26T07:17:14.049180+00:00,2022-09-26,CONSERVATIVE_T1,margin_sse,688116,True
2022-09-23,AGGREGATOR|research-node|akshare@1.18.97|stock_margin_detail_sse,2022-09-23,,2026-09-26T07:17:14.049180+00:00,2022-09-26,CONSERVATIVE_T1,margin_sse,688218,True
2022-09-23,AGGREGATOR|research-node|akshare@1.18.97|stock_margin_detail_sse,2022-09-23,,2026-09-26T07:17:14.049180+00:00,2022-09-26,CONSERVATIVE_T1,margin_sse,688521,True
2022-09-26,AGGREGATOR|research-node|akshare@1.18.97|stock_margin_detail_sse,2022-09-26,,2026-09-26T07:17:18.291132+00:00,2022-09-27,CONSERVATIVE_T1,margin_sse,600269,True
2022-09-26,AGGREGATOR|research-node|akshare@1.18.97|stock_margin_detail_sse,2022-09-26,,2026-09-26T07:17:18.291132+00:00,2022-09-27,CONSERVATIVE_T1,margin_sse,600377,True
2022-09-26,AGGREGATOR|research-node|akshare@1.18.97|stock_margin_detail_sse,2022-09-26,,2026-09-26T07:17:18.291132+00:00,2022-09-27,CONSERVATIVE_T1,margin_sse,600567,True
2022-09-26,AGGREGATOR|research-node|akshare@1.18.97|stock_margin_detail_sse,2022-09-26,,2026-09-26T07:17:18.291132+00:00,2022-09-27,CONSERVATIVE_T1,margin_sse,600598,True
2022-09-26,AGGREGATOR|research-node|akshare@1.18.97|stock_margin_detail_sse,2022-09-26,,2026-09-26T07:17:18.291132+00:00,2022-09-27,CONSERVATIVE_T1,margin_sse,600694,True
2022-09-26,AGGREGATOR|research-node|akshare@1.18.97|stock_margin_detail_sse,2022-09-26,,2026-09-26T07:17:18.291132+00:00,2022-09-27,CONSERVATIVE_T1,margin_sse,601298,True
2022-09-26,AGGREGATOR|research-node|akshare@1.18.97|stock_margin_detail_sse,2022-09-26,,2026-09-26T07:17:18.291132+00:00,2022-09-27,CONSERVATIVE_T1,margin_sse,601328,True
2022-09-26,AGGREGATOR|research-node|akshare@1.18.97|stock_margin_detail_sse,2022-09-26,,2026-09-26T07:17:18.291132+00:00,2022-09-27,CONSERVATIVE_T1,margin_sse,601869,True
2022-09-26,AGGREGATOR|research-node|akshare@1.18.97|stock_margin_detail_sse,2022-09-26,,2026-09-26T07:17:18.291132+00:00,2022-09-27,CONSERVATIVE_T1,margin_sse,601985,True
2022-09-26,AGGREGATOR|research-node|akshare@1.18.97|stock_margin_detail_sse,2022-09-26,,2026-09-26T07:17:18.291132+00:00,2022-09-27,CONSERVATIVE_T1,margin_sse,601988,True
2022-09-26,AGGREGATOR|research-node|akshare@1.18.97|stock_margin_detail_sse,2022-09-26,,2026-09-26T07:17:18.291132+00:00,2022-09-27,CONSERVATIVE_T1,margin_sse,601992,True
2022-09-26,AGGREGATOR|research-node|akshare@1.18.97|stock_margin_detail_sse,2022-09-26,,2026-09-26T07:17:18.291132+00:00,2022-09-27,CONSERVATIVE_T1,margin_sse,688116,True
2022-09-26,AGGREGATOR|research-node|akshare@1.18.97|stock_margin_detail_sse,2022-09-26,,2026-09-26T07:17:18.291132+00:00,2022-09-27,CONSERVATIVE_T1,margin_sse,688218,True
2022-09-26,AGGREGATOR|research-node|akshare@1.18.97|stock_margin_detail_sse,2022-09-26,,2026-09-26T07:17:18.291132+00:00,2022-09-27,CONSERVATIVE_T1,margin_sse,688521,True
2022-09-27,AGGREGATOR|research-node|akshare@1.18.97|stock_margin_detail_sse,2022-09-27,,2026-09-26T07:17:22.371377+00:00,2022-09-28,CONSERVATIVE_T1,margin_sse,600269,True
2022-09-27,AGGREGATOR|research-node|akshare@1.18.97|stock_margin_detail_sse,2022-09-27,,2026-09-26T07:17:22.371377+00:00,2022-09-28,CONSERVATIVE_T1,margin_sse,600377,True
2022-09-27,AGGREGATOR|research-node|akshare@1.18.97|stock_margin_detail_sse,2022-09-27,,2026-09-26T07:17:22.371377+00:00,2022-09-28,CONSERVATIVE_T1,margin_sse,600567,True
2022-09-27,AGGREGATOR|research-node|akshare@1.18.97|stock_margin_detail_sse,2022-09-27,,2026-09-26T07:17:22.371377+00:00,2022-09-28,CONSERVATIVE_T1,margin_sse,600598,True
2022-09-27,AGGREGATOR|research-node|akshare@1.18.97|stock_margin_detail_sse,2022-09-27,,2026-09-26T07:17:22.371377+00:00,2022-09-28,CONSERVATIVE_T1,margin_sse,600694,True
2022-09-27,AGGREGATOR|research-node|akshare@1.18.97|stock_margin_detail_sse,2022-09-27,,2026-09-26T07:17:22.371377+00:00,2022-09-28,CONSERVATIVE_T1,margin_sse,601298,True
2022-09-27,AGGREGATOR|research-node|akshare@1.18.97|stock_margin_detail_sse,2022-09-27,,2026-09-26T07:17:22.371377+00:00,2022-09-28,CONSERVATIVE_T1,margin_sse,601328,True
2022-09-27,AGGREGATOR|research-node|akshare@1.18.97|stock_margin_detail_sse,2022-09-27,,2026-09-26T07:17:22.371377+00:00,2022-09-28,CONSERVATIVE_T1,margin_sse,601869,True
2022-09-27,AGGREGATOR|research-node|akshare@1.18.97|stock_margin_detail_sse,2022-09-27,,2026-09-26T07:17:22.371377+00:00,2022-09-28,CONSERVATIVE_T1,margin_sse,601985,True
2022-09-27,AGGREGATOR|research-node|akshare@1.18.97|stock_margin_detail_sse,2022-09-27,,2026-09-26T07:17:22.371377+00:00,2022-09-28,CONSERVATIVE_T1,margin_sse,601988,True
2022-09-27,AGGREGATOR|research-node|akshare@1.18.97|stock_margin_detail_sse,2022-09-27,,2026-09-26T07:17:22.371377+00:00,2022-09-28,CONSERVATIVE_T1,margin_sse,601992,True
2022-09-27,AGGREGATOR|research-node|akshare@1.18.97|stock_margin_detail_sse,2022-09-27,,2026-09-26T07:17:22.371377+00:00,2022-09-28,CONSERVATIVE_T1,margin_sse,688116,True
2022-09-27,AGGREGATOR|research-node|akshare@1.18.97|stock_margin_detail_sse,2022-09-27,,2026-09-26T07:17:22.371377+00:00,2022-09-28,CONSERVATIVE_T1,margin_sse,688218,True
2022-09-27,AGGREGATOR|research-node|akshare@1.18.97|stock_margin_detail_sse,2022-09-27,,2026-09-26T07:17:22.371377+00:00,2022-09-28,CONSERVATIVE_T1,margin_sse,688521,True
2022-09-28,AGGREGATOR|research-node|akshare@1.18.97|stock_margin_detail_sse,2022-09-28,,2026-09-26T07:17:26.457762+00:00,2022-09-29,CONSERVATIVE_T1,margin_sse,600269,True
2022-09-28,AGGREGATOR|research-node|akshare@1.18.97|stock_margin_detail_sse,2022-09-28,,2026-09-26T07:17:26.457762+00:00,2022-09-29,CONSERVATIVE_T1,margin_sse,600377,True
2022-09-28,AGGREGATOR|research-node|akshare@1.18.97|stock_margin_detail_sse,2022-09-28,,2026-09-26T07:17:26.457762+00:00,2022-09-29,CONSERVATIVE_T1,margin_sse,600567,True
2022-09-28,AGGREGATOR|research-node|akshare@1.18.97|stock_margin_detail_sse,2022-09-28,,2026-09-26T07:17:26.457762+00:00,2022-09-29,CONSERVATIVE_T1,margin_sse,600598,True
2022-09-28,AGGREGATOR|research-node|akshare@1.18.97|stock_margin_detail_sse,2022-09-28,,2026-09-26T07:17:26.457762+00:00,2022-09-29,CONSERVATIVE_T1,margin_sse,600694,True
2022-09-28,AGGREGATOR|research-node|akshare@1.18.97|stock_margin_detail_sse,2022-09-28,,2026-09-26T07:17:26.457762+00:00,2022-09-29,CONSERVATIVE_T1,margin_sse,601298,True
2022-09-28,AGGREGATOR|research-node|akshare@1.18.97|stock_margin_detail_sse,2022-09-28,,2026-09-26T07:17:26.457762+00:00,2022-09-29,CONSERVATIVE_T1,margin_sse,601328,True
2022-09-28,AGGREGATOR|research-node|akshare@1.18.97|stock_margin_detail_sse,2022-09-28,,2026-09-26T07:17:26.457762+00:00,2022-09-29,CONSERVATIVE_T1,margin_sse,601869,True
2022-09-28,AGGREGATOR|research-node|akshare@1.18.97|stock_margin_detail_sse,2022-09-28,,2026-09-26T07:17:26.457762+00:00,2022-09-29,CONSERVATIVE_T1,margin_sse,601985,True
2022-09-28,AGGREGATOR|research-node|akshare@1.18.97|stock_margin_detail_sse,2022-09-28,,2026-09-26T07:17:26.457762+00:00,2022-09-29,CONSERVATIVE_T1,margin_sse,601988,True
2022-09-28,AGGREGATOR|research-node|akshare@1.18.97|stock_margin_detail_sse,2022-09-28,,2026-09-26T07:17:26.457762+00:00,2022-09-29,CONSERVATIVE_T1,margin_sse,601992,True
2022-09-28,AGGREGATOR|research-node|akshare@1.18.97|stock_margin_detail_sse,2022-09-28,,2026-09-26T07:17:26.457762+00:00,2022-09-29,CONSERVATIVE_T1,margin_sse,688116,True
2022-09-28,AGGREGATOR|research-node|akshare@1.18.97|stock_margin_detail_sse,2022-09-28,,2026-09-26T07:17:26.457762+00:00,2022-09-29,CONSERVATIVE_T1,margin_sse,688218,True
2022-09-28,AGGREGATOR|research-node|akshare@1.18.97|stock_margin_detail_sse,2022-09-28,,2026-09-26T07:17:26.457762+00:00,2022-09-29,CONSERVATIVE_T1,margin_sse,688521,True
2022-09-29,AGGREGATOR|research-node|akshare@1.18.97|stock_margin_detail_sse,2022-09-29,,2026-09-26T07:17:30.513528+00:00,2022-09-30,CONSERVATIVE_T1,margin_sse,600269,True
2022-09-29,AGGREGATOR|research-node|akshare@1.18.97|stock_margin_detail_sse,2022-09-29,,2026-09-26T07:17:30.513528+00:00,2022-09-30,CONSERVATIVE_T1,margin_sse,600377,True
2022-09-29,AGGREGATOR|research-node|akshare@1.18.97|stock_margin_detail_sse,2022-09-29,,2026-09-26T07:17:30.513528+00:00,2022-09-30,CONSERVATIVE_T1,margin_sse,600567,True
2022-09-29,AGGREGATOR|research-node|akshare@1.18.97|stock_margin_detail_sse,2022-09-29,,2026-09-26T07:17:30.513528+00:00,2022-09-30,CONSERVATIVE_T1,margin_sse,600598,True
2022-09-29,AGGREGATOR|research-node|akshare@1.18.97|stock_margin_detail_sse,2022-09-29,,2026-09-26T07:17:30.513528+00:00,2022-09-30,CONSERVATIVE_T1,margin_sse,600694,True
2022-09-29,AGGREGATOR|research-node|akshare@1.18.97|stock_margin_detail_sse,2022-09-29,,2026-09-26T07:17:30.513528+00:00,2022-09-30,CONSERVATIVE_T1,margin_sse,601298,True
2022-09-29,AGGREGATOR|research-node|akshare@1.18.97|stock_margin_detail_sse,2022-09-29,,2026-09-26T07:17:30.513528+00:00,2022-09-30,CONSERVATIVE_T1,margin_sse,601328,True
2022-09-29,AGGREGATOR|research-node|akshare@1.18.97|stock_margin_detail_sse,2022-09-29,,2026-09-26T07:17:30.513528+00:00,2022-09-30,CONSERVATIVE_T1,margin_sse,601869,True
2022-09-29,AGGREGATOR|research-node|akshare@1.18.97|stock_margin_detail_sse,2022-09-29,,2026-09-26T07:17:30.513528+00:00,2022-09-30,CONSERVATIVE_T1,margin_sse,601985,True
2022-09-29,AGGREGATOR|research-node|akshare@1.18.97|stock_margin_detail_sse,2022-09-29,,2026-09-26T07:17:30.513528+00:00,2022-09-30,CONSERVATIVE_T1,margin_sse,601988,True
2022-09-29,AGGREGATOR|research-node|akshare@1.18.97|stock_margin_detail_sse,2022-09-29,,2026-09-26T07:17:30.513528+00:00,2022-09-30,CONSERVATIVE_T1,margin_sse,601992,True
2022-09-29,AGGREGATOR|research-node|akshare@1.18.97|stock_margin_detail_sse,2022-09-29,,2026-09-26T07:17:30.513528+00:00,2022-09-30,CONSERVATIVE_T1,margin_sse,688116,True
2022-09-29,AGGREGATOR|research-node|akshare@1.18.97|stock_margin_detail_sse,2022-09-29,,2026-09-26T07:17:30.513528+00:00,2022-09-30,CONSERVATIVE_T1,margin_sse,688218,True
2022-09-29,AGGREGATOR|research-node|akshare@1.18.97|stock_margin_detail_sse,2022-09-29,,2026-09-26T07:17:30.513528+00:00,2022-09-30,CONSERVATIVE_T1,margin_sse,688521,True
2022-09-30,AGGREGATOR|research-node|akshare@1.18.97|stock_margin_detail_sse,2022-09-30,,2026-09-26T07:17:34.581914+00:00,2022-10-10,CONSERVATIVE_T1,margin_sse,600269,True
2022-09-30,AGGREGATOR|research-node|akshare@1.18.97|stock_margin_detail_sse,2022-09-30,,2026-09-26T07:17:34.581914+00:00,2022-10-10,CONSERVATIVE_T1,margin_sse,600377,True
2022-09-30,AGGREGATOR|research-node|akshare@1.18.97|stock_margin_detail_sse,2022-09-30,,2026-09-26T07:17:34.581914+00:00,2022-10-10,CONSERVATIVE_T1,margin_sse,600567,True
2022-09-30,AGGREGATOR|research-node|akshare@1.18.97|stock_margin_detail_sse,2022-09-30,,2026-09-26T07:17:34.581914+00:00,2022-10-10,CONSERVATIVE_T1,margin_sse,600598,True
2022-09-30,AGGREGATOR|research-node|akshare@1.18.97|stock_margin_detail_sse,2022-09-30,,2026-09-26T07:17:34.581914+00:00,2022-10-10,CONSERVATIVE_T1,margin_sse,600694,True
2022-09-30,AGGREGATOR|research-node|akshare@1.18.97|stock_margin_detail_sse,2022-09-30,,2026-09-26T07:17:34.581914+00:00,2022-10-10,CONSERVATIVE_T1,margin_sse,601298,True
2022-09-30,AGGREGATOR|research-node|akshare@1.18.97|stock_margin_detail_sse,2022-09-30,,2026-09-26T07:17:34.581914+00:00,2022-10-10,CONSERVATIVE_T1,margin_sse,601328,True
2022-09-30,AGGREGATOR|research-node|akshare@1.18.97|stock_margin_detail_sse,2022-09-30,,2026-09-26T07:17:34.581914+00:00,2022-10-10,CONSERVATIVE_T1,margin_sse,601869,True
2022-09-30,AGGREGATOR|research-node|akshare@1.18.97|stock_margin_detail_sse,2022-09-30,,2026-09-26T07:17:34.581914+00:00,2022-10-10,CONSERVATIVE_T1,margin_sse,601985,True
2022-09-30,AGGREGATOR|research-node|akshare@1.18.97|stock_margin_detail_sse,2022-09-30,,2026-09-26T07:17:34.581914+00:00,2022-10-10,CONSERVATIVE_T1,margin_sse,601988,True
2022-09-30,AGGREGATOR|research-node|akshare@1.18.97|stock_margin_detail_sse,2022-09-30,,2026-09-26T07:17:34.581914+00:00,2022-10-10,CONSERVATIVE_T1,margin_sse,601992,True
2022-09-30,AGGREGATOR|research-node|akshare@1.18.97|stock_margin_detail_sse,2022-09-30,,2026-09-26T07:17:34.581914+00:00,2022-10-10,CONSERVATIVE_T1,margin_sse,688116,True
2022-09-30,AGGREGATOR|research-node|akshare@1.18.97|stock_margin_detail_sse,2022-09-30,,2026-09-26T07:17:34.581914+00:00,2022-10-10,CONSERVATIVE_T1,margin_sse,688218,True
2022-09-30,AGGREGATOR|research-node|akshare@1.18.97|stock_margin_detail_sse,2022-09-30,,2026-09-26T07:17:34.581914+00:00,2022-10-10,CONSERVATIVE_T1,margin_sse,688521,True
2022-10-10,AGGREGATOR|research-node|akshare@1.18.97|stock_margin_detail_sse,2022-10-10,,2026-09-26T07:17:38.757272+00:00,2022-10-11,CONSERVATIVE_T1,margin_sse,600269,True
2022-10-10,AGGREGATOR|research-node|akshare@1.18.97|stock_margin_detail_sse,2022-10-10,,2026-09-26T07:17:38.757272+00:00,2022-10-11,CONSERVATIVE_T1,margin_sse,600377,True
2022-10-10,AGGREGATOR|research-node|akshare@1.18.97|stock_margin_detail_sse,2022-10-10,,2026-09-26T07:17:38.757272+00:00,2022-10-11,CONSERVATIVE_T1,margin_sse,600567,True
2022-10-10,AGGREGATOR|research-node|akshare@1.18.97|stock_margin_detail_sse,2022-10-10,,2026-09-26T07:17:38.757272+00:00,2022-10-11,CONSERVATIVE_T1,margin_sse,600598,True
2022-10-10,AGGREGATOR|research-node|akshare@1.18.97|stock_margin_detail_sse,2022-10-10,,2026-09-26T07:17:38.757272+00:00,2022-10-11,CONSERVATIVE_T1,margin_sse,600694,True
2022-10-10,AGGREGATOR|research-node|akshare@1.18.97|stock_margin_detail_sse,2022-10-10,,2026-09-26T07:17:38.757272+00:00,2022-10-11,CONSERVATIVE_T1,margin_sse,601298,True
2022-10-10,AGGREGATOR|research-node|akshare@1.18.97|stock_margin_detail_sse,2022-10-10,,2026-09-26T07:17:38.757272+00:00,2022-10-11,CONSERVATIVE_T1,margin_sse,601328,True
2022-10-10,AGGREGATOR|research-node|akshare@1.18.97|stock_margin_detail_sse,2022-10-10,,2026-09-26T07:17:38.757272+00:00,2022-10-11,CONSERVATIVE_T1,margin_sse,601869,True
2022-10-10,AGGREGATOR|research-node|akshare@1.18.97|stock_margin_detail_sse,2022-10-10,,2026-09-26T07:17:38.757272+00:00,2022-10-11,CONSERVATIVE_T1,margin_sse,601985,True
2022-10-10,AGGREGATOR|research-node|akshare@1.18.97|stock_margin_detail_sse,2022-10-10,,2026-09-26T07:17:38.757272+00:00,2022-10-11,CONSERVATIVE_T1,margin_sse,601988,True
2022-10-10,AGGREGATOR|research-node|akshare@1.18.97|stock_margin_detail_sse,2022-10-10,,2026-09-26T07:17:38.757272+00:00,2022-10-11,CONSERVATIVE_T1,margin_sse,601992,True
2022-10-10,AGGREGATOR|research-node|akshare@1.18.97|stock_margin_detail_sse,2022-10-10,,2026-09-26T07:17:38.757272+00:00,2022-10-11,CONSERVATIVE_T1,margin_sse,688116,True
2022-10-10,AGGREGATOR|research-node|akshare@1.18.97|stock_margin_detail_sse,2022-10-10,,2026-09-26T07:17:38.757272+00:00,2022-10-11,CONSERVATIVE_T1,margin_sse,688218,True
2022-10-10,AGGREGATOR|research-node|akshare@1.18.97|stock_margin_detail_sse,2022-10-10,,2026-09-26T07:17:38.757272+00:00,2022-10-11,CONSERVATIVE_T1,margin_sse,688521,True
2022-10-11,AGGREGATOR|research-node|akshare@1.18.97|stock_margin_detail_sse,2022-10-11,,2026-09-26T07:17:42.847902+00:00,2022-10-12,CONSERVATIVE_T1,margin_sse,600269,True
2022-10-11,AGGREGATOR|research-node|akshare@1.18.97|stock_margin_detail_sse,2022-10-11,,2026-09-26T07:17:42.847902+00:00,2022-10-12,CONSERVATIVE_T1,margin_sse,600377,True
2022-10-11,AGGREGATOR|research-node|akshare@1.18.97|stock_margin_detail_sse,2022-10-11,,2026-09-26T07:17:42.847902+00:00,2022-10-12,CONSERVATIVE_T1,margin_sse,600567,True
2022-10-11,AGGREGATOR|research-node|akshare@1.18.97|stock_margin_detail_sse,2022-10-11,,2026-09-26T07:17:42.847902+00:00,2022-10-12,CONSERVATIVE_T1,margin_sse,600598,True
2022-10-11,AGGREGATOR|research-node|akshare@1.18.97|stock_margin_detail_sse,2022-10-11,,2026-09-26T07:17:42.847902+00:00,2022-10-12,CONSERVATIVE_T1,margin_sse,600694,True
2022-10-11,AGGREGATOR|research-node|akshare@1.18.97|stock_margin_detail_sse,2022-10-11,,2026-09-26T07:17:42.847902+00:00,2022-10-12,CONSERVATIVE_T1,margin_sse,601298,True
2022-10-11,AGGREGATOR|research-node|akshare@1.18.97|stock_margin_detail_sse,2022-10-11,,2026-09-26T07:17:42.847902+00:00,2022-10-12,CONSERVATIVE_T1,margin_sse,601328,True
2022-10-11,AGGREGATOR|research-node|akshare@1.18.97|stock_margin_detail_sse,2022-10-11,,2026-09-26T07:17:42.847902+00:00,2022-10-12,CONSERVATIVE_T1,margin_sse,601869,True
2022-10-11,AGGREGATOR|research-node|akshare@1.18.97|stock_margin_detail_sse,2022-10-11,,2026-09-26T07:17:42.847902+00:00,2022-10-12,CONSERVATIVE_T1,margin_sse,601985,True
2022-10-11,AGGREGATOR|research-node|akshare@1.18.97|stock_margin_detail_sse,2022-10-11,,2026-09-26T07:17:42.847902+00:00,2022-10-12,CONSERVATIVE_T1,margin_sse,601988,True
2022-10-11,AGGREGATOR|research-node|akshare@1.18.97|stock_margin_detail_sse,2022-10-11,,2026-09-26T07:17:42.847902+00:00,2022-10-12,CONSERVATIVE_T1,margin_sse,601992,True
2022-10-11,AGGREGATOR|research-node|akshare@1.18.97|stock_margin_detail_sse,2022-10-11,,2026-09-26T07:17:42.847902+00:00,2022-10-12,CONSERVATIVE_T1,margin_sse,688116,True
2022-10-11,AGGREGATOR|research-node|akshare@1.18.97|stock_margin_detail_sse,2022-10-11,,2026-09-26T07:17:42.847902+00:00,2022-10-12,CONSERVATIVE_T1,margin_sse,688218,True
2022-10-11,AGGREGATOR|research-node|akshare@1.18.97|stock_margin_detail_sse,2022-10-11,,2026-09-26T07:17:42.847902+00:00,2022-10-12,CONSERVATIVE_T1,margin_sse,688521,True
2022-10-12,AGGREGATOR|research-node|akshare@1.18.97|stock_margin_detail_sse,2022-10-12,,2026-09-26T07:17:46.888779+00:00,2022-10-13,CONSERVATIVE_T1,margin_sse,600269,True
2022-10-12,AGGREGATOR|research-node|akshare@1.18.97|stock_margin_detail_sse,2022-10-12,,2026-09-26T07:17:46.888779+00:00,2022-10-13,CONSERVATIVE_T1,margin_sse,600377,True
2022-10-12,AGGREGATOR|research-node|akshare@1.18.97|stock_margin_detail_sse,2022-10-12,,2026-09-26T07:17:46.888779+00:00,2022-10-13,CONSERVATIVE_T1,margin_sse,600567,True
2022-10-12,AGGREGATOR|research-node|akshare@1.18.97|stock_margin_detail_sse,2022-10-12,,2026-09-26T07:17:46.888779+00:00,2022-10-13,CONSERVATIVE_T1,margin_sse,600598,True
2022-10-12,AGGREGATOR|research-node|akshare@1.18.97|stock_margin_detail_sse,2022-10-12,,2026-09-26T07:17:46.888779+00:00,2022-10-13,CONSERVATIVE_T1,margin_sse,600694,True
2022-10-12,AGGREGATOR|research-node|akshare@1.18.97|stock_margin_detail_sse,2022-10-12,,2026-09-26T07:17:46.888779+00:00,2022-10-13,CONSERVATIVE_T1,margin_sse,601298,True
2022-10-12,AGGREGATOR|research-node|akshare@1.18.97|stock_margin_detail_sse,2022-10-12,,2026-09-26T07:17:46.888779+00:00,2022-10-13,CONSERVATIVE_T1,margin_sse,601328,True
2022-10-12,AGGREGATOR|research-node|akshare@1.18.97|stock_margin_detail_sse,2022-10-12,,2026-09-26T07:17:46.888779+00:00,2022-10-13,CONSERVATIVE_T1,margin_sse,601869,True
2022-10-12,AGGREGATOR|research-node|akshare@1.18.97|stock_margin_detail_sse,2022-10-12,,2026-09-26T07:17:46.888779+00:00,2022-10-13,CONSERVATIVE_T1,margin_sse,601985,True
2022-10-12,AGGREGATOR|research-node|akshare@1.18.97|stock_margin_detail_sse,2022-10-12,,2026-09-26T07:17:46.888779+00:00,2022-10-13,CONSERVATIVE_T1,margin_sse,601988,True
2022-10-12,AGGREGATOR|research-node|akshare@1.18.97|stock_margin_detail_sse,2022-10-12,,2026-09-26T07:17:46.888779+00:00,2022-10-13,CONSERVATIVE_T1,margin_sse,601992,True
2022-10-12,AGGREGATOR|research-node|akshare@1.18.97|stock_margin_detail_sse,2022-10-12,,2026-09-26T07:17:46.888779+00:00,2022-10-13,CONSERVATIVE_T1,margin_sse,688116,True
2022-10-12,AGGREGATOR|research-node|akshare@1.18.97|stock_margin_detail_sse,2022-10-12,,2026-09-26T07:17:46.888779+00:00,2022-10-13,CONSERVATIVE_T1,margin_sse,688218,True
2022-10-12,AGGREGATOR|research-node|akshare@1.18.97|stock_margin_detail_sse,2022-10-12,,2026-09-26T07:17:46.888779+00:00,2022-10-13,CONSERVATIVE_T1,margin_sse,688521,True
2022-10-13,AGGREGATOR|research-node|akshare@1.18.97|stock_margin_detail_sse,2022-10-13,,2026-09-26T07:17:50.937224+00:00,2022-10-14,CONSERVATIVE_T1,margin_sse,600269,True
2022-10-13,AGGREGATOR|research-node|akshare@1.18.97|stock_margin_detail_sse,2022-10-13,,2026-09-26T07:17:50.937224+00:00,2022-10-14,CONSERVATIVE_T1,margin_sse,600377,True
2022-10-13,AGGREGATOR|research-node|akshare@1.18.97|stock_margin_detail_sse,2022-10-13,,2026-09-26T07:17:50.937224+00:00,2022-10-14,CONSERVATIVE_T1,margin_sse,600567,True
2022-10-13,AGGREGATOR|research-node|akshare@1.18.97|stock_margin_detail_sse,2022-10-13,,2026-09-26T07:17:50.937224+00:00,2022-10-14,CONSERVATIVE_T1,margin_sse,600598,True
2022-10-13,AGGREGATOR|research-node|akshare@1.18.97|stock_margin_detail_sse,2022-10-13,,2026-09-26T07:17:50.937224+00:00,2022-10-14,CONSERVATIVE_T1,margin_sse,600694,True
2022-10-13,AGGREGATOR|research-node|akshare@1.18.97|stock_margin_detail_sse,2022-10-13,,2026-09-26T07:17:50.937224+00:00,2022-10-14,CONSERVATIVE_T1,margin_sse,601298,True
2022-10-13,AGGREGATOR|research-node|akshare@1.18.97|stock_margin_detail_sse,2022-10-13,,2026-09-26T07:17:50.937224+00:00,2022-10-14,CONSERVATIVE_T1,margin_sse,601328,True
2022-10-13,AGGREGATOR|research-node|akshare@1.18.97|stock_margin_detail_sse,2022-10-13,,2026-09-26T07:17:50.937224+00:00,2022-10-14,CONSERVATIVE_T1,margin_sse,601869,True
2022-10-13,AGGREGATOR|research-node|akshare@1.18.97|stock_margin_detail_sse,2022-10-13,,2026-09-26T07:17:50.937224+00:00,2022-10-14,CONSERVATIVE_T1,margin_sse,601985,True
2022-10-13,AGGREGATOR|research-node|akshare@1.18.97|stock_margin_detail_sse,2022-10-13,,2026-09-26T07:17:50.937224+00:00,2022-10-14,CONSERVATIVE_T1,margin_sse,601988,True
2022-10-13,AGGREGATOR|research-node|akshare@1.18.97|stock_margin_detail_sse,2022-10-13,,2026-09-26T07:17:50.937224+00:00,2022-10-14,CONSERVATIVE_T1,margin_sse,601992,True
2022-10-13,AGGREGATOR|research-node|akshare@1.18.97|stock_margin_detail_sse,2022-10-13,,2026-09-26T07:17:50.937224+00:00,2022-10-14,CONSERVATIVE_T1,margin_sse,688116,True
2022-10-13,AGGREGATOR|research-node|akshare@1.18.97|stock_margin_detail_sse,2022-10-13,,2026-09-26T07:17:50.937224+00:00,2022-10-14,CONSERVATIVE_T1,margin_sse,688218,True
2022-10-13,AGGREGATOR|research-node|akshare@1.18.97|stock_margin_detail_sse,2022-10-13,,2026-09-26T07:17:50.937224+00:00,2022-10-14,CONSERVATIVE_T1,margin_sse,688521,True
2022-10-14,AGGREGATOR|research-node|akshare@1.18.97|stock_margin_detail_sse,2022-10-14,,2026-09-26T07:17:55.059982+00:00,2022-10-17,CONSERVATIVE_T1,margin_sse,600269,True
2022-10-14,AGGREGATOR|research-node|akshare@1.18.97|stock_margin_detail_sse,2022-10-14,,2026-09-26T07:17:55.059982+00:00,2022-10-17,CONSERVATIVE_T1,margin_sse,600377,True
2022-10-14,AGGREGATOR|research-node|akshare@1.18.97|stock_margin_detail_sse,2022-10-14,,2026-09-26T07:17:55.059982+00:00,2022-10-17,CONSERVATIVE_T1,margin_sse,600567,True
2022-10-14,AGGREGATOR|research-node|akshare@1.18.97|stock_margin_detail_sse,2022-10-14,,2026-09-26T07:17:55.059982+00:00,2022-10-17,CONSERVATIVE_T1,margin_sse,600598,True
2022-10-14,AGGREGATOR|research-node|akshare@1.18.97|stock_margin_detail_sse,2022-10-14,,2026-09-26T07:17:55.059982+00:00,2022-10-17,CONSERVATIVE_T1,margin_sse,600694,True
2022-10-14,AGGREGATOR|research-node|akshare@1.18.97|stock_margin_detail_sse,2022-10-14,,2026-09-26T07:17:55.059982+00:00,2022-10-17,CONSERVATIVE_T1,margin_sse,601298,True
2022-10-14,AGGREGATOR|research-node|akshare@1.18.97|stock_margin_detail_sse,2022-10-14,,2026-09-26T07:17:55.059982+00:00,2022-10-17,CONSERVATIVE_T1,margin_sse,601328,True
2022-10-14,AGGREGATOR|research-node|akshare@1.18.97|stock_margin_detail_sse,2022-10-14,,2026-09-26T07:17:55.059982+00:00,2022-10-17,CONSERVATIVE_T1,margin_sse,601869,True
2022-10-14,AGGREGATOR|research-node|akshare@1.18.97|stock_margin_detail_sse,2022-10-14,,2026-09-26T07:17:55.059982+00:00,2022-10-17,CONSERVATIVE_T1,margin_sse,601985,True
2022-10-14,AGGREGATOR|research-node|akshare@1.18.97|stock_margin_detail_sse,2022-10-14,,2026-09-26T07:17:55.059982+00:00,2022-10-17,CONSERVATIVE_T1,margin_sse,601988,True
2022-10-14,AGGREGATOR|research-node|akshare@1.18.97|stock_margin_detail_sse,2022-10-14,,2026-09-26T07:17:55.059982+00:00,2022-10-17,CONSERVATIVE_T1,margin_sse,601992,True
2022-10-14,AGGREGATOR|research-node|akshare@1.18.97|stock_margin_detail_sse,2022-10-14,,2026-09-26T07:17:55.059982+00:00,2022-10-17,CONSERVATIVE_T1,margin_sse,688116,True
2022-10-14,AGGREGATOR|research-node|akshare@1.18.97|stock_margin_detail_sse,2022-10-14,,2026-09-26T07:17:55.059982+00:00,2022-10-17,CONSERVATIVE_T1,margin_sse,688218,True
2022-10-14,AGGREGATOR|research-node|akshare@1.18.97|stock_margin_detail_sse,2022-10-14,,2026-09-26T07:17:55.059982+00:00,2022-10-17,CONSERVATIVE_T1,margin_sse,688521,True
2022-10-17,AGGREGATOR|research-node|akshare@1.18.97|stock_margin_detail_sse,2022-10-17,,2026-09-26T07:17:59.101379+00:00,2022-10-18,CONSERVATIVE_T1,margin_sse,600269,True
2022-10-17,AGGREGATOR|research-node|akshare@1.18.97|stock_margin_detail_sse,2022-10-17,,2026-09-26T07:17:59.101379+00:00,2022-10-18,CONSERVATIVE_T1,margin_sse,600377,True
2022-10-17,AGGREGATOR|research-node|akshare@1.18.97|stock_margin_detail_sse,2022-10-17,,2026-09-26T07:17:59.101379+00:00,2022-10-18,CONSERVATIVE_T1,margin_sse,600567,True
2022-10-17,AGGREGATOR|research-node|akshare@1.18.97|stock_margin_detail_sse,2022-10-17,,2026-09-26T07:17:59.101379+00:00,2022-10-18,CONSERVATIVE_T1,margin_sse,600598,True
2022-10-17,AGGREGATOR|research-node|akshare@1.18.97|stock_margin_detail_sse,2022-10-17,,2026-09-26T07:17:59.101379+00:00,2022-10-18,CONSERVATIVE_T1,margin_sse,600694,True
2022-10-17,AGGREGATOR|research-node|akshare@1.18.97|stock_margin_detail_sse,2022-10-17,,2026-09-26T07:17:59.101379+00:00,2022-10-18,CONSERVATIVE_T1,margin_sse,601298,True
2022-10-17,AGGREGATOR|research-node|akshare@1.18.97|stock_margin_detail_sse,2022-10-17,,2026-09-26T07:17:59.101379+00:00,2022-10-18,CONSERVATIVE_T1,margin_sse,601328,True
2022-10-17,AGGREGATOR|research-node|akshare@1.18.97|stock_margin_detail_sse,2022-10-17,,2026-09-26T07:17:59.101379+00:00,2022-10-18,CONSERVATIVE_T1,margin_sse,601869,True
2022-10-17,AGGREGATOR|research-node|akshare@1.18.97|stock_margin_detail_sse,2022-10-17,,2026-09-26T07:17:59.101379+00:00,2022-10-18,CONSERVATIVE_T1,margin_sse,601985,True
2022-10-17,AGGREGATOR|research-node|akshare@1.18.97|stock_margin_detail_sse,2022-10-17,,2026-09-26T07:17:59.101379+00:00,2022-10-18,CONSERVATIVE_T1,margin_sse,601988,True
2022-10-17,AGGREGATOR|research-node|akshare@1.18.97|stock_margin_detail_sse,2022-10-17,,2026-09-26T07:17:59.101379+00:00,2022-10-18,CONSERVATIVE_T1,margin_sse,601992,True
2022-10-17,AGGREGATOR|research-node|akshare@1.18.97|stock_margin_detail_sse,2022-10-17,,2026-09-26T07:17:59.101379+00:00,2022-10-18,CONSERVATIVE_T1,margin_sse,688116,True
2022-10-17,AGGREGATOR|research-node|akshare@1.18.97|stock_margin_detail_sse,2022-10-17,,2026-09-26T07:17:59.101379+00:00,2022-10-18,CONSERVATIVE_T1,margin_sse,688218,True
2022-10-17,AGGREGATOR|research-node|akshare@1.18.97|stock_margin_detail_sse,2022-10-17,,2026-09-26T07:17:59.101379+00:00,2022-10-18,CONSERVATIVE_T1,margin_sse,688521,True
2022-10-18,AGGREGATOR|research-node|akshare@1.18.97|stock_margin_detail_sse,2022-10-18,,2026-09-26T07:18:03.182077+00:00,2022-10-19,CONSERVATIVE_T1,margin_sse,600269,True
2022-10-18,AGGREGATOR|research-node|akshare@1.18.97|stock_margin_detail_sse,2022-10-18,,2026-09-26T07:18:03.182077+00:00,2022-10-19,CONSERVATIVE_T1,margin_sse,600377,True
2022-10-18,AGGREGATOR|research-node|akshare@1.18.97|stock_margin_detail_sse,2022-10-18,,2026-09-26T07:18:03.182077+00:00,2022-10-19,CONSERVATIVE_T1,margin_sse,600567,True
2022-10-18,AGGREGATOR|research-node|akshare@1.18.97|stock_margin_detail_sse,2022-10-18,,2026-09-26T07:18:03.182077+00:00,2022-10-19,CONSERVATIVE_T1,margin_sse,600598,True
2022-10-18,AGGREGATOR|research-node|akshare@1.18.97|stock_margin_detail_sse,2022-10-18,,2026-09-26T07:18:03.182077+00:00,2022-10-19,CONSERVATIVE_T1,margin_sse,600694,True
2022-10-18,AGGREGATOR|research-node|akshare@1.18.97|stock_margin_detail_sse,2022-10-18,,2026-09-26T07:18:03.182077+00:00,2022-10-19,CONSERVATIVE_T1,margin_sse,601298,True
2022-10-18,AGGREGATOR|research-node|akshare@1.18.97|stock_margin_detail_sse,2022-10-18,,2026-09-26T07:18:03.182077+00:00,2022-10-19,CONSERVATIVE_T1,margin_sse,601328,True
2022-10-18,AGGREGATOR|research-node|akshare@1.18.97|stock_margin_detail_sse,2022-10-18,,2026-09-26T07:18:03.182077+00:00,2022-10-19,CONSERVATIVE_T1,margin_sse,601869,True
2022-10-18,AGGREGATOR|research-node|akshare@1.18.97|stock_margin_detail_sse,2022-10-18,,2026-09-26T07:18:03.182077+00:00,2022-10-19,CONSERVATIVE_T1,margin_sse,601985,True
2022-10-18,AGGREGATOR|research-node|akshare@1.18.97|stock_margin_detail_sse,2022-10-18,,2026-09-26T07:18:03.182077+00:00,2022-10-19,CONSERVATIVE_T1,margin_sse,601988,True
2022-10-18,AGGREGATOR|research-node|akshare@1.18.97|stock_margin_detail_sse,2022-10-18,,2026-09-26T07:18:03.182077+00:00,2022-10-19,CONSERVATIVE_T1,margin_sse,601992,True
2022-10-18,AGGREGATOR|research-node|akshare@1.18.97|stock_margin_detail_sse,2022-10-18,,2026-09-26T07:18:03.182077+00:00,2022-10-19,CONSERVATIVE_T1,margin_sse,688116,True
2022-10-18,AGGREGATOR|research-node|akshare@1.18.97|stock_margin_detail_sse,2022-10-18,,2026-09-26T07:18:03.182077+00:00,2022-10-19,CONSERVATIVE_T1,margin_sse,688218,True
2022-10-18,AGGREGATOR|research-node|akshare@1.18.97|stock_margin_detail_sse,2022-10-18,,2026-09-26T07:18:03.182077+00:00,2022-10-19,CONSERVATIVE_T1,margin_sse,688521,True
2022-10-19,AGGREGATOR|research-node|akshare@1.18.97|stock_margin_detail_sse,2022-10-19,,2026-09-26T07:18:07.228252+00:00,2022-10-20,CONSERVATIVE_T1,margin_sse,600269,True
2022-10-19,AGGREGATOR|research-node|akshare@1.18.97|stock_margin_detail_sse,2022-10-19,,2026-09-26T07:18:07.228252+00:00,2022-10-20,CONSERVATIVE_T1,margin_sse,600377,True
2022-10-19,AGGREGATOR|research-node|akshare@1.18.97|stock_margin_detail_sse,2022-10-19,,2026-09-26T07:18:07.228252+00:00,2022-10-20,CONSERVATIVE_T1,margin_sse,600567,True
2022-10-19,AGGREGATOR|research-node|akshare@1.18.97|stock_margin_detail_sse,2022-10-19,,2026-09-26T07:18:07.228252+00:00,2022-10-20,CONSERVATIVE_T1,margin_sse,600598,True
2022-10-19,AGGREGATOR|research-node|akshare@1.18.97|stock_margin_detail_sse,2022-10-19,,2026-09-26T07:18:07.228252+00:00,2022-10-20,CONSERVATIVE_T1,margin_sse,600694,True
2022-10-19,AGGREGATOR|research-node|akshare@1.18.97|stock_margin_detail_sse,2022-10-19,,2026-09-26T07:18:07.228252+00:00,2022-10-20,CONSERVATIVE_T1,margin_sse,601298,True
2022-10-19,AGGREGATOR|research-node|akshare@1.18.97|stock_margin_detail_sse,2022-10-19,,2026-09-26T07:18:07.228252+00:00,2022-10-20,CONSERVATIVE_T1,margin_sse,601328,True
2022-10-19,AGGREGATOR|research-node|akshare@1.18.97|stock_margin_detail_sse,2022-10-19,,2026-09-26T07:18:07.228252+00:00,2022-10-20,CONSERVATIVE_T1,margin_sse,601869,True
2022-10-19,AGGREGATOR|research-node|akshare@1.18.97|stock_margin_detail_sse,2022-10-19,,2026-09-26T07:18:07.228252+00:00,2022-10-20,CONSERVATIVE_T1,margin_sse,601985,True
2022-10-19,AGGREGATOR|research-node|akshare@1.18.97|stock_margin_detail_sse,2022-10-19,,2026-09-26T07:18:07.228252+00:00,2022-10-20,CONSERVATIVE_T1,margin_sse,601988,True
2022-10-19,AGGREGATOR|research-node|akshare@1.18.97|stock_margin_detail_sse,2022-10-19,,2026-09-26T07:18:07.228252+00:00,2022-10-20,CONSERVATIVE_T1,margin_sse,601992,True
2022-10-19,AGGREGATOR|research-node|akshare@1.18.97|stock_margin_detail_sse,2022-10-19,,2026-09-26T07:18:07.228252+00:00,2022-10-20,CONSERVATIVE_T1,margin_sse,688116,True
2022-10-19,AGGREGATOR|research-node|akshare@1.18.97|stock_margin_detail_sse,2022-10-19,,2026-09-26T07:18:07.228252+00:00,2022-10-20,CONSERVATIVE_T1,margin_sse,688218,True
2022-10-19,AGGREGATOR|research-node|akshare@1.18.97|stock_margin_detail_sse,2022-10-19,,2026-09-26T07:18:07.228252+00:00,2022-10-20,CONSERVATIVE_T1,margin_sse,688521,True
2022-10-20,AGGREGATOR|research-node|akshare@1.18.97|stock_margin_detail_sse,2022-10-20,,2026-09-26T07:18:11.297525+00:00,2022-10-21,CONSERVATIVE_T1,margin_sse,600269,True
2022-10-20,AGGREGATOR|research-node|akshare@1.18.97|stock_margin_detail_sse,2022-10-20,,2026-09-26T07:18:11.297525+00:00,2022-10-21,CONSERVATIVE_T1,margin_sse,600377,True
2022-10-20,AGGREGATOR|research-node|akshare@1.18.97|stock_margin_detail_sse,2022-10-20,,2026-09-26T07:18:11.297525+00:00,2022-10-21,CONSERVATIVE_T1,margin_sse,600567,True
2022-10-20,AGGREGATOR|research-node|akshare@1.18.97|stock_margin_detail_sse,2022-10-20,,2026-09-26T07:18:11.297525+00:00,2022-10-21,CONSERVATIVE_T1,margin_sse,600598,True
2022-10-20,AGGREGATOR|research-node|akshare@1.18.97|stock_margin_detail_sse,2022-10-20,,2026-09-26T07:18:11.297525+00:00,2022-10-21,CONSERVATIVE_T1,margin_sse,600694,True
2022-10-20,AGGREGATOR|research-node|akshare@1.18.97|stock_margin_detail_sse,2022-10-20,,2026-09-26T07:18:11.297525+00:00,2022-10-21,CONSERVATIVE_T1,margin_sse,601298,True
2022-10-20,AGGREGATOR|research-node|akshare@1.18.97|stock_margin_detail_sse,2022-10-20,,2026-09-26T07:18:11.297525+00:00,2022-10-21,CONSERVATIVE_T1,margin_sse,601328,True
2022-10-20,AGGREGATOR|research-node|akshare@1.18.97|stock_margin_detail_sse,2022-10-20,,2026-09-26T07:18:11.297525+00:00,2022-10-21,CONSERVATIVE_T1,margin_sse,601869,True
2022-10-20,AGGREGATOR|research-node|akshare@1.18.97|stock_margin_detail_sse,2022-10-20,,2026-09-26T07:18:11.297525+00:00,2022-10-21,CONSERVATIVE_T1,margin_sse,601985,True
2022-10-20,AGGREGATOR|research-node|akshare@1.18.97|stock_margin_detail_sse,2022-10-20,,2026-09-26T07:18:11.297525+00:00,2022-10-21,CONSERVATIVE_T1,margin_sse,601988,True
2022-10-20,AGGREGATOR|research-node|akshare@1.18.97|stock_margin_detail_sse,2022-10-20,,2026-09-26T07:18:11.297525+00:00,2022-10-21,CONSERVATIVE_T1,margin_sse,601992,True
2022-10-20,AGGREGATOR|research-node|akshare@1.18.97|stock_margin_detail_sse,2022-10-20,,2026-09-26T07:18:11.297525+00:00,2022-10-21,CONSERVATIVE_T1,margin_sse,688116,True
2022-10-20,AGGREGATOR|research-node|akshare@1.18.97|stock_margin_detail_sse,2022-10-20,,2026-09-26T07:18:11.297525+00:00,2022-10-21,CONSERVATIVE_T1,margin_sse,688218,True
2022-10-20,AGGREGATOR|research-node|akshare@1.18.97|stock_margin_detail_sse,2022-10-20,,2026-09-26T07:18:11.297525+00:00,2022-10-21,CONSERVATIVE_T1,margin_sse,688521,True
2022-10-21,AGGREGATOR|research-node|akshare@1.18.97|stock_margin_detail_sse,2022-10-21,,2026-09-26T07:18:15.375826+00:00,2022-10-24,CONSERVATIVE_T1,margin_sse,600269,True
2022-10-21,AGGREGATOR|research-node|akshare@1.18.97|stock_margin_detail_sse,2022-10-21,,2026-09-26T07:18:15.375826+00:00,2022-10-24,CONSERVATIVE_T1,margin_sse,600377,True
2022-10-21,AGGREGATOR|research-node|akshare@1.18.97|stock_margin_detail_sse,2022-10-21,,2026-09-26T07:18:15.375826+00:00,2022-10-24,CONSERVATIVE_T1,margin_sse,600567,True
2022-10-21,AGGREGATOR|research-node|akshare@1.18.97|stock_margin_detail_sse,2022-10-21,,2026-09-26T07:18:15.375826+00:00,2022-10-24,CONSERVATIVE_T1,margin_sse,600598,True
2022-10-21,AGGREGATOR|research-node|akshare@1.18.97|stock_margin_detail_sse,2022-10-21,,2026-09-26T07:18:15.375826+00:00,2022-10-24,CONSERVATIVE_T1,margin_sse,600694,True
2022-10-21,AGGREGATOR|research-node|akshare@1.18.97|stock_margin_detail_sse,2022-10-21,,2026-09-26T07:18:15.375826+00:00,2022-10-24,CONSERVATIVE_T1,margin_sse,601298,True
2022-10-21,AGGREGATOR|research-node|akshare@1.18.97|stock_margin_detail_sse,2022-10-21,,2026-09-26T07:18:15.375826+00:00,2022-10-24,CONSERVATIVE_T1,margin_sse,601328,True
2022-10-21,AGGREGATOR|research-node|akshare@1.18.97|stock_margin_detail_sse,2022-10-21,,2026-09-26T07:18:15.375826+00:00,2022-10-24,CONSERVATIVE_T1,margin_sse,601869,True
2022-10-21,AGGREGATOR|research-node|akshare@1.18.97|stock_margin_detail_sse,2022-10-21,,2026-09-26T07:18:15.375826+00:00,2022-10-24,CONSERVATIVE_T1,margin_sse,601985,True
2022-10-21,AGGREGATOR|research-node|akshare@1.18.97|stock_margin_detail_sse,2022-10-21,,2026-09-26T07:18:15.375826+00:00,2022-10-24,CONSERVATIVE_T1,margin_sse,601988,True
2022-10-21,AGGREGATOR|research-node|akshare@1.18.97|stock_margin_detail_sse,2022-10-21,,2026-09-26T07:18:15.375826+00:00,2022-10-24,CONSERVATIVE_T1,margin_sse,601992,True
2022-10-21,AGGREGATOR|research-node|akshare@1.18.97|stock_margin_detail_sse,2022-10-21,,2026-09-26T07:18:15.375826+00:00,2022-10-24,CONSERVATIVE_T1,margin_sse,688116,True
2022-10-21,AGGREGATOR|research-node|akshare@1.18.97|stock_margin_detail_sse,2022-10-21,,2026-09-26T07:18:15.375826+00:00,2022-10-24,CONSERVATIVE_T1,margin_sse,688218,True
2022-10-21,AGGREGATOR|research-node|akshare@1.18.97|stock_margin_detail_sse,2022-10-21,,2026-09-26T07:18:15.375826+00:00,2022-10-24,CONSERVATIVE_T1,margin_sse,688521,True
2022-10-24,AGGREGATOR|research-node|akshare@1.18.97|stock_margin_detail_sse,2022-10-24,,2026-09-26T07:18:19.977191+00:00,2022-10-25,CONSERVATIVE_T1,margin_sse,600269,True
2022-10-24,AGGREGATOR|research-node|akshare@1.18.97|stock_margin_detail_sse,2022-10-24,,2026-09-26T07:18:19.977191+00:00,2022-10-25,CONSERVATIVE_T1,margin_sse,600377,True
2022-10-24,AGGREGATOR|research-node|akshare@1.18.97|stock_margin_detail_sse,2022-10-24,,2026-09-26T07:18:19.977191+00:00,2022-10-25,CONSERVATIVE_T1,margin_sse,600567,True
2022-10-24,AGGREGATOR|research-node|akshare@1.18.97|stock_margin_detail_sse,2022-10-24,,2026-09-26T07:18:19.977191+00:00,2022-10-25,CONSERVATIVE_T1,margin_sse,600598,True
2022-10-24,AGGREGATOR|research-node|akshare@1.18.97|stock_margin_detail_sse,2022-10-24,,2026-09-26T07:18:19.977191+00:00,2022-10-25,CONSERVATIVE_T1,margin_sse,600694,True
2022-10-24,AGGREGATOR|research-node|akshare@1.18.97|stock_margin_detail_sse,2022-10-24,,2026-09-26T07:18:19.977191+00:00,2022-10-25,CONSERVATIVE_T1,margin_sse,601298,True
2022-10-24,AGGREGATOR|research-node|akshare@1.18.97|stock_margin_detail_sse,2022-10-24,,2026-09-26T07:18:19.977191+00:00,2022-10-25,CONSERVATIVE_T1,margin_sse,601328,True
2022-10-24,AGGREGATOR|research-node|akshare@1.18.97|stock_margin_detail_sse,2022-10-24,,2026-09-26T07:18:19.977191+00:00,2022-10-25,CONSERVATIVE_T1,margin_sse,601869,True
2022-10-24,AGGREGATOR|research-node|akshare@1.18.97|stock_margin_detail_sse,2022-10-24,,2026-09-26T07:18:19.977191+00:00,2022-10-25,CONSERVATIVE_T1,margin_sse,601985,True
2022-10-24,AGGREGATOR|research-node|akshare@1.18.97|stock_margin_detail_sse,2022-10-24,,2026-09-26T07:18:19.977191+00:00,2022-10-25,CONSERVATIVE_T1,margin_sse,601988,True
2022-10-24,AGGREGATOR|research-node|akshare@1.18.97|stock_margin_detail_sse,2022-10-24,,2026-09-26T07:18:19.977191+00:00,2022-10-25,CONSERVATIVE_T1,margin_sse,601992,True
2022-10-24,AGGREGATOR|research-node|akshare@1.18.97|stock_margin_detail_sse,2022-10-24,,2026-09-26T07:18:19.977191+00:00,2022-10-25,CONSERVATIVE_T1,margin_sse,688116,True
2022-10-24,AGGREGATOR|research-node|akshare@1.18.97|stock_margin_detail_sse,2022-10-24,,2026-09-26T07:18:19.977191+00:00,2022-10-25,CONSERVATIVE_T1,margin_sse,688218,True
2022-10-24,AGGREGATOR|research-node|akshare@1.18.97|stock_margin_detail_sse,2022-10-24,,2026-09-26T07:18:19.977191+00:00,2022-10-25,CONSERVATIVE_T1,margin_sse,688521,True
2022-10-25,AGGREGATOR|research-node|akshare@1.18.97|stock_margin_detail_sse,2022-10-25,,2026-09-26T07:18:24.280282+00:00,2022-10-26,CONSERVATIVE_T1,margin_sse,600269,True
2022-10-25,AGGREGATOR|research-node|akshare@1.18.97|stock_margin_detail_sse,2022-10-25,,2026-09-26T07:18:24.280282+00:00,2022-10-26,CONSERVATIVE_T1,margin_sse,600377,True
2022-10-25,AGGREGATOR|research-node|akshare@1.18.97|stock_margin_detail_sse,2022-10-25,,2026-09-26T07:18:24.280282+00:00,2022-10-26,CONSERVATIVE_T1,margin_sse,600567,True
2022-10-25,AGGREGATOR|research-node|akshare@1.18.97|stock_margin_detail_sse,2022-10-25,,2026-09-26T07:18:24.280282+00:00,2022-10-26,CONSERVATIVE_T1,margin_sse,600598,True
2022-10-25,AGGREGATOR|research-node|akshare@1.18.97|stock_margin_detail_sse,2022-10-25,,2026-09-26T07:18:24.280282+00:00,2022-10-26,CONSERVATIVE_T1,margin_sse,600694,True
2022-10-25,AGGREGATOR|research-node|akshare@1.18.97|stock_margin_detail_sse,2022-10-25,,2026-09-26T07:18:24.280282+00:00,2022-10-26,CONSERVATIVE_T1,margin_sse,601298,True
2022-10-25,AGGREGATOR|research-node|akshare@1.18.97|stock_margin_detail_sse,2022-10-25,,2026-09-26T07:18:24.280282+00:00,2022-10-26,CONSERVATIVE_T1,margin_sse,601328,True
2022-10-25,AGGREGATOR|research-node|akshare@1.18.97|stock_margin_detail_sse,2022-10-25,,2026-09-26T07:18:24.280282+00:00,2022-10-26,CONSERVATIVE_T1,margin_sse,601869,True
2022-10-25,AGGREGATOR|research-node|akshare@1.18.97|stock_margin_detail_sse,2022-10-25,,2026-09-26T07:18:24.280282+00:00,2022-10-26,CONSERVATIVE_T1,margin_sse,601985,True
2022-10-25,AGGREGATOR|research-node|akshare@1.18.97|stock_margin_detail_sse,2022-10-25,,2026-09-26T07:18:24.280282+00:00,2022-10-26,CONSERVATIVE_T1,margin_sse,601988,True
2022-10-25,AGGREGATOR|research-node|akshare@1.18.97|stock_margin_detail_sse,2022-10-25,,2026-09-26T07:18:24.280282+00:00,2022-10-26,CONSERVATIVE_T1,margin_sse,601992,True
2022-10-25,AGGREGATOR|research-node|akshare@1.18.97|stock_margin_detail_sse,2022-10-25,,2026-09-26T07:18:24.280282+00:00,2022-10-26,CONSERVATIVE_T1,margin_sse,688116,True
2022-10-25,AGGREGATOR|research-node|akshare@1.18.97|stock_margin_detail_sse,2022-10-25,,2026-09-26T07:18:24.280282+00:00,2022-10-26,CONSERVATIVE_T1,margin_sse,688218,True
2022-10-25,AGGREGATOR|research-node|akshare@1.18.97|stock_margin_detail_sse,2022-10-25,,2026-09-26T07:18:24.280282+00:00,2022-10-26,CONSERVATIVE_T1,margin_sse,688521,True
2022-10-26,AGGREGATOR|research-node|akshare@1.18.97|stock_margin_detail_sse,2022-10-26,,2026-09-26T07:18:28.511818+00:00,2022-10-27,CONSERVATIVE_T1,margin_sse,600269,True
2022-10-26,AGGREGATOR|research-node|akshare@1.18.97|stock_margin_detail_sse,2022-10-26,,2026-09-26T07:18:28.511818+00:00,2022-10-27,CONSERVATIVE_T1,margin_sse,600377,True
2022-10-26,AGGREGATOR|research-node|akshare@1.18.97|stock_margin_detail_sse,2022-10-26,,2026-09-26T07:18:28.511818+00:00,2022-10-27,CONSERVATIVE_T1,margin_sse,600567,True
2022-10-26,AGGREGATOR|research-node|akshare@1.18.97|stock_margin_detail_sse,2022-10-26,,2026-09-26T07:18:28.511818+00:00,2022-10-27,CONSERVATIVE_T1,margin_sse,600598,True
2022-10-26,AGGREGATOR|research-node|akshare@1.18.97|stock_margin_detail_sse,2022-10-26,,2026-09-26T07:18:28.511818+00:00,2022-10-27,CONSERVATIVE_T1,margin_sse,600694,True
2022-10-26,AGGREGATOR|research-node|akshare@1.18.97|stock_margin_detail_sse,2022-10-26,,2026-09-26T07:18:28.511818+00:00,2022-10-27,CONSERVATIVE_T1,margin_sse,601298,True
2022-10-26,AGGREGATOR|research-node|akshare@1.18.97|stock_margin_detail_sse,2022-10-26,,2026-09-26T07:18:28.511818+00:00,2022-10-27,CONSERVATIVE_T1,margin_sse,601328,True
2022-10-26,AGGREGATOR|research-node|akshare@1.18.97|stock_margin_detail_sse,2022-10-26,,2026-09-26T07:18:28.511818+00:00,2022-10-27,CONSERVATIVE_T1,margin_sse,601869,True
2022-10-26,AGGREGATOR|research-node|akshare@1.18.97|stock_margin_detail_sse,2022-10-26,,2026-09-26T07:18:28.511818+00:00,2022-10-27,CONSERVATIVE_T1,margin_sse,601985,True
2022-10-26,AGGREGATOR|research-node|akshare@1.18.97|stock_margin_detail_sse,2022-10-26,,2026-09-26T07:18:28.511818+00:00,2022-10-27,CONSERVATIVE_T1,margin_sse,601988,True
2022-10-26,AGGREGATOR|research-node|akshare@1.18.97|stock_margin_detail_sse,2022-10-26,,2026-09-26T07:18:28.511818+00:00,2022-10-27,CONSERVATIVE_T1,margin_sse,601992,True
2022-10-26,AGGREGATOR|research-node|akshare@1.18.97|stock_margin_detail_sse,2022-10-26,,2026-09-26T07:18:28.511818+00:00,2022-10-27,CONSERVATIVE_T1,margin_sse,688116,True
2022-10-26,AGGREGATOR|research-node|akshare@1.18.97|stock_margin_detail_sse,2022-10-26,,2026-09-26T07:18:28.511818+00:00,2022-10-27,CONSERVATIVE_T1,margin_sse,688218,True
2022-10-26,AGGREGATOR|research-node|akshare@1.18.97|stock_margin_detail_sse,2022-10-26,,2026-09-26T07:18:28.511818+00:00,2022-10-27,CONSERVATIVE_T1,margin_sse,688521,True
2022-10-27,AGGREGATOR|research-node|akshare@1.18.97|stock_margin_detail_sse,2022-10-27,,2026-09-26T07:18:32.705248+00:00,2022-10-28,CONSERVATIVE_T1,margin_sse,600269,True
2022-10-27,AGGREGATOR|research-node|akshare@1.18.97|stock_margin_detail_sse,2022-10-27,,2026-09-26T07:18:32.705248+00:00,2022-10-28,CONSERVATIVE_T1,margin_sse,600377,True
2022-10-27,AGGREGATOR|research-node|akshare@1.18.97|stock_margin_detail_sse,2022-10-27,,2026-09-26T07:18:32.705248+00:00,2022-10-28,CONSERVATIVE_T1,margin_sse,600567,True
2022-10-27,AGGREGATOR|research-node|akshare@1.18.97|stock_margin_detail_sse,2022-10-27,,2026-09-26T07:18:32.705248+00:00,2022-10-28,CONSERVATIVE_T1,margin_sse,600598,True
2022-10-27,AGGREGATOR|research-node|akshare@1.18.97|stock_margin_detail_sse,2022-10-27,,2026-09-26T07:18:32.705248+00:00,2022-10-28,CONSERVATIVE_T1,margin_sse,600694,True
2022-10-27,AGGREGATOR|research-node|akshare@1.18.97|stock_margin_detail_sse,2022-10-27,,2026-09-26T07:18:32.705248+00:00,2022-10-28,CONSERVATIVE_T1,margin_sse,601298,True
2022-10-27,AGGREGATOR|research-node|akshare@1.18.97|stock_margin_detail_sse,2022-10-27,,2026-09-26T07:18:32.705248+00:00,2022-10-28,CONSERVATIVE_T1,margin_sse,601328,True
2022-10-27,AGGREGATOR|research-node|akshare@1.18.97|stock_margin_detail_sse,2022-10-27,,2026-09-26T07:18:32.705248+00:00,2022-10-28,CONSERVATIVE_T1,margin_sse,601869,True
2022-10-27,AGGREGATOR|research-node|akshare@1.18.97|stock_margin_detail_sse,2022-10-27,,2026-09-26T07:18:32.705248+00:00,2022-10-28,CONSERVATIVE_T1,margin_sse,601985,True
2022-10-27,AGGREGATOR|research-node|akshare@1.18.97|stock_margin_detail_sse,2022-10-27,,2026-09-26T07:18:32.705248+00:00,2022-10-28,CONSERVATIVE_T1,margin_sse,601988,True
2022-10-27,AGGREGATOR|research-node|akshare@1.18.97|stock_margin_detail_sse,2022-10-27,,2026-09-26T07:18:32.705248+00:00,2022-10-28,CONSERVATIVE_T1,margin_sse,601992,True
2022-10-27,AGGREGATOR|research-node|akshare@1.18.97|stock_margin_detail_sse,2022-10-27,,2026-09-26T07:18:32.705248+00:00,2022-10-28,CONSERVATIVE_T1,margin_sse,688116,True
2022-10-27,AGGREGATOR|research-node|akshare@1.18.97|stock_margin_detail_sse,2022-10-27,,2026-09-26T07:18:32.705248+00:00,2022-10-28,CONSERVATIVE_T1,margin_sse,688218,True
2022-10-27,AGGREGATOR|research-node|akshare@1.18.97|stock_margin_detail_sse,2022-10-27,,2026-09-26T07:18:32.705248+00:00,2022-10-28,CONSERVATIVE_T1,margin_sse,688521,True
2022-10-28,AGGREGATOR|research-node|akshare@1.18.97|stock_margin_detail_sse,2022-10-28,,2026-09-26T07:18:36.933364+00:00,2022-10-31,CONSERVATIVE_T1,margin_sse,600269,True
2022-10-28,AGGREGATOR|research-node|akshare@1.18.97|stock_margin_detail_sse,2022-10-28,,2026-09-26T07:18:36.933364+00:00,2022-10-31,CONSERVATIVE_T1,margin_sse,600377,True
2022-10-28,AGGREGATOR|research-node|akshare@1.18.97|stock_margin_detail_sse,2022-10-28,,2026-09-26T07:18:36.933364+00:00,2022-10-31,CONSERVATIVE_T1,margin_sse,600567,True
2022-10-28,AGGREGATOR|research-node|akshare@1.18.97|stock_margin_detail_sse,2022-10-28,,2026-09-26T07:18:36.933364+00:00,2022-10-31,CONSERVATIVE_T1,margin_sse,600598,True
2022-10-28,AGGREGATOR|research-node|akshare@1.18.97|stock_margin_detail_sse,2022-10-28,,2026-09-26T07:18:36.933364+00:00,2022-10-31,CONSERVATIVE_T1,margin_sse,600694,True
2022-10-28,AGGREGATOR|research-node|akshare@1.18.97|stock_margin_detail_sse,2022-10-28,,2026-09-26T07:18:36.933364+00:00,2022-10-31,CONSERVATIVE_T1,margin_sse,601298,True
2022-10-28,AGGREGATOR|research-node|akshare@1.18.97|stock_margin_detail_sse,2022-10-28,,2026-09-26T07:18:36.933364+00:00,2022-10-31,CONSERVATIVE_T1,margin_sse,601328,True
2022-10-28,AGGREGATOR|research-node|akshare@1.18.97|stock_margin_detail_sse,2022-10-28,,2026-09-26T07:18:36.933364+00:00,2022-10-31,CONSERVATIVE_T1,margin_sse,601869,True
2022-10-28,AGGREGATOR|research-node|akshare@1.18.97|stock_margin_detail_sse,2022-10-28,,2026-09-26T07:18:36.933364+00:00,2022-10-31,CONSERVATIVE_T1,margin_sse,601985,True
2022-10-28,AGGREGATOR|research-node|akshare@1.18.97|stock_margin_detail_sse,2022-10-28,,2026-09-26T07:18:36.933364+00:00,2022-10-31,CONSERVATIVE_T1,margin_sse,601988,True
2022-10-28,AGGREGATOR|research-node|akshare@1.18.97|stock_margin_detail_sse,2022-10-28,,2026-09-26T07:18:36.933364+00:00,2022-10-31,CONSERVATIVE_T1,margin_sse,601992,True
2022-10-28,AGGREGATOR|research-node|akshare@1.18.97|stock_margin_detail_sse,2022-10-28,,2026-09-26T07:18:36.933364+00:00,2022-10-31,CONSERVATIVE_T1,margin_sse,688116,True
2022-10-28,AGGREGATOR|research-node|akshare@1.18.97|stock_margin_detail_sse,2022-10-28,,2026-09-26T07:18:36.933364+00:00,2022-10-31,CONSERVATIVE_T1,margin_sse,688218,True
2022-10-28,AGGREGATOR|research-node|akshare@1.18.97|stock_margin_detail_sse,2022-10-28,,2026-09-26T07:18:36.933364+00:00,2022-10-31,CONSERVATIVE_T1,margin_sse,688521,True
2022-10-31,AGGREGATOR|research-node|akshare@1.18.97|stock_margin_detail_sse,2022-10-31,,2026-09-26T07:18:41.184042+00:00,2022-11-01,CONSERVATIVE_T1,margin_sse,600269,True
2022-10-31,AGGREGATOR|research-node|akshare@1.18.97|stock_margin_detail_sse,2022-10-31,,2026-09-26T07:18:41.184042+00:00,2022-11-01,CONSERVATIVE_T1,margin_sse,600377,True
2022-10-31,AGGREGATOR|research-node|akshare@1.18.97|stock_margin_detail_sse,2022-10-31,,2026-09-26T07:18:41.184042+00:00,2022-11-01,CONSERVATIVE_T1,margin_sse,600567,True
2022-10-31,AGGREGATOR|research-node|akshare@1.18.97|stock_margin_detail_sse,2022-10-31,,2026-09-26T07:18:41.184042+00:00,2022-11-01,CONSERVATIVE_T1,margin_sse,600598,True
2022-10-31,AGGREGATOR|research-node|akshare@1.18.97|stock_margin_detail_sse,2022-10-31,,2026-09-26T07:18:41.184042+00:00,2022-11-01,CONSERVATIVE_T1,margin_sse,600694,True
2022-10-31,AGGREGATOR|research-node|akshare@1.18.97|stock_margin_detail_sse,2022-10-31,,2026-09-26T07:18:41.184042+00:00,2022-11-01,CONSERVATIVE_T1,margin_sse,601298,True
2022-10-31,AGGREGATOR|research-node|akshare@1.18.97|stock_margin_detail_sse,2022-10-31,,2026-09-26T07:18:41.184042+00:00,2022-11-01,CONSERVATIVE_T1,margin_sse,601328,True
2022-10-31,AGGREGATOR|research-node|akshare@1.18.97|stock_margin_detail_sse,2022-10-31,,2026-09-26T07:18:41.184042+00:00,2022-11-01,CONSERVATIVE_T1,margin_sse,601869,True
2022-10-31,AGGREGATOR|research-node|akshare@1.18.97|stock_margin_detail_sse,2022-10-31,,2026-09-26T07:18:41.184042+00:00,2022-11-01,CONSERVATIVE_T1,margin_sse,601985,True
2022-10-31,AGGREGATOR|research-node|akshare@1.18.97|stock_margin_detail_sse,2022-10-31,,2026-09-26T07:18:41.184042+00:00,2022-11-01,CONSERVATIVE_T1,margin_sse,601988,True
2022-10-31,AGGREGATOR|research-node|akshare@1.18.97|stock_margin_detail_sse,2022-10-31,,2026-09-26T07:18:41.184042+00:00,2022-11-01,CONSERVATIVE_T1,margin_sse,601992,True
2022-10-31,AGGREGATOR|research-node|akshare@1.18.97|stock_margin_detail_sse,2022-10-31,,2026-09-26T07:18:41.184042+00:00,2022-11-01,CONSERVATIVE_T1,margin_sse,688116,True
2022-10-31,AGGREGATOR|research-node|akshare@1.18.97|stock_margin_detail_sse,2022-10-31,,2026-09-26T07:18:41.184042+00:00,2022-11-01,CONSERVATIVE_T1,margin_sse,688218,True
2022-10-31,AGGREGATOR|research-node|akshare@1.18.97|stock_margin_detail_sse,2022-10-31,,2026-09-26T07:18:41.184042+00:00,2022-11-01,CONSERVATIVE_T1,margin_sse,688521,True
2022-11-01,AGGREGATOR|research-node|akshare@1.18.97|stock_margin_detail_sse,2022-11-01,,2026-09-26T07:18:45.480188+00:00,2022-11-02,CONSERVATIVE_T1,margin_sse,600269,True
2022-11-01,AGGREGATOR|research-node|akshare@1.18.97|stock_margin_detail_sse,2022-11-01,,2026-09-26T07:18:45.480188+00:00,2022-11-02,CONSERVATIVE_T1,margin_sse,600377,True
2022-11-01,AGGREGATOR|research-node|akshare@1.18.97|stock_margin_detail_sse,2022-11-01,,2026-09-26T07:18:45.480188+00:00,2022-11-02,CONSERVATIVE_T1,margin_sse,600567,True
2022-11-01,AGGREGATOR|research-node|akshare@1.18.97|stock_margin_detail_sse,2022-11-01,,2026-09-26T07:18:45.480188+00:00,2022-11-02,CONSERVATIVE_T1,margin_sse,600598,True
2022-11-01,AGGREGATOR|research-node|akshare@1.18.97|stock_margin_detail_sse,2022-11-01,,2026-09-26T07:18:45.480188+00:00,2022-11-02,CONSERVATIVE_T1,margin_sse,600694,True
2022-11-01,AGGREGATOR|research-node|akshare@1.18.97|stock_margin_detail_sse,2022-11-01,,2026-09-26T07:18:45.480188+00:00,2022-11-02,CONSERVATIVE_T1,margin_sse,601298,True
2022-11-01,AGGREGATOR|research-node|akshare@1.18.97|stock_margin_detail_sse,2022-11-01,,2026-09-26T07:18:45.480188+00:00,2022-11-02,CONSERVATIVE_T1,margin_sse,601328,True
2022-11-01,AGGREGATOR|research-node|akshare@1.18.97|stock_margin_detail_sse,2022-11-01,,2026-09-26T07:18:45.480188+00:00,2022-11-02,CONSERVATIVE_T1,margin_sse,601869,True
2022-11-01,AGGREGATOR|research-node|akshare@1.18.97|stock_margin_detail_sse,2022-11-01,,2026-09-26T07:18:45.480188+00:00,2022-11-02,CONSERVATIVE_T1,margin_sse,601985,True
2022-11-01,AGGREGATOR|research-node|akshare@1.18.97|stock_margin_detail_sse,2022-11-01,,2026-09-26T07:18:45.480188+00:00,2022-11-02,CONSERVATIVE_T1,margin_sse,601988,True
2022-11-01,AGGREGATOR|research-node|akshare@1.18.97|stock_margin_detail_sse,2022-11-01,,2026-09-26T07:18:45.480188+00:00,2022-11-02,CONSERVATIVE_T1,margin_sse,601992,True
2022-11-01,AGGREGATOR|research-node|akshare@1.18.97|stock_margin_detail_sse,2022-11-01,,2026-09-26T07:18:45.480188+00:00,2022-11-02,CONSERVATIVE_T1,margin_sse,688116,True
2022-11-01,AGGREGATOR|research-node|akshare@1.18.97|stock_margin_detail_sse,2022-11-01,,2026-09-26T07:18:45.480188+00:00,2022-11-02,CONSERVATIVE_T1,margin_sse,688218,True
2022-11-01,AGGREGATOR|research-node|akshare@1.18.97|stock_margin_detail_sse,2022-11-01,,2026-09-26T07:18:45.480188+00:00,2022-11-02,CONSERVATIVE_T1,margin_sse,688521,True
2022-11-02,AGGREGATOR|research-node|akshare@1.18.97|stock_margin_detail_sse,2022-11-02,,2026-09-26T07:18:49.684342+00:00,2022-11-03,CONSERVATIVE_T1,margin_sse,600269,True
2022-11-02,AGGREGATOR|research-node|akshare@1.18.97|stock_margin_detail_sse,2022-11-02,,2026-09-26T07:18:49.684342+00:00,2022-11-03,CONSERVATIVE_T1,margin_sse,600377,True
2022-11-02,AGGREGATOR|research-node|akshare@1.18.97|stock_margin_detail_sse,2022-11-02,,2026-09-26T07:18:49.684342+00:00,2022-11-03,CONSERVATIVE_T1,margin_sse,600567,True
2022-11-02,AGGREGATOR|research-node|akshare@1.18.97|stock_margin_detail_sse,2022-11-02,,2026-09-26T07:18:49.684342+00:00,2022-11-03,CONSERVATIVE_T1,margin_sse,600598,True
2022-11-02,AGGREGATOR|research-node|akshare@1.18.97|stock_margin_detail_sse,2022-11-02,,2026-09-26T07:18:49.684342+00:00,2022-11-03,CONSERVATIVE_T1,margin_sse,600694,True
2022-11-02,AGGREGATOR|research-node|akshare@1.18.97|stock_margin_detail_sse,2022-11-02,,2026-09-26T07:18:49.684342+00:00,2022-11-03,CONSERVATIVE_T1,margin_sse,601298,True
2022-11-02,AGGREGATOR|research-node|akshare@1.18.97|stock_margin_detail_sse,2022-11-02,,2026-09-26T07:18:49.684342+00:00,2022-11-03,CONSERVATIVE_T1,margin_sse,601328,True
2022-11-02,AGGREGATOR|research-node|akshare@1.18.97|stock_margin_detail_sse,2022-11-02,,2026-09-26T07:18:49.684342+00:00,2022-11-03,CONSERVATIVE_T1,margin_sse,601869,True
2022-11-02,AGGREGATOR|research-node|akshare@1.18.97|stock_margin_detail_sse,2022-11-02,,2026-09-26T07:18:49.684342+00:00,2022-11-03,CONSERVATIVE_T1,margin_sse,601985,True
2022-11-02,AGGREGATOR|research-node|akshare@1.18.97|stock_margin_detail_sse,2022-11-02,,2026-09-26T07:18:49.684342+00:00,2022-11-03,CONSERVATIVE_T1,margin_sse,601988,True
2022-11-02,AGGREGATOR|research-node|akshare@1.18.97|stock_margin_detail_sse,2022-11-02,,2026-09-26T07:18:49.684342+00:00,2022-11-03,CONSERVATIVE_T1,margin_sse,601992,True
2022-11-02,AGGREGATOR|research-node|akshare@1.18.97|stock_margin_detail_sse,2022-11-02,,2026-09-26T07:18:49.684342+00:00,2022-11-03,CONSERVATIVE_T1,margin_sse,688116,True
2022-11-02,AGGREGATOR|research-node|akshare@1.18.97|stock_margin_detail_sse,2022-11-02,,2026-09-26T07:18:49.684342+00:00,2022-11-03,CONSERVATIVE_T1,margin_sse,688218,True
2022-11-02,AGGREGATOR|research-node|akshare@1.18.97|stock_margin_detail_sse,2022-11-02,,2026-09-26T07:18:49.684342+00:00,2022-11-03,CONSERVATIVE_T1,margin_sse,688521,True
2022-11-03,AGGREGATOR|research-node|akshare@1.18.97|stock_margin_detail_sse,2022-11-03,,2026-09-26T07:18:54.000743+00:00,2022-11-04,CONSERVATIVE_T1,margin_sse,600269,True
2022-11-03,AGGREGATOR|research-node|akshare@1.18.97|stock_margin_detail_sse,2022-11-03,,2026-09-26T07:18:54.000743+00:00,2022-11-04,CONSERVATIVE_T1,margin_sse,600377,True
2022-11-03,AGGREGATOR|research-node|akshare@1.18.97|stock_margin_detail_sse,2022-11-03,,2026-09-26T07:18:54.000743+00:00,2022-11-04,CONSERVATIVE_T1,margin_sse,600567,True
2022-11-03,AGGREGATOR|research-node|akshare@1.18.97|stock_margin_detail_sse,2022-11-03,,2026-09-26T07:18:54.000743+00:00,2022-11-04,CONSERVATIVE_T1,margin_sse,600598,True
2022-11-03,AGGREGATOR|research-node|akshare@1.18.97|stock_margin_detail_sse,2022-11-03,,2026-09-26T07:18:54.000743+00:00,2022-11-04,CONSERVATIVE_T1,margin_sse,600694,True
2022-11-03,AGGREGATOR|research-node|akshare@1.18.97|stock_margin_detail_sse,2022-11-03,,2026-09-26T07:18:54.000743+00:00,2022-11-04,CONSERVATIVE_T1,margin_sse,601298,True
2022-11-03,AGGREGATOR|research-node|akshare@1.18.97|stock_margin_detail_sse,2022-11-03,,2026-09-26T07:18:54.000743+00:00,2022-11-04,CONSERVATIVE_T1,margin_sse,601328,True
2022-11-03,AGGREGATOR|research-node|akshare@1.18.97|stock_margin_detail_sse,2022-11-03,,2026-09-26T07:18:54.000743+00:00,2022-11-04,CONSERVATIVE_T1,margin_sse,601869,True
2022-11-03,AGGREGATOR|research-node|akshare@1.18.97|stock_margin_detail_sse,2022-11-03,,2026-09-26T07:18:54.000743+00:00,2022-11-04,CONSERVATIVE_T1,margin_sse,601985,True
2022-11-03,AGGREGATOR|research-node|akshare@1.18.97|stock_margin_detail_sse,2022-11-03,,2026-09-26T07:18:54.000743+00:00,2022-11-04,CONSERVATIVE_T1,margin_sse,601988,True
2022-11-03,AGGREGATOR|research-node|akshare@1.18.97|stock_margin_detail_sse,2022-11-03,,2026-09-26T07:18:54.000743+00:00,2022-11-04,CONSERVATIVE_T1,margin_sse,601992,True
2022-11-03,AGGREGATOR|research-node|akshare@1.18.97|stock_margin_detail_sse,2022-11-03,,2026-09-26T07:18:54.000743+00:00,2022-11-04,CONSERVATIVE_T1,margin_sse,688116,True
2022-11-03,AGGREGATOR|research-node|akshare@1.18.97|stock_margin_detail_sse,2022-11-03,,2026-09-26T07:18:54.000743+00:00,2022-11-04,CONSERVATIVE_T1,margin_sse,688218,True
2022-11-03,AGGREGATOR|research-node|akshare@1.18.97|stock_margin_detail_sse,2022-11-03,,2026-09-26T07:18:54.000743+00:00,2022-11-04,CONSERVATIVE_T1,margin_sse,688521,True
2022-11-04,AGGREGATOR|research-node|akshare@1.18.97|stock_margin_detail_sse,2022-11-04,,2026-09-26T07:18:58.234840+00:00,2022-11-07,CONSERVATIVE_T1,margin_sse,600269,True
2022-11-04,AGGREGATOR|research-node|akshare@1.18.97|stock_margin_detail_sse,2022-11-04,,2026-09-26T07:18:58.234840+00:00,2022-11-07,CONSERVATIVE_T1,margin_sse,600377,True
2022-11-04,AGGREGATOR|research-node|akshare@1.18.97|stock_margin_detail_sse,2022-11-04,,2026-09-26T07:18:58.234840+00:00,2022-11-07,CONSERVATIVE_T1,margin_sse,600567,True
2022-11-04,AGGREGATOR|research-node|akshare@1.18.97|stock_margin_detail_sse,2022-11-04,,2026-09-26T07:18:58.234840+00:00,2022-11-07,CONSERVATIVE_T1,margin_sse,600598,True
2022-11-04,AGGREGATOR|research-node|akshare@1.18.97|stock_margin_detail_sse,2022-11-04,,2026-09-26T07:18:58.234840+00:00,2022-11-07,CONSERVATIVE_T1,margin_sse,600694,True
2022-11-04,AGGREGATOR|research-node|akshare@1.18.97|stock_margin_detail_sse,2022-11-04,,2026-09-26T07:18:58.234840+00:00,2022-11-07,CONSERVATIVE_T1,margin_sse,601298,True
2022-11-04,AGGREGATOR|research-node|akshare@1.18.97|stock_margin_detail_sse,2022-11-04,,2026-09-26T07:18:58.234840+00:00,2022-11-07,CONSERVATIVE_T1,margin_sse,601328,True
2022-11-04,AGGREGATOR|research-node|akshare@1.18.97|stock_margin_detail_sse,2022-11-04,,2026-09-26T07:18:58.234840+00:00,2022-11-07,CONSERVATIVE_T1,margin_sse,601869,True
2022-11-04,AGGREGATOR|research-node|akshare@1.18.97|stock_margin_detail_sse,2022-11-04,,2026-09-26T07:18:58.234840+00:00,2022-11-07,CONSERVATIVE_T1,margin_sse,601985,True
2022-11-04,AGGREGATOR|research-node|akshare@1.18.97|stock_margin_detail_sse,2022-11-04,,2026-09-26T07:18:58.234840+00:00,2022-11-07,CONSERVATIVE_T1,margin_sse,601988,True
2022-11-04,AGGREGATOR|research-node|akshare@1.18.97|stock_margin_detail_sse,2022-11-04,,2026-09-26T07:18:58.234840+00:00,2022-11-07,CONSERVATIVE_T1,margin_sse,601992,True
2022-11-04,AGGREGATOR|research-node|akshare@1.18.97|stock_margin_detail_sse,2022-11-04,,2026-09-26T07:18:58.234840+00:00,2022-11-07,CONSERVATIVE_T1,margin_sse,688116,True
2022-11-04,AGGREGATOR|research-node|akshare@1.18.97|stock_margin_detail_sse,2022-11-04,,2026-09-26T07:18:58.234840+00:00,2022-11-07,CONSERVATIVE_T1,margin_sse,688218,True
2022-11-04,AGGREGATOR|research-node|akshare@1.18.97|stock_margin_detail_sse,2022-11-04,,2026-09-26T07:18:58.234840+00:00,2022-11-07,CONSERVATIVE_T1,margin_sse,688521,True
2022-11-07,AGGREGATOR|research-node|akshare@1.18.97|stock_margin_detail_sse,2022-11-07,,2026-09-26T07:19:02.554068+00:00,2022-11-08,CONSERVATIVE_T1,margin_sse,600269,True
2022-11-07,AGGREGATOR|research-node|akshare@1.18.97|stock_margin_detail_sse,2022-11-07,,2026-09-26T07:19:02.554068+00:00,2022-11-08,CONSERVATIVE_T1,margin_sse,600377,True
2022-11-07,AGGREGATOR|research-node|akshare@1.18.97|stock_margin_detail_sse,2022-11-07,,2026-09-26T07:19:02.554068+00:00,2022-11-08,CONSERVATIVE_T1,margin_sse,600567,True
2022-11-07,AGGREGATOR|research-node|akshare@1.18.97|stock_margin_detail_sse,2022-11-07,,2026-09-26T07:19:02.554068+00:00,2022-11-08,CONSERVATIVE_T1,margin_sse,600598,True
2022-11-07,AGGREGATOR|research-node|akshare@1.18.97|stock_margin_detail_sse,2022-11-07,,2026-09-26T07:19:02.554068+00:00,2022-11-08,CONSERVATIVE_T1,margin_sse,600694,True
2022-11-07,AGGREGATOR|research-node|akshare@1.18.97|stock_margin_detail_sse,2022-11-07,,2026-09-26T07:19:02.554068+00:00,2022-11-08,CONSERVATIVE_T1,margin_sse,601298,True
2022-11-07,AGGREGATOR|research-node|akshare@1.18.97|stock_margin_detail_sse,2022-11-07,,2026-09-26T07:19:02.554068+00:00,2022-11-08,CONSERVATIVE_T1,margin_sse,601328,True
2022-11-07,AGGREGATOR|research-node|akshare@1.18.97|stock_margin_detail_sse,2022-11-07,,2026-09-26T07:19:02.554068+00:00,2022-11-08,CONSERVATIVE_T1,margin_sse,601869,True
2022-11-07,AGGREGATOR|research-node|akshare@1.18.97|stock_margin_detail_sse,2022-11-07,,2026-09-26T07:19:02.554068+00:00,2022-11-08,CONSERVATIVE_T1,margin_sse,601985,True
2022-11-07,AGGREGATOR|research-node|akshare@1.18.97|stock_margin_detail_sse,2022-11-07,,2026-09-26T07:19:02.554068+00:00,2022-11-08,CONSERVATIVE_T1,margin_sse,601988,True
2022-11-07,AGGREGATOR|research-node|akshare@1.18.97|stock_margin_detail_sse,2022-11-07,,2026-09-26T07:19:02.554068+00:00,2022-11-08,CONSERVATIVE_T1,margin_sse,601992,True
2022-11-07,AGGREGATOR|research-node|akshare@1.18.97|stock_margin_detail_sse,2022-11-07,,2026-09-26T07:19:02.554068+00:00,2022-11-08,CONSERVATIVE_T1,margin_sse,688116,True
2022-11-07,AGGREGATOR|research-node|akshare@1.18.97|stock_margin_detail_sse,2022-11-07,,2026-09-26T07:19:02.554068+00:00,2022-11-08,CONSERVATIVE_T1,margin_sse,688218,True
2022-11-07,AGGREGATOR|research-node|akshare@1.18.97|stock_margin_detail_sse,2022-11-07,,2026-09-26T07:19:02.554068+00:00,2022-11-08,CONSERVATIVE_T1,margin_sse,688521,True
2022-11-08,AGGREGATOR|research-node|akshare@1.18.97|stock_margin_detail_sse,2022-11-08,,2026-09-26T07:19:06.792171+00:00,2022-11-09,CONSERVATIVE_T1,margin_sse,600269,True
2022-11-08,AGGREGATOR|research-node|akshare@1.18.97|stock_margin_detail_sse,2022-11-08,,2026-09-26T07:19:06.792171+00:00,2022-11-09,CONSERVATIVE_T1,margin_sse,600377,True
2022-11-08,AGGREGATOR|research-node|akshare@1.18.97|stock_margin_detail_sse,2022-11-08,,2026-09-26T07:19:06.792171+00:00,2022-11-09,CONSERVATIVE_T1,margin_sse,600567,True
2022-11-08,AGGREGATOR|research-node|akshare@1.18.97|stock_margin_detail_sse,2022-11-08,,2026-09-26T07:19:06.792171+00:00,2022-11-09,CONSERVATIVE_T1,margin_sse,600598,True
2022-11-08,AGGREGATOR|research-node|akshare@1.18.97|stock_margin_detail_sse,2022-11-08,,2026-09-26T07:19:06.792171+00:00,2022-11-09,CONSERVATIVE_T1,margin_sse,600694,True
2022-11-08,AGGREGATOR|research-node|akshare@1.18.97|stock_margin_detail_sse,2022-11-08,,2026-09-26T07:19:06.792171+00:00,2022-11-09,CONSERVATIVE_T1,margin_sse,601298,True
2022-11-08,AGGREGATOR|research-node|akshare@1.18.97|stock_margin_detail_sse,2022-11-08,,2026-09-26T07:19:06.792171+00:00,2022-11-09,CONSERVATIVE_T1,margin_sse,601328,True
2022-11-08,AGGREGATOR|research-node|akshare@1.18.97|stock_margin_detail_sse,2022-11-08,,2026-09-26T07:19:06.792171+00:00,2022-11-09,CONSERVATIVE_T1,margin_sse,601869,True
2022-11-08,AGGREGATOR|research-node|akshare@1.18.97|stock_margin_detail_sse,2022-11-08,,2026-09-26T07:19:06.792171+00:00,2022-11-09,CONSERVATIVE_T1,margin_sse,601985,True
2022-11-08,AGGREGATOR|research-node|akshare@1.18.97|stock_margin_detail_sse,2022-11-08,,2026-09-26T07:19:06.792171+00:00,2022-11-09,CONSERVATIVE_T1,margin_sse,601988,True
2022-11-08,AGGREGATOR|research-node|akshare@1.18.97|stock_margin_detail_sse,2022-11-08,,2026-09-26T07:19:06.792171+00:00,2022-11-09,CONSERVATIVE_T1,margin_sse,601992,True
2022-11-08,AGGREGATOR|research-node|akshare@1.18.97|stock_margin_detail_sse,2022-11-08,,2026-09-26T07:19:06.792171+00:00,2022-11-09,CONSERVATIVE_T1,margin_sse,688116,True
2022-11-08,AGGREGATOR|research-node|akshare@1.18.97|stock_margin_detail_sse,2022-11-08,,2026-09-26T07:19:06.792171+00:00,2022-11-09,CONSERVATIVE_T1,margin_sse,688218,True
2022-11-08,AGGREGATOR|research-node|akshare@1.18.97|stock_margin_detail_sse,2022-11-08,,2026-09-26T07:19:06.792171+00:00,2022-11-09,CONSERVATIVE_T1,margin_sse,688521,True
2022-11-09,AGGREGATOR|research-node|akshare@1.18.97|stock_margin_detail_sse,2022-11-09,,2026-09-26T07:19:11.082562+00:00,2022-11-10,CONSERVATIVE_T1,margin_sse,600269,True
2022-11-09,AGGREGATOR|research-node|akshare@1.18.97|stock_margin_detail_sse,2022-11-09,,2026-09-26T07:19:11.082562+00:00,2022-11-10,CONSERVATIVE_T1,margin_sse,600377,True
2022-11-09,AGGREGATOR|research-node|akshare@1.18.97|stock_margin_detail_sse,2022-11-09,,2026-09-26T07:19:11.082562+00:00,2022-11-10,CONSERVATIVE_T1,margin_sse,600567,True
2022-11-09,AGGREGATOR|research-node|akshare@1.18.97|stock_margin_detail_sse,2022-11-09,,2026-09-26T07:19:11.082562+00:00,2022-11-10,CONSERVATIVE_T1,margin_sse,600598,True
2022-11-09,AGGREGATOR|research-node|akshare@1.18.97|stock_margin_detail_sse,2022-11-09,,2026-09-26T07:19:11.082562+00:00,2022-11-10,CONSERVATIVE_T1,margin_sse,600694,True
2022-11-09,AGGREGATOR|research-node|akshare@1.18.97|stock_margin_detail_sse,2022-11-09,,2026-09-26T07:19:11.082562+00:00,2022-11-10,CONSERVATIVE_T1,margin_sse,601298,True
2022-11-09,AGGREGATOR|research-node|akshare@1.18.97|stock_margin_detail_sse,2022-11-09,,2026-09-26T07:19:11.082562+00:00,2022-11-10,CONSERVATIVE_T1,margin_sse,601328,True
2022-11-09,AGGREGATOR|research-node|akshare@1.18.97|stock_margin_detail_sse,2022-11-09,,2026-09-26T07:19:11.082562+00:00,2022-11-10,CONSERVATIVE_T1,margin_sse,601869,True
2022-11-09,AGGREGATOR|research-node|akshare@1.18.97|stock_margin_detail_sse,2022-11-09,,2026-09-26T07:19:11.082562+00:00,2022-11-10,CONSERVATIVE_T1,margin_sse,601985,True
2022-11-09,AGGREGATOR|research-node|akshare@1.18.97|stock_margin_detail_sse,2022-11-09,,2026-09-26T07:19:11.082562+00:00,2022-11-10,CONSERVATIVE_T1,margin_sse,601988,True
2022-11-09,AGGREGATOR|research-node|akshare@1.18.97|stock_margin_detail_sse,2022-11-09,,2026-09-26T07:19:11.082562+00:00,2022-11-10,CONSERVATIVE_T1,margin_sse,601992,True
2022-11-09,AGGREGATOR|research-node|akshare@1.18.97|stock_margin_detail_sse,2022-11-09,,2026-09-26T07:19:11.082562+00:00,2022-11-10,CONSERVATIVE_T1,margin_sse,688116,True
2022-11-09,AGGREGATOR|research-node|akshare@1.18.97|stock_margin_detail_sse,2022-11-09,,2026-09-26T07:19:11.082562+00:00,2022-11-10,CONSERVATIVE_T1,margin_sse,688218,True
2022-11-09,AGGREGATOR|research-node|akshare@1.18.97|stock_margin_detail_sse,2022-11-09,,2026-09-26T07:19:11.082562+00:00,2022-11-10,CONSERVATIVE_T1,margin_sse,688521,True
2022-11-10,AGGREGATOR|research-node|akshare@1.18.97|stock_margin_detail_sse,2022-11-10,,2026-09-26T07:19:15.335454+00:00,2022-11-11,CONSERVATIVE_T1,margin_sse,600269,True
2022-11-10,AGGREGATOR|research-node|akshare@1.18.97|stock_margin_detail_sse,2022-11-10,,2026-09-26T07:19:15.335454+00:00,2022-11-11,CONSERVATIVE_T1,margin_sse,600377,True
2022-11-10,AGGREGATOR|research-node|akshare@1.18.97|stock_margin_detail_sse,2022-11-10,,2026-09-26T07:19:15.335454+00:00,2022-11-11,CONSERVATIVE_T1,margin_sse,600567,True
2022-11-10,AGGREGATOR|research-node|akshare@1.18.97|stock_margin_detail_sse,2022-11-10,,2026-09-26T07:19:15.335454+00:00,2022-11-11,CONSERVATIVE_T1,margin_sse,600598,True
2022-11-10,AGGREGATOR|research-node|akshare@1.18.97|stock_margin_detail_sse,2022-11-10,,2026-09-26T07:19:15.335454+00:00,2022-11-11,CONSERVATIVE_T1,margin_sse,600694,True
2022-11-10,AGGREGATOR|research-node|akshare@1.18.97|stock_margin_detail_sse,2022-11-10,,2026-09-26T07:19:15.335454+00:00,2022-11-11,CONSERVATIVE_T1,margin_sse,601298,True
2022-11-10,AGGREGATOR|research-node|akshare@1.18.97|stock_margin_detail_sse,2022-11-10,,2026-09-26T07:19:15.335454+00:00,2022-11-11,CONSERVATIVE_T1,margin_sse,601328,True
2022-11-10,AGGREGATOR|research-node|akshare@1.18.97|stock_margin_detail_sse,2022-11-10,,2026-09-26T07:19:15.335454+00:00,2022-11-11,CONSERVATIVE_T1,margin_sse,601869,True
2022-11-10,AGGREGATOR|research-node|akshare@1.18.97|stock_margin_detail_sse,2022-11-10,,2026-09-26T07:19:15.335454+00:00,2022-11-11,CONSERVATIVE_T1,margin_sse,601985,True
2022-11-10,AGGREGATOR|research-node|akshare@1.18.97|stock_margin_detail_sse,2022-11-10,,2026-09-26T07:19:15.335454+00:00,2022-11-11,CONSERVATIVE_T1,margin_sse,601988,True
2022-11-10,AGGREGATOR|research-node|akshare@1.18.97|stock_margin_detail_sse,2022-11-10,,2026-09-26T07:19:15.335454+00:00,2022-11-11,CONSERVATIVE_T1,margin_sse,601992,True
2022-11-10,AGGREGATOR|research-node|akshare@1.18.97|stock_margin_detail_sse,2022-11-10,,2026-09-26T07:19:15.335454+00:00,2022-11-11,CONSERVATIVE_T1,margin_sse,688116,True
2022-11-10,AGGREGATOR|research-node|akshare@1.18.97|stock_margin_detail_sse,2022-11-10,,2026-09-26T07:19:15.335454+00:00,2022-11-11,CONSERVATIVE_T1,margin_sse,688218,True
2022-11-10,AGGREGATOR|research-node|akshare@1.18.97|stock_margin_detail_sse,2022-11-10,,2026-09-26T07:19:15.335454+00:00,2022-11-11,CONSERVATIVE_T1,margin_sse,688521,True
2022-11-11,AGGREGATOR|research-node|akshare@1.18.97|stock_margin_detail_sse,2022-11-11,,2026-09-26T07:19:19.549806+00:00,2022-11-14,CONSERVATIVE_T1,margin_sse,600269,True
2022-11-11,AGGREGATOR|research-node|akshare@1.18.97|stock_margin_detail_sse,2022-11-11,,2026-09-26T07:19:19.549806+00:00,2022-11-14,CONSERVATIVE_T1,margin_sse,600377,True
2022-11-11,AGGREGATOR|research-node|akshare@1.18.97|stock_margin_detail_sse,2022-11-11,,2026-09-26T07:19:19.549806+00:00,2022-11-14,CONSERVATIVE_T1,margin_sse,600567,True
2022-11-11,AGGREGATOR|research-node|akshare@1.18.97|stock_margin_detail_sse,2022-11-11,,2026-09-26T07:19:19.549806+00:00,2022-11-14,CONSERVATIVE_T1,margin_sse,600598,True
2022-11-11,AGGREGATOR|research-node|akshare@1.18.97|stock_margin_detail_sse,2022-11-11,,2026-09-26T07:19:19.549806+00:00,2022-11-14,CONSERVATIVE_T1,margin_sse,600694,True
2022-11-11,AGGREGATOR|research-node|akshare@1.18.97|stock_margin_detail_sse,2022-11-11,,2026-09-26T07:19:19.549806+00:00,2022-11-14,CONSERVATIVE_T1,margin_sse,601298,True
2022-11-11,AGGREGATOR|research-node|akshare@1.18.97|stock_margin_detail_sse,2022-11-11,,2026-09-26T07:19:19.549806+00:00,2022-11-14,CONSERVATIVE_T1,margin_sse,601328,True
2022-11-11,AGGREGATOR|research-node|akshare@1.18.97|stock_margin_detail_sse,2022-11-11,,2026-09-26T07:19:19.549806+00:00,2022-11-14,CONSERVATIVE_T1,margin_sse,601869,True
2022-11-11,AGGREGATOR|research-node|akshare@1.18.97|stock_margin_detail_sse,2022-11-11,,2026-09-26T07:19:19.549806+00:00,2022-11-14,CONSERVATIVE_T1,margin_sse,601985,True
2022-11-11,AGGREGATOR|research-node|akshare@1.18.97|stock_margin_detail_sse,2022-11-11,,2026-09-26T07:19:19.549806+00:00,2022-11-14,CONSERVATIVE_T1,margin_sse,601988,True
2022-11-11,AGGREGATOR|research-node|akshare@1.18.97|stock_margin_detail_sse,2022-11-11,,2026-09-26T07:19:19.549806+00:00,2022-11-14,CONSERVATIVE_T1,margin_sse,601992,True
2022-11-11,AGGREGATOR|research-node|akshare@1.18.97|stock_margin_detail_sse,2022-11-11,,2026-09-26T07:19:19.549806+00:00,2022-11-14,CONSERVATIVE_T1,margin_sse,688116,True
2022-11-11,AGGREGATOR|research-node|akshare@1.18.97|stock_margin_detail_sse,2022-11-11,,2026-09-26T07:19:19.549806+00:00,2022-11-14,CONSERVATIVE_T1,margin_sse,688218,True
2022-11-11,AGGREGATOR|research-node|akshare@1.18.97|stock_margin_detail_sse,2022-11-11,,2026-09-26T07:19:19.549806+00:00,2022-11-14,CONSERVATIVE_T1,margin_sse,688521,True
2022-11-14,AGGREGATOR|research-node|akshare@1.18.97|stock_margin_detail_sse,2022-11-14,,2026-09-26T07:19:24.018737+00:00,2022-11-15,CONSERVATIVE_T1,margin_sse,600269,True
2022-11-14,AGGREGATOR|research-node|akshare@1.18.97|stock_margin_detail_sse,2022-11-14,,2026-09-26T07:19:24.018737+00:00,2022-11-15,CONSERVATIVE_T1,margin_sse,600377,True
2022-11-14,AGGREGATOR|research-node|akshare@1.18.97|stock_margin_detail_sse,2022-11-14,,2026-09-26T07:19:24.018737+00:00,2022-11-15,CONSERVATIVE_T1,margin_sse,600567,True
2022-11-14,AGGREGATOR|research-node|akshare@1.18.97|stock_margin_detail_sse,2022-11-14,,2026-09-26T07:19:24.018737+00:00,2022-11-15,CONSERVATIVE_T1,margin_sse,600598,True
2022-11-14,AGGREGATOR|research-node|akshare@1.18.97|stock_margin_detail_sse,2022-11-14,,2026-09-26T07:19:24.018737+00:00,2022-11-15,CONSERVATIVE_T1,margin_sse,600694,True
2022-11-14,AGGREGATOR|research-node|akshare@1.18.97|stock_margin_detail_sse,2022-11-14,,2026-09-26T07:19:24.018737+00:00,2022-11-15,CONSERVATIVE_T1,margin_sse,601298,True
2022-11-14,AGGREGATOR|research-node|akshare@1.18.97|stock_margin_detail_sse,2022-11-14,,2026-09-26T07:19:24.018737+00:00,2022-11-15,CONSERVATIVE_T1,margin_sse,601328,True
2022-11-14,AGGREGATOR|research-node|akshare@1.18.97|stock_margin_detail_sse,2022-11-14,,2026-09-26T07:19:24.018737+00:00,2022-11-15,CONSERVATIVE_T1,margin_sse,601869,True
2022-11-14,AGGREGATOR|research-node|akshare@1.18.97|stock_margin_detail_sse,2022-11-14,,2026-09-26T07:19:24.018737+00:00,2022-11-15,CONSERVATIVE_T1,margin_sse,601985,True
2022-11-14,AGGREGATOR|research-node|akshare@1.18.97|stock_margin_detail_sse,2022-11-14,,2026-09-26T07:19:24.018737+00:00,2022-11-15,CONSERVATIVE_T1,margin_sse,601988,True
2022-11-14,AGGREGATOR|research-node|akshare@1.18.97|stock_margin_detail_sse,2022-11-14,,2026-09-26T07:19:24.018737+00:00,2022-11-15,CONSERVATIVE_T1,margin_sse,601992,True
2022-11-14,AGGREGATOR|research-node|akshare@1.18.97|stock_margin_detail_sse,2022-11-14,,2026-09-26T07:19:24.018737+00:00,2022-11-15,CONSERVATIVE_T1,margin_sse,688116,True
2022-11-14,AGGREGATOR|research-node|akshare@1.18.97|stock_margin_detail_sse,2022-11-14,,2026-09-26T07:19:24.018737+00:00,2022-11-15,CONSERVATIVE_T1,margin_sse,688218,True
2022-11-14,AGGREGATOR|research-node|akshare@1.18.97|stock_margin_detail_sse,2022-11-14,,2026-09-26T07:19:24.018737+00:00,2022-11-15,CONSERVATIVE_T1,margin_sse,688521,True
2022-11-15,AGGREGATOR|research-node|akshare@1.18.97|stock_margin_detail_sse,2022-11-15,,2026-09-26T07:19:28.272778+00:00,2022-11-16,CONSERVATIVE_T1,margin_sse,600269,True
2022-11-15,AGGREGATOR|research-node|akshare@1.18.97|stock_margin_detail_sse,2022-11-15,,2026-09-26T07:19:28.272778+00:00,2022-11-16,CONSERVATIVE_T1,margin_sse,600377,True
2022-11-15,AGGREGATOR|research-node|akshare@1.18.97|stock_margin_detail_sse,2022-11-15,,2026-09-26T07:19:28.272778+00:00,2022-11-16,CONSERVATIVE_T1,margin_sse,600567,True
2022-11-15,AGGREGATOR|research-node|akshare@1.18.97|stock_margin_detail_sse,2022-11-15,,2026-09-26T07:19:28.272778+00:00,2022-11-16,CONSERVATIVE_T1,margin_sse,600598,True
2022-11-15,AGGREGATOR|research-node|akshare@1.18.97|stock_margin_detail_sse,2022-11-15,,2026-09-26T07:19:28.272778+00:00,2022-11-16,CONSERVATIVE_T1,margin_sse,600694,True
2022-11-15,AGGREGATOR|research-node|akshare@1.18.97|stock_margin_detail_sse,2022-11-15,,2026-09-26T07:19:28.272778+00:00,2022-11-16,CONSERVATIVE_T1,margin_sse,601298,True
2022-11-15,AGGREGATOR|research-node|akshare@1.18.97|stock_margin_detail_sse,2022-11-15,,2026-09-26T07:19:28.272778+00:00,2022-11-16,CONSERVATIVE_T1,margin_sse,601328,True
2022-11-15,AGGREGATOR|research-node|akshare@1.18.97|stock_margin_detail_sse,2022-11-15,,2026-09-26T07:19:28.272778+00:00,2022-11-16,CONSERVATIVE_T1,margin_sse,601869,True
2022-11-15,AGGREGATOR|research-node|akshare@1.18.97|stock_margin_detail_sse,2022-11-15,,2026-09-26T07:19:28.272778+00:00,2022-11-16,CONSERVATIVE_T1,margin_sse,601985,True
2022-11-15,AGGREGATOR|research-node|akshare@1.18.97|stock_margin_detail_sse,2022-11-15,,2026-09-26T07:19:28.272778+00:00,2022-11-16,CONSERVATIVE_T1,margin_sse,601988,True
2022-11-15,AGGREGATOR|research-node|akshare@1.18.97|stock_margin_detail_sse,2022-11-15,,2026-09-26T07:19:28.272778+00:00,2022-11-16,CONSERVATIVE_T1,margin_sse,601992,True
2022-11-15,AGGREGATOR|research-node|akshare@1.18.97|stock_margin_detail_sse,2022-11-15,,2026-09-26T07:19:28.272778+00:00,2022-11-16,CONSERVATIVE_T1,margin_sse,688116,True
2022-11-15,AGGREGATOR|research-node|akshare@1.18.97|stock_margin_detail_sse,2022-11-15,,2026-09-26T07:19:28.272778+00:00,2022-11-16,CONSERVATIVE_T1,margin_sse,688218,True
2022-11-15,AGGREGATOR|research-node|akshare@1.18.97|stock_margin_detail_sse,2022-11-15,,2026-09-26T07:19:28.272778+00:00,2022-11-16,CONSERVATIVE_T1,margin_sse,688521,True
2022-11-16,AGGREGATOR|research-node|akshare@1.18.97|stock_margin_detail_sse,2022-11-16,,2026-09-26T07:19:32.510478+00:00,2022-11-17,CONSERVATIVE_T1,margin_sse,600269,True
2022-11-16,AGGREGATOR|research-node|akshare@1.18.97|stock_margin_detail_sse,2022-11-16,,2026-09-26T07:19:32.510478+00:00,2022-11-17,CONSERVATIVE_T1,margin_sse,600377,True
2022-11-16,AGGREGATOR|research-node|akshare@1.18.97|stock_margin_detail_sse,2022-11-16,,2026-09-26T07:19:32.510478+00:00,2022-11-17,CONSERVATIVE_T1,margin_sse,600567,True
2022-11-16,AGGREGATOR|research-node|akshare@1.18.97|stock_margin_detail_sse,2022-11-16,,2026-09-26T07:19:32.510478+00:00,2022-11-17,CONSERVATIVE_T1,margin_sse,600598,True
2022-11-16,AGGREGATOR|research-node|akshare@1.18.97|stock_margin_detail_sse,2022-11-16,,2026-09-26T07:19:32.510478+00:00,2022-11-17,CONSERVATIVE_T1,margin_sse,600694,True
2022-11-16,AGGREGATOR|research-node|akshare@1.18.97|stock_margin_detail_sse,2022-11-16,,2026-09-26T07:19:32.510478+00:00,2022-11-17,CONSERVATIVE_T1,margin_sse,601298,True
2022-11-16,AGGREGATOR|research-node|akshare@1.18.97|stock_margin_detail_sse,2022-11-16,,2026-09-26T07:19:32.510478+00:00,2022-11-17,CONSERVATIVE_T1,margin_sse,601328,True
2022-11-16,AGGREGATOR|research-node|akshare@1.18.97|stock_margin_detail_sse,2022-11-16,,2026-09-26T07:19:32.510478+00:00,2022-11-17,CONSERVATIVE_T1,margin_sse,601869,True
2022-11-16,AGGREGATOR|research-node|akshare@1.18.97|stock_margin_detail_sse,2022-11-16,,2026-09-26T07:19:32.510478+00:00,2022-11-17,CONSERVATIVE_T1,margin_sse,601985,True
2022-11-16,AGGREGATOR|research-node|akshare@1.18.97|stock_margin_detail_sse,2022-11-16,,2026-09-26T07:19:32.510478+00:00,2022-11-17,CONSERVATIVE_T1,margin_sse,601988,True
2022-11-16,AGGREGATOR|research-node|akshare@1.18.97|stock_margin_detail_sse,2022-11-16,,2026-09-26T07:19:32.510478+00:00,2022-11-17,CONSERVATIVE_T1,margin_sse,601992,True
2022-11-16,AGGREGATOR|research-node|akshare@1.18.97|stock_margin_detail_sse,2022-11-16,,2026-09-26T07:19:32.510478+00:00,2022-11-17,CONSERVATIVE_T1,margin_sse,688116,True
2022-11-16,AGGREGATOR|research-node|akshare@1.18.97|stock_margin_detail_sse,2022-11-16,,2026-09-26T07:19:32.510478+00:00,2022-11-17,CONSERVATIVE_T1,margin_sse,688218,True
2022-11-16,AGGREGATOR|research-node|akshare@1.18.97|stock_margin_detail_sse,2022-11-16,,2026-09-26T07:19:32.510478+00:00,2022-11-17,CONSERVATIVE_T1,margin_sse,688521,True
2022-11-17,AGGREGATOR|research-node|akshare@1.18.97|stock_margin_detail_sse,2022-11-17,,2026-09-26T07:19:36.723991+00:00,2022-11-18,CONSERVATIVE_T1,margin_sse,600269,True
2022-11-17,AGGREGATOR|research-node|akshare@1.18.97|stock_margin_detail_sse,2022-11-17,,2026-09-26T07:19:36.723991+00:00,2022-11-18,CONSERVATIVE_T1,margin_sse,600377,True
2022-11-17,AGGREGATOR|research-node|akshare@1.18.97|stock_margin_detail_sse,2022-11-17,,2026-09-26T07:19:36.723991+00:00,2022-11-18,CONSERVATIVE_T1,margin_sse,600567,True
2022-11-17,AGGREGATOR|research-node|akshare@1.18.97|stock_margin_detail_sse,2022-11-17,,2026-09-26T07:19:36.723991+00:00,2022-11-18,CONSERVATIVE_T1,margin_sse,600598,True
2022-11-17,AGGREGATOR|research-node|akshare@1.18.97|stock_margin_detail_sse,2022-11-17,,2026-09-26T07:19:36.723991+00:00,2022-11-18,CONSERVATIVE_T1,margin_sse,600694,True
2022-11-17,AGGREGATOR|research-node|akshare@1.18.97|stock_margin_detail_sse,2022-11-17,,2026-09-26T07:19:36.723991+00:00,2022-11-18,CONSERVATIVE_T1,margin_sse,601298,True
2022-11-17,AGGREGATOR|research-node|akshare@1.18.97|stock_margin_detail_sse,2022-11-17,,2026-09-26T07:19:36.723991+00:00,2022-11-18,CONSERVATIVE_T1,margin_sse,601328,True
2022-11-17,AGGREGATOR|research-node|akshare@1.18.97|stock_margin_detail_sse,2022-11-17,,2026-09-26T07:19:36.723991+00:00,2022-11-18,CONSERVATIVE_T1,margin_sse,601869,True
2022-11-17,AGGREGATOR|research-node|akshare@1.18.97|stock_margin_detail_sse,2022-11-17,,2026-09-26T07:19:36.723991+00:00,2022-11-18,CONSERVATIVE_T1,margin_sse,601985,True
2022-11-17,AGGREGATOR|research-node|akshare@1.18.97|stock_margin_detail_sse,2022-11-17,,2026-09-26T07:19:36.723991+00:00,2022-11-18,CONSERVATIVE_T1,margin_sse,601988,True
2022-11-17,AGGREGATOR|research-node|akshare@1.18.97|stock_margin_detail_sse,2022-11-17,,2026-09-26T07:19:36.723991+00:00,2022-11-18,CONSERVATIVE_T1,margin_sse,601992,True
2022-11-17,AGGREGATOR|research-node|akshare@1.18.97|stock_margin_detail_sse,2022-11-17,,2026-09-26T07:19:36.723991+00:00,2022-11-18,CONSERVATIVE_T1,margin_sse,688116,True
2022-11-17,AGGREGATOR|research-node|akshare@1.18.97|stock_margin_detail_sse,2022-11-17,,2026-09-26T07:19:36.723991+00:00,2022-11-18,CONSERVATIVE_T1,margin_sse,688218,True
2022-11-17,AGGREGATOR|research-node|akshare@1.18.97|stock_margin_detail_sse,2022-11-17,,2026-09-26T07:19:36.723991+00:00,2022-11-18,CONSERVATIVE_T1,margin_sse,688521,True
2022-11-18,AGGREGATOR|research-node|akshare@1.18.97|stock_margin_detail_sse,2022-11-18,,2026-09-26T07:19:40.985591+00:00,2022-11-21,CONSERVATIVE_T1,margin_sse,600269,True
2022-11-18,AGGREGATOR|research-node|akshare@1.18.97|stock_margin_detail_sse,2022-11-18,,2026-09-26T07:19:40.985591+00:00,2022-11-21,CONSERVATIVE_T1,margin_sse,600377,True
2022-11-18,AGGREGATOR|research-node|akshare@1.18.97|stock_margin_detail_sse,2022-11-18,,2026-09-26T07:19:40.985591+00:00,2022-11-21,CONSERVATIVE_T1,margin_sse,600567,True
2022-11-18,AGGREGATOR|research-node|akshare@1.18.97|stock_margin_detail_sse,2022-11-18,,2026-09-26T07:19:40.985591+00:00,2022-11-21,CONSERVATIVE_T1,margin_sse,600598,True
2022-11-18,AGGREGATOR|research-node|akshare@1.18.97|stock_margin_detail_sse,2022-11-18,,2026-09-26T07:19:40.985591+00:00,2022-11-21,CONSERVATIVE_T1,margin_sse,600694,True
2022-11-18,AGGREGATOR|research-node|akshare@1.18.97|stock_margin_detail_sse,2022-11-18,,2026-09-26T07:19:40.985591+00:00,2022-11-21,CONSERVATIVE_T1,margin_sse,601298,True
2022-11-18,AGGREGATOR|research-node|akshare@1.18.97|stock_margin_detail_sse,2022-11-18,,2026-09-26T07:19:40.985591+00:00,2022-11-21,CONSERVATIVE_T1,margin_sse,601328,True
2022-11-18,AGGREGATOR|research-node|akshare@1.18.97|stock_margin_detail_sse,2022-11-18,,2026-09-26T07:19:40.985591+00:00,2022-11-21,CONSERVATIVE_T1,margin_sse,601869,True
2022-11-18,AGGREGATOR|research-node|akshare@1.18.97|stock_margin_detail_sse,2022-11-18,,2026-09-26T07:19:40.985591+00:00,2022-11-21,CONSERVATIVE_T1,margin_sse,601985,True
2022-11-18,AGGREGATOR|research-node|akshare@1.18.97|stock_margin_detail_sse,2022-11-18,,2026-09-26T07:19:40.985591+00:00,2022-11-21,CONSERVATIVE_T1,margin_sse,601988,True
2022-11-18,AGGREGATOR|research-node|akshare@1.18.97|stock_margin_detail_sse,2022-11-18,,2026-09-26T07:19:40.985591+00:00,2022-11-21,CONSERVATIVE_T1,margin_sse,601992,True
2022-11-18,AGGREGATOR|research-node|akshare@1.18.97|stock_margin_detail_sse,2022-11-18,,2026-09-26T07:19:40.985591+00:00,2022-11-21,CONSERVATIVE_T1,margin_sse,688116,True
2022-11-18,AGGREGATOR|research-node|akshare@1.18.97|stock_margin_detail_sse,2022-11-18,,2026-09-26T07:19:40.985591+00:00,2022-11-21,CONSERVATIVE_T1,margin_sse,688218,True
2022-11-18,AGGREGATOR|research-node|akshare@1.18.97|stock_margin_detail_sse,2022-11-18,,2026-09-26T07:19:40.985591+00:00,2022-11-21,CONSERVATIVE_T1,margin_sse,688521,True
2022-11-21,AGGREGATOR|research-node|akshare@1.18.97|stock_margin_detail_sse,2022-11-21,,2026-09-26T07:19:45.237533+00:00,2022-11-22,CONSERVATIVE_T1,margin_sse,600269,True
2022-11-21,AGGREGATOR|research-node|akshare@1.18.97|stock_margin_detail_sse,2022-11-21,,2026-09-26T07:19:45.237533+00:00,2022-11-22,CONSERVATIVE_T1,margin_sse,600377,True
2022-11-21,AGGREGATOR|research-node|akshare@1.18.97|stock_margin_detail_sse,2022-11-21,,2026-09-26T07:19:45.237533+00:00,2022-11-22,CONSERVATIVE_T1,margin_sse,600567,True
2022-11-21,AGGREGATOR|research-node|akshare@1.18.97|stock_margin_detail_sse,2022-11-21,,2026-09-26T07:19:45.237533+00:00,2022-11-22,CONSERVATIVE_T1,margin_sse,600598,True
2022-11-21,AGGREGATOR|research-node|akshare@1.18.97|stock_margin_detail_sse,2022-11-21,,2026-09-26T07:19:45.237533+00:00,2022-11-22,CONSERVATIVE_T1,margin_sse,600694,True
2022-11-21,AGGREGATOR|research-node|akshare@1.18.97|stock_margin_detail_sse,2022-11-21,,2026-09-26T07:19:45.237533+00:00,2022-11-22,CONSERVATIVE_T1,margin_sse,601298,True
2022-11-21,AGGREGATOR|research-node|akshare@1.18.97|stock_margin_detail_sse,2022-11-21,,2026-09-26T07:19:45.237533+00:00,2022-11-22,CONSERVATIVE_T1,margin_sse,601328,True
2022-11-21,AGGREGATOR|research-node|akshare@1.18.97|stock_margin_detail_sse,2022-11-21,,2026-09-26T07:19:45.237533+00:00,2022-11-22,CONSERVATIVE_T1,margin_sse,601869,True
2022-11-21,AGGREGATOR|research-node|akshare@1.18.97|stock_margin_detail_sse,2022-11-21,,2026-09-26T07:19:45.237533+00:00,2022-11-22,CONSERVATIVE_T1,margin_sse,601985,True
2022-11-21,AGGREGATOR|research-node|akshare@1.18.97|stock_margin_detail_sse,2022-11-21,,2026-09-26T07:19:45.237533+00:00,2022-11-22,CONSERVATIVE_T1,margin_sse,601988,True
2022-11-21,AGGREGATOR|research-node|akshare@1.18.97|stock_margin_detail_sse,2022-11-21,,2026-09-26T07:19:45.237533+00:00,2022-11-22,CONSERVATIVE_T1,margin_sse,601992,True
2022-11-21,AGGREGATOR|research-node|akshare@1.18.97|stock_margin_detail_sse,2022-11-21,,2026-09-26T07:19:45.237533+00:00,2022-11-22,CONSERVATIVE_T1,margin_sse,688116,True
2022-11-21,AGGREGATOR|research-node|akshare@1.18.97|stock_margin_detail_sse,2022-11-21,,2026-09-26T07:19:45.237533+00:00,2022-11-22,CONSERVATIVE_T1,margin_sse,688218,True
2022-11-21,AGGREGATOR|research-node|akshare@1.18.97|stock_margin_detail_sse,2022-11-21,,2026-09-26T07:19:45.237533+00:00,2022-11-22,CONSERVATIVE_T1,margin_sse,688521,True
2022-11-22,AGGREGATOR|research-node|akshare@1.18.97|stock_margin_detail_sse,2022-11-22,,2026-09-26T07:19:49.525534+00:00,2022-11-23,CONSERVATIVE_T1,margin_sse,600269,True
2022-11-22,AGGREGATOR|research-node|akshare@1.18.97|stock_margin_detail_sse,2022-11-22,,2026-09-26T07:19:49.525534+00:00,2022-11-23,CONSERVATIVE_T1,margin_sse,600377,True
2022-11-22,AGGREGATOR|research-node|akshare@1.18.97|stock_margin_detail_sse,2022-11-22,,2026-09-26T07:19:49.525534+00:00,2022-11-23,CONSERVATIVE_T1,margin_sse,600567,True
2022-11-22,AGGREGATOR|research-node|akshare@1.18.97|stock_margin_detail_sse,2022-11-22,,2026-09-26T07:19:49.525534+00:00,2022-11-23,CONSERVATIVE_T1,margin_sse,600598,True
2022-11-22,AGGREGATOR|research-node|akshare@1.18.97|stock_margin_detail_sse,2022-11-22,,2026-09-26T07:19:49.525534+00:00,2022-11-23,CONSERVATIVE_T1,margin_sse,600694,True
2022-11-22,AGGREGATOR|research-node|akshare@1.18.97|stock_margin_detail_sse,2022-11-22,,2026-09-26T07:19:49.525534+00:00,2022-11-23,CONSERVATIVE_T1,margin_sse,601298,True
2022-11-22,AGGREGATOR|research-node|akshare@1.18.97|stock_margin_detail_sse,2022-11-22,,2026-09-26T07:19:49.525534+00:00,2022-11-23,CONSERVATIVE_T1,margin_sse,601328,True
2022-11-22,AGGREGATOR|research-node|akshare@1.18.97|stock_margin_detail_sse,2022-11-22,,2026-09-26T07:19:49.525534+00:00,2022-11-23,CONSERVATIVE_T1,margin_sse,601869,True
2022-11-22,AGGREGATOR|research-node|akshare@1.18.97|stock_margin_detail_sse,2022-11-22,,2026-09-26T07:19:49.525534+00:00,2022-11-23,CONSERVATIVE_T1,margin_sse,601985,True
2022-11-22,AGGREGATOR|research-node|akshare@1.18.97|stock_margin_detail_sse,2022-11-22,,2026-09-26T07:19:49.525534+00:00,2022-11-23,CONSERVATIVE_T1,margin_sse,601988,True
2022-11-22,AGGREGATOR|research-node|akshare@1.18.97|stock_margin_detail_sse,2022-11-22,,2026-09-26T07:19:49.525534+00:00,2022-11-23,CONSERVATIVE_T1,margin_sse,601992,True
2022-11-22,AGGREGATOR|research-node|akshare@1.18.97|stock_margin_detail_sse,2022-11-22,,2026-09-26T07:19:49.525534+00:00,2022-11-23,CONSERVATIVE_T1,margin_sse,688116,True
2022-11-22,AGGREGATOR|research-node|akshare@1.18.97|stock_margin_detail_sse,2022-11-22,,2026-09-26T07:19:49.525534+00:00,2022-11-23,CONSERVATIVE_T1,margin_sse,688218,True
2022-11-22,AGGREGATOR|research-node|akshare@1.18.97|stock_margin_detail_sse,2022-11-22,,2026-09-26T07:19:49.525534+00:00,2022-11-23,CONSERVATIVE_T1,margin_sse,688521,True
2022-11-23,AGGREGATOR|research-node|akshare@1.18.97|stock_margin_detail_sse,2022-11-23,,2026-09-26T07:19:53.797426+00:00,2022-11-24,CONSERVATIVE_T1,margin_sse,600269,True
2022-11-23,AGGREGATOR|research-node|akshare@1.18.97|stock_margin_detail_sse,2022-11-23,,2026-09-26T07:19:53.797426+00:00,2022-11-24,CONSERVATIVE_T1,margin_sse,600377,True
2022-11-23,AGGREGATOR|research-node|akshare@1.18.97|stock_margin_detail_sse,2022-11-23,,2026-09-26T07:19:53.797426+00:00,2022-11-24,CONSERVATIVE_T1,margin_sse,600567,True
2022-11-23,AGGREGATOR|research-node|akshare@1.18.97|stock_margin_detail_sse,2022-11-23,,2026-09-26T07:19:53.797426+00:00,2022-11-24,CONSERVATIVE_T1,margin_sse,600598,True
2022-11-23,AGGREGATOR|research-node|akshare@1.18.97|stock_margin_detail_sse,2022-11-23,,2026-09-26T07:19:53.797426+00:00,2022-11-24,CONSERVATIVE_T1,margin_sse,600694,True
2022-11-23,AGGREGATOR|research-node|akshare@1.18.97|stock_margin_detail_sse,2022-11-23,,2026-09-26T07:19:53.797426+00:00,2022-11-24,CONSERVATIVE_T1,margin_sse,601298,True
2022-11-23,AGGREGATOR|research-node|akshare@1.18.97|stock_margin_detail_sse,2022-11-23,,2026-09-26T07:19:53.797426+00:00,2022-11-24,CONSERVATIVE_T1,margin_sse,601328,True
2022-11-23,AGGREGATOR|research-node|akshare@1.18.97|stock_margin_detail_sse,2022-11-23,,2026-09-26T07:19:53.797426+00:00,2022-11-24,CONSERVATIVE_T1,margin_sse,601869,True
2022-11-23,AGGREGATOR|research-node|akshare@1.18.97|stock_margin_detail_sse,2022-11-23,,2026-09-26T07:19:53.797426+00:00,2022-11-24,CONSERVATIVE_T1,margin_sse,601985,True
2022-11-23,AGGREGATOR|research-node|akshare@1.18.97|stock_margin_detail_sse,2022-11-23,,2026-09-26T07:19:53.797426+00:00,2022-11-24,CONSERVATIVE_T1,margin_sse,601988,True
2022-11-23,AGGREGATOR|research-node|akshare@1.18.97|stock_margin_detail_sse,2022-11-23,,2026-09-26T07:19:53.797426+00:00,2022-11-24,CONSERVATIVE_T1,margin_sse,601992,True
2022-11-23,AGGREGATOR|research-node|akshare@1.18.97|stock_margin_detail_sse,2022-11-23,,2026-09-26T07:19:53.797426+00:00,2022-11-24,CONSERVATIVE_T1,margin_sse,688116,True
2022-11-23,AGGREGATOR|research-node|akshare@1.18.97|stock_margin_detail_sse,2022-11-23,,2026-09-26T07:19:53.797426+00:00,2022-11-24,CONSERVATIVE_T1,margin_sse,688218,True
2022-11-23,AGGREGATOR|research-node|akshare@1.18.97|stock_margin_detail_sse,2022-11-23,,2026-09-26T07:19:53.797426+00:00,2022-11-24,CONSERVATIVE_T1,margin_sse,688521,True
2022-11-24,AGGREGATOR|research-node|akshare@1.18.97|stock_margin_detail_sse,2022-11-24,,2026-09-26T07:19:58.054337+00:00,2022-11-25,CONSERVATIVE_T1,margin_sse,600269,True
2022-11-24,AGGREGATOR|research-node|akshare@1.18.97|stock_margin_detail_sse,2022-11-24,,2026-09-26T07:19:58.054337+00:00,2022-11-25,CONSERVATIVE_T1,margin_sse,600377,True
2022-11-24,AGGREGATOR|research-node|akshare@1.18.97|stock_margin_detail_sse,2022-11-24,,2026-09-26T07:19:58.054337+00:00,2022-11-25,CONSERVATIVE_T1,margin_sse,600567,True
2022-11-24,AGGREGATOR|research-node|akshare@1.18.97|stock_margin_detail_sse,2022-11-24,,2026-09-26T07:19:58.054337+00:00,2022-11-25,CONSERVATIVE_T1,margin_sse,600598,True
2022-11-24,AGGREGATOR|research-node|akshare@1.18.97|stock_margin_detail_sse,2022-11-24,,2026-09-26T07:19:58.054337+00:00,2022-11-25,CONSERVATIVE_T1,margin_sse,600694,True
2022-11-24,AGGREGATOR|research-node|akshare@1.18.97|stock_margin_detail_sse,2022-11-24,,2026-09-26T07:19:58.054337+00:00,2022-11-25,CONSERVATIVE_T1,margin_sse,601298,True
2022-11-24,AGGREGATOR|research-node|akshare@1.18.97|stock_margin_detail_sse,2022-11-24,,2026-09-26T07:19:58.054337+00:00,2022-11-25,CONSERVATIVE_T1,margin_sse,601328,True
2022-11-24,AGGREGATOR|research-node|akshare@1.18.97|stock_margin_detail_sse,2022-11-24,,2026-09-26T07:19:58.054337+00:00,2022-11-25,CONSERVATIVE_T1,margin_sse,601869,True
2022-11-24,AGGREGATOR|research-node|akshare@1.18.97|stock_margin_detail_sse,2022-11-24,,2026-09-26T07:19:58.054337+00:00,2022-11-25,CONSERVATIVE_T1,margin_sse,601985,True
2022-11-24,AGGREGATOR|research-node|akshare@1.18.97|stock_margin_detail_sse,2022-11-24,,2026-09-26T07:19:58.054337+00:00,2022-11-25,CONSERVATIVE_T1,margin_sse,601988,True
2022-11-24,AGGREGATOR|research-node|akshare@1.18.97|stock_margin_detail_sse,2022-11-24,,2026-09-26T07:19:58.054337+00:00,2022-11-25,CONSERVATIVE_T1,margin_sse,601992,True
2022-11-24,AGGREGATOR|research-node|akshare@1.18.97|stock_margin_detail_sse,2022-11-24,,2026-09-26T07:19:58.054337+00:00,2022-11-25,CONSERVATIVE_T1,margin_sse,688116,True
2022-11-24,AGGREGATOR|research-node|akshare@1.18.97|stock_margin_detail_sse,2022-11-24,,2026-09-26T07:19:58.054337+00:00,2022-11-25,CONSERVATIVE_T1,margin_sse,688218,True
2022-11-24,AGGREGATOR|research-node|akshare@1.18.97|stock_margin_detail_sse,2022-11-24,,2026-09-26T07:19:58.054337+00:00,2022-11-25,CONSERVATIVE_T1,margin_sse,688521,True
2022-11-25,AGGREGATOR|research-node|akshare@1.18.97|stock_margin_detail_sse,2022-11-25,,2026-09-26T07:20:02.310251+00:00,2022-11-28,CONSERVATIVE_T1,margin_sse,600269,True
2022-11-25,AGGREGATOR|research-node|akshare@1.18.97|stock_margin_detail_sse,2022-11-25,,2026-09-26T07:20:02.310251+00:00,2022-11-28,CONSERVATIVE_T1,margin_sse,600377,True
2022-11-25,AGGREGATOR|research-node|akshare@1.18.97|stock_margin_detail_sse,2022-11-25,,2026-09-26T07:20:02.310251+00:00,2022-11-28,CONSERVATIVE_T1,margin_sse,600567,True
2022-11-25,AGGREGATOR|research-node|akshare@1.18.97|stock_margin_detail_sse,2022-11-25,,2026-09-26T07:20:02.310251+00:00,2022-11-28,CONSERVATIVE_T1,margin_sse,600598,True
2022-11-25,AGGREGATOR|research-node|akshare@1.18.97|stock_margin_detail_sse,2022-11-25,,2026-09-26T07:20:02.310251+00:00,2022-11-28,CONSERVATIVE_T1,margin_sse,600694,True
2022-11-25,AGGREGATOR|research-node|akshare@1.18.97|stock_margin_detail_sse,2022-11-25,,2026-09-26T07:20:02.310251+00:00,2022-11-28,CONSERVATIVE_T1,margin_sse,601298,True
2022-11-25,AGGREGATOR|research-node|akshare@1.18.97|stock_margin_detail_sse,2022-11-25,,2026-09-26T07:20:02.310251+00:00,2022-11-28,CONSERVATIVE_T1,margin_sse,601328,True
2022-11-25,AGGREGATOR|research-node|akshare@1.18.97|stock_margin_detail_sse,2022-11-25,,2026-09-26T07:20:02.310251+00:00,2022-11-28,CONSERVATIVE_T1,margin_sse,601869,True
2022-11-25,AGGREGATOR|research-node|akshare@1.18.97|stock_margin_detail_sse,2022-11-25,,2026-09-26T07:20:02.310251+00:00,2022-11-28,CONSERVATIVE_T1,margin_sse,601985,True
2022-11-25,AGGREGATOR|research-node|akshare@1.18.97|stock_margin_detail_sse,2022-11-25,,2026-09-26T07:20:02.310251+00:00,2022-11-28,CONSERVATIVE_T1,margin_sse,601988,True
2022-11-25,AGGREGATOR|research-node|akshare@1.18.97|stock_margin_detail_sse,2022-11-25,,2026-09-26T07:20:02.310251+00:00,2022-11-28,CONSERVATIVE_T1,margin_sse,601992,True
2022-11-25,AGGREGATOR|research-node|akshare@1.18.97|stock_margin_detail_sse,2022-11-25,,2026-09-26T07:20:02.310251+00:00,2022-11-28,CONSERVATIVE_T1,margin_sse,688116,True
2022-11-25,AGGREGATOR|research-node|akshare@1.18.97|stock_margin_detail_sse,2022-11-25,,2026-09-26T07:20:02.310251+00:00,2022-11-28,CONSERVATIVE_T1,margin_sse,688218,True
2022-11-25,AGGREGATOR|research-node|akshare@1.18.97|stock_margin_detail_sse,2022-11-25,,2026-09-26T07:20:02.310251+00:00,2022-11-28,CONSERVATIVE_T1,margin_sse,688521,True
2022-11-28,AGGREGATOR|research-node|akshare@1.18.97|stock_margin_detail_sse,2022-11-28,,2026-09-26T07:20:06.639894+00:00,2022-11-29,CONSERVATIVE_T1,margin_sse,600269,True
2022-11-28,AGGREGATOR|research-node|akshare@1.18.97|stock_margin_detail_sse,2022-11-28,,2026-09-26T07:20:06.639894+00:00,2022-11-29,CONSERVATIVE_T1,margin_sse,600377,True
2022-11-28,AGGREGATOR|research-node|akshare@1.18.97|stock_margin_detail_sse,2022-11-28,,2026-09-26T07:20:06.639894+00:00,2022-11-29,CONSERVATIVE_T1,margin_sse,600567,True
2022-11-28,AGGREGATOR|research-node|akshare@1.18.97|stock_margin_detail_sse,2022-11-28,,2026-09-26T07:20:06.639894+00:00,2022-11-29,CONSERVATIVE_T1,margin_sse,600598,True
2022-11-28,AGGREGATOR|research-node|akshare@1.18.97|stock_margin_detail_sse,2022-11-28,,2026-09-26T07:20:06.639894+00:00,2022-11-29,CONSERVATIVE_T1,margin_sse,600694,True
2022-11-28,AGGREGATOR|research-node|akshare@1.18.97|stock_margin_detail_sse,2022-11-28,,2026-09-26T07:20:06.639894+00:00,2022-11-29,CONSERVATIVE_T1,margin_sse,601298,True
2022-11-28,AGGREGATOR|research-node|akshare@1.18.97|stock_margin_detail_sse,2022-11-28,,2026-09-26T07:20:06.639894+00:00,2022-11-29,CONSERVATIVE_T1,margin_sse,601328,True
2022-11-28,AGGREGATOR|research-node|akshare@1.18.97|stock_margin_detail_sse,2022-11-28,,2026-09-26T07:20:06.639894+00:00,2022-11-29,CONSERVATIVE_T1,margin_sse,601869,True
2022-11-28,AGGREGATOR|research-node|akshare@1.18.97|stock_margin_detail_sse,2022-11-28,,2026-09-26T07:20:06.639894+00:00,2022-11-29,CONSERVATIVE_T1,margin_sse,601985,True
2022-11-28,AGGREGATOR|research-node|akshare@1.18.97|stock_margin_detail_sse,2022-11-28,,2026-09-26T07:20:06.639894+00:00,2022-11-29,CONSERVATIVE_T1,margin_sse,601988,True
2022-11-28,AGGREGATOR|research-node|akshare@1.18.97|stock_margin_detail_sse,2022-11-28,,2026-09-26T07:20:06.639894+00:00,2022-11-29,CONSERVATIVE_T1,margin_sse,601992,True
2022-11-28,AGGREGATOR|research-node|akshare@1.18.97|stock_margin_detail_sse,2022-11-28,,2026-09-26T07:20:06.639894+00:00,2022-11-29,CONSERVATIVE_T1,margin_sse,688116,True
2022-11-28,AGGREGATOR|research-node|akshare@1.18.97|stock_margin_detail_sse,2022-11-28,,2026-09-26T07:20:06.639894+00:00,2022-11-29,CONSERVATIVE_T1,margin_sse,688218,True
2022-11-28,AGGREGATOR|research-node|akshare@1.18.97|stock_margin_detail_sse,2022-11-28,,2026-09-26T07:20:06.639894+00:00,2022-11-29,CONSERVATIVE_T1,margin_sse,688521,True
2022-11-29,AGGREGATOR|research-node|akshare@1.18.97|stock_margin_detail_sse,2022-11-29,,2026-09-26T07:20:10.916491+00:00,2022-11-30,CONSERVATIVE_T1,margin_sse,600269,True
2022-11-29,AGGREGATOR|research-node|akshare@1.18.97|stock_margin_detail_sse,2022-11-29,,2026-09-26T07:20:10.916491+00:00,2022-11-30,CONSERVATIVE_T1,margin_sse,600377,True
2022-11-29,AGGREGATOR|research-node|akshare@1.18.97|stock_margin_detail_sse,2022-11-29,,2026-09-26T07:20:10.916491+00:00,2022-11-30,CONSERVATIVE_T1,margin_sse,600567,True
2022-11-29,AGGREGATOR|research-node|akshare@1.18.97|stock_margin_detail_sse,2022-11-29,,2026-09-26T07:20:10.916491+00:00,2022-11-30,CONSERVATIVE_T1,margin_sse,600598,True
2022-11-29,AGGREGATOR|research-node|akshare@1.18.97|stock_margin_detail_sse,2022-11-29,,2026-09-26T07:20:10.916491+00:00,2022-11-30,CONSERVATIVE_T1,margin_sse,600694,True
2022-11-29,AGGREGATOR|research-node|akshare@1.18.97|stock_margin_detail_sse,2022-11-29,,2026-09-26T07:20:10.916491+00:00,2022-11-30,CONSERVATIVE_T1,margin_sse,601298,True
2022-11-29,AGGREGATOR|research-node|akshare@1.18.97|stock_margin_detail_sse,2022-11-29,,2026-09-26T07:20:10.916491+00:00,2022-11-30,CONSERVATIVE_T1,margin_sse,601328,True
2022-11-29,AGGREGATOR|research-node|akshare@1.18.97|stock_margin_detail_sse,2022-11-29,,2026-09-26T07:20:10.916491+00:00,2022-11-30,CONSERVATIVE_T1,margin_sse,601869,True
2022-11-29,AGGREGATOR|research-node|akshare@1.18.97|stock_margin_detail_sse,2022-11-29,,2026-09-26T07:20:10.916491+00:00,2022-11-30,CONSERVATIVE_T1,margin_sse,601985,True
2022-11-29,AGGREGATOR|research-node|akshare@1.18.97|stock_margin_detail_sse,2022-11-29,,2026-09-26T07:20:10.916491+00:00,2022-11-30,CONSERVATIVE_T1,margin_sse,601988,True
2022-11-29,AGGREGATOR|research-node|akshare@1.18.97|stock_margin_detail_sse,2022-11-29,,2026-09-26T07:20:10.916491+00:00,2022-11-30,CONSERVATIVE_T1,margin_sse,601992,True
2022-11-29,AGGREGATOR|research-node|akshare@1.18.97|stock_margin_detail_sse,2022-11-29,,2026-09-26T07:20:10.916491+00:00,2022-11-30,CONSERVATIVE_T1,margin_sse,688116,True
2022-11-29,AGGREGATOR|research-node|akshare@1.18.97|stock_margin_detail_sse,2022-11-29,,2026-09-26T07:20:10.916491+00:00,2022-11-30,CONSERVATIVE_T1,margin_sse,688218,True
2022-11-29,AGGREGATOR|research-node|akshare@1.18.97|stock_margin_detail_sse,2022-11-29,,2026-09-26T07:20:10.916491+00:00,2022-11-30,CONSERVATIVE_T1,margin_sse,688521,True
2022-11-30,AGGREGATOR|research-node|akshare@1.18.97|stock_margin_detail_sse,2022-11-30,,2026-09-26T07:20:15.151042+00:00,2022-12-01,CONSERVATIVE_T1,margin_sse,600269,True
2022-11-30,AGGREGATOR|research-node|akshare@1.18.97|stock_margin_detail_sse,2022-11-30,,2026-09-26T07:20:15.151042+00:00,2022-12-01,CONSERVATIVE_T1,margin_sse,600377,True
2022-11-30,AGGREGATOR|research-node|akshare@1.18.97|stock_margin_detail_sse,2022-11-30,,2026-09-26T07:20:15.151042+00:00,2022-12-01,CONSERVATIVE_T1,margin_sse,600567,True
2022-11-30,AGGREGATOR|research-node|akshare@1.18.97|stock_margin_detail_sse,2022-11-30,,2026-09-26T07:20:15.151042+00:00,2022-12-01,CONSERVATIVE_T1,margin_sse,600598,True
2022-11-30,AGGREGATOR|research-node|akshare@1.18.97|stock_margin_detail_sse,2022-11-30,,2026-09-26T07:20:15.151042+00:00,2022-12-01,CONSERVATIVE_T1,margin_sse,600694,True
2022-11-30,AGGREGATOR|research-node|akshare@1.18.97|stock_margin_detail_sse,2022-11-30,,2026-09-26T07:20:15.151042+00:00,2022-12-01,CONSERVATIVE_T1,margin_sse,601298,True
2022-11-30,AGGREGATOR|research-node|akshare@1.18.97|stock_margin_detail_sse,2022-11-30,,2026-09-26T07:20:15.151042+00:00,2022-12-01,CONSERVATIVE_T1,margin_sse,601328,True
2022-11-30,AGGREGATOR|research-node|akshare@1.18.97|stock_margin_detail_sse,2022-11-30,,2026-09-26T07:20:15.151042+00:00,2022-12-01,CONSERVATIVE_T1,margin_sse,601869,True
2022-11-30,AGGREGATOR|research-node|akshare@1.18.97|stock_margin_detail_sse,2022-11-30,,2026-09-26T07:20:15.151042+00:00,2022-12-01,CONSERVATIVE_T1,margin_sse,601985,True
2022-11-30,AGGREGATOR|research-node|akshare@1.18.97|stock_margin_detail_sse,2022-11-30,,2026-09-26T07:20:15.151042+00:00,2022-12-01,CONSERVATIVE_T1,margin_sse,601988,True
2022-11-30,AGGREGATOR|research-node|akshare@1.18.97|stock_margin_detail_sse,2022-11-30,,2026-09-26T07:20:15.151042+00:00,2022-12-01,CONSERVATIVE_T1,margin_sse,601992,True
2022-11-30,AGGREGATOR|research-node|akshare@1.18.97|stock_margin_detail_sse,2022-11-30,,2026-09-26T07:20:15.151042+00:00,2022-12-01,CONSERVATIVE_T1,margin_sse,688116,True
2022-11-30,AGGREGATOR|research-node|akshare@1.18.97|stock_margin_detail_sse,2022-11-30,,2026-09-26T07:20:15.151042+00:00,2022-12-01,CONSERVATIVE_T1,margin_sse,688218,True
2022-11-30,AGGREGATOR|research-node|akshare@1.18.97|stock_margin_detail_sse,2022-11-30,,2026-09-26T07:20:15.151042+00:00,2022-12-01,CONSERVATIVE_T1,margin_sse,688521,True
2022-12-01,AGGREGATOR|research-node|akshare@1.18.97|stock_margin_detail_sse,2022-12-01,,2026-09-26T07:20:19.420063+00:00,2022-12-02,CONSERVATIVE_T1,margin_sse,600269,True
2022-12-01,AGGREGATOR|research-node|akshare@1.18.97|stock_margin_detail_sse,2022-12-01,,2026-09-26T07:20:19.420063+00:00,2022-12-02,CONSERVATIVE_T1,margin_sse,600377,True
2022-12-01,AGGREGATOR|research-node|akshare@1.18.97|stock_margin_detail_sse,2022-12-01,,2026-09-26T07:20:19.420063+00:00,2022-12-02,CONSERVATIVE_T1,margin_sse,600567,True
2022-12-01,AGGREGATOR|research-node|akshare@1.18.97|stock_margin_detail_sse,2022-12-01,,2026-09-26T07:20:19.420063+00:00,2022-12-02,CONSERVATIVE_T1,margin_sse,600598,True
2022-12-01,AGGREGATOR|research-node|akshare@1.18.97|stock_margin_detail_sse,2022-12-01,,2026-09-26T07:20:19.420063+00:00,2022-12-02,CONSERVATIVE_T1,margin_sse,600694,True
2022-12-01,AGGREGATOR|research-node|akshare@1.18.97|stock_margin_detail_sse,2022-12-01,,2026-09-26T07:20:19.420063+00:00,2022-12-02,CONSERVATIVE_T1,margin_sse,601298,True
2022-12-01,AGGREGATOR|research-node|akshare@1.18.97|stock_margin_detail_sse,2022-12-01,,2026-09-26T07:20:19.420063+00:00,2022-12-02,CONSERVATIVE_T1,margin_sse,601328,True
2022-12-01,AGGREGATOR|research-node|akshare@1.18.97|stock_margin_detail_sse,2022-12-01,,2026-09-26T07:20:19.420063+00:00,2022-12-02,CONSERVATIVE_T1,margin_sse,601869,True
2022-12-01,AGGREGATOR|research-node|akshare@1.18.97|stock_margin_detail_sse,2022-12-01,,2026-09-26T07:20:19.420063+00:00,2022-12-02,CONSERVATIVE_T1,margin_sse,601985,True
2022-12-01,AGGREGATOR|research-node|akshare@1.18.97|stock_margin_detail_sse,2022-12-01,,2026-09-26T07:20:19.420063+00:00,2022-12-02,CONSERVATIVE_T1,margin_sse,601988,True
2022-12-01,AGGREGATOR|research-node|akshare@1.18.97|stock_margin_detail_sse,2022-12-01,,2026-09-26T07:20:19.420063+00:00,2022-12-02,CONSERVATIVE_T1,margin_sse,601992,True
2022-12-01,AGGREGATOR|research-node|akshare@1.18.97|stock_margin_detail_sse,2022-12-01,,2026-09-26T07:20:19.420063+00:00,2022-12-02,CONSERVATIVE_T1,margin_sse,688116,True
2022-12-01,AGGREGATOR|research-node|akshare@1.18.97|stock_margin_detail_sse,2022-12-01,,2026-09-26T07:20:19.420063+00:00,2022-12-02,CONSERVATIVE_T1,margin_sse,688218,True
2022-12-01,AGGREGATOR|research-node|akshare@1.18.97|stock_margin_detail_sse,2022-12-01,,2026-09-26T07:20:19.420063+00:00,2022-12-02,CONSERVATIVE_T1,margin_sse,688521,True
2022-12-02,AGGREGATOR|research-node|akshare@1.18.97|stock_margin_detail_sse,2022-12-02,,2026-09-26T07:20:23.703043+00:00,2022-12-05,CONSERVATIVE_T1,margin_sse,600269,True
2022-12-02,AGGREGATOR|research-node|akshare@1.18.97|stock_margin_detail_sse,2022-12-02,,2026-09-26T07:20:23.703043+00:00,2022-12-05,CONSERVATIVE_T1,margin_sse,600377,True
2022-12-02,AGGREGATOR|research-node|akshare@1.18.97|stock_margin_detail_sse,2022-12-02,,2026-09-26T07:20:23.703043+00:00,2022-12-05,CONSERVATIVE_T1,margin_sse,600567,True
2022-12-02,AGGREGATOR|research-node|akshare@1.18.97|stock_margin_detail_sse,2022-12-02,,2026-09-26T07:20:23.703043+00:00,2022-12-05,CONSERVATIVE_T1,margin_sse,600598,True
2022-12-02,AGGREGATOR|research-node|akshare@1.18.97|stock_margin_detail_sse,2022-12-02,,2026-09-26T07:20:23.703043+00:00,2022-12-05,CONSERVATIVE_T1,margin_sse,600694,True
2022-12-02,AGGREGATOR|research-node|akshare@1.18.97|stock_margin_detail_sse,2022-12-02,,2026-09-26T07:20:23.703043+00:00,2022-12-05,CONSERVATIVE_T1,margin_sse,601298,True
2022-12-02,AGGREGATOR|research-node|akshare@1.18.97|stock_margin_detail_sse,2022-12-02,,2026-09-26T07:20:23.703043+00:00,2022-12-05,CONSERVATIVE_T1,margin_sse,601328,True
2022-12-02,AGGREGATOR|research-node|akshare@1.18.97|stock_margin_detail_sse,2022-12-02,,2026-09-26T07:20:23.703043+00:00,2022-12-05,CONSERVATIVE_T1,margin_sse,601869,True
2022-12-02,AGGREGATOR|research-node|akshare@1.18.97|stock_margin_detail_sse,2022-12-02,,2026-09-26T07:20:23.703043+00:00,2022-12-05,CONSERVATIVE_T1,margin_sse,601985,True
2022-12-02,AGGREGATOR|research-node|akshare@1.18.97|stock_margin_detail_sse,2022-12-02,,2026-09-26T07:20:23.703043+00:00,2022-12-05,CONSERVATIVE_T1,margin_sse,601988,True
2022-12-02,AGGREGATOR|research-node|akshare@1.18.97|stock_margin_detail_sse,2022-12-02,,2026-09-26T07:20:23.703043+00:00,2022-12-05,CONSERVATIVE_T1,margin_sse,601992,True
2022-12-02,AGGREGATOR|research-node|akshare@1.18.97|stock_margin_detail_sse,2022-12-02,,2026-09-26T07:20:23.703043+00:00,2022-12-05,CONSERVATIVE_T1,margin_sse,688116,True
2022-12-02,AGGREGATOR|research-node|akshare@1.18.97|stock_margin_detail_sse,2022-12-02,,2026-09-26T07:20:23.703043+00:00,2022-12-05,CONSERVATIVE_T1,margin_sse,688218,True
2022-12-02,AGGREGATOR|research-node|akshare@1.18.97|stock_margin_detail_sse,2022-12-02,,2026-09-26T07:20:23.703043+00:00,2022-12-05,CONSERVATIVE_T1,margin_sse,688521,True
2022-12-05,AGGREGATOR|research-node|akshare@1.18.97|stock_margin_detail_sse,2022-12-05,,2026-09-26T07:20:28.187899+00:00,2022-12-06,CONSERVATIVE_T1,margin_sse,600269,True
2022-12-05,AGGREGATOR|research-node|akshare@1.18.97|stock_margin_detail_sse,2022-12-05,,2026-09-26T07:20:28.187899+00:00,2022-12-06,CONSERVATIVE_T1,margin_sse,600377,True
2022-12-05,AGGREGATOR|research-node|akshare@1.18.97|stock_margin_detail_sse,2022-12-05,,2026-09-26T07:20:28.187899+00:00,2022-12-06,CONSERVATIVE_T1,margin_sse,600567,True
2022-12-05,AGGREGATOR|research-node|akshare@1.18.97|stock_margin_detail_sse,2022-12-05,,2026-09-26T07:20:28.187899+00:00,2022-12-06,CONSERVATIVE_T1,margin_sse,600598,True
2022-12-05,AGGREGATOR|research-node|akshare@1.18.97|stock_margin_detail_sse,2022-12-05,,2026-09-26T07:20:28.187899+00:00,2022-12-06,CONSERVATIVE_T1,margin_sse,600694,True
2022-12-05,AGGREGATOR|research-node|akshare@1.18.97|stock_margin_detail_sse,2022-12-05,,2026-09-26T07:20:28.187899+00:00,2022-12-06,CONSERVATIVE_T1,margin_sse,601298,True
2022-12-05,AGGREGATOR|research-node|akshare@1.18.97|stock_margin_detail_sse,2022-12-05,,2026-09-26T07:20:28.187899+00:00,2022-12-06,CONSERVATIVE_T1,margin_sse,601328,True
2022-12-05,AGGREGATOR|research-node|akshare@1.18.97|stock_margin_detail_sse,2022-12-05,,2026-09-26T07:20:28.187899+00:00,2022-12-06,CONSERVATIVE_T1,margin_sse,601869,True
2022-12-05,AGGREGATOR|research-node|akshare@1.18.97|stock_margin_detail_sse,2022-12-05,,2026-09-26T07:20:28.187899+00:00,2022-12-06,CONSERVATIVE_T1,margin_sse,601985,True
2022-12-05,AGGREGATOR|research-node|akshare@1.18.97|stock_margin_detail_sse,2022-12-05,,2026-09-26T07:20:28.187899+00:00,2022-12-06,CONSERVATIVE_T1,margin_sse,601988,True
2022-12-05,AGGREGATOR|research-node|akshare@1.18.97|stock_margin_detail_sse,2022-12-05,,2026-09-26T07:20:28.187899+00:00,2022-12-06,CONSERVATIVE_T1,margin_sse,601992,True
2022-12-05,AGGREGATOR|research-node|akshare@1.18.97|stock_margin_detail_sse,2022-12-05,,2026-09-26T07:20:28.187899+00:00,2022-12-06,CONSERVATIVE_T1,margin_sse,688116,True
2022-12-05,AGGREGATOR|research-node|akshare@1.18.97|stock_margin_detail_sse,2022-12-05,,2026-09-26T07:20:28.187899+00:00,2022-12-06,CONSERVATIVE_T1,margin_sse,688218,True
2022-12-05,AGGREGATOR|research-node|akshare@1.18.97|stock_margin_detail_sse,2022-12-05,,2026-09-26T07:20:28.187899+00:00,2022-12-06,CONSERVATIVE_T1,margin_sse,688521,True
2022-12-06,AGGREGATOR|research-node|akshare@1.18.97|stock_margin_detail_sse,2022-12-06,,2026-09-26T07:20:32.469403+00:00,2022-12-07,CONSERVATIVE_T1,margin_sse,600269,True
2022-12-06,AGGREGATOR|research-node|akshare@1.18.97|stock_margin_detail_sse,2022-12-06,,2026-09-26T07:20:32.469403+00:00,2022-12-07,CONSERVATIVE_T1,margin_sse,600377,True
2022-12-06,AGGREGATOR|research-node|akshare@1.18.97|stock_margin_detail_sse,2022-12-06,,2026-09-26T07:20:32.469403+00:00,2022-12-07,CONSERVATIVE_T1,margin_sse,600567,True
2022-12-06,AGGREGATOR|research-node|akshare@1.18.97|stock_margin_detail_sse,2022-12-06,,2026-09-26T07:20:32.469403+00:00,2022-12-07,CONSERVATIVE_T1,margin_sse,600598,True
2022-12-06,AGGREGATOR|research-node|akshare@1.18.97|stock_margin_detail_sse,2022-12-06,,2026-09-26T07:20:32.469403+00:00,2022-12-07,CONSERVATIVE_T1,margin_sse,600694,True
2022-12-06,AGGREGATOR|research-node|akshare@1.18.97|stock_margin_detail_sse,2022-12-06,,2026-09-26T07:20:32.469403+00:00,2022-12-07,CONSERVATIVE_T1,margin_sse,601298,True
2022-12-06,AGGREGATOR|research-node|akshare@1.18.97|stock_margin_detail_sse,2022-12-06,,2026-09-26T07:20:32.469403+00:00,2022-12-07,CONSERVATIVE_T1,margin_sse,601328,True
2022-12-06,AGGREGATOR|research-node|akshare@1.18.97|stock_margin_detail_sse,2022-12-06,,2026-09-26T07:20:32.469403+00:00,2022-12-07,CONSERVATIVE_T1,margin_sse,601869,True
2022-12-06,AGGREGATOR|research-node|akshare@1.18.97|stock_margin_detail_sse,2022-12-06,,2026-09-26T07:20:32.469403+00:00,2022-12-07,CONSERVATIVE_T1,margin_sse,601985,True
2022-12-06,AGGREGATOR|research-node|akshare@1.18.97|stock_margin_detail_sse,2022-12-06,,2026-09-26T07:20:32.469403+00:00,2022-12-07,CONSERVATIVE_T1,margin_sse,601988,True
2022-12-06,AGGREGATOR|research-node|akshare@1.18.97|stock_margin_detail_sse,2022-12-06,,2026-09-26T07:20:32.469403+00:00,2022-12-07,CONSERVATIVE_T1,margin_sse,601992,True
2022-12-06,AGGREGATOR|research-node|akshare@1.18.97|stock_margin_detail_sse,2022-12-06,,2026-09-26T07:20:32.469403+00:00,2022-12-07,CONSERVATIVE_T1,margin_sse,688116,True
2022-12-06,AGGREGATOR|research-node|akshare@1.18.97|stock_margin_detail_sse,2022-12-06,,2026-09-26T07:20:32.469403+00:00,2022-12-07,CONSERVATIVE_T1,margin_sse,688218,True
2022-12-06,AGGREGATOR|research-node|akshare@1.18.97|stock_margin_detail_sse,2022-12-06,,2026-09-26T07:20:32.469403+00:00,2022-12-07,CONSERVATIVE_T1,margin_sse,688521,True
2022-12-07,AGGREGATOR|research-node|akshare@1.18.97|stock_margin_detail_sse,2022-12-07,,2026-09-26T07:20:36.742309+00:00,2022-12-08,CONSERVATIVE_T1,margin_sse,600269,True
2022-12-07,AGGREGATOR|research-node|akshare@1.18.97|stock_margin_detail_sse,2022-12-07,,2026-09-26T07:20:36.742309+00:00,2022-12-08,CONSERVATIVE_T1,margin_sse,600377,True
2022-12-07,AGGREGATOR|research-node|akshare@1.18.97|stock_margin_detail_sse,2022-12-07,,2026-09-26T07:20:36.742309+00:00,2022-12-08,CONSERVATIVE_T1,margin_sse,600567,True
2022-12-07,AGGREGATOR|research-node|akshare@1.18.97|stock_margin_detail_sse,2022-12-07,,2026-09-26T07:20:36.742309+00:00,2022-12-08,CONSERVATIVE_T1,margin_sse,600598,True
2022-12-07,AGGREGATOR|research-node|akshare@1.18.97|stock_margin_detail_sse,2022-12-07,,2026-09-26T07:20:36.742309+00:00,2022-12-08,CONSERVATIVE_T1,margin_sse,600694,True
2022-12-07,AGGREGATOR|research-node|akshare@1.18.97|stock_margin_detail_sse,2022-12-07,,2026-09-26T07:20:36.742309+00:00,2022-12-08,CONSERVATIVE_T1,margin_sse,601298,True
2022-12-07,AGGREGATOR|research-node|akshare@1.18.97|stock_margin_detail_sse,2022-12-07,,2026-09-26T07:20:36.742309+00:00,2022-12-08,CONSERVATIVE_T1,margin_sse,601328,True
2022-12-07,AGGREGATOR|research-node|akshare@1.18.97|stock_margin_detail_sse,2022-12-07,,2026-09-26T07:20:36.742309+00:00,2022-12-08,CONSERVATIVE_T1,margin_sse,601869,True
2022-12-07,AGGREGATOR|research-node|akshare@1.18.97|stock_margin_detail_sse,2022-12-07,,2026-09-26T07:20:36.742309+00:00,2022-12-08,CONSERVATIVE_T1,margin_sse,601985,True
2022-12-07,AGGREGATOR|research-node|akshare@1.18.97|stock_margin_detail_sse,2022-12-07,,2026-09-26T07:20:36.742309+00:00,2022-12-08,CONSERVATIVE_T1,margin_sse,601988,True
2022-12-07,AGGREGATOR|research-node|akshare@1.18.97|stock_margin_detail_sse,2022-12-07,,2026-09-26T07:20:36.742309+00:00,2022-12-08,CONSERVATIVE_T1,margin_sse,601992,True
2022-12-07,AGGREGATOR|research-node|akshare@1.18.97|stock_margin_detail_sse,2022-12-07,,2026-09-26T07:20:36.742309+00:00,2022-12-08,CONSERVATIVE_T1,margin_sse,688116,True
2022-12-07,AGGREGATOR|research-node|akshare@1.18.97|stock_margin_detail_sse,2022-12-07,,2026-09-26T07:20:36.742309+00:00,2022-12-08,CONSERVATIVE_T1,margin_sse,688218,True
2022-12-07,AGGREGATOR|research-node|akshare@1.18.97|stock_margin_detail_sse,2022-12-07,,2026-09-26T07:20:36.742309+00:00,2022-12-08,CONSERVATIVE_T1,margin_sse,688521,True
2022-12-08,AGGREGATOR|research-node|akshare@1.18.97|stock_margin_detail_sse,2022-12-08,,2026-09-26T07:20:41.191053+00:00,2022-12-09,CONSERVATIVE_T1,margin_sse,600269,True
2022-12-08,AGGREGATOR|research-node|akshare@1.18.97|stock_margin_detail_sse,2022-12-08,,2026-09-26T07:20:41.191053+00:00,2022-12-09,CONSERVATIVE_T1,margin_sse,600377,True
2022-12-08,AGGREGATOR|research-node|akshare@1.18.97|stock_margin_detail_sse,2022-12-08,,2026-09-26T07:20:41.191053+00:00,2022-12-09,CONSERVATIVE_T1,margin_sse,600567,True
2022-12-08,AGGREGATOR|research-node|akshare@1.18.97|stock_margin_detail_sse,2022-12-08,,2026-09-26T07:20:41.191053+00:00,2022-12-09,CONSERVATIVE_T1,margin_sse,600598,True
2022-12-08,AGGREGATOR|research-node|akshare@1.18.97|stock_margin_detail_sse,2022-12-08,,2026-09-26T07:20:41.191053+00:00,2022-12-09,CONSERVATIVE_T1,margin_sse,600694,True
2022-12-08,AGGREGATOR|research-node|akshare@1.18.97|stock_margin_detail_sse,2022-12-08,,2026-09-26T07:20:41.191053+00:00,2022-12-09,CONSERVATIVE_T1,margin_sse,601298,True
2022-12-08,AGGREGATOR|research-node|akshare@1.18.97|stock_margin_detail_sse,2022-12-08,,2026-09-26T07:20:41.191053+00:00,2022-12-09,CONSERVATIVE_T1,margin_sse,601328,True
2022-12-08,AGGREGATOR|research-node|akshare@1.18.97|stock_margin_detail_sse,2022-12-08,,2026-09-26T07:20:41.191053+00:00,2022-12-09,CONSERVATIVE_T1,margin_sse,601869,True
2022-12-08,AGGREGATOR|research-node|akshare@1.18.97|stock_margin_detail_sse,2022-12-08,,2026-09-26T07:20:41.191053+00:00,2022-12-09,CONSERVATIVE_T1,margin_sse,601985,True
2022-12-08,AGGREGATOR|research-node|akshare@1.18.97|stock_margin_detail_sse,2022-12-08,,2026-09-26T07:20:41.191053+00:00,2022-12-09,CONSERVATIVE_T1,margin_sse,601988,True
2022-12-08,AGGREGATOR|research-node|akshare@1.18.97|stock_margin_detail_sse,2022-12-08,,2026-09-26T07:20:41.191053+00:00,2022-12-09,CONSERVATIVE_T1,margin_sse,601992,True
2022-12-08,AGGREGATOR|research-node|akshare@1.18.97|stock_margin_detail_sse,2022-12-08,,2026-09-26T07:20:41.191053+00:00,2022-12-09,CONSERVATIVE_T1,margin_sse,688116,True
2022-12-08,AGGREGATOR|research-node|akshare@1.18.97|stock_margin_detail_sse,2022-12-08,,2026-09-26T07:20:41.191053+00:00,2022-12-09,CONSERVATIVE_T1,margin_sse,688218,True
2022-12-08,AGGREGATOR|research-node|akshare@1.18.97|stock_margin_detail_sse,2022-12-08,,2026-09-26T07:20:41.191053+00:00,2022-12-09,CONSERVATIVE_T1,margin_sse,688521,True
2022-12-09,AGGREGATOR|research-node|akshare@1.18.97|stock_margin_detail_sse,2022-12-09,,2026-09-26T07:20:45.462894+00:00,2022-12-12,CONSERVATIVE_T1,margin_sse,600269,True
2022-12-09,AGGREGATOR|research-node|akshare@1.18.97|stock_margin_detail_sse,2022-12-09,,2026-09-26T07:20:45.462894+00:00,2022-12-12,CONSERVATIVE_T1,margin_sse,600377,True
2022-12-09,AGGREGATOR|research-node|akshare@1.18.97|stock_margin_detail_sse,2022-12-09,,2026-09-26T07:20:45.462894+00:00,2022-12-12,CONSERVATIVE_T1,margin_sse,600567,True
2022-12-09,AGGREGATOR|research-node|akshare@1.18.97|stock_margin_detail_sse,2022-12-09,,2026-09-26T07:20:45.462894+00:00,2022-12-12,CONSERVATIVE_T1,margin_sse,600598,True
2022-12-09,AGGREGATOR|research-node|akshare@1.18.97|stock_margin_detail_sse,2022-12-09,,2026-09-26T07:20:45.462894+00:00,2022-12-12,CONSERVATIVE_T1,margin_sse,600694,True
2022-12-09,AGGREGATOR|research-node|akshare@1.18.97|stock_margin_detail_sse,2022-12-09,,2026-09-26T07:20:45.462894+00:00,2022-12-12,CONSERVATIVE_T1,margin_sse,601298,True
2022-12-09,AGGREGATOR|research-node|akshare@1.18.97|stock_margin_detail_sse,2022-12-09,,2026-09-26T07:20:45.462894+00:00,2022-12-12,CONSERVATIVE_T1,margin_sse,601328,True
2022-12-09,AGGREGATOR|research-node|akshare@1.18.97|stock_margin_detail_sse,2022-12-09,,2026-09-26T07:20:45.462894+00:00,2022-12-12,CONSERVATIVE_T1,margin_sse,601869,True
2022-12-09,AGGREGATOR|research-node|akshare@1.18.97|stock_margin_detail_sse,2022-12-09,,2026-09-26T07:20:45.462894+00:00,2022-12-12,CONSERVATIVE_T1,margin_sse,601985,True
2022-12-09,AGGREGATOR|research-node|akshare@1.18.97|stock_margin_detail_sse,2022-12-09,,2026-09-26T07:20:45.462894+00:00,2022-12-12,CONSERVATIVE_T1,margin_sse,601988,True
2022-12-09,AGGREGATOR|research-node|akshare@1.18.97|stock_margin_detail_sse,2022-12-09,,2026-09-26T07:20:45.462894+00:00,2022-12-12,CONSERVATIVE_T1,margin_sse,601992,True
2022-12-09,AGGREGATOR|research-node|akshare@1.18.97|stock_margin_detail_sse,2022-12-09,,2026-09-26T07:20:45.462894+00:00,2022-12-12,CONSERVATIVE_T1,margin_sse,688116,True
2022-12-09,AGGREGATOR|research-node|akshare@1.18.97|stock_margin_detail_sse,2022-12-09,,2026-09-26T07:20:45.462894+00:00,2022-12-12,CONSERVATIVE_T1,margin_sse,688218,True
2022-12-09,AGGREGATOR|research-node|akshare@1.18.97|stock_margin_detail_sse,2022-12-09,,2026-09-26T07:20:45.462894+00:00,2022-12-12,CONSERVATIVE_T1,margin_sse,688521,True
2022-12-12,AGGREGATOR|research-node|akshare@1.18.97|stock_margin_detail_sse,2022-12-12,,2026-09-26T07:20:49.713265+00:00,2022-12-13,CONSERVATIVE_T1,margin_sse,600269,True
2022-12-12,AGGREGATOR|research-node|akshare@1.18.97|stock_margin_detail_sse,2022-12-12,,2026-09-26T07:20:49.713265+00:00,2022-12-13,CONSERVATIVE_T1,margin_sse,600377,True
2022-12-12,AGGREGATOR|research-node|akshare@1.18.97|stock_margin_detail_sse,2022-12-12,,2026-09-26T07:20:49.713265+00:00,2022-12-13,CONSERVATIVE_T1,margin_sse,600567,True
2022-12-12,AGGREGATOR|research-node|akshare@1.18.97|stock_margin_detail_sse,2022-12-12,,2026-09-26T07:20:49.713265+00:00,2022-12-13,CONSERVATIVE_T1,margin_sse,600598,True
2022-12-12,AGGREGATOR|research-node|akshare@1.18.97|stock_margin_detail_sse,2022-12-12,,2026-09-26T07:20:49.713265+00:00,2022-12-13,CONSERVATIVE_T1,margin_sse,600694,True
2022-12-12,AGGREGATOR|research-node|akshare@1.18.97|stock_margin_detail_sse,2022-12-12,,2026-09-26T07:20:49.713265+00:00,2022-12-13,CONSERVATIVE_T1,margin_sse,601298,True
2022-12-12,AGGREGATOR|research-node|akshare@1.18.97|stock_margin_detail_sse,2022-12-12,,2026-09-26T07:20:49.713265+00:00,2022-12-13,CONSERVATIVE_T1,margin_sse,601328,True
2022-12-12,AGGREGATOR|research-node|akshare@1.18.97|stock_margin_detail_sse,2022-12-12,,2026-09-26T07:20:49.713265+00:00,2022-12-13,CONSERVATIVE_T1,margin_sse,601869,True
2022-12-12,AGGREGATOR|research-node|akshare@1.18.97|stock_margin_detail_sse,2022-12-12,,2026-09-26T07:20:49.713265+00:00,2022-12-13,CONSERVATIVE_T1,margin_sse,601985,True
2022-12-12,AGGREGATOR|research-node|akshare@1.18.97|stock_margin_detail_sse,2022-12-12,,2026-09-26T07:20:49.713265+00:00,2022-12-13,CONSERVATIVE_T1,margin_sse,601988,True
2022-12-12,AGGREGATOR|research-node|akshare@1.18.97|stock_margin_detail_sse,2022-12-12,,2026-09-26T07:20:49.713265+00:00,2022-12-13,CONSERVATIVE_T1,margin_sse,601992,True
2022-12-12,AGGREGATOR|research-node|akshare@1.18.97|stock_margin_detail_sse,2022-12-12,,2026-09-26T07:20:49.713265+00:00,2022-12-13,CONSERVATIVE_T1,margin_sse,688116,True
2022-12-12,AGGREGATOR|research-node|akshare@1.18.97|stock_margin_detail_sse,2022-12-12,,2026-09-26T07:20:49.713265+00:00,2022-12-13,CONSERVATIVE_T1,margin_sse,688218,True
2022-12-12,AGGREGATOR|research-node|akshare@1.18.97|stock_margin_detail_sse,2022-12-12,,2026-09-26T07:20:49.713265+00:00,2022-12-13,CONSERVATIVE_T1,margin_sse,688521,True
2022-12-13,AGGREGATOR|research-node|akshare@1.18.97|stock_margin_detail_sse,2022-12-13,,2026-09-26T07:20:53.985374+00:00,2022-12-14,CONSERVATIVE_T1,margin_sse,600269,True
2022-12-13,AGGREGATOR|research-node|akshare@1.18.97|stock_margin_detail_sse,2022-12-13,,2026-09-26T07:20:53.985374+00:00,2022-12-14,CONSERVATIVE_T1,margin_sse,600377,True
2022-12-13,AGGREGATOR|research-node|akshare@1.18.97|stock_margin_detail_sse,2022-12-13,,2026-09-26T07:20:53.985374+00:00,2022-12-14,CONSERVATIVE_T1,margin_sse,600567,True
2022-12-13,AGGREGATOR|research-node|akshare@1.18.97|stock_margin_detail_sse,2022-12-13,,2026-09-26T07:20:53.985374+00:00,2022-12-14,CONSERVATIVE_T1,margin_sse,600598,True
2022-12-13,AGGREGATOR|research-node|akshare@1.18.97|stock_margin_detail_sse,2022-12-13,,2026-09-26T07:20:53.985374+00:00,2022-12-14,CONSERVATIVE_T1,margin_sse,600694,True
2022-12-13,AGGREGATOR|research-node|akshare@1.18.97|stock_margin_detail_sse,2022-12-13,,2026-09-26T07:20:53.985374+00:00,2022-12-14,CONSERVATIVE_T1,margin_sse,601298,True
2022-12-13,AGGREGATOR|research-node|akshare@1.18.97|stock_margin_detail_sse,2022-12-13,,2026-09-26T07:20:53.985374+00:00,2022-12-14,CONSERVATIVE_T1,margin_sse,601328,True
2022-12-13,AGGREGATOR|research-node|akshare@1.18.97|stock_margin_detail_sse,2022-12-13,,2026-09-26T07:20:53.985374+00:00,2022-12-14,CONSERVATIVE_T1,margin_sse,601869,True
2022-12-13,AGGREGATOR|research-node|akshare@1.18.97|stock_margin_detail_sse,2022-12-13,,2026-09-26T07:20:53.985374+00:00,2022-12-14,CONSERVATIVE_T1,margin_sse,601985,True
2022-12-13,AGGREGATOR|research-node|akshare@1.18.97|stock_margin_detail_sse,2022-12-13,,2026-09-26T07:20:53.985374+00:00,2022-12-14,CONSERVATIVE_T1,margin_sse,601988,True
2022-12-13,AGGREGATOR|research-node|akshare@1.18.97|stock_margin_detail_sse,2022-12-13,,2026-09-26T07:20:53.985374+00:00,2022-12-14,CONSERVATIVE_T1,margin_sse,601992,True
2022-12-13,AGGREGATOR|research-node|akshare@1.18.97|stock_margin_detail_sse,2022-12-13,,2026-09-26T07:20:53.985374+00:00,2022-12-14,CONSERVATIVE_T1,margin_sse,688116,True
2022-12-13,AGGREGATOR|research-node|akshare@1.18.97|stock_margin_detail_sse,2022-12-13,,2026-09-26T07:20:53.985374+00:00,2022-12-14,CONSERVATIVE_T1,margin_sse,688218,True
2022-12-13,AGGREGATOR|research-node|akshare@1.18.97|stock_margin_detail_sse,2022-12-13,,2026-09-26T07:20:53.985374+00:00,2022-12-14,CONSERVATIVE_T1,margin_sse,688521,True
2022-12-14,AGGREGATOR|research-node|akshare@1.18.97|stock_margin_detail_sse,2022-12-14,,2026-09-26T07:20:58.268588+00:00,2022-12-15,CONSERVATIVE_T1,margin_sse,600269,True
2022-12-14,AGGREGATOR|research-node|akshare@1.18.97|stock_margin_detail_sse,2022-12-14,,2026-09-26T07:20:58.268588+00:00,2022-12-15,CONSERVATIVE_T1,margin_sse,600377,True
2022-12-14,AGGREGATOR|research-node|akshare@1.18.97|stock_margin_detail_sse,2022-12-14,,2026-09-26T07:20:58.268588+00:00,2022-12-15,CONSERVATIVE_T1,margin_sse,600567,True
2022-12-14,AGGREGATOR|research-node|akshare@1.18.97|stock_margin_detail_sse,2022-12-14,,2026-09-26T07:20:58.268588+00:00,2022-12-15,CONSERVATIVE_T1,margin_sse,600598,True
2022-12-14,AGGREGATOR|research-node|akshare@1.18.97|stock_margin_detail_sse,2022-12-14,,2026-09-26T07:20:58.268588+00:00,2022-12-15,CONSERVATIVE_T1,margin_sse,600694,True
2022-12-14,AGGREGATOR|research-node|akshare@1.18.97|stock_margin_detail_sse,2022-12-14,,2026-09-26T07:20:58.268588+00:00,2022-12-15,CONSERVATIVE_T1,margin_sse,601298,True
2022-12-14,AGGREGATOR|research-node|akshare@1.18.97|stock_margin_detail_sse,2022-12-14,,2026-09-26T07:20:58.268588+00:00,2022-12-15,CONSERVATIVE_T1,margin_sse,601328,True
2022-12-14,AGGREGATOR|research-node|akshare@1.18.97|stock_margin_detail_sse,2022-12-14,,2026-09-26T07:20:58.268588+00:00,2022-12-15,CONSERVATIVE_T1,margin_sse,601869,True
2022-12-14,AGGREGATOR|research-node|akshare@1.18.97|stock_margin_detail_sse,2022-12-14,,2026-09-26T07:20:58.268588+00:00,2022-12-15,CONSERVATIVE_T1,margin_sse,601985,True
2022-12-14,AGGREGATOR|research-node|akshare@1.18.97|stock_margin_detail_sse,2022-12-14,,2026-09-26T07:20:58.268588+00:00,2022-12-15,CONSERVATIVE_T1,margin_sse,601988,True
2022-12-14,AGGREGATOR|research-node|akshare@1.18.97|stock_margin_detail_sse,2022-12-14,,2026-09-26T07:20:58.268588+00:00,2022-12-15,CONSERVATIVE_T1,margin_sse,601992,True
2022-12-14,AGGREGATOR|research-node|akshare@1.18.97|stock_margin_detail_sse,2022-12-14,,2026-09-26T07:20:58.268588+00:00,2022-12-15,CONSERVATIVE_T1,margin_sse,688116,True
2022-12-14,AGGREGATOR|research-node|akshare@1.18.97|stock_margin_detail_sse,2022-12-14,,2026-09-26T07:20:58.268588+00:00,2022-12-15,CONSERVATIVE_T1,margin_sse,688218,True
2022-12-14,AGGREGATOR|research-node|akshare@1.18.97|stock_margin_detail_sse,2022-12-14,,2026-09-26T07:20:58.268588+00:00,2022-12-15,CONSERVATIVE_T1,margin_sse,688521,True
2022-12-15,AGGREGATOR|research-node|akshare@1.18.97|stock_margin_detail_sse,2022-12-15,,2026-09-26T07:21:02.525077+00:00,2022-12-16,CONSERVATIVE_T1,margin_sse,600269,True
2022-12-15,AGGREGATOR|research-node|akshare@1.18.97|stock_margin_detail_sse,2022-12-15,,2026-09-26T07:21:02.525077+00:00,2022-12-16,CONSERVATIVE_T1,margin_sse,600377,True
2022-12-15,AGGREGATOR|research-node|akshare@1.18.97|stock_margin_detail_sse,2022-12-15,,2026-09-26T07:21:02.525077+00:00,2022-12-16,CONSERVATIVE_T1,margin_sse,600567,True
2022-12-15,AGGREGATOR|research-node|akshare@1.18.97|stock_margin_detail_sse,2022-12-15,,2026-09-26T07:21:02.525077+00:00,2022-12-16,CONSERVATIVE_T1,margin_sse,600598,True
2022-12-15,AGGREGATOR|research-node|akshare@1.18.97|stock_margin_detail_sse,2022-12-15,,2026-09-26T07:21:02.525077+00:00,2022-12-16,CONSERVATIVE_T1,margin_sse,600694,True
2022-12-15,AGGREGATOR|research-node|akshare@1.18.97|stock_margin_detail_sse,2022-12-15,,2026-09-26T07:21:02.525077+00:00,2022-12-16,CONSERVATIVE_T1,margin_sse,601298,True
2022-12-15,AGGREGATOR|research-node|akshare@1.18.97|stock_margin_detail_sse,2022-12-15,,2026-09-26T07:21:02.525077+00:00,2022-12-16,CONSERVATIVE_T1,margin_sse,601328,True
2022-12-15,AGGREGATOR|research-node|akshare@1.18.97|stock_margin_detail_sse,2022-12-15,,2026-09-26T07:21:02.525077+00:00,2022-12-16,CONSERVATIVE_T1,margin_sse,601869,True
2022-12-15,AGGREGATOR|research-node|akshare@1.18.97|stock_margin_detail_sse,2022-12-15,,2026-09-26T07:21:02.525077+00:00,2022-12-16,CONSERVATIVE_T1,margin_sse,601985,True
2022-12-15,AGGREGATOR|research-node|akshare@1.18.97|stock_margin_detail_sse,2022-12-15,,2026-09-26T07:21:02.525077+00:00,2022-12-16,CONSERVATIVE_T1,margin_sse,601988,True
2022-12-15,AGGREGATOR|research-node|akshare@1.18.97|stock_margin_detail_sse,2022-12-15,,2026-09-26T07:21:02.525077+00:00,2022-12-16,CONSERVATIVE_T1,margin_sse,601992,True
2022-12-15,AGGREGATOR|research-node|akshare@1.18.97|stock_margin_detail_sse,2022-12-15,,2026-09-26T07:21:02.525077+00:00,2022-12-16,CONSERVATIVE_T1,margin_sse,688116,True
2022-12-15,AGGREGATOR|research-node|akshare@1.18.97|stock_margin_detail_sse,2022-12-15,,2026-09-26T07:21:02.525077+00:00,2022-12-16,CONSERVATIVE_T1,margin_sse,688218,True
2022-12-15,AGGREGATOR|research-node|akshare@1.18.97|stock_margin_detail_sse,2022-12-15,,2026-09-26T07:21:02.525077+00:00,2022-12-16,CONSERVATIVE_T1,margin_sse,688521,True
2022-12-16,AGGREGATOR|research-node|akshare@1.18.97|stock_margin_detail_sse,2022-12-16,,2026-09-26T07:21:06.773242+00:00,2022-12-19,CONSERVATIVE_T1,margin_sse,600269,True
2022-12-16,AGGREGATOR|research-node|akshare@1.18.97|stock_margin_detail_sse,2022-12-16,,2026-09-26T07:21:06.773242+00:00,2022-12-19,CONSERVATIVE_T1,margin_sse,600377,True
2022-12-16,AGGREGATOR|research-node|akshare@1.18.97|stock_margin_detail_sse,2022-12-16,,2026-09-26T07:21:06.773242+00:00,2022-12-19,CONSERVATIVE_T1,margin_sse,600567,True
2022-12-16,AGGREGATOR|research-node|akshare@1.18.97|stock_margin_detail_sse,2022-12-16,,2026-09-26T07:21:06.773242+00:00,2022-12-19,CONSERVATIVE_T1,margin_sse,600598,True
2022-12-16,AGGREGATOR|research-node|akshare@1.18.97|stock_margin_detail_sse,2022-12-16,,2026-09-26T07:21:06.773242+00:00,2022-12-19,CONSERVATIVE_T1,margin_sse,600694,True
2022-12-16,AGGREGATOR|research-node|akshare@1.18.97|stock_margin_detail_sse,2022-12-16,,2026-09-26T07:21:06.773242+00:00,2022-12-19,CONSERVATIVE_T1,margin_sse,601298,True
2022-12-16,AGGREGATOR|research-node|akshare@1.18.97|stock_margin_detail_sse,2022-12-16,,2026-09-26T07:21:06.773242+00:00,2022-12-19,CONSERVATIVE_T1,margin_sse,601328,True
2022-12-16,AGGREGATOR|research-node|akshare@1.18.97|stock_margin_detail_sse,2022-12-16,,2026-09-26T07:21:06.773242+00:00,2022-12-19,CONSERVATIVE_T1,margin_sse,601869,True
2022-12-16,AGGREGATOR|research-node|akshare@1.18.97|stock_margin_detail_sse,2022-12-16,,2026-09-26T07:21:06.773242+00:00,2022-12-19,CONSERVATIVE_T1,margin_sse,601985,True
2022-12-16,AGGREGATOR|research-node|akshare@1.18.97|stock_margin_detail_sse,2022-12-16,,2026-09-26T07:21:06.773242+00:00,2022-12-19,CONSERVATIVE_T1,margin_sse,601988,True
2022-12-16,AGGREGATOR|research-node|akshare@1.18.97|stock_margin_detail_sse,2022-12-16,,2026-09-26T07:21:06.773242+00:00,2022-12-19,CONSERVATIVE_T1,margin_sse,601992,True
2022-12-16,AGGREGATOR|research-node|akshare@1.18.97|stock_margin_detail_sse,2022-12-16,,2026-09-26T07:21:06.773242+00:00,2022-12-19,CONSERVATIVE_T1,margin_sse,688116,True
2022-12-16,AGGREGATOR|research-node|akshare@1.18.97|stock_margin_detail_sse,2022-12-16,,2026-09-26T07:21:06.773242+00:00,2022-12-19,CONSERVATIVE_T1,margin_sse,688218,True
2022-12-16,AGGREGATOR|research-node|akshare@1.18.97|stock_margin_detail_sse,2022-12-16,,2026-09-26T07:21:06.773242+00:00,2022-12-19,CONSERVATIVE_T1,margin_sse,688521,True
2022-12-19,AGGREGATOR|research-node|akshare@1.18.97|stock_margin_detail_sse,2022-12-19,,2026-09-26T07:21:11.014205+00:00,2022-12-20,CONSERVATIVE_T1,margin_sse,600269,True
2022-12-19,AGGREGATOR|research-node|akshare@1.18.97|stock_margin_detail_sse,2022-12-19,,2026-09-26T07:21:11.014205+00:00,2022-12-20,CONSERVATIVE_T1,margin_sse,600377,True
2022-12-19,AGGREGATOR|research-node|akshare@1.18.97|stock_margin_detail_sse,2022-12-19,,2026-09-26T07:21:11.014205+00:00,2022-12-20,CONSERVATIVE_T1,margin_sse,600567,True
2022-12-19,AGGREGATOR|research-node|akshare@1.18.97|stock_margin_detail_sse,2022-12-19,,2026-09-26T07:21:11.014205+00:00,2022-12-20,CONSERVATIVE_T1,margin_sse,600598,True
2022-12-19,AGGREGATOR|research-node|akshare@1.18.97|stock_margin_detail_sse,2022-12-19,,2026-09-26T07:21:11.014205+00:00,2022-12-20,CONSERVATIVE_T1,margin_sse,600694,True
2022-12-19,AGGREGATOR|research-node|akshare@1.18.97|stock_margin_detail_sse,2022-12-19,,2026-09-26T07:21:11.014205+00:00,2022-12-20,CONSERVATIVE_T1,margin_sse,601298,True
2022-12-19,AGGREGATOR|research-node|akshare@1.18.97|stock_margin_detail_sse,2022-12-19,,2026-09-26T07:21:11.014205+00:00,2022-12-20,CONSERVATIVE_T1,margin_sse,601328,True
2022-12-19,AGGREGATOR|research-node|akshare@1.18.97|stock_margin_detail_sse,2022-12-19,,2026-09-26T07:21:11.014205+00:00,2022-12-20,CONSERVATIVE_T1,margin_sse,601869,True
2022-12-19,AGGREGATOR|research-node|akshare@1.18.97|stock_margin_detail_sse,2022-12-19,,2026-09-26T07:21:11.014205+00:00,2022-12-20,CONSERVATIVE_T1,margin_sse,601985,True
2022-12-19,AGGREGATOR|research-node|akshare@1.18.97|stock_margin_detail_sse,2022-12-19,,2026-09-26T07:21:11.014205+00:00,2022-12-20,CONSERVATIVE_T1,margin_sse,601988,True
2022-12-19,AGGREGATOR|research-node|akshare@1.18.97|stock_margin_detail_sse,2022-12-19,,2026-09-26T07:21:11.014205+00:00,2022-12-20,CONSERVATIVE_T1,margin_sse,601992,True
2022-12-19,AGGREGATOR|research-node|akshare@1.18.97|stock_margin_detail_sse,2022-12-19,,2026-09-26T07:21:11.014205+00:00,2022-12-20,CONSERVATIVE_T1,margin_sse,688116,True
2022-12-19,AGGREGATOR|research-node|akshare@1.18.97|stock_margin_detail_sse,2022-12-19,,2026-09-26T07:21:11.014205+00:00,2022-12-20,CONSERVATIVE_T1,margin_sse,688218,True
2022-12-19,AGGREGATOR|research-node|akshare@1.18.97|stock_margin_detail_sse,2022-12-19,,2026-09-26T07:21:11.014205+00:00,2022-12-20,CONSERVATIVE_T1,margin_sse,688521,True
2022-12-20,AGGREGATOR|research-node|akshare@1.18.97|stock_margin_detail_sse,2022-12-20,,2026-09-26T07:21:15.321510+00:00,2022-12-21,CONSERVATIVE_T1,margin_sse,600269,True
2022-12-20,AGGREGATOR|research-node|akshare@1.18.97|stock_margin_detail_sse,2022-12-20,,2026-09-26T07:21:15.321510+00:00,2022-12-21,CONSERVATIVE_T1,margin_sse,600377,True
2022-12-20,AGGREGATOR|research-node|akshare@1.18.97|stock_margin_detail_sse,2022-12-20,,2026-09-26T07:21:15.321510+00:00,2022-12-21,CONSERVATIVE_T1,margin_sse,600567,True
2022-12-20,AGGREGATOR|research-node|akshare@1.18.97|stock_margin_detail_sse,2022-12-20,,2026-09-26T07:21:15.321510+00:00,2022-12-21,CONSERVATIVE_T1,margin_sse,600598,True
2022-12-20,AGGREGATOR|research-node|akshare@1.18.97|stock_margin_detail_sse,2022-12-20,,2026-09-26T07:21:15.321510+00:00,2022-12-21,CONSERVATIVE_T1,margin_sse,600694,True
2022-12-20,AGGREGATOR|research-node|akshare@1.18.97|stock_margin_detail_sse,2022-12-20,,2026-09-26T07:21:15.321510+00:00,2022-12-21,CONSERVATIVE_T1,margin_sse,601298,True
2022-12-20,AGGREGATOR|research-node|akshare@1.18.97|stock_margin_detail_sse,2022-12-20,,2026-09-26T07:21:15.321510+00:00,2022-12-21,CONSERVATIVE_T1,margin_sse,601328,True
2022-12-20,AGGREGATOR|research-node|akshare@1.18.97|stock_margin_detail_sse,2022-12-20,,2026-09-26T07:21:15.321510+00:00,2022-12-21,CONSERVATIVE_T1,margin_sse,601869,True
2022-12-20,AGGREGATOR|research-node|akshare@1.18.97|stock_margin_detail_sse,2022-12-20,,2026-09-26T07:21:15.321510+00:00,2022-12-21,CONSERVATIVE_T1,margin_sse,601985,True
2022-12-20,AGGREGATOR|research-node|akshare@1.18.97|stock_margin_detail_sse,2022-12-20,,2026-09-26T07:21:15.321510+00:00,2022-12-21,CONSERVATIVE_T1,margin_sse,601988,True
2022-12-20,AGGREGATOR|research-node|akshare@1.18.97|stock_margin_detail_sse,2022-12-20,,2026-09-26T07:21:15.321510+00:00,2022-12-21,CONSERVATIVE_T1,margin_sse,601992,True
2022-12-20,AGGREGATOR|research-node|akshare@1.18.97|stock_margin_detail_sse,2022-12-20,,2026-09-26T07:21:15.321510+00:00,2022-12-21,CONSERVATIVE_T1,margin_sse,688116,True
2022-12-20,AGGREGATOR|research-node|akshare@1.18.97|stock_margin_detail_sse,2022-12-20,,2026-09-26T07:21:15.321510+00:00,2022-12-21,CONSERVATIVE_T1,margin_sse,688218,True
2022-12-20,AGGREGATOR|research-node|akshare@1.18.97|stock_margin_detail_sse,2022-12-20,,2026-09-26T07:21:15.321510+00:00,2022-12-21,CONSERVATIVE_T1,margin_sse,688521,True
2022-12-21,AGGREGATOR|research-node|akshare@1.18.97|stock_margin_detail_sse,2022-12-21,,2026-09-26T07:21:19.528112+00:00,2022-12-22,CONSERVATIVE_T1,margin_sse,600269,True
2022-12-21,AGGREGATOR|research-node|akshare@1.18.97|stock_margin_detail_sse,2022-12-21,,2026-09-26T07:21:19.528112+00:00,2022-12-22,CONSERVATIVE_T1,margin_sse,600377,True
2022-12-21,AGGREGATOR|research-node|akshare@1.18.97|stock_margin_detail_sse,2022-12-21,,2026-09-26T07:21:19.528112+00:00,2022-12-22,CONSERVATIVE_T1,margin_sse,600567,True
2022-12-21,AGGREGATOR|research-node|akshare@1.18.97|stock_margin_detail_sse,2022-12-21,,2026-09-26T07:21:19.528112+00:00,2022-12-22,CONSERVATIVE_T1,margin_sse,600598,True
2022-12-21,AGGREGATOR|research-node|akshare@1.18.97|stock_margin_detail_sse,2022-12-21,,2026-09-26T07:21:19.528112+00:00,2022-12-22,CONSERVATIVE_T1,margin_sse,600694,True
2022-12-21,AGGREGATOR|research-node|akshare@1.18.97|stock_margin_detail_sse,2022-12-21,,2026-09-26T07:21:19.528112+00:00,2022-12-22,CONSERVATIVE_T1,margin_sse,601298,True
2022-12-21,AGGREGATOR|research-node|akshare@1.18.97|stock_margin_detail_sse,2022-12-21,,2026-09-26T07:21:19.528112+00:00,2022-12-22,CONSERVATIVE_T1,margin_sse,601328,True
2022-12-21,AGGREGATOR|research-node|akshare@1.18.97|stock_margin_detail_sse,2022-12-21,,2026-09-26T07:21:19.528112+00:00,2022-12-22,CONSERVATIVE_T1,margin_sse,601869,True
2022-12-21,AGGREGATOR|research-node|akshare@1.18.97|stock_margin_detail_sse,2022-12-21,,2026-09-26T07:21:19.528112+00:00,2022-12-22,CONSERVATIVE_T1,margin_sse,601985,True
2022-12-21,AGGREGATOR|research-node|akshare@1.18.97|stock_margin_detail_sse,2022-12-21,,2026-09-26T07:21:19.528112+00:00,2022-12-22,CONSERVATIVE_T1,margin_sse,601988,True
2022-12-21,AGGREGATOR|research-node|akshare@1.18.97|stock_margin_detail_sse,2022-12-21,,2026-09-26T07:21:19.528112+00:00,2022-12-22,CONSERVATIVE_T1,margin_sse,601992,True
2022-12-21,AGGREGATOR|research-node|akshare@1.18.97|stock_margin_detail_sse,2022-12-21,,2026-09-26T07:21:19.528112+00:00,2022-12-22,CONSERVATIVE_T1,margin_sse,688116,True
2022-12-21,AGGREGATOR|research-node|akshare@1.18.97|stock_margin_detail_sse,2022-12-21,,2026-09-26T07:21:19.528112+00:00,2022-12-22,CONSERVATIVE_T1,margin_sse,688218,True
2022-12-21,AGGREGATOR|research-node|akshare@1.18.97|stock_margin_detail_sse,2022-12-21,,2026-09-26T07:21:19.528112+00:00,2022-12-22,CONSERVATIVE_T1,margin_sse,688521,True
2022-12-22,AGGREGATOR|research-node|akshare@1.18.97|stock_margin_detail_sse,2022-12-22,,2026-09-26T07:21:23.786568+00:00,2022-12-23,CONSERVATIVE_T1,margin_sse,600269,True
2022-12-22,AGGREGATOR|research-node|akshare@1.18.97|stock_margin_detail_sse,2022-12-22,,2026-09-26T07:21:23.786568+00:00,2022-12-23,CONSERVATIVE_T1,margin_sse,600377,True
2022-12-22,AGGREGATOR|research-node|akshare@1.18.97|stock_margin_detail_sse,2022-12-22,,2026-09-26T07:21:23.786568+00:00,2022-12-23,CONSERVATIVE_T1,margin_sse,600567,True
2022-12-22,AGGREGATOR|research-node|akshare@1.18.97|stock_margin_detail_sse,2022-12-22,,2026-09-26T07:21:23.786568+00:00,2022-12-23,CONSERVATIVE_T1,margin_sse,600598,True
2022-12-22,AGGREGATOR|research-node|akshare@1.18.97|stock_margin_detail_sse,2022-12-22,,2026-09-26T07:21:23.786568+00:00,2022-12-23,CONSERVATIVE_T1,margin_sse,600694,True
2022-12-22,AGGREGATOR|research-node|akshare@1.18.97|stock_margin_detail_sse,2022-12-22,,2026-09-26T07:21:23.786568+00:00,2022-12-23,CONSERVATIVE_T1,margin_sse,601298,True
2022-12-22,AGGREGATOR|research-node|akshare@1.18.97|stock_margin_detail_sse,2022-12-22,,2026-09-26T07:21:23.786568+00:00,2022-12-23,CONSERVATIVE_T1,margin_sse,601328,True
2022-12-22,AGGREGATOR|research-node|akshare@1.18.97|stock_margin_detail_sse,2022-12-22,,2026-09-26T07:21:23.786568+00:00,2022-12-23,CONSERVATIVE_T1,margin_sse,601869,True
2022-12-22,AGGREGATOR|research-node|akshare@1.18.97|stock_margin_detail_sse,2022-12-22,,2026-09-26T07:21:23.786568+00:00,2022-12-23,CONSERVATIVE_T1,margin_sse,601985,True
2022-12-22,AGGREGATOR|research-node|akshare@1.18.97|stock_margin_detail_sse,2022-12-22,,2026-09-26T07:21:23.786568+00:00,2022-12-23,CONSERVATIVE_T1,margin_sse,601988,True
2022-12-22,AGGREGATOR|research-node|akshare@1.18.97|stock_margin_detail_sse,2022-12-22,,2026-09-26T07:21:23.786568+00:00,2022-12-23,CONSERVATIVE_T1,margin_sse,601992,True
2022-12-22,AGGREGATOR|research-node|akshare@1.18.97|stock_margin_detail_sse,2022-12-22,,2026-09-26T07:21:23.786568+00:00,2022-12-23,CONSERVATIVE_T1,margin_sse,688116,True
2022-12-22,AGGREGATOR|research-node|akshare@1.18.97|stock_margin_detail_sse,2022-12-22,,2026-09-26T07:21:23.786568+00:00,2022-12-23,CONSERVATIVE_T1,margin_sse,688218,True
2022-12-22,AGGREGATOR|research-node|akshare@1.18.97|stock_margin_detail_sse,2022-12-22,,2026-09-26T07:21:23.786568+00:00,2022-12-23,CONSERVATIVE_T1,margin_sse,688521,True
2022-12-23,AGGREGATOR|research-node|akshare@1.18.97|stock_margin_detail_sse,2022-12-23,,2026-09-26T07:21:28.113238+00:00,2022-12-26,CONSERVATIVE_T1,margin_sse,600269,True
2022-12-23,AGGREGATOR|research-node|akshare@1.18.97|stock_margin_detail_sse,2022-12-23,,2026-09-26T07:21:28.113238+00:00,2022-12-26,CONSERVATIVE_T1,margin_sse,600377,True
2022-12-23,AGGREGATOR|research-node|akshare@1.18.97|stock_margin_detail_sse,2022-12-23,,2026-09-26T07:21:28.113238+00:00,2022-12-26,CONSERVATIVE_T1,margin_sse,600567,True
2022-12-23,AGGREGATOR|research-node|akshare@1.18.97|stock_margin_detail_sse,2022-12-23,,2026-09-26T07:21:28.113238+00:00,2022-12-26,CONSERVATIVE_T1,margin_sse,600598,True
2022-12-23,AGGREGATOR|research-node|akshare@1.18.97|stock_margin_detail_sse,2022-12-23,,2026-09-26T07:21:28.113238+00:00,2022-12-26,CONSERVATIVE_T1,margin_sse,600694,True
2022-12-23,AGGREGATOR|research-node|akshare@1.18.97|stock_margin_detail_sse,2022-12-23,,2026-09-26T07:21:28.113238+00:00,2022-12-26,CONSERVATIVE_T1,margin_sse,601298,True
2022-12-23,AGGREGATOR|research-node|akshare@1.18.97|stock_margin_detail_sse,2022-12-23,,2026-09-26T07:21:28.113238+00:00,2022-12-26,CONSERVATIVE_T1,margin_sse,601328,True
2022-12-23,AGGREGATOR|research-node|akshare@1.18.97|stock_margin_detail_sse,2022-12-23,,2026-09-26T07:21:28.113238+00:00,2022-12-26,CONSERVATIVE_T1,margin_sse,601869,True
2022-12-23,AGGREGATOR|research-node|akshare@1.18.97|stock_margin_detail_sse,2022-12-23,,2026-09-26T07:21:28.113238+00:00,2022-12-26,CONSERVATIVE_T1,margin_sse,601985,True
2022-12-23,AGGREGATOR|research-node|akshare@1.18.97|stock_margin_detail_sse,2022-12-23,,2026-09-26T07:21:28.113238+00:00,2022-12-26,CONSERVATIVE_T1,margin_sse,601988,True
2022-12-23,AGGREGATOR|research-node|akshare@1.18.97|stock_margin_detail_sse,2022-12-23,,2026-09-26T07:21:28.113238+00:00,2022-12-26,CONSERVATIVE_T1,margin_sse,601992,True
2022-12-23,AGGREGATOR|research-node|akshare@1.18.97|stock_margin_detail_sse,2022-12-23,,2026-09-26T07:21:28.113238+00:00,2022-12-26,CONSERVATIVE_T1,margin_sse,688116,True
2022-12-23,AGGREGATOR|research-node|akshare@1.18.97|stock_margin_detail_sse,2022-12-23,,2026-09-26T07:21:28.113238+00:00,2022-12-26,CONSERVATIVE_T1,margin_sse,688218,True
2022-12-23,AGGREGATOR|research-node|akshare@1.18.97|stock_margin_detail_sse,2022-12-23,,2026-09-26T07:21:28.113238+00:00,2022-12-26,CONSERVATIVE_T1,margin_sse,688521,True
2022-12-26,AGGREGATOR|research-node|akshare@1.18.97|stock_margin_detail_sse,2022-12-26,,2026-09-26T07:21:32.391279+00:00,2022-12-27,CONSERVATIVE_T1,margin_sse,600269,True
2022-12-26,AGGREGATOR|research-node|akshare@1.18.97|stock_margin_detail_sse,2022-12-26,,2026-09-26T07:21:32.391279+00:00,2022-12-27,CONSERVATIVE_T1,margin_sse,600377,True
2022-12-26,AGGREGATOR|research-node|akshare@1.18.97|stock_margin_detail_sse,2022-12-26,,2026-09-26T07:21:32.391279+00:00,2022-12-27,CONSERVATIVE_T1,margin_sse,600567,True
2022-12-26,AGGREGATOR|research-node|akshare@1.18.97|stock_margin_detail_sse,2022-12-26,,2026-09-26T07:21:32.391279+00:00,2022-12-27,CONSERVATIVE_T1,margin_sse,600598,True
2022-12-26,AGGREGATOR|research-node|akshare@1.18.97|stock_margin_detail_sse,2022-12-26,,2026-09-26T07:21:32.391279+00:00,2022-12-27,CONSERVATIVE_T1,margin_sse,600694,True
2022-12-26,AGGREGATOR|research-node|akshare@1.18.97|stock_margin_detail_sse,2022-12-26,,2026-09-26T07:21:32.391279+00:00,2022-12-27,CONSERVATIVE_T1,margin_sse,601298,True
2022-12-26,AGGREGATOR|research-node|akshare@1.18.97|stock_margin_detail_sse,2022-12-26,,2026-09-26T07:21:32.391279+00:00,2022-12-27,CONSERVATIVE_T1,margin_sse,601328,True
2022-12-26,AGGREGATOR|research-node|akshare@1.18.97|stock_margin_detail_sse,2022-12-26,,2026-09-26T07:21:32.391279+00:00,2022-12-27,CONSERVATIVE_T1,margin_sse,601869,True
2022-12-26,AGGREGATOR|research-node|akshare@1.18.97|stock_margin_detail_sse,2022-12-26,,2026-09-26T07:21:32.391279+00:00,2022-12-27,CONSERVATIVE_T1,margin_sse,601985,True
2022-12-26,AGGREGATOR|research-node|akshare@1.18.97|stock_margin_detail_sse,2022-12-26,,2026-09-26T07:21:32.391279+00:00,2022-12-27,CONSERVATIVE_T1,margin_sse,601988,True
2022-12-26,AGGREGATOR|research-node|akshare@1.18.97|stock_margin_detail_sse,2022-12-26,,2026-09-26T07:21:32.391279+00:00,2022-12-27,CONSERVATIVE_T1,margin_sse,601992,True
2022-12-26,AGGREGATOR|research-node|akshare@1.18.97|stock_margin_detail_sse,2022-12-26,,2026-09-26T07:21:32.391279+00:00,2022-12-27,CONSERVATIVE_T1,margin_sse,688116,True
2022-12-26,AGGREGATOR|research-node|akshare@1.18.97|stock_margin_detail_sse,2022-12-26,,2026-09-26T07:21:32.391279+00:00,2022-12-27,CONSERVATIVE_T1,margin_sse,688218,True
2022-12-26,AGGREGATOR|research-node|akshare@1.18.97|stock_margin_detail_sse,2022-12-26,,2026-09-26T07:21:32.391279+00:00,2022-12-27,CONSERVATIVE_T1,margin_sse,688521,True
2022-12-27,AGGREGATOR|research-node|akshare@1.18.97|stock_margin_detail_sse,2022-12-27,,2026-09-26T07:21:36.637373+00:00,2022-12-28,CONSERVATIVE_T1,margin_sse,600269,True
2022-12-27,AGGREGATOR|research-node|akshare@1.18.97|stock_margin_detail_sse,2022-12-27,,2026-09-26T07:21:36.637373+00:00,2022-12-28,CONSERVATIVE_T1,margin_sse,600377,True
2022-12-27,AGGREGATOR|research-node|akshare@1.18.97|stock_margin_detail_sse,2022-12-27,,2026-09-26T07:21:36.637373+00:00,2022-12-28,CONSERVATIVE_T1,margin_sse,600567,True
2022-12-27,AGGREGATOR|research-node|akshare@1.18.97|stock_margin_detail_sse,2022-12-27,,2026-09-26T07:21:36.637373+00:00,2022-12-28,CONSERVATIVE_T1,margin_sse,600598,True
2022-12-27,AGGREGATOR|research-node|akshare@1.18.97|stock_margin_detail_sse,2022-12-27,,2026-09-26T07:21:36.637373+00:00,2022-12-28,CONSERVATIVE_T1,margin_sse,600694,True
2022-12-27,AGGREGATOR|research-node|akshare@1.18.97|stock_margin_detail_sse,2022-12-27,,2026-09-26T07:21:36.637373+00:00,2022-12-28,CONSERVATIVE_T1,margin_sse,601298,True
2022-12-27,AGGREGATOR|research-node|akshare@1.18.97|stock_margin_detail_sse,2022-12-27,,2026-09-26T07:21:36.637373+00:00,2022-12-28,CONSERVATIVE_T1,margin_sse,601328,True
2022-12-27,AGGREGATOR|research-node|akshare@1.18.97|stock_margin_detail_sse,2022-12-27,,2026-09-26T07:21:36.637373+00:00,2022-12-28,CONSERVATIVE_T1,margin_sse,601869,True
2022-12-27,AGGREGATOR|research-node|akshare@1.18.97|stock_margin_detail_sse,2022-12-27,,2026-09-26T07:21:36.637373+00:00,2022-12-28,CONSERVATIVE_T1,margin_sse,601985,True
2022-12-27,AGGREGATOR|research-node|akshare@1.18.97|stock_margin_detail_sse,2022-12-27,,2026-09-26T07:21:36.637373+00:00,2022-12-28,CONSERVATIVE_T1,margin_sse,601988,True
2022-12-27,AGGREGATOR|research-node|akshare@1.18.97|stock_margin_detail_sse,2022-12-27,,2026-09-26T07:21:36.637373+00:00,2022-12-28,CONSERVATIVE_T1,margin_sse,601992,True
2022-12-27,AGGREGATOR|research-node|akshare@1.18.97|stock_margin_detail_sse,2022-12-27,,2026-09-26T07:21:36.637373+00:00,2022-12-28,CONSERVATIVE_T1,margin_sse,688116,True
2022-12-27,AGGREGATOR|research-node|akshare@1.18.97|stock_margin_detail_sse,2022-12-27,,2026-09-26T07:21:36.637373+00:00,2022-12-28,CONSERVATIVE_T1,margin_sse,688218,True
2022-12-27,AGGREGATOR|research-node|akshare@1.18.97|stock_margin_detail_sse,2022-12-27,,2026-09-26T07:21:36.637373+00:00,2022-12-28,CONSERVATIVE_T1,margin_sse,688521,True
2022-12-28,AGGREGATOR|research-node|akshare@1.18.97|stock_margin_detail_sse,2022-12-28,,2026-09-26T07:21:40.866483+00:00,2022-12-29,CONSERVATIVE_T1,margin_sse,600269,True
2022-12-28,AGGREGATOR|research-node|akshare@1.18.97|stock_margin_detail_sse,2022-12-28,,2026-09-26T07:21:40.866483+00:00,2022-12-29,CONSERVATIVE_T1,margin_sse,600377,True
2022-12-28,AGGREGATOR|research-node|akshare@1.18.97|stock_margin_detail_sse,2022-12-28,,2026-09-26T07:21:40.866483+00:00,2022-12-29,CONSERVATIVE_T1,margin_sse,600567,True
2022-12-28,AGGREGATOR|research-node|akshare@1.18.97|stock_margin_detail_sse,2022-12-28,,2026-09-26T07:21:40.866483+00:00,2022-12-29,CONSERVATIVE_T1,margin_sse,600598,True
2022-12-28,AGGREGATOR|research-node|akshare@1.18.97|stock_margin_detail_sse,2022-12-28,,2026-09-26T07:21:40.866483+00:00,2022-12-29,CONSERVATIVE_T1,margin_sse,600694,True
2022-12-28,AGGREGATOR|research-node|akshare@1.18.97|stock_margin_detail_sse,2022-12-28,,2026-09-26T07:21:40.866483+00:00,2022-12-29,CONSERVATIVE_T1,margin_sse,601298,True
2022-12-28,AGGREGATOR|research-node|akshare@1.18.97|stock_margin_detail_sse,2022-12-28,,2026-09-26T07:21:40.866483+00:00,2022-12-29,CONSERVATIVE_T1,margin_sse,601328,True
2022-12-28,AGGREGATOR|research-node|akshare@1.18.97|stock_margin_detail_sse,2022-12-28,,2026-09-26T07:21:40.866483+00:00,2022-12-29,CONSERVATIVE_T1,margin_sse,601869,True
2022-12-28,AGGREGATOR|research-node|akshare@1.18.97|stock_margin_detail_sse,2022-12-28,,2026-09-26T07:21:40.866483+00:00,2022-12-29,CONSERVATIVE_T1,margin_sse,601985,True
2022-12-28,AGGREGATOR|research-node|akshare@1.18.97|stock_margin_detail_sse,2022-12-28,,2026-09-26T07:21:40.866483+00:00,2022-12-29,CONSERVATIVE_T1,margin_sse,601988,True
2022-12-28,AGGREGATOR|research-node|akshare@1.18.97|stock_margin_detail_sse,2022-12-28,,2026-09-26T07:21:40.866483+00:00,2022-12-29,CONSERVATIVE_T1,margin_sse,601992,True
2022-12-28,AGGREGATOR|research-node|akshare@1.18.97|stock_margin_detail_sse,2022-12-28,,2026-09-26T07:21:40.866483+00:00,2022-12-29,CONSERVATIVE_T1,margin_sse,688116,True
2022-12-28,AGGREGATOR|research-node|akshare@1.18.97|stock_margin_detail_sse,2022-12-28,,2026-09-26T07:21:40.866483+00:00,2022-12-29,CONSERVATIVE_T1,margin_sse,688218,True
2022-12-28,AGGREGATOR|research-node|akshare@1.18.97|stock_margin_detail_sse,2022-12-28,,2026-09-26T07:21:40.866483+00:00,2022-12-29,CONSERVATIVE_T1,margin_sse,688521,True
2022-12-29,AGGREGATOR|research-node|akshare@1.18.97|stock_margin_detail_sse,2022-12-29,,2026-09-26T07:21:45.140647+00:00,2022-12-30,CONSERVATIVE_T1,margin_sse,600269,True
2022-12-29,AGGREGATOR|research-node|akshare@1.18.97|stock_margin_detail_sse,2022-12-29,,2026-09-26T07:21:45.140647+00:00,2022-12-30,CONSERVATIVE_T1,margin_sse,600377,True
2022-12-29,AGGREGATOR|research-node|akshare@1.18.97|stock_margin_detail_sse,2022-12-29,,2026-09-26T07:21:45.140647+00:00,2022-12-30,CONSERVATIVE_T1,margin_sse,600567,True
2022-12-29,AGGREGATOR|research-node|akshare@1.18.97|stock_margin_detail_sse,2022-12-29,,2026-09-26T07:21:45.140647+00:00,2022-12-30,CONSERVATIVE_T1,margin_sse,600598,True
2022-12-29,AGGREGATOR|research-node|akshare@1.18.97|stock_margin_detail_sse,2022-12-29,,2026-09-26T07:21:45.140647+00:00,2022-12-30,CONSERVATIVE_T1,margin_sse,600694,True
2022-12-29,AGGREGATOR|research-node|akshare@1.18.97|stock_margin_detail_sse,2022-12-29,,2026-09-26T07:21:45.140647+00:00,2022-12-30,CONSERVATIVE_T1,margin_sse,601298,True
2022-12-29,AGGREGATOR|research-node|akshare@1.18.97|stock_margin_detail_sse,2022-12-29,,2026-09-26T07:21:45.140647+00:00,2022-12-30,CONSERVATIVE_T1,margin_sse,601328,True
2022-12-29,AGGREGATOR|research-node|akshare@1.18.97|stock_margin_detail_sse,2022-12-29,,2026-09-26T07:21:45.140647+00:00,2022-12-30,CONSERVATIVE_T1,margin_sse,601869,True
2022-12-29,AGGREGATOR|research-node|akshare@1.18.97|stock_margin_detail_sse,2022-12-29,,2026-09-26T07:21:45.140647+00:00,2022-12-30,CONSERVATIVE_T1,margin_sse,601985,True
2022-12-29,AGGREGATOR|research-node|akshare@1.18.97|stock_margin_detail_sse,2022-12-29,,2026-09-26T07:21:45.140647+00:00,2022-12-30,CONSERVATIVE_T1,margin_sse,601988,True
2022-12-29,AGGREGATOR|research-node|akshare@1.18.97|stock_margin_detail_sse,2022-12-29,,2026-09-26T07:21:45.140647+00:00,2022-12-30,CONSERVATIVE_T1,margin_sse,601992,True
2022-12-29,AGGREGATOR|research-node|akshare@1.18.97|stock_margin_detail_sse,2022-12-29,,2026-09-26T07:21:45.140647+00:00,2022-12-30,CONSERVATIVE_T1,margin_sse,688116,True
2022-12-29,AGGREGATOR|research-node|akshare@1.18.97|stock_margin_detail_sse,2022-12-29,,2026-09-26T07:21:45.140647+00:00,2022-12-30,CONSERVATIVE_T1,margin_sse,688218,True
2022-12-29,AGGREGATOR|research-node|akshare@1.18.97|stock_margin_detail_sse,2022-12-29,,2026-09-26T07:21:45.140647+00:00,2022-12-30,CONSERVATIVE_T1,margin_sse,688521,True
2022-12-30,AGGREGATOR|research-node|akshare@1.18.97|stock_margin_detail_sse,2022-12-30,,2026-09-26T07:21:49.384350+00:00,2023-01-03,CONSERVATIVE_T1,margin_sse,600269,True
2022-12-30,AGGREGATOR|research-node|akshare@1.18.97|stock_margin_detail_sse,2022-12-30,,2026-09-26T07:21:49.384350+00:00,2023-01-03,CONSERVATIVE_T1,margin_sse,600377,True
2022-12-30,AGGREGATOR|research-node|akshare@1.18.97|stock_margin_detail_sse,2022-12-30,,2026-09-26T07:21:49.384350+00:00,2023-01-03,CONSERVATIVE_T1,margin_sse,600567,True
2022-12-30,AGGREGATOR|research-node|akshare@1.18.97|stock_margin_detail_sse,2022-12-30,,2026-09-26T07:21:49.384350+00:00,2023-01-03,CONSERVATIVE_T1,margin_sse,600598,True
2022-12-30,AGGREGATOR|research-node|akshare@1.18.97|stock_margin_detail_sse,2022-12-30,,2026-09-26T07:21:49.384350+00:00,2023-01-03,CONSERVATIVE_T1,margin_sse,600694,True
2022-12-30,AGGREGATOR|research-node|akshare@1.18.97|stock_margin_detail_sse,2022-12-30,,2026-09-26T07:21:49.384350+00:00,2023-01-03,CONSERVATIVE_T1,margin_sse,601298,True
2022-12-30,AGGREGATOR|research-node|akshare@1.18.97|stock_margin_detail_sse,2022-12-30,,2026-09-26T07:21:49.384350+00:00,2023-01-03,CONSERVATIVE_T1,margin_sse,601328,True
2022-12-30,AGGREGATOR|research-node|akshare@1.18.97|stock_margin_detail_sse,2022-12-30,,2026-09-26T07:21:49.384350+00:00,2023-01-03,CONSERVATIVE_T1,margin_sse,601869,True
2022-12-30,AGGREGATOR|research-node|akshare@1.18.97|stock_margin_detail_sse,2022-12-30,,2026-09-26T07:21:49.384350+00:00,2023-01-03,CONSERVATIVE_T1,margin_sse,601985,True
2022-12-30,AGGREGATOR|research-node|akshare@1.18.97|stock_margin_detail_sse,2022-12-30,,2026-09-26T07:21:49.384350+00:00,2023-01-03,CONSERVATIVE_T1,margin_sse,601988,True
2022-12-30,AGGREGATOR|research-node|akshare@1.18.97|stock_margin_detail_sse,2022-12-30,,2026-09-26T07:21:49.384350+00:00,2023-01-03,CONSERVATIVE_T1,margin_sse,601992,True
2022-12-30,AGGREGATOR|research-node|akshare@1.18.97|stock_margin_detail_sse,2022-12-30,,2026-09-26T07:21:49.384350+00:00,2023-01-03,CONSERVATIVE_T1,margin_sse,688116,True
2022-12-30,AGGREGATOR|research-node|akshare@1.18.97|stock_margin_detail_sse,2022-12-30,,2026-09-26T07:21:49.384350+00:00,2023-01-03,CONSERVATIVE_T1,margin_sse,688218,True
2022-12-30,AGGREGATOR|research-node|akshare@1.18.97|stock_margin_detail_sse,2022-12-30,,2026-09-26T07:21:49.384350+00:00,2023-01-03,CONSERVATIVE_T1,margin_sse,688521,True
2022-07-01,AGGREGATOR|research-node|akshare@1.18.97|stock_margin_detail_szse,,,2026-09-26T07:21:52.409027+00:00,2022-07-04,CONSERVATIVE_T1,margin_szse,000685,True
2022-07-01,AGGREGATOR|research-node|akshare@1.18.97|stock_margin_detail_szse,,,2026-09-26T07:21:52.409027+00:00,2022-07-04,CONSERVATIVE_T1,margin_szse,000750,True
2022-07-01,AGGREGATOR|research-node|akshare@1.18.97|stock_margin_detail_szse,,,2026-09-26T07:21:52.409027+00:00,2022-07-04,CONSERVATIVE_T1,margin_szse,000783,True
2022-07-01,AGGREGATOR|research-node|akshare@1.18.97|stock_margin_detail_szse,,,2026-09-26T07:21:52.409027+00:00,2022-07-04,CONSERVATIVE_T1,margin_szse,002440,True
2022-07-01,AGGREGATOR|research-node|akshare@1.18.97|stock_margin_detail_szse,,,2026-09-26T07:21:52.409027+00:00,2022-07-04,CONSERVATIVE_T1,margin_szse,002736,True
2022-07-01,AGGREGATOR|research-node|akshare@1.18.97|stock_margin_detail_szse,,,2026-09-26T07:21:52.409027+00:00,2022-07-04,CONSERVATIVE_T1,margin_szse,300199,True
2022-07-01,AGGREGATOR|research-node|akshare@1.18.97|stock_margin_detail_szse,,,2026-09-26T07:21:52.409027+00:00,2022-07-04,CONSERVATIVE_T1,margin_szse,300921,True
2022-07-04,AGGREGATOR|research-node|akshare@1.18.97|stock_margin_detail_szse,,,2026-09-26T07:21:55.116557+00:00,2022-07-05,CONSERVATIVE_T1,margin_szse,000685,True
2022-07-04,AGGREGATOR|research-node|akshare@1.18.97|stock_margin_detail_szse,,,2026-09-26T07:21:55.116557+00:00,2022-07-05,CONSERVATIVE_T1,margin_szse,000750,True
2022-07-04,AGGREGATOR|research-node|akshare@1.18.97|stock_margin_detail_szse,,,2026-09-26T07:21:55.116557+00:00,2022-07-05,CONSERVATIVE_T1,margin_szse,000783,True
2022-07-04,AGGREGATOR|research-node|akshare@1.18.97|stock_margin_detail_szse,,,2026-09-26T07:21:55.116557+00:00,2022-07-05,CONSERVATIVE_T1,margin_szse,002440,True
2022-07-04,AGGREGATOR|research-node|akshare@1.18.97|stock_margin_detail_szse,,,2026-09-26T07:21:55.116557+00:00,2022-07-05,CONSERVATIVE_T1,margin_szse,002736,True
2022-07-04,AGGREGATOR|research-node|akshare@1.18.97|stock_margin_detail_szse,,,2026-09-26T07:21:55.116557+00:00,2022-07-05,CONSERVATIVE_T1,margin_szse,300199,True
2022-07-04,AGGREGATOR|research-node|akshare@1.18.97|stock_margin_detail_szse,,,2026-09-26T07:21:55.116557+00:00,2022-07-05,CONSERVATIVE_T1,margin_szse,300921,True
2022-07-05,AGGREGATOR|research-node|akshare@1.18.97|stock_margin_detail_szse,,,2026-09-26T07:21:57.876415+00:00,2022-07-06,CONSERVATIVE_T1,margin_szse,000685,True
2022-07-05,AGGREGATOR|research-node|akshare@1.18.97|stock_margin_detail_szse,,,2026-09-26T07:21:57.876415+00:00,2022-07-06,CONSERVATIVE_T1,margin_szse,000750,True
2022-07-05,AGGREGATOR|research-node|akshare@1.18.97|stock_margin_detail_szse,,,2026-09-26T07:21:57.876415+00:00,2022-07-06,CONSERVATIVE_T1,margin_szse,000783,True
2022-07-05,AGGREGATOR|research-node|akshare@1.18.97|stock_margin_detail_szse,,,2026-09-26T07:21:57.876415+00:00,2022-07-06,CONSERVATIVE_T1,margin_szse,002440,True
2022-07-05,AGGREGATOR|research-node|akshare@1.18.97|stock_margin_detail_szse,,,2026-09-26T07:21:57.876415+00:00,2022-07-06,CONSERVATIVE_T1,margin_szse,002736,True
2022-07-05,AGGREGATOR|research-node|akshare@1.18.97|stock_margin_detail_szse,,,2026-09-26T07:21:57.876415+00:00,2022-07-06,CONSERVATIVE_T1,margin_szse,300199,True
2022-07-05,AGGREGATOR|research-node|akshare@1.18.97|stock_margin_detail_szse,,,2026-09-26T07:21:57.876415+00:00,2022-07-06,CONSERVATIVE_T1,margin_szse,300921,True
2022-07-06,AGGREGATOR|research-node|akshare@1.18.97|stock_margin_detail_szse,,,2026-09-26T07:22:00.684832+00:00,2022-07-07,CONSERVATIVE_T1,margin_szse,000685,True
2022-07-06,AGGREGATOR|research-node|akshare@1.18.97|stock_margin_detail_szse,,,2026-09-26T07:22:00.684832+00:00,2022-07-07,CONSERVATIVE_T1,margin_szse,000750,True
2022-07-06,AGGREGATOR|research-node|akshare@1.18.97|stock_margin_detail_szse,,,2026-09-26T07:22:00.684832+00:00,2022-07-07,CONSERVATIVE_T1,margin_szse,000783,True
2022-07-06,AGGREGATOR|research-node|akshare@1.18.97|stock_margin_detail_szse,,,2026-09-26T07:22:00.684832+00:00,2022-07-07,CONSERVATIVE_T1,margin_szse,002440,True
2022-07-06,AGGREGATOR|research-node|akshare@1.18.97|stock_margin_detail_szse,,,2026-09-26T07:22:00.684832+00:00,2022-07-07,CONSERVATIVE_T1,margin_szse,002736,True
2022-07-06,AGGREGATOR|research-node|akshare@1.18.97|stock_margin_detail_szse,,,2026-09-26T07:22:00.684832+00:00,2022-07-07,CONSERVATIVE_T1,margin_szse,300199,True
2022-07-06,AGGREGATOR|research-node|akshare@1.18.97|stock_margin_detail_szse,,,2026-09-26T07:22:00.684832+00:00,2022-07-07,CONSERVATIVE_T1,margin_szse,300921,True
2022-07-07,AGGREGATOR|research-node|akshare@1.18.97|stock_margin_detail_szse,,,2026-09-26T07:22:03.578311+00:00,2022-07-08,CONSERVATIVE_T1,margin_szse,000685,True
2022-07-07,AGGREGATOR|research-node|akshare@1.18.97|stock_margin_detail_szse,,,2026-09-26T07:22:03.578311+00:00,2022-07-08,CONSERVATIVE_T1,margin_szse,000750,True
2022-07-07,AGGREGATOR|research-node|akshare@1.18.97|stock_margin_detail_szse,,,2026-09-26T07:22:03.578311+00:00,2022-07-08,CONSERVATIVE_T1,margin_szse,000783,True
2022-07-07,AGGREGATOR|research-node|akshare@1.18.97|stock_margin_detail_szse,,,2026-09-26T07:22:03.578311+00:00,2022-07-08,CONSERVATIVE_T1,margin_szse,002440,True
2022-07-07,AGGREGATOR|research-node|akshare@1.18.97|stock_margin_detail_szse,,,2026-09-26T07:22:03.578311+00:00,2022-07-08,CONSERVATIVE_T1,margin_szse,002736,True
2022-07-07,AGGREGATOR|research-node|akshare@1.18.97|stock_margin_detail_szse,,,2026-09-26T07:22:03.578311+00:00,2022-07-08,CONSERVATIVE_T1,margin_szse,300199,True
2022-07-07,AGGREGATOR|research-node|akshare@1.18.97|stock_margin_detail_szse,,,2026-09-26T07:22:03.578311+00:00,2022-07-08,CONSERVATIVE_T1,margin_szse,300921,True
2022-07-08,AGGREGATOR|research-node|akshare@1.18.97|stock_margin_detail_szse,,,2026-09-26T07:22:06.365138+00:00,2022-07-11,CONSERVATIVE_T1,margin_szse,000685,True
2022-07-08,AGGREGATOR|research-node|akshare@1.18.97|stock_margin_detail_szse,,,2026-09-26T07:22:06.365138+00:00,2022-07-11,CONSERVATIVE_T1,margin_szse,000750,True
2022-07-08,AGGREGATOR|research-node|akshare@1.18.97|stock_margin_detail_szse,,,2026-09-26T07:22:06.365138+00:00,2022-07-11,CONSERVATIVE_T1,margin_szse,000783,True
2022-07-08,AGGREGATOR|research-node|akshare@1.18.97|stock_margin_detail_szse,,,2026-09-26T07:22:06.365138+00:00,2022-07-11,CONSERVATIVE_T1,margin_szse,002440,True
2022-07-08,AGGREGATOR|research-node|akshare@1.18.97|stock_margin_detail_szse,,,2026-09-26T07:22:06.365138+00:00,2022-07-11,CONSERVATIVE_T1,margin_szse,002736,True
2022-07-08,AGGREGATOR|research-node|akshare@1.18.97|stock_margin_detail_szse,,,2026-09-26T07:22:06.365138+00:00,2022-07-11,CONSERVATIVE_T1,margin_szse,300199,True
2022-07-08,AGGREGATOR|research-node|akshare@1.18.97|stock_margin_detail_szse,,,2026-09-26T07:22:06.365138+00:00,2022-07-11,CONSERVATIVE_T1,margin_szse,300921,True
2022-07-11,AGGREGATOR|research-node|akshare@1.18.97|stock_margin_detail_szse,,,2026-09-26T07:22:09.136965+00:00,2022-07-12,CONSERVATIVE_T1,margin_szse,000685,True
2022-07-11,AGGREGATOR|research-node|akshare@1.18.97|stock_margin_detail_szse,,,2026-09-26T07:22:09.136965+00:00,2022-07-12,CONSERVATIVE_T1,margin_szse,000750,True
2022-07-11,AGGREGATOR|research-node|akshare@1.18.97|stock_margin_detail_szse,,,2026-09-26T07:22:09.136965+00:00,2022-07-12,CONSERVATIVE_T1,margin_szse,000783,True
2022-07-11,AGGREGATOR|research-node|akshare@1.18.97|stock_margin_detail_szse,,,2026-09-26T07:22:09.136965+00:00,2022-07-12,CONSERVATIVE_T1,margin_szse,002440,True
2022-07-11,AGGREGATOR|research-node|akshare@1.18.97|stock_margin_detail_szse,,,2026-09-26T07:22:09.136965+00:00,2022-07-12,CONSERVATIVE_T1,margin_szse,002736,True
2022-07-11,AGGREGATOR|research-node|akshare@1.18.97|stock_margin_detail_szse,,,2026-09-26T07:22:09.136965+00:00,2022-07-12,CONSERVATIVE_T1,margin_szse,300199,True
2022-07-11,AGGREGATOR|research-node|akshare@1.18.97|stock_margin_detail_szse,,,2026-09-26T07:22:09.136965+00:00,2022-07-12,CONSERVATIVE_T1,margin_szse,300921,True
2022-07-12,AGGREGATOR|research-node|akshare@1.18.97|stock_margin_detail_szse,,,2026-09-26T07:22:11.893749+00:00,2022-07-13,CONSERVATIVE_T1,margin_szse,000685,True
2022-07-12,AGGREGATOR|research-node|akshare@1.18.97|stock_margin_detail_szse,,,2026-09-26T07:22:11.893749+00:00,2022-07-13,CONSERVATIVE_T1,margin_szse,000750,True
2022-07-12,AGGREGATOR|research-node|akshare@1.18.97|stock_margin_detail_szse,,,2026-09-26T07:22:11.893749+00:00,2022-07-13,CONSERVATIVE_T1,margin_szse,000783,True
2022-07-12,AGGREGATOR|research-node|akshare@1.18.97|stock_margin_detail_szse,,,2026-09-26T07:22:11.893749+00:00,2022-07-13,CONSERVATIVE_T1,margin_szse,002440,True
2022-07-12,AGGREGATOR|research-node|akshare@1.18.97|stock_margin_detail_szse,,,2026-09-26T07:22:11.893749+00:00,2022-07-13,CONSERVATIVE_T1,margin_szse,002736,True
2022-07-12,AGGREGATOR|research-node|akshare@1.18.97|stock_margin_detail_szse,,,2026-09-26T07:22:11.893749+00:00,2022-07-13,CONSERVATIVE_T1,margin_szse,300199,True
2022-07-12,AGGREGATOR|research-node|akshare@1.18.97|stock_margin_detail_szse,,,2026-09-26T07:22:11.893749+00:00,2022-07-13,CONSERVATIVE_T1,margin_szse,300921,True
2022-07-13,AGGREGATOR|research-node|akshare@1.18.97|stock_margin_detail_szse,,,2026-09-26T07:22:14.737379+00:00,2022-07-14,CONSERVATIVE_T1,margin_szse,000685,True
2022-07-13,AGGREGATOR|research-node|akshare@1.18.97|stock_margin_detail_szse,,,2026-09-26T07:22:14.737379+00:00,2022-07-14,CONSERVATIVE_T1,margin_szse,000750,True
2022-07-13,AGGREGATOR|research-node|akshare@1.18.97|stock_margin_detail_szse,,,2026-09-26T07:22:14.737379+00:00,2022-07-14,CONSERVATIVE_T1,margin_szse,000783,True
2022-07-13,AGGREGATOR|research-node|akshare@1.18.97|stock_margin_detail_szse,,,2026-09-26T07:22:14.737379+00:00,2022-07-14,CONSERVATIVE_T1,margin_szse,002440,True
2022-07-13,AGGREGATOR|research-node|akshare@1.18.97|stock_margin_detail_szse,,,2026-09-26T07:22:14.737379+00:00,2022-07-14,CONSERVATIVE_T1,margin_szse,002736,True
2022-07-13,AGGREGATOR|research-node|akshare@1.18.97|stock_margin_detail_szse,,,2026-09-26T07:22:14.737379+00:00,2022-07-14,CONSERVATIVE_T1,margin_szse,300199,True
2022-07-13,AGGREGATOR|research-node|akshare@1.18.97|stock_margin_detail_szse,,,2026-09-26T07:22:14.737379+00:00,2022-07-14,CONSERVATIVE_T1,margin_szse,300921,True
2022-07-14,AGGREGATOR|research-node|akshare@1.18.97|stock_margin_detail_szse,,,2026-09-26T07:22:17.490354+00:00,2022-07-15,CONSERVATIVE_T1,margin_szse,000685,True
2022-07-14,AGGREGATOR|research-node|akshare@1.18.97|stock_margin_detail_szse,,,2026-09-26T07:22:17.490354+00:00,2022-07-15,CONSERVATIVE_T1,margin_szse,000750,True
2022-07-14,AGGREGATOR|research-node|akshare@1.18.97|stock_margin_detail_szse,,,2026-09-26T07:22:17.490354+00:00,2022-07-15,CONSERVATIVE_T1,margin_szse,000783,True
2022-07-14,AGGREGATOR|research-node|akshare@1.18.97|stock_margin_detail_szse,,,2026-09-26T07:22:17.490354+00:00,2022-07-15,CONSERVATIVE_T1,margin_szse,002440,True
2022-07-14,AGGREGATOR|research-node|akshare@1.18.97|stock_margin_detail_szse,,,2026-09-26T07:22:17.490354+00:00,2022-07-15,CONSERVATIVE_T1,margin_szse,002736,True
2022-07-14,AGGREGATOR|research-node|akshare@1.18.97|stock_margin_detail_szse,,,2026-09-26T07:22:17.490354+00:00,2022-07-15,CONSERVATIVE_T1,margin_szse,300199,True
2022-07-14,AGGREGATOR|research-node|akshare@1.18.97|stock_margin_detail_szse,,,2026-09-26T07:22:17.490354+00:00,2022-07-15,CONSERVATIVE_T1,margin_szse,300921,True
2022-07-15,AGGREGATOR|research-node|akshare@1.18.97|stock_margin_detail_szse,,,2026-09-26T07:22:20.281736+00:00,2022-07-18,CONSERVATIVE_T1,margin_szse,000685,True
2022-07-15,AGGREGATOR|research-node|akshare@1.18.97|stock_margin_detail_szse,,,2026-09-26T07:22:20.281736+00:00,2022-07-18,CONSERVATIVE_T1,margin_szse,000750,True
2022-07-15,AGGREGATOR|research-node|akshare@1.18.97|stock_margin_detail_szse,,,2026-09-26T07:22:20.281736+00:00,2022-07-18,CONSERVATIVE_T1,margin_szse,000783,True
2022-07-15,AGGREGATOR|research-node|akshare@1.18.97|stock_margin_detail_szse,,,2026-09-26T07:22:20.281736+00:00,2022-07-18,CONSERVATIVE_T1,margin_szse,002440,True
2022-07-15,AGGREGATOR|research-node|akshare@1.18.97|stock_margin_detail_szse,,,2026-09-26T07:22:20.281736+00:00,2022-07-18,CONSERVATIVE_T1,margin_szse,002736,True
2022-07-15,AGGREGATOR|research-node|akshare@1.18.97|stock_margin_detail_szse,,,2026-09-26T07:22:20.281736+00:00,2022-07-18,CONSERVATIVE_T1,margin_szse,300199,True
2022-07-15,AGGREGATOR|research-node|akshare@1.18.97|stock_margin_detail_szse,,,2026-09-26T07:22:20.281736+00:00,2022-07-18,CONSERVATIVE_T1,margin_szse,300921,True
2022-07-18,AGGREGATOR|research-node|akshare@1.18.97|stock_margin_detail_szse,,,2026-09-26T07:22:23.088419+00:00,2022-07-19,CONSERVATIVE_T1,margin_szse,000685,True
2022-07-18,AGGREGATOR|research-node|akshare@1.18.97|stock_margin_detail_szse,,,2026-09-26T07:22:23.088419+00:00,2022-07-19,CONSERVATIVE_T1,margin_szse,000750,True
2022-07-18,AGGREGATOR|research-node|akshare@1.18.97|stock_margin_detail_szse,,,2026-09-26T07:22:23.088419+00:00,2022-07-19,CONSERVATIVE_T1,margin_szse,000783,True
2022-07-18,AGGREGATOR|research-node|akshare@1.18.97|stock_margin_detail_szse,,,2026-09-26T07:22:23.088419+00:00,2022-07-19,CONSERVATIVE_T1,margin_szse,002440,True
2022-07-18,AGGREGATOR|research-node|akshare@1.18.97|stock_margin_detail_szse,,,2026-09-26T07:22:23.088419+00:00,2022-07-19,CONSERVATIVE_T1,margin_szse,002736,True
2022-07-18,AGGREGATOR|research-node|akshare@1.18.97|stock_margin_detail_szse,,,2026-09-26T07:22:23.088419+00:00,2022-07-19,CONSERVATIVE_T1,margin_szse,300199,True
2022-07-18,AGGREGATOR|research-node|akshare@1.18.97|stock_margin_detail_szse,,,2026-09-26T07:22:23.088419+00:00,2022-07-19,CONSERVATIVE_T1,margin_szse,300921,True
2022-07-19,AGGREGATOR|research-node|akshare@1.18.97|stock_margin_detail_szse,,,2026-09-26T07:22:25.952436+00:00,2022-07-20,CONSERVATIVE_T1,margin_szse,000685,True
2022-07-19,AGGREGATOR|research-node|akshare@1.18.97|stock_margin_detail_szse,,,2026-09-26T07:22:25.952436+00:00,2022-07-20,CONSERVATIVE_T1,margin_szse,000750,True
2022-07-19,AGGREGATOR|research-node|akshare@1.18.97|stock_margin_detail_szse,,,2026-09-26T07:22:25.952436+00:00,2022-07-20,CONSERVATIVE_T1,margin_szse,000783,True
2022-07-19,AGGREGATOR|research-node|akshare@1.18.97|stock_margin_detail_szse,,,2026-09-26T07:22:25.952436+00:00,2022-07-20,CONSERVATIVE_T1,margin_szse,002440,True
2022-07-19,AGGREGATOR|research-node|akshare@1.18.97|stock_margin_detail_szse,,,2026-09-26T07:22:25.952436+00:00,2022-07-20,CONSERVATIVE_T1,margin_szse,002736,True
2022-07-19,AGGREGATOR|research-node|akshare@1.18.97|stock_margin_detail_szse,,,2026-09-26T07:22:25.952436+00:00,2022-07-20,CONSERVATIVE_T1,margin_szse,300199,True
2022-07-19,AGGREGATOR|research-node|akshare@1.18.97|stock_margin_detail_szse,,,2026-09-26T07:22:25.952436+00:00,2022-07-20,CONSERVATIVE_T1,margin_szse,300921,True
2022-07-20,AGGREGATOR|research-node|akshare@1.18.97|stock_margin_detail_szse,,,2026-09-26T07:22:28.747589+00:00,2022-07-21,CONSERVATIVE_T1,margin_szse,000685,True
2022-07-20,AGGREGATOR|research-node|akshare@1.18.97|stock_margin_detail_szse,,,2026-09-26T07:22:28.747589+00:00,2022-07-21,CONSERVATIVE_T1,margin_szse,000750,True
2022-07-20,AGGREGATOR|research-node|akshare@1.18.97|stock_margin_detail_szse,,,2026-09-26T07:22:28.747589+00:00,2022-07-21,CONSERVATIVE_T1,margin_szse,000783,True
2022-07-20,AGGREGATOR|research-node|akshare@1.18.97|stock_margin_detail_szse,,,2026-09-26T07:22:28.747589+00:00,2022-07-21,CONSERVATIVE_T1,margin_szse,002440,True
2022-07-20,AGGREGATOR|research-node|akshare@1.18.97|stock_margin_detail_szse,,,2026-09-26T07:22:28.747589+00:00,2022-07-21,CONSERVATIVE_T1,margin_szse,002736,True
2022-07-20,AGGREGATOR|research-node|akshare@1.18.97|stock_margin_detail_szse,,,2026-09-26T07:22:28.747589+00:00,2022-07-21,CONSERVATIVE_T1,margin_szse,300199,True
2022-07-20,AGGREGATOR|research-node|akshare@1.18.97|stock_margin_detail_szse,,,2026-09-26T07:22:28.747589+00:00,2022-07-21,CONSERVATIVE_T1,margin_szse,300921,True
2022-07-21,AGGREGATOR|research-node|akshare@1.18.97|stock_margin_detail_szse,,,2026-09-26T07:22:31.571571+00:00,2022-07-22,CONSERVATIVE_T1,margin_szse,000685,True
2022-07-21,AGGREGATOR|research-node|akshare@1.18.97|stock_margin_detail_szse,,,2026-09-26T07:22:31.571571+00:00,2022-07-22,CONSERVATIVE_T1,margin_szse,000750,True
2022-07-21,AGGREGATOR|research-node|akshare@1.18.97|stock_margin_detail_szse,,,2026-09-26T07:22:31.571571+00:00,2022-07-22,CONSERVATIVE_T1,margin_szse,000783,True
2022-07-21,AGGREGATOR|research-node|akshare@1.18.97|stock_margin_detail_szse,,,2026-09-26T07:22:31.571571+00:00,2022-07-22,CONSERVATIVE_T1,margin_szse,002440,True
2022-07-21,AGGREGATOR|research-node|akshare@1.18.97|stock_margin_detail_szse,,,2026-09-26T07:22:31.571571+00:00,2022-07-22,CONSERVATIVE_T1,margin_szse,002736,True
2022-07-21,AGGREGATOR|research-node|akshare@1.18.97|stock_margin_detail_szse,,,2026-09-26T07:22:31.571571+00:00,2022-07-22,CONSERVATIVE_T1,margin_szse,300199,True
2022-07-21,AGGREGATOR|research-node|akshare@1.18.97|stock_margin_detail_szse,,,2026-09-26T07:22:31.571571+00:00,2022-07-22,CONSERVATIVE_T1,margin_szse,300921,True
2022-07-22,AGGREGATOR|research-node|akshare@1.18.97|stock_margin_detail_szse,,,2026-09-26T07:22:34.314985+00:00,2022-07-25,CONSERVATIVE_T1,margin_szse,000685,True
2022-07-22,AGGREGATOR|research-node|akshare@1.18.97|stock_margin_detail_szse,,,2026-09-26T07:22:34.314985+00:00,2022-07-25,CONSERVATIVE_T1,margin_szse,000750,True
2022-07-22,AGGREGATOR|research-node|akshare@1.18.97|stock_margin_detail_szse,,,2026-09-26T07:22:34.314985+00:00,2022-07-25,CONSERVATIVE_T1,margin_szse,000783,True
2022-07-22,AGGREGATOR|research-node|akshare@1.18.97|stock_margin_detail_szse,,,2026-09-26T07:22:34.314985+00:00,2022-07-25,CONSERVATIVE_T1,margin_szse,002440,True
2022-07-22,AGGREGATOR|research-node|akshare@1.18.97|stock_margin_detail_szse,,,2026-09-26T07:22:34.314985+00:00,2022-07-25,CONSERVATIVE_T1,margin_szse,002736,True
2022-07-22,AGGREGATOR|research-node|akshare@1.18.97|stock_margin_detail_szse,,,2026-09-26T07:22:34.314985+00:00,2022-07-25,CONSERVATIVE_T1,margin_szse,300199,True
2022-07-22,AGGREGATOR|research-node|akshare@1.18.97|stock_margin_detail_szse,,,2026-09-26T07:22:34.314985+00:00,2022-07-25,CONSERVATIVE_T1,margin_szse,300921,True
2022-07-25,AGGREGATOR|research-node|akshare@1.18.97|stock_margin_detail_szse,,,2026-09-26T07:22:37.185465+00:00,2022-07-26,CONSERVATIVE_T1,margin_szse,000685,True
2022-07-25,AGGREGATOR|research-node|akshare@1.18.97|stock_margin_detail_szse,,,2026-09-26T07:22:37.185465+00:00,2022-07-26,CONSERVATIVE_T1,margin_szse,000750,True
2022-07-25,AGGREGATOR|research-node|akshare@1.18.97|stock_margin_detail_szse,,,2026-09-26T07:22:37.185465+00:00,2022-07-26,CONSERVATIVE_T1,margin_szse,000783,True
2022-07-25,AGGREGATOR|research-node|akshare@1.18.97|stock_margin_detail_szse,,,2026-09-26T07:22:37.185465+00:00,2022-07-26,CONSERVATIVE_T1,margin_szse,002440,True
2022-07-25,AGGREGATOR|research-node|akshare@1.18.97|stock_margin_detail_szse,,,2026-09-26T07:22:37.185465+00:00,2022-07-26,CONSERVATIVE_T1,margin_szse,002736,True
2022-07-25,AGGREGATOR|research-node|akshare@1.18.97|stock_margin_detail_szse,,,2026-09-26T07:22:37.185465+00:00,2022-07-26,CONSERVATIVE_T1,margin_szse,300199,True
2022-07-25,AGGREGATOR|research-node|akshare@1.18.97|stock_margin_detail_szse,,,2026-09-26T07:22:37.185465+00:00,2022-07-26,CONSERVATIVE_T1,margin_szse,300921,True
2022-07-26,AGGREGATOR|research-node|akshare@1.18.97|stock_margin_detail_szse,,,2026-09-26T07:22:39.949162+00:00,2022-07-27,CONSERVATIVE_T1,margin_szse,000685,True
2022-07-26,AGGREGATOR|research-node|akshare@1.18.97|stock_margin_detail_szse,,,2026-09-26T07:22:39.949162+00:00,2022-07-27,CONSERVATIVE_T1,margin_szse,000750,True
2022-07-26,AGGREGATOR|research-node|akshare@1.18.97|stock_margin_detail_szse,,,2026-09-26T07:22:39.949162+00:00,2022-07-27,CONSERVATIVE_T1,margin_szse,000783,True
2022-07-26,AGGREGATOR|research-node|akshare@1.18.97|stock_margin_detail_szse,,,2026-09-26T07:22:39.949162+00:00,2022-07-27,CONSERVATIVE_T1,margin_szse,002440,True
2022-07-26,AGGREGATOR|research-node|akshare@1.18.97|stock_margin_detail_szse,,,2026-09-26T07:22:39.949162+00:00,2022-07-27,CONSERVATIVE_T1,margin_szse,002736,True
2022-07-26,AGGREGATOR|research-node|akshare@1.18.97|stock_margin_detail_szse,,,2026-09-26T07:22:39.949162+00:00,2022-07-27,CONSERVATIVE_T1,margin_szse,300199,True
2022-07-26,AGGREGATOR|research-node|akshare@1.18.97|stock_margin_detail_szse,,,2026-09-26T07:22:39.949162+00:00,2022-07-27,CONSERVATIVE_T1,margin_szse,300921,True
2022-07-27,AGGREGATOR|research-node|akshare@1.18.97|stock_margin_detail_szse,,,2026-09-26T07:22:42.690347+00:00,2022-07-28,CONSERVATIVE_T1,margin_szse,000685,True
2022-07-27,AGGREGATOR|research-node|akshare@1.18.97|stock_margin_detail_szse,,,2026-09-26T07:22:42.690347+00:00,2022-07-28,CONSERVATIVE_T1,margin_szse,000750,True
2022-07-27,AGGREGATOR|research-node|akshare@1.18.97|stock_margin_detail_szse,,,2026-09-26T07:22:42.690347+00:00,2022-07-28,CONSERVATIVE_T1,margin_szse,000783,True
2022-07-27,AGGREGATOR|research-node|akshare@1.18.97|stock_margin_detail_szse,,,2026-09-26T07:22:42.690347+00:00,2022-07-28,CONSERVATIVE_T1,margin_szse,002440,True
2022-07-27,AGGREGATOR|research-node|akshare@1.18.97|stock_margin_detail_szse,,,2026-09-26T07:22:42.690347+00:00,2022-07-28,CONSERVATIVE_T1,margin_szse,002736,True
2022-07-27,AGGREGATOR|research-node|akshare@1.18.97|stock_margin_detail_szse,,,2026-09-26T07:22:42.690347+00:00,2022-07-28,CONSERVATIVE_T1,margin_szse,300199,True
2022-07-27,AGGREGATOR|research-node|akshare@1.18.97|stock_margin_detail_szse,,,2026-09-26T07:22:42.690347+00:00,2022-07-28,CONSERVATIVE_T1,margin_szse,300921,True
2022-07-28,AGGREGATOR|research-node|akshare@1.18.97|stock_margin_detail_szse,,,2026-09-26T07:22:45.471085+00:00,2022-07-29,CONSERVATIVE_T1,margin_szse,000685,True
2022-07-28,AGGREGATOR|research-node|akshare@1.18.97|stock_margin_detail_szse,,,2026-09-26T07:22:45.471085+00:00,2022-07-29,CONSERVATIVE_T1,margin_szse,000750,True
2022-07-28,AGGREGATOR|research-node|akshare@1.18.97|stock_margin_detail_szse,,,2026-09-26T07:22:45.471085+00:00,2022-07-29,CONSERVATIVE_T1,margin_szse,000783,True
2022-07-28,AGGREGATOR|research-node|akshare@1.18.97|stock_margin_detail_szse,,,2026-09-26T07:22:45.471085+00:00,2022-07-29,CONSERVATIVE_T1,margin_szse,002440,True
2022-07-28,AGGREGATOR|research-node|akshare@1.18.97|stock_margin_detail_szse,,,2026-09-26T07:22:45.471085+00:00,2022-07-29,CONSERVATIVE_T1,margin_szse,002736,True
2022-07-28,AGGREGATOR|research-node|akshare@1.18.97|stock_margin_detail_szse,,,2026-09-26T07:22:45.471085+00:00,2022-07-29,CONSERVATIVE_T1,margin_szse,300199,True
2022-07-28,AGGREGATOR|research-node|akshare@1.18.97|stock_margin_detail_szse,,,2026-09-26T07:22:45.471085+00:00,2022-07-29,CONSERVATIVE_T1,margin_szse,300921,True
2022-07-29,AGGREGATOR|research-node|akshare@1.18.97|stock_margin_detail_szse,,,2026-09-26T07:22:48.239458+00:00,2022-08-01,CONSERVATIVE_T1,margin_szse,000685,True
2022-07-29,AGGREGATOR|research-node|akshare@1.18.97|stock_margin_detail_szse,,,2026-09-26T07:22:48.239458+00:00,2022-08-01,CONSERVATIVE_T1,margin_szse,000750,True
2022-07-29,AGGREGATOR|research-node|akshare@1.18.97|stock_margin_detail_szse,,,2026-09-26T07:22:48.239458+00:00,2022-08-01,CONSERVATIVE_T1,margin_szse,000783,True
2022-07-29,AGGREGATOR|research-node|akshare@1.18.97|stock_margin_detail_szse,,,2026-09-26T07:22:48.239458+00:00,2022-08-01,CONSERVATIVE_T1,margin_szse,002440,True
2022-07-29,AGGREGATOR|research-node|akshare@1.18.97|stock_margin_detail_szse,,,2026-09-26T07:22:48.239458+00:00,2022-08-01,CONSERVATIVE_T1,margin_szse,002736,True
2022-07-29,AGGREGATOR|research-node|akshare@1.18.97|stock_margin_detail_szse,,,2026-09-26T07:22:48.239458+00:00,2022-08-01,CONSERVATIVE_T1,margin_szse,300199,True
2022-07-29,AGGREGATOR|research-node|akshare@1.18.97|stock_margin_detail_szse,,,2026-09-26T07:22:48.239458+00:00,2022-08-01,CONSERVATIVE_T1,margin_szse,300921,True
2022-08-01,AGGREGATOR|research-node|akshare@1.18.97|stock_margin_detail_szse,,,2026-09-26T07:22:51.098256+00:00,2022-08-02,CONSERVATIVE_T1,margin_szse,000685,True
2022-08-01,AGGREGATOR|research-node|akshare@1.18.97|stock_margin_detail_szse,,,2026-09-26T07:22:51.098256+00:00,2022-08-02,CONSERVATIVE_T1,margin_szse,000750,True
2022-08-01,AGGREGATOR|research-node|akshare@1.18.97|stock_margin_detail_szse,,,2026-09-26T07:22:51.098256+00:00,2022-08-02,CONSERVATIVE_T1,margin_szse,000783,True
2022-08-01,AGGREGATOR|research-node|akshare@1.18.97|stock_margin_detail_szse,,,2026-09-26T07:22:51.098256+00:00,2022-08-02,CONSERVATIVE_T1,margin_szse,002440,True
2022-08-01,AGGREGATOR|research-node|akshare@1.18.97|stock_margin_detail_szse,,,2026-09-26T07:22:51.098256+00:00,2022-08-02,CONSERVATIVE_T1,margin_szse,002736,True
2022-08-01,AGGREGATOR|research-node|akshare@1.18.97|stock_margin_detail_szse,,,2026-09-26T07:22:51.098256+00:00,2022-08-02,CONSERVATIVE_T1,margin_szse,300199,True
2022-08-01,AGGREGATOR|research-node|akshare@1.18.97|stock_margin_detail_szse,,,2026-09-26T07:22:51.098256+00:00,2022-08-02,CONSERVATIVE_T1,margin_szse,300921,True
2022-08-02,AGGREGATOR|research-node|akshare@1.18.97|stock_margin_detail_szse,,,2026-09-26T07:22:54.987160+00:00,2022-08-03,CONSERVATIVE_T1,margin_szse,000685,True
2022-08-02,AGGREGATOR|research-node|akshare@1.18.97|stock_margin_detail_szse,,,2026-09-26T07:22:54.987160+00:00,2022-08-03,CONSERVATIVE_T1,margin_szse,000750,True
2022-08-02,AGGREGATOR|research-node|akshare@1.18.97|stock_margin_detail_szse,,,2026-09-26T07:22:54.987160+00:00,2022-08-03,CONSERVATIVE_T1,margin_szse,000783,True
2022-08-02,AGGREGATOR|research-node|akshare@1.18.97|stock_margin_detail_szse,,,2026-09-26T07:22:54.987160+00:00,2022-08-03,CONSERVATIVE_T1,margin_szse,002440,True
2022-08-02,AGGREGATOR|research-node|akshare@1.18.97|stock_margin_detail_szse,,,2026-09-26T07:22:54.987160+00:00,2022-08-03,CONSERVATIVE_T1,margin_szse,002736,True
2022-08-02,AGGREGATOR|research-node|akshare@1.18.97|stock_margin_detail_szse,,,2026-09-26T07:22:54.987160+00:00,2022-08-03,CONSERVATIVE_T1,margin_szse,300199,True
2022-08-02,AGGREGATOR|research-node|akshare@1.18.97|stock_margin_detail_szse,,,2026-09-26T07:22:54.987160+00:00,2022-08-03,CONSERVATIVE_T1,margin_szse,300921,True
2022-08-03,AGGREGATOR|research-node|akshare@1.18.97|stock_margin_detail_szse,,,2026-09-26T07:22:57.742244+00:00,2022-08-04,CONSERVATIVE_T1,margin_szse,000685,True
2022-08-03,AGGREGATOR|research-node|akshare@1.18.97|stock_margin_detail_szse,,,2026-09-26T07:22:57.742244+00:00,2022-08-04,CONSERVATIVE_T1,margin_szse,000750,True
2022-08-03,AGGREGATOR|research-node|akshare@1.18.97|stock_margin_detail_szse,,,2026-09-26T07:22:57.742244+00:00,2022-08-04,CONSERVATIVE_T1,margin_szse,000783,True
2022-08-03,AGGREGATOR|research-node|akshare@1.18.97|stock_margin_detail_szse,,,2026-09-26T07:22:57.742244+00:00,2022-08-04,CONSERVATIVE_T1,margin_szse,002440,True
2022-08-03,AGGREGATOR|research-node|akshare@1.18.97|stock_margin_detail_szse,,,2026-09-26T07:22:57.742244+00:00,2022-08-04,CONSERVATIVE_T1,margin_szse,002736,True
2022-08-03,AGGREGATOR|research-node|akshare@1.18.97|stock_margin_detail_szse,,,2026-09-26T07:22:57.742244+00:00,2022-08-04,CONSERVATIVE_T1,margin_szse,300199,True
2022-08-03,AGGREGATOR|research-node|akshare@1.18.97|stock_margin_detail_szse,,,2026-09-26T07:22:57.742244+00:00,2022-08-04,CONSERVATIVE_T1,margin_szse,300921,True
2022-08-04,AGGREGATOR|research-node|akshare@1.18.97|stock_margin_detail_szse,,,2026-09-26T07:23:00.529035+00:00,2022-08-05,CONSERVATIVE_T1,margin_szse,000685,True
2022-08-04,AGGREGATOR|research-node|akshare@1.18.97|stock_margin_detail_szse,,,2026-09-26T07:23:00.529035+00:00,2022-08-05,CONSERVATIVE_T1,margin_szse,000750,True
2022-08-04,AGGREGATOR|research-node|akshare@1.18.97|stock_margin_detail_szse,,,2026-09-26T07:23:00.529035+00:00,2022-08-05,CONSERVATIVE_T1,margin_szse,000783,True
2022-08-04,AGGREGATOR|research-node|akshare@1.18.97|stock_margin_detail_szse,,,2026-09-26T07:23:00.529035+00:00,2022-08-05,CONSERVATIVE_T1,margin_szse,002440,True
2022-08-04,AGGREGATOR|research-node|akshare@1.18.97|stock_margin_detail_szse,,,2026-09-26T07:23:00.529035+00:00,2022-08-05,CONSERVATIVE_T1,margin_szse,002736,True
2022-08-04,AGGREGATOR|research-node|akshare@1.18.97|stock_margin_detail_szse,,,2026-09-26T07:23:00.529035+00:00,2022-08-05,CONSERVATIVE_T1,margin_szse,300199,True
2022-08-04,AGGREGATOR|research-node|akshare@1.18.97|stock_margin_detail_szse,,,2026-09-26T07:23:00.529035+00:00,2022-08-05,CONSERVATIVE_T1,margin_szse,300921,True
2022-08-05,AGGREGATOR|research-node|akshare@1.18.97|stock_margin_detail_szse,,,2026-09-26T07:23:03.373832+00:00,2022-08-08,CONSERVATIVE_T1,margin_szse,000685,True
2022-08-05,AGGREGATOR|research-node|akshare@1.18.97|stock_margin_detail_szse,,,2026-09-26T07:23:03.373832+00:00,2022-08-08,CONSERVATIVE_T1,margin_szse,000750,True
2022-08-05,AGGREGATOR|research-node|akshare@1.18.97|stock_margin_detail_szse,,,2026-09-26T07:23:03.373832+00:00,2022-08-08,CONSERVATIVE_T1,margin_szse,000783,True
2022-08-05,AGGREGATOR|research-node|akshare@1.18.97|stock_margin_detail_szse,,,2026-09-26T07:23:03.373832+00:00,2022-08-08,CONSERVATIVE_T1,margin_szse,002440,True
2022-08-05,AGGREGATOR|research-node|akshare@1.18.97|stock_margin_detail_szse,,,2026-09-26T07:23:03.373832+00:00,2022-08-08,CONSERVATIVE_T1,margin_szse,002736,True
2022-08-05,AGGREGATOR|research-node|akshare@1.18.97|stock_margin_detail_szse,,,2026-09-26T07:23:03.373832+00:00,2022-08-08,CONSERVATIVE_T1,margin_szse,300199,True
2022-08-05,AGGREGATOR|research-node|akshare@1.18.97|stock_margin_detail_szse,,,2026-09-26T07:23:03.373832+00:00,2022-08-08,CONSERVATIVE_T1,margin_szse,300921,True
2022-08-08,AGGREGATOR|research-node|akshare@1.18.97|stock_margin_detail_szse,,,2026-09-26T07:23:06.168047+00:00,2022-08-09,CONSERVATIVE_T1,margin_szse,000685,True
2022-08-08,AGGREGATOR|research-node|akshare@1.18.97|stock_margin_detail_szse,,,2026-09-26T07:23:06.168047+00:00,2022-08-09,CONSERVATIVE_T1,margin_szse,000750,True
2022-08-08,AGGREGATOR|research-node|akshare@1.18.97|stock_margin_detail_szse,,,2026-09-26T07:23:06.168047+00:00,2022-08-09,CONSERVATIVE_T1,margin_szse,000783,True
2022-08-08,AGGREGATOR|research-node|akshare@1.18.97|stock_margin_detail_szse,,,2026-09-26T07:23:06.168047+00:00,2022-08-09,CONSERVATIVE_T1,margin_szse,002440,True
2022-08-08,AGGREGATOR|research-node|akshare@1.18.97|stock_margin_detail_szse,,,2026-09-26T07:23:06.168047+00:00,2022-08-09,CONSERVATIVE_T1,margin_szse,002736,True
2022-08-08,AGGREGATOR|research-node|akshare@1.18.97|stock_margin_detail_szse,,,2026-09-26T07:23:06.168047+00:00,2022-08-09,CONSERVATIVE_T1,margin_szse,300199,True
2022-08-08,AGGREGATOR|research-node|akshare@1.18.97|stock_margin_detail_szse,,,2026-09-26T07:23:06.168047+00:00,2022-08-09,CONSERVATIVE_T1,margin_szse,300921,True
2022-08-09,AGGREGATOR|research-node|akshare@1.18.97|stock_margin_detail_szse,,,2026-09-26T07:23:08.935074+00:00,2022-08-10,CONSERVATIVE_T1,margin_szse,000685,True
2022-08-09,AGGREGATOR|research-node|akshare@1.18.97|stock_margin_detail_szse,,,2026-09-26T07:23:08.935074+00:00,2022-08-10,CONSERVATIVE_T1,margin_szse,000750,True
2022-08-09,AGGREGATOR|research-node|akshare@1.18.97|stock_margin_detail_szse,,,2026-09-26T07:23:08.935074+00:00,2022-08-10,CONSERVATIVE_T1,margin_szse,000783,True
2022-08-09,AGGREGATOR|research-node|akshare@1.18.97|stock_margin_detail_szse,,,2026-09-26T07:23:08.935074+00:00,2022-08-10,CONSERVATIVE_T1,margin_szse,002440,True
2022-08-09,AGGREGATOR|research-node|akshare@1.18.97|stock_margin_detail_szse,,,2026-09-26T07:23:08.935074+00:00,2022-08-10,CONSERVATIVE_T1,margin_szse,002736,True
2022-08-09,AGGREGATOR|research-node|akshare@1.18.97|stock_margin_detail_szse,,,2026-09-26T07:23:08.935074+00:00,2022-08-10,CONSERVATIVE_T1,margin_szse,300199,True
2022-08-09,AGGREGATOR|research-node|akshare@1.18.97|stock_margin_detail_szse,,,2026-09-26T07:23:08.935074+00:00,2022-08-10,CONSERVATIVE_T1,margin_szse,300921,True
2022-08-10,AGGREGATOR|research-node|akshare@1.18.97|stock_margin_detail_szse,,,2026-09-26T07:23:11.751355+00:00,2022-08-11,CONSERVATIVE_T1,margin_szse,000685,True
2022-08-10,AGGREGATOR|research-node|akshare@1.18.97|stock_margin_detail_szse,,,2026-09-26T07:23:11.751355+00:00,2022-08-11,CONSERVATIVE_T1,margin_szse,000750,True
2022-08-10,AGGREGATOR|research-node|akshare@1.18.97|stock_margin_detail_szse,,,2026-09-26T07:23:11.751355+00:00,2022-08-11,CONSERVATIVE_T1,margin_szse,000783,True
2022-08-10,AGGREGATOR|research-node|akshare@1.18.97|stock_margin_detail_szse,,,2026-09-26T07:23:11.751355+00:00,2022-08-11,CONSERVATIVE_T1,margin_szse,002440,True
2022-08-10,AGGREGATOR|research-node|akshare@1.18.97|stock_margin_detail_szse,,,2026-09-26T07:23:11.751355+00:00,2022-08-11,CONSERVATIVE_T1,margin_szse,002736,True
2022-08-10,AGGREGATOR|research-node|akshare@1.18.97|stock_margin_detail_szse,,,2026-09-26T07:23:11.751355+00:00,2022-08-11,CONSERVATIVE_T1,margin_szse,300199,True
2022-08-10,AGGREGATOR|research-node|akshare@1.18.97|stock_margin_detail_szse,,,2026-09-26T07:23:11.751355+00:00,2022-08-11,CONSERVATIVE_T1,margin_szse,300921,True
2022-08-11,AGGREGATOR|research-node|akshare@1.18.97|stock_margin_detail_szse,,,2026-09-26T07:23:14.540144+00:00,2022-08-12,CONSERVATIVE_T1,margin_szse,000685,True
2022-08-11,AGGREGATOR|research-node|akshare@1.18.97|stock_margin_detail_szse,,,2026-09-26T07:23:14.540144+00:00,2022-08-12,CONSERVATIVE_T1,margin_szse,000750,True
2022-08-11,AGGREGATOR|research-node|akshare@1.18.97|stock_margin_detail_szse,,,2026-09-26T07:23:14.540144+00:00,2022-08-12,CONSERVATIVE_T1,margin_szse,000783,True
2022-08-11,AGGREGATOR|research-node|akshare@1.18.97|stock_margin_detail_szse,,,2026-09-26T07:23:14.540144+00:00,2022-08-12,CONSERVATIVE_T1,margin_szse,002440,True
2022-08-11,AGGREGATOR|research-node|akshare@1.18.97|stock_margin_detail_szse,,,2026-09-26T07:23:14.540144+00:00,2022-08-12,CONSERVATIVE_T1,margin_szse,002736,True
2022-08-11,AGGREGATOR|research-node|akshare@1.18.97|stock_margin_detail_szse,,,2026-09-26T07:23:14.540144+00:00,2022-08-12,CONSERVATIVE_T1,margin_szse,300199,True
2022-08-11,AGGREGATOR|research-node|akshare@1.18.97|stock_margin_detail_szse,,,2026-09-26T07:23:14.540144+00:00,2022-08-12,CONSERVATIVE_T1,margin_szse,300921,True
2022-08-12,AGGREGATOR|research-node|akshare@1.18.97|stock_margin_detail_szse,,,2026-09-26T07:23:17.358362+00:00,2022-08-15,CONSERVATIVE_T1,margin_szse,000685,True
2022-08-12,AGGREGATOR|research-node|akshare@1.18.97|stock_margin_detail_szse,,,2026-09-26T07:23:17.358362+00:00,2022-08-15,CONSERVATIVE_T1,margin_szse,000750,True
2022-08-12,AGGREGATOR|research-node|akshare@1.18.97|stock_margin_detail_szse,,,2026-09-26T07:23:17.358362+00:00,2022-08-15,CONSERVATIVE_T1,margin_szse,000783,True
2022-08-12,AGGREGATOR|research-node|akshare@1.18.97|stock_margin_detail_szse,,,2026-09-26T07:23:17.358362+00:00,2022-08-15,CONSERVATIVE_T1,margin_szse,002440,True
2022-08-12,AGGREGATOR|research-node|akshare@1.18.97|stock_margin_detail_szse,,,2026-09-26T07:23:17.358362+00:00,2022-08-15,CONSERVATIVE_T1,margin_szse,002736,True
2022-08-12,AGGREGATOR|research-node|akshare@1.18.97|stock_margin_detail_szse,,,2026-09-26T07:23:17.358362+00:00,2022-08-15,CONSERVATIVE_T1,margin_szse,300199,True
2022-08-12,AGGREGATOR|research-node|akshare@1.18.97|stock_margin_detail_szse,,,2026-09-26T07:23:17.358362+00:00,2022-08-15,CONSERVATIVE_T1,margin_szse,300921,True
2022-08-15,AGGREGATOR|research-node|akshare@1.18.97|stock_margin_detail_szse,,,2026-09-26T07:23:20.162918+00:00,2022-08-16,CONSERVATIVE_T1,margin_szse,000685,True
2022-08-15,AGGREGATOR|research-node|akshare@1.18.97|stock_margin_detail_szse,,,2026-09-26T07:23:20.162918+00:00,2022-08-16,CONSERVATIVE_T1,margin_szse,000750,True
2022-08-15,AGGREGATOR|research-node|akshare@1.18.97|stock_margin_detail_szse,,,2026-09-26T07:23:20.162918+00:00,2022-08-16,CONSERVATIVE_T1,margin_szse,000783,True
2022-08-15,AGGREGATOR|research-node|akshare@1.18.97|stock_margin_detail_szse,,,2026-09-26T07:23:20.162918+00:00,2022-08-16,CONSERVATIVE_T1,margin_szse,002440,True
2022-08-15,AGGREGATOR|research-node|akshare@1.18.97|stock_margin_detail_szse,,,2026-09-26T07:23:20.162918+00:00,2022-08-16,CONSERVATIVE_T1,margin_szse,002736,True
2022-08-15,AGGREGATOR|research-node|akshare@1.18.97|stock_margin_detail_szse,,,2026-09-26T07:23:20.162918+00:00,2022-08-16,CONSERVATIVE_T1,margin_szse,300199,True
2022-08-15,AGGREGATOR|research-node|akshare@1.18.97|stock_margin_detail_szse,,,2026-09-26T07:23:20.162918+00:00,2022-08-16,CONSERVATIVE_T1,margin_szse,300921,True
2022-08-16,AGGREGATOR|research-node|akshare@1.18.97|stock_margin_detail_szse,,,2026-09-26T07:23:22.944404+00:00,2022-08-17,CONSERVATIVE_T1,margin_szse,000685,True
2022-08-16,AGGREGATOR|research-node|akshare@1.18.97|stock_margin_detail_szse,,,2026-09-26T07:23:22.944404+00:00,2022-08-17,CONSERVATIVE_T1,margin_szse,000750,True
2022-08-16,AGGREGATOR|research-node|akshare@1.18.97|stock_margin_detail_szse,,,2026-09-26T07:23:22.944404+00:00,2022-08-17,CONSERVATIVE_T1,margin_szse,000783,True
2022-08-16,AGGREGATOR|research-node|akshare@1.18.97|stock_margin_detail_szse,,,2026-09-26T07:23:22.944404+00:00,2022-08-17,CONSERVATIVE_T1,margin_szse,002440,True
2022-08-16,AGGREGATOR|research-node|akshare@1.18.97|stock_margin_detail_szse,,,2026-09-26T07:23:22.944404+00:00,2022-08-17,CONSERVATIVE_T1,margin_szse,002736,True
2022-08-16,AGGREGATOR|research-node|akshare@1.18.97|stock_margin_detail_szse,,,2026-09-26T07:23:22.944404+00:00,2022-08-17,CONSERVATIVE_T1,margin_szse,300199,True
2022-08-16,AGGREGATOR|research-node|akshare@1.18.97|stock_margin_detail_szse,,,2026-09-26T07:23:22.944404+00:00,2022-08-17,CONSERVATIVE_T1,margin_szse,300921,True
2022-08-16,AGGREGATOR|research-node|akshare@1.18.97|stock_margin_detail_szse,,,2026-09-26T07:23:22.944404+00:00,2022-08-17,CONSERVATIVE_T1,margin_szse,300977,True
2022-08-17,AGGREGATOR|research-node|akshare@1.18.97|stock_margin_detail_szse,,,2026-09-26T07:23:25.746068+00:00,2022-08-18,CONSERVATIVE_T1,margin_szse,000685,True
2022-08-17,AGGREGATOR|research-node|akshare@1.18.97|stock_margin_detail_szse,,,2026-09-26T07:23:25.746068+00:00,2022-08-18,CONSERVATIVE_T1,margin_szse,000750,True
2022-08-17,AGGREGATOR|research-node|akshare@1.18.97|stock_margin_detail_szse,,,2026-09-26T07:23:25.746068+00:00,2022-08-18,CONSERVATIVE_T1,margin_szse,000783,True
2022-08-17,AGGREGATOR|research-node|akshare@1.18.97|stock_margin_detail_szse,,,2026-09-26T07:23:25.746068+00:00,2022-08-18,CONSERVATIVE_T1,margin_szse,002440,True
2022-08-17,AGGREGATOR|research-node|akshare@1.18.97|stock_margin_detail_szse,,,2026-09-26T07:23:25.746068+00:00,2022-08-18,CONSERVATIVE_T1,margin_szse,002736,True
2022-08-17,AGGREGATOR|research-node|akshare@1.18.97|stock_margin_detail_szse,,,2026-09-26T07:23:25.746068+00:00,2022-08-18,CONSERVATIVE_T1,margin_szse,300199,True
2022-08-17,AGGREGATOR|research-node|akshare@1.18.97|stock_margin_detail_szse,,,2026-09-26T07:23:25.746068+00:00,2022-08-18,CONSERVATIVE_T1,margin_szse,300921,True
2022-08-17,AGGREGATOR|research-node|akshare@1.18.97|stock_margin_detail_szse,,,2026-09-26T07:23:25.746068+00:00,2022-08-18,CONSERVATIVE_T1,margin_szse,300977,True
2022-08-18,AGGREGATOR|research-node|akshare@1.18.97|stock_margin_detail_szse,,,2026-09-26T07:23:28.553994+00:00,2022-08-19,CONSERVATIVE_T1,margin_szse,000685,True
2022-08-18,AGGREGATOR|research-node|akshare@1.18.97|stock_margin_detail_szse,,,2026-09-26T07:23:28.553994+00:00,2022-08-19,CONSERVATIVE_T1,margin_szse,000750,True
2022-08-18,AGGREGATOR|research-node|akshare@1.18.97|stock_margin_detail_szse,,,2026-09-26T07:23:28.553994+00:00,2022-08-19,CONSERVATIVE_T1,margin_szse,000783,True
2022-08-18,AGGREGATOR|research-node|akshare@1.18.97|stock_margin_detail_szse,,,2026-09-26T07:23:28.553994+00:00,2022-08-19,CONSERVATIVE_T1,margin_szse,002440,True
2022-08-18,AGGREGATOR|research-node|akshare@1.18.97|stock_margin_detail_szse,,,2026-09-26T07:23:28.553994+00:00,2022-08-19,CONSERVATIVE_T1,margin_szse,002736,True
2022-08-18,AGGREGATOR|research-node|akshare@1.18.97|stock_margin_detail_szse,,,2026-09-26T07:23:28.553994+00:00,2022-08-19,CONSERVATIVE_T1,margin_szse,300199,True
2022-08-18,AGGREGATOR|research-node|akshare@1.18.97|stock_margin_detail_szse,,,2026-09-26T07:23:28.553994+00:00,2022-08-19,CONSERVATIVE_T1,margin_szse,300921,True
2022-08-18,AGGREGATOR|research-node|akshare@1.18.97|stock_margin_detail_szse,,,2026-09-26T07:23:28.553994+00:00,2022-08-19,CONSERVATIVE_T1,margin_szse,300977,True
2022-08-19,AGGREGATOR|research-node|akshare@1.18.97|stock_margin_detail_szse,,,2026-09-26T07:23:31.299635+00:00,2022-08-22,CONSERVATIVE_T1,margin_szse,000685,True
2022-08-19,AGGREGATOR|research-node|akshare@1.18.97|stock_margin_detail_szse,,,2026-09-26T07:23:31.299635+00:00,2022-08-22,CONSERVATIVE_T1,margin_szse,000750,True
2022-08-19,AGGREGATOR|research-node|akshare@1.18.97|stock_margin_detail_szse,,,2026-09-26T07:23:31.299635+00:00,2022-08-22,CONSERVATIVE_T1,margin_szse,000783,True
2022-08-19,AGGREGATOR|research-node|akshare@1.18.97|stock_margin_detail_szse,,,2026-09-26T07:23:31.299635+00:00,2022-08-22,CONSERVATIVE_T1,margin_szse,002440,True
2022-08-19,AGGREGATOR|research-node|akshare@1.18.97|stock_margin_detail_szse,,,2026-09-26T07:23:31.299635+00:00,2022-08-22,CONSERVATIVE_T1,margin_szse,002736,True
2022-08-19,AGGREGATOR|research-node|akshare@1.18.97|stock_margin_detail_szse,,,2026-09-26T07:23:31.299635+00:00,2022-08-22,CONSERVATIVE_T1,margin_szse,300199,True
2022-08-19,AGGREGATOR|research-node|akshare@1.18.97|stock_margin_detail_szse,,,2026-09-26T07:23:31.299635+00:00,2022-08-22,CONSERVATIVE_T1,margin_szse,300921,True
2022-08-19,AGGREGATOR|research-node|akshare@1.18.97|stock_margin_detail_szse,,,2026-09-26T07:23:31.299635+00:00,2022-08-22,CONSERVATIVE_T1,margin_szse,300977,True
2022-08-22,AGGREGATOR|research-node|akshare@1.18.97|stock_margin_detail_szse,,,2026-09-26T07:23:34.056602+00:00,2022-08-23,CONSERVATIVE_T1,margin_szse,000685,True
2022-08-22,AGGREGATOR|research-node|akshare@1.18.97|stock_margin_detail_szse,,,2026-09-26T07:23:34.056602+00:00,2022-08-23,CONSERVATIVE_T1,margin_szse,000750,True
2022-08-22,AGGREGATOR|research-node|akshare@1.18.97|stock_margin_detail_szse,,,2026-09-26T07:23:34.056602+00:00,2022-08-23,CONSERVATIVE_T1,margin_szse,000783,True
2022-08-22,AGGREGATOR|research-node|akshare@1.18.97|stock_margin_detail_szse,,,2026-09-26T07:23:34.056602+00:00,2022-08-23,CONSERVATIVE_T1,margin_szse,002440,True
2022-08-22,AGGREGATOR|research-node|akshare@1.18.97|stock_margin_detail_szse,,,2026-09-26T07:23:34.056602+00:00,2022-08-23,CONSERVATIVE_T1,margin_szse,002736,True
2022-08-22,AGGREGATOR|research-node|akshare@1.18.97|stock_margin_detail_szse,,,2026-09-26T07:23:34.056602+00:00,2022-08-23,CONSERVATIVE_T1,margin_szse,300199,True
2022-08-22,AGGREGATOR|research-node|akshare@1.18.97|stock_margin_detail_szse,,,2026-09-26T07:23:34.056602+00:00,2022-08-23,CONSERVATIVE_T1,margin_szse,300921,True
2022-08-22,AGGREGATOR|research-node|akshare@1.18.97|stock_margin_detail_szse,,,2026-09-26T07:23:34.056602+00:00,2022-08-23,CONSERVATIVE_T1,margin_szse,300977,True
2022-08-23,AGGREGATOR|research-node|akshare@1.18.97|stock_margin_detail_szse,,,2026-09-26T07:23:36.833114+00:00,2022-08-24,CONSERVATIVE_T1,margin_szse,000685,True
2022-08-23,AGGREGATOR|research-node|akshare@1.18.97|stock_margin_detail_szse,,,2026-09-26T07:23:36.833114+00:00,2022-08-24,CONSERVATIVE_T1,margin_szse,000750,True
2022-08-23,AGGREGATOR|research-node|akshare@1.18.97|stock_margin_detail_szse,,,2026-09-26T07:23:36.833114+00:00,2022-08-24,CONSERVATIVE_T1,margin_szse,000783,True
2022-08-23,AGGREGATOR|research-node|akshare@1.18.97|stock_margin_detail_szse,,,2026-09-26T07:23:36.833114+00:00,2022-08-24,CONSERVATIVE_T1,margin_szse,002440,True
2022-08-23,AGGREGATOR|research-node|akshare@1.18.97|stock_margin_detail_szse,,,2026-09-26T07:23:36.833114+00:00,2022-08-24,CONSERVATIVE_T1,margin_szse,002736,True
2022-08-23,AGGREGATOR|research-node|akshare@1.18.97|stock_margin_detail_szse,,,2026-09-26T07:23:36.833114+00:00,2022-08-24,CONSERVATIVE_T1,margin_szse,300199,True
2022-08-23,AGGREGATOR|research-node|akshare@1.18.97|stock_margin_detail_szse,,,2026-09-26T07:23:36.833114+00:00,2022-08-24,CONSERVATIVE_T1,margin_szse,300921,True
2022-08-23,AGGREGATOR|research-node|akshare@1.18.97|stock_margin_detail_szse,,,2026-09-26T07:23:36.833114+00:00,2022-08-24,CONSERVATIVE_T1,margin_szse,300977,True
2022-08-24,AGGREGATOR|research-node|akshare@1.18.97|stock_margin_detail_szse,,,2026-09-26T07:23:39.673725+00:00,2022-08-25,CONSERVATIVE_T1,margin_szse,000685,True
2022-08-24,AGGREGATOR|research-node|akshare@1.18.97|stock_margin_detail_szse,,,2026-09-26T07:23:39.673725+00:00,2022-08-25,CONSERVATIVE_T1,margin_szse,000750,True
2022-08-24,AGGREGATOR|research-node|akshare@1.18.97|stock_margin_detail_szse,,,2026-09-26T07:23:39.673725+00:00,2022-08-25,CONSERVATIVE_T1,margin_szse,000783,True
2022-08-24,AGGREGATOR|research-node|akshare@1.18.97|stock_margin_detail_szse,,,2026-09-26T07:23:39.673725+00:00,2022-08-25,CONSERVATIVE_T1,margin_szse,002440,True
2022-08-24,AGGREGATOR|research-node|akshare@1.18.97|stock_margin_detail_szse,,,2026-09-26T07:23:39.673725+00:00,2022-08-25,CONSERVATIVE_T1,margin_szse,002736,True
2022-08-24,AGGREGATOR|research-node|akshare@1.18.97|stock_margin_detail_szse,,,2026-09-26T07:23:39.673725+00:00,2022-08-25,CONSERVATIVE_T1,margin_szse,300199,True
2022-08-24,AGGREGATOR|research-node|akshare@1.18.97|stock_margin_detail_szse,,,2026-09-26T07:23:39.673725+00:00,2022-08-25,CONSERVATIVE_T1,margin_szse,300921,True
2022-08-24,AGGREGATOR|research-node|akshare@1.18.97|stock_margin_detail_szse,,,2026-09-26T07:23:39.673725+00:00,2022-08-25,CONSERVATIVE_T1,margin_szse,300977,True
2022-08-25,AGGREGATOR|research-node|akshare@1.18.97|stock_margin_detail_szse,,,2026-09-26T07:23:42.469943+00:00,2022-08-26,CONSERVATIVE_T1,margin_szse,000685,True
2022-08-25,AGGREGATOR|research-node|akshare@1.18.97|stock_margin_detail_szse,,,2026-09-26T07:23:42.469943+00:00,2022-08-26,CONSERVATIVE_T1,margin_szse,000750,True
2022-08-25,AGGREGATOR|research-node|akshare@1.18.97|stock_margin_detail_szse,,,2026-09-26T07:23:42.469943+00:00,2022-08-26,CONSERVATIVE_T1,margin_szse,000783,True
2022-08-25,AGGREGATOR|research-node|akshare@1.18.97|stock_margin_detail_szse,,,2026-09-26T07:23:42.469943+00:00,2022-08-26,CONSERVATIVE_T1,margin_szse,002440,True
2022-08-25,AGGREGATOR|research-node|akshare@1.18.97|stock_margin_detail_szse,,,2026-09-26T07:23:42.469943+00:00,2022-08-26,CONSERVATIVE_T1,margin_szse,002736,True
2022-08-25,AGGREGATOR|research-node|akshare@1.18.97|stock_margin_detail_szse,,,2026-09-26T07:23:42.469943+00:00,2022-08-26,CONSERVATIVE_T1,margin_szse,300199,True
2022-08-25,AGGREGATOR|research-node|akshare@1.18.97|stock_margin_detail_szse,,,2026-09-26T07:23:42.469943+00:00,2022-08-26,CONSERVATIVE_T1,margin_szse,300921,True
2022-08-25,AGGREGATOR|research-node|akshare@1.18.97|stock_margin_detail_szse,,,2026-09-26T07:23:42.469943+00:00,2022-08-26,CONSERVATIVE_T1,margin_szse,300977,True
2022-08-26,AGGREGATOR|research-node|akshare@1.18.97|stock_margin_detail_szse,,,2026-09-26T07:23:45.259910+00:00,2022-08-29,CONSERVATIVE_T1,margin_szse,000685,True
2022-08-26,AGGREGATOR|research-node|akshare@1.18.97|stock_margin_detail_szse,,,2026-09-26T07:23:45.259910+00:00,2022-08-29,CONSERVATIVE_T1,margin_szse,000750,True
2022-08-26,AGGREGATOR|research-node|akshare@1.18.97|stock_margin_detail_szse,,,2026-09-26T07:23:45.259910+00:00,2022-08-29,CONSERVATIVE_T1,margin_szse,000783,True
2022-08-26,AGGREGATOR|research-node|akshare@1.18.97|stock_margin_detail_szse,,,2026-09-26T07:23:45.259910+00:00,2022-08-29,CONSERVATIVE_T1,margin_szse,002440,True
2022-08-26,AGGREGATOR|research-node|akshare@1.18.97|stock_margin_detail_szse,,,2026-09-26T07:23:45.259910+00:00,2022-08-29,CONSERVATIVE_T1,margin_szse,002736,True
2022-08-26,AGGREGATOR|research-node|akshare@1.18.97|stock_margin_detail_szse,,,2026-09-26T07:23:45.259910+00:00,2022-08-29,CONSERVATIVE_T1,margin_szse,300199,True
2022-08-26,AGGREGATOR|research-node|akshare@1.18.97|stock_margin_detail_szse,,,2026-09-26T07:23:45.259910+00:00,2022-08-29,CONSERVATIVE_T1,margin_szse,300921,True
2022-08-26,AGGREGATOR|research-node|akshare@1.18.97|stock_margin_detail_szse,,,2026-09-26T07:23:45.259910+00:00,2022-08-29,CONSERVATIVE_T1,margin_szse,300977,True
2022-08-29,AGGREGATOR|research-node|akshare@1.18.97|stock_margin_detail_szse,,,2026-09-26T07:23:48.051959+00:00,2022-08-30,CONSERVATIVE_T1,margin_szse,000685,True
2022-08-29,AGGREGATOR|research-node|akshare@1.18.97|stock_margin_detail_szse,,,2026-09-26T07:23:48.051959+00:00,2022-08-30,CONSERVATIVE_T1,margin_szse,000750,True
2022-08-29,AGGREGATOR|research-node|akshare@1.18.97|stock_margin_detail_szse,,,2026-09-26T07:23:48.051959+00:00,2022-08-30,CONSERVATIVE_T1,margin_szse,000783,True
2022-08-29,AGGREGATOR|research-node|akshare@1.18.97|stock_margin_detail_szse,,,2026-09-26T07:23:48.051959+00:00,2022-08-30,CONSERVATIVE_T1,margin_szse,002440,True
2022-08-29,AGGREGATOR|research-node|akshare@1.18.97|stock_margin_detail_szse,,,2026-09-26T07:23:48.051959+00:00,2022-08-30,CONSERVATIVE_T1,margin_szse,002736,True
2022-08-29,AGGREGATOR|research-node|akshare@1.18.97|stock_margin_detail_szse,,,2026-09-26T07:23:48.051959+00:00,2022-08-30,CONSERVATIVE_T1,margin_szse,300199,True
2022-08-29,AGGREGATOR|research-node|akshare@1.18.97|stock_margin_detail_szse,,,2026-09-26T07:23:48.051959+00:00,2022-08-30,CONSERVATIVE_T1,margin_szse,300921,True
2022-08-29,AGGREGATOR|research-node|akshare@1.18.97|stock_margin_detail_szse,,,2026-09-26T07:23:48.051959+00:00,2022-08-30,CONSERVATIVE_T1,margin_szse,300977,True
2022-08-30,AGGREGATOR|research-node|akshare@1.18.97|stock_margin_detail_szse,,,2026-09-26T07:23:50.888382+00:00,2022-08-31,CONSERVATIVE_T1,margin_szse,000685,True
2022-08-30,AGGREGATOR|research-node|akshare@1.18.97|stock_margin_detail_szse,,,2026-09-26T07:23:50.888382+00:00,2022-08-31,CONSERVATIVE_T1,margin_szse,000750,True
2022-08-30,AGGREGATOR|research-node|akshare@1.18.97|stock_margin_detail_szse,,,2026-09-26T07:23:50.888382+00:00,2022-08-31,CONSERVATIVE_T1,margin_szse,000783,True
2022-08-30,AGGREGATOR|research-node|akshare@1.18.97|stock_margin_detail_szse,,,2026-09-26T07:23:50.888382+00:00,2022-08-31,CONSERVATIVE_T1,margin_szse,002440,True
2022-08-30,AGGREGATOR|research-node|akshare@1.18.97|stock_margin_detail_szse,,,2026-09-26T07:23:50.888382+00:00,2022-08-31,CONSERVATIVE_T1,margin_szse,002736,True
2022-08-30,AGGREGATOR|research-node|akshare@1.18.97|stock_margin_detail_szse,,,2026-09-26T07:23:50.888382+00:00,2022-08-31,CONSERVATIVE_T1,margin_szse,300199,True
2022-08-30,AGGREGATOR|research-node|akshare@1.18.97|stock_margin_detail_szse,,,2026-09-26T07:23:50.888382+00:00,2022-08-31,CONSERVATIVE_T1,margin_szse,300921,True
2022-08-30,AGGREGATOR|research-node|akshare@1.18.97|stock_margin_detail_szse,,,2026-09-26T07:23:50.888382+00:00,2022-08-31,CONSERVATIVE_T1,margin_szse,300977,True
2022-08-31,AGGREGATOR|research-node|akshare@1.18.97|stock_margin_detail_szse,,,2026-09-26T07:23:53.669755+00:00,2022-09-01,CONSERVATIVE_T1,margin_szse,000685,True
2022-08-31,AGGREGATOR|research-node|akshare@1.18.97|stock_margin_detail_szse,,,2026-09-26T07:23:53.669755+00:00,2022-09-01,CONSERVATIVE_T1,margin_szse,000750,True
2022-08-31,AGGREGATOR|research-node|akshare@1.18.97|stock_margin_detail_szse,,,2026-09-26T07:23:53.669755+00:00,2022-09-01,CONSERVATIVE_T1,margin_szse,000783,True
2022-08-31,AGGREGATOR|research-node|akshare@1.18.97|stock_margin_detail_szse,,,2026-09-26T07:23:53.669755+00:00,2022-09-01,CONSERVATIVE_T1,margin_szse,002440,True
2022-08-31,AGGREGATOR|research-node|akshare@1.18.97|stock_margin_detail_szse,,,2026-09-26T07:23:53.669755+00:00,2022-09-01,CONSERVATIVE_T1,margin_szse,002736,True
2022-08-31,AGGREGATOR|research-node|akshare@1.18.97|stock_margin_detail_szse,,,2026-09-26T07:23:53.669755+00:00,2022-09-01,CONSERVATIVE_T1,margin_szse,300199,True
2022-08-31,AGGREGATOR|research-node|akshare@1.18.97|stock_margin_detail_szse,,,2026-09-26T07:23:53.669755+00:00,2022-09-01,CONSERVATIVE_T1,margin_szse,300921,True
2022-08-31,AGGREGATOR|research-node|akshare@1.18.97|stock_margin_detail_szse,,,2026-09-26T07:23:53.669755+00:00,2022-09-01,CONSERVATIVE_T1,margin_szse,300977,True
2022-09-01,AGGREGATOR|research-node|akshare@1.18.97|stock_margin_detail_szse,,,2026-09-26T07:23:56.529100+00:00,2022-09-02,CONSERVATIVE_T1,margin_szse,000685,True
2022-09-01,AGGREGATOR|research-node|akshare@1.18.97|stock_margin_detail_szse,,,2026-09-26T07:23:56.529100+00:00,2022-09-02,CONSERVATIVE_T1,margin_szse,000750,True
2022-09-01,AGGREGATOR|research-node|akshare@1.18.97|stock_margin_detail_szse,,,2026-09-26T07:23:56.529100+00:00,2022-09-02,CONSERVATIVE_T1,margin_szse,000783,True
2022-09-01,AGGREGATOR|research-node|akshare@1.18.97|stock_margin_detail_szse,,,2026-09-26T07:23:56.529100+00:00,2022-09-02,CONSERVATIVE_T1,margin_szse,002440,True
2022-09-01,AGGREGATOR|research-node|akshare@1.18.97|stock_margin_detail_szse,,,2026-09-26T07:23:56.529100+00:00,2022-09-02,CONSERVATIVE_T1,margin_szse,002736,True
2022-09-01,AGGREGATOR|research-node|akshare@1.18.97|stock_margin_detail_szse,,,2026-09-26T07:23:56.529100+00:00,2022-09-02,CONSERVATIVE_T1,margin_szse,300199,True
2022-09-01,AGGREGATOR|research-node|akshare@1.18.97|stock_margin_detail_szse,,,2026-09-26T07:23:56.529100+00:00,2022-09-02,CONSERVATIVE_T1,margin_szse,300921,True
2022-09-01,AGGREGATOR|research-node|akshare@1.18.97|stock_margin_detail_szse,,,2026-09-26T07:23:56.529100+00:00,2022-09-02,CONSERVATIVE_T1,margin_szse,300977,True
2022-09-02,AGGREGATOR|research-node|akshare@1.18.97|stock_margin_detail_szse,,,2026-09-26T07:23:59.303721+00:00,2022-09-05,CONSERVATIVE_T1,margin_szse,000685,True
2022-09-02,AGGREGATOR|research-node|akshare@1.18.97|stock_margin_detail_szse,,,2026-09-26T07:23:59.303721+00:00,2022-09-05,CONSERVATIVE_T1,margin_szse,000750,True
2022-09-02,AGGREGATOR|research-node|akshare@1.18.97|stock_margin_detail_szse,,,2026-09-26T07:23:59.303721+00:00,2022-09-05,CONSERVATIVE_T1,margin_szse,000783,True
2022-09-02,AGGREGATOR|research-node|akshare@1.18.97|stock_margin_detail_szse,,,2026-09-26T07:23:59.303721+00:00,2022-09-05,CONSERVATIVE_T1,margin_szse,002440,True
2022-09-02,AGGREGATOR|research-node|akshare@1.18.97|stock_margin_detail_szse,,,2026-09-26T07:23:59.303721+00:00,2022-09-05,CONSERVATIVE_T1,margin_szse,002736,True
2022-09-02,AGGREGATOR|research-node|akshare@1.18.97|stock_margin_detail_szse,,,2026-09-26T07:23:59.303721+00:00,2022-09-05,CONSERVATIVE_T1,margin_szse,300199,True
2022-09-02,AGGREGATOR|research-node|akshare@1.18.97|stock_margin_detail_szse,,,2026-09-26T07:23:59.303721+00:00,2022-09-05,CONSERVATIVE_T1,margin_szse,300921,True
2022-09-02,AGGREGATOR|research-node|akshare@1.18.97|stock_margin_detail_szse,,,2026-09-26T07:23:59.303721+00:00,2022-09-05,CONSERVATIVE_T1,margin_szse,300977,True
2022-09-05,AGGREGATOR|research-node|akshare@1.18.97|stock_margin_detail_szse,,,2026-09-26T07:24:02.134344+00:00,2022-09-06,CONSERVATIVE_T1,margin_szse,000685,True
2022-09-05,AGGREGATOR|research-node|akshare@1.18.97|stock_margin_detail_szse,,,2026-09-26T07:24:02.134344+00:00,2022-09-06,CONSERVATIVE_T1,margin_szse,000750,True
2022-09-05,AGGREGATOR|research-node|akshare@1.18.97|stock_margin_detail_szse,,,2026-09-26T07:24:02.134344+00:00,2022-09-06,CONSERVATIVE_T1,margin_szse,000783,True
2022-09-05,AGGREGATOR|research-node|akshare@1.18.97|stock_margin_detail_szse,,,2026-09-26T07:24:02.134344+00:00,2022-09-06,CONSERVATIVE_T1,margin_szse,002440,True
2022-09-05,AGGREGATOR|research-node|akshare@1.18.97|stock_margin_detail_szse,,,2026-09-26T07:24:02.134344+00:00,2022-09-06,CONSERVATIVE_T1,margin_szse,002736,True
2022-09-05,AGGREGATOR|research-node|akshare@1.18.97|stock_margin_detail_szse,,,2026-09-26T07:24:02.134344+00:00,2022-09-06,CONSERVATIVE_T1,margin_szse,300199,True
2022-09-05,AGGREGATOR|research-node|akshare@1.18.97|stock_margin_detail_szse,,,2026-09-26T07:24:02.134344+00:00,2022-09-06,CONSERVATIVE_T1,margin_szse,300921,True
2022-09-05,AGGREGATOR|research-node|akshare@1.18.97|stock_margin_detail_szse,,,2026-09-26T07:24:02.134344+00:00,2022-09-06,CONSERVATIVE_T1,margin_szse,300977,True
2022-09-06,AGGREGATOR|research-node|akshare@1.18.97|stock_margin_detail_szse,,,2026-09-26T07:24:04.949001+00:00,2022-09-07,CONSERVATIVE_T1,margin_szse,000685,True
2022-09-06,AGGREGATOR|research-node|akshare@1.18.97|stock_margin_detail_szse,,,2026-09-26T07:24:04.949001+00:00,2022-09-07,CONSERVATIVE_T1,margin_szse,000750,True
2022-09-06,AGGREGATOR|research-node|akshare@1.18.97|stock_margin_detail_szse,,,2026-09-26T07:24:04.949001+00:00,2022-09-07,CONSERVATIVE_T1,margin_szse,000783,True
2022-09-06,AGGREGATOR|research-node|akshare@1.18.97|stock_margin_detail_szse,,,2026-09-26T07:24:04.949001+00:00,2022-09-07,CONSERVATIVE_T1,margin_szse,002440,True
2022-09-06,AGGREGATOR|research-node|akshare@1.18.97|stock_margin_detail_szse,,,2026-09-26T07:24:04.949001+00:00,2022-09-07,CONSERVATIVE_T1,margin_szse,002736,True
2022-09-06,AGGREGATOR|research-node|akshare@1.18.97|stock_margin_detail_szse,,,2026-09-26T07:24:04.949001+00:00,2022-09-07,CONSERVATIVE_T1,margin_szse,300199,True
2022-09-06,AGGREGATOR|research-node|akshare@1.18.97|stock_margin_detail_szse,,,2026-09-26T07:24:04.949001+00:00,2022-09-07,CONSERVATIVE_T1,margin_szse,300921,True
2022-09-06,AGGREGATOR|research-node|akshare@1.18.97|stock_margin_detail_szse,,,2026-09-26T07:24:04.949001+00:00,2022-09-07,CONSERVATIVE_T1,margin_szse,300977,True
2022-09-07,AGGREGATOR|research-node|akshare@1.18.97|stock_margin_detail_szse,,,2026-09-26T07:24:07.730593+00:00,2022-09-08,CONSERVATIVE_T1,margin_szse,000685,True
2022-09-07,AGGREGATOR|research-node|akshare@1.18.97|stock_margin_detail_szse,,,2026-09-26T07:24:07.730593+00:00,2022-09-08,CONSERVATIVE_T1,margin_szse,000750,True
2022-09-07,AGGREGATOR|research-node|akshare@1.18.97|stock_margin_detail_szse,,,2026-09-26T07:24:07.730593+00:00,2022-09-08,CONSERVATIVE_T1,margin_szse,000783,True
2022-09-07,AGGREGATOR|research-node|akshare@1.18.97|stock_margin_detail_szse,,,2026-09-26T07:24:07.730593+00:00,2022-09-08,CONSERVATIVE_T1,margin_szse,002440,True
2022-09-07,AGGREGATOR|research-node|akshare@1.18.97|stock_margin_detail_szse,,,2026-09-26T07:24:07.730593+00:00,2022-09-08,CONSERVATIVE_T1,margin_szse,002736,True
2022-09-07,AGGREGATOR|research-node|akshare@1.18.97|stock_margin_detail_szse,,,2026-09-26T07:24:07.730593+00:00,2022-09-08,CONSERVATIVE_T1,margin_szse,300199,True
2022-09-07,AGGREGATOR|research-node|akshare@1.18.97|stock_margin_detail_szse,,,2026-09-26T07:24:07.730593+00:00,2022-09-08,CONSERVATIVE_T1,margin_szse,300921,True
2022-09-07,AGGREGATOR|research-node|akshare@1.18.97|stock_margin_detail_szse,,,2026-09-26T07:24:07.730593+00:00,2022-09-08,CONSERVATIVE_T1,margin_szse,300977,True
2022-09-08,AGGREGATOR|research-node|akshare@1.18.97|stock_margin_detail_szse,,,2026-09-26T07:24:10.463585+00:00,2022-09-09,CONSERVATIVE_T1,margin_szse,000685,True
2022-09-08,AGGREGATOR|research-node|akshare@1.18.97|stock_margin_detail_szse,,,2026-09-26T07:24:10.463585+00:00,2022-09-09,CONSERVATIVE_T1,margin_szse,000750,True
2022-09-08,AGGREGATOR|research-node|akshare@1.18.97|stock_margin_detail_szse,,,2026-09-26T07:24:10.463585+00:00,2022-09-09,CONSERVATIVE_T1,margin_szse,000783,True
2022-09-08,AGGREGATOR|research-node|akshare@1.18.97|stock_margin_detail_szse,,,2026-09-26T07:24:10.463585+00:00,2022-09-09,CONSERVATIVE_T1,margin_szse,002440,True
2022-09-08,AGGREGATOR|research-node|akshare@1.18.97|stock_margin_detail_szse,,,2026-09-26T07:24:10.463585+00:00,2022-09-09,CONSERVATIVE_T1,margin_szse,002736,True
2022-09-08,AGGREGATOR|research-node|akshare@1.18.97|stock_margin_detail_szse,,,2026-09-26T07:24:10.463585+00:00,2022-09-09,CONSERVATIVE_T1,margin_szse,300199,True
2022-09-08,AGGREGATOR|research-node|akshare@1.18.97|stock_margin_detail_szse,,,2026-09-26T07:24:10.463585+00:00,2022-09-09,CONSERVATIVE_T1,margin_szse,300921,True
2022-09-08,AGGREGATOR|research-node|akshare@1.18.97|stock_margin_detail_szse,,,2026-09-26T07:24:10.463585+00:00,2022-09-09,CONSERVATIVE_T1,margin_szse,300977,True
2022-09-09,AGGREGATOR|research-node|akshare@1.18.97|stock_margin_detail_szse,,,2026-09-26T07:24:13.276692+00:00,2022-09-13,CONSERVATIVE_T1,margin_szse,000685,True
2022-09-09,AGGREGATOR|research-node|akshare@1.18.97|stock_margin_detail_szse,,,2026-09-26T07:24:13.276692+00:00,2022-09-13,CONSERVATIVE_T1,margin_szse,000750,True
2022-09-09,AGGREGATOR|research-node|akshare@1.18.97|stock_margin_detail_szse,,,2026-09-26T07:24:13.276692+00:00,2022-09-13,CONSERVATIVE_T1,margin_szse,000783,True
2022-09-09,AGGREGATOR|research-node|akshare@1.18.97|stock_margin_detail_szse,,,2026-09-26T07:24:13.276692+00:00,2022-09-13,CONSERVATIVE_T1,margin_szse,002440,True
2022-09-09,AGGREGATOR|research-node|akshare@1.18.97|stock_margin_detail_szse,,,2026-09-26T07:24:13.276692+00:00,2022-09-13,CONSERVATIVE_T1,margin_szse,002736,True
2022-09-09,AGGREGATOR|research-node|akshare@1.18.97|stock_margin_detail_szse,,,2026-09-26T07:24:13.276692+00:00,2022-09-13,CONSERVATIVE_T1,margin_szse,300199,True
2022-09-09,AGGREGATOR|research-node|akshare@1.18.97|stock_margin_detail_szse,,,2026-09-26T07:24:13.276692+00:00,2022-09-13,CONSERVATIVE_T1,margin_szse,300921,True
2022-09-09,AGGREGATOR|research-node|akshare@1.18.97|stock_margin_detail_szse,,,2026-09-26T07:24:13.276692+00:00,2022-09-13,CONSERVATIVE_T1,margin_szse,300977,True
2022-09-13,AGGREGATOR|research-node|akshare@1.18.97|stock_margin_detail_szse,,,2026-09-26T07:24:16.077756+00:00,2022-09-14,CONSERVATIVE_T1,margin_szse,000685,True
2022-09-13,AGGREGATOR|research-node|akshare@1.18.97|stock_margin_detail_szse,,,2026-09-26T07:24:16.077756+00:00,2022-09-14,CONSERVATIVE_T1,margin_szse,000750,True
2022-09-13,AGGREGATOR|research-node|akshare@1.18.97|stock_margin_detail_szse,,,2026-09-26T07:24:16.077756+00:00,2022-09-14,CONSERVATIVE_T1,margin_szse,000783,True
2022-09-13,AGGREGATOR|research-node|akshare@1.18.97|stock_margin_detail_szse,,,2026-09-26T07:24:16.077756+00:00,2022-09-14,CONSERVATIVE_T1,margin_szse,002440,True
2022-09-13,AGGREGATOR|research-node|akshare@1.18.97|stock_margin_detail_szse,,,2026-09-26T07:24:16.077756+00:00,2022-09-14,CONSERVATIVE_T1,margin_szse,002736,True
2022-09-13,AGGREGATOR|research-node|akshare@1.18.97|stock_margin_detail_szse,,,2026-09-26T07:24:16.077756+00:00,2022-09-14,CONSERVATIVE_T1,margin_szse,300199,True
2022-09-13,AGGREGATOR|research-node|akshare@1.18.97|stock_margin_detail_szse,,,2026-09-26T07:24:16.077756+00:00,2022-09-14,CONSERVATIVE_T1,margin_szse,300921,True
2022-09-13,AGGREGATOR|research-node|akshare@1.18.97|stock_margin_detail_szse,,,2026-09-26T07:24:16.077756+00:00,2022-09-14,CONSERVATIVE_T1,margin_szse,300977,True
2022-09-14,AGGREGATOR|research-node|akshare@1.18.97|stock_margin_detail_szse,,,2026-09-26T07:24:18.867655+00:00,2022-09-15,CONSERVATIVE_T1,margin_szse,000685,True
2022-09-14,AGGREGATOR|research-node|akshare@1.18.97|stock_margin_detail_szse,,,2026-09-26T07:24:18.867655+00:00,2022-09-15,CONSERVATIVE_T1,margin_szse,000750,True
2022-09-14,AGGREGATOR|research-node|akshare@1.18.97|stock_margin_detail_szse,,,2026-09-26T07:24:18.867655+00:00,2022-09-15,CONSERVATIVE_T1,margin_szse,000783,True
2022-09-14,AGGREGATOR|research-node|akshare@1.18.97|stock_margin_detail_szse,,,2026-09-26T07:24:18.867655+00:00,2022-09-15,CONSERVATIVE_T1,margin_szse,002440,True
2022-09-14,AGGREGATOR|research-node|akshare@1.18.97|stock_margin_detail_szse,,,2026-09-26T07:24:18.867655+00:00,2022-09-15,CONSERVATIVE_T1,margin_szse,002736,True
2022-09-14,AGGREGATOR|research-node|akshare@1.18.97|stock_margin_detail_szse,,,2026-09-26T07:24:18.867655+00:00,2022-09-15,CONSERVATIVE_T1,margin_szse,300199,True
2022-09-14,AGGREGATOR|research-node|akshare@1.18.97|stock_margin_detail_szse,,,2026-09-26T07:24:18.867655+00:00,2022-09-15,CONSERVATIVE_T1,margin_szse,300921,True
2022-09-14,AGGREGATOR|research-node|akshare@1.18.97|stock_margin_detail_szse,,,2026-09-26T07:24:18.867655+00:00,2022-09-15,CONSERVATIVE_T1,margin_szse,300977,True
2022-09-15,AGGREGATOR|research-node|akshare@1.18.97|stock_margin_detail_szse,,,2026-09-26T07:24:21.622928+00:00,2022-09-16,CONSERVATIVE_T1,margin_szse,000685,True
2022-09-15,AGGREGATOR|research-node|akshare@1.18.97|stock_margin_detail_szse,,,2026-09-26T07:24:21.622928+00:00,2022-09-16,CONSERVATIVE_T1,margin_szse,000750,True
2022-09-15,AGGREGATOR|research-node|akshare@1.18.97|stock_margin_detail_szse,,,2026-09-26T07:24:21.622928+00:00,2022-09-16,CONSERVATIVE_T1,margin_szse,000783,True
2022-09-15,AGGREGATOR|research-node|akshare@1.18.97|stock_margin_detail_szse,,,2026-09-26T07:24:21.622928+00:00,2022-09-16,CONSERVATIVE_T1,margin_szse,002440,True
2022-09-15,AGGREGATOR|research-node|akshare@1.18.97|stock_margin_detail_szse,,,2026-09-26T07:24:21.622928+00:00,2022-09-16,CONSERVATIVE_T1,margin_szse,002736,True
2022-09-15,AGGREGATOR|research-node|akshare@1.18.97|stock_margin_detail_szse,,,2026-09-26T07:24:21.622928+00:00,2022-09-16,CONSERVATIVE_T1,margin_szse,300199,True
2022-09-15,AGGREGATOR|research-node|akshare@1.18.97|stock_margin_detail_szse,,,2026-09-26T07:24:21.622928+00:00,2022-09-16,CONSERVATIVE_T1,margin_szse,300921,True
2022-09-15,AGGREGATOR|research-node|akshare@1.18.97|stock_margin_detail_szse,,,2026-09-26T07:24:21.622928+00:00,2022-09-16,CONSERVATIVE_T1,margin_szse,300977,True
2022-09-16,AGGREGATOR|research-node|akshare@1.18.97|stock_margin_detail_szse,,,2026-09-26T07:24:24.420741+00:00,2022-09-19,CONSERVATIVE_T1,margin_szse,000685,True
2022-09-16,AGGREGATOR|research-node|akshare@1.18.97|stock_margin_detail_szse,,,2026-09-26T07:24:24.420741+00:00,2022-09-19,CONSERVATIVE_T1,margin_szse,000750,True
2022-09-16,AGGREGATOR|research-node|akshare@1.18.97|stock_margin_detail_szse,,,2026-09-26T07:24:24.420741+00:00,2022-09-19,CONSERVATIVE_T1,margin_szse,000783,True
2022-09-16,AGGREGATOR|research-node|akshare@1.18.97|stock_margin_detail_szse,,,2026-09-26T07:24:24.420741+00:00,2022-09-19,CONSERVATIVE_T1,margin_szse,002440,True
2022-09-16,AGGREGATOR|research-node|akshare@1.18.97|stock_margin_detail_szse,,,2026-09-26T07:24:24.420741+00:00,2022-09-19,CONSERVATIVE_T1,margin_szse,002736,True
2022-09-16,AGGREGATOR|research-node|akshare@1.18.97|stock_margin_detail_szse,,,2026-09-26T07:24:24.420741+00:00,2022-09-19,CONSERVATIVE_T1,margin_szse,300199,True
2022-09-16,AGGREGATOR|research-node|akshare@1.18.97|stock_margin_detail_szse,,,2026-09-26T07:24:24.420741+00:00,2022-09-19,CONSERVATIVE_T1,margin_szse,300921,True
2022-09-16,AGGREGATOR|research-node|akshare@1.18.97|stock_margin_detail_szse,,,2026-09-26T07:24:24.420741+00:00,2022-09-19,CONSERVATIVE_T1,margin_szse,300977,True
2022-09-19,AGGREGATOR|research-node|akshare@1.18.97|stock_margin_detail_szse,,,2026-09-26T07:24:27.194820+00:00,2022-09-20,CONSERVATIVE_T1,margin_szse,000685,True
2022-09-19,AGGREGATOR|research-node|akshare@1.18.97|stock_margin_detail_szse,,,2026-09-26T07:24:27.194820+00:00,2022-09-20,CONSERVATIVE_T1,margin_szse,000750,True
2022-09-19,AGGREGATOR|research-node|akshare@1.18.97|stock_margin_detail_szse,,,2026-09-26T07:24:27.194820+00:00,2022-09-20,CONSERVATIVE_T1,margin_szse,000783,True
2022-09-19,AGGREGATOR|research-node|akshare@1.18.97|stock_margin_detail_szse,,,2026-09-26T07:24:27.194820+00:00,2022-09-20,CONSERVATIVE_T1,margin_szse,002440,True
2022-09-19,AGGREGATOR|research-node|akshare@1.18.97|stock_margin_detail_szse,,,2026-09-26T07:24:27.194820+00:00,2022-09-20,CONSERVATIVE_T1,margin_szse,002736,True
2022-09-19,AGGREGATOR|research-node|akshare@1.18.97|stock_margin_detail_szse,,,2026-09-26T07:24:27.194820+00:00,2022-09-20,CONSERVATIVE_T1,margin_szse,300199,True
2022-09-19,AGGREGATOR|research-node|akshare@1.18.97|stock_margin_detail_szse,,,2026-09-26T07:24:27.194820+00:00,2022-09-20,CONSERVATIVE_T1,margin_szse,300921,True
2022-09-19,AGGREGATOR|research-node|akshare@1.18.97|stock_margin_detail_szse,,,2026-09-26T07:24:27.194820+00:00,2022-09-20,CONSERVATIVE_T1,margin_szse,300977,True
2022-09-20,AGGREGATOR|research-node|akshare@1.18.97|stock_margin_detail_szse,,,2026-09-26T07:24:29.951795+00:00,2022-09-21,CONSERVATIVE_T1,margin_szse,000685,True
2022-09-20,AGGREGATOR|research-node|akshare@1.18.97|stock_margin_detail_szse,,,2026-09-26T07:24:29.951795+00:00,2022-09-21,CONSERVATIVE_T1,margin_szse,000750,True
2022-09-20,AGGREGATOR|research-node|akshare@1.18.97|stock_margin_detail_szse,,,2026-09-26T07:24:29.951795+00:00,2022-09-21,CONSERVATIVE_T1,margin_szse,000783,True
2022-09-20,AGGREGATOR|research-node|akshare@1.18.97|stock_margin_detail_szse,,,2026-09-26T07:24:29.951795+00:00,2022-09-21,CONSERVATIVE_T1,margin_szse,002440,True
2022-09-20,AGGREGATOR|research-node|akshare@1.18.97|stock_margin_detail_szse,,,2026-09-26T07:24:29.951795+00:00,2022-09-21,CONSERVATIVE_T1,margin_szse,002736,True
2022-09-20,AGGREGATOR|research-node|akshare@1.18.97|stock_margin_detail_szse,,,2026-09-26T07:24:29.951795+00:00,2022-09-21,CONSERVATIVE_T1,margin_szse,300199,True
2022-09-20,AGGREGATOR|research-node|akshare@1.18.97|stock_margin_detail_szse,,,2026-09-26T07:24:29.951795+00:00,2022-09-21,CONSERVATIVE_T1,margin_szse,300921,True
2022-09-20,AGGREGATOR|research-node|akshare@1.18.97|stock_margin_detail_szse,,,2026-09-26T07:24:29.951795+00:00,2022-09-21,CONSERVATIVE_T1,margin_szse,300977,True
2022-09-21,AGGREGATOR|research-node|akshare@1.18.97|stock_margin_detail_szse,,,2026-09-26T07:24:32.696862+00:00,2022-09-22,CONSERVATIVE_T1,margin_szse,000685,True
2022-09-21,AGGREGATOR|research-node|akshare@1.18.97|stock_margin_detail_szse,,,2026-09-26T07:24:32.696862+00:00,2022-09-22,CONSERVATIVE_T1,margin_szse,000750,True
2022-09-21,AGGREGATOR|research-node|akshare@1.18.97|stock_margin_detail_szse,,,2026-09-26T07:24:32.696862+00:00,2022-09-22,CONSERVATIVE_T1,margin_szse,000783,True
2022-09-21,AGGREGATOR|research-node|akshare@1.18.97|stock_margin_detail_szse,,,2026-09-26T07:24:32.696862+00:00,2022-09-22,CONSERVATIVE_T1,margin_szse,002440,True
2022-09-21,AGGREGATOR|research-node|akshare@1.18.97|stock_margin_detail_szse,,,2026-09-26T07:24:32.696862+00:00,2022-09-22,CONSERVATIVE_T1,margin_szse,002736,True
2022-09-21,AGGREGATOR|research-node|akshare@1.18.97|stock_margin_detail_szse,,,2026-09-26T07:24:32.696862+00:00,2022-09-22,CONSERVATIVE_T1,margin_szse,300199,True
2022-09-21,AGGREGATOR|research-node|akshare@1.18.97|stock_margin_detail_szse,,,2026-09-26T07:24:32.696862+00:00,2022-09-22,CONSERVATIVE_T1,margin_szse,300921,True
2022-09-21,AGGREGATOR|research-node|akshare@1.18.97|stock_margin_detail_szse,,,2026-09-26T07:24:32.696862+00:00,2022-09-22,CONSERVATIVE_T1,margin_szse,300977,True
2022-09-22,AGGREGATOR|research-node|akshare@1.18.97|stock_margin_detail_szse,,,2026-09-26T07:24:35.444794+00:00,2022-09-23,CONSERVATIVE_T1,margin_szse,000685,True
2022-09-22,AGGREGATOR|research-node|akshare@1.18.97|stock_margin_detail_szse,,,2026-09-26T07:24:35.444794+00:00,2022-09-23,CONSERVATIVE_T1,margin_szse,000750,True
2022-09-22,AGGREGATOR|research-node|akshare@1.18.97|stock_margin_detail_szse,,,2026-09-26T07:24:35.444794+00:00,2022-09-23,CONSERVATIVE_T1,margin_szse,000783,True
2022-09-22,AGGREGATOR|research-node|akshare@1.18.97|stock_margin_detail_szse,,,2026-09-26T07:24:35.444794+00:00,2022-09-23,CONSERVATIVE_T1,margin_szse,002440,True
2022-09-22,AGGREGATOR|research-node|akshare@1.18.97|stock_margin_detail_szse,,,2026-09-26T07:24:35.444794+00:00,2022-09-23,CONSERVATIVE_T1,margin_szse,002736,True
2022-09-22,AGGREGATOR|research-node|akshare@1.18.97|stock_margin_detail_szse,,,2026-09-26T07:24:35.444794+00:00,2022-09-23,CONSERVATIVE_T1,margin_szse,300199,True
2022-09-22,AGGREGATOR|research-node|akshare@1.18.97|stock_margin_detail_szse,,,2026-09-26T07:24:35.444794+00:00,2022-09-23,CONSERVATIVE_T1,margin_szse,300921,True
2022-09-22,AGGREGATOR|research-node|akshare@1.18.97|stock_margin_detail_szse,,,2026-09-26T07:24:35.444794+00:00,2022-09-23,CONSERVATIVE_T1,margin_szse,300977,True
2022-09-23,AGGREGATOR|research-node|akshare@1.18.97|stock_margin_detail_szse,,,2026-09-26T07:24:38.294727+00:00,2022-09-26,CONSERVATIVE_T1,margin_szse,000685,True
2022-09-23,AGGREGATOR|research-node|akshare@1.18.97|stock_margin_detail_szse,,,2026-09-26T07:24:38.294727+00:00,2022-09-26,CONSERVATIVE_T1,margin_szse,000750,True
2022-09-23,AGGREGATOR|research-node|akshare@1.18.97|stock_margin_detail_szse,,,2026-09-26T07:24:38.294727+00:00,2022-09-26,CONSERVATIVE_T1,margin_szse,000783,True
2022-09-23,AGGREGATOR|research-node|akshare@1.18.97|stock_margin_detail_szse,,,2026-09-26T07:24:38.294727+00:00,2022-09-26,CONSERVATIVE_T1,margin_szse,002440,True
2022-09-23,AGGREGATOR|research-node|akshare@1.18.97|stock_margin_detail_szse,,,2026-09-26T07:24:38.294727+00:00,2022-09-26,CONSERVATIVE_T1,margin_szse,002736,True
2022-09-23,AGGREGATOR|research-node|akshare@1.18.97|stock_margin_detail_szse,,,2026-09-26T07:24:38.294727+00:00,2022-09-26,CONSERVATIVE_T1,margin_szse,300199,True
2022-09-23,AGGREGATOR|research-node|akshare@1.18.97|stock_margin_detail_szse,,,2026-09-26T07:24:38.294727+00:00,2022-09-26,CONSERVATIVE_T1,margin_szse,300921,True
2022-09-23,AGGREGATOR|research-node|akshare@1.18.97|stock_margin_detail_szse,,,2026-09-26T07:24:38.294727+00:00,2022-09-26,CONSERVATIVE_T1,margin_szse,300977,True
2022-09-26,AGGREGATOR|research-node|akshare@1.18.97|stock_margin_detail_szse,,,2026-09-26T07:24:41.023309+00:00,2022-09-27,CONSERVATIVE_T1,margin_szse,000685,True
2022-09-26,AGGREGATOR|research-node|akshare@1.18.97|stock_margin_detail_szse,,,2026-09-26T07:24:41.023309+00:00,2022-09-27,CONSERVATIVE_T1,margin_szse,000750,True
2022-09-26,AGGREGATOR|research-node|akshare@1.18.97|stock_margin_detail_szse,,,2026-09-26T07:24:41.023309+00:00,2022-09-27,CONSERVATIVE_T1,margin_szse,000783,True
2022-09-26,AGGREGATOR|research-node|akshare@1.18.97|stock_margin_detail_szse,,,2026-09-26T07:24:41.023309+00:00,2022-09-27,CONSERVATIVE_T1,margin_szse,002440,True
2022-09-26,AGGREGATOR|research-node|akshare@1.18.97|stock_margin_detail_szse,,,2026-09-26T07:24:41.023309+00:00,2022-09-27,CONSERVATIVE_T1,margin_szse,002736,True
2022-09-26,AGGREGATOR|research-node|akshare@1.18.97|stock_margin_detail_szse,,,2026-09-26T07:24:41.023309+00:00,2022-09-27,CONSERVATIVE_T1,margin_szse,300199,True
2022-09-26,AGGREGATOR|research-node|akshare@1.18.97|stock_margin_detail_szse,,,2026-09-26T07:24:41.023309+00:00,2022-09-27,CONSERVATIVE_T1,margin_szse,300921,True
2022-09-26,AGGREGATOR|research-node|akshare@1.18.97|stock_margin_detail_szse,,,2026-09-26T07:24:41.023309+00:00,2022-09-27,CONSERVATIVE_T1,margin_szse,300977,True
2022-09-27,AGGREGATOR|research-node|akshare@1.18.97|stock_margin_detail_szse,,,2026-09-26T07:24:43.835251+00:00,2022-09-28,CONSERVATIVE_T1,margin_szse,000685,True
2022-09-27,AGGREGATOR|research-node|akshare@1.18.97|stock_margin_detail_szse,,,2026-09-26T07:24:43.835251+00:00,2022-09-28,CONSERVATIVE_T1,margin_szse,000750,True
2022-09-27,AGGREGATOR|research-node|akshare@1.18.97|stock_margin_detail_szse,,,2026-09-26T07:24:43.835251+00:00,2022-09-28,CONSERVATIVE_T1,margin_szse,000783,True
2022-09-27,AGGREGATOR|research-node|akshare@1.18.97|stock_margin_detail_szse,,,2026-09-26T07:24:43.835251+00:00,2022-09-28,CONSERVATIVE_T1,margin_szse,002440,True
2022-09-27,AGGREGATOR|research-node|akshare@1.18.97|stock_margin_detail_szse,,,2026-09-26T07:24:43.835251+00:00,2022-09-28,CONSERVATIVE_T1,margin_szse,002736,True
2022-09-27,AGGREGATOR|research-node|akshare@1.18.97|stock_margin_detail_szse,,,2026-09-26T07:24:43.835251+00:00,2022-09-28,CONSERVATIVE_T1,margin_szse,300199,True
2022-09-27,AGGREGATOR|research-node|akshare@1.18.97|stock_margin_detail_szse,,,2026-09-26T07:24:43.835251+00:00,2022-09-28,CONSERVATIVE_T1,margin_szse,300921,True
2022-09-27,AGGREGATOR|research-node|akshare@1.18.97|stock_margin_detail_szse,,,2026-09-26T07:24:43.835251+00:00,2022-09-28,CONSERVATIVE_T1,margin_szse,300977,True
2022-09-28,AGGREGATOR|research-node|akshare@1.18.97|stock_margin_detail_szse,,,2026-09-26T07:24:46.583327+00:00,2022-09-29,CONSERVATIVE_T1,margin_szse,000685,True
2022-09-28,AGGREGATOR|research-node|akshare@1.18.97|stock_margin_detail_szse,,,2026-09-26T07:24:46.583327+00:00,2022-09-29,CONSERVATIVE_T1,margin_szse,000750,True
2022-09-28,AGGREGATOR|research-node|akshare@1.18.97|stock_margin_detail_szse,,,2026-09-26T07:24:46.583327+00:00,2022-09-29,CONSERVATIVE_T1,margin_szse,000783,True
2022-09-28,AGGREGATOR|research-node|akshare@1.18.97|stock_margin_detail_szse,,,2026-09-26T07:24:46.583327+00:00,2022-09-29,CONSERVATIVE_T1,margin_szse,002440,True
2022-09-28,AGGREGATOR|research-node|akshare@1.18.97|stock_margin_detail_szse,,,2026-09-26T07:24:46.583327+00:00,2022-09-29,CONSERVATIVE_T1,margin_szse,002736,True
2022-09-28,AGGREGATOR|research-node|akshare@1.18.97|stock_margin_detail_szse,,,2026-09-26T07:24:46.583327+00:00,2022-09-29,CONSERVATIVE_T1,margin_szse,300199,True
2022-09-28,AGGREGATOR|research-node|akshare@1.18.97|stock_margin_detail_szse,,,2026-09-26T07:24:46.583327+00:00,2022-09-29,CONSERVATIVE_T1,margin_szse,300921,True
2022-09-28,AGGREGATOR|research-node|akshare@1.18.97|stock_margin_detail_szse,,,2026-09-26T07:24:46.583327+00:00,2022-09-29,CONSERVATIVE_T1,margin_szse,300977,True
2022-09-29,AGGREGATOR|research-node|akshare@1.18.97|stock_margin_detail_szse,,,2026-09-26T07:24:49.433235+00:00,2022-09-30,CONSERVATIVE_T1,margin_szse,000685,True
2022-09-29,AGGREGATOR|research-node|akshare@1.18.97|stock_margin_detail_szse,,,2026-09-26T07:24:49.433235+00:00,2022-09-30,CONSERVATIVE_T1,margin_szse,000750,True
2022-09-29,AGGREGATOR|research-node|akshare@1.18.97|stock_margin_detail_szse,,,2026-09-26T07:24:49.433235+00:00,2022-09-30,CONSERVATIVE_T1,margin_szse,000783,True
2022-09-29,AGGREGATOR|research-node|akshare@1.18.97|stock_margin_detail_szse,,,2026-09-26T07:24:49.433235+00:00,2022-09-30,CONSERVATIVE_T1,margin_szse,002440,True
2022-09-29,AGGREGATOR|research-node|akshare@1.18.97|stock_margin_detail_szse,,,2026-09-26T07:24:49.433235+00:00,2022-09-30,CONSERVATIVE_T1,margin_szse,002736,True
2022-09-29,AGGREGATOR|research-node|akshare@1.18.97|stock_margin_detail_szse,,,2026-09-26T07:24:49.433235+00:00,2022-09-30,CONSERVATIVE_T1,margin_szse,300199,True
2022-09-29,AGGREGATOR|research-node|akshare@1.18.97|stock_margin_detail_szse,,,2026-09-26T07:24:49.433235+00:00,2022-09-30,CONSERVATIVE_T1,margin_szse,300921,True
2022-09-29,AGGREGATOR|research-node|akshare@1.18.97|stock_margin_detail_szse,,,2026-09-26T07:24:49.433235+00:00,2022-09-30,CONSERVATIVE_T1,margin_szse,300977,True
2022-09-30,AGGREGATOR|research-node|akshare@1.18.97|stock_margin_detail_szse,,,2026-09-26T07:24:52.194910+00:00,2022-10-10,CONSERVATIVE_T1,margin_szse,000685,True
2022-09-30,AGGREGATOR|research-node|akshare@1.18.97|stock_margin_detail_szse,,,2026-09-26T07:24:52.194910+00:00,2022-10-10,CONSERVATIVE_T1,margin_szse,000750,True
2022-09-30,AGGREGATOR|research-node|akshare@1.18.97|stock_margin_detail_szse,,,2026-09-26T07:24:52.194910+00:00,2022-10-10,CONSERVATIVE_T1,margin_szse,000783,True
2022-09-30,AGGREGATOR|research-node|akshare@1.18.97|stock_margin_detail_szse,,,2026-09-26T07:24:52.194910+00:00,2022-10-10,CONSERVATIVE_T1,margin_szse,002440,True
2022-09-30,AGGREGATOR|research-node|akshare@1.18.97|stock_margin_detail_szse,,,2026-09-26T07:24:52.194910+00:00,2022-10-10,CONSERVATIVE_T1,margin_szse,002736,True
2022-09-30,AGGREGATOR|research-node|akshare@1.18.97|stock_margin_detail_szse,,,2026-09-26T07:24:52.194910+00:00,2022-10-10,CONSERVATIVE_T1,margin_szse,300199,True
2022-09-30,AGGREGATOR|research-node|akshare@1.18.97|stock_margin_detail_szse,,,2026-09-26T07:24:52.194910+00:00,2022-10-10,CONSERVATIVE_T1,margin_szse,300921,True
2022-09-30,AGGREGATOR|research-node|akshare@1.18.97|stock_margin_detail_szse,,,2026-09-26T07:24:52.194910+00:00,2022-10-10,CONSERVATIVE_T1,margin_szse,300977,True
2022-10-10,AGGREGATOR|research-node|akshare@1.18.97|stock_margin_detail_szse,,,2026-09-26T07:24:54.978347+00:00,2022-10-11,CONSERVATIVE_T1,margin_szse,000685,True
2022-10-10,AGGREGATOR|research-node|akshare@1.18.97|stock_margin_detail_szse,,,2026-09-26T07:24:54.978347+00:00,2022-10-11,CONSERVATIVE_T1,margin_szse,000750,True
2022-10-10,AGGREGATOR|research-node|akshare@1.18.97|stock_margin_detail_szse,,,2026-09-26T07:24:54.978347+00:00,2022-10-11,CONSERVATIVE_T1,margin_szse,000783,True
2022-10-10,AGGREGATOR|research-node|akshare@1.18.97|stock_margin_detail_szse,,,2026-09-26T07:24:54.978347+00:00,2022-10-11,CONSERVATIVE_T1,margin_szse,002440,True
2022-10-10,AGGREGATOR|research-node|akshare@1.18.97|stock_margin_detail_szse,,,2026-09-26T07:24:54.978347+00:00,2022-10-11,CONSERVATIVE_T1,margin_szse,002736,True
2022-10-10,AGGREGATOR|research-node|akshare@1.18.97|stock_margin_detail_szse,,,2026-09-26T07:24:54.978347+00:00,2022-10-11,CONSERVATIVE_T1,margin_szse,300199,True
2022-10-10,AGGREGATOR|research-node|akshare@1.18.97|stock_margin_detail_szse,,,2026-09-26T07:24:54.978347+00:00,2022-10-11,CONSERVATIVE_T1,margin_szse,300921,True
2022-10-10,AGGREGATOR|research-node|akshare@1.18.97|stock_margin_detail_szse,,,2026-09-26T07:24:54.978347+00:00,2022-10-11,CONSERVATIVE_T1,margin_szse,300977,True
2022-10-11,AGGREGATOR|research-node|akshare@1.18.97|stock_margin_detail_szse,,,2026-09-26T07:24:57.748497+00:00,2022-10-12,CONSERVATIVE_T1,margin_szse,000685,True
2022-10-11,AGGREGATOR|research-node|akshare@1.18.97|stock_margin_detail_szse,,,2026-09-26T07:24:57.748497+00:00,2022-10-12,CONSERVATIVE_T1,margin_szse,000750,True
2022-10-11,AGGREGATOR|research-node|akshare@1.18.97|stock_margin_detail_szse,,,2026-09-26T07:24:57.748497+00:00,2022-10-12,CONSERVATIVE_T1,margin_szse,000783,True
2022-10-11,AGGREGATOR|research-node|akshare@1.18.97|stock_margin_detail_szse,,,2026-09-26T07:24:57.748497+00:00,2022-10-12,CONSERVATIVE_T1,margin_szse,002440,True
2022-10-11,AGGREGATOR|research-node|akshare@1.18.97|stock_margin_detail_szse,,,2026-09-26T07:24:57.748497+00:00,2022-10-12,CONSERVATIVE_T1,margin_szse,002736,True
2022-10-11,AGGREGATOR|research-node|akshare@1.18.97|stock_margin_detail_szse,,,2026-09-26T07:24:57.748497+00:00,2022-10-12,CONSERVATIVE_T1,margin_szse,300199,True
2022-10-11,AGGREGATOR|research-node|akshare@1.18.97|stock_margin_detail_szse,,,2026-09-26T07:24:57.748497+00:00,2022-10-12,CONSERVATIVE_T1,margin_szse,300921,True
2022-10-11,AGGREGATOR|research-node|akshare@1.18.97|stock_margin_detail_szse,,,2026-09-26T07:24:57.748497+00:00,2022-10-12,CONSERVATIVE_T1,margin_szse,300977,True
2022-10-12,AGGREGATOR|research-node|akshare@1.18.97|stock_margin_detail_szse,,,2026-09-26T07:25:00.631517+00:00,2022-10-13,CONSERVATIVE_T1,margin_szse,000685,True
2022-10-12,AGGREGATOR|research-node|akshare@1.18.97|stock_margin_detail_szse,,,2026-09-26T07:25:00.631517+00:00,2022-10-13,CONSERVATIVE_T1,margin_szse,000750,True
2022-10-12,AGGREGATOR|research-node|akshare@1.18.97|stock_margin_detail_szse,,,2026-09-26T07:25:00.631517+00:00,2022-10-13,CONSERVATIVE_T1,margin_szse,000783,True
2022-10-12,AGGREGATOR|research-node|akshare@1.18.97|stock_margin_detail_szse,,,2026-09-26T07:25:00.631517+00:00,2022-10-13,CONSERVATIVE_T1,margin_szse,002440,True
2022-10-12,AGGREGATOR|research-node|akshare@1.18.97|stock_margin_detail_szse,,,2026-09-26T07:25:00.631517+00:00,2022-10-13,CONSERVATIVE_T1,margin_szse,002736,True
2022-10-12,AGGREGATOR|research-node|akshare@1.18.97|stock_margin_detail_szse,,,2026-09-26T07:25:00.631517+00:00,2022-10-13,CONSERVATIVE_T1,margin_szse,300199,True
2022-10-12,AGGREGATOR|research-node|akshare@1.18.97|stock_margin_detail_szse,,,2026-09-26T07:25:00.631517+00:00,2022-10-13,CONSERVATIVE_T1,margin_szse,300921,True
2022-10-12,AGGREGATOR|research-node|akshare@1.18.97|stock_margin_detail_szse,,,2026-09-26T07:25:00.631517+00:00,2022-10-13,CONSERVATIVE_T1,margin_szse,300977,True
2022-10-13,AGGREGATOR|research-node|akshare@1.18.97|stock_margin_detail_szse,,,2026-09-26T07:25:03.474228+00:00,2022-10-14,CONSERVATIVE_T1,margin_szse,000685,True
2022-10-13,AGGREGATOR|research-node|akshare@1.18.97|stock_margin_detail_szse,,,2026-09-26T07:25:03.474228+00:00,2022-10-14,CONSERVATIVE_T1,margin_szse,000750,True
2022-10-13,AGGREGATOR|research-node|akshare@1.18.97|stock_margin_detail_szse,,,2026-09-26T07:25:03.474228+00:00,2022-10-14,CONSERVATIVE_T1,margin_szse,000783,True
2022-10-13,AGGREGATOR|research-node|akshare@1.18.97|stock_margin_detail_szse,,,2026-09-26T07:25:03.474228+00:00,2022-10-14,CONSERVATIVE_T1,margin_szse,002440,True
2022-10-13,AGGREGATOR|research-node|akshare@1.18.97|stock_margin_detail_szse,,,2026-09-26T07:25:03.474228+00:00,2022-10-14,CONSERVATIVE_T1,margin_szse,002736,True
2022-10-13,AGGREGATOR|research-node|akshare@1.18.97|stock_margin_detail_szse,,,2026-09-26T07:25:03.474228+00:00,2022-10-14,CONSERVATIVE_T1,margin_szse,300199,True
2022-10-13,AGGREGATOR|research-node|akshare@1.18.97|stock_margin_detail_szse,,,2026-09-26T07:25:03.474228+00:00,2022-10-14,CONSERVATIVE_T1,margin_szse,300921,True
2022-10-13,AGGREGATOR|research-node|akshare@1.18.97|stock_margin_detail_szse,,,2026-09-26T07:25:03.474228+00:00,2022-10-14,CONSERVATIVE_T1,margin_szse,300977,True
2022-10-14,AGGREGATOR|research-node|akshare@1.18.97|stock_margin_detail_szse,,,2026-09-26T07:25:06.259222+00:00,2022-10-17,CONSERVATIVE_T1,margin_szse,000685,True
2022-10-14,AGGREGATOR|research-node|akshare@1.18.97|stock_margin_detail_szse,,,2026-09-26T07:25:06.259222+00:00,2022-10-17,CONSERVATIVE_T1,margin_szse,000750,True
2022-10-14,AGGREGATOR|research-node|akshare@1.18.97|stock_margin_detail_szse,,,2026-09-26T07:25:06.259222+00:00,2022-10-17,CONSERVATIVE_T1,margin_szse,000783,True
2022-10-14,AGGREGATOR|research-node|akshare@1.18.97|stock_margin_detail_szse,,,2026-09-26T07:25:06.259222+00:00,2022-10-17,CONSERVATIVE_T1,margin_szse,002440,True
2022-10-14,AGGREGATOR|research-node|akshare@1.18.97|stock_margin_detail_szse,,,2026-09-26T07:25:06.259222+00:00,2022-10-17,CONSERVATIVE_T1,margin_szse,002736,True
2022-10-14,AGGREGATOR|research-node|akshare@1.18.97|stock_margin_detail_szse,,,2026-09-26T07:25:06.259222+00:00,2022-10-17,CONSERVATIVE_T1,margin_szse,300199,True
2022-10-14,AGGREGATOR|research-node|akshare@1.18.97|stock_margin_detail_szse,,,2026-09-26T07:25:06.259222+00:00,2022-10-17,CONSERVATIVE_T1,margin_szse,300921,True
2022-10-14,AGGREGATOR|research-node|akshare@1.18.97|stock_margin_detail_szse,,,2026-09-26T07:25:06.259222+00:00,2022-10-17,CONSERVATIVE_T1,margin_szse,300977,True
2022-10-17,AGGREGATOR|research-node|akshare@1.18.97|stock_margin_detail_szse,,,2026-09-26T07:25:09.110325+00:00,2022-10-18,CONSERVATIVE_T1,margin_szse,000685,True
2022-10-17,AGGREGATOR|research-node|akshare@1.18.97|stock_margin_detail_szse,,,2026-09-26T07:25:09.110325+00:00,2022-10-18,CONSERVATIVE_T1,margin_szse,000750,True
2022-10-17,AGGREGATOR|research-node|akshare@1.18.97|stock_margin_detail_szse,,,2026-09-26T07:25:09.110325+00:00,2022-10-18,CONSERVATIVE_T1,margin_szse,000783,True
2022-10-17,AGGREGATOR|research-node|akshare@1.18.97|stock_margin_detail_szse,,,2026-09-26T07:25:09.110325+00:00,2022-10-18,CONSERVATIVE_T1,margin_szse,002440,True
2022-10-17,AGGREGATOR|research-node|akshare@1.18.97|stock_margin_detail_szse,,,2026-09-26T07:25:09.110325+00:00,2022-10-18,CONSERVATIVE_T1,margin_szse,002736,True
2022-10-17,AGGREGATOR|research-node|akshare@1.18.97|stock_margin_detail_szse,,,2026-09-26T07:25:09.110325+00:00,2022-10-18,CONSERVATIVE_T1,margin_szse,300199,True
2022-10-17,AGGREGATOR|research-node|akshare@1.18.97|stock_margin_detail_szse,,,2026-09-26T07:25:09.110325+00:00,2022-10-18,CONSERVATIVE_T1,margin_szse,300921,True
2022-10-17,AGGREGATOR|research-node|akshare@1.18.97|stock_margin_detail_szse,,,2026-09-26T07:25:09.110325+00:00,2022-10-18,CONSERVATIVE_T1,margin_szse,300977,True
2022-10-18,AGGREGATOR|research-node|akshare@1.18.97|stock_margin_detail_szse,,,2026-09-26T07:25:11.954620+00:00,2022-10-19,CONSERVATIVE_T1,margin_szse,000685,True
2022-10-18,AGGREGATOR|research-node|akshare@1.18.97|stock_margin_detail_szse,,,2026-09-26T07:25:11.954620+00:00,2022-10-19,CONSERVATIVE_T1,margin_szse,000750,True
2022-10-18,AGGREGATOR|research-node|akshare@1.18.97|stock_margin_detail_szse,,,2026-09-26T07:25:11.954620+00:00,2022-10-19,CONSERVATIVE_T1,margin_szse,000783,True
2022-10-18,AGGREGATOR|research-node|akshare@1.18.97|stock_margin_detail_szse,,,2026-09-26T07:25:11.954620+00:00,2022-10-19,CONSERVATIVE_T1,margin_szse,002440,True
2022-10-18,AGGREGATOR|research-node|akshare@1.18.97|stock_margin_detail_szse,,,2026-09-26T07:25:11.954620+00:00,2022-10-19,CONSERVATIVE_T1,margin_szse,002736,True
2022-10-18,AGGREGATOR|research-node|akshare@1.18.97|stock_margin_detail_szse,,,2026-09-26T07:25:11.954620+00:00,2022-10-19,CONSERVATIVE_T1,margin_szse,300199,True
2022-10-18,AGGREGATOR|research-node|akshare@1.18.97|stock_margin_detail_szse,,,2026-09-26T07:25:11.954620+00:00,2022-10-19,CONSERVATIVE_T1,margin_szse,300921,True
2022-10-18,AGGREGATOR|research-node|akshare@1.18.97|stock_margin_detail_szse,,,2026-09-26T07:25:11.954620+00:00,2022-10-19,CONSERVATIVE_T1,margin_szse,300977,True
2022-10-19,AGGREGATOR|research-node|akshare@1.18.97|stock_margin_detail_szse,,,2026-09-26T07:25:14.746935+00:00,2022-10-20,CONSERVATIVE_T1,margin_szse,000685,True
2022-10-19,AGGREGATOR|research-node|akshare@1.18.97|stock_margin_detail_szse,,,2026-09-26T07:25:14.746935+00:00,2022-10-20,CONSERVATIVE_T1,margin_szse,000750,True
2022-10-19,AGGREGATOR|research-node|akshare@1.18.97|stock_margin_detail_szse,,,2026-09-26T07:25:14.746935+00:00,2022-10-20,CONSERVATIVE_T1,margin_szse,000783,True
2022-10-19,AGGREGATOR|research-node|akshare@1.18.97|stock_margin_detail_szse,,,2026-09-26T07:25:14.746935+00:00,2022-10-20,CONSERVATIVE_T1,margin_szse,002440,True
2022-10-19,AGGREGATOR|research-node|akshare@1.18.97|stock_margin_detail_szse,,,2026-09-26T07:25:14.746935+00:00,2022-10-20,CONSERVATIVE_T1,margin_szse,002736,True
2022-10-19,AGGREGATOR|research-node|akshare@1.18.97|stock_margin_detail_szse,,,2026-09-26T07:25:14.746935+00:00,2022-10-20,CONSERVATIVE_T1,margin_szse,300199,True
2022-10-19,AGGREGATOR|research-node|akshare@1.18.97|stock_margin_detail_szse,,,2026-09-26T07:25:14.746935+00:00,2022-10-20,CONSERVATIVE_T1,margin_szse,300921,True
2022-10-19,AGGREGATOR|research-node|akshare@1.18.97|stock_margin_detail_szse,,,2026-09-26T07:25:14.746935+00:00,2022-10-20,CONSERVATIVE_T1,margin_szse,300977,True
2022-10-20,AGGREGATOR|research-node|akshare@1.18.97|stock_margin_detail_szse,,,2026-09-26T07:25:17.525430+00:00,2022-10-21,CONSERVATIVE_T1,margin_szse,000685,True
2022-10-20,AGGREGATOR|research-node|akshare@1.18.97|stock_margin_detail_szse,,,2026-09-26T07:25:17.525430+00:00,2022-10-21,CONSERVATIVE_T1,margin_szse,000750,True
2022-10-20,AGGREGATOR|research-node|akshare@1.18.97|stock_margin_detail_szse,,,2026-09-26T07:25:17.525430+00:00,2022-10-21,CONSERVATIVE_T1,margin_szse,000783,True
2022-10-20,AGGREGATOR|research-node|akshare@1.18.97|stock_margin_detail_szse,,,2026-09-26T07:25:17.525430+00:00,2022-10-21,CONSERVATIVE_T1,margin_szse,002440,True
2022-10-20,AGGREGATOR|research-node|akshare@1.18.97|stock_margin_detail_szse,,,2026-09-26T07:25:17.525430+00:00,2022-10-21,CONSERVATIVE_T1,margin_szse,002736,True
2022-10-20,AGGREGATOR|research-node|akshare@1.18.97|stock_margin_detail_szse,,,2026-09-26T07:25:17.525430+00:00,2022-10-21,CONSERVATIVE_T1,margin_szse,300199,True
2022-10-20,AGGREGATOR|research-node|akshare@1.18.97|stock_margin_detail_szse,,,2026-09-26T07:25:17.525430+00:00,2022-10-21,CONSERVATIVE_T1,margin_szse,300921,True
2022-10-20,AGGREGATOR|research-node|akshare@1.18.97|stock_margin_detail_szse,,,2026-09-26T07:25:17.525430+00:00,2022-10-21,CONSERVATIVE_T1,margin_szse,300977,True
2022-10-21,AGGREGATOR|research-node|akshare@1.18.97|stock_margin_detail_szse,,,2026-09-26T07:25:20.309482+00:00,2022-10-24,CONSERVATIVE_T1,margin_szse,000685,True
2022-10-21,AGGREGATOR|research-node|akshare@1.18.97|stock_margin_detail_szse,,,2026-09-26T07:25:20.309482+00:00,2022-10-24,CONSERVATIVE_T1,margin_szse,000750,True
2022-10-21,AGGREGATOR|research-node|akshare@1.18.97|stock_margin_detail_szse,,,2026-09-26T07:25:20.309482+00:00,2022-10-24,CONSERVATIVE_T1,margin_szse,000783,True
2022-10-21,AGGREGATOR|research-node|akshare@1.18.97|stock_margin_detail_szse,,,2026-09-26T07:25:20.309482+00:00,2022-10-24,CONSERVATIVE_T1,margin_szse,002440,True
2022-10-21,AGGREGATOR|research-node|akshare@1.18.97|stock_margin_detail_szse,,,2026-09-26T07:25:20.309482+00:00,2022-10-24,CONSERVATIVE_T1,margin_szse,002736,True
2022-10-21,AGGREGATOR|research-node|akshare@1.18.97|stock_margin_detail_szse,,,2026-09-26T07:25:20.309482+00:00,2022-10-24,CONSERVATIVE_T1,margin_szse,300199,True
2022-10-21,AGGREGATOR|research-node|akshare@1.18.97|stock_margin_detail_szse,,,2026-09-26T07:25:20.309482+00:00,2022-10-24,CONSERVATIVE_T1,margin_szse,300921,True
2022-10-21,AGGREGATOR|research-node|akshare@1.18.97|stock_margin_detail_szse,,,2026-09-26T07:25:20.309482+00:00,2022-10-24,CONSERVATIVE_T1,margin_szse,300977,True
2022-10-24,AGGREGATOR|research-node|akshare@1.18.97|stock_margin_detail_szse,,,2026-09-26T07:25:23.222180+00:00,2022-10-25,CONSERVATIVE_T1,margin_szse,000685,True
2022-10-24,AGGREGATOR|research-node|akshare@1.18.97|stock_margin_detail_szse,,,2026-09-26T07:25:23.222180+00:00,2022-10-25,CONSERVATIVE_T1,margin_szse,000750,True
2022-10-24,AGGREGATOR|research-node|akshare@1.18.97|stock_margin_detail_szse,,,2026-09-26T07:25:23.222180+00:00,2022-10-25,CONSERVATIVE_T1,margin_szse,000783,True
2022-10-24,AGGREGATOR|research-node|akshare@1.18.97|stock_margin_detail_szse,,,2026-09-26T07:25:23.222180+00:00,2022-10-25,CONSERVATIVE_T1,margin_szse,002440,True
2022-10-24,AGGREGATOR|research-node|akshare@1.18.97|stock_margin_detail_szse,,,2026-09-26T07:25:23.222180+00:00,2022-10-25,CONSERVATIVE_T1,margin_szse,002736,True
2022-10-24,AGGREGATOR|research-node|akshare@1.18.97|stock_margin_detail_szse,,,2026-09-26T07:25:23.222180+00:00,2022-10-25,CONSERVATIVE_T1,margin_szse,300199,True
2022-10-24,AGGREGATOR|research-node|akshare@1.18.97|stock_margin_detail_szse,,,2026-09-26T07:25:23.222180+00:00,2022-10-25,CONSERVATIVE_T1,margin_szse,300921,True
2022-10-24,AGGREGATOR|research-node|akshare@1.18.97|stock_margin_detail_szse,,,2026-09-26T07:25:23.222180+00:00,2022-10-25,CONSERVATIVE_T1,margin_szse,300977,True
2022-10-25,AGGREGATOR|research-node|akshare@1.18.97|stock_margin_detail_szse,,,2026-09-26T07:25:26.059103+00:00,2022-10-26,CONSERVATIVE_T1,margin_szse,000685,True
2022-10-25,AGGREGATOR|research-node|akshare@1.18.97|stock_margin_detail_szse,,,2026-09-26T07:25:26.059103+00:00,2022-10-26,CONSERVATIVE_T1,margin_szse,000750,True
2022-10-25,AGGREGATOR|research-node|akshare@1.18.97|stock_margin_detail_szse,,,2026-09-26T07:25:26.059103+00:00,2022-10-26,CONSERVATIVE_T1,margin_szse,000783,True
2022-10-25,AGGREGATOR|research-node|akshare@1.18.97|stock_margin_detail_szse,,,2026-09-26T07:25:26.059103+00:00,2022-10-26,CONSERVATIVE_T1,margin_szse,002440,True
2022-10-25,AGGREGATOR|research-node|akshare@1.18.97|stock_margin_detail_szse,,,2026-09-26T07:25:26.059103+00:00,2022-10-26,CONSERVATIVE_T1,margin_szse,002736,True
2022-10-25,AGGREGATOR|research-node|akshare@1.18.97|stock_margin_detail_szse,,,2026-09-26T07:25:26.059103+00:00,2022-10-26,CONSERVATIVE_T1,margin_szse,300199,True
2022-10-25,AGGREGATOR|research-node|akshare@1.18.97|stock_margin_detail_szse,,,2026-09-26T07:25:26.059103+00:00,2022-10-26,CONSERVATIVE_T1,margin_szse,300921,True
2022-10-25,AGGREGATOR|research-node|akshare@1.18.97|stock_margin_detail_szse,,,2026-09-26T07:25:26.059103+00:00,2022-10-26,CONSERVATIVE_T1,margin_szse,300977,True
2022-10-26,AGGREGATOR|research-node|akshare@1.18.97|stock_margin_detail_szse,,,2026-09-26T07:25:28.910426+00:00,2022-10-27,CONSERVATIVE_T1,margin_szse,000685,True
2022-10-26,AGGREGATOR|research-node|akshare@1.18.97|stock_margin_detail_szse,,,2026-09-26T07:25:28.910426+00:00,2022-10-27,CONSERVATIVE_T1,margin_szse,000750,True
2022-10-26,AGGREGATOR|research-node|akshare@1.18.97|stock_margin_detail_szse,,,2026-09-26T07:25:28.910426+00:00,2022-10-27,CONSERVATIVE_T1,margin_szse,000783,True
2022-10-26,AGGREGATOR|research-node|akshare@1.18.97|stock_margin_detail_szse,,,2026-09-26T07:25:28.910426+00:00,2022-10-27,CONSERVATIVE_T1,margin_szse,002440,True
2022-10-26,AGGREGATOR|research-node|akshare@1.18.97|stock_margin_detail_szse,,,2026-09-26T07:25:28.910426+00:00,2022-10-27,CONSERVATIVE_T1,margin_szse,002736,True
2022-10-26,AGGREGATOR|research-node|akshare@1.18.97|stock_margin_detail_szse,,,2026-09-26T07:25:28.910426+00:00,2022-10-27,CONSERVATIVE_T1,margin_szse,300199,True
2022-10-26,AGGREGATOR|research-node|akshare@1.18.97|stock_margin_detail_szse,,,2026-09-26T07:25:28.910426+00:00,2022-10-27,CONSERVATIVE_T1,margin_szse,300921,True
2022-10-26,AGGREGATOR|research-node|akshare@1.18.97|stock_margin_detail_szse,,,2026-09-26T07:25:28.910426+00:00,2022-10-27,CONSERVATIVE_T1,margin_szse,300977,True
2022-10-27,AGGREGATOR|research-node|akshare@1.18.97|stock_margin_detail_szse,,,2026-09-26T07:25:31.748769+00:00,2022-10-28,CONSERVATIVE_T1,margin_szse,000685,True
2022-10-27,AGGREGATOR|research-node|akshare@1.18.97|stock_margin_detail_szse,,,2026-09-26T07:25:31.748769+00:00,2022-10-28,CONSERVATIVE_T1,margin_szse,000750,True
2022-10-27,AGGREGATOR|research-node|akshare@1.18.97|stock_margin_detail_szse,,,2026-09-26T07:25:31.748769+00:00,2022-10-28,CONSERVATIVE_T1,margin_szse,000783,True
2022-10-27,AGGREGATOR|research-node|akshare@1.18.97|stock_margin_detail_szse,,,2026-09-26T07:25:31.748769+00:00,2022-10-28,CONSERVATIVE_T1,margin_szse,002440,True
2022-10-27,AGGREGATOR|research-node|akshare@1.18.97|stock_margin_detail_szse,,,2026-09-26T07:25:31.748769+00:00,2022-10-28,CONSERVATIVE_T1,margin_szse,002736,True
2022-10-27,AGGREGATOR|research-node|akshare@1.18.97|stock_margin_detail_szse,,,2026-09-26T07:25:31.748769+00:00,2022-10-28,CONSERVATIVE_T1,margin_szse,300199,True
2022-10-27,AGGREGATOR|research-node|akshare@1.18.97|stock_margin_detail_szse,,,2026-09-26T07:25:31.748769+00:00,2022-10-28,CONSERVATIVE_T1,margin_szse,300921,True
2022-10-27,AGGREGATOR|research-node|akshare@1.18.97|stock_margin_detail_szse,,,2026-09-26T07:25:31.748769+00:00,2022-10-28,CONSERVATIVE_T1,margin_szse,300977,True
2022-10-28,AGGREGATOR|research-node|akshare@1.18.97|stock_margin_detail_szse,,,2026-09-26T07:25:34.818284+00:00,2022-10-31,CONSERVATIVE_T1,margin_szse,000685,True
2022-10-28,AGGREGATOR|research-node|akshare@1.18.97|stock_margin_detail_szse,,,2026-09-26T07:25:34.818284+00:00,2022-10-31,CONSERVATIVE_T1,margin_szse,000750,True
2022-10-28,AGGREGATOR|research-node|akshare@1.18.97|stock_margin_detail_szse,,,2026-09-26T07:25:34.818284+00:00,2022-10-31,CONSERVATIVE_T1,margin_szse,000783,True
2022-10-28,AGGREGATOR|research-node|akshare@1.18.97|stock_margin_detail_szse,,,2026-09-26T07:25:34.818284+00:00,2022-10-31,CONSERVATIVE_T1,margin_szse,002440,True
2022-10-28,AGGREGATOR|research-node|akshare@1.18.97|stock_margin_detail_szse,,,2026-09-26T07:25:34.818284+00:00,2022-10-31,CONSERVATIVE_T1,margin_szse,002736,True
2022-10-28,AGGREGATOR|research-node|akshare@1.18.97|stock_margin_detail_szse,,,2026-09-26T07:25:34.818284+00:00,2022-10-31,CONSERVATIVE_T1,margin_szse,300199,True
2022-10-28,AGGREGATOR|research-node|akshare@1.18.97|stock_margin_detail_szse,,,2026-09-26T07:25:34.818284+00:00,2022-10-31,CONSERVATIVE_T1,margin_szse,300921,True
2022-10-28,AGGREGATOR|research-node|akshare@1.18.97|stock_margin_detail_szse,,,2026-09-26T07:25:34.818284+00:00,2022-10-31,CONSERVATIVE_T1,margin_szse,300977,True
2022-10-31,AGGREGATOR|research-node|akshare@1.18.97|stock_margin_detail_szse,,,2026-09-26T07:25:37.800428+00:00,2022-11-01,CONSERVATIVE_T1,margin_szse,000685,True
2022-10-31,AGGREGATOR|research-node|akshare@1.18.97|stock_margin_detail_szse,,,2026-09-26T07:25:37.800428+00:00,2022-11-01,CONSERVATIVE_T1,margin_szse,000750,True
2022-10-31,AGGREGATOR|research-node|akshare@1.18.97|stock_margin_detail_szse,,,2026-09-26T07:25:37.800428+00:00,2022-11-01,CONSERVATIVE_T1,margin_szse,000783,True
2022-10-31,AGGREGATOR|research-node|akshare@1.18.97|stock_margin_detail_szse,,,2026-09-26T07:25:37.800428+00:00,2022-11-01,CONSERVATIVE_T1,margin_szse,002440,True
2022-10-31,AGGREGATOR|research-node|akshare@1.18.97|stock_margin_detail_szse,,,2026-09-26T07:25:37.800428+00:00,2022-11-01,CONSERVATIVE_T1,margin_szse,002736,True
2022-10-31,AGGREGATOR|research-node|akshare@1.18.97|stock_margin_detail_szse,,,2026-09-26T07:25:37.800428+00:00,2022-11-01,CONSERVATIVE_T1,margin_szse,300199,True
2022-10-31,AGGREGATOR|research-node|akshare@1.18.97|stock_margin_detail_szse,,,2026-09-26T07:25:37.800428+00:00,2022-11-01,CONSERVATIVE_T1,margin_szse,300921,True
2022-10-31,AGGREGATOR|research-node|akshare@1.18.97|stock_margin_detail_szse,,,2026-09-26T07:25:37.800428+00:00,2022-11-01,CONSERVATIVE_T1,margin_szse,300977,True
2022-11-01,AGGREGATOR|research-node|akshare@1.18.97|stock_margin_detail_szse,,,2026-09-26T07:25:40.671009+00:00,2022-11-02,CONSERVATIVE_T1,margin_szse,000685,True
2022-11-01,AGGREGATOR|research-node|akshare@1.18.97|stock_margin_detail_szse,,,2026-09-26T07:25:40.671009+00:00,2022-11-02,CONSERVATIVE_T1,margin_szse,000750,True
2022-11-01,AGGREGATOR|research-node|akshare@1.18.97|stock_margin_detail_szse,,,2026-09-26T07:25:40.671009+00:00,2022-11-02,CONSERVATIVE_T1,margin_szse,000783,True
2022-11-01,AGGREGATOR|research-node|akshare@1.18.97|stock_margin_detail_szse,,,2026-09-26T07:25:40.671009+00:00,2022-11-02,CONSERVATIVE_T1,margin_szse,002440,True
2022-11-01,AGGREGATOR|research-node|akshare@1.18.97|stock_margin_detail_szse,,,2026-09-26T07:25:40.671009+00:00,2022-11-02,CONSERVATIVE_T1,margin_szse,002736,True
2022-11-01,AGGREGATOR|research-node|akshare@1.18.97|stock_margin_detail_szse,,,2026-09-26T07:25:40.671009+00:00,2022-11-02,CONSERVATIVE_T1,margin_szse,300199,True
2022-11-01,AGGREGATOR|research-node|akshare@1.18.97|stock_margin_detail_szse,,,2026-09-26T07:25:40.671009+00:00,2022-11-02,CONSERVATIVE_T1,margin_szse,300921,True
2022-11-01,AGGREGATOR|research-node|akshare@1.18.97|stock_margin_detail_szse,,,2026-09-26T07:25:40.671009+00:00,2022-11-02,CONSERVATIVE_T1,margin_szse,300977,True
2022-11-02,AGGREGATOR|research-node|akshare@1.18.97|stock_margin_detail_szse,,,2026-09-26T07:25:43.745102+00:00,2022-11-03,CONSERVATIVE_T1,margin_szse,000685,True
2022-11-02,AGGREGATOR|research-node|akshare@1.18.97|stock_margin_detail_szse,,,2026-09-26T07:25:43.745102+00:00,2022-11-03,CONSERVATIVE_T1,margin_szse,000750,True
2022-11-02,AGGREGATOR|research-node|akshare@1.18.97|stock_margin_detail_szse,,,2026-09-26T07:25:43.745102+00:00,2022-11-03,CONSERVATIVE_T1,margin_szse,000783,True
2022-11-02,AGGREGATOR|research-node|akshare@1.18.97|stock_margin_detail_szse,,,2026-09-26T07:25:43.745102+00:00,2022-11-03,CONSERVATIVE_T1,margin_szse,002440,True
2022-11-02,AGGREGATOR|research-node|akshare@1.18.97|stock_margin_detail_szse,,,2026-09-26T07:25:43.745102+00:00,2022-11-03,CONSERVATIVE_T1,margin_szse,002736,True
2022-11-02,AGGREGATOR|research-node|akshare@1.18.97|stock_margin_detail_szse,,,2026-09-26T07:25:43.745102+00:00,2022-11-03,CONSERVATIVE_T1,margin_szse,300199,True
2022-11-02,AGGREGATOR|research-node|akshare@1.18.97|stock_margin_detail_szse,,,2026-09-26T07:25:43.745102+00:00,2022-11-03,CONSERVATIVE_T1,margin_szse,300921,True
2022-11-02,AGGREGATOR|research-node|akshare@1.18.97|stock_margin_detail_szse,,,2026-09-26T07:25:43.745102+00:00,2022-11-03,CONSERVATIVE_T1,margin_szse,300977,True
2022-11-03,AGGREGATOR|research-node|akshare@1.18.97|stock_margin_detail_szse,,,2026-09-26T07:25:46.573074+00:00,2022-11-04,CONSERVATIVE_T1,margin_szse,000685,True
2022-11-03,AGGREGATOR|research-node|akshare@1.18.97|stock_margin_detail_szse,,,2026-09-26T07:25:46.573074+00:00,2022-11-04,CONSERVATIVE_T1,margin_szse,000750,True
2022-11-03,AGGREGATOR|research-node|akshare@1.18.97|stock_margin_detail_szse,,,2026-09-26T07:25:46.573074+00:00,2022-11-04,CONSERVATIVE_T1,margin_szse,000783,True
2022-11-03,AGGREGATOR|research-node|akshare@1.18.97|stock_margin_detail_szse,,,2026-09-26T07:25:46.573074+00:00,2022-11-04,CONSERVATIVE_T1,margin_szse,002440,True
2022-11-03,AGGREGATOR|research-node|akshare@1.18.97|stock_margin_detail_szse,,,2026-09-26T07:25:46.573074+00:00,2022-11-04,CONSERVATIVE_T1,margin_szse,002736,True
2022-11-03,AGGREGATOR|research-node|akshare@1.18.97|stock_margin_detail_szse,,,2026-09-26T07:25:46.573074+00:00,2022-11-04,CONSERVATIVE_T1,margin_szse,300199,True
2022-11-03,AGGREGATOR|research-node|akshare@1.18.97|stock_margin_detail_szse,,,2026-09-26T07:25:46.573074+00:00,2022-11-04,CONSERVATIVE_T1,margin_szse,300921,True
2022-11-03,AGGREGATOR|research-node|akshare@1.18.97|stock_margin_detail_szse,,,2026-09-26T07:25:46.573074+00:00,2022-11-04,CONSERVATIVE_T1,margin_szse,300977,True
2022-11-04,AGGREGATOR|research-node|akshare@1.18.97|stock_margin_detail_szse,,,2026-09-26T07:25:49.565446+00:00,2022-11-07,CONSERVATIVE_T1,margin_szse,000685,True
2022-11-04,AGGREGATOR|research-node|akshare@1.18.97|stock_margin_detail_szse,,,2026-09-26T07:25:49.565446+00:00,2022-11-07,CONSERVATIVE_T1,margin_szse,000750,True
2022-11-04,AGGREGATOR|research-node|akshare@1.18.97|stock_margin_detail_szse,,,2026-09-26T07:25:49.565446+00:00,2022-11-07,CONSERVATIVE_T1,margin_szse,000783,True
2022-11-04,AGGREGATOR|research-node|akshare@1.18.97|stock_margin_detail_szse,,,2026-09-26T07:25:49.565446+00:00,2022-11-07,CONSERVATIVE_T1,margin_szse,002440,True
2022-11-04,AGGREGATOR|research-node|akshare@1.18.97|stock_margin_detail_szse,,,2026-09-26T07:25:49.565446+00:00,2022-11-07,CONSERVATIVE_T1,margin_szse,002736,True
2022-11-04,AGGREGATOR|research-node|akshare@1.18.97|stock_margin_detail_szse,,,2026-09-26T07:25:49.565446+00:00,2022-11-07,CONSERVATIVE_T1,margin_szse,300199,True
2022-11-04,AGGREGATOR|research-node|akshare@1.18.97|stock_margin_detail_szse,,,2026-09-26T07:25:49.565446+00:00,2022-11-07,CONSERVATIVE_T1,margin_szse,300921,True
2022-11-04,AGGREGATOR|research-node|akshare@1.18.97|stock_margin_detail_szse,,,2026-09-26T07:25:49.565446+00:00,2022-11-07,CONSERVATIVE_T1,margin_szse,300977,True
2022-11-07,AGGREGATOR|research-node|akshare@1.18.97|stock_margin_detail_szse,,,2026-09-26T07:25:52.494598+00:00,2022-11-08,CONSERVATIVE_T1,margin_szse,000685,True
2022-11-07,AGGREGATOR|research-node|akshare@1.18.97|stock_margin_detail_szse,,,2026-09-26T07:25:52.494598+00:00,2022-11-08,CONSERVATIVE_T1,margin_szse,000750,True
2022-11-07,AGGREGATOR|research-node|akshare@1.18.97|stock_margin_detail_szse,,,2026-09-26T07:25:52.494598+00:00,2022-11-08,CONSERVATIVE_T1,margin_szse,000783,True
2022-11-07,AGGREGATOR|research-node|akshare@1.18.97|stock_margin_detail_szse,,,2026-09-26T07:25:52.494598+00:00,2022-11-08,CONSERVATIVE_T1,margin_szse,002440,True
2022-11-07,AGGREGATOR|research-node|akshare@1.18.97|stock_margin_detail_szse,,,2026-09-26T07:25:52.494598+00:00,2022-11-08,CONSERVATIVE_T1,margin_szse,002736,True
2022-11-07,AGGREGATOR|research-node|akshare@1.18.97|stock_margin_detail_szse,,,2026-09-26T07:25:52.494598+00:00,2022-11-08,CONSERVATIVE_T1,margin_szse,300199,True
2022-11-07,AGGREGATOR|research-node|akshare@1.18.97|stock_margin_detail_szse,,,2026-09-26T07:25:52.494598+00:00,2022-11-08,CONSERVATIVE_T1,margin_szse,300921,True
2022-11-07,AGGREGATOR|research-node|akshare@1.18.97|stock_margin_detail_szse,,,2026-09-26T07:25:52.494598+00:00,2022-11-08,CONSERVATIVE_T1,margin_szse,300977,True
2022-11-08,AGGREGATOR|research-node|akshare@1.18.97|stock_margin_detail_szse,,,2026-09-26T07:25:55.519877+00:00,2022-11-09,CONSERVATIVE_T1,margin_szse,000685,True
2022-11-08,AGGREGATOR|research-node|akshare@1.18.97|stock_margin_detail_szse,,,2026-09-26T07:25:55.519877+00:00,2022-11-09,CONSERVATIVE_T1,margin_szse,000750,True
2022-11-08,AGGREGATOR|research-node|akshare@1.18.97|stock_margin_detail_szse,,,2026-09-26T07:25:55.519877+00:00,2022-11-09,CONSERVATIVE_T1,margin_szse,000783,True
2022-11-08,AGGREGATOR|research-node|akshare@1.18.97|stock_margin_detail_szse,,,2026-09-26T07:25:55.519877+00:00,2022-11-09,CONSERVATIVE_T1,margin_szse,002440,True
2022-11-08,AGGREGATOR|research-node|akshare@1.18.97|stock_margin_detail_szse,,,2026-09-26T07:25:55.519877+00:00,2022-11-09,CONSERVATIVE_T1,margin_szse,002736,True
2022-11-08,AGGREGATOR|research-node|akshare@1.18.97|stock_margin_detail_szse,,,2026-09-26T07:25:55.519877+00:00,2022-11-09,CONSERVATIVE_T1,margin_szse,300199,True
2022-11-08,AGGREGATOR|research-node|akshare@1.18.97|stock_margin_detail_szse,,,2026-09-26T07:25:55.519877+00:00,2022-11-09,CONSERVATIVE_T1,margin_szse,300921,True
2022-11-08,AGGREGATOR|research-node|akshare@1.18.97|stock_margin_detail_szse,,,2026-09-26T07:25:55.519877+00:00,2022-11-09,CONSERVATIVE_T1,margin_szse,300977,True
2022-11-09,AGGREGATOR|research-node|akshare@1.18.97|stock_margin_detail_szse,,,2026-09-26T07:25:58.497740+00:00,2022-11-10,CONSERVATIVE_T1,margin_szse,000685,True
2022-11-09,AGGREGATOR|research-node|akshare@1.18.97|stock_margin_detail_szse,,,2026-09-26T07:25:58.497740+00:00,2022-11-10,CONSERVATIVE_T1,margin_szse,000750,True
2022-11-09,AGGREGATOR|research-node|akshare@1.18.97|stock_margin_detail_szse,,,2026-09-26T07:25:58.497740+00:00,2022-11-10,CONSERVATIVE_T1,margin_szse,000783,True
2022-11-09,AGGREGATOR|research-node|akshare@1.18.97|stock_margin_detail_szse,,,2026-09-26T07:25:58.497740+00:00,2022-11-10,CONSERVATIVE_T1,margin_szse,002440,True
2022-11-09,AGGREGATOR|research-node|akshare@1.18.97|stock_margin_detail_szse,,,2026-09-26T07:25:58.497740+00:00,2022-11-10,CONSERVATIVE_T1,margin_szse,002736,True
2022-11-09,AGGREGATOR|research-node|akshare@1.18.97|stock_margin_detail_szse,,,2026-09-26T07:25:58.497740+00:00,2022-11-10,CONSERVATIVE_T1,margin_szse,300199,True
2022-11-09,AGGREGATOR|research-node|akshare@1.18.97|stock_margin_detail_szse,,,2026-09-26T07:25:58.497740+00:00,2022-11-10,CONSERVATIVE_T1,margin_szse,300921,True
2022-11-09,AGGREGATOR|research-node|akshare@1.18.97|stock_margin_detail_szse,,,2026-09-26T07:25:58.497740+00:00,2022-11-10,CONSERVATIVE_T1,margin_szse,300977,True
2022-11-10,AGGREGATOR|research-node|akshare@1.18.97|stock_margin_detail_szse,,,2026-09-26T07:26:01.424943+00:00,2022-11-11,CONSERVATIVE_T1,margin_szse,000685,True
2022-11-10,AGGREGATOR|research-node|akshare@1.18.97|stock_margin_detail_szse,,,2026-09-26T07:26:01.424943+00:00,2022-11-11,CONSERVATIVE_T1,margin_szse,000750,True
2022-11-10,AGGREGATOR|research-node|akshare@1.18.97|stock_margin_detail_szse,,,2026-09-26T07:26:01.424943+00:00,2022-11-11,CONSERVATIVE_T1,margin_szse,000783,True
2022-11-10,AGGREGATOR|research-node|akshare@1.18.97|stock_margin_detail_szse,,,2026-09-26T07:26:01.424943+00:00,2022-11-11,CONSERVATIVE_T1,margin_szse,002440,True
2022-11-10,AGGREGATOR|research-node|akshare@1.18.97|stock_margin_detail_szse,,,2026-09-26T07:26:01.424943+00:00,2022-11-11,CONSERVATIVE_T1,margin_szse,002736,True
2022-11-10,AGGREGATOR|research-node|akshare@1.18.97|stock_margin_detail_szse,,,2026-09-26T07:26:01.424943+00:00,2022-11-11,CONSERVATIVE_T1,margin_szse,300199,True
2022-11-10,AGGREGATOR|research-node|akshare@1.18.97|stock_margin_detail_szse,,,2026-09-26T07:26:01.424943+00:00,2022-11-11,CONSERVATIVE_T1,margin_szse,300921,True
2022-11-10,AGGREGATOR|research-node|akshare@1.18.97|stock_margin_detail_szse,,,2026-09-26T07:26:01.424943+00:00,2022-11-11,CONSERVATIVE_T1,margin_szse,300977,True
2022-11-11,AGGREGATOR|research-node|akshare@1.18.97|stock_margin_detail_szse,,,2026-09-26T07:26:04.434414+00:00,2022-11-14,CONSERVATIVE_T1,margin_szse,000685,True
2022-11-11,AGGREGATOR|research-node|akshare@1.18.97|stock_margin_detail_szse,,,2026-09-26T07:26:04.434414+00:00,2022-11-14,CONSERVATIVE_T1,margin_szse,000750,True
2022-11-11,AGGREGATOR|research-node|akshare@1.18.97|stock_margin_detail_szse,,,2026-09-26T07:26:04.434414+00:00,2022-11-14,CONSERVATIVE_T1,margin_szse,000783,True
2022-11-11,AGGREGATOR|research-node|akshare@1.18.97|stock_margin_detail_szse,,,2026-09-26T07:26:04.434414+00:00,2022-11-14,CONSERVATIVE_T1,margin_szse,002440,True
2022-11-11,AGGREGATOR|research-node|akshare@1.18.97|stock_margin_detail_szse,,,2026-09-26T07:26:04.434414+00:00,2022-11-14,CONSERVATIVE_T1,margin_szse,002736,True
2022-11-11,AGGREGATOR|research-node|akshare@1.18.97|stock_margin_detail_szse,,,2026-09-26T07:26:04.434414+00:00,2022-11-14,CONSERVATIVE_T1,margin_szse,300199,True
2022-11-11,AGGREGATOR|research-node|akshare@1.18.97|stock_margin_detail_szse,,,2026-09-26T07:26:04.434414+00:00,2022-11-14,CONSERVATIVE_T1,margin_szse,300921,True
2022-11-11,AGGREGATOR|research-node|akshare@1.18.97|stock_margin_detail_szse,,,2026-09-26T07:26:04.434414+00:00,2022-11-14,CONSERVATIVE_T1,margin_szse,300977,True
2022-11-14,AGGREGATOR|research-node|akshare@1.18.97|stock_margin_detail_szse,,,2026-09-26T07:26:07.257994+00:00,2022-11-15,CONSERVATIVE_T1,margin_szse,000685,True
2022-11-14,AGGREGATOR|research-node|akshare@1.18.97|stock_margin_detail_szse,,,2026-09-26T07:26:07.257994+00:00,2022-11-15,CONSERVATIVE_T1,margin_szse,000750,True
2022-11-14,AGGREGATOR|research-node|akshare@1.18.97|stock_margin_detail_szse,,,2026-09-26T07:26:07.257994+00:00,2022-11-15,CONSERVATIVE_T1,margin_szse,000783,True
2022-11-14,AGGREGATOR|research-node|akshare@1.18.97|stock_margin_detail_szse,,,2026-09-26T07:26:07.257994+00:00,2022-11-15,CONSERVATIVE_T1,margin_szse,002440,True
2022-11-14,AGGREGATOR|research-node|akshare@1.18.97|stock_margin_detail_szse,,,2026-09-26T07:26:07.257994+00:00,2022-11-15,CONSERVATIVE_T1,margin_szse,002736,True
2022-11-14,AGGREGATOR|research-node|akshare@1.18.97|stock_margin_detail_szse,,,2026-09-26T07:26:07.257994+00:00,2022-11-15,CONSERVATIVE_T1,margin_szse,300199,True
2022-11-14,AGGREGATOR|research-node|akshare@1.18.97|stock_margin_detail_szse,,,2026-09-26T07:26:07.257994+00:00,2022-11-15,CONSERVATIVE_T1,margin_szse,300921,True
2022-11-14,AGGREGATOR|research-node|akshare@1.18.97|stock_margin_detail_szse,,,2026-09-26T07:26:07.257994+00:00,2022-11-15,CONSERVATIVE_T1,margin_szse,300977,True
2022-11-15,AGGREGATOR|research-node|akshare@1.18.97|stock_margin_detail_szse,,,2026-09-26T07:26:10.153106+00:00,2022-11-16,CONSERVATIVE_T1,margin_szse,000685,True
2022-11-15,AGGREGATOR|research-node|akshare@1.18.97|stock_margin_detail_szse,,,2026-09-26T07:26:10.153106+00:00,2022-11-16,CONSERVATIVE_T1,margin_szse,000750,True
2022-11-15,AGGREGATOR|research-node|akshare@1.18.97|stock_margin_detail_szse,,,2026-09-26T07:26:10.153106+00:00,2022-11-16,CONSERVATIVE_T1,margin_szse,000783,True
2022-11-15,AGGREGATOR|research-node|akshare@1.18.97|stock_margin_detail_szse,,,2026-09-26T07:26:10.153106+00:00,2022-11-16,CONSERVATIVE_T1,margin_szse,002440,True
2022-11-15,AGGREGATOR|research-node|akshare@1.18.97|stock_margin_detail_szse,,,2026-09-26T07:26:10.153106+00:00,2022-11-16,CONSERVATIVE_T1,margin_szse,002736,True
2022-11-15,AGGREGATOR|research-node|akshare@1.18.97|stock_margin_detail_szse,,,2026-09-26T07:26:10.153106+00:00,2022-11-16,CONSERVATIVE_T1,margin_szse,300199,True
2022-11-15,AGGREGATOR|research-node|akshare@1.18.97|stock_margin_detail_szse,,,2026-09-26T07:26:10.153106+00:00,2022-11-16,CONSERVATIVE_T1,margin_szse,300921,True
2022-11-15,AGGREGATOR|research-node|akshare@1.18.97|stock_margin_detail_szse,,,2026-09-26T07:26:10.153106+00:00,2022-11-16,CONSERVATIVE_T1,margin_szse,300977,True
2022-11-16,AGGREGATOR|research-node|akshare@1.18.97|stock_margin_detail_szse,,,2026-09-26T07:26:12.343376+00:00,2022-11-17,CONSERVATIVE_T1,margin_szse,000685,True
2022-11-16,AGGREGATOR|research-node|akshare@1.18.97|stock_margin_detail_szse,,,2026-09-26T07:26:12.343376+00:00,2022-11-17,CONSERVATIVE_T1,margin_szse,000750,True
2022-11-16,AGGREGATOR|research-node|akshare@1.18.97|stock_margin_detail_szse,,,2026-09-26T07:26:12.343376+00:00,2022-11-17,CONSERVATIVE_T1,margin_szse,000783,True
2022-11-16,AGGREGATOR|research-node|akshare@1.18.97|stock_margin_detail_szse,,,2026-09-26T07:26:12.343376+00:00,2022-11-17,CONSERVATIVE_T1,margin_szse,002440,True
2022-11-16,AGGREGATOR|research-node|akshare@1.18.97|stock_margin_detail_szse,,,2026-09-26T07:26:12.343376+00:00,2022-11-17,CONSERVATIVE_T1,margin_szse,002736,True
2022-11-16,AGGREGATOR|research-node|akshare@1.18.97|stock_margin_detail_szse,,,2026-09-26T07:26:12.343376+00:00,2022-11-17,CONSERVATIVE_T1,margin_szse,300199,True
2022-11-16,AGGREGATOR|research-node|akshare@1.18.97|stock_margin_detail_szse,,,2026-09-26T07:26:12.343376+00:00,2022-11-17,CONSERVATIVE_T1,margin_szse,300921,True
2022-11-16,AGGREGATOR|research-node|akshare@1.18.97|stock_margin_detail_szse,,,2026-09-26T07:26:12.343376+00:00,2022-11-17,CONSERVATIVE_T1,margin_szse,300977,True
2022-11-17,AGGREGATOR|research-node|akshare@1.18.97|stock_margin_detail_szse,,,2026-09-26T07:26:14.533307+00:00,2022-11-18,CONSERVATIVE_T1,margin_szse,000685,True
2022-11-17,AGGREGATOR|research-node|akshare@1.18.97|stock_margin_detail_szse,,,2026-09-26T07:26:14.533307+00:00,2022-11-18,CONSERVATIVE_T1,margin_szse,000750,True
2022-11-17,AGGREGATOR|research-node|akshare@1.18.97|stock_margin_detail_szse,,,2026-09-26T07:26:14.533307+00:00,2022-11-18,CONSERVATIVE_T1,margin_szse,000783,True
2022-11-17,AGGREGATOR|research-node|akshare@1.18.97|stock_margin_detail_szse,,,2026-09-26T07:26:14.533307+00:00,2022-11-18,CONSERVATIVE_T1,margin_szse,002440,True
2022-11-17,AGGREGATOR|research-node|akshare@1.18.97|stock_margin_detail_szse,,,2026-09-26T07:26:14.533307+00:00,2022-11-18,CONSERVATIVE_T1,margin_szse,002736,True
2022-11-17,AGGREGATOR|research-node|akshare@1.18.97|stock_margin_detail_szse,,,2026-09-26T07:26:14.533307+00:00,2022-11-18,CONSERVATIVE_T1,margin_szse,300199,True
2022-11-17,AGGREGATOR|research-node|akshare@1.18.97|stock_margin_detail_szse,,,2026-09-26T07:26:14.533307+00:00,2022-11-18,CONSERVATIVE_T1,margin_szse,300921,True
2022-11-17,AGGREGATOR|research-node|akshare@1.18.97|stock_margin_detail_szse,,,2026-09-26T07:26:14.533307+00:00,2022-11-18,CONSERVATIVE_T1,margin_szse,300977,True
2022-11-18,AGGREGATOR|research-node|akshare@1.18.97|stock_margin_detail_szse,,,2026-09-26T07:26:16.726044+00:00,2022-11-21,CONSERVATIVE_T1,margin_szse,000685,True
2022-11-18,AGGREGATOR|research-node|akshare@1.18.97|stock_margin_detail_szse,,,2026-09-26T07:26:16.726044+00:00,2022-11-21,CONSERVATIVE_T1,margin_szse,000750,True
2022-11-18,AGGREGATOR|research-node|akshare@1.18.97|stock_margin_detail_szse,,,2026-09-26T07:26:16.726044+00:00,2022-11-21,CONSERVATIVE_T1,margin_szse,000783,True
2022-11-18,AGGREGATOR|research-node|akshare@1.18.97|stock_margin_detail_szse,,,2026-09-26T07:26:16.726044+00:00,2022-11-21,CONSERVATIVE_T1,margin_szse,002440,True
2022-11-18,AGGREGATOR|research-node|akshare@1.18.97|stock_margin_detail_szse,,,2026-09-26T07:26:16.726044+00:00,2022-11-21,CONSERVATIVE_T1,margin_szse,002736,True
2022-11-18,AGGREGATOR|research-node|akshare@1.18.97|stock_margin_detail_szse,,,2026-09-26T07:26:16.726044+00:00,2022-11-21,CONSERVATIVE_T1,margin_szse,300199,True
2022-11-18,AGGREGATOR|research-node|akshare@1.18.97|stock_margin_detail_szse,,,2026-09-26T07:26:16.726044+00:00,2022-11-21,CONSERVATIVE_T1,margin_szse,300921,True
2022-11-18,AGGREGATOR|research-node|akshare@1.18.97|stock_margin_detail_szse,,,2026-09-26T07:26:16.726044+00:00,2022-11-21,CONSERVATIVE_T1,margin_szse,300977,True
2022-11-21,AGGREGATOR|research-node|akshare@1.18.97|stock_margin_detail_szse,,,2026-09-26T07:26:18.994673+00:00,2022-11-22,CONSERVATIVE_T1,margin_szse,000685,True
2022-11-21,AGGREGATOR|research-node|akshare@1.18.97|stock_margin_detail_szse,,,2026-09-26T07:26:18.994673+00:00,2022-11-22,CONSERVATIVE_T1,margin_szse,000750,True
2022-11-21,AGGREGATOR|research-node|akshare@1.18.97|stock_margin_detail_szse,,,2026-09-26T07:26:18.994673+00:00,2022-11-22,CONSERVATIVE_T1,margin_szse,000783,True
2022-11-21,AGGREGATOR|research-node|akshare@1.18.97|stock_margin_detail_szse,,,2026-09-26T07:26:18.994673+00:00,2022-11-22,CONSERVATIVE_T1,margin_szse,002440,True
2022-11-21,AGGREGATOR|research-node|akshare@1.18.97|stock_margin_detail_szse,,,2026-09-26T07:26:18.994673+00:00,2022-11-22,CONSERVATIVE_T1,margin_szse,002736,True
2022-11-21,AGGREGATOR|research-node|akshare@1.18.97|stock_margin_detail_szse,,,2026-09-26T07:26:18.994673+00:00,2022-11-22,CONSERVATIVE_T1,margin_szse,300199,True
2022-11-21,AGGREGATOR|research-node|akshare@1.18.97|stock_margin_detail_szse,,,2026-09-26T07:26:18.994673+00:00,2022-11-22,CONSERVATIVE_T1,margin_szse,300921,True
2022-11-21,AGGREGATOR|research-node|akshare@1.18.97|stock_margin_detail_szse,,,2026-09-26T07:26:18.994673+00:00,2022-11-22,CONSERVATIVE_T1,margin_szse,300977,True
2022-11-22,AGGREGATOR|research-node|akshare@1.18.97|stock_margin_detail_szse,,,2026-09-26T07:26:21.195398+00:00,2022-11-23,CONSERVATIVE_T1,margin_szse,000685,True
2022-11-22,AGGREGATOR|research-node|akshare@1.18.97|stock_margin_detail_szse,,,2026-09-26T07:26:21.195398+00:00,2022-11-23,CONSERVATIVE_T1,margin_szse,000750,True
2022-11-22,AGGREGATOR|research-node|akshare@1.18.97|stock_margin_detail_szse,,,2026-09-26T07:26:21.195398+00:00,2022-11-23,CONSERVATIVE_T1,margin_szse,000783,True
2022-11-22,AGGREGATOR|research-node|akshare@1.18.97|stock_margin_detail_szse,,,2026-09-26T07:26:21.195398+00:00,2022-11-23,CONSERVATIVE_T1,margin_szse,002440,True
2022-11-22,AGGREGATOR|research-node|akshare@1.18.97|stock_margin_detail_szse,,,2026-09-26T07:26:21.195398+00:00,2022-11-23,CONSERVATIVE_T1,margin_szse,002736,True
2022-11-22,AGGREGATOR|research-node|akshare@1.18.97|stock_margin_detail_szse,,,2026-09-26T07:26:21.195398+00:00,2022-11-23,CONSERVATIVE_T1,margin_szse,300199,True
2022-11-22,AGGREGATOR|research-node|akshare@1.18.97|stock_margin_detail_szse,,,2026-09-26T07:26:21.195398+00:00,2022-11-23,CONSERVATIVE_T1,margin_szse,300921,True
2022-11-22,AGGREGATOR|research-node|akshare@1.18.97|stock_margin_detail_szse,,,2026-09-26T07:26:21.195398+00:00,2022-11-23,CONSERVATIVE_T1,margin_szse,300977,True
2022-11-23,AGGREGATOR|research-node|akshare@1.18.97|stock_margin_detail_szse,,,2026-09-26T07:26:23.536870+00:00,2022-11-24,CONSERVATIVE_T1,margin_szse,000685,True
2022-11-23,AGGREGATOR|research-node|akshare@1.18.97|stock_margin_detail_szse,,,2026-09-26T07:26:23.536870+00:00,2022-11-24,CONSERVATIVE_T1,margin_szse,000750,True
2022-11-23,AGGREGATOR|research-node|akshare@1.18.97|stock_margin_detail_szse,,,2026-09-26T07:26:23.536870+00:00,2022-11-24,CONSERVATIVE_T1,margin_szse,000783,True
2022-11-23,AGGREGATOR|research-node|akshare@1.18.97|stock_margin_detail_szse,,,2026-09-26T07:26:23.536870+00:00,2022-11-24,CONSERVATIVE_T1,margin_szse,002440,True
2022-11-23,AGGREGATOR|research-node|akshare@1.18.97|stock_margin_detail_szse,,,2026-09-26T07:26:23.536870+00:00,2022-11-24,CONSERVATIVE_T1,margin_szse,002736,True
2022-11-23,AGGREGATOR|research-node|akshare@1.18.97|stock_margin_detail_szse,,,2026-09-26T07:26:23.536870+00:00,2022-11-24,CONSERVATIVE_T1,margin_szse,300199,True
2022-11-23,AGGREGATOR|research-node|akshare@1.18.97|stock_margin_detail_szse,,,2026-09-26T07:26:23.536870+00:00,2022-11-24,CONSERVATIVE_T1,margin_szse,300921,True
2022-11-23,AGGREGATOR|research-node|akshare@1.18.97|stock_margin_detail_szse,,,2026-09-26T07:26:23.536870+00:00,2022-11-24,CONSERVATIVE_T1,margin_szse,300977,True
2022-11-24,AGGREGATOR|research-node|akshare@1.18.97|stock_margin_detail_szse,,,2026-09-26T07:26:25.737156+00:00,2022-11-25,CONSERVATIVE_T1,margin_szse,000685,True
2022-11-24,AGGREGATOR|research-node|akshare@1.18.97|stock_margin_detail_szse,,,2026-09-26T07:26:25.737156+00:00,2022-11-25,CONSERVATIVE_T1,margin_szse,000750,True
2022-11-24,AGGREGATOR|research-node|akshare@1.18.97|stock_margin_detail_szse,,,2026-09-26T07:26:25.737156+00:00,2022-11-25,CONSERVATIVE_T1,margin_szse,000783,True
2022-11-24,AGGREGATOR|research-node|akshare@1.18.97|stock_margin_detail_szse,,,2026-09-26T07:26:25.737156+00:00,2022-11-25,CONSERVATIVE_T1,margin_szse,002440,True
2022-11-24,AGGREGATOR|research-node|akshare@1.18.97|stock_margin_detail_szse,,,2026-09-26T07:26:25.737156+00:00,2022-11-25,CONSERVATIVE_T1,margin_szse,002736,True
2022-11-24,AGGREGATOR|research-node|akshare@1.18.97|stock_margin_detail_szse,,,2026-09-26T07:26:25.737156+00:00,2022-11-25,CONSERVATIVE_T1,margin_szse,300199,True
2022-11-24,AGGREGATOR|research-node|akshare@1.18.97|stock_margin_detail_szse,,,2026-09-26T07:26:25.737156+00:00,2022-11-25,CONSERVATIVE_T1,margin_szse,300921,True
2022-11-24,AGGREGATOR|research-node|akshare@1.18.97|stock_margin_detail_szse,,,2026-09-26T07:26:25.737156+00:00,2022-11-25,CONSERVATIVE_T1,margin_szse,300977,True
2022-11-25,AGGREGATOR|research-node|akshare@1.18.97|stock_margin_detail_szse,,,2026-09-26T07:26:27.901131+00:00,2022-11-28,CONSERVATIVE_T1,margin_szse,000685,True
2022-11-25,AGGREGATOR|research-node|akshare@1.18.97|stock_margin_detail_szse,,,2026-09-26T07:26:27.901131+00:00,2022-11-28,CONSERVATIVE_T1,margin_szse,000750,True
2022-11-25,AGGREGATOR|research-node|akshare@1.18.97|stock_margin_detail_szse,,,2026-09-26T07:26:27.901131+00:00,2022-11-28,CONSERVATIVE_T1,margin_szse,000783,True
2022-11-25,AGGREGATOR|research-node|akshare@1.18.97|stock_margin_detail_szse,,,2026-09-26T07:26:27.901131+00:00,2022-11-28,CONSERVATIVE_T1,margin_szse,002440,True
2022-11-25,AGGREGATOR|research-node|akshare@1.18.97|stock_margin_detail_szse,,,2026-09-26T07:26:27.901131+00:00,2022-11-28,CONSERVATIVE_T1,margin_szse,002736,True
2022-11-25,AGGREGATOR|research-node|akshare@1.18.97|stock_margin_detail_szse,,,2026-09-26T07:26:27.901131+00:00,2022-11-28,CONSERVATIVE_T1,margin_szse,300199,True
2022-11-25,AGGREGATOR|research-node|akshare@1.18.97|stock_margin_detail_szse,,,2026-09-26T07:26:27.901131+00:00,2022-11-28,CONSERVATIVE_T1,margin_szse,300921,True
2022-11-25,AGGREGATOR|research-node|akshare@1.18.97|stock_margin_detail_szse,,,2026-09-26T07:26:27.901131+00:00,2022-11-28,CONSERVATIVE_T1,margin_szse,300977,True
2022-11-28,AGGREGATOR|research-node|akshare@1.18.97|stock_margin_detail_szse,,,2026-09-26T07:26:30.137404+00:00,2022-11-29,CONSERVATIVE_T1,margin_szse,000685,True
2022-11-28,AGGREGATOR|research-node|akshare@1.18.97|stock_margin_detail_szse,,,2026-09-26T07:26:30.137404+00:00,2022-11-29,CONSERVATIVE_T1,margin_szse,000750,True
2022-11-28,AGGREGATOR|research-node|akshare@1.18.97|stock_margin_detail_szse,,,2026-09-26T07:26:30.137404+00:00,2022-11-29,CONSERVATIVE_T1,margin_szse,000783,True
2022-11-28,AGGREGATOR|research-node|akshare@1.18.97|stock_margin_detail_szse,,,2026-09-26T07:26:30.137404+00:00,2022-11-29,CONSERVATIVE_T1,margin_szse,002440,True
2022-11-28,AGGREGATOR|research-node|akshare@1.18.97|stock_margin_detail_szse,,,2026-09-26T07:26:30.137404+00:00,2022-11-29,CONSERVATIVE_T1,margin_szse,002736,True
2022-11-28,AGGREGATOR|research-node|akshare@1.18.97|stock_margin_detail_szse,,,2026-09-26T07:26:30.137404+00:00,2022-11-29,CONSERVATIVE_T1,margin_szse,300199,True
2022-11-28,AGGREGATOR|research-node|akshare@1.18.97|stock_margin_detail_szse,,,2026-09-26T07:26:30.137404+00:00,2022-11-29,CONSERVATIVE_T1,margin_szse,300921,True
2022-11-28,AGGREGATOR|research-node|akshare@1.18.97|stock_margin_detail_szse,,,2026-09-26T07:26:30.137404+00:00,2022-11-29,CONSERVATIVE_T1,margin_szse,300977,True
2022-11-29,AGGREGATOR|research-node|akshare@1.18.97|stock_margin_detail_szse,,,2026-09-26T07:26:32.307992+00:00,2022-11-30,CONSERVATIVE_T1,margin_szse,000685,True
2022-11-29,AGGREGATOR|research-node|akshare@1.18.97|stock_margin_detail_szse,,,2026-09-26T07:26:32.307992+00:00,2022-11-30,CONSERVATIVE_T1,margin_szse,000750,True
2022-11-29,AGGREGATOR|research-node|akshare@1.18.97|stock_margin_detail_szse,,,2026-09-26T07:26:32.307992+00:00,2022-11-30,CONSERVATIVE_T1,margin_szse,000783,True
2022-11-29,AGGREGATOR|research-node|akshare@1.18.97|stock_margin_detail_szse,,,2026-09-26T07:26:32.307992+00:00,2022-11-30,CONSERVATIVE_T1,margin_szse,002440,True
2022-11-29,AGGREGATOR|research-node|akshare@1.18.97|stock_margin_detail_szse,,,2026-09-26T07:26:32.307992+00:00,2022-11-30,CONSERVATIVE_T1,margin_szse,002736,True
2022-11-29,AGGREGATOR|research-node|akshare@1.18.97|stock_margin_detail_szse,,,2026-09-26T07:26:32.307992+00:00,2022-11-30,CONSERVATIVE_T1,margin_szse,300199,True
2022-11-29,AGGREGATOR|research-node|akshare@1.18.97|stock_margin_detail_szse,,,2026-09-26T07:26:32.307992+00:00,2022-11-30,CONSERVATIVE_T1,margin_szse,300921,True
2022-11-29,AGGREGATOR|research-node|akshare@1.18.97|stock_margin_detail_szse,,,2026-09-26T07:26:32.307992+00:00,2022-11-30,CONSERVATIVE_T1,margin_szse,300977,True
2022-11-30,AGGREGATOR|research-node|akshare@1.18.97|stock_margin_detail_szse,,,2026-09-26T07:26:34.485510+00:00,2022-12-01,CONSERVATIVE_T1,margin_szse,000685,True
2022-11-30,AGGREGATOR|research-node|akshare@1.18.97|stock_margin_detail_szse,,,2026-09-26T07:26:34.485510+00:00,2022-12-01,CONSERVATIVE_T1,margin_szse,000750,True
2022-11-30,AGGREGATOR|research-node|akshare@1.18.97|stock_margin_detail_szse,,,2026-09-26T07:26:34.485510+00:00,2022-12-01,CONSERVATIVE_T1,margin_szse,000783,True
2022-11-30,AGGREGATOR|research-node|akshare@1.18.97|stock_margin_detail_szse,,,2026-09-26T07:26:34.485510+00:00,2022-12-01,CONSERVATIVE_T1,margin_szse,002440,True
2022-11-30,AGGREGATOR|research-node|akshare@1.18.97|stock_margin_detail_szse,,,2026-09-26T07:26:34.485510+00:00,2022-12-01,CONSERVATIVE_T1,margin_szse,002736,True
2022-11-30,AGGREGATOR|research-node|akshare@1.18.97|stock_margin_detail_szse,,,2026-09-26T07:26:34.485510+00:00,2022-12-01,CONSERVATIVE_T1,margin_szse,300199,True
2022-11-30,AGGREGATOR|research-node|akshare@1.18.97|stock_margin_detail_szse,,,2026-09-26T07:26:34.485510+00:00,2022-12-01,CONSERVATIVE_T1,margin_szse,300921,True
2022-11-30,AGGREGATOR|research-node|akshare@1.18.97|stock_margin_detail_szse,,,2026-09-26T07:26:34.485510+00:00,2022-12-01,CONSERVATIVE_T1,margin_szse,300977,True
2022-12-01,AGGREGATOR|research-node|akshare@1.18.97|stock_margin_detail_szse,,,2026-09-26T07:26:36.796836+00:00,2022-12-02,CONSERVATIVE_T1,margin_szse,000685,True
2022-12-01,AGGREGATOR|research-node|akshare@1.18.97|stock_margin_detail_szse,,,2026-09-26T07:26:36.796836+00:00,2022-12-02,CONSERVATIVE_T1,margin_szse,000750,True
2022-12-01,AGGREGATOR|research-node|akshare@1.18.97|stock_margin_detail_szse,,,2026-09-26T07:26:36.796836+00:00,2022-12-02,CONSERVATIVE_T1,margin_szse,000783,True
2022-12-01,AGGREGATOR|research-node|akshare@1.18.97|stock_margin_detail_szse,,,2026-09-26T07:26:36.796836+00:00,2022-12-02,CONSERVATIVE_T1,margin_szse,002440,True
2022-12-01,AGGREGATOR|research-node|akshare@1.18.97|stock_margin_detail_szse,,,2026-09-26T07:26:36.796836+00:00,2022-12-02,CONSERVATIVE_T1,margin_szse,002736,True
2022-12-01,AGGREGATOR|research-node|akshare@1.18.97|stock_margin_detail_szse,,,2026-09-26T07:26:36.796836+00:00,2022-12-02,CONSERVATIVE_T1,margin_szse,300199,True
2022-12-01,AGGREGATOR|research-node|akshare@1.18.97|stock_margin_detail_szse,,,2026-09-26T07:26:36.796836+00:00,2022-12-02,CONSERVATIVE_T1,margin_szse,300921,True
2022-12-01,AGGREGATOR|research-node|akshare@1.18.97|stock_margin_detail_szse,,,2026-09-26T07:26:36.796836+00:00,2022-12-02,CONSERVATIVE_T1,margin_szse,300977,True
2022-12-02,AGGREGATOR|research-node|akshare@1.18.97|stock_margin_detail_szse,,,2026-09-26T07:26:39.156114+00:00,2022-12-05,CONSERVATIVE_T1,margin_szse,000685,True
2022-12-02,AGGREGATOR|research-node|akshare@1.18.97|stock_margin_detail_szse,,,2026-09-26T07:26:39.156114+00:00,2022-12-05,CONSERVATIVE_T1,margin_szse,000750,True
2022-12-02,AGGREGATOR|research-node|akshare@1.18.97|stock_margin_detail_szse,,,2026-09-26T07:26:39.156114+00:00,2022-12-05,CONSERVATIVE_T1,margin_szse,000783,True
2022-12-02,AGGREGATOR|research-node|akshare@1.18.97|stock_margin_detail_szse,,,2026-09-26T07:26:39.156114+00:00,2022-12-05,CONSERVATIVE_T1,margin_szse,002440,True
2022-12-02,AGGREGATOR|research-node|akshare@1.18.97|stock_margin_detail_szse,,,2026-09-26T07:26:39.156114+00:00,2022-12-05,CONSERVATIVE_T1,margin_szse,002736,True
2022-12-02,AGGREGATOR|research-node|akshare@1.18.97|stock_margin_detail_szse,,,2026-09-26T07:26:39.156114+00:00,2022-12-05,CONSERVATIVE_T1,margin_szse,300199,True
2022-12-02,AGGREGATOR|research-node|akshare@1.18.97|stock_margin_detail_szse,,,2026-09-26T07:26:39.156114+00:00,2022-12-05,CONSERVATIVE_T1,margin_szse,300921,True
2022-12-02,AGGREGATOR|research-node|akshare@1.18.97|stock_margin_detail_szse,,,2026-09-26T07:26:39.156114+00:00,2022-12-05,CONSERVATIVE_T1,margin_szse,300977,True
2022-12-05,AGGREGATOR|research-node|akshare@1.18.97|stock_margin_detail_szse,,,2026-09-26T07:26:41.316183+00:00,2022-12-06,CONSERVATIVE_T1,margin_szse,000685,True
2022-12-05,AGGREGATOR|research-node|akshare@1.18.97|stock_margin_detail_szse,,,2026-09-26T07:26:41.316183+00:00,2022-12-06,CONSERVATIVE_T1,margin_szse,000750,True
2022-12-05,AGGREGATOR|research-node|akshare@1.18.97|stock_margin_detail_szse,,,2026-09-26T07:26:41.316183+00:00,2022-12-06,CONSERVATIVE_T1,margin_szse,000783,True
2022-12-05,AGGREGATOR|research-node|akshare@1.18.97|stock_margin_detail_szse,,,2026-09-26T07:26:41.316183+00:00,2022-12-06,CONSERVATIVE_T1,margin_szse,002440,True
2022-12-05,AGGREGATOR|research-node|akshare@1.18.97|stock_margin_detail_szse,,,2026-09-26T07:26:41.316183+00:00,2022-12-06,CONSERVATIVE_T1,margin_szse,002736,True
2022-12-05,AGGREGATOR|research-node|akshare@1.18.97|stock_margin_detail_szse,,,2026-09-26T07:26:41.316183+00:00,2022-12-06,CONSERVATIVE_T1,margin_szse,300199,True
2022-12-05,AGGREGATOR|research-node|akshare@1.18.97|stock_margin_detail_szse,,,2026-09-26T07:26:41.316183+00:00,2022-12-06,CONSERVATIVE_T1,margin_szse,300921,True
2022-12-05,AGGREGATOR|research-node|akshare@1.18.97|stock_margin_detail_szse,,,2026-09-26T07:26:41.316183+00:00,2022-12-06,CONSERVATIVE_T1,margin_szse,300977,True
2022-12-06,AGGREGATOR|research-node|akshare@1.18.97|stock_margin_detail_szse,,,2026-09-26T07:26:43.506093+00:00,2022-12-07,CONSERVATIVE_T1,margin_szse,000685,True
2022-12-06,AGGREGATOR|research-node|akshare@1.18.97|stock_margin_detail_szse,,,2026-09-26T07:26:43.506093+00:00,2022-12-07,CONSERVATIVE_T1,margin_szse,000750,True
2022-12-06,AGGREGATOR|research-node|akshare@1.18.97|stock_margin_detail_szse,,,2026-09-26T07:26:43.506093+00:00,2022-12-07,CONSERVATIVE_T1,margin_szse,000783,True
2022-12-06,AGGREGATOR|research-node|akshare@1.18.97|stock_margin_detail_szse,,,2026-09-26T07:26:43.506093+00:00,2022-12-07,CONSERVATIVE_T1,margin_szse,002440,True
2022-12-06,AGGREGATOR|research-node|akshare@1.18.97|stock_margin_detail_szse,,,2026-09-26T07:26:43.506093+00:00,2022-12-07,CONSERVATIVE_T1,margin_szse,002736,True
2022-12-06,AGGREGATOR|research-node|akshare@1.18.97|stock_margin_detail_szse,,,2026-09-26T07:26:43.506093+00:00,2022-12-07,CONSERVATIVE_T1,margin_szse,300199,True
2022-12-06,AGGREGATOR|research-node|akshare@1.18.97|stock_margin_detail_szse,,,2026-09-26T07:26:43.506093+00:00,2022-12-07,CONSERVATIVE_T1,margin_szse,300921,True
2022-12-06,AGGREGATOR|research-node|akshare@1.18.97|stock_margin_detail_szse,,,2026-09-26T07:26:43.506093+00:00,2022-12-07,CONSERVATIVE_T1,margin_szse,300977,True
2022-12-07,AGGREGATOR|research-node|akshare@1.18.97|stock_margin_detail_szse,,,2026-09-26T07:26:45.868758+00:00,2022-12-08,CONSERVATIVE_T1,margin_szse,000685,True
2022-12-07,AGGREGATOR|research-node|akshare@1.18.97|stock_margin_detail_szse,,,2026-09-26T07:26:45.868758+00:00,2022-12-08,CONSERVATIVE_T1,margin_szse,000750,True
2022-12-07,AGGREGATOR|research-node|akshare@1.18.97|stock_margin_detail_szse,,,2026-09-26T07:26:45.868758+00:00,2022-12-08,CONSERVATIVE_T1,margin_szse,000783,True
2022-12-07,AGGREGATOR|research-node|akshare@1.18.97|stock_margin_detail_szse,,,2026-09-26T07:26:45.868758+00:00,2022-12-08,CONSERVATIVE_T1,margin_szse,002440,True
2022-12-07,AGGREGATOR|research-node|akshare@1.18.97|stock_margin_detail_szse,,,2026-09-26T07:26:45.868758+00:00,2022-12-08,CONSERVATIVE_T1,margin_szse,002736,True
2022-12-07,AGGREGATOR|research-node|akshare@1.18.97|stock_margin_detail_szse,,,2026-09-26T07:26:45.868758+00:00,2022-12-08,CONSERVATIVE_T1,margin_szse,300199,True
2022-12-07,AGGREGATOR|research-node|akshare@1.18.97|stock_margin_detail_szse,,,2026-09-26T07:26:45.868758+00:00,2022-12-08,CONSERVATIVE_T1,margin_szse,300921,True
2022-12-07,AGGREGATOR|research-node|akshare@1.18.97|stock_margin_detail_szse,,,2026-09-26T07:26:45.868758+00:00,2022-12-08,CONSERVATIVE_T1,margin_szse,300977,True
2022-12-08,AGGREGATOR|research-node|akshare@1.18.97|stock_margin_detail_szse,,,2026-09-26T07:26:48.059938+00:00,2022-12-09,CONSERVATIVE_T1,margin_szse,000685,True
2022-12-08,AGGREGATOR|research-node|akshare@1.18.97|stock_margin_detail_szse,,,2026-09-26T07:26:48.059938+00:00,2022-12-09,CONSERVATIVE_T1,margin_szse,000750,True
2022-12-08,AGGREGATOR|research-node|akshare@1.18.97|stock_margin_detail_szse,,,2026-09-26T07:26:48.059938+00:00,2022-12-09,CONSERVATIVE_T1,margin_szse,000783,True
2022-12-08,AGGREGATOR|research-node|akshare@1.18.97|stock_margin_detail_szse,,,2026-09-26T07:26:48.059938+00:00,2022-12-09,CONSERVATIVE_T1,margin_szse,002354,True
2022-12-08,AGGREGATOR|research-node|akshare@1.18.97|stock_margin_detail_szse,,,2026-09-26T07:26:48.059938+00:00,2022-12-09,CONSERVATIVE_T1,margin_szse,002440,True
2022-12-08,AGGREGATOR|research-node|akshare@1.18.97|stock_margin_detail_szse,,,2026-09-26T07:26:48.059938+00:00,2022-12-09,CONSERVATIVE_T1,margin_szse,002736,True
2022-12-08,AGGREGATOR|research-node|akshare@1.18.97|stock_margin_detail_szse,,,2026-09-26T07:26:48.059938+00:00,2022-12-09,CONSERVATIVE_T1,margin_szse,300199,True
2022-12-08,AGGREGATOR|research-node|akshare@1.18.97|stock_margin_detail_szse,,,2026-09-26T07:26:48.059938+00:00,2022-12-09,CONSERVATIVE_T1,margin_szse,300921,True
2022-12-08,AGGREGATOR|research-node|akshare@1.18.97|stock_margin_detail_szse,,,2026-09-26T07:26:48.059938+00:00,2022-12-09,CONSERVATIVE_T1,margin_szse,300977,True
2022-12-09,AGGREGATOR|research-node|akshare@1.18.97|stock_margin_detail_szse,,,2026-09-26T07:26:50.430146+00:00,2022-12-12,CONSERVATIVE_T1,margin_szse,000685,True
2022-12-09,AGGREGATOR|research-node|akshare@1.18.97|stock_margin_detail_szse,,,2026-09-26T07:26:50.430146+00:00,2022-12-12,CONSERVATIVE_T1,margin_szse,000750,True
2022-12-09,AGGREGATOR|research-node|akshare@1.18.97|stock_margin_detail_szse,,,2026-09-26T07:26:50.430146+00:00,2022-12-12,CONSERVATIVE_T1,margin_szse,000783,True
2022-12-09,AGGREGATOR|research-node|akshare@1.18.97|stock_margin_detail_szse,,,2026-09-26T07:26:50.430146+00:00,2022-12-12,CONSERVATIVE_T1,margin_szse,002354,True
2022-12-09,AGGREGATOR|research-node|akshare@1.18.97|stock_margin_detail_szse,,,2026-09-26T07:26:50.430146+00:00,2022-12-12,CONSERVATIVE_T1,margin_szse,002440,True
2022-12-09,AGGREGATOR|research-node|akshare@1.18.97|stock_margin_detail_szse,,,2026-09-26T07:26:50.430146+00:00,2022-12-12,CONSERVATIVE_T1,margin_szse,002736,True
2022-12-09,AGGREGATOR|research-node|akshare@1.18.97|stock_margin_detail_szse,,,2026-09-26T07:26:50.430146+00:00,2022-12-12,CONSERVATIVE_T1,margin_szse,300199,True
2022-12-09,AGGREGATOR|research-node|akshare@1.18.97|stock_margin_detail_szse,,,2026-09-26T07:26:50.430146+00:00,2022-12-12,CONSERVATIVE_T1,margin_szse,300921,True
2022-12-09,AGGREGATOR|research-node|akshare@1.18.97|stock_margin_detail_szse,,,2026-09-26T07:26:50.430146+00:00,2022-12-12,CONSERVATIVE_T1,margin_szse,300977,True
2022-12-12,AGGREGATOR|research-node|akshare@1.18.97|stock_margin_detail_szse,,,2026-09-26T07:26:52.799678+00:00,2022-12-13,CONSERVATIVE_T1,margin_szse,000685,True
2022-12-12,AGGREGATOR|research-node|akshare@1.18.97|stock_margin_detail_szse,,,2026-09-26T07:26:52.799678+00:00,2022-12-13,CONSERVATIVE_T1,margin_szse,000750,True
2022-12-12,AGGREGATOR|research-node|akshare@1.18.97|stock_margin_detail_szse,,,2026-09-26T07:26:52.799678+00:00,2022-12-13,CONSERVATIVE_T1,margin_szse,000783,True
2022-12-12,AGGREGATOR|research-node|akshare@1.18.97|stock_margin_detail_szse,,,2026-09-26T07:26:52.799678+00:00,2022-12-13,CONSERVATIVE_T1,margin_szse,002354,True
2022-12-12,AGGREGATOR|research-node|akshare@1.18.97|stock_margin_detail_szse,,,2026-09-26T07:26:52.799678+00:00,2022-12-13,CONSERVATIVE_T1,margin_szse,002440,True
2022-12-12,AGGREGATOR|research-node|akshare@1.18.97|stock_margin_detail_szse,,,2026-09-26T07:26:52.799678+00:00,2022-12-13,CONSERVATIVE_T1,margin_szse,002736,True
2022-12-12,AGGREGATOR|research-node|akshare@1.18.97|stock_margin_detail_szse,,,2026-09-26T07:26:52.799678+00:00,2022-12-13,CONSERVATIVE_T1,margin_szse,300199,True
2022-12-12,AGGREGATOR|research-node|akshare@1.18.97|stock_margin_detail_szse,,,2026-09-26T07:26:52.799678+00:00,2022-12-13,CONSERVATIVE_T1,margin_szse,300921,True
2022-12-12,AGGREGATOR|research-node|akshare@1.18.97|stock_margin_detail_szse,,,2026-09-26T07:26:52.799678+00:00,2022-12-13,CONSERVATIVE_T1,margin_szse,300977,True
2022-12-13,AGGREGATOR|research-node|akshare@1.18.97|stock_margin_detail_szse,,,2026-09-26T07:26:54.976740+00:00,2022-12-14,CONSERVATIVE_T1,margin_szse,000685,True
2022-12-13,AGGREGATOR|research-node|akshare@1.18.97|stock_margin_detail_szse,,,2026-09-26T07:26:54.976740+00:00,2022-12-14,CONSERVATIVE_T1,margin_szse,000750,True
2022-12-13,AGGREGATOR|research-node|akshare@1.18.97|stock_margin_detail_szse,,,2026-09-26T07:26:54.976740+00:00,2022-12-14,CONSERVATIVE_T1,margin_szse,000783,True
2022-12-13,AGGREGATOR|research-node|akshare@1.18.97|stock_margin_detail_szse,,,2026-09-26T07:26:54.976740+00:00,2022-12-14,CONSERVATIVE_T1,margin_szse,002354,True
2022-12-13,AGGREGATOR|research-node|akshare@1.18.97|stock_margin_detail_szse,,,2026-09-26T07:26:54.976740+00:00,2022-12-14,CONSERVATIVE_T1,margin_szse,002440,True
2022-12-13,AGGREGATOR|research-node|akshare@1.18.97|stock_margin_detail_szse,,,2026-09-26T07:26:54.976740+00:00,2022-12-14,CONSERVATIVE_T1,margin_szse,002736,True
2022-12-13,AGGREGATOR|research-node|akshare@1.18.97|stock_margin_detail_szse,,,2026-09-26T07:26:54.976740+00:00,2022-12-14,CONSERVATIVE_T1,margin_szse,300199,True
2022-12-13,AGGREGATOR|research-node|akshare@1.18.97|stock_margin_detail_szse,,,2026-09-26T07:26:54.976740+00:00,2022-12-14,CONSERVATIVE_T1,margin_szse,300921,True
2022-12-13,AGGREGATOR|research-node|akshare@1.18.97|stock_margin_detail_szse,,,2026-09-26T07:26:54.976740+00:00,2022-12-14,CONSERVATIVE_T1,margin_szse,300977,True
2022-12-14,AGGREGATOR|research-node|akshare@1.18.97|stock_margin_detail_szse,,,2026-09-26T07:26:57.219008+00:00,2022-12-15,CONSERVATIVE_T1,margin_szse,000685,True
2022-12-14,AGGREGATOR|research-node|akshare@1.18.97|stock_margin_detail_szse,,,2026-09-26T07:26:57.219008+00:00,2022-12-15,CONSERVATIVE_T1,margin_szse,000750,True
2022-12-14,AGGREGATOR|research-node|akshare@1.18.97|stock_margin_detail_szse,,,2026-09-26T07:26:57.219008+00:00,2022-12-15,CONSERVATIVE_T1,margin_szse,000783,True
2022-12-14,AGGREGATOR|research-node|akshare@1.18.97|stock_margin_detail_szse,,,2026-09-26T07:26:57.219008+00:00,2022-12-15,CONSERVATIVE_T1,margin_szse,002354,True
2022-12-14,AGGREGATOR|research-node|akshare@1.18.97|stock_margin_detail_szse,,,2026-09-26T07:26:57.219008+00:00,2022-12-15,CONSERVATIVE_T1,margin_szse,002440,True
2022-12-14,AGGREGATOR|research-node|akshare@1.18.97|stock_margin_detail_szse,,,2026-09-26T07:26:57.219008+00:00,2022-12-15,CONSERVATIVE_T1,margin_szse,002736,True
2022-12-14,AGGREGATOR|research-node|akshare@1.18.97|stock_margin_detail_szse,,,2026-09-26T07:26:57.219008+00:00,2022-12-15,CONSERVATIVE_T1,margin_szse,300199,True
2022-12-14,AGGREGATOR|research-node|akshare@1.18.97|stock_margin_detail_szse,,,2026-09-26T07:26:57.219008+00:00,2022-12-15,CONSERVATIVE_T1,margin_szse,300921,True
2022-12-14,AGGREGATOR|research-node|akshare@1.18.97|stock_margin_detail_szse,,,2026-09-26T07:26:57.219008+00:00,2022-12-15,CONSERVATIVE_T1,margin_szse,300977,True
2022-12-15,AGGREGATOR|research-node|akshare@1.18.97|stock_margin_detail_szse,,,2026-09-26T07:26:59.506952+00:00,2022-12-16,CONSERVATIVE_T1,margin_szse,000685,True
2022-12-15,AGGREGATOR|research-node|akshare@1.18.97|stock_margin_detail_szse,,,2026-09-26T07:26:59.506952+00:00,2022-12-16,CONSERVATIVE_T1,margin_szse,000750,True
2022-12-15,AGGREGATOR|research-node|akshare@1.18.97|stock_margin_detail_szse,,,2026-09-26T07:26:59.506952+00:00,2022-12-16,CONSERVATIVE_T1,margin_szse,000783,True
2022-12-15,AGGREGATOR|research-node|akshare@1.18.97|stock_margin_detail_szse,,,2026-09-26T07:26:59.506952+00:00,2022-12-16,CONSERVATIVE_T1,margin_szse,002354,True
2022-12-15,AGGREGATOR|research-node|akshare@1.18.97|stock_margin_detail_szse,,,2026-09-26T07:26:59.506952+00:00,2022-12-16,CONSERVATIVE_T1,margin_szse,002440,True
2022-12-15,AGGREGATOR|research-node|akshare@1.18.97|stock_margin_detail_szse,,,2026-09-26T07:26:59.506952+00:00,2022-12-16,CONSERVATIVE_T1,margin_szse,002736,True
2022-12-15,AGGREGATOR|research-node|akshare@1.18.97|stock_margin_detail_szse,,,2026-09-26T07:26:59.506952+00:00,2022-12-16,CONSERVATIVE_T1,margin_szse,300199,True
2022-12-15,AGGREGATOR|research-node|akshare@1.18.97|stock_margin_detail_szse,,,2026-09-26T07:26:59.506952+00:00,2022-12-16,CONSERVATIVE_T1,margin_szse,300921,True
2022-12-15,AGGREGATOR|research-node|akshare@1.18.97|stock_margin_detail_szse,,,2026-09-26T07:26:59.506952+00:00,2022-12-16,CONSERVATIVE_T1,margin_szse,300977,True
2022-12-16,AGGREGATOR|research-node|akshare@1.18.97|stock_margin_detail_szse,,,2026-09-26T07:27:01.819489+00:00,2022-12-19,CONSERVATIVE_T1,margin_szse,000685,True
2022-12-16,AGGREGATOR|research-node|akshare@1.18.97|stock_margin_detail_szse,,,2026-09-26T07:27:01.819489+00:00,2022-12-19,CONSERVATIVE_T1,margin_szse,000750,True
2022-12-16,AGGREGATOR|research-node|akshare@1.18.97|stock_margin_detail_szse,,,2026-09-26T07:27:01.819489+00:00,2022-12-19,CONSERVATIVE_T1,margin_szse,000783,True
2022-12-16,AGGREGATOR|research-node|akshare@1.18.97|stock_margin_detail_szse,,,2026-09-26T07:27:01.819489+00:00,2022-12-19,CONSERVATIVE_T1,margin_szse,002354,True
2022-12-16,AGGREGATOR|research-node|akshare@1.18.97|stock_margin_detail_szse,,,2026-09-26T07:27:01.819489+00:00,2022-12-19,CONSERVATIVE_T1,margin_szse,002440,True
2022-12-16,AGGREGATOR|research-node|akshare@1.18.97|stock_margin_detail_szse,,,2026-09-26T07:27:01.819489+00:00,2022-12-19,CONSERVATIVE_T1,margin_szse,002736,True
2022-12-16,AGGREGATOR|research-node|akshare@1.18.97|stock_margin_detail_szse,,,2026-09-26T07:27:01.819489+00:00,2022-12-19,CONSERVATIVE_T1,margin_szse,300199,True
2022-12-16,AGGREGATOR|research-node|akshare@1.18.97|stock_margin_detail_szse,,,2026-09-26T07:27:01.819489+00:00,2022-12-19,CONSERVATIVE_T1,margin_szse,300921,True
2022-12-16,AGGREGATOR|research-node|akshare@1.18.97|stock_margin_detail_szse,,,2026-09-26T07:27:01.819489+00:00,2022-12-19,CONSERVATIVE_T1,margin_szse,300977,True
2022-12-19,AGGREGATOR|research-node|akshare@1.18.97|stock_margin_detail_szse,,,2026-09-26T07:27:04.102361+00:00,2022-12-20,CONSERVATIVE_T1,margin_szse,000685,True
2022-12-19,AGGREGATOR|research-node|akshare@1.18.97|stock_margin_detail_szse,,,2026-09-26T07:27:04.102361+00:00,2022-12-20,CONSERVATIVE_T1,margin_szse,000750,True
2022-12-19,AGGREGATOR|research-node|akshare@1.18.97|stock_margin_detail_szse,,,2026-09-26T07:27:04.102361+00:00,2022-12-20,CONSERVATIVE_T1,margin_szse,000783,True
2022-12-19,AGGREGATOR|research-node|akshare@1.18.97|stock_margin_detail_szse,,,2026-09-26T07:27:04.102361+00:00,2022-12-20,CONSERVATIVE_T1,margin_szse,002354,True
2022-12-19,AGGREGATOR|research-node|akshare@1.18.97|stock_margin_detail_szse,,,2026-09-26T07:27:04.102361+00:00,2022-12-20,CONSERVATIVE_T1,margin_szse,002440,True
2022-12-19,AGGREGATOR|research-node|akshare@1.18.97|stock_margin_detail_szse,,,2026-09-26T07:27:04.102361+00:00,2022-12-20,CONSERVATIVE_T1,margin_szse,002736,True
2022-12-19,AGGREGATOR|research-node|akshare@1.18.97|stock_margin_detail_szse,,,2026-09-26T07:27:04.102361+00:00,2022-12-20,CONSERVATIVE_T1,margin_szse,300199,True
2022-12-19,AGGREGATOR|research-node|akshare@1.18.97|stock_margin_detail_szse,,,2026-09-26T07:27:04.102361+00:00,2022-12-20,CONSERVATIVE_T1,margin_szse,300921,True
2022-12-19,AGGREGATOR|research-node|akshare@1.18.97|stock_margin_detail_szse,,,2026-09-26T07:27:04.102361+00:00,2022-12-20,CONSERVATIVE_T1,margin_szse,300977,True
2022-12-20,AGGREGATOR|research-node|akshare@1.18.97|stock_margin_detail_szse,,,2026-09-26T07:27:06.295706+00:00,2022-12-21,CONSERVATIVE_T1,margin_szse,000685,True
2022-12-20,AGGREGATOR|research-node|akshare@1.18.97|stock_margin_detail_szse,,,2026-09-26T07:27:06.295706+00:00,2022-12-21,CONSERVATIVE_T1,margin_szse,000750,True
2022-12-20,AGGREGATOR|research-node|akshare@1.18.97|stock_margin_detail_szse,,,2026-09-26T07:27:06.295706+00:00,2022-12-21,CONSERVATIVE_T1,margin_szse,000783,True
2022-12-20,AGGREGATOR|research-node|akshare@1.18.97|stock_margin_detail_szse,,,2026-09-26T07:27:06.295706+00:00,2022-12-21,CONSERVATIVE_T1,margin_szse,002354,True
2022-12-20,AGGREGATOR|research-node|akshare@1.18.97|stock_margin_detail_szse,,,2026-09-26T07:27:06.295706+00:00,2022-12-21,CONSERVATIVE_T1,margin_szse,002440,True
2022-12-20,AGGREGATOR|research-node|akshare@1.18.97|stock_margin_detail_szse,,,2026-09-26T07:27:06.295706+00:00,2022-12-21,CONSERVATIVE_T1,margin_szse,002736,True
2022-12-20,AGGREGATOR|research-node|akshare@1.18.97|stock_margin_detail_szse,,,2026-09-26T07:27:06.295706+00:00,2022-12-21,CONSERVATIVE_T1,margin_szse,300199,True
2022-12-20,AGGREGATOR|research-node|akshare@1.18.97|stock_margin_detail_szse,,,2026-09-26T07:27:06.295706+00:00,2022-12-21,CONSERVATIVE_T1,margin_szse,300921,True
2022-12-20,AGGREGATOR|research-node|akshare@1.18.97|stock_margin_detail_szse,,,2026-09-26T07:27:06.295706+00:00,2022-12-21,CONSERVATIVE_T1,margin_szse,300977,True
2022-12-21,AGGREGATOR|research-node|akshare@1.18.97|stock_margin_detail_szse,,,2026-09-26T07:27:08.491776+00:00,2022-12-22,CONSERVATIVE_T1,margin_szse,000685,True
2022-12-21,AGGREGATOR|research-node|akshare@1.18.97|stock_margin_detail_szse,,,2026-09-26T07:27:08.491776+00:00,2022-12-22,CONSERVATIVE_T1,margin_szse,000750,True
2022-12-21,AGGREGATOR|research-node|akshare@1.18.97|stock_margin_detail_szse,,,2026-09-26T07:27:08.491776+00:00,2022-12-22,CONSERVATIVE_T1,margin_szse,000783,True
2022-12-21,AGGREGATOR|research-node|akshare@1.18.97|stock_margin_detail_szse,,,2026-09-26T07:27:08.491776+00:00,2022-12-22,CONSERVATIVE_T1,margin_szse,002354,True
2022-12-21,AGGREGATOR|research-node|akshare@1.18.97|stock_margin_detail_szse,,,2026-09-26T07:27:08.491776+00:00,2022-12-22,CONSERVATIVE_T1,margin_szse,002440,True
2022-12-21,AGGREGATOR|research-node|akshare@1.18.97|stock_margin_detail_szse,,,2026-09-26T07:27:08.491776+00:00,2022-12-22,CONSERVATIVE_T1,margin_szse,002736,True
2022-12-21,AGGREGATOR|research-node|akshare@1.18.97|stock_margin_detail_szse,,,2026-09-26T07:27:08.491776+00:00,2022-12-22,CONSERVATIVE_T1,margin_szse,300199,True
2022-12-21,AGGREGATOR|research-node|akshare@1.18.97|stock_margin_detail_szse,,,2026-09-26T07:27:08.491776+00:00,2022-12-22,CONSERVATIVE_T1,margin_szse,300921,True
2022-12-21,AGGREGATOR|research-node|akshare@1.18.97|stock_margin_detail_szse,,,2026-09-26T07:27:08.491776+00:00,2022-12-22,CONSERVATIVE_T1,margin_szse,300977,True
2022-12-22,AGGREGATOR|research-node|akshare@1.18.97|stock_margin_detail_szse,,,2026-09-26T07:27:10.798778+00:00,2022-12-23,CONSERVATIVE_T1,margin_szse,000685,True
2022-12-22,AGGREGATOR|research-node|akshare@1.18.97|stock_margin_detail_szse,,,2026-09-26T07:27:10.798778+00:00,2022-12-23,CONSERVATIVE_T1,margin_szse,000750,True
2022-12-22,AGGREGATOR|research-node|akshare@1.18.97|stock_margin_detail_szse,,,2026-09-26T07:27:10.798778+00:00,2022-12-23,CONSERVATIVE_T1,margin_szse,000783,True
2022-12-22,AGGREGATOR|research-node|akshare@1.18.97|stock_margin_detail_szse,,,2026-09-26T07:27:10.798778+00:00,2022-12-23,CONSERVATIVE_T1,margin_szse,002354,True
2022-12-22,AGGREGATOR|research-node|akshare@1.18.97|stock_margin_detail_szse,,,2026-09-26T07:27:10.798778+00:00,2022-12-23,CONSERVATIVE_T1,margin_szse,002440,True
2022-12-22,AGGREGATOR|research-node|akshare@1.18.97|stock_margin_detail_szse,,,2026-09-26T07:27:10.798778+00:00,2022-12-23,CONSERVATIVE_T1,margin_szse,002736,True
2022-12-22,AGGREGATOR|research-node|akshare@1.18.97|stock_margin_detail_szse,,,2026-09-26T07:27:10.798778+00:00,2022-12-23,CONSERVATIVE_T1,margin_szse,300199,True
2022-12-22,AGGREGATOR|research-node|akshare@1.18.97|stock_margin_detail_szse,,,2026-09-26T07:27:10.798778+00:00,2022-12-23,CONSERVATIVE_T1,margin_szse,300921,True
2022-12-22,AGGREGATOR|research-node|akshare@1.18.97|stock_margin_detail_szse,,,2026-09-26T07:27:10.798778+00:00,2022-12-23,CONSERVATIVE_T1,margin_szse,300977,True
2022-12-23,AGGREGATOR|research-node|akshare@1.18.97|stock_margin_detail_szse,,,2026-09-26T07:27:12.955564+00:00,2022-12-26,CONSERVATIVE_T1,margin_szse,000685,True
2022-12-23,AGGREGATOR|research-node|akshare@1.18.97|stock_margin_detail_szse,,,2026-09-26T07:27:12.955564+00:00,2022-12-26,CONSERVATIVE_T1,margin_szse,000750,True
2022-12-23,AGGREGATOR|research-node|akshare@1.18.97|stock_margin_detail_szse,,,2026-09-26T07:27:12.955564+00:00,2022-12-26,CONSERVATIVE_T1,margin_szse,000783,True
2022-12-23,AGGREGATOR|research-node|akshare@1.18.97|stock_margin_detail_szse,,,2026-09-26T07:27:12.955564+00:00,2022-12-26,CONSERVATIVE_T1,margin_szse,002354,True
2022-12-23,AGGREGATOR|research-node|akshare@1.18.97|stock_margin_detail_szse,,,2026-09-26T07:27:12.955564+00:00,2022-12-26,CONSERVATIVE_T1,margin_szse,002440,True
2022-12-23,AGGREGATOR|research-node|akshare@1.18.97|stock_margin_detail_szse,,,2026-09-26T07:27:12.955564+00:00,2022-12-26,CONSERVATIVE_T1,margin_szse,002736,True
2022-12-23,AGGREGATOR|research-node|akshare@1.18.97|stock_margin_detail_szse,,,2026-09-26T07:27:12.955564+00:00,2022-12-26,CONSERVATIVE_T1,margin_szse,300199,True
2022-12-23,AGGREGATOR|research-node|akshare@1.18.97|stock_margin_detail_szse,,,2026-09-26T07:27:12.955564+00:00,2022-12-26,CONSERVATIVE_T1,margin_szse,300921,True
2022-12-23,AGGREGATOR|research-node|akshare@1.18.97|stock_margin_detail_szse,,,2026-09-26T07:27:12.955564+00:00,2022-12-26,CONSERVATIVE_T1,margin_szse,300977,True
2022-12-26,AGGREGATOR|research-node|akshare@1.18.97|stock_margin_detail_szse,,,2026-09-26T07:27:15.319579+00:00,2022-12-27,CONSERVATIVE_T1,margin_szse,000685,True
2022-12-26,AGGREGATOR|research-node|akshare@1.18.97|stock_margin_detail_szse,,,2026-09-26T07:27:15.319579+00:00,2022-12-27,CONSERVATIVE_T1,margin_szse,000750,True
2022-12-26,AGGREGATOR|research-node|akshare@1.18.97|stock_margin_detail_szse,,,2026-09-26T07:27:15.319579+00:00,2022-12-27,CONSERVATIVE_T1,margin_szse,000783,True
2022-12-26,AGGREGATOR|research-node|akshare@1.18.97|stock_margin_detail_szse,,,2026-09-26T07:27:15.319579+00:00,2022-12-27,CONSERVATIVE_T1,margin_szse,002354,True
2022-12-26,AGGREGATOR|research-node|akshare@1.18.97|stock_margin_detail_szse,,,2026-09-26T07:27:15.319579+00:00,2022-12-27,CONSERVATIVE_T1,margin_szse,002440,True
2022-12-26,AGGREGATOR|research-node|akshare@1.18.97|stock_margin_detail_szse,,,2026-09-26T07:27:15.319579+00:00,2022-12-27,CONSERVATIVE_T1,margin_szse,002736,True
2022-12-26,AGGREGATOR|research-node|akshare@1.18.97|stock_margin_detail_szse,,,2026-09-26T07:27:15.319579+00:00,2022-12-27,CONSERVATIVE_T1,margin_szse,300199,True
2022-12-26,AGGREGATOR|research-node|akshare@1.18.97|stock_margin_detail_szse,,,2026-09-26T07:27:15.319579+00:00,2022-12-27,CONSERVATIVE_T1,margin_szse,300921,True
2022-12-26,AGGREGATOR|research-node|akshare@1.18.97|stock_margin_detail_szse,,,2026-09-26T07:27:15.319579+00:00,2022-12-27,CONSERVATIVE_T1,margin_szse,300977,True
2022-12-27,AGGREGATOR|research-node|akshare@1.18.97|stock_margin_detail_szse,,,2026-09-26T07:27:17.659923+00:00,2022-12-28,CONSERVATIVE_T1,margin_szse,000685,True
2022-12-27,AGGREGATOR|research-node|akshare@1.18.97|stock_margin_detail_szse,,,2026-09-26T07:27:17.659923+00:00,2022-12-28,CONSERVATIVE_T1,margin_szse,000750,True
2022-12-27,AGGREGATOR|research-node|akshare@1.18.97|stock_margin_detail_szse,,,2026-09-26T07:27:17.659923+00:00,2022-12-28,CONSERVATIVE_T1,margin_szse,000783,True
2022-12-27,AGGREGATOR|research-node|akshare@1.18.97|stock_margin_detail_szse,,,2026-09-26T07:27:17.659923+00:00,2022-12-28,CONSERVATIVE_T1,margin_szse,002354,True
2022-12-27,AGGREGATOR|research-node|akshare@1.18.97|stock_margin_detail_szse,,,2026-09-26T07:27:17.659923+00:00,2022-12-28,CONSERVATIVE_T1,margin_szse,002440,True
2022-12-27,AGGREGATOR|research-node|akshare@1.18.97|stock_margin_detail_szse,,,2026-09-26T07:27:17.659923+00:00,2022-12-28,CONSERVATIVE_T1,margin_szse,002736,True
2022-12-27,AGGREGATOR|research-node|akshare@1.18.97|stock_margin_detail_szse,,,2026-09-26T07:27:17.659923+00:00,2022-12-28,CONSERVATIVE_T1,margin_szse,300199,True
2022-12-27,AGGREGATOR|research-node|akshare@1.18.97|stock_margin_detail_szse,,,2026-09-26T07:27:17.659923+00:00,2022-12-28,CONSERVATIVE_T1,margin_szse,300921,True
2022-12-27,AGGREGATOR|research-node|akshare@1.18.97|stock_margin_detail_szse,,,2026-09-26T07:27:17.659923+00:00,2022-12-28,CONSERVATIVE_T1,margin_szse,300977,True
2022-12-28,AGGREGATOR|research-node|akshare@1.18.97|stock_margin_detail_szse,,,2026-09-26T07:27:19.989992+00:00,2022-12-29,CONSERVATIVE_T1,margin_szse,000685,True
2022-12-28,AGGREGATOR|research-node|akshare@1.18.97|stock_margin_detail_szse,,,2026-09-26T07:27:19.989992+00:00,2022-12-29,CONSERVATIVE_T1,margin_szse,000750,True
2022-12-28,AGGREGATOR|research-node|akshare@1.18.97|stock_margin_detail_szse,,,2026-09-26T07:27:19.989992+00:00,2022-12-29,CONSERVATIVE_T1,margin_szse,000783,True
2022-12-28,AGGREGATOR|research-node|akshare@1.18.97|stock_margin_detail_szse,,,2026-09-26T07:27:19.989992+00:00,2022-12-29,CONSERVATIVE_T1,margin_szse,002354,True
2022-12-28,AGGREGATOR|research-node|akshare@1.18.97|stock_margin_detail_szse,,,2026-09-26T07:27:19.989992+00:00,2022-12-29,CONSERVATIVE_T1,margin_szse,002440,True
2022-12-28,AGGREGATOR|research-node|akshare@1.18.97|stock_margin_detail_szse,,,2026-09-26T07:27:19.989992+00:00,2022-12-29,CONSERVATIVE_T1,margin_szse,002736,True
2022-12-28,AGGREGATOR|research-node|akshare@1.18.97|stock_margin_detail_szse,,,2026-09-26T07:27:19.989992+00:00,2022-12-29,CONSERVATIVE_T1,margin_szse,300199,True
2022-12-28,AGGREGATOR|research-node|akshare@1.18.97|stock_margin_detail_szse,,,2026-09-26T07:27:19.989992+00:00,2022-12-29,CONSERVATIVE_T1,margin_szse,300921,True
2022-12-28,AGGREGATOR|research-node|akshare@1.18.97|stock_margin_detail_szse,,,2026-09-26T07:27:19.989992+00:00,2022-12-29,CONSERVATIVE_T1,margin_szse,300977,True
2022-12-29,AGGREGATOR|research-node|akshare@1.18.97|stock_margin_detail_szse,,,2026-09-26T07:27:22.268527+00:00,2022-12-30,CONSERVATIVE_T1,margin_szse,000685,True
2022-12-29,AGGREGATOR|research-node|akshare@1.18.97|stock_margin_detail_szse,,,2026-09-26T07:27:22.268527+00:00,2022-12-30,CONSERVATIVE_T1,margin_szse,000750,True
2022-12-29,AGGREGATOR|research-node|akshare@1.18.97|stock_margin_detail_szse,,,2026-09-26T07:27:22.268527+00:00,2022-12-30,CONSERVATIVE_T1,margin_szse,000783,True
2022-12-29,AGGREGATOR|research-node|akshare@1.18.97|stock_margin_detail_szse,,,2026-09-26T07:27:22.268527+00:00,2022-12-30,CONSERVATIVE_T1,margin_szse,002354,True
2022-12-29,AGGREGATOR|research-node|akshare@1.18.97|stock_margin_detail_szse,,,2026-09-26T07:27:22.268527+00:00,2022-12-30,CONSERVATIVE_T1,margin_szse,002440,True
2022-12-29,AGGREGATOR|research-node|akshare@1.18.97|stock_margin_detail_szse,,,2026-09-26T07:27:22.268527+00:00,2022-12-30,CONSERVATIVE_T1,margin_szse,002736,True
2022-12-29,AGGREGATOR|research-node|akshare@1.18.97|stock_margin_detail_szse,,,2026-09-26T07:27:22.268527+00:00,2022-12-30,CONSERVATIVE_T1,margin_szse,300199,True
2022-12-29,AGGREGATOR|research-node|akshare@1.18.97|stock_margin_detail_szse,,,2026-09-26T07:27:22.268527+00:00,2022-12-30,CONSERVATIVE_T1,margin_szse,300921,True
2022-12-29,AGGREGATOR|research-node|akshare@1.18.97|stock_margin_detail_szse,,,2026-09-26T07:27:22.268527+00:00,2022-12-30,CONSERVATIVE_T1,margin_szse,300977,True
2022-12-30,AGGREGATOR|research-node|akshare@1.18.97|stock_margin_detail_szse,,,2026-09-26T07:27:24.560023+00:00,2023-01-03,CONSERVATIVE_T1,margin_szse,000685,True
2022-12-30,AGGREGATOR|research-node|akshare@1.18.97|stock_margin_detail_szse,,,2026-09-26T07:27:24.560023+00:00,2023-01-03,CONSERVATIVE_T1,margin_szse,000750,True
2022-12-30,AGGREGATOR|research-node|akshare@1.18.97|stock_margin_detail_szse,,,2026-09-26T07:27:24.560023+00:00,2023-01-03,CONSERVATIVE_T1,margin_szse,000783,True
2022-12-30,AGGREGATOR|research-node|akshare@1.18.97|stock_margin_detail_szse,,,2026-09-26T07:27:24.560023+00:00,2023-01-03,CONSERVATIVE_T1,margin_szse,002354,True
2022-12-30,AGGREGATOR|research-node|akshare@1.18.97|stock_margin_detail_szse,,,2026-09-26T07:27:24.560023+00:00,2023-01-03,CONSERVATIVE_T1,margin_szse,002440,True
2022-12-30,AGGREGATOR|research-node|akshare@1.18.97|stock_margin_detail_szse,,,2026-09-26T07:27:24.560023+00:00,2023-01-03,CONSERVATIVE_T1,margin_szse,002736,True
2022-12-30,AGGREGATOR|research-node|akshare@1.18.97|stock_margin_detail_szse,,,2026-09-26T07:27:24.560023+00:00,2023-01-03,CONSERVATIVE_T1,margin_szse,300199,True
2022-12-30,AGGREGATOR|research-node|akshare@1.18.97|stock_margin_detail_szse,,,2026-09-26T07:27:24.560023+00:00,2023-01-03,CONSERVATIVE_T1,margin_szse,300921,True
2022-12-30,AGGREGATOR|research-node|akshare@1.18.97|stock_margin_detail_szse,,,2026-09-26T07:27:24.560023+00:00,2023-01-03,CONSERVATIVE_T1,margin_szse,300977,True
2022-07-11,AGGREGATOR|research-node|akshare@1.18.97|stock_lhb_detail_em,2022-07-11,,2026-09-26T07:28:05.025875+00:00,2022-07-12,CONSERVATIVE_T1,lhb,300565,True
2022-07-07,AGGREGATOR|research-node|akshare@1.18.97|stock_lhb_detail_em,2022-07-07,,2026-09-26T07:28:05.025875+00:00,2022-07-08,CONSERVATIVE_T1,lhb,300565,True
2022-07-05,AGGREGATOR|research-node|akshare@1.18.97|stock_lhb_detail_em,2022-07-05,,2026-09-26T07:28:05.025875+00:00,2022-07-06,CONSERVATIVE_T1,lhb,300565,True
2022-07-04,AGGREGATOR|research-node|akshare@1.18.97|stock_lhb_detail_em,2022-07-04,,2026-09-26T07:28:05.025875+00:00,2022-07-05,CONSERVATIVE_T1,lhb,300565,True
2022-07-14,AGGREGATOR|research-node|akshare@1.18.97|stock_lhb_detail_em,2022-07-14,,2026-09-26T07:28:05.025875+00:00,2022-07-15,CONSERVATIVE_T1,lhb,688218,True
2022-07-08,AGGREGATOR|research-node|akshare@1.18.97|stock_lhb_detail_em,2022-07-08,,2026-09-26T07:28:05.025875+00:00,2022-07-11,CONSERVATIVE_T1,lhb,688218,True
2022-07-06,AGGREGATOR|research-node|akshare@1.18.97|stock_lhb_detail_em,2022-07-06,,2026-09-26T07:28:05.025875+00:00,2022-07-07,CONSERVATIVE_T1,lhb,688218,True
2022-08-31,AGGREGATOR|research-node|akshare@1.18.97|stock_lhb_detail_em,2022-08-31,,2026-09-26T07:28:15.746698+00:00,2022-09-01,CONSERVATIVE_T1,lhb,300565,True
2022-08-23,AGGREGATOR|research-node|akshare@1.18.97|stock_lhb_detail_em,2022-08-23,,2026-09-26T07:28:15.746698+00:00,2022-08-24,CONSERVATIVE_T1,lhb,300565,True
2022-08-08,AGGREGATOR|research-node|akshare@1.18.97|stock_lhb_detail_em,2022-08-08,,2026-09-26T07:28:15.746698+00:00,2022-08-09,CONSERVATIVE_T1,lhb,300565,True
2022-08-30,AGGREGATOR|research-node|akshare@1.18.97|stock_lhb_detail_em,2022-08-30,,2026-09-26T07:28:15.746698+00:00,2022-08-31,CONSERVATIVE_T1,lhb,601869,True
2022-08-04,AGGREGATOR|research-node|akshare@1.18.97|stock_lhb_detail_em,2022-08-04,,2026-09-26T07:28:15.746698+00:00,2022-08-05,CONSERVATIVE_T1,lhb,688218,True
2022-08-09,AGGREGATOR|research-node|akshare@1.18.97|stock_lhb_detail_em,2022-08-09,,2026-09-26T07:28:15.746698+00:00,2022-08-10,CONSERVATIVE_T1,lhb,688521,True
2022-08-05,AGGREGATOR|research-node|akshare@1.18.97|stock_lhb_detail_em,2022-08-05,,2026-09-26T07:28:15.746698+00:00,2022-08-08,CONSERVATIVE_T1,lhb,688521,True
2022-09-13,AGGREGATOR|research-node|akshare@1.18.97|stock_lhb_detail_em,2022-09-13,,2026-09-26T07:28:22.855435+00:00,2022-09-14,CONSERVATIVE_T1,lhb,300565,True
2022-09-07,AGGREGATOR|research-node|akshare@1.18.97|stock_lhb_detail_em,2022-09-07,,2026-09-26T07:28:22.855435+00:00,2022-09-08,CONSERVATIVE_T1,lhb,300565,True
2022-09-06,AGGREGATOR|research-node|akshare@1.18.97|stock_lhb_detail_em,2022-09-06,,2026-09-26T07:28:22.855435+00:00,2022-09-07,CONSERVATIVE_T1,lhb,300565,True
2022-09-01,AGGREGATOR|research-node|akshare@1.18.97|stock_lhb_detail_em,2022-09-01,,2026-09-26T07:28:22.855435+00:00,2022-09-02,CONSERVATIVE_T1,lhb,601869,True
2022-10-28,AGGREGATOR|research-node|akshare@1.18.97|stock_lhb_detail_em,2022-10-28,,2026-09-26T07:28:31.959805+00:00,2022-10-31,CONSERVATIVE_T1,lhb,002864,True
2022-10-28,AGGREGATOR|research-node|akshare@1.18.97|stock_lhb_detail_em,2022-10-28,,2026-09-26T07:28:31.959805+00:00,2022-10-31,CONSERVATIVE_T1,lhb,002864,True
2022-11-14,AGGREGATOR|research-node|akshare@1.18.97|stock_lhb_detail_em,2022-11-14,,2026-09-26T07:28:39.105762+00:00,2022-11-15,CONSERVATIVE_T1,lhb,002864,True
2022-11-11,AGGREGATOR|research-node|akshare@1.18.97|stock_lhb_detail_em,2022-11-11,,2026-09-26T07:28:39.105762+00:00,2022-11-14,CONSERVATIVE_T1,lhb,002864,True
2022-11-11,AGGREGATOR|research-node|akshare@1.18.97|stock_lhb_detail_em,2022-11-11,,2026-09-26T07:28:39.105762+00:00,2022-11-14,CONSERVATIVE_T1,lhb,002864,True
2022-11-10,AGGREGATOR|research-node|akshare@1.18.97|stock_lhb_detail_em,2022-11-10,,2026-09-26T07:28:39.105762+00:00,2022-11-11,CONSERVATIVE_T1,lhb,002864,True
2022-11-10,AGGREGATOR|research-node|akshare@1.18.97|stock_lhb_detail_em,2022-11-10,,2026-09-26T07:28:39.105762+00:00,2022-11-11,CONSERVATIVE_T1,lhb,002864,True
2022-11-02,AGGREGATOR|research-node|akshare@1.18.97|stock_lhb_detail_em,2022-11-02,,2026-09-26T07:28:39.105762+00:00,2022-11-03,CONSERVATIVE_T1,lhb,002864,True
2022-11-29,AGGREGATOR|research-node|akshare@1.18.97|stock_lhb_detail_em,2022-11-29,,2026-09-26T07:28:39.105762+00:00,2022-11-30,CONSERVATIVE_T1,lhb,300199,True
2022-11-07,AGGREGATOR|research-node|akshare@1.18.97|stock_lhb_detail_em,2022-11-07,,2026-09-26T07:28:39.105762+00:00,2022-11-08,CONSERVATIVE_T1,lhb,601869,True
2022-12-27,AGGREGATOR|research-node|akshare@1.18.97|stock_lhb_detail_em,2022-12-27,,2026-09-26T07:28:45.841537+00:00,2022-12-28,CONSERVATIVE_T1,lhb,002864,True
2022-12-26,AGGREGATOR|research-node|akshare@1.18.97|stock_lhb_detail_em,2022-12-26,,2026-09-26T07:28:45.841537+00:00,2022-12-27,CONSERVATIVE_T1,lhb,002864,True
2022-12-26,AGGREGATOR|research-node|akshare@1.18.97|stock_lhb_detail_em,2022-12-26,,2026-09-26T07:28:45.841537+00:00,2022-12-27,CONSERVATIVE_T1,lhb,002864,True
2022-12-26,AGGREGATOR|research-node|akshare@1.18.97|stock_lhb_detail_em,2022-12-26,,2026-09-26T07:28:45.841537+00:00,2022-12-27,CONSERVATIVE_T1,lhb,002864,True
2022-12-23,AGGREGATOR|research-node|akshare@1.18.97|stock_lhb_detail_em,2022-12-23,,2026-09-26T07:28:45.841537+00:00,2022-12-26,CONSERVATIVE_T1,lhb,002864,True
2022-12-23,AGGREGATOR|research-node|akshare@1.18.97|stock_lhb_detail_em,2022-12-23,,2026-09-26T07:28:45.841537+00:00,2022-12-26,CONSERVATIVE_T1,lhb,002864,True
2022-12-23,AGGREGATOR|research-node|akshare@1.18.97|stock_lhb_detail_em,2022-12-23,,2026-09-26T07:28:45.841537+00:00,2022-12-26,CONSERVATIVE_T1,lhb,002864,True
2022-12-14,AGGREGATOR|research-node|akshare@1.18.97|stock_lhb_detail_em,2022-12-14,,2026-09-26T07:28:45.841537+00:00,2022-12-15,CONSERVATIVE_T1,lhb,002864,True
2022-12-13,AGGREGATOR|research-node|akshare@1.18.97|stock_lhb_detail_em,2022-12-13,,2026-09-26T07:28:45.841537+00:00,2022-12-14,CONSERVATIVE_T1,lhb,002864,True
2022-12-13,AGGREGATOR|research-node|akshare@1.18.97|stock_lhb_detail_em,2022-12-13,,2026-09-26T07:28:45.841537+00:00,2022-12-14,CONSERVATIVE_T1,lhb,002864,True
2022-12-28,AGGREGATOR|research-node|akshare@1.18.97|stock_lhb_detail_em,2022-12-28,,2026-09-26T07:28:45.841537+00:00,2022-12-29,CONSERVATIVE_T1,lhb,300199,True
2022-12-27,AGGREGATOR|research-node|akshare@1.18.97|stock_lhb_detail_em,2022-12-27,,2026-09-26T07:28:45.841537+00:00,2022-12-28,CONSERVATIVE_T1,lhb,300199,True
2022-12-09,AGGREGATOR|research-node|akshare@1.18.97|stock_lhb_detail_em,2022-12-09,,2026-09-26T07:28:45.841537+00:00,2022-12-12,CONSERVATIVE_T1,lhb,300199,True
2022-12-02,AGGREGATOR|research-node|akshare@1.18.97|stock_lhb_detail_em,2022-12-02,,2026-09-26T07:28:45.841537+00:00,2022-12-05,CONSERVATIVE_T1,lhb,688218,True
2022-07-28,AGGREGATOR|research-node|akshare@1.18.97|stock_dzjy_mrmx,2022-07-28,,2026-09-26T07:28:50.836509+00:00,2022-07-29,CONSERVATIVE_T1,dzjy,000685,True
2022-07-28,AGGREGATOR|research-node|akshare@1.18.97|stock_dzjy_mrmx,2022-07-28,,2026-09-26T07:28:50.836509+00:00,2022-07-29,CONSERVATIVE_T1,dzjy,000685,True
2022-07-28,AGGREGATOR|research-node|akshare@1.18.97|stock_dzjy_mrmx,2022-07-28,,2026-09-26T07:28:50.836509+00:00,2022-07-29,CONSERVATIVE_T1,dzjy,000685,True
2022-07-22,AGGREGATOR|research-node|akshare@1.18.97|stock_dzjy_mrmx,2022-07-22,,2026-09-26T07:28:50.836509+00:00,2022-07-25,CONSERVATIVE_T1,dzjy,000783,True
2022-07-22,AGGREGATOR|research-node|akshare@1.18.97|stock_dzjy_mrmx,2022-07-22,,2026-09-26T07:28:50.836509+00:00,2022-07-25,CONSERVATIVE_T1,dzjy,000783,True
2022-07-22,AGGREGATOR|research-node|akshare@1.18.97|stock_dzjy_mrmx,2022-07-22,,2026-09-26T07:28:50.836509+00:00,2022-07-25,CONSERVATIVE_T1,dzjy,000783,True
2022-07-01,AGGREGATOR|research-node|akshare@1.18.97|stock_dzjy_mrmx,2022-07-01,,2026-09-26T07:28:50.836509+00:00,2022-07-04,CONSERVATIVE_T1,dzjy,300489,True
2022-07-05,AGGREGATOR|research-node|akshare@1.18.97|stock_dzjy_mrmx,2022-07-05,,2026-09-26T07:28:50.836509+00:00,2022-07-06,CONSERVATIVE_T1,dzjy,300489,True
2022-07-01,AGGREGATOR|research-node|akshare@1.18.97|stock_dzjy_mrmx,2022-07-01,,2026-09-26T07:28:50.836509+00:00,2022-07-04,CONSERVATIVE_T1,dzjy,300565,True
2022-07-05,AGGREGATOR|research-node|akshare@1.18.97|stock_dzjy_mrmx,2022-07-05,,2026-09-26T07:28:50.836509+00:00,2022-07-06,CONSERVATIVE_T1,dzjy,601328,True
2022-07-20,AGGREGATOR|research-node|akshare@1.18.97|stock_dzjy_mrmx,2022-07-20,,2026-09-26T07:28:50.836509+00:00,2022-07-21,CONSERVATIVE_T1,dzjy,601328,True
2022-07-19,AGGREGATOR|research-node|akshare@1.18.97|stock_dzjy_mrmx,2022-07-19,,2026-09-26T07:28:50.836509+00:00,2022-07-20,CONSERVATIVE_T1,dzjy,601328,True
2022-07-19,AGGREGATOR|research-node|akshare@1.18.97|stock_dzjy_mrmx,2022-07-19,,2026-09-26T07:28:50.836509+00:00,2022-07-20,CONSERVATIVE_T1,dzjy,601328,True
2022-07-25,AGGREGATOR|research-node|akshare@1.18.97|stock_dzjy_mrmx,2022-07-25,,2026-09-26T07:28:50.836509+00:00,2022-07-26,CONSERVATIVE_T1,dzjy,601985,True
2022-07-26,AGGREGATOR|research-node|akshare@1.18.97|stock_dzjy_mrmx,2022-07-26,,2026-09-26T07:28:50.836509+00:00,2022-07-27,CONSERVATIVE_T1,dzjy,601985,True
2022-07-26,AGGREGATOR|research-node|akshare@1.18.97|stock_dzjy_mrmx,2022-07-26,,2026-09-26T07:28:50.836509+00:00,2022-07-27,CONSERVATIVE_T1,dzjy,601985,True
2022-07-25,AGGREGATOR|research-node|akshare@1.18.97|stock_dzjy_mrmx,2022-07-25,,2026-09-26T07:28:50.836509+00:00,2022-07-26,CONSERVATIVE_T1,dzjy,601985,True
2022-07-25,AGGREGATOR|research-node|akshare@1.18.97|stock_dzjy_mrmx,2022-07-25,,2026-09-26T07:28:50.836509+00:00,2022-07-26,CONSERVATIVE_T1,dzjy,601985,True
2022-07-21,AGGREGATOR|research-node|akshare@1.18.97|stock_dzjy_mrmx,2022-07-21,,2026-09-26T07:28:50.836509+00:00,2022-07-22,CONSERVATIVE_T1,dzjy,688218,True
2022-08-03,AGGREGATOR|research-node|akshare@1.18.97|stock_dzjy_mrmx,2022-08-03,,2026-09-26T07:28:55.371433+00:00,2022-08-04,CONSERVATIVE_T1,dzjy,000783,True
2022-08-03,AGGREGATOR|research-node|akshare@1.18.97|stock_dzjy_mrmx,2022-08-03,,2026-09-26T07:28:55.371433+00:00,2022-08-04,CONSERVATIVE_T1,dzjy,000783,True
2022-08-03,AGGREGATOR|research-node|akshare@1.18.97|stock_dzjy_mrmx,2022-08-03,,2026-09-26T07:28:55.371433+00:00,2022-08-04,CONSERVATIVE_T1,dzjy,000783,True
2022-08-16,AGGREGATOR|research-node|akshare@1.18.97|stock_dzjy_mrmx,2022-08-16,,2026-09-26T07:28:55.371433+00:00,2022-08-17,CONSERVATIVE_T1,dzjy,300209,True
2022-08-17,AGGREGATOR|research-node|akshare@1.18.97|stock_dzjy_mrmx,2022-08-17,,2026-09-26T07:28:55.371433+00:00,2022-08-18,CONSERVATIVE_T1,dzjy,300209,True
2022-08-17,AGGREGATOR|research-node|akshare@1.18.97|stock_dzjy_mrmx,2022-08-17,,2026-09-26T07:28:55.371433+00:00,2022-08-18,CONSERVATIVE_T1,dzjy,300209,True
2022-08-16,AGGREGATOR|research-node|akshare@1.18.97|stock_dzjy_mrmx,2022-08-16,,2026-09-26T07:28:55.371433+00:00,2022-08-17,CONSERVATIVE_T1,dzjy,300209,True
2022-08-10,AGGREGATOR|research-node|akshare@1.18.97|stock_dzjy_mrmx,2022-08-10,,2026-09-26T07:28:55.371433+00:00,2022-08-11,CONSERVATIVE_T1,dzjy,300489,True
2022-08-24,AGGREGATOR|research-node|akshare@1.18.97|stock_dzjy_mrmx,2022-08-24,,2026-09-26T07:28:55.371433+00:00,2022-08-25,CONSERVATIVE_T1,dzjy,600567,True
2022-08-26,AGGREGATOR|research-node|akshare@1.18.97|stock_dzjy_mrmx,2022-08-26,,2026-09-26T07:28:55.371433+00:00,2022-08-29,CONSERVATIVE_T1,dzjy,600598,True
2022-08-17,AGGREGATOR|research-node|akshare@1.18.97|stock_dzjy_mrmx,2022-08-17,,2026-09-26T07:28:55.371433+00:00,2022-08-18,CONSERVATIVE_T1,dzjy,601988,True
2022-08-19,AGGREGATOR|research-node|akshare@1.18.97|stock_dzjy_mrmx,2022-08-19,,2026-09-26T07:28:55.371433+00:00,2022-08-22,CONSERVATIVE_T1,dzjy,601988,True
2022-08-29,AGGREGATOR|research-node|akshare@1.18.97|stock_dzjy_mrmx,2022-08-29,,2026-09-26T07:28:55.371433+00:00,2022-08-30,CONSERVATIVE_T1,dzjy,688116,True
2022-08-30,AGGREGATOR|research-node|akshare@1.18.97|stock_dzjy_mrmx,2022-08-30,,2026-09-26T07:28:55.371433+00:00,2022-08-31,CONSERVATIVE_T1,dzjy,688116,True
2022-08-18,AGGREGATOR|research-node|akshare@1.18.97|stock_dzjy_mrmx,2022-08-18,,2026-09-26T07:28:55.371433+00:00,2022-08-19,CONSERVATIVE_T1,dzjy,688218,True
2022-08-30,AGGREGATOR|research-node|akshare@1.18.97|stock_dzjy_mrmx,2022-08-30,,2026-09-26T07:28:55.371433+00:00,2022-08-31,CONSERVATIVE_T1,dzjy,688218,True
2022-09-01,AGGREGATOR|research-node|akshare@1.18.97|stock_dzjy_mrmx,2022-09-01,,2026-09-26T07:28:59.361848+00:00,2022-09-02,CONSERVATIVE_T1,dzjy,000685,True
2022-09-27,AGGREGATOR|research-node|akshare@1.18.97|stock_dzjy_mrmx,2022-09-27,,2026-09-26T07:28:59.361848+00:00,2022-09-28,CONSERVATIVE_T1,dzjy,000685,True
2022-09-27,AGGREGATOR|research-node|akshare@1.18.97|stock_dzjy_mrmx,2022-09-27,,2026-09-26T07:28:59.361848+00:00,2022-09-28,CONSERVATIVE_T1,dzjy,000685,True
2022-09-27,AGGREGATOR|research-node|akshare@1.18.97|stock_dzjy_mrmx,2022-09-27,,2026-09-26T07:28:59.361848+00:00,2022-09-28,CONSERVATIVE_T1,dzjy,000685,True
2022-09-27,AGGREGATOR|research-node|akshare@1.18.97|stock_dzjy_mrmx,2022-09-27,,2026-09-26T07:28:59.361848+00:00,2022-09-28,CONSERVATIVE_T1,dzjy,000685,True
2022-09-23,AGGREGATOR|research-node|akshare@1.18.97|stock_dzjy_mrmx,2022-09-23,,2026-09-26T07:28:59.361848+00:00,2022-09-26,CONSERVATIVE_T1,dzjy,000685,True
2022-09-23,AGGREGATOR|research-node|akshare@1.18.97|stock_dzjy_mrmx,2022-09-23,,2026-09-26T07:28:59.361848+00:00,2022-09-26,CONSERVATIVE_T1,dzjy,000685,True
2022-09-23,AGGREGATOR|research-node|akshare@1.18.97|stock_dzjy_mrmx,2022-09-23,,2026-09-26T07:28:59.361848+00:00,2022-09-26,CONSERVATIVE_T1,dzjy,000685,True
2022-09-23,AGGREGATOR|research-node|akshare@1.18.97|stock_dzjy_mrmx,2022-09-23,,2026-09-26T07:28:59.361848+00:00,2022-09-26,CONSERVATIVE_T1,dzjy,000685,True
2022-09-23,AGGREGATOR|research-node|akshare@1.18.97|stock_dzjy_mrmx,2022-09-23,,2026-09-26T07:28:59.361848+00:00,2022-09-26,CONSERVATIVE_T1,dzjy,000685,True
2022-09-05,AGGREGATOR|research-node|akshare@1.18.97|stock_dzjy_mrmx,2022-09-05,,2026-09-26T07:28:59.361848+00:00,2022-09-06,CONSERVATIVE_T1,dzjy,000685,True
2022-09-05,AGGREGATOR|research-node|akshare@1.18.97|stock_dzjy_mrmx,2022-09-05,,2026-09-26T07:28:59.361848+00:00,2022-09-06,CONSERVATIVE_T1,dzjy,000685,True
2022-09-05,AGGREGATOR|research-node|akshare@1.18.97|stock_dzjy_mrmx,2022-09-05,,2026-09-26T07:28:59.361848+00:00,2022-09-06,CONSERVATIVE_T1,dzjy,000685,True
2022-09-05,AGGREGATOR|research-node|akshare@1.18.97|stock_dzjy_mrmx,2022-09-05,,2026-09-26T07:28:59.361848+00:00,2022-09-06,CONSERVATIVE_T1,dzjy,000685,True
2022-09-05,AGGREGATOR|research-node|akshare@1.18.97|stock_dzjy_mrmx,2022-09-05,,2026-09-26T07:28:59.361848+00:00,2022-09-06,CONSERVATIVE_T1,dzjy,000685,True
2022-09-05,AGGREGATOR|research-node|akshare@1.18.97|stock_dzjy_mrmx,2022-09-05,,2026-09-26T07:28:59.361848+00:00,2022-09-06,CONSERVATIVE_T1,dzjy,000685,True
2022-09-05,AGGREGATOR|research-node|akshare@1.18.97|stock_dzjy_mrmx,2022-09-05,,2026-09-26T07:28:59.361848+00:00,2022-09-06,CONSERVATIVE_T1,dzjy,000685,True
2022-09-05,AGGREGATOR|research-node|akshare@1.18.97|stock_dzjy_mrmx,2022-09-05,,2026-09-26T07:28:59.361848+00:00,2022-09-06,CONSERVATIVE_T1,dzjy,000685,True
2022-09-05,AGGREGATOR|research-node|akshare@1.18.97|stock_dzjy_mrmx,2022-09-05,,2026-09-26T07:28:59.361848+00:00,2022-09-06,CONSERVATIVE_T1,dzjy,000685,True
2022-09-05,AGGREGATOR|research-node|akshare@1.18.97|stock_dzjy_mrmx,2022-09-05,,2026-09-26T07:28:59.361848+00:00,2022-09-06,CONSERVATIVE_T1,dzjy,000685,True
2022-09-05,AGGREGATOR|research-node|akshare@1.18.97|stock_dzjy_mrmx,2022-09-05,,2026-09-26T07:28:59.361848+00:00,2022-09-06,CONSERVATIVE_T1,dzjy,000685,True
2022-09-05,AGGREGATOR|research-node|akshare@1.18.97|stock_dzjy_mrmx,2022-09-05,,2026-09-26T07:28:59.361848+00:00,2022-09-06,CONSERVATIVE_T1,dzjy,000685,True
2022-09-05,AGGREGATOR|research-node|akshare@1.18.97|stock_dzjy_mrmx,2022-09-05,,2026-09-26T07:28:59.361848+00:00,2022-09-06,CONSERVATIVE_T1,dzjy,000685,True
2022-09-02,AGGREGATOR|research-node|akshare@1.18.97|stock_dzjy_mrmx,2022-09-02,,2026-09-26T07:28:59.361848+00:00,2022-09-05,CONSERVATIVE_T1,dzjy,000685,True
2022-09-02,AGGREGATOR|research-node|akshare@1.18.97|stock_dzjy_mrmx,2022-09-02,,2026-09-26T07:28:59.361848+00:00,2022-09-05,CONSERVATIVE_T1,dzjy,000685,True
2022-09-20,AGGREGATOR|research-node|akshare@1.18.97|stock_dzjy_mrmx,2022-09-20,,2026-09-26T07:28:59.361848+00:00,2022-09-21,CONSERVATIVE_T1,dzjy,002736,True
2022-09-26,AGGREGATOR|research-node|akshare@1.18.97|stock_dzjy_mrmx,2022-09-26,,2026-09-26T07:28:59.361848+00:00,2022-09-27,CONSERVATIVE_T1,dzjy,300199,True
2022-09-19,AGGREGATOR|research-node|akshare@1.18.97|stock_dzjy_mrmx,2022-09-19,,2026-09-26T07:28:59.361848+00:00,2022-09-20,CONSERVATIVE_T1,dzjy,300489,True
2022-09-27,AGGREGATOR|research-node|akshare@1.18.97|stock_dzjy_mrmx,2022-09-27,,2026-09-26T07:28:59.361848+00:00,2022-09-28,CONSERVATIVE_T1,dzjy,601328,True
2022-09-27,AGGREGATOR|research-node|akshare@1.18.97|stock_dzjy_mrmx,2022-09-27,,2026-09-26T07:28:59.361848+00:00,2022-09-28,CONSERVATIVE_T1,dzjy,601328,True
2022-09-27,AGGREGATOR|research-node|akshare@1.18.97|stock_dzjy_mrmx,2022-09-27,,2026-09-26T07:28:59.361848+00:00,2022-09-28,CONSERVATIVE_T1,dzjy,601328,True
2022-09-05,AGGREGATOR|research-node|akshare@1.18.97|stock_dzjy_mrmx,2022-09-05,,2026-09-26T07:28:59.361848+00:00,2022-09-06,CONSERVATIVE_T1,dzjy,601985,True
2022-09-07,AGGREGATOR|research-node|akshare@1.18.97|stock_dzjy_mrmx,2022-09-07,,2026-09-26T07:28:59.361848+00:00,2022-09-08,CONSERVATIVE_T1,dzjy,688116,True
2022-09-27,AGGREGATOR|research-node|akshare@1.18.97|stock_dzjy_mrmx,2022-09-27,,2026-09-26T07:28:59.361848+00:00,2022-09-28,CONSERVATIVE_T1,dzjy,688116,True
2022-09-26,AGGREGATOR|research-node|akshare@1.18.97|stock_dzjy_mrmx,2022-09-26,,2026-09-26T07:28:59.361848+00:00,2022-09-27,CONSERVATIVE_T1,dzjy,688116,True
2022-09-13,AGGREGATOR|research-node|akshare@1.18.97|stock_dzjy_mrmx,2022-09-13,,2026-09-26T07:28:59.361848+00:00,2022-09-14,CONSERVATIVE_T1,dzjy,688116,True
2022-09-13,AGGREGATOR|research-node|akshare@1.18.97|stock_dzjy_mrmx,2022-09-13,,2026-09-26T07:28:59.361848+00:00,2022-09-14,CONSERVATIVE_T1,dzjy,688116,True
2022-09-13,AGGREGATOR|research-node|akshare@1.18.97|stock_dzjy_mrmx,2022-09-13,,2026-09-26T07:28:59.361848+00:00,2022-09-14,CONSERVATIVE_T1,dzjy,688116,True
2022-09-08,AGGREGATOR|research-node|akshare@1.18.97|stock_dzjy_mrmx,2022-09-08,,2026-09-26T07:28:59.361848+00:00,2022-09-09,CONSERVATIVE_T1,dzjy,688116,True
2022-09-08,AGGREGATOR|research-node|akshare@1.18.97|stock_dzjy_mrmx,2022-09-08,,2026-09-26T07:28:59.361848+00:00,2022-09-09,CONSERVATIVE_T1,dzjy,688116,True
2022-09-02,AGGREGATOR|research-node|akshare@1.18.97|stock_dzjy_mrmx,2022-09-02,,2026-09-26T07:28:59.361848+00:00,2022-09-05,CONSERVATIVE_T1,dzjy,688218,True
2022-09-29,AGGREGATOR|research-node|akshare@1.18.97|stock_dzjy_mrmx,2022-09-29,,2026-09-26T07:28:59.361848+00:00,2022-09-30,CONSERVATIVE_T1,dzjy,688218,True
2022-09-29,AGGREGATOR|research-node|akshare@1.18.97|stock_dzjy_mrmx,2022-09-29,,2026-09-26T07:28:59.361848+00:00,2022-09-30,CONSERVATIVE_T1,dzjy,688218,True
2022-09-21,AGGREGATOR|research-node|akshare@1.18.97|stock_dzjy_mrmx,2022-09-21,,2026-09-26T07:28:59.361848+00:00,2022-09-22,CONSERVATIVE_T1,dzjy,688218,True
2022-10-10,AGGREGATOR|research-node|akshare@1.18.97|stock_dzjy_mrmx,2022-10-10,,2026-09-26T07:29:12.605813+00:00,2022-10-11,CONSERVATIVE_T1,dzjy,300199,True
2022-10-13,AGGREGATOR|research-node|akshare@1.18.97|stock_dzjy_mrmx,2022-10-13,,2026-09-26T07:29:12.605813+00:00,2022-10-14,CONSERVATIVE_T1,dzjy,300199,True
2022-10-12,AGGREGATOR|research-node|akshare@1.18.97|stock_dzjy_mrmx,2022-10-12,,2026-09-26T07:29:12.605813+00:00,2022-10-13,CONSERVATIVE_T1,dzjy,300199,True
2022-10-10,AGGREGATOR|research-node|akshare@1.18.97|stock_dzjy_mrmx,2022-10-10,,2026-09-26T07:29:12.605813+00:00,2022-10-11,CONSERVATIVE_T1,dzjy,601328,True
2022-10-28,AGGREGATOR|research-node|akshare@1.18.97|stock_dzjy_mrmx,2022-10-28,,2026-09-26T07:29:12.605813+00:00,2022-10-31,CONSERVATIVE_T1,dzjy,601963,True
2022-10-28,AGGREGATOR|research-node|akshare@1.18.97|stock_dzjy_mrmx,2022-10-28,,2026-09-26T07:29:12.605813+00:00,2022-10-31,CONSERVATIVE_T1,dzjy,601963,True
2022-11-01,AGGREGATOR|research-node|akshare@1.18.97|stock_dzjy_mrmx,2022-11-01,,2026-09-26T07:29:19.735013+00:00,2022-11-02,CONSERVATIVE_T1,dzjy,300489,True
2022-11-14,AGGREGATOR|research-node|akshare@1.18.97|stock_dzjy_mrmx,2022-11-14,,2026-09-26T07:29:19.735013+00:00,2022-11-15,CONSERVATIVE_T1,dzjy,600567,True
2022-11-29,AGGREGATOR|research-node|akshare@1.18.97|stock_dzjy_mrmx,2022-11-29,,2026-09-26T07:29:19.735013+00:00,2022-11-30,CONSERVATIVE_T1,dzjy,601988,True
2022-11-29,AGGREGATOR|research-node|akshare@1.18.97|stock_dzjy_mrmx,2022-11-29,,2026-09-26T07:29:19.735013+00:00,2022-11-30,CONSERVATIVE_T1,dzjy,601988,True
2022-12-27,AGGREGATOR|research-node|akshare@1.18.97|stock_dzjy_mrmx,2022-12-27,,2026-09-26T07:29:27.063249+00:00,2022-12-28,CONSERVATIVE_T1,dzjy,002354,True
2022-12-26,AGGREGATOR|research-node|akshare@1.18.97|stock_dzjy_mrmx,2022-12-26,,2026-09-26T07:29:27.063249+00:00,2022-12-27,CONSERVATIVE_T1,dzjy,002354,True
2022-12-26,AGGREGATOR|research-node|akshare@1.18.97|stock_dzjy_mrmx,2022-12-26,,2026-09-26T07:29:27.063249+00:00,2022-12-27,CONSERVATIVE_T1,dzjy,002354,True
2022-12-23,AGGREGATOR|research-node|akshare@1.18.97|stock_dzjy_mrmx,2022-12-23,,2026-09-26T07:29:27.063249+00:00,2022-12-26,CONSERVATIVE_T1,dzjy,002354,True
2022-12-14,AGGREGATOR|research-node|akshare@1.18.97|stock_dzjy_mrmx,2022-12-14,,2026-09-26T07:29:27.063249+00:00,2022-12-15,CONSERVATIVE_T1,dzjy,002354,True
2022-12-01,AGGREGATOR|research-node|akshare@1.18.97|stock_dzjy_mrmx,2022-12-01,,2026-09-26T07:29:27.063249+00:00,2022-12-02,CONSERVATIVE_T1,dzjy,601328,True
2022-12-28,AGGREGATOR|research-node|akshare@1.18.97|stock_dzjy_mrmx,2022-12-28,,2026-09-26T07:29:27.063249+00:00,2022-12-29,CONSERVATIVE_T1,dzjy,601328,True
2022-12-13,AGGREGATOR|research-node|akshare@1.18.97|stock_dzjy_mrmx,2022-12-13,,2026-09-26T07:29:27.063249+00:00,2022-12-14,CONSERVATIVE_T1,dzjy,601328,True
2022-12-13,AGGREGATOR|research-node|akshare@1.18.97|stock_dzjy_mrmx,2022-12-13,,2026-09-26T07:29:27.063249+00:00,2022-12-14,CONSERVATIVE_T1,dzjy,601328,True
2022-12-09,AGGREGATOR|research-node|akshare@1.18.97|stock_dzjy_mrmx,2022-12-09,,2026-09-26T07:29:27.063249+00:00,2022-12-12,CONSERVATIVE_T1,dzjy,601988,True
2022-12-30,AGGREGATOR|research-node|akshare@1.18.97|stock_dzjy_mrmx,2022-12-30,,2026-09-26T07:29:27.063249+00:00,2023-01-03,CONSERVATIVE_T1,dzjy,601988,True
2022-12-23,AGGREGATOR|research-node|akshare@1.18.97|stock_dzjy_mrmx,2022-12-23,,2026-09-26T07:29:27.063249+00:00,2022-12-26,CONSERVATIVE_T1,dzjy,688218,True
