observation_date,source,source_record_date,publication_date,retrieved_at,available_date,availability_basis,endpoint,stock_code,in_case_window
2021-07-01,AGGREGATOR|research-node|akshare@1.18.97|stock_margin_detail_sse,2021-07-01,,2026-09-26T06:41:33.617372+00:00,2021-07-02,CONSERVATIVE_T1,margin_sse,600269,True
2021-07-01,AGGREGATOR|research-node|akshare@1.18.97|stock_margin_detail_sse,2021-07-01,,2026-09-26T06:41:33.617372+00:00,2021-07-02,CONSERVATIVE_T1,margin_sse,600377,True
2021-07-01,AGGREGATOR|research-node|akshare@1.18.97|stock_margin_detail_sse,2021-07-01,,2026-09-26T06:41:33.617372+00:00,2021-07-02,CONSERVATIVE_T1,margin_sse,601298,True
2021-07-01,AGGREGATOR|research-node|akshare@1.18.97|stock_margin_detail_sse,2021-07-01,,2026-09-26T06:41:33.617372+00:00,2021-07-02,CONSERVATIVE_T1,margin_sse,601328,True
2021-07-01,AGGREGATOR|research-node|akshare@1.18.97|stock_margin_detail_sse,2021-07-01,,2026-09-26T06:41:33.617372+00:00,2021-07-02,CONSERVATIVE_T1,margin_sse,601988,True
2021-07-01,AGGREGATOR|research-node|akshare@1.18.97|stock_margin_detail_sse,2021-07-01,,2026-09-26T06:41:33.617372+00:00,2021-07-02,CONSERVATIVE_T1,margin_sse,601992,True
2021-07-01,AGGREGATOR|research-node|akshare@1.18.97|stock_margin_detail_sse,2021-07-01,,2026-09-26T06:41:33.617372+00:00,2021-07-02,CONSERVATIVE_T1,margin_sse,688116,True
2021-07-02,AGGREGATOR|research-node|akshare@1.18.97|stock_margin_detail_sse,2021-07-02,,2026-09-26T06:41:37.535487+00:00,2021-07-05,CONSERVATIVE_T1,margin_sse,600269,True
2021-07-02,AGGREGATOR|research-node|akshare@1.18.97|stock_margin_detail_sse,2021-07-02,,2026-09-26T06:41:37.535487+00:00,2021-07-05,CONSERVATIVE_T1,margin_sse,600377,True
2021-07-02,AGGREGATOR|research-node|akshare@1.18.97|stock_margin_detail_sse,2021-07-02,,2026-09-26T06:41:37.535487+00:00,2021-07-05,CONSERVATIVE_T1,margin_sse,601298,True
2021-07-02,AGGREGATOR|research-node|akshare@1.18.97|stock_margin_detail_sse,2021-07-02,,2026-09-26T06:41:37.535487+00:00,2021-07-05,CONSERVATIVE_T1,margin_sse,601328,True
2021-07-02,AGGREGATOR|research-node|akshare@1.18.97|stock_margin_detail_sse,2021-07-02,,2026-09-26T06:41:37.535487+00:00,2021-07-05,CONSERVATIVE_T1,margin_sse,601988,True
2021-07-02,AGGREGATOR|research-node|akshare@1.18.97|stock_margin_detail_sse,2021-07-02,,2026-09-26T06:41:37.535487+00:00,2021-07-05,CONSERVATIVE_T1,margin_sse,601992,True
2021-07-02,AGGREGATOR|research-node|akshare@1.18.97|stock_margin_detail_sse,2021-07-02,,2026-09-26T06:41:37.535487+00:00,2021-07-05,CONSERVATIVE_T1,margin_sse,688116,True
2021-07-05,AGGREGATOR|research-node|akshare@1.18.97|stock_margin_detail_sse,2021-07-05,,2026-09-26T06:41:41.495414+00:00,2021-07-06,CONSERVATIVE_T1,margin_sse,600269,True
2021-07-05,AGGREGATOR|research-node|akshare@1.18.97|stock_margin_detail_sse,2021-07-05,,2026-09-26T06:41:41.495414+00:00,2021-07-06,CONSERVATIVE_T1,margin_sse,600377,True
2021-07-05,AGGREGATOR|research-node|akshare@1.18.97|stock_margin_detail_sse,2021-07-05,,2026-09-26T06:41:41.495414+00:00,2021-07-06,CONSERVATIVE_T1,margin_sse,601298,True
2021-07-05,AGGREGATOR|research-node|akshare@1.18.97|stock_margin_detail_sse,2021-07-05,,2026-09-26T06:41:41.495414+00:00,2021-07-06,CONSERVATIVE_T1,margin_sse,601328,True
2021-07-05,AGGREGATOR|research-node|akshare@1.18.97|stock_margin_detail_sse,2021-07-05,,2026-09-26T06:41:41.495414+00:00,2021-07-06,CONSERVATIVE_T1,margin_sse,601988,True
2021-07-05,AGGREGATOR|research-node|akshare@1.18.97|stock_margin_detail_sse,2021-07-05,,2026-09-26T06:41:41.495414+00:00,2021-07-06,CONSERVATIVE_T1,margin_sse,601992,True
2021-07-05,AGGREGATOR|research-node|akshare@1.18.97|stock_margin_detail_sse,2021-07-05,,2026-09-26T06:41:41.495414+00:00,2021-07-06,CONSERVATIVE_T1,margin_sse,688116,True
2021-07-06,AGGREGATOR|research-node|akshare@1.18.97|stock_margin_detail_sse,2021-07-06,,2026-09-26T06:41:45.419111+00:00,2021-07-07,CONSERVATIVE_T1,margin_sse,600269,True
2021-07-06,AGGREGATOR|research-node|akshare@1.18.97|stock_margin_detail_sse,2021-07-06,,2026-09-26T06:41:45.419111+00:00,2021-07-07,CONSERVATIVE_T1,margin_sse,600377,True
2021-07-06,AGGREGATOR|research-node|akshare@1.18.97|stock_margin_detail_sse,2021-07-06,,2026-09-26T06:41:45.419111+00:00,2021-07-07,CONSERVATIVE_T1,margin_sse,601298,True
2021-07-06,AGGREGATOR|research-node|akshare@1.18.97|stock_margin_detail_sse,2021-07-06,,2026-09-26T06:41:45.419111+00:00,2021-07-07,CONSERVATIVE_T1,margin_sse,601328,True
2021-07-06,AGGREGATOR|research-node|akshare@1.18.97|stock_margin_detail_sse,2021-07-06,,2026-09-26T06:41:45.419111+00:00,2021-07-07,CONSERVATIVE_T1,margin_sse,601988,True
2021-07-06,AGGREGATOR|research-node|akshare@1.18.97|stock_margin_detail_sse,2021-07-06,,2026-09-26T06:41:45.419111+00:00,2021-07-07,CONSERVATIVE_T1,margin_sse,601992,True
2021-07-06,AGGREGATOR|research-node|akshare@1.18.97|stock_margin_detail_sse,2021-07-06,,2026-09-26T06:41:45.419111+00:00,2021-07-07,CONSERVATIVE_T1,margin_sse,688116,True
2021-07-07,AGGREGATOR|research-node|akshare@1.18.97|stock_margin_detail_sse,2021-07-07,,2026-09-26T06:41:49.317122+00:00,2021-07-08,CONSERVATIVE_T1,margin_sse,600269,True
2021-07-07,AGGREGATOR|research-node|akshare@1.18.97|stock_margin_detail_sse,2021-07-07,,2026-09-26T06:41:49.317122+00:00,2021-07-08,CONSERVATIVE_T1,margin_sse,600377,True
2021-07-07,AGGREGATOR|research-node|akshare@1.18.97|stock_margin_detail_sse,2021-07-07,,2026-09-26T06:41:49.317122+00:00,2021-07-08,CONSERVATIVE_T1,margin_sse,601298,True
2021-07-07,AGGREGATOR|research-node|akshare@1.18.97|stock_margin_detail_sse,2021-07-07,,2026-09-26T06:41:49.317122+00:00,2021-07-08,CONSERVATIVE_T1,margin_sse,601328,True
2021-07-07,AGGREGATOR|research-node|akshare@1.18.97|stock_margin_detail_sse,2021-07-07,,2026-09-26T06:41:49.317122+00:00,2021-07-08,CONSERVATIVE_T1,margin_sse,601988,True
2021-07-07,AGGREGATOR|research-node|akshare@1.18.97|stock_margin_detail_sse,2021-07-07,,2026-09-26T06:41:49.317122+00:00,2021-07-08,CONSERVATIVE_T1,margin_sse,601992,True
2021-07-07,AGGREGATOR|research-node|akshare@1.18.97|stock_margin_detail_sse,2021-07-07,,2026-09-26T06:41:49.317122+00:00,2021-07-08,CONSERVATIVE_T1,margin_sse,688116,True
2021-07-08,AGGREGATOR|research-node|akshare@1.18.97|stock_margin_detail_sse,2021-07-08,,2026-09-26T06:41:53.252345+00:00,2021-07-09,CONSERVATIVE_T1,margin_sse,600269,True
2021-07-08,AGGREGATOR|research-node|akshare@1.18.97|stock_margin_detail_sse,2021-07-08,,2026-09-26T06:41:53.252345+00:00,2021-07-09,CONSERVATIVE_T1,margin_sse,600377,True
2021-07-08,AGGREGATOR|research-node|akshare@1.18.97|stock_margin_detail_sse,2021-07-08,,2026-09-26T06:41:53.252345+00:00,2021-07-09,CONSERVATIVE_T1,margin_sse,601298,True
2021-07-08,AGGREGATOR|research-node|akshare@1.18.97|stock_margin_detail_sse,2021-07-08,,2026-09-26T06:41:53.252345+00:00,2021-07-09,CONSERVATIVE_T1,margin_sse,601328,True
2021-07-08,AGGREGATOR|research-node|akshare@1.18.97|stock_margin_detail_sse,2021-07-08,,2026-09-26T06:41:53.252345+00:00,2021-07-09,CONSERVATIVE_T1,margin_sse,601988,True
2021-07-08,AGGREGATOR|research-node|akshare@1.18.97|stock_margin_detail_sse,2021-07-08,,2026-09-26T06:41:53.252345+00:00,2021-07-09,CONSERVATIVE_T1,margin_sse,601992,True
2021-07-08,AGGREGATOR|research-node|akshare@1.18.97|stock_margin_detail_sse,2021-07-08,,2026-09-26T06:41:53.252345+00:00,2021-07-09,CONSERVATIVE_T1,margin_sse,688116,True
2021-07-09,AGGREGATOR|research-node|akshare@1.18.97|stock_margin_detail_sse,2021-07-09,,2026-09-26T06:41:57.156088+00:00,2021-07-12,CONSERVATIVE_T1,margin_sse,600269,True
2021-07-09,AGGREGATOR|research-node|akshare@1.18.97|stock_margin_detail_sse,2021-07-09,,2026-09-26T06:41:57.156088+00:00,2021-07-12,CONSERVATIVE_T1,margin_sse,600377,True
2021-07-09,AGGREGATOR|research-node|akshare@1.18.97|stock_margin_detail_sse,2021-07-09,,2026-09-26T06:41:57.156088+00:00,2021-07-12,CONSERVATIVE_T1,margin_sse,601298,True
2021-07-09,AGGREGATOR|research-node|akshare@1.18.97|stock_margin_detail_sse,2021-07-09,,2026-09-26T06:41:57.156088+00:00,2021-07-12,CONSERVATIVE_T1,margin_sse,601328,True
2021-07-09,AGGREGATOR|research-node|akshare@1.18.97|stock_margin_detail_sse,2021-07-09,,2026-09-26T06:41:57.156088+00:00,2021-07-12,CONSERVATIVE_T1,margin_sse,601988,True
2021-07-09,AGGREGATOR|research-node|akshare@1.18.97|stock_margin_detail_sse,2021-07-09,,2026-09-26T06:41:57.156088+00:00,2021-07-12,CONSERVATIVE_T1,margin_sse,601992,True
2021-07-09,AGGREGATOR|research-node|akshare@1.18.97|stock_margin_detail_sse,2021-07-09,,2026-09-26T06:41:57.156088+00:00,2021-07-12,CONSERVATIVE_T1,margin_sse,688116,True
2021-07-12,AGGREGATOR|research-node|akshare@1.18.97|stock_margin_detail_sse,2021-07-12,,2026-09-26T06:42:01.193937+00:00,2021-07-13,CONSERVATIVE_T1,margin_sse,600022,True
2021-07-12,AGGREGATOR|research-node|akshare@1.18.97|stock_margin_detail_sse,2021-07-12,,2026-09-26T06:42:01.193937+00:00,2021-07-13,CONSERVATIVE_T1,margin_sse,600269,True
2021-07-12,AGGREGATOR|research-node|akshare@1.18.97|stock_margin_detail_sse,2021-07-12,,2026-09-26T06:42:01.193937+00:00,2021-07-13,CONSERVATIVE_T1,margin_sse,600377,True
2021-07-12,AGGREGATOR|research-node|akshare@1.18.97|stock_margin_detail_sse,2021-07-12,,2026-09-26T06:42:01.193937+00:00,2021-07-13,CONSERVATIVE_T1,margin_sse,601298,True
2021-07-12,AGGREGATOR|research-node|akshare@1.18.97|stock_margin_detail_sse,2021-07-12,,2026-09-26T06:42:01.193937+00:00,2021-07-13,CONSERVATIVE_T1,margin_sse,601328,True
2021-07-12,AGGREGATOR|research-node|akshare@1.18.97|stock_margin_detail_sse,2021-07-12,,2026-09-26T06:42:01.193937+00:00,2021-07-13,CONSERVATIVE_T1,margin_sse,601988,True
2021-07-12,AGGREGATOR|research-node|akshare@1.18.97|stock_margin_detail_sse,2021-07-12,,2026-09-26T06:42:01.193937+00:00,2021-07-13,CONSERVATIVE_T1,margin_sse,601992,True
2021-07-12,AGGREGATOR|research-node|akshare@1.18.97|stock_margin_detail_sse,2021-07-12,,2026-09-26T06:42:01.193937+00:00,2021-07-13,CONSERVATIVE_T1,margin_sse,688116,True
2021-07-13,AGGREGATOR|research-node|akshare@1.18.97|stock_margin_detail_sse,2021-07-13,,2026-09-26T06:42:05.091941+00:00,2021-07-14,CONSERVATIVE_T1,margin_sse,600022,True
2021-07-13,AGGREGATOR|research-node|akshare@1.18.97|stock_margin_detail_sse,2021-07-13,,2026-09-26T06:42:05.091941+00:00,2021-07-14,CONSERVATIVE_T1,margin_sse,600269,True
2021-07-13,AGGREGATOR|research-node|akshare@1.18.97|stock_margin_detail_sse,2021-07-13,,2026-09-26T06:42:05.091941+00:00,2021-07-14,CONSERVATIVE_T1,margin_sse,600377,True
2021-07-13,AGGREGATOR|research-node|akshare@1.18.97|stock_margin_detail_sse,2021-07-13,,2026-09-26T06:42:05.091941+00:00,2021-07-14,CONSERVATIVE_T1,margin_sse,601298,True
2021-07-13,AGGREGATOR|research-node|akshare@1.18.97|stock_margin_detail_sse,2021-07-13,,2026-09-26T06:42:05.091941+00:00,2021-07-14,CONSERVATIVE_T1,margin_sse,601328,True
2021-07-13,AGGREGATOR|research-node|akshare@1.18.97|stock_margin_detail_sse,2021-07-13,,2026-09-26T06:42:05.091941+00:00,2021-07-14,CONSERVATIVE_T1,margin_sse,601988,True
2021-07-13,AGGREGATOR|research-node|akshare@1.18.97|stock_margin_detail_sse,2021-07-13,,2026-09-26T06:42:05.091941+00:00,2021-07-14,CONSERVATIVE_T1,margin_sse,601992,True
2021-07-13,AGGREGATOR|research-node|akshare@1.18.97|stock_margin_detail_sse,2021-07-13,,2026-09-26T06:42:05.091941+00:00,2021-07-14,CONSERVATIVE_T1,margin_sse,688116,True
2021-07-14,AGGREGATOR|research-node|akshare@1.18.97|stock_margin_detail_sse,2021-07-14,,2026-09-26T06:42:09.026187+00:00,2021-07-15,CONSERVATIVE_T1,margin_sse,600022,True
2021-07-14,AGGREGATOR|research-node|akshare@1.18.97|stock_margin_detail_sse,2021-07-14,,2026-09-26T06:42:09.026187+00:00,2021-07-15,CONSERVATIVE_T1,margin_sse,600269,True
2021-07-14,AGGREGATOR|research-node|akshare@1.18.97|stock_margin_detail_sse,2021-07-14,,2026-09-26T06:42:09.026187+00:00,2021-07-15,CONSERVATIVE_T1,margin_sse,600377,True
2021-07-14,AGGREGATOR|research-node|akshare@1.18.97|stock_margin_detail_sse,2021-07-14,,2026-09-26T06:42:09.026187+00:00,2021-07-15,CONSERVATIVE_T1,margin_sse,601298,True
2021-07-14,AGGREGATOR|research-node|akshare@1.18.97|stock_margin_detail_sse,2021-07-14,,2026-09-26T06:42:09.026187+00:00,2021-07-15,CONSERVATIVE_T1,margin_sse,601328,True
2021-07-14,AGGREGATOR|research-node|akshare@1.18.97|stock_margin_detail_sse,2021-07-14,,2026-09-26T06:42:09.026187+00:00,2021-07-15,CONSERVATIVE_T1,margin_sse,601988,True
2021-07-14,AGGREGATOR|research-node|akshare@1.18.97|stock_margin_detail_sse,2021-07-14,,2026-09-26T06:42:09.026187+00:00,2021-07-15,CONSERVATIVE_T1,margin_sse,601992,True
2021-07-14,AGGREGATOR|research-node|akshare@1.18.97|stock_margin_detail_sse,2021-07-14,,2026-09-26T06:42:09.026187+00:00,2021-07-15,CONSERVATIVE_T1,margin_sse,688116,True
2021-07-15,AGGREGATOR|research-node|akshare@1.18.97|stock_margin_detail_sse,2021-07-15,,2026-09-26T06:42:12.950712+00:00,2021-07-16,CONSERVATIVE_T1,margin_sse,600022,True
2021-07-15,AGGREGATOR|research-node|akshare@1.18.97|stock_margin_detail_sse,2021-07-15,,2026-09-26T06:42:12.950712+00:00,2021-07-16,CONSERVATIVE_T1,margin_sse,600269,True
2021-07-15,AGGREGATOR|research-node|akshare@1.18.97|stock_margin_detail_sse,2021-07-15,,2026-09-26T06:42:12.950712+00:00,2021-07-16,CONSERVATIVE_T1,margin_sse,600377,True
2021-07-15,AGGREGATOR|research-node|akshare@1.18.97|stock_margin_detail_sse,2021-07-15,,2026-09-26T06:42:12.950712+00:00,2021-07-16,CONSERVATIVE_T1,margin_sse,601298,True
2021-07-15,AGGREGATOR|research-node|akshare@1.18.97|stock_margin_detail_sse,2021-07-15,,2026-09-26T06:42:12.950712+00:00,2021-07-16,CONSERVATIVE_T1,margin_sse,601328,True
2021-07-15,AGGREGATOR|research-node|akshare@1.18.97|stock_margin_detail_sse,2021-07-15,,2026-09-26T06:42:12.950712+00:00,2021-07-16,CONSERVATIVE_T1,margin_sse,601988,True
2021-07-15,AGGREGATOR|research-node|akshare@1.18.97|stock_margin_detail_sse,2021-07-15,,2026-09-26T06:42:12.950712+00:00,2021-07-16,CONSERVATIVE_T1,margin_sse,601992,True
2021-07-15,AGGREGATOR|research-node|akshare@1.18.97|stock_margin_detail_sse,2021-07-15,,2026-09-26T06:42:12.950712+00:00,2021-07-16,CONSERVATIVE_T1,margin_sse,688116,True
2021-07-16,AGGREGATOR|research-node|akshare@1.18.97|stock_margin_detail_sse,2021-07-16,,2026-09-26T06:42:16.902508+00:00,2021-07-19,CONSERVATIVE_T1,margin_sse,600022,True
2021-07-16,AGGREGATOR|research-node|akshare@1.18.97|stock_margin_detail_sse,2021-07-16,,2026-09-26T06:42:16.902508+00:00,2021-07-19,CONSERVATIVE_T1,margin_sse,600269,True
2021-07-16,AGGREGATOR|research-node|akshare@1.18.97|stock_margin_detail_sse,2021-07-16,,2026-09-26T06:42:16.902508+00:00,2021-07-19,CONSERVATIVE_T1,margin_sse,600377,True
2021-07-16,AGGREGATOR|research-node|akshare@1.18.97|stock_margin_detail_sse,2021-07-16,,2026-09-26T06:42:16.902508+00:00,2021-07-19,CONSERVATIVE_T1,margin_sse,601298,True
2021-07-16,AGGREGATOR|research-node|akshare@1.18.97|stock_margin_detail_sse,2021-07-16,,2026-09-26T06:42:16.902508+00:00,2021-07-19,CONSERVATIVE_T1,margin_sse,601328,True
2021-07-16,AGGREGATOR|research-node|akshare@1.18.97|stock_margin_detail_sse,2021-07-16,,2026-09-26T06:42:16.902508+00:00,2021-07-19,CONSERVATIVE_T1,margin_sse,601988,True
2021-07-16,AGGREGATOR|research-node|akshare@1.18.97|stock_margin_detail_sse,2021-07-16,,2026-09-26T06:42:16.902508+00:00,2021-07-19,CONSERVATIVE_T1,margin_sse,601992,True
2021-07-16,AGGREGATOR|research-node|akshare@1.18.97|stock_margin_detail_sse,2021-07-16,,2026-09-26T06:42:16.902508+00:00,2021-07-19,CONSERVATIVE_T1,margin_sse,688116,True
2021-07-19,AGGREGATOR|research-node|akshare@1.18.97|stock_margin_detail_sse,2021-07-19,,2026-09-26T06:42:20.874612+00:00,2021-07-20,CONSERVATIVE_T1,margin_sse,600022,True
2021-07-19,AGGREGATOR|research-node|akshare@1.18.97|stock_margin_detail_sse,2021-07-19,,2026-09-26T06:42:20.874612+00:00,2021-07-20,CONSERVATIVE_T1,margin_sse,600269,True
2021-07-19,AGGREGATOR|research-node|akshare@1.18.97|stock_margin_detail_sse,2021-07-19,,2026-09-26T06:42:20.874612+00:00,2021-07-20,CONSERVATIVE_T1,margin_sse,600377,True
2021-07-19,AGGREGATOR|research-node|akshare@1.18.97|stock_margin_detail_sse,2021-07-19,,2026-09-26T06:42:20.874612+00:00,2021-07-20,CONSERVATIVE_T1,margin_sse,601298,True
2021-07-19,AGGREGATOR|research-node|akshare@1.18.97|stock_margin_detail_sse,2021-07-19,,2026-09-26T06:42:20.874612+00:00,2021-07-20,CONSERVATIVE_T1,margin_sse,601328,True
2021-07-19,AGGREGATOR|research-node|akshare@1.18.97|stock_margin_detail_sse,2021-07-19,,2026-09-26T06:42:20.874612+00:00,2021-07-20,CONSERVATIVE_T1,margin_sse,601988,True
2021-07-19,AGGREGATOR|research-node|akshare@1.18.97|stock_margin_detail_sse,2021-07-19,,2026-09-26T06:42:20.874612+00:00,2021-07-20,CONSERVATIVE_T1,margin_sse,601992,True
2021-07-19,AGGREGATOR|research-node|akshare@1.18.97|stock_margin_detail_sse,2021-07-19,,2026-09-26T06:42:20.874612+00:00,2021-07-20,CONSERVATIVE_T1,margin_sse,688116,True
2021-07-20,AGGREGATOR|research-node|akshare@1.18.97|stock_margin_detail_sse,2021-07-20,,2026-09-26T06:42:24.772657+00:00,2021-07-21,CONSERVATIVE_T1,margin_sse,600022,True
2021-07-20,AGGREGATOR|research-node|akshare@1.18.97|stock_margin_detail_sse,2021-07-20,,2026-09-26T06:42:24.772657+00:00,2021-07-21,CONSERVATIVE_T1,margin_sse,600269,True
2021-07-20,AGGREGATOR|research-node|akshare@1.18.97|stock_margin_detail_sse,2021-07-20,,2026-09-26T06:42:24.772657+00:00,2021-07-21,CONSERVATIVE_T1,margin_sse,600377,True
2021-07-20,AGGREGATOR|research-node|akshare@1.18.97|stock_margin_detail_sse,2021-07-20,,2026-09-26T06:42:24.772657+00:00,2021-07-21,CONSERVATIVE_T1,margin_sse,601298,True
2021-07-20,AGGREGATOR|research-node|akshare@1.18.97|stock_margin_detail_sse,2021-07-20,,2026-09-26T06:42:24.772657+00:00,2021-07-21,CONSERVATIVE_T1,margin_sse,601328,True
2021-07-20,AGGREGATOR|research-node|akshare@1.18.97|stock_margin_detail_sse,2021-07-20,,2026-09-26T06:42:24.772657+00:00,2021-07-21,CONSERVATIVE_T1,margin_sse,601988,True
2021-07-20,AGGREGATOR|research-node|akshare@1.18.97|stock_margin_detail_sse,2021-07-20,,2026-09-26T06:42:24.772657+00:00,2021-07-21,CONSERVATIVE_T1,margin_sse,601992,True
2021-07-20,AGGREGATOR|research-node|akshare@1.18.97|stock_margin_detail_sse,2021-07-20,,2026-09-26T06:42:24.772657+00:00,2021-07-21,CONSERVATIVE_T1,margin_sse,688116,True
2021-07-21,AGGREGATOR|research-node|akshare@1.18.97|stock_margin_detail_sse,2021-07-21,,2026-09-26T06:42:28.749126+00:00,2021-07-22,CONSERVATIVE_T1,margin_sse,600022,True
2021-07-21,AGGREGATOR|research-node|akshare@1.18.97|stock_margin_detail_sse,2021-07-21,,2026-09-26T06:42:28.749126+00:00,2021-07-22,CONSERVATIVE_T1,margin_sse,600269,True
2021-07-21,AGGREGATOR|research-node|akshare@1.18.97|stock_margin_detail_sse,2021-07-21,,2026-09-26T06:42:28.749126+00:00,2021-07-22,CONSERVATIVE_T1,margin_sse,600377,True
2021-07-21,AGGREGATOR|research-node|akshare@1.18.97|stock_margin_detail_sse,2021-07-21,,2026-09-26T06:42:28.749126+00:00,2021-07-22,CONSERVATIVE_T1,margin_sse,601298,True
2021-07-21,AGGREGATOR|research-node|akshare@1.18.97|stock_margin_detail_sse,2021-07-21,,2026-09-26T06:42:28.749126+00:00,2021-07-22,CONSERVATIVE_T1,margin_sse,601328,True
2021-07-21,AGGREGATOR|research-node|akshare@1.18.97|stock_margin_detail_sse,2021-07-21,,2026-09-26T06:42:28.749126+00:00,2021-07-22,CONSERVATIVE_T1,margin_sse,601988,True
2021-07-21,AGGREGATOR|research-node|akshare@1.18.97|stock_margin_detail_sse,2021-07-21,,2026-09-26T06:42:28.749126+00:00,2021-07-22,CONSERVATIVE_T1,margin_sse,601992,True
2021-07-21,AGGREGATOR|research-node|akshare@1.18.97|stock_margin_detail_sse,2021-07-21,,2026-09-26T06:42:28.749126+00:00,2021-07-22,CONSERVATIVE_T1,margin_sse,688116,True
2021-07-21,AGGREGATOR|research-node|akshare@1.18.97|stock_margin_detail_sse,2021-07-21,,2026-09-26T06:42:28.749126+00:00,2021-07-22,CONSERVATIVE_T1,margin_sse,688218,True
2021-07-22,AGGREGATOR|research-node|akshare@1.18.97|stock_margin_detail_sse,2021-07-22,,2026-09-26T06:42:32.664519+00:00,2021-07-23,CONSERVATIVE_T1,margin_sse,600022,True
2021-07-22,AGGREGATOR|research-node|akshare@1.18.97|stock_margin_detail_sse,2021-07-22,,2026-09-26T06:42:32.664519+00:00,2021-07-23,CONSERVATIVE_T1,margin_sse,600269,True
2021-07-22,AGGREGATOR|research-node|akshare@1.18.97|stock_margin_detail_sse,2021-07-22,,2026-09-26T06:42:32.664519+00:00,2021-07-23,CONSERVATIVE_T1,margin_sse,600377,True
2021-07-22,AGGREGATOR|research-node|akshare@1.18.97|stock_margin_detail_sse,2021-07-22,,2026-09-26T06:42:32.664519+00:00,2021-07-23,CONSERVATIVE_T1,margin_sse,601298,True
2021-07-22,AGGREGATOR|research-node|akshare@1.18.97|stock_margin_detail_sse,2021-07-22,,2026-09-26T06:42:32.664519+00:00,2021-07-23,CONSERVATIVE_T1,margin_sse,601328,True
2021-07-22,AGGREGATOR|research-node|akshare@1.18.97|stock_margin_detail_sse,2021-07-22,,2026-09-26T06:42:32.664519+00:00,2021-07-23,CONSERVATIVE_T1,margin_sse,601988,True
2021-07-22,AGGREGATOR|research-node|akshare@1.18.97|stock_margin_detail_sse,2021-07-22,,2026-09-26T06:42:32.664519+00:00,2021-07-23,CONSERVATIVE_T1,margin_sse,601992,True
2021-07-22,AGGREGATOR|research-node|akshare@1.18.97|stock_margin_detail_sse,2021-07-22,,2026-09-26T06:42:32.664519+00:00,2021-07-23,CONSERVATIVE_T1,margin_sse,688116,True
2021-07-22,AGGREGATOR|research-node|akshare@1.18.97|stock_margin_detail_sse,2021-07-22,,2026-09-26T06:42:32.664519+00:00,2021-07-23,CONSERVATIVE_T1,margin_sse,688218,True
2021-07-23,AGGREGATOR|research-node|akshare@1.18.97|stock_margin_detail_sse,2021-07-23,,2026-09-26T06:42:36.888939+00:00,2021-07-26,CONSERVATIVE_T1,margin_sse,600022,True
2021-07-23,AGGREGATOR|research-node|akshare@1.18.97|stock_margin_detail_sse,2021-07-23,,2026-09-26T06:42:36.888939+00:00,2021-07-26,CONSERVATIVE_T1,margin_sse,600269,True
2021-07-23,AGGREGATOR|research-node|akshare@1.18.97|stock_margin_detail_sse,2021-07-23,,2026-09-26T06:42:36.888939+00:00,2021-07-26,CONSERVATIVE_T1,margin_sse,600377,True
2021-07-23,AGGREGATOR|research-node|akshare@1.18.97|stock_margin_detail_sse,2021-07-23,,2026-09-26T06:42:36.888939+00:00,2021-07-26,CONSERVATIVE_T1,margin_sse,601298,True
2021-07-23,AGGREGATOR|research-node|akshare@1.18.97|stock_margin_detail_sse,2021-07-23,,2026-09-26T06:42:36.888939+00:00,2021-07-26,CONSERVATIVE_T1,margin_sse,601328,True
2021-07-23,AGGREGATOR|research-node|akshare@1.18.97|stock_margin_detail_sse,2021-07-23,,2026-09-26T06:42:36.888939+00:00,2021-07-26,CONSERVATIVE_T1,margin_sse,601988,True
2021-07-23,AGGREGATOR|research-node|akshare@1.18.97|stock_margin_detail_sse,2021-07-23,,2026-09-26T06:42:36.888939+00:00,2021-07-26,CONSERVATIVE_T1,margin_sse,601992,True
2021-07-23,AGGREGATOR|research-node|akshare@1.18.97|stock_margin_detail_sse,2021-07-23,,2026-09-26T06:42:36.888939+00:00,2021-07-26,CONSERVATIVE_T1,margin_sse,688116,True
2021-07-23,AGGREGATOR|research-node|akshare@1.18.97|stock_margin_detail_sse,2021-07-23,,2026-09-26T06:42:36.888939+00:00,2021-07-26,CONSERVATIVE_T1,margin_sse,688218,True
2021-07-26,AGGREGATOR|research-node|akshare@1.18.97|stock_margin_detail_sse,2021-07-26,,2026-09-26T06:42:40.851199+00:00,2021-07-27,CONSERVATIVE_T1,margin_sse,600022,True
2021-07-26,AGGREGATOR|research-node|akshare@1.18.97|stock_margin_detail_sse,2021-07-26,,2026-09-26T06:42:40.851199+00:00,2021-07-27,CONSERVATIVE_T1,margin_sse,600269,True
2021-07-26,AGGREGATOR|research-node|akshare@1.18.97|stock_margin_detail_sse,2021-07-26,,2026-09-26T06:42:40.851199+00:00,2021-07-27,CONSERVATIVE_T1,margin_sse,600377,True
2021-07-26,AGGREGATOR|research-node|akshare@1.18.97|stock_margin_detail_sse,2021-07-26,,2026-09-26T06:42:40.851199+00:00,2021-07-27,CONSERVATIVE_T1,margin_sse,601298,True
2021-07-26,AGGREGATOR|research-node|akshare@1.18.97|stock_margin_detail_sse,2021-07-26,,2026-09-26T06:42:40.851199+00:00,2021-07-27,CONSERVATIVE_T1,margin_sse,601328,True
2021-07-26,AGGREGATOR|research-node|akshare@1.18.97|stock_margin_detail_sse,2021-07-26,,2026-09-26T06:42:40.851199+00:00,2021-07-27,CONSERVATIVE_T1,margin_sse,601988,True
2021-07-26,AGGREGATOR|research-node|akshare@1.18.97|stock_margin_detail_sse,2021-07-26,,2026-09-26T06:42:40.851199+00:00,2021-07-27,CONSERVATIVE_T1,margin_sse,601992,True
2021-07-26,AGGREGATOR|research-node|akshare@1.18.97|stock_margin_detail_sse,2021-07-26,,2026-09-26T06:42:40.851199+00:00,2021-07-27,CONSERVATIVE_T1,margin_sse,688116,True
2021-07-26,AGGREGATOR|research-node|akshare@1.18.97|stock_margin_detail_sse,2021-07-26,,2026-09-26T06:42:40.851199+00:00,2021-07-27,CONSERVATIVE_T1,margin_sse,688218,True
2021-07-27,AGGREGATOR|research-node|akshare@1.18.97|stock_margin_detail_sse,2021-07-27,,2026-09-26T06:42:44.779122+00:00,2021-07-28,CONSERVATIVE_T1,margin_sse,600022,True
2021-07-27,AGGREGATOR|research-node|akshare@1.18.97|stock_margin_detail_sse,2021-07-27,,2026-09-26T06:42:44.779122+00:00,2021-07-28,CONSERVATIVE_T1,margin_sse,600269,True
2021-07-27,AGGREGATOR|research-node|akshare@1.18.97|stock_margin_detail_sse,2021-07-27,,2026-09-26T06:42:44.779122+00:00,2021-07-28,CONSERVATIVE_T1,margin_sse,600377,True
2021-07-27,AGGREGATOR|research-node|akshare@1.18.97|stock_margin_detail_sse,2021-07-27,,2026-09-26T06:42:44.779122+00:00,2021-07-28,CONSERVATIVE_T1,margin_sse,601298,True
2021-07-27,AGGREGATOR|research-node|akshare@1.18.97|stock_margin_detail_sse,2021-07-27,,2026-09-26T06:42:44.779122+00:00,2021-07-28,CONSERVATIVE_T1,margin_sse,601328,True
2021-07-27,AGGREGATOR|research-node|akshare@1.18.97|stock_margin_detail_sse,2021-07-27,,2026-09-26T06:42:44.779122+00:00,2021-07-28,CONSERVATIVE_T1,margin_sse,601988,True
2021-07-27,AGGREGATOR|research-node|akshare@1.18.97|stock_margin_detail_sse,2021-07-27,,2026-09-26T06:42:44.779122+00:00,2021-07-28,CONSERVATIVE_T1,margin_sse,601992,True
2021-07-27,AGGREGATOR|research-node|akshare@1.18.97|stock_margin_detail_sse,2021-07-27,,2026-09-26T06:42:44.779122+00:00,2021-07-28,CONSERVATIVE_T1,margin_sse,688116,True
2021-07-27,AGGREGATOR|research-node|akshare@1.18.97|stock_margin_detail_sse,2021-07-27,,2026-09-26T06:42:44.779122+00:00,2021-07-28,CONSERVATIVE_T1,margin_sse,688218,True
2021-07-28,AGGREGATOR|research-node|akshare@1.18.97|stock_margin_detail_sse,2021-07-28,,2026-09-26T06:42:48.689057+00:00,2021-07-29,CONSERVATIVE_T1,margin_sse,600022,True
2021-07-28,AGGREGATOR|research-node|akshare@1.18.97|stock_margin_detail_sse,2021-07-28,,2026-09-26T06:42:48.689057+00:00,2021-07-29,CONSERVATIVE_T1,margin_sse,600269,True
2021-07-28,AGGREGATOR|research-node|akshare@1.18.97|stock_margin_detail_sse,2021-07-28,,2026-09-26T06:42:48.689057+00:00,2021-07-29,CONSERVATIVE_T1,margin_sse,600377,True
2021-07-28,AGGREGATOR|research-node|akshare@1.18.97|stock_margin_detail_sse,2021-07-28,,2026-09-26T06:42:48.689057+00:00,2021-07-29,CONSERVATIVE_T1,margin_sse,601298,True
2021-07-28,AGGREGATOR|research-node|akshare@1.18.97|stock_margin_detail_sse,2021-07-28,,2026-09-26T06:42:48.689057+00:00,2021-07-29,CONSERVATIVE_T1,margin_sse,601328,True
2021-07-28,AGGREGATOR|research-node|akshare@1.18.97|stock_margin_detail_sse,2021-07-28,,2026-09-26T06:42:48.689057+00:00,2021-07-29,CONSERVATIVE_T1,margin_sse,601988,True
2021-07-28,AGGREGATOR|research-node|akshare@1.18.97|stock_margin_detail_sse,2021-07-28,,2026-09-26T06:42:48.689057+00:00,2021-07-29,CONSERVATIVE_T1,margin_sse,601992,True
2021-07-28,AGGREGATOR|research-node|akshare@1.18.97|stock_margin_detail_sse,2021-07-28,,2026-09-26T06:42:48.689057+00:00,2021-07-29,CONSERVATIVE_T1,margin_sse,688116,True
2021-07-28,AGGREGATOR|research-node|akshare@1.18.97|stock_margin_detail_sse,2021-07-28,,2026-09-26T06:42:48.689057+00:00,2021-07-29,CONSERVATIVE_T1,margin_sse,688218,True
2021-07-29,AGGREGATOR|research-node|akshare@1.18.97|stock_margin_detail_sse,2021-07-29,,2026-09-26T06:42:52.626040+00:00,2021-07-30,CONSERVATIVE_T1,margin_sse,600022,True
2021-07-29,AGGREGATOR|research-node|akshare@1.18.97|stock_margin_detail_sse,2021-07-29,,2026-09-26T06:42:52.626040+00:00,2021-07-30,CONSERVATIVE_T1,margin_sse,600269,True
2021-07-29,AGGREGATOR|research-node|akshare@1.18.97|stock_margin_detail_sse,2021-07-29,,2026-09-26T06:42:52.626040+00:00,2021-07-30,CONSERVATIVE_T1,margin_sse,600377,True
2021-07-29,AGGREGATOR|research-node|akshare@1.18.97|stock_margin_detail_sse,2021-07-29,,2026-09-26T06:42:52.626040+00:00,2021-07-30,CONSERVATIVE_T1,margin_sse,601298,True
2021-07-29,AGGREGATOR|research-node|akshare@1.18.97|stock_margin_detail_sse,2021-07-29,,2026-09-26T06:42:52.626040+00:00,2021-07-30,CONSERVATIVE_T1,margin_sse,601328,True
2021-07-29,AGGREGATOR|research-node|akshare@1.18.97|stock_margin_detail_sse,2021-07-29,,2026-09-26T06:42:52.626040+00:00,2021-07-30,CONSERVATIVE_T1,margin_sse,601988,True
2021-07-29,AGGREGATOR|research-node|akshare@1.18.97|stock_margin_detail_sse,2021-07-29,,2026-09-26T06:42:52.626040+00:00,2021-07-30,CONSERVATIVE_T1,margin_sse,601992,True
2021-07-29,AGGREGATOR|research-node|akshare@1.18.97|stock_margin_detail_sse,2021-07-29,,2026-09-26T06:42:52.626040+00:00,2021-07-30,CONSERVATIVE_T1,margin_sse,688116,True
2021-07-29,AGGREGATOR|research-node|akshare@1.18.97|stock_margin_detail_sse,2021-07-29,,2026-09-26T06:42:52.626040+00:00,2021-07-30,CONSERVATIVE_T1,margin_sse,688218,True
2021-07-30,AGGREGATOR|research-node|akshare@1.18.97|stock_margin_detail_sse,2021-07-30,,2026-09-26T06:42:56.533322+00:00,2021-08-02,CONSERVATIVE_T1,margin_sse,600022,True
2021-07-30,AGGREGATOR|research-node|akshare@1.18.97|stock_margin_detail_sse,2021-07-30,,2026-09-26T06:42:56.533322+00:00,2021-08-02,CONSERVATIVE_T1,margin_sse,600269,True
2021-07-30,AGGREGATOR|research-node|akshare@1.18.97|stock_margin_detail_sse,2021-07-30,,2026-09-26T06:42:56.533322+00:00,2021-08-02,CONSERVATIVE_T1,margin_sse,600377,True
2021-07-30,AGGREGATOR|research-node|akshare@1.18.97|stock_margin_detail_sse,2021-07-30,,2026-09-26T06:42:56.533322+00:00,2021-08-02,CONSERVATIVE_T1,margin_sse,601298,True
2021-07-30,AGGREGATOR|research-node|akshare@1.18.97|stock_margin_detail_sse,2021-07-30,,2026-09-26T06:42:56.533322+00:00,2021-08-02,CONSERVATIVE_T1,margin_sse,601328,True
2021-07-30,AGGREGATOR|research-node|akshare@1.18.97|stock_margin_detail_sse,2021-07-30,,2026-09-26T06:42:56.533322+00:00,2021-08-02,CONSERVATIVE_T1,margin_sse,601988,True
2021-07-30,AGGREGATOR|research-node|akshare@1.18.97|stock_margin_detail_sse,2021-07-30,,2026-09-26T06:42:56.533322+00:00,2021-08-02,CONSERVATIVE_T1,margin_sse,601992,True
2021-07-30,AGGREGATOR|research-node|akshare@1.18.97|stock_margin_detail_sse,2021-07-30,,2026-09-26T06:42:56.533322+00:00,2021-08-02,CONSERVATIVE_T1,margin_sse,688116,True
2021-07-30,AGGREGATOR|research-node|akshare@1.18.97|stock_margin_detail_sse,2021-07-30,,2026-09-26T06:42:56.533322+00:00,2021-08-02,CONSERVATIVE_T1,margin_sse,688218,True
2021-08-02,AGGREGATOR|research-node|akshare@1.18.97|stock_margin_detail_sse,2021-08-02,,2026-09-26T06:43:00.491950+00:00,2021-08-03,CONSERVATIVE_T1,margin_sse,600022,True
2021-08-02,AGGREGATOR|research-node|akshare@1.18.97|stock_margin_detail_sse,2021-08-02,,2026-09-26T06:43:00.491950+00:00,2021-08-03,CONSERVATIVE_T1,margin_sse,600269,True
2021-08-02,AGGREGATOR|research-node|akshare@1.18.97|stock_margin_detail_sse,2021-08-02,,2026-09-26T06:43:00.491950+00:00,2021-08-03,CONSERVATIVE_T1,margin_sse,600377,True
2021-08-02,AGGREGATOR|research-node|akshare@1.18.97|stock_margin_detail_sse,2021-08-02,,2026-09-26T06:43:00.491950+00:00,2021-08-03,CONSERVATIVE_T1,margin_sse,601298,True
2021-08-02,AGGREGATOR|research-node|akshare@1.18.97|stock_margin_detail_sse,2021-08-02,,2026-09-26T06:43:00.491950+00:00,2021-08-03,CONSERVATIVE_T1,margin_sse,601328,True
2021-08-02,AGGREGATOR|research-node|akshare@1.18.97|stock_margin_detail_sse,2021-08-02,,2026-09-26T06:43:00.491950+00:00,2021-08-03,CONSERVATIVE_T1,margin_sse,601869,True
2021-08-02,AGGREGATOR|research-node|akshare@1.18.97|stock_margin_detail_sse,2021-08-02,,2026-09-26T06:43:00.491950+00:00,2021-08-03,CONSERVATIVE_T1,margin_sse,601988,True
2021-08-02,AGGREGATOR|research-node|akshare@1.18.97|stock_margin_detail_sse,2021-08-02,,2026-09-26T06:43:00.491950+00:00,2021-08-03,CONSERVATIVE_T1,margin_sse,601992,True
2021-08-02,AGGREGATOR|research-node|akshare@1.18.97|stock_margin_detail_sse,2021-08-02,,2026-09-26T06:43:00.491950+00:00,2021-08-03,CONSERVATIVE_T1,margin_sse,688116,True
2021-08-02,AGGREGATOR|research-node|akshare@1.18.97|stock_margin_detail_sse,2021-08-02,,2026-09-26T06:43:00.491950+00:00,2021-08-03,CONSERVATIVE_T1,margin_sse,688218,True
2021-08-03,AGGREGATOR|research-node|akshare@1.18.97|stock_margin_detail_sse,2021-08-03,,2026-09-26T06:43:04.398358+00:00,2021-08-04,CONSERVATIVE_T1,margin_sse,600022,True
2021-08-03,AGGREGATOR|research-node|akshare@1.18.97|stock_margin_detail_sse,2021-08-03,,2026-09-26T06:43:04.398358+00:00,2021-08-04,CONSERVATIVE_T1,margin_sse,600269,True
2021-08-03,AGGREGATOR|research-node|akshare@1.18.97|stock_margin_detail_sse,2021-08-03,,2026-09-26T06:43:04.398358+00:00,2021-08-04,CONSERVATIVE_T1,margin_sse,600377,True
2021-08-03,AGGREGATOR|research-node|akshare@1.18.97|stock_margin_detail_sse,2021-08-03,,2026-09-26T06:43:04.398358+00:00,2021-08-04,CONSERVATIVE_T1,margin_sse,601298,True
2021-08-03,AGGREGATOR|research-node|akshare@1.18.97|stock_margin_detail_sse,2021-08-03,,2026-09-26T06:43:04.398358+00:00,2021-08-04,CONSERVATIVE_T1,margin_sse,601328,True
2021-08-03,AGGREGATOR|research-node|akshare@1.18.97|stock_margin_detail_sse,2021-08-03,,2026-09-26T06:43:04.398358+00:00,2021-08-04,CONSERVATIVE_T1,margin_sse,601869,True
2021-08-03,AGGREGATOR|research-node|akshare@1.18.97|stock_margin_detail_sse,2021-08-03,,2026-09-26T06:43:04.398358+00:00,2021-08-04,CONSERVATIVE_T1,margin_sse,601988,True
2021-08-03,AGGREGATOR|research-node|akshare@1.18.97|stock_margin_detail_sse,2021-08-03,,2026-09-26T06:43:04.398358+00:00,2021-08-04,CONSERVATIVE_T1,margin_sse,601992,True
2021-08-03,AGGREGATOR|research-node|akshare@1.18.97|stock_margin_detail_sse,2021-08-03,,2026-09-26T06:43:04.398358+00:00,2021-08-04,CONSERVATIVE_T1,margin_sse,688116,True
2021-08-03,AGGREGATOR|research-node|akshare@1.18.97|stock_margin_detail_sse,2021-08-03,,2026-09-26T06:43:04.398358+00:00,2021-08-04,CONSERVATIVE_T1,margin_sse,688218,True
2021-08-04,AGGREGATOR|research-node|akshare@1.18.97|stock_margin_detail_sse,2021-08-04,,2026-09-26T06:43:08.361942+00:00,2021-08-05,CONSERVATIVE_T1,margin_sse,600022,True
2021-08-04,AGGREGATOR|research-node|akshare@1.18.97|stock_margin_detail_sse,2021-08-04,,2026-09-26T06:43:08.361942+00:00,2021-08-05,CONSERVATIVE_T1,margin_sse,600269,True
2021-08-04,AGGREGATOR|research-node|akshare@1.18.97|stock_margin_detail_sse,2021-08-04,,2026-09-26T06:43:08.361942+00:00,2021-08-05,CONSERVATIVE_T1,margin_sse,600377,True
2021-08-04,AGGREGATOR|research-node|akshare@1.18.97|stock_margin_detail_sse,2021-08-04,,2026-09-26T06:43:08.361942+00:00,2021-08-05,CONSERVATIVE_T1,margin_sse,601298,True
2021-08-04,AGGREGATOR|research-node|akshare@1.18.97|stock_margin_detail_sse,2021-08-04,,2026-09-26T06:43:08.361942+00:00,2021-08-05,CONSERVATIVE_T1,margin_sse,601328,True
2021-08-04,AGGREGATOR|research-node|akshare@1.18.97|stock_margin_detail_sse,2021-08-04,,2026-09-26T06:43:08.361942+00:00,2021-08-05,CONSERVATIVE_T1,margin_sse,601869,True
2021-08-04,AGGREGATOR|research-node|akshare@1.18.97|stock_margin_detail_sse,2021-08-04,,2026-09-26T06:43:08.361942+00:00,2021-08-05,CONSERVATIVE_T1,margin_sse,601988,True
2021-08-04,AGGREGATOR|research-node|akshare@1.18.97|stock_margin_detail_sse,2021-08-04,,2026-09-26T06:43:08.361942+00:00,2021-08-05,CONSERVATIVE_T1,margin_sse,601992,True
2021-08-04,AGGREGATOR|research-node|akshare@1.18.97|stock_margin_detail_sse,2021-08-04,,2026-09-26T06:43:08.361942+00:00,2021-08-05,CONSERVATIVE_T1,margin_sse,688116,True
2021-08-04,AGGREGATOR|research-node|akshare@1.18.97|stock_margin_detail_sse,2021-08-04,,2026-09-26T06:43:08.361942+00:00,2021-08-05,CONSERVATIVE_T1,margin_sse,688218,True
2021-08-05,AGGREGATOR|research-node|akshare@1.18.97|stock_margin_detail_sse,2021-08-05,,2026-09-26T06:43:12.266044+00:00,2021-08-06,CONSERVATIVE_T1,margin_sse,600022,True
2021-08-05,AGGREGATOR|research-node|akshare@1.18.97|stock_margin_detail_sse,2021-08-05,,2026-09-26T06:43:12.266044+00:00,2021-08-06,CONSERVATIVE_T1,margin_sse,600269,True
2021-08-05,AGGREGATOR|research-node|akshare@1.18.97|stock_margin_detail_sse,2021-08-05,,2026-09-26T06:43:12.266044+00:00,2021-08-06,CONSERVATIVE_T1,margin_sse,600377,True
2021-08-05,AGGREGATOR|research-node|akshare@1.18.97|stock_margin_detail_sse,2021-08-05,,2026-09-26T06:43:12.266044+00:00,2021-08-06,CONSERVATIVE_T1,margin_sse,601298,True
2021-08-05,AGGREGATOR|research-node|akshare@1.18.97|stock_margin_detail_sse,2021-08-05,,2026-09-26T06:43:12.266044+00:00,2021-08-06,CONSERVATIVE_T1,margin_sse,601328,True
2021-08-05,AGGREGATOR|research-node|akshare@1.18.97|stock_margin_detail_sse,2021-08-05,,2026-09-26T06:43:12.266044+00:00,2021-08-06,CONSERVATIVE_T1,margin_sse,601869,True
2021-08-05,AGGREGATOR|research-node|akshare@1.18.97|stock_margin_detail_sse,2021-08-05,,2026-09-26T06:43:12.266044+00:00,2021-08-06,CONSERVATIVE_T1,margin_sse,601988,True
2021-08-05,AGGREGATOR|research-node|akshare@1.18.97|stock_margin_detail_sse,2021-08-05,,2026-09-26T06:43:12.266044+00:00,2021-08-06,CONSERVATIVE_T1,margin_sse,601992,True
2021-08-05,AGGREGATOR|research-node|akshare@1.18.97|stock_margin_detail_sse,2021-08-05,,2026-09-26T06:43:12.266044+00:00,2021-08-06,CONSERVATIVE_T1,margin_sse,688116,True
2021-08-05,AGGREGATOR|research-node|akshare@1.18.97|stock_margin_detail_sse,2021-08-05,,2026-09-26T06:43:12.266044+00:00,2021-08-06,CONSERVATIVE_T1,margin_sse,688218,True
2021-08-06,AGGREGATOR|research-node|akshare@1.18.97|stock_margin_detail_sse,2021-08-06,,2026-09-26T06:43:16.177427+00:00,2021-08-09,CONSERVATIVE_T1,margin_sse,600022,True
2021-08-06,AGGREGATOR|research-node|akshare@1.18.97|stock_margin_detail_sse,2021-08-06,,2026-09-26T06:43:16.177427+00:00,2021-08-09,CONSERVATIVE_T1,margin_sse,600269,True
2021-08-06,AGGREGATOR|research-node|akshare@1.18.97|stock_margin_detail_sse,2021-08-06,,2026-09-26T06:43:16.177427+00:00,2021-08-09,CONSERVATIVE_T1,margin_sse,600377,True
2021-08-06,AGGREGATOR|research-node|akshare@1.18.97|stock_margin_detail_sse,2021-08-06,,2026-09-26T06:43:16.177427+00:00,2021-08-09,CONSERVATIVE_T1,margin_sse,601298,True
2021-08-06,AGGREGATOR|research-node|akshare@1.18.97|stock_margin_detail_sse,2021-08-06,,2026-09-26T06:43:16.177427+00:00,2021-08-09,CONSERVATIVE_T1,margin_sse,601328,True
2021-08-06,AGGREGATOR|research-node|akshare@1.18.97|stock_margin_detail_sse,2021-08-06,,2026-09-26T06:43:16.177427+00:00,2021-08-09,CONSERVATIVE_T1,margin_sse,601869,True
2021-08-06,AGGREGATOR|research-node|akshare@1.18.97|stock_margin_detail_sse,2021-08-06,,2026-09-26T06:43:16.177427+00:00,2021-08-09,CONSERVATIVE_T1,margin_sse,601988,True
2021-08-06,AGGREGATOR|research-node|akshare@1.18.97|stock_margin_detail_sse,2021-08-06,,2026-09-26T06:43:16.177427+00:00,2021-08-09,CONSERVATIVE_T1,margin_sse,601992,True
2021-08-06,AGGREGATOR|research-node|akshare@1.18.97|stock_margin_detail_sse,2021-08-06,,2026-09-26T06:43:16.177427+00:00,2021-08-09,CONSERVATIVE_T1,margin_sse,688116,True
2021-08-06,AGGREGATOR|research-node|akshare@1.18.97|stock_margin_detail_sse,2021-08-06,,2026-09-26T06:43:16.177427+00:00,2021-08-09,CONSERVATIVE_T1,margin_sse,688218,True
2021-08-09,AGGREGATOR|research-node|akshare@1.18.97|stock_margin_detail_sse,2021-08-09,,2026-09-26T06:43:20.073142+00:00,2021-08-10,CONSERVATIVE_T1,margin_sse,600022,True
2021-08-09,AGGREGATOR|research-node|akshare@1.18.97|stock_margin_detail_sse,2021-08-09,,2026-09-26T06:43:20.073142+00:00,2021-08-10,CONSERVATIVE_T1,margin_sse,600269,True
2021-08-09,AGGREGATOR|research-node|akshare@1.18.97|stock_margin_detail_sse,2021-08-09,,2026-09-26T06:43:20.073142+00:00,2021-08-10,CONSERVATIVE_T1,margin_sse,600377,True
2021-08-09,AGGREGATOR|research-node|akshare@1.18.97|stock_margin_detail_sse,2021-08-09,,2026-09-26T06:43:20.073142+00:00,2021-08-10,CONSERVATIVE_T1,margin_sse,601298,True
2021-08-09,AGGREGATOR|research-node|akshare@1.18.97|stock_margin_detail_sse,2021-08-09,,2026-09-26T06:43:20.073142+00:00,2021-08-10,CONSERVATIVE_T1,margin_sse,601328,True
2021-08-09,AGGREGATOR|research-node|akshare@1.18.97|stock_margin_detail_sse,2021-08-09,,2026-09-26T06:43:20.073142+00:00,2021-08-10,CONSERVATIVE_T1,margin_sse,601869,True
2021-08-09,AGGREGATOR|research-node|akshare@1.18.97|stock_margin_detail_sse,2021-08-09,,2026-09-26T06:43:20.073142+00:00,2021-08-10,CONSERVATIVE_T1,margin_sse,601988,True
2021-08-09,AGGREGATOR|research-node|akshare@1.18.97|stock_margin_detail_sse,2021-08-09,,2026-09-26T06:43:20.073142+00:00,2021-08-10,CONSERVATIVE_T1,margin_sse,601992,True
2021-08-09,AGGREGATOR|research-node|akshare@1.18.97|stock_margin_detail_sse,2021-08-09,,2026-09-26T06:43:20.073142+00:00,2021-08-10,CONSERVATIVE_T1,margin_sse,688116,True
2021-08-09,AGGREGATOR|research-node|akshare@1.18.97|stock_margin_detail_sse,2021-08-09,,2026-09-26T06:43:20.073142+00:00,2021-08-10,CONSERVATIVE_T1,margin_sse,688218,True
2021-08-10,AGGREGATOR|research-node|akshare@1.18.97|stock_margin_detail_sse,2021-08-10,,2026-09-26T06:43:23.963862+00:00,2021-08-11,CONSERVATIVE_T1,margin_sse,600022,True
2021-08-10,AGGREGATOR|research-node|akshare@1.18.97|stock_margin_detail_sse,2021-08-10,,2026-09-26T06:43:23.963862+00:00,2021-08-11,CONSERVATIVE_T1,margin_sse,600269,True
2021-08-10,AGGREGATOR|research-node|akshare@1.18.97|stock_margin_detail_sse,2021-08-10,,2026-09-26T06:43:23.963862+00:00,2021-08-11,CONSERVATIVE_T1,margin_sse,600377,True
2021-08-10,AGGREGATOR|research-node|akshare@1.18.97|stock_margin_detail_sse,2021-08-10,,2026-09-26T06:43:23.963862+00:00,2021-08-11,CONSERVATIVE_T1,margin_sse,601298,True
2021-08-10,AGGREGATOR|research-node|akshare@1.18.97|stock_margin_detail_sse,2021-08-10,,2026-09-26T06:43:23.963862+00:00,2021-08-11,CONSERVATIVE_T1,margin_sse,601328,True
2021-08-10,AGGREGATOR|research-node|akshare@1.18.97|stock_margin_detail_sse,2021-08-10,,2026-09-26T06:43:23.963862+00:00,2021-08-11,CONSERVATIVE_T1,margin_sse,601869,True
2021-08-10,AGGREGATOR|research-node|akshare@1.18.97|stock_margin_detail_sse,2021-08-10,,2026-09-26T06:43:23.963862+00:00,2021-08-11,CONSERVATIVE_T1,margin_sse,601988,True
2021-08-10,AGGREGATOR|research-node|akshare@1.18.97|stock_margin_detail_sse,2021-08-10,,2026-09-26T06:43:23.963862+00:00,2021-08-11,CONSERVATIVE_T1,margin_sse,601992,True
2021-08-10,AGGREGATOR|research-node|akshare@1.18.97|stock_margin_detail_sse,2021-08-10,,2026-09-26T06:43:23.963862+00:00,2021-08-11,CONSERVATIVE_T1,margin_sse,688116,True
2021-08-10,AGGREGATOR|research-node|akshare@1.18.97|stock_margin_detail_sse,2021-08-10,,2026-09-26T06:43:23.963862+00:00,2021-08-11,CONSERVATIVE_T1,margin_sse,688218,True
2021-08-11,AGGREGATOR|research-node|akshare@1.18.97|stock_margin_detail_sse,2021-08-11,,2026-09-26T06:43:27.977671+00:00,2021-08-12,CONSERVATIVE_T1,margin_sse,600022,True
2021-08-11,AGGREGATOR|research-node|akshare@1.18.97|stock_margin_detail_sse,2021-08-11,,2026-09-26T06:43:27.977671+00:00,2021-08-12,CONSERVATIVE_T1,margin_sse,600269,True
2021-08-11,AGGREGATOR|research-node|akshare@1.18.97|stock_margin_detail_sse,2021-08-11,,2026-09-26T06:43:27.977671+00:00,2021-08-12,CONSERVATIVE_T1,margin_sse,600377,True
2021-08-11,AGGREGATOR|research-node|akshare@1.18.97|stock_margin_detail_sse,2021-08-11,,2026-09-26T06:43:27.977671+00:00,2021-08-12,CONSERVATIVE_T1,margin_sse,601298,True
2021-08-11,AGGREGATOR|research-node|akshare@1.18.97|stock_margin_detail_sse,2021-08-11,,2026-09-26T06:43:27.977671+00:00,2021-08-12,CONSERVATIVE_T1,margin_sse,601328,True
2021-08-11,AGGREGATOR|research-node|akshare@1.18.97|stock_margin_detail_sse,2021-08-11,,2026-09-26T06:43:27.977671+00:00,2021-08-12,CONSERVATIVE_T1,margin_sse,601869,True
2021-08-11,AGGREGATOR|research-node|akshare@1.18.97|stock_margin_detail_sse,2021-08-11,,2026-09-26T06:43:27.977671+00:00,2021-08-12,CONSERVATIVE_T1,margin_sse,601988,True
2021-08-11,AGGREGATOR|research-node|akshare@1.18.97|stock_margin_detail_sse,2021-08-11,,2026-09-26T06:43:27.977671+00:00,2021-08-12,CONSERVATIVE_T1,margin_sse,601992,True
2021-08-11,AGGREGATOR|research-node|akshare@1.18.97|stock_margin_detail_sse,2021-08-11,,2026-09-26T06:43:27.977671+00:00,2021-08-12,CONSERVATIVE_T1,margin_sse,688116,True
2021-08-11,AGGREGATOR|research-node|akshare@1.18.97|stock_margin_detail_sse,2021-08-11,,2026-09-26T06:43:27.977671+00:00,2021-08-12,CONSERVATIVE_T1,margin_sse,688218,True
2021-08-12,AGGREGATOR|research-node|akshare@1.18.97|stock_margin_detail_sse,2021-08-12,,2026-09-26T06:43:31.899982+00:00,2021-08-13,CONSERVATIVE_T1,margin_sse,600022,True
2021-08-12,AGGREGATOR|research-node|akshare@1.18.97|stock_margin_detail_sse,2021-08-12,,2026-09-26T06:43:31.899982+00:00,2021-08-13,CONSERVATIVE_T1,margin_sse,600269,True
2021-08-12,AGGREGATOR|research-node|akshare@1.18.97|stock_margin_detail_sse,2021-08-12,,2026-09-26T06:43:31.899982+00:00,2021-08-13,CONSERVATIVE_T1,margin_sse,600377,True
2021-08-12,AGGREGATOR|research-node|akshare@1.18.97|stock_margin_detail_sse,2021-08-12,,2026-09-26T06:43:31.899982+00:00,2021-08-13,CONSERVATIVE_T1,margin_sse,601298,True
2021-08-12,AGGREGATOR|research-node|akshare@1.18.97|stock_margin_detail_sse,2021-08-12,,2026-09-26T06:43:31.899982+00:00,2021-08-13,CONSERVATIVE_T1,margin_sse,601328,True
2021-08-12,AGGREGATOR|research-node|akshare@1.18.97|stock_margin_detail_sse,2021-08-12,,2026-09-26T06:43:31.899982+00:00,2021-08-13,CONSERVATIVE_T1,margin_sse,601869,True
2021-08-12,AGGREGATOR|research-node|akshare@1.18.97|stock_margin_detail_sse,2021-08-12,,2026-09-26T06:43:31.899982+00:00,2021-08-13,CONSERVATIVE_T1,margin_sse,601988,True
2021-08-12,AGGREGATOR|research-node|akshare@1.18.97|stock_margin_detail_sse,2021-08-12,,2026-09-26T06:43:31.899982+00:00,2021-08-13,CONSERVATIVE_T1,margin_sse,601992,True
2021-08-12,AGGREGATOR|research-node|akshare@1.18.97|stock_margin_detail_sse,2021-08-12,,2026-09-26T06:43:31.899982+00:00,2021-08-13,CONSERVATIVE_T1,margin_sse,688116,True
2021-08-12,AGGREGATOR|research-node|akshare@1.18.97|stock_margin_detail_sse,2021-08-12,,2026-09-26T06:43:31.899982+00:00,2021-08-13,CONSERVATIVE_T1,margin_sse,688218,True
2021-08-13,AGGREGATOR|research-node|akshare@1.18.97|stock_margin_detail_sse,2021-08-13,,2026-09-26T06:43:35.845762+00:00,2021-08-16,CONSERVATIVE_T1,margin_sse,600022,True
2021-08-13,AGGREGATOR|research-node|akshare@1.18.97|stock_margin_detail_sse,2021-08-13,,2026-09-26T06:43:35.845762+00:00,2021-08-16,CONSERVATIVE_T1,margin_sse,600269,True
2021-08-13,AGGREGATOR|research-node|akshare@1.18.97|stock_margin_detail_sse,2021-08-13,,2026-09-26T06:43:35.845762+00:00,2021-08-16,CONSERVATIVE_T1,margin_sse,600377,True
2021-08-13,AGGREGATOR|research-node|akshare@1.18.97|stock_margin_detail_sse,2021-08-13,,2026-09-26T06:43:35.845762+00:00,2021-08-16,CONSERVATIVE_T1,margin_sse,601298,True
2021-08-13,AGGREGATOR|research-node|akshare@1.18.97|stock_margin_detail_sse,2021-08-13,,2026-09-26T06:43:35.845762+00:00,2021-08-16,CONSERVATIVE_T1,margin_sse,601328,True
2021-08-13,AGGREGATOR|research-node|akshare@1.18.97|stock_margin_detail_sse,2021-08-13,,2026-09-26T06:43:35.845762+00:00,2021-08-16,CONSERVATIVE_T1,margin_sse,601869,True
2021-08-13,AGGREGATOR|research-node|akshare@1.18.97|stock_margin_detail_sse,2021-08-13,,2026-09-26T06:43:35.845762+00:00,2021-08-16,CONSERVATIVE_T1,margin_sse,601988,True
2021-08-13,AGGREGATOR|research-node|akshare@1.18.97|stock_margin_detail_sse,2021-08-13,,2026-09-26T06:43:35.845762+00:00,2021-08-16,CONSERVATIVE_T1,margin_sse,601992,True
2021-08-13,AGGREGATOR|research-node|akshare@1.18.97|stock_margin_detail_sse,2021-08-13,,2026-09-26T06:43:35.845762+00:00,2021-08-16,CONSERVATIVE_T1,margin_sse,688116,True
2021-08-13,AGGREGATOR|research-node|akshare@1.18.97|stock_margin_detail_sse,2021-08-13,,2026-09-26T06:43:35.845762+00:00,2021-08-16,CONSERVATIVE_T1,margin_sse,688218,True
2021-08-16,AGGREGATOR|research-node|akshare@1.18.97|stock_margin_detail_sse,2021-08-16,,2026-09-26T06:43:39.961378+00:00,2021-08-17,CONSERVATIVE_T1,margin_sse,600022,True
2021-08-16,AGGREGATOR|research-node|akshare@1.18.97|stock_margin_detail_sse,2021-08-16,,2026-09-26T06:43:39.961378+00:00,2021-08-17,CONSERVATIVE_T1,margin_sse,600269,True
2021-08-16,AGGREGATOR|research-node|akshare@1.18.97|stock_margin_detail_sse,2021-08-16,,2026-09-26T06:43:39.961378+00:00,2021-08-17,CONSERVATIVE_T1,margin_sse,600377,True
2021-08-16,AGGREGATOR|research-node|akshare@1.18.97|stock_margin_detail_sse,2021-08-16,,2026-09-26T06:43:39.961378+00:00,2021-08-17,CONSERVATIVE_T1,margin_sse,601298,True
2021-08-16,AGGREGATOR|research-node|akshare@1.18.97|stock_margin_detail_sse,2021-08-16,,2026-09-26T06:43:39.961378+00:00,2021-08-17,CONSERVATIVE_T1,margin_sse,601328,True
2021-08-16,AGGREGATOR|research-node|akshare@1.18.97|stock_margin_detail_sse,2021-08-16,,2026-09-26T06:43:39.961378+00:00,2021-08-17,CONSERVATIVE_T1,margin_sse,601869,True
2021-08-16,AGGREGATOR|research-node|akshare@1.18.97|stock_margin_detail_sse,2021-08-16,,2026-09-26T06:43:39.961378+00:00,2021-08-17,CONSERVATIVE_T1,margin_sse,601988,True
2021-08-16,AGGREGATOR|research-node|akshare@1.18.97|stock_margin_detail_sse,2021-08-16,,2026-09-26T06:43:39.961378+00:00,2021-08-17,CONSERVATIVE_T1,margin_sse,601992,True
2021-08-16,AGGREGATOR|research-node|akshare@1.18.97|stock_margin_detail_sse,2021-08-16,,2026-09-26T06:43:39.961378+00:00,2021-08-17,CONSERVATIVE_T1,margin_sse,688116,True
2021-08-16,AGGREGATOR|research-node|akshare@1.18.97|stock_margin_detail_sse,2021-08-16,,2026-09-26T06:43:39.961378+00:00,2021-08-17,CONSERVATIVE_T1,margin_sse,688218,True
2021-08-17,AGGREGATOR|research-node|akshare@1.18.97|stock_margin_detail_sse,2021-08-17,,2026-09-26T06:43:43.957956+00:00,2021-08-18,CONSERVATIVE_T1,margin_sse,600022,True
2021-08-17,AGGREGATOR|research-node|akshare@1.18.97|stock_margin_detail_sse,2021-08-17,,2026-09-26T06:43:43.957956+00:00,2021-08-18,CONSERVATIVE_T1,margin_sse,600269,True
2021-08-17,AGGREGATOR|research-node|akshare@1.18.97|stock_margin_detail_sse,2021-08-17,,2026-09-26T06:43:43.957956+00:00,2021-08-18,CONSERVATIVE_T1,margin_sse,600377,True
2021-08-17,AGGREGATOR|research-node|akshare@1.18.97|stock_margin_detail_sse,2021-08-17,,2026-09-26T06:43:43.957956+00:00,2021-08-18,CONSERVATIVE_T1,margin_sse,601298,True
2021-08-17,AGGREGATOR|research-node|akshare@1.18.97|stock_margin_detail_sse,2021-08-17,,2026-09-26T06:43:43.957956+00:00,2021-08-18,CONSERVATIVE_T1,margin_sse,601328,True
2021-08-17,AGGREGATOR|research-node|akshare@1.18.97|stock_margin_detail_sse,2021-08-17,,2026-09-26T06:43:43.957956+00:00,2021-08-18,CONSERVATIVE_T1,margin_sse,601869,True
2021-08-17,AGGREGATOR|research-node|akshare@1.18.97|stock_margin_detail_sse,2021-08-17,,2026-09-26T06:43:43.957956+00:00,2021-08-18,CONSERVATIVE_T1,margin_sse,601988,True
2021-08-17,AGGREGATOR|research-node|akshare@1.18.97|stock_margin_detail_sse,2021-08-17,,2026-09-26T06:43:43.957956+00:00,2021-08-18,CONSERVATIVE_T1,margin_sse,601992,True
2021-08-17,AGGREGATOR|research-node|akshare@1.18.97|stock_margin_detail_sse,2021-08-17,,2026-09-26T06:43:43.957956+00:00,2021-08-18,CONSERVATIVE_T1,margin_sse,688116,True
2021-08-17,AGGREGATOR|research-node|akshare@1.18.97|stock_margin_detail_sse,2021-08-17,,2026-09-26T06:43:43.957956+00:00,2021-08-18,CONSERVATIVE_T1,margin_sse,688218,True
2021-08-18,AGGREGATOR|research-node|akshare@1.18.97|stock_margin_detail_sse,2021-08-18,,2026-09-26T06:43:47.877910+00:00,2021-08-19,CONSERVATIVE_T1,margin_sse,600022,True
2021-08-18,AGGREGATOR|research-node|akshare@1.18.97|stock_margin_detail_sse,2021-08-18,,2026-09-26T06:43:47.877910+00:00,2021-08-19,CONSERVATIVE_T1,margin_sse,600269,True
2021-08-18,AGGREGATOR|research-node|akshare@1.18.97|stock_margin_detail_sse,2021-08-18,,2026-09-26T06:43:47.877910+00:00,2021-08-19,CONSERVATIVE_T1,margin_sse,600377,True
2021-08-18,AGGREGATOR|research-node|akshare@1.18.97|stock_margin_detail_sse,2021-08-18,,2026-09-26T06:43:47.877910+00:00,2021-08-19,CONSERVATIVE_T1,margin_sse,601298,True
2021-08-18,AGGREGATOR|research-node|akshare@1.18.97|stock_margin_detail_sse,2021-08-18,,2026-09-26T06:43:47.877910+00:00,2021-08-19,CONSERVATIVE_T1,margin_sse,601328,True
2021-08-18,AGGREGATOR|research-node|akshare@1.18.97|stock_margin_detail_sse,2021-08-18,,2026-09-26T06:43:47.877910+00:00,2021-08-19,CONSERVATIVE_T1,margin_sse,601869,True
2021-08-18,AGGREGATOR|research-node|akshare@1.18.97|stock_margin_detail_sse,2021-08-18,,2026-09-26T06:43:47.877910+00:00,2021-08-19,CONSERVATIVE_T1,margin_sse,601988,True
2021-08-18,AGGREGATOR|research-node|akshare@1.18.97|stock_margin_detail_sse,2021-08-18,,2026-09-26T06:43:47.877910+00:00,2021-08-19,CONSERVATIVE_T1,margin_sse,601992,True
2021-08-18,AGGREGATOR|research-node|akshare@1.18.97|stock_margin_detail_sse,2021-08-18,,2026-09-26T06:43:47.877910+00:00,2021-08-19,CONSERVATIVE_T1,margin_sse,688116,True
2021-08-18,AGGREGATOR|research-node|akshare@1.18.97|stock_margin_detail_sse,2021-08-18,,2026-09-26T06:43:47.877910+00:00,2021-08-19,CONSERVATIVE_T1,margin_sse,688218,True
2021-08-19,AGGREGATOR|research-node|akshare@1.18.97|stock_margin_detail_sse,2021-08-19,,2026-09-26T06:43:51.817135+00:00,2021-08-20,CONSERVATIVE_T1,margin_sse,600022,True
2021-08-19,AGGREGATOR|research-node|akshare@1.18.97|stock_margin_detail_sse,2021-08-19,,2026-09-26T06:43:51.817135+00:00,2021-08-20,CONSERVATIVE_T1,margin_sse,600269,True
2021-08-19,AGGREGATOR|research-node|akshare@1.18.97|stock_margin_detail_sse,2021-08-19,,2026-09-26T06:43:51.817135+00:00,2021-08-20,CONSERVATIVE_T1,margin_sse,600377,True
2021-08-19,AGGREGATOR|research-node|akshare@1.18.97|stock_margin_detail_sse,2021-08-19,,2026-09-26T06:43:51.817135+00:00,2021-08-20,CONSERVATIVE_T1,margin_sse,601298,True
2021-08-19,AGGREGATOR|research-node|akshare@1.18.97|stock_margin_detail_sse,2021-08-19,,2026-09-26T06:43:51.817135+00:00,2021-08-20,CONSERVATIVE_T1,margin_sse,601328,True
2021-08-19,AGGREGATOR|research-node|akshare@1.18.97|stock_margin_detail_sse,2021-08-19,,2026-09-26T06:43:51.817135+00:00,2021-08-20,CONSERVATIVE_T1,margin_sse,601869,True
2021-08-19,AGGREGATOR|research-node|akshare@1.18.97|stock_margin_detail_sse,2021-08-19,,2026-09-26T06:43:51.817135+00:00,2021-08-20,CONSERVATIVE_T1,margin_sse,601988,True
2021-08-19,AGGREGATOR|research-node|akshare@1.18.97|stock_margin_detail_sse,2021-08-19,,2026-09-26T06:43:51.817135+00:00,2021-08-20,CONSERVATIVE_T1,margin_sse,601992,True
2021-08-19,AGGREGATOR|research-node|akshare@1.18.97|stock_margin_detail_sse,2021-08-19,,2026-09-26T06:43:51.817135+00:00,2021-08-20,CONSERVATIVE_T1,margin_sse,688116,True
2021-08-19,AGGREGATOR|research-node|akshare@1.18.97|stock_margin_detail_sse,2021-08-19,,2026-09-26T06:43:51.817135+00:00,2021-08-20,CONSERVATIVE_T1,margin_sse,688218,True
2021-08-20,AGGREGATOR|research-node|akshare@1.18.97|stock_margin_detail_sse,2021-08-20,,2026-09-26T06:43:55.850579+00:00,2021-08-23,CONSERVATIVE_T1,margin_sse,600022,True
2021-08-20,AGGREGATOR|research-node|akshare@1.18.97|stock_margin_detail_sse,2021-08-20,,2026-09-26T06:43:55.850579+00:00,2021-08-23,CONSERVATIVE_T1,margin_sse,600269,True
2021-08-20,AGGREGATOR|research-node|akshare@1.18.97|stock_margin_detail_sse,2021-08-20,,2026-09-26T06:43:55.850579+00:00,2021-08-23,CONSERVATIVE_T1,margin_sse,600377,True
2021-08-20,AGGREGATOR|research-node|akshare@1.18.97|stock_margin_detail_sse,2021-08-20,,2026-09-26T06:43:55.850579+00:00,2021-08-23,CONSERVATIVE_T1,margin_sse,601298,True
2021-08-20,AGGREGATOR|research-node|akshare@1.18.97|stock_margin_detail_sse,2021-08-20,,2026-09-26T06:43:55.850579+00:00,2021-08-23,CONSERVATIVE_T1,margin_sse,601328,True
2021-08-20,AGGREGATOR|research-node|akshare@1.18.97|stock_margin_detail_sse,2021-08-20,,2026-09-26T06:43:55.850579+00:00,2021-08-23,CONSERVATIVE_T1,margin_sse,601869,True
2021-08-20,AGGREGATOR|research-node|akshare@1.18.97|stock_margin_detail_sse,2021-08-20,,2026-09-26T06:43:55.850579+00:00,2021-08-23,CONSERVATIVE_T1,margin_sse,601988,True
2021-08-20,AGGREGATOR|research-node|akshare@1.18.97|stock_margin_detail_sse,2021-08-20,,2026-09-26T06:43:55.850579+00:00,2021-08-23,CONSERVATIVE_T1,margin_sse,601992,True
2021-08-20,AGGREGATOR|research-node|akshare@1.18.97|stock_margin_detail_sse,2021-08-20,,2026-09-26T06:43:55.850579+00:00,2021-08-23,CONSERVATIVE_T1,margin_sse,688116,True
2021-08-20,AGGREGATOR|research-node|akshare@1.18.97|stock_margin_detail_sse,2021-08-20,,2026-09-26T06:43:55.850579+00:00,2021-08-23,CONSERVATIVE_T1,margin_sse,688218,True
2021-08-23,AGGREGATOR|research-node|akshare@1.18.97|stock_margin_detail_sse,2021-08-23,,2026-09-26T06:43:59.829877+00:00,2021-08-24,CONSERVATIVE_T1,margin_sse,600022,True
2021-08-23,AGGREGATOR|research-node|akshare@1.18.97|stock_margin_detail_sse,2021-08-23,,2026-09-26T06:43:59.829877+00:00,2021-08-24,CONSERVATIVE_T1,margin_sse,600269,True
2021-08-23,AGGREGATOR|research-node|akshare@1.18.97|stock_margin_detail_sse,2021-08-23,,2026-09-26T06:43:59.829877+00:00,2021-08-24,CONSERVATIVE_T1,margin_sse,600377,True
2021-08-23,AGGREGATOR|research-node|akshare@1.18.97|stock_margin_detail_sse,2021-08-23,,2026-09-26T06:43:59.829877+00:00,2021-08-24,CONSERVATIVE_T1,margin_sse,601298,True
2021-08-23,AGGREGATOR|research-node|akshare@1.18.97|stock_margin_detail_sse,2021-08-23,,2026-09-26T06:43:59.829877+00:00,2021-08-24,CONSERVATIVE_T1,margin_sse,601328,True
2021-08-23,AGGREGATOR|research-node|akshare@1.18.97|stock_margin_detail_sse,2021-08-23,,2026-09-26T06:43:59.829877+00:00,2021-08-24,CONSERVATIVE_T1,margin_sse,601869,True
2021-08-23,AGGREGATOR|research-node|akshare@1.18.97|stock_margin_detail_sse,2021-08-23,,2026-09-26T06:43:59.829877+00:00,2021-08-24,CONSERVATIVE_T1,margin_sse,601988,True
2021-08-23,AGGREGATOR|research-node|akshare@1.18.97|stock_margin_detail_sse,2021-08-23,,2026-09-26T06:43:59.829877+00:00,2021-08-24,CONSERVATIVE_T1,margin_sse,601992,True
2021-08-23,AGGREGATOR|research-node|akshare@1.18.97|stock_margin_detail_sse,2021-08-23,,2026-09-26T06:43:59.829877+00:00,2021-08-24,CONSERVATIVE_T1,margin_sse,688116,True
2021-08-23,AGGREGATOR|research-node|akshare@1.18.97|stock_margin_detail_sse,2021-08-23,,2026-09-26T06:43:59.829877+00:00,2021-08-24,CONSERVATIVE_T1,margin_sse,688218,True
2021-08-24,AGGREGATOR|research-node|akshare@1.18.97|stock_margin_detail_sse,2021-08-24,,2026-09-26T06:44:03.799507+00:00,2021-08-25,CONSERVATIVE_T1,margin_sse,600022,True
2021-08-24,AGGREGATOR|research-node|akshare@1.18.97|stock_margin_detail_sse,2021-08-24,,2026-09-26T06:44:03.799507+00:00,2021-08-25,CONSERVATIVE_T1,margin_sse,600269,True
2021-08-24,AGGREGATOR|research-node|akshare@1.18.97|stock_margin_detail_sse,2021-08-24,,2026-09-26T06:44:03.799507+00:00,2021-08-25,CONSERVATIVE_T1,margin_sse,600377,True
2021-08-24,AGGREGATOR|research-node|akshare@1.18.97|stock_margin_detail_sse,2021-08-24,,2026-09-26T06:44:03.799507+00:00,2021-08-25,CONSERVATIVE_T1,margin_sse,601298,True
2021-08-24,AGGREGATOR|research-node|akshare@1.18.97|stock_margin_detail_sse,2021-08-24,,2026-09-26T06:44:03.799507+00:00,2021-08-25,CONSERVATIVE_T1,margin_sse,601328,True
2021-08-24,AGGREGATOR|research-node|akshare@1.18.97|stock_margin_detail_sse,2021-08-24,,2026-09-26T06:44:03.799507+00:00,2021-08-25,CONSERVATIVE_T1,margin_sse,601869,True
2021-08-24,AGGREGATOR|research-node|akshare@1.18.97|stock_margin_detail_sse,2021-08-24,,2026-09-26T06:44:03.799507+00:00,2021-08-25,CONSERVATIVE_T1,margin_sse,601988,True
2021-08-24,AGGREGATOR|research-node|akshare@1.18.97|stock_margin_detail_sse,2021-08-24,,2026-09-26T06:44:03.799507+00:00,2021-08-25,CONSERVATIVE_T1,margin_sse,601992,True
2021-08-24,AGGREGATOR|research-node|akshare@1.18.97|stock_margin_detail_sse,2021-08-24,,2026-09-26T06:44:03.799507+00:00,2021-08-25,CONSERVATIVE_T1,margin_sse,688116,True
2021-08-24,AGGREGATOR|research-node|akshare@1.18.97|stock_margin_detail_sse,2021-08-24,,2026-09-26T06:44:03.799507+00:00,2021-08-25,CONSERVATIVE_T1,margin_sse,688218,True
2021-08-25,AGGREGATOR|research-node|akshare@1.18.97|stock_margin_detail_sse,2021-08-25,,2026-09-26T06:44:07.746465+00:00,2021-08-26,CONSERVATIVE_T1,margin_sse,600022,True
2021-08-25,AGGREGATOR|research-node|akshare@1.18.97|stock_margin_detail_sse,2021-08-25,,2026-09-26T06:44:07.746465+00:00,2021-08-26,CONSERVATIVE_T1,margin_sse,600269,True
2021-08-25,AGGREGATOR|research-node|akshare@1.18.97|stock_margin_detail_sse,2021-08-25,,2026-09-26T06:44:07.746465+00:00,2021-08-26,CONSERVATIVE_T1,margin_sse,600377,True
2021-08-25,AGGREGATOR|research-node|akshare@1.18.97|stock_margin_detail_sse,2021-08-25,,2026-09-26T06:44:07.746465+00:00,2021-08-26,CONSERVATIVE_T1,margin_sse,601298,True
2021-08-25,AGGREGATOR|research-node|akshare@1.18.97|stock_margin_detail_sse,2021-08-25,,2026-09-26T06:44:07.746465+00:00,2021-08-26,CONSERVATIVE_T1,margin_sse,601328,True
2021-08-25,AGGREGATOR|research-node|akshare@1.18.97|stock_margin_detail_sse,2021-08-25,,2026-09-26T06:44:07.746465+00:00,2021-08-26,CONSERVATIVE_T1,margin_sse,601869,True
2021-08-25,AGGREGATOR|research-node|akshare@1.18.97|stock_margin_detail_sse,2021-08-25,,2026-09-26T06:44:07.746465+00:00,2021-08-26,CONSERVATIVE_T1,margin_sse,601988,True
2021-08-25,AGGREGATOR|research-node|akshare@1.18.97|stock_margin_detail_sse,2021-08-25,,2026-09-26T06:44:07.746465+00:00,2021-08-26,CONSERVATIVE_T1,margin_sse,601992,True
2021-08-25,AGGREGATOR|research-node|akshare@1.18.97|stock_margin_detail_sse,2021-08-25,,2026-09-26T06:44:07.746465+00:00,2021-08-26,CONSERVATIVE_T1,margin_sse,688116,True
2021-08-25,AGGREGATOR|research-node|akshare@1.18.97|stock_margin_detail_sse,2021-08-25,,2026-09-26T06:44:07.746465+00:00,2021-08-26,CONSERVATIVE_T1,margin_sse,688218,True
2021-08-26,AGGREGATOR|research-node|akshare@1.18.97|stock_margin_detail_sse,2021-08-26,,2026-09-26T06:44:11.689251+00:00,2021-08-27,CONSERVATIVE_T1,margin_sse,600022,True
2021-08-26,AGGREGATOR|research-node|akshare@1.18.97|stock_margin_detail_sse,2021-08-26,,2026-09-26T06:44:11.689251+00:00,2021-08-27,CONSERVATIVE_T1,margin_sse,600269,True
2021-08-26,AGGREGATOR|research-node|akshare@1.18.97|stock_margin_detail_sse,2021-08-26,,2026-09-26T06:44:11.689251+00:00,2021-08-27,CONSERVATIVE_T1,margin_sse,600377,True
2021-08-26,AGGREGATOR|research-node|akshare@1.18.97|stock_margin_detail_sse,2021-08-26,,2026-09-26T06:44:11.689251+00:00,2021-08-27,CONSERVATIVE_T1,margin_sse,601298,True
2021-08-26,AGGREGATOR|research-node|akshare@1.18.97|stock_margin_detail_sse,2021-08-26,,2026-09-26T06:44:11.689251+00:00,2021-08-27,CONSERVATIVE_T1,margin_sse,601328,True
2021-08-26,AGGREGATOR|research-node|akshare@1.18.97|stock_margin_detail_sse,2021-08-26,,2026-09-26T06:44:11.689251+00:00,2021-08-27,CONSERVATIVE_T1,margin_sse,601869,True
2021-08-26,AGGREGATOR|research-node|akshare@1.18.97|stock_margin_detail_sse,2021-08-26,,2026-09-26T06:44:11.689251+00:00,2021-08-27,CONSERVATIVE_T1,margin_sse,601988,True
2021-08-26,AGGREGATOR|research-node|akshare@1.18.97|stock_margin_detail_sse,2021-08-26,,2026-09-26T06:44:11.689251+00:00,2021-08-27,CONSERVATIVE_T1,margin_sse,601992,True
2021-08-26,AGGREGATOR|research-node|akshare@1.18.97|stock_margin_detail_sse,2021-08-26,,2026-09-26T06:44:11.689251+00:00,2021-08-27,CONSERVATIVE_T1,margin_sse,688116,True
2021-08-26,AGGREGATOR|research-node|akshare@1.18.97|stock_margin_detail_sse,2021-08-26,,2026-09-26T06:44:11.689251+00:00,2021-08-27,CONSERVATIVE_T1,margin_sse,688218,True
2021-08-27,AGGREGATOR|research-node|akshare@1.18.97|stock_margin_detail_sse,2021-08-27,,2026-09-26T06:44:15.608608+00:00,2021-08-30,CONSERVATIVE_T1,margin_sse,600022,True
2021-08-27,AGGREGATOR|research-node|akshare@1.18.97|stock_margin_detail_sse,2021-08-27,,2026-09-26T06:44:15.608608+00:00,2021-08-30,CONSERVATIVE_T1,margin_sse,600269,True
2021-08-27,AGGREGATOR|research-node|akshare@1.18.97|stock_margin_detail_sse,2021-08-27,,2026-09-26T06:44:15.608608+00:00,2021-08-30,CONSERVATIVE_T1,margin_sse,600377,True
2021-08-27,AGGREGATOR|research-node|akshare@1.18.97|stock_margin_detail_sse,2021-08-27,,2026-09-26T06:44:15.608608+00:00,2021-08-30,CONSERVATIVE_T1,margin_sse,601298,True
2021-08-27,AGGREGATOR|research-node|akshare@1.18.97|stock_margin_detail_sse,2021-08-27,,2026-09-26T06:44:15.608608+00:00,2021-08-30,CONSERVATIVE_T1,margin_sse,601328,True
2021-08-27,AGGREGATOR|research-node|akshare@1.18.97|stock_margin_detail_sse,2021-08-27,,2026-09-26T06:44:15.608608+00:00,2021-08-30,CONSERVATIVE_T1,margin_sse,601869,True
2021-08-27,AGGREGATOR|research-node|akshare@1.18.97|stock_margin_detail_sse,2021-08-27,,2026-09-26T06:44:15.608608+00:00,2021-08-30,CONSERVATIVE_T1,margin_sse,601988,True
2021-08-27,AGGREGATOR|research-node|akshare@1.18.97|stock_margin_detail_sse,2021-08-27,,2026-09-26T06:44:15.608608+00:00,2021-08-30,CONSERVATIVE_T1,margin_sse,601992,True
2021-08-27,AGGREGATOR|research-node|akshare@1.18.97|stock_margin_detail_sse,2021-08-27,,2026-09-26T06:44:15.608608+00:00,2021-08-30,CONSERVATIVE_T1,margin_sse,688116,True
2021-08-27,AGGREGATOR|research-node|akshare@1.18.97|stock_margin_detail_sse,2021-08-27,,2026-09-26T06:44:15.608608+00:00,2021-08-30,CONSERVATIVE_T1,margin_sse,688218,True
2021-08-30,AGGREGATOR|research-node|akshare@1.18.97|stock_margin_detail_sse,2021-08-30,,2026-09-26T06:44:19.567765+00:00,2021-08-31,CONSERVATIVE_T1,margin_sse,600022,True
2021-08-30,AGGREGATOR|research-node|akshare@1.18.97|stock_margin_detail_sse,2021-08-30,,2026-09-26T06:44:19.567765+00:00,2021-08-31,CONSERVATIVE_T1,margin_sse,600269,True
2021-08-30,AGGREGATOR|research-node|akshare@1.18.97|stock_margin_detail_sse,2021-08-30,,2026-09-26T06:44:19.567765+00:00,2021-08-31,CONSERVATIVE_T1,margin_sse,600377,True
2021-08-30,AGGREGATOR|research-node|akshare@1.18.97|stock_margin_detail_sse,2021-08-30,,2026-09-26T06:44:19.567765+00:00,2021-08-31,CONSERVATIVE_T1,margin_sse,601298,True
2021-08-30,AGGREGATOR|research-node|akshare@1.18.97|stock_margin_detail_sse,2021-08-30,,2026-09-26T06:44:19.567765+00:00,2021-08-31,CONSERVATIVE_T1,margin_sse,601328,True
2021-08-30,AGGREGATOR|research-node|akshare@1.18.97|stock_margin_detail_sse,2021-08-30,,2026-09-26T06:44:19.567765+00:00,2021-08-31,CONSERVATIVE_T1,margin_sse,601869,True
2021-08-30,AGGREGATOR|research-node|akshare@1.18.97|stock_margin_detail_sse,2021-08-30,,2026-09-26T06:44:19.567765+00:00,2021-08-31,CONSERVATIVE_T1,margin_sse,601988,True
2021-08-30,AGGREGATOR|research-node|akshare@1.18.97|stock_margin_detail_sse,2021-08-30,,2026-09-26T06:44:19.567765+00:00,2021-08-31,CONSERVATIVE_T1,margin_sse,601992,True
2021-08-30,AGGREGATOR|research-node|akshare@1.18.97|stock_margin_detail_sse,2021-08-30,,2026-09-26T06:44:19.567765+00:00,2021-08-31,CONSERVATIVE_T1,margin_sse,688116,True
2021-08-30,AGGREGATOR|research-node|akshare@1.18.97|stock_margin_detail_sse,2021-08-30,,2026-09-26T06:44:19.567765+00:00,2021-08-31,CONSERVATIVE_T1,margin_sse,688218,True
2021-08-31,AGGREGATOR|research-node|akshare@1.18.97|stock_margin_detail_sse,2021-08-31,,2026-09-26T06:44:23.536976+00:00,2021-09-01,CONSERVATIVE_T1,margin_sse,600022,True
2021-08-31,AGGREGATOR|research-node|akshare@1.18.97|stock_margin_detail_sse,2021-08-31,,2026-09-26T06:44:23.536976+00:00,2021-09-01,CONSERVATIVE_T1,margin_sse,600269,True
2021-08-31,AGGREGATOR|research-node|akshare@1.18.97|stock_margin_detail_sse,2021-08-31,,2026-09-26T06:44:23.536976+00:00,2021-09-01,CONSERVATIVE_T1,margin_sse,600377,True
2021-08-31,AGGREGATOR|research-node|akshare@1.18.97|stock_margin_detail_sse,2021-08-31,,2026-09-26T06:44:23.536976+00:00,2021-09-01,CONSERVATIVE_T1,margin_sse,601298,True
2021-08-31,AGGREGATOR|research-node|akshare@1.18.97|stock_margin_detail_sse,2021-08-31,,2026-09-26T06:44:23.536976+00:00,2021-09-01,CONSERVATIVE_T1,margin_sse,601328,True
2021-08-31,AGGREGATOR|research-node|akshare@1.18.97|stock_margin_detail_sse,2021-08-31,,2026-09-26T06:44:23.536976+00:00,2021-09-01,CONSERVATIVE_T1,margin_sse,601869,True
2021-08-31,AGGREGATOR|research-node|akshare@1.18.97|stock_margin_detail_sse,2021-08-31,,2026-09-26T06:44:23.536976+00:00,2021-09-01,CONSERVATIVE_T1,margin_sse,601988,True
2021-08-31,AGGREGATOR|research-node|akshare@1.18.97|stock_margin_detail_sse,2021-08-31,,2026-09-26T06:44:23.536976+00:00,2021-09-01,CONSERVATIVE_T1,margin_sse,601992,True
2021-08-31,AGGREGATOR|research-node|akshare@1.18.97|stock_margin_detail_sse,2021-08-31,,2026-09-26T06:44:23.536976+00:00,2021-09-01,CONSERVATIVE_T1,margin_sse,688116,True
2021-08-31,AGGREGATOR|research-node|akshare@1.18.97|stock_margin_detail_sse,2021-08-31,,2026-09-26T06:44:23.536976+00:00,2021-09-01,CONSERVATIVE_T1,margin_sse,688218,True
2021-09-01,AGGREGATOR|research-node|akshare@1.18.97|stock_margin_detail_sse,2021-09-01,,2026-09-26T06:44:27.450048+00:00,2021-09-02,CONSERVATIVE_T1,margin_sse,600022,True
2021-09-01,AGGREGATOR|research-node|akshare@1.18.97|stock_margin_detail_sse,2021-09-01,,2026-09-26T06:44:27.450048+00:00,2021-09-02,CONSERVATIVE_T1,margin_sse,600269,True
2021-09-01,AGGREGATOR|research-node|akshare@1.18.97|stock_margin_detail_sse,2021-09-01,,2026-09-26T06:44:27.450048+00:00,2021-09-02,CONSERVATIVE_T1,margin_sse,600377,True
2021-09-01,AGGREGATOR|research-node|akshare@1.18.97|stock_margin_detail_sse,2021-09-01,,2026-09-26T06:44:27.450048+00:00,2021-09-02,CONSERVATIVE_T1,margin_sse,601298,True
2021-09-01,AGGREGATOR|research-node|akshare@1.18.97|stock_margin_detail_sse,2021-09-01,,2026-09-26T06:44:27.450048+00:00,2021-09-02,CONSERVATIVE_T1,margin_sse,601328,True
2021-09-01,AGGREGATOR|research-node|akshare@1.18.97|stock_margin_detail_sse,2021-09-01,,2026-09-26T06:44:27.450048+00:00,2021-09-02,CONSERVATIVE_T1,margin_sse,601869,True
2021-09-01,AGGREGATOR|research-node|akshare@1.18.97|stock_margin_detail_sse,2021-09-01,,2026-09-26T06:44:27.450048+00:00,2021-09-02,CONSERVATIVE_T1,margin_sse,601988,True
2021-09-01,AGGREGATOR|research-node|akshare@1.18.97|stock_margin_detail_sse,2021-09-01,,2026-09-26T06:44:27.450048+00:00,2021-09-02,CONSERVATIVE_T1,margin_sse,601992,True
2021-09-01,AGGREGATOR|research-node|akshare@1.18.97|stock_margin_detail_sse,2021-09-01,,2026-09-26T06:44:27.450048+00:00,2021-09-02,CONSERVATIVE_T1,margin_sse,688116,True
2021-09-01,AGGREGATOR|research-node|akshare@1.18.97|stock_margin_detail_sse,2021-09-01,,2026-09-26T06:44:27.450048+00:00,2021-09-02,CONSERVATIVE_T1,margin_sse,688218,True
2021-09-02,AGGREGATOR|research-node|akshare@1.18.97|stock_margin_detail_sse,2021-09-02,,2026-09-26T06:44:31.367400+00:00,2021-09-03,CONSERVATIVE_T1,margin_sse,600022,True
2021-09-02,AGGREGATOR|research-node|akshare@1.18.97|stock_margin_detail_sse,2021-09-02,,2026-09-26T06:44:31.367400+00:00,2021-09-03,CONSERVATIVE_T1,margin_sse,600269,True
2021-09-02,AGGREGATOR|research-node|akshare@1.18.97|stock_margin_detail_sse,2021-09-02,,2026-09-26T06:44:31.367400+00:00,2021-09-03,CONSERVATIVE_T1,margin_sse,600377,True
2021-09-02,AGGREGATOR|research-node|akshare@1.18.97|stock_margin_detail_sse,2021-09-02,,2026-09-26T06:44:31.367400+00:00,2021-09-03,CONSERVATIVE_T1,margin_sse,601298,True
2021-09-02,AGGREGATOR|research-node|akshare@1.18.97|stock_margin_detail_sse,2021-09-02,,2026-09-26T06:44:31.367400+00:00,2021-09-03,CONSERVATIVE_T1,margin_sse,601328,True
2021-09-02,AGGREGATOR|research-node|akshare@1.18.97|stock_margin_detail_sse,2021-09-02,,2026-09-26T06:44:31.367400+00:00,2021-09-03,CONSERVATIVE_T1,margin_sse,601869,True
2021-09-02,AGGREGATOR|research-node|akshare@1.18.97|stock_margin_detail_sse,2021-09-02,,2026-09-26T06:44:31.367400+00:00,2021-09-03,CONSERVATIVE_T1,margin_sse,601988,True
2021-09-02,AGGREGATOR|research-node|akshare@1.18.97|stock_margin_detail_sse,2021-09-02,,2026-09-26T06:44:31.367400+00:00,2021-09-03,CONSERVATIVE_T1,margin_sse,601992,True
2021-09-02,AGGREGATOR|research-node|akshare@1.18.97|stock_margin_detail_sse,2021-09-02,,2026-09-26T06:44:31.367400+00:00,2021-09-03,CONSERVATIVE_T1,margin_sse,688116,True
2021-09-02,AGGREGATOR|research-node|akshare@1.18.97|stock_margin_detail_sse,2021-09-02,,2026-09-26T06:44:31.367400+00:00,2021-09-03,CONSERVATIVE_T1,margin_sse,688218,True
2021-09-03,AGGREGATOR|research-node|akshare@1.18.97|stock_margin_detail_sse,2021-09-03,,2026-09-26T06:44:35.350051+00:00,2021-09-06,CONSERVATIVE_T1,margin_sse,600022,True
2021-09-03,AGGREGATOR|research-node|akshare@1.18.97|stock_margin_detail_sse,2021-09-03,,2026-09-26T06:44:35.350051+00:00,2021-09-06,CONSERVATIVE_T1,margin_sse,600269,True
2021-09-03,AGGREGATOR|research-node|akshare@1.18.97|stock_margin_detail_sse,2021-09-03,,2026-09-26T06:44:35.350051+00:00,2021-09-06,CONSERVATIVE_T1,margin_sse,600377,True
2021-09-03,AGGREGATOR|research-node|akshare@1.18.97|stock_margin_detail_sse,2021-09-03,,2026-09-26T06:44:35.350051+00:00,2021-09-06,CONSERVATIVE_T1,margin_sse,601298,True
2021-09-03,AGGREGATOR|research-node|akshare@1.18.97|stock_margin_detail_sse,2021-09-03,,2026-09-26T06:44:35.350051+00:00,2021-09-06,CONSERVATIVE_T1,margin_sse,601328,True
2021-09-03,AGGREGATOR|research-node|akshare@1.18.97|stock_margin_detail_sse,2021-09-03,,2026-09-26T06:44:35.350051+00:00,2021-09-06,CONSERVATIVE_T1,margin_sse,601869,True
2021-09-03,AGGREGATOR|research-node|akshare@1.18.97|stock_margin_detail_sse,2021-09-03,,2026-09-26T06:44:35.350051+00:00,2021-09-06,CONSERVATIVE_T1,margin_sse,601988,True
2021-09-03,AGGREGATOR|research-node|akshare@1.18.97|stock_margin_detail_sse,2021-09-03,,2026-09-26T06:44:35.350051+00:00,2021-09-06,CONSERVATIVE_T1,margin_sse,601992,True
2021-09-03,AGGREGATOR|research-node|akshare@1.18.97|stock_margin_detail_sse,2021-09-03,,2026-09-26T06:44:35.350051+00:00,2021-09-06,CONSERVATIVE_T1,margin_sse,688116,True
2021-09-03,AGGREGATOR|research-node|akshare@1.18.97|stock_margin_detail_sse,2021-09-03,,2026-09-26T06:44:35.350051+00:00,2021-09-06,CONSERVATIVE_T1,margin_sse,688218,True
2021-09-06,AGGREGATOR|research-node|akshare@1.18.97|stock_margin_detail_sse,2021-09-06,,2026-09-26T06:44:39.263254+00:00,2021-09-07,CONSERVATIVE_T1,margin_sse,600022,True
2021-09-06,AGGREGATOR|research-node|akshare@1.18.97|stock_margin_detail_sse,2021-09-06,,2026-09-26T06:44:39.263254+00:00,2021-09-07,CONSERVATIVE_T1,margin_sse,600269,True
2021-09-06,AGGREGATOR|research-node|akshare@1.18.97|stock_margin_detail_sse,2021-09-06,,2026-09-26T06:44:39.263254+00:00,2021-09-07,CONSERVATIVE_T1,margin_sse,600377,True
2021-09-06,AGGREGATOR|research-node|akshare@1.18.97|stock_margin_detail_sse,2021-09-06,,2026-09-26T06:44:39.263254+00:00,2021-09-07,CONSERVATIVE_T1,margin_sse,601298,True
2021-09-06,AGGREGATOR|research-node|akshare@1.18.97|stock_margin_detail_sse,2021-09-06,,2026-09-26T06:44:39.263254+00:00,2021-09-07,CONSERVATIVE_T1,margin_sse,601328,True
2021-09-06,AGGREGATOR|research-node|akshare@1.18.97|stock_margin_detail_sse,2021-09-06,,2026-09-26T06:44:39.263254+00:00,2021-09-07,CONSERVATIVE_T1,margin_sse,601869,True
2021-09-06,AGGREGATOR|research-node|akshare@1.18.97|stock_margin_detail_sse,2021-09-06,,2026-09-26T06:44:39.263254+00:00,2021-09-07,CONSERVATIVE_T1,margin_sse,601988,True
2021-09-06,AGGREGATOR|research-node|akshare@1.18.97|stock_margin_detail_sse,2021-09-06,,2026-09-26T06:44:39.263254+00:00,2021-09-07,CONSERVATIVE_T1,margin_sse,601992,True
2021-09-06,AGGREGATOR|research-node|akshare@1.18.97|stock_margin_detail_sse,2021-09-06,,2026-09-26T06:44:39.263254+00:00,2021-09-07,CONSERVATIVE_T1,margin_sse,688116,True
2021-09-06,AGGREGATOR|research-node|akshare@1.18.97|stock_margin_detail_sse,2021-09-06,,2026-09-26T06:44:39.263254+00:00,2021-09-07,CONSERVATIVE_T1,margin_sse,688218,True
2021-09-07,AGGREGATOR|research-node|akshare@1.18.97|stock_margin_detail_sse,2021-09-07,,2026-09-26T06:44:43.402569+00:00,2021-09-08,CONSERVATIVE_T1,margin_sse,600022,True
2021-09-07,AGGREGATOR|research-node|akshare@1.18.97|stock_margin_detail_sse,2021-09-07,,2026-09-26T06:44:43.402569+00:00,2021-09-08,CONSERVATIVE_T1,margin_sse,600269,True
2021-09-07,AGGREGATOR|research-node|akshare@1.18.97|stock_margin_detail_sse,2021-09-07,,2026-09-26T06:44:43.402569+00:00,2021-09-08,CONSERVATIVE_T1,margin_sse,600377,True
2021-09-07,AGGREGATOR|research-node|akshare@1.18.97|stock_margin_detail_sse,2021-09-07,,2026-09-26T06:44:43.402569+00:00,2021-09-08,CONSERVATIVE_T1,margin_sse,601298,True
2021-09-07,AGGREGATOR|research-node|akshare@1.18.97|stock_margin_detail_sse,2021-09-07,,2026-09-26T06:44:43.402569+00:00,2021-09-08,CONSERVATIVE_T1,margin_sse,601328,True
2021-09-07,AGGREGATOR|research-node|akshare@1.18.97|stock_margin_detail_sse,2021-09-07,,2026-09-26T06:44:43.402569+00:00,2021-09-08,CONSERVATIVE_T1,margin_sse,601869,True
2021-09-07,AGGREGATOR|research-node|akshare@1.18.97|stock_margin_detail_sse,2021-09-07,,2026-09-26T06:44:43.402569+00:00,2021-09-08,CONSERVATIVE_T1,margin_sse,601988,True
2021-09-07,AGGREGATOR|research-node|akshare@1.18.97|stock_margin_detail_sse,2021-09-07,,2026-09-26T06:44:43.402569+00:00,2021-09-08,CONSERVATIVE_T1,margin_sse,601992,True
2021-09-07,AGGREGATOR|research-node|akshare@1.18.97|stock_margin_detail_sse,2021-09-07,,2026-09-26T06:44:43.402569+00:00,2021-09-08,CONSERVATIVE_T1,margin_sse,688116,True
2021-09-07,AGGREGATOR|research-node|akshare@1.18.97|stock_margin_detail_sse,2021-09-07,,2026-09-26T06:44:43.402569+00:00,2021-09-08,CONSERVATIVE_T1,margin_sse,688218,True
2021-09-08,AGGREGATOR|research-node|akshare@1.18.97|stock_margin_detail_sse,2021-09-08,,2026-09-26T06:44:47.389669+00:00,2021-09-09,CONSERVATIVE_T1,margin_sse,600022,True
2021-09-08,AGGREGATOR|research-node|akshare@1.18.97|stock_margin_detail_sse,2021-09-08,,2026-09-26T06:44:47.389669+00:00,2021-09-09,CONSERVATIVE_T1,margin_sse,600269,True
2021-09-08,AGGREGATOR|research-node|akshare@1.18.97|stock_margin_detail_sse,2021-09-08,,2026-09-26T06:44:47.389669+00:00,2021-09-09,CONSERVATIVE_T1,margin_sse,600377,True
2021-09-08,AGGREGATOR|research-node|akshare@1.18.97|stock_margin_detail_sse,2021-09-08,,2026-09-26T06:44:47.389669+00:00,2021-09-09,CONSERVATIVE_T1,margin_sse,601298,True
2021-09-08,AGGREGATOR|research-node|akshare@1.18.97|stock_margin_detail_sse,2021-09-08,,2026-09-26T06:44:47.389669+00:00,2021-09-09,CONSERVATIVE_T1,margin_sse,601328,True
2021-09-08,AGGREGATOR|research-node|akshare@1.18.97|stock_margin_detail_sse,2021-09-08,,2026-09-26T06:44:47.389669+00:00,2021-09-09,CONSERVATIVE_T1,margin_sse,601869,True
2021-09-08,AGGREGATOR|research-node|akshare@1.18.97|stock_margin_detail_sse,2021-09-08,,2026-09-26T06:44:47.389669+00:00,2021-09-09,CONSERVATIVE_T1,margin_sse,601988,True
2021-09-08,AGGREGATOR|research-node|akshare@1.18.97|stock_margin_detail_sse,2021-09-08,,2026-09-26T06:44:47.389669+00:00,2021-09-09,CONSERVATIVE_T1,margin_sse,601992,True
2021-09-08,AGGREGATOR|research-node|akshare@1.18.97|stock_margin_detail_sse,2021-09-08,,2026-09-26T06:44:47.389669+00:00,2021-09-09,CONSERVATIVE_T1,margin_sse,688116,True
2021-09-08,AGGREGATOR|research-node|akshare@1.18.97|stock_margin_detail_sse,2021-09-08,,2026-09-26T06:44:47.389669+00:00,2021-09-09,CONSERVATIVE_T1,margin_sse,688218,True
2021-09-09,AGGREGATOR|research-node|akshare@1.18.97|stock_margin_detail_sse,2021-09-09,,2026-09-26T06:44:51.277785+00:00,2021-09-10,CONSERVATIVE_T1,margin_sse,600022,True
2021-09-09,AGGREGATOR|research-node|akshare@1.18.97|stock_margin_detail_sse,2021-09-09,,2026-09-26T06:44:51.277785+00:00,2021-09-10,CONSERVATIVE_T1,margin_sse,600269,True
2021-09-09,AGGREGATOR|research-node|akshare@1.18.97|stock_margin_detail_sse,2021-09-09,,2026-09-26T06:44:51.277785+00:00,2021-09-10,CONSERVATIVE_T1,margin_sse,600377,True
2021-09-09,AGGREGATOR|research-node|akshare@1.18.97|stock_margin_detail_sse,2021-09-09,,2026-09-26T06:44:51.277785+00:00,2021-09-10,CONSERVATIVE_T1,margin_sse,601298,True
2021-09-09,AGGREGATOR|research-node|akshare@1.18.97|stock_margin_detail_sse,2021-09-09,,2026-09-26T06:44:51.277785+00:00,2021-09-10,CONSERVATIVE_T1,margin_sse,601328,True
2021-09-09,AGGREGATOR|research-node|akshare@1.18.97|stock_margin_detail_sse,2021-09-09,,2026-09-26T06:44:51.277785+00:00,2021-09-10,CONSERVATIVE_T1,margin_sse,601869,True
2021-09-09,AGGREGATOR|research-node|akshare@1.18.97|stock_margin_detail_sse,2021-09-09,,2026-09-26T06:44:51.277785+00:00,2021-09-10,CONSERVATIVE_T1,margin_sse,601988,True
2021-09-09,AGGREGATOR|research-node|akshare@1.18.97|stock_margin_detail_sse,2021-09-09,,2026-09-26T06:44:51.277785+00:00,2021-09-10,CONSERVATIVE_T1,margin_sse,601992,True
2021-09-09,AGGREGATOR|research-node|akshare@1.18.97|stock_margin_detail_sse,2021-09-09,,2026-09-26T06:44:51.277785+00:00,2021-09-10,CONSERVATIVE_T1,margin_sse,688116,True
2021-09-09,AGGREGATOR|research-node|akshare@1.18.97|stock_margin_detail_sse,2021-09-09,,2026-09-26T06:44:51.277785+00:00,2021-09-10,CONSERVATIVE_T1,margin_sse,688218,True
2021-09-10,AGGREGATOR|research-node|akshare@1.18.97|stock_margin_detail_sse,2021-09-10,,2026-09-26T06:44:55.244750+00:00,2021-09-13,CONSERVATIVE_T1,margin_sse,600022,True
2021-09-10,AGGREGATOR|research-node|akshare@1.18.97|stock_margin_detail_sse,2021-09-10,,2026-09-26T06:44:55.244750+00:00,2021-09-13,CONSERVATIVE_T1,margin_sse,600269,True
2021-09-10,AGGREGATOR|research-node|akshare@1.18.97|stock_margin_detail_sse,2021-09-10,,2026-09-26T06:44:55.244750+00:00,2021-09-13,CONSERVATIVE_T1,margin_sse,600377,True
2021-09-10,AGGREGATOR|research-node|akshare@1.18.97|stock_margin_detail_sse,2021-09-10,,2026-09-26T06:44:55.244750+00:00,2021-09-13,CONSERVATIVE_T1,margin_sse,601298,True
2021-09-10,AGGREGATOR|research-node|akshare@1.18.97|stock_margin_detail_sse,2021-09-10,,2026-09-26T06:44:55.244750+00:00,2021-09-13,CONSERVATIVE_T1,margin_sse,601328,True
2021-09-10,AGGREGATOR|research-node|akshare@1.18.97|stock_margin_detail_sse,2021-09-10,,2026-09-26T06:44:55.244750+00:00,2021-09-13,CONSERVATIVE_T1,margin_sse,601869,True
2021-09-10,AGGREGATOR|research-node|akshare@1.18.97|stock_margin_detail_sse,2021-09-10,,2026-09-26T06:44:55.244750+00:00,2021-09-13,CONSERVATIVE_T1,margin_sse,601988,True
2021-09-10,AGGREGATOR|research-node|akshare@1.18.97|stock_margin_detail_sse,2021-09-10,,2026-09-26T06:44:55.244750+00:00,2021-09-13,CONSERVATIVE_T1,margin_sse,601992,True
2021-09-10,AGGREGATOR|research-node|akshare@1.18.97|stock_margin_detail_sse,2021-09-10,,2026-09-26T06:44:55.244750+00:00,2021-09-13,CONSERVATIVE_T1,margin_sse,688116,True
2021-09-10,AGGREGATOR|research-node|akshare@1.18.97|stock_margin_detail_sse,2021-09-10,,2026-09-26T06:44:55.244750+00:00,2021-09-13,CONSERVATIVE_T1,margin_sse,688218,True
2021-09-13,AGGREGATOR|research-node|akshare@1.18.97|stock_margin_detail_sse,2021-09-13,,2026-09-26T06:44:59.236120+00:00,2021-09-14,CONSERVATIVE_T1,margin_sse,600022,True
2021-09-13,AGGREGATOR|research-node|akshare@1.18.97|stock_margin_detail_sse,2021-09-13,,2026-09-26T06:44:59.236120+00:00,2021-09-14,CONSERVATIVE_T1,margin_sse,600269,True
2021-09-13,AGGREGATOR|research-node|akshare@1.18.97|stock_margin_detail_sse,2021-09-13,,2026-09-26T06:44:59.236120+00:00,2021-09-14,CONSERVATIVE_T1,margin_sse,600377,True
2021-09-13,AGGREGATOR|research-node|akshare@1.18.97|stock_margin_detail_sse,2021-09-13,,2026-09-26T06:44:59.236120+00:00,2021-09-14,CONSERVATIVE_T1,margin_sse,601298,True
2021-09-13,AGGREGATOR|research-node|akshare@1.18.97|stock_margin_detail_sse,2021-09-13,,2026-09-26T06:44:59.236120+00:00,2021-09-14,CONSERVATIVE_T1,margin_sse,601328,True
2021-09-13,AGGREGATOR|research-node|akshare@1.18.97|stock_margin_detail_sse,2021-09-13,,2026-09-26T06:44:59.236120+00:00,2021-09-14,CONSERVATIVE_T1,margin_sse,601869,True
2021-09-13,AGGREGATOR|research-node|akshare@1.18.97|stock_margin_detail_sse,2021-09-13,,2026-09-26T06:44:59.236120+00:00,2021-09-14,CONSERVATIVE_T1,margin_sse,601988,True
2021-09-13,AGGREGATOR|research-node|akshare@1.18.97|stock_margin_detail_sse,2021-09-13,,2026-09-26T06:44:59.236120+00:00,2021-09-14,CONSERVATIVE_T1,margin_sse,601992,True
2021-09-13,AGGREGATOR|research-node|akshare@1.18.97|stock_margin_detail_sse,2021-09-13,,2026-09-26T06:44:59.236120+00:00,2021-09-14,CONSERVATIVE_T1,margin_sse,688116,True
2021-09-13,AGGREGATOR|research-node|akshare@1.18.97|stock_margin_detail_sse,2021-09-13,,2026-09-26T06:44:59.236120+00:00,2021-09-14,CONSERVATIVE_T1,margin_sse,688218,True
2021-09-14,AGGREGATOR|research-node|akshare@1.18.97|stock_margin_detail_sse,2021-09-14,,2026-09-26T06:45:03.123641+00:00,2021-09-15,CONSERVATIVE_T1,margin_sse,600022,True
2021-09-14,AGGREGATOR|research-node|akshare@1.18.97|stock_margin_detail_sse,2021-09-14,,2026-09-26T06:45:03.123641+00:00,2021-09-15,CONSERVATIVE_T1,margin_sse,600269,True
2021-09-14,AGGREGATOR|research-node|akshare@1.18.97|stock_margin_detail_sse,2021-09-14,,2026-09-26T06:45:03.123641+00:00,2021-09-15,CONSERVATIVE_T1,margin_sse,600377,True
2021-09-14,AGGREGATOR|research-node|akshare@1.18.97|stock_margin_detail_sse,2021-09-14,,2026-09-26T06:45:03.123641+00:00,2021-09-15,CONSERVATIVE_T1,margin_sse,601298,True
2021-09-14,AGGREGATOR|research-node|akshare@1.18.97|stock_margin_detail_sse,2021-09-14,,2026-09-26T06:45:03.123641+00:00,2021-09-15,CONSERVATIVE_T1,margin_sse,601328,True
2021-09-14,AGGREGATOR|research-node|akshare@1.18.97|stock_margin_detail_sse,2021-09-14,,2026-09-26T06:45:03.123641+00:00,2021-09-15,CONSERVATIVE_T1,margin_sse,601869,True
2021-09-14,AGGREGATOR|research-node|akshare@1.18.97|stock_margin_detail_sse,2021-09-14,,2026-09-26T06:45:03.123641+00:00,2021-09-15,CONSERVATIVE_T1,margin_sse,601988,True
2021-09-14,AGGREGATOR|research-node|akshare@1.18.97|stock_margin_detail_sse,2021-09-14,,2026-09-26T06:45:03.123641+00:00,2021-09-15,CONSERVATIVE_T1,margin_sse,601992,True
2021-09-14,AGGREGATOR|research-node|akshare@1.18.97|stock_margin_detail_sse,2021-09-14,,2026-09-26T06:45:03.123641+00:00,2021-09-15,CONSERVATIVE_T1,margin_sse,688116,True
2021-09-14,AGGREGATOR|research-node|akshare@1.18.97|stock_margin_detail_sse,2021-09-14,,2026-09-26T06:45:03.123641+00:00,2021-09-15,CONSERVATIVE_T1,margin_sse,688218,True
2021-09-15,AGGREGATOR|research-node|akshare@1.18.97|stock_margin_detail_sse,2021-09-15,,2026-09-26T06:45:07.022240+00:00,2021-09-16,CONSERVATIVE_T1,margin_sse,600022,True
2021-09-15,AGGREGATOR|research-node|akshare@1.18.97|stock_margin_detail_sse,2021-09-15,,2026-09-26T06:45:07.022240+00:00,2021-09-16,CONSERVATIVE_T1,margin_sse,600269,True
2021-09-15,AGGREGATOR|research-node|akshare@1.18.97|stock_margin_detail_sse,2021-09-15,,2026-09-26T06:45:07.022240+00:00,2021-09-16,CONSERVATIVE_T1,margin_sse,600377,True
2021-09-15,AGGREGATOR|research-node|akshare@1.18.97|stock_margin_detail_sse,2021-09-15,,2026-09-26T06:45:07.022240+00:00,2021-09-16,CONSERVATIVE_T1,margin_sse,601298,True
2021-09-15,AGGREGATOR|research-node|akshare@1.18.97|stock_margin_detail_sse,2021-09-15,,2026-09-26T06:45:07.022240+00:00,2021-09-16,CONSERVATIVE_T1,margin_sse,601328,True
2021-09-15,AGGREGATOR|research-node|akshare@1.18.97|stock_margin_detail_sse,2021-09-15,,2026-09-26T06:45:07.022240+00:00,2021-09-16,CONSERVATIVE_T1,margin_sse,601869,True
2021-09-15,AGGREGATOR|research-node|akshare@1.18.97|stock_margin_detail_sse,2021-09-15,,2026-09-26T06:45:07.022240+00:00,2021-09-16,CONSERVATIVE_T1,margin_sse,601988,True
2021-09-15,AGGREGATOR|research-node|akshare@1.18.97|stock_margin_detail_sse,2021-09-15,,2026-09-26T06:45:07.022240+00:00,2021-09-16,CONSERVATIVE_T1,margin_sse,601992,True
2021-09-15,AGGREGATOR|research-node|akshare@1.18.97|stock_margin_detail_sse,2021-09-15,,2026-09-26T06:45:07.022240+00:00,2021-09-16,CONSERVATIVE_T1,margin_sse,688116,True
2021-09-15,AGGREGATOR|research-node|akshare@1.18.97|stock_margin_detail_sse,2021-09-15,,2026-09-26T06:45:07.022240+00:00,2021-09-16,CONSERVATIVE_T1,margin_sse,688218,True
2021-09-16,AGGREGATOR|research-node|akshare@1.18.97|stock_margin_detail_sse,2021-09-16,,2026-09-26T06:45:10.982711+00:00,2021-09-17,CONSERVATIVE_T1,margin_sse,600022,True
2021-09-16,AGGREGATOR|research-node|akshare@1.18.97|stock_margin_detail_sse,2021-09-16,,2026-09-26T06:45:10.982711+00:00,2021-09-17,CONSERVATIVE_T1,margin_sse,600269,True
2021-09-16,AGGREGATOR|research-node|akshare@1.18.97|stock_margin_detail_sse,2021-09-16,,2026-09-26T06:45:10.982711+00:00,2021-09-17,CONSERVATIVE_T1,margin_sse,600377,True
2021-09-16,AGGREGATOR|research-node|akshare@1.18.97|stock_margin_detail_sse,2021-09-16,,2026-09-26T06:45:10.982711+00:00,2021-09-17,CONSERVATIVE_T1,margin_sse,601298,True
2021-09-16,AGGREGATOR|research-node|akshare@1.18.97|stock_margin_detail_sse,2021-09-16,,2026-09-26T06:45:10.982711+00:00,2021-09-17,CONSERVATIVE_T1,margin_sse,601328,True
2021-09-16,AGGREGATOR|research-node|akshare@1.18.97|stock_margin_detail_sse,2021-09-16,,2026-09-26T06:45:10.982711+00:00,2021-09-17,CONSERVATIVE_T1,margin_sse,601869,True
2021-09-16,AGGREGATOR|research-node|akshare@1.18.97|stock_margin_detail_sse,2021-09-16,,2026-09-26T06:45:10.982711+00:00,2021-09-17,CONSERVATIVE_T1,margin_sse,601988,True
2021-09-16,AGGREGATOR|research-node|akshare@1.18.97|stock_margin_detail_sse,2021-09-16,,2026-09-26T06:45:10.982711+00:00,2021-09-17,CONSERVATIVE_T1,margin_sse,601992,True
2021-09-16,AGGREGATOR|research-node|akshare@1.18.97|stock_margin_detail_sse,2021-09-16,,2026-09-26T06:45:10.982711+00:00,2021-09-17,CONSERVATIVE_T1,margin_sse,688116,True
2021-09-16,AGGREGATOR|research-node|akshare@1.18.97|stock_margin_detail_sse,2021-09-16,,2026-09-26T06:45:10.982711+00:00,2021-09-17,CONSERVATIVE_T1,margin_sse,688218,True
2021-09-17,AGGREGATOR|research-node|akshare@1.18.97|stock_margin_detail_sse,2021-09-17,,2026-09-26T06:45:14.910983+00:00,2021-09-22,CONSERVATIVE_T1,margin_sse,600022,True
2021-09-17,AGGREGATOR|research-node|akshare@1.18.97|stock_margin_detail_sse,2021-09-17,,2026-09-26T06:45:14.910983+00:00,2021-09-22,CONSERVATIVE_T1,margin_sse,600269,True
2021-09-17,AGGREGATOR|research-node|akshare@1.18.97|stock_margin_detail_sse,2021-09-17,,2026-09-26T06:45:14.910983+00:00,2021-09-22,CONSERVATIVE_T1,margin_sse,600377,True
2021-09-17,AGGREGATOR|research-node|akshare@1.18.97|stock_margin_detail_sse,2021-09-17,,2026-09-26T06:45:14.910983+00:00,2021-09-22,CONSERVATIVE_T1,margin_sse,601298,True
2021-09-17,AGGREGATOR|research-node|akshare@1.18.97|stock_margin_detail_sse,2021-09-17,,2026-09-26T06:45:14.910983+00:00,2021-09-22,CONSERVATIVE_T1,margin_sse,601328,True
2021-09-17,AGGREGATOR|research-node|akshare@1.18.97|stock_margin_detail_sse,2021-09-17,,2026-09-26T06:45:14.910983+00:00,2021-09-22,CONSERVATIVE_T1,margin_sse,601869,True
2021-09-17,AGGREGATOR|research-node|akshare@1.18.97|stock_margin_detail_sse,2021-09-17,,2026-09-26T06:45:14.910983+00:00,2021-09-22,CONSERVATIVE_T1,margin_sse,601988,True
2021-09-17,AGGREGATOR|research-node|akshare@1.18.97|stock_margin_detail_sse,2021-09-17,,2026-09-26T06:45:14.910983+00:00,2021-09-22,CONSERVATIVE_T1,margin_sse,601992,True
2021-09-17,AGGREGATOR|research-node|akshare@1.18.97|stock_margin_detail_sse,2021-09-17,,2026-09-26T06:45:14.910983+00:00,2021-09-22,CONSERVATIVE_T1,margin_sse,688116,True
2021-09-17,AGGREGATOR|research-node|akshare@1.18.97|stock_margin_detail_sse,2021-09-17,,2026-09-26T06:45:14.910983+00:00,2021-09-22,CONSERVATIVE_T1,margin_sse,688218,True
2021-09-22,AGGREGATOR|research-node|akshare@1.18.97|stock_margin_detail_sse,2021-09-22,,2026-09-26T06:45:18.908080+00:00,2021-09-23,CONSERVATIVE_T1,margin_sse,600022,True
2021-09-22,AGGREGATOR|research-node|akshare@1.18.97|stock_margin_detail_sse,2021-09-22,,2026-09-26T06:45:18.908080+00:00,2021-09-23,CONSERVATIVE_T1,margin_sse,600269,True
2021-09-22,AGGREGATOR|research-node|akshare@1.18.97|stock_margin_detail_sse,2021-09-22,,2026-09-26T06:45:18.908080+00:00,2021-09-23,CONSERVATIVE_T1,margin_sse,600377,True
2021-09-22,AGGREGATOR|research-node|akshare@1.18.97|stock_margin_detail_sse,2021-09-22,,2026-09-26T06:45:18.908080+00:00,2021-09-23,CONSERVATIVE_T1,margin_sse,601298,True
2021-09-22,AGGREGATOR|research-node|akshare@1.18.97|stock_margin_detail_sse,2021-09-22,,2026-09-26T06:45:18.908080+00:00,2021-09-23,CONSERVATIVE_T1,margin_sse,601328,True
2021-09-22,AGGREGATOR|research-node|akshare@1.18.97|stock_margin_detail_sse,2021-09-22,,2026-09-26T06:45:18.908080+00:00,2021-09-23,CONSERVATIVE_T1,margin_sse,601869,True
2021-09-22,AGGREGATOR|research-node|akshare@1.18.97|stock_margin_detail_sse,2021-09-22,,2026-09-26T06:45:18.908080+00:00,2021-09-23,CONSERVATIVE_T1,margin_sse,601988,True
2021-09-22,AGGREGATOR|research-node|akshare@1.18.97|stock_margin_detail_sse,2021-09-22,,2026-09-26T06:45:18.908080+00:00,2021-09-23,CONSERVATIVE_T1,margin_sse,601992,True
2021-09-22,AGGREGATOR|research-node|akshare@1.18.97|stock_margin_detail_sse,2021-09-22,,2026-09-26T06:45:18.908080+00:00,2021-09-23,CONSERVATIVE_T1,margin_sse,688116,True
2021-09-22,AGGREGATOR|research-node|akshare@1.18.97|stock_margin_detail_sse,2021-09-22,,2026-09-26T06:45:18.908080+00:00,2021-09-23,CONSERVATIVE_T1,margin_sse,688218,True
2021-09-23,AGGREGATOR|research-node|akshare@1.18.97|stock_margin_detail_sse,2021-09-23,,2026-09-26T06:45:22.902999+00:00,2021-09-24,CONSERVATIVE_T1,margin_sse,600022,True
2021-09-23,AGGREGATOR|research-node|akshare@1.18.97|stock_margin_detail_sse,2021-09-23,,2026-09-26T06:45:22.902999+00:00,2021-09-24,CONSERVATIVE_T1,margin_sse,600269,True
2021-09-23,AGGREGATOR|research-node|akshare@1.18.97|stock_margin_detail_sse,2021-09-23,,2026-09-26T06:45:22.902999+00:00,2021-09-24,CONSERVATIVE_T1,margin_sse,600377,True
2021-09-23,AGGREGATOR|research-node|akshare@1.18.97|stock_margin_detail_sse,2021-09-23,,2026-09-26T06:45:22.902999+00:00,2021-09-24,CONSERVATIVE_T1,margin_sse,601298,True
2021-09-23,AGGREGATOR|research-node|akshare@1.18.97|stock_margin_detail_sse,2021-09-23,,2026-09-26T06:45:22.902999+00:00,2021-09-24,CONSERVATIVE_T1,margin_sse,601328,True
2021-09-23,AGGREGATOR|research-node|akshare@1.18.97|stock_margin_detail_sse,2021-09-23,,2026-09-26T06:45:22.902999+00:00,2021-09-24,CONSERVATIVE_T1,margin_sse,601869,True
2021-09-23,AGGREGATOR|research-node|akshare@1.18.97|stock_margin_detail_sse,2021-09-23,,2026-09-26T06:45:22.902999+00:00,2021-09-24,CONSERVATIVE_T1,margin_sse,601988,True
2021-09-23,AGGREGATOR|research-node|akshare@1.18.97|stock_margin_detail_sse,2021-09-23,,2026-09-26T06:45:22.902999+00:00,2021-09-24,CONSERVATIVE_T1,margin_sse,601992,True
2021-09-23,AGGREGATOR|research-node|akshare@1.18.97|stock_margin_detail_sse,2021-09-23,,2026-09-26T06:45:22.902999+00:00,2021-09-24,CONSERVATIVE_T1,margin_sse,688116,True
2021-09-23,AGGREGATOR|research-node|akshare@1.18.97|stock_margin_detail_sse,2021-09-23,,2026-09-26T06:45:22.902999+00:00,2021-09-24,CONSERVATIVE_T1,margin_sse,688218,True
2021-09-24,AGGREGATOR|research-node|akshare@1.18.97|stock_margin_detail_sse,2021-09-24,,2026-09-26T06:45:26.836112+00:00,2021-09-27,CONSERVATIVE_T1,margin_sse,600022,True
2021-09-24,AGGREGATOR|research-node|akshare@1.18.97|stock_margin_detail_sse,2021-09-24,,2026-09-26T06:45:26.836112+00:00,2021-09-27,CONSERVATIVE_T1,margin_sse,600269,True
2021-09-24,AGGREGATOR|research-node|akshare@1.18.97|stock_margin_detail_sse,2021-09-24,,2026-09-26T06:45:26.836112+00:00,2021-09-27,CONSERVATIVE_T1,margin_sse,600377,True
2021-09-24,AGGREGATOR|research-node|akshare@1.18.97|stock_margin_detail_sse,2021-09-24,,2026-09-26T06:45:26.836112+00:00,2021-09-27,CONSERVATIVE_T1,margin_sse,601298,True
2021-09-24,AGGREGATOR|research-node|akshare@1.18.97|stock_margin_detail_sse,2021-09-24,,2026-09-26T06:45:26.836112+00:00,2021-09-27,CONSERVATIVE_T1,margin_sse,601328,True
2021-09-24,AGGREGATOR|research-node|akshare@1.18.97|stock_margin_detail_sse,2021-09-24,,2026-09-26T06:45:26.836112+00:00,2021-09-27,CONSERVATIVE_T1,margin_sse,601869,True
2021-09-24,AGGREGATOR|research-node|akshare@1.18.97|stock_margin_detail_sse,2021-09-24,,2026-09-26T06:45:26.836112+00:00,2021-09-27,CONSERVATIVE_T1,margin_sse,601988,True
2021-09-24,AGGREGATOR|research-node|akshare@1.18.97|stock_margin_detail_sse,2021-09-24,,2026-09-26T06:45:26.836112+00:00,2021-09-27,CONSERVATIVE_T1,margin_sse,601992,True
2021-09-24,AGGREGATOR|research-node|akshare@1.18.97|stock_margin_detail_sse,2021-09-24,,2026-09-26T06:45:26.836112+00:00,2021-09-27,CONSERVATIVE_T1,margin_sse,688116,True
2021-09-24,AGGREGATOR|research-node|akshare@1.18.97|stock_margin_detail_sse,2021-09-24,,2026-09-26T06:45:26.836112+00:00,2021-09-27,CONSERVATIVE_T1,margin_sse,688218,True
2021-09-27,AGGREGATOR|research-node|akshare@1.18.97|stock_margin_detail_sse,2021-09-27,,2026-09-26T06:45:30.829141+00:00,2021-09-28,CONSERVATIVE_T1,margin_sse,600269,True
2021-09-27,AGGREGATOR|research-node|akshare@1.18.97|stock_margin_detail_sse,2021-09-27,,2026-09-26T06:45:30.829141+00:00,2021-09-28,CONSERVATIVE_T1,margin_sse,600377,True
2021-09-27,AGGREGATOR|research-node|akshare@1.18.97|stock_margin_detail_sse,2021-09-27,,2026-09-26T06:45:30.829141+00:00,2021-09-28,CONSERVATIVE_T1,margin_sse,601298,True
2021-09-27,AGGREGATOR|research-node|akshare@1.18.97|stock_margin_detail_sse,2021-09-27,,2026-09-26T06:45:30.829141+00:00,2021-09-28,CONSERVATIVE_T1,margin_sse,601328,True
2021-09-27,AGGREGATOR|research-node|akshare@1.18.97|stock_margin_detail_sse,2021-09-27,,2026-09-26T06:45:30.829141+00:00,2021-09-28,CONSERVATIVE_T1,margin_sse,601869,True
2021-09-27,AGGREGATOR|research-node|akshare@1.18.97|stock_margin_detail_sse,2021-09-27,,2026-09-26T06:45:30.829141+00:00,2021-09-28,CONSERVATIVE_T1,margin_sse,601988,True
2021-09-27,AGGREGATOR|research-node|akshare@1.18.97|stock_margin_detail_sse,2021-09-27,,2026-09-26T06:45:30.829141+00:00,2021-09-28,CONSERVATIVE_T1,margin_sse,601992,True
2021-09-27,AGGREGATOR|research-node|akshare@1.18.97|stock_margin_detail_sse,2021-09-27,,2026-09-26T06:45:30.829141+00:00,2021-09-28,CONSERVATIVE_T1,margin_sse,688116,True
2021-09-27,AGGREGATOR|research-node|akshare@1.18.97|stock_margin_detail_sse,2021-09-27,,2026-09-26T06:45:30.829141+00:00,2021-09-28,CONSERVATIVE_T1,margin_sse,688218,True
2021-09-28,AGGREGATOR|research-node|akshare@1.18.97|stock_margin_detail_sse,2021-09-28,,2026-09-26T06:45:34.789758+00:00,2021-09-29,CONSERVATIVE_T1,margin_sse,600269,True
2021-09-28,AGGREGATOR|research-node|akshare@1.18.97|stock_margin_detail_sse,2021-09-28,,2026-09-26T06:45:34.789758+00:00,2021-09-29,CONSERVATIVE_T1,margin_sse,600377,True
2021-09-28,AGGREGATOR|research-node|akshare@1.18.97|stock_margin_detail_sse,2021-09-28,,2026-09-26T06:45:34.789758+00:00,2021-09-29,CONSERVATIVE_T1,margin_sse,601298,True
2021-09-28,AGGREGATOR|research-node|akshare@1.18.97|stock_margin_detail_sse,2021-09-28,,2026-09-26T06:45:34.789758+00:00,2021-09-29,CONSERVATIVE_T1,margin_sse,601328,True
2021-09-28,AGGREGATOR|research-node|akshare@1.18.97|stock_margin_detail_sse,2021-09-28,,2026-09-26T06:45:34.789758+00:00,2021-09-29,CONSERVATIVE_T1,margin_sse,601869,True
2021-09-28,AGGREGATOR|research-node|akshare@1.18.97|stock_margin_detail_sse,2021-09-28,,2026-09-26T06:45:34.789758+00:00,2021-09-29,CONSERVATIVE_T1,margin_sse,601988,True
2021-09-28,AGGREGATOR|research-node|akshare@1.18.97|stock_margin_detail_sse,2021-09-28,,2026-09-26T06:45:34.789758+00:00,2021-09-29,CONSERVATIVE_T1,margin_sse,601992,True
2021-09-28,AGGREGATOR|research-node|akshare@1.18.97|stock_margin_detail_sse,2021-09-28,,2026-09-26T06:45:34.789758+00:00,2021-09-29,CONSERVATIVE_T1,margin_sse,688116,True
2021-09-28,AGGREGATOR|research-node|akshare@1.18.97|stock_margin_detail_sse,2021-09-28,,2026-09-26T06:45:34.789758+00:00,2021-09-29,CONSERVATIVE_T1,margin_sse,688218,True
2021-09-29,AGGREGATOR|research-node|akshare@1.18.97|stock_margin_detail_sse,2021-09-29,,2026-09-26T06:45:38.763270+00:00,2021-09-30,CONSERVATIVE_T1,margin_sse,600269,True
2021-09-29,AGGREGATOR|research-node|akshare@1.18.97|stock_margin_detail_sse,2021-09-29,,2026-09-26T06:45:38.763270+00:00,2021-09-30,CONSERVATIVE_T1,margin_sse,600377,True
2021-09-29,AGGREGATOR|research-node|akshare@1.18.97|stock_margin_detail_sse,2021-09-29,,2026-09-26T06:45:38.763270+00:00,2021-09-30,CONSERVATIVE_T1,margin_sse,601298,True
2021-09-29,AGGREGATOR|research-node|akshare@1.18.97|stock_margin_detail_sse,2021-09-29,,2026-09-26T06:45:38.763270+00:00,2021-09-30,CONSERVATIVE_T1,margin_sse,601328,True
2021-09-29,AGGREGATOR|research-node|akshare@1.18.97|stock_margin_detail_sse,2021-09-29,,2026-09-26T06:45:38.763270+00:00,2021-09-30,CONSERVATIVE_T1,margin_sse,601869,True
2021-09-29,AGGREGATOR|research-node|akshare@1.18.97|stock_margin_detail_sse,2021-09-29,,2026-09-26T06:45:38.763270+00:00,2021-09-30,CONSERVATIVE_T1,margin_sse,601988,True
2021-09-29,AGGREGATOR|research-node|akshare@1.18.97|stock_margin_detail_sse,2021-09-29,,2026-09-26T06:45:38.763270+00:00,2021-09-30,CONSERVATIVE_T1,margin_sse,601992,True
2021-09-29,AGGREGATOR|research-node|akshare@1.18.97|stock_margin_detail_sse,2021-09-29,,2026-09-26T06:45:38.763270+00:00,2021-09-30,CONSERVATIVE_T1,margin_sse,688116,True
2021-09-29,AGGREGATOR|research-node|akshare@1.18.97|stock_margin_detail_sse,2021-09-29,,2026-09-26T06:45:38.763270+00:00,2021-09-30,CONSERVATIVE_T1,margin_sse,688218,True
2021-09-30,AGGREGATOR|research-node|akshare@1.18.97|stock_margin_detail_sse,2021-09-30,,2026-09-26T06:45:42.723566+00:00,2021-10-08,CONSERVATIVE_T1,margin_sse,600269,True
2021-09-30,AGGREGATOR|research-node|akshare@1.18.97|stock_margin_detail_sse,2021-09-30,,2026-09-26T06:45:42.723566+00:00,2021-10-08,CONSERVATIVE_T1,margin_sse,600377,True
2021-09-30,AGGREGATOR|research-node|akshare@1.18.97|stock_margin_detail_sse,2021-09-30,,2026-09-26T06:45:42.723566+00:00,2021-10-08,CONSERVATIVE_T1,margin_sse,601298,True
2021-09-30,AGGREGATOR|research-node|akshare@1.18.97|stock_margin_detail_sse,2021-09-30,,2026-09-26T06:45:42.723566+00:00,2021-10-08,CONSERVATIVE_T1,margin_sse,601328,True
2021-09-30,AGGREGATOR|research-node|akshare@1.18.97|stock_margin_detail_sse,2021-09-30,,2026-09-26T06:45:42.723566+00:00,2021-10-08,CONSERVATIVE_T1,margin_sse,601869,True
2021-09-30,AGGREGATOR|research-node|akshare@1.18.97|stock_margin_detail_sse,2021-09-30,,2026-09-26T06:45:42.723566+00:00,2021-10-08,CONSERVATIVE_T1,margin_sse,601988,True
2021-09-30,AGGREGATOR|research-node|akshare@1.18.97|stock_margin_detail_sse,2021-09-30,,2026-09-26T06:45:42.723566+00:00,2021-10-08,CONSERVATIVE_T1,margin_sse,601992,True
2021-09-30,AGGREGATOR|research-node|akshare@1.18.97|stock_margin_detail_sse,2021-09-30,,2026-09-26T06:45:42.723566+00:00,2021-10-08,CONSERVATIVE_T1,margin_sse,688116,True
2021-09-30,AGGREGATOR|research-node|akshare@1.18.97|stock_margin_detail_sse,2021-09-30,,2026-09-26T06:45:42.723566+00:00,2021-10-08,CONSERVATIVE_T1,margin_sse,688218,True
2021-10-08,AGGREGATOR|research-node|akshare@1.18.97|stock_margin_detail_sse,2021-10-08,,2026-09-26T06:45:46.762830+00:00,2021-10-11,CONSERVATIVE_T1,margin_sse,600269,True
2021-10-08,AGGREGATOR|research-node|akshare@1.18.97|stock_margin_detail_sse,2021-10-08,,2026-09-26T06:45:46.762830+00:00,2021-10-11,CONSERVATIVE_T1,margin_sse,600377,True
2021-10-08,AGGREGATOR|research-node|akshare@1.18.97|stock_margin_detail_sse,2021-10-08,,2026-09-26T06:45:46.762830+00:00,2021-10-11,CONSERVATIVE_T1,margin_sse,601298,True
2021-10-08,AGGREGATOR|research-node|akshare@1.18.97|stock_margin_detail_sse,2021-10-08,,2026-09-26T06:45:46.762830+00:00,2021-10-11,CONSERVATIVE_T1,margin_sse,601328,True
2021-10-08,AGGREGATOR|research-node|akshare@1.18.97|stock_margin_detail_sse,2021-10-08,,2026-09-26T06:45:46.762830+00:00,2021-10-11,CONSERVATIVE_T1,margin_sse,601869,True
2021-10-08,AGGREGATOR|research-node|akshare@1.18.97|stock_margin_detail_sse,2021-10-08,,2026-09-26T06:45:46.762830+00:00,2021-10-11,CONSERVATIVE_T1,margin_sse,601988,True
2021-10-08,AGGREGATOR|research-node|akshare@1.18.97|stock_margin_detail_sse,2021-10-08,,2026-09-26T06:45:46.762830+00:00,2021-10-11,CONSERVATIVE_T1,margin_sse,601992,True
2021-10-08,AGGREGATOR|research-node|akshare@1.18.97|stock_margin_detail_sse,2021-10-08,,2026-09-26T06:45:46.762830+00:00,2021-10-11,CONSERVATIVE_T1,margin_sse,688116,True
2021-10-08,AGGREGATOR|research-node|akshare@1.18.97|stock_margin_detail_sse,2021-10-08,,2026-09-26T06:45:46.762830+00:00,2021-10-11,CONSERVATIVE_T1,margin_sse,688218,True
2021-10-11,AGGREGATOR|research-node|akshare@1.18.97|stock_margin_detail_sse,2021-10-11,,2026-09-26T06:45:50.659577+00:00,2021-10-12,CONSERVATIVE_T1,margin_sse,600269,True
2021-10-11,AGGREGATOR|research-node|akshare@1.18.97|stock_margin_detail_sse,2021-10-11,,2026-09-26T06:45:50.659577+00:00,2021-10-12,CONSERVATIVE_T1,margin_sse,600377,True
2021-10-11,AGGREGATOR|research-node|akshare@1.18.97|stock_margin_detail_sse,2021-10-11,,2026-09-26T06:45:50.659577+00:00,2021-10-12,CONSERVATIVE_T1,margin_sse,601298,True
2021-10-11,AGGREGATOR|research-node|akshare@1.18.97|stock_margin_detail_sse,2021-10-11,,2026-09-26T06:45:50.659577+00:00,2021-10-12,CONSERVATIVE_T1,margin_sse,601328,True
2021-10-11,AGGREGATOR|research-node|akshare@1.18.97|stock_margin_detail_sse,2021-10-11,,2026-09-26T06:45:50.659577+00:00,2021-10-12,CONSERVATIVE_T1,margin_sse,601869,True
2021-10-11,AGGREGATOR|research-node|akshare@1.18.97|stock_margin_detail_sse,2021-10-11,,2026-09-26T06:45:50.659577+00:00,2021-10-12,CONSERVATIVE_T1,margin_sse,601988,True
2021-10-11,AGGREGATOR|research-node|akshare@1.18.97|stock_margin_detail_sse,2021-10-11,,2026-09-26T06:45:50.659577+00:00,2021-10-12,CONSERVATIVE_T1,margin_sse,601992,True
2021-10-11,AGGREGATOR|research-node|akshare@1.18.97|stock_margin_detail_sse,2021-10-11,,2026-09-26T06:45:50.659577+00:00,2021-10-12,CONSERVATIVE_T1,margin_sse,688116,True
2021-10-11,AGGREGATOR|research-node|akshare@1.18.97|stock_margin_detail_sse,2021-10-11,,2026-09-26T06:45:50.659577+00:00,2021-10-12,CONSERVATIVE_T1,margin_sse,688218,True
2021-10-12,AGGREGATOR|research-node|akshare@1.18.97|stock_margin_detail_sse,2021-10-12,,2026-09-26T06:45:54.633342+00:00,2021-10-13,CONSERVATIVE_T1,margin_sse,600269,True
2021-10-12,AGGREGATOR|research-node|akshare@1.18.97|stock_margin_detail_sse,2021-10-12,,2026-09-26T06:45:54.633342+00:00,2021-10-13,CONSERVATIVE_T1,margin_sse,600377,True
2021-10-12,AGGREGATOR|research-node|akshare@1.18.97|stock_margin_detail_sse,2021-10-12,,2026-09-26T06:45:54.633342+00:00,2021-10-13,CONSERVATIVE_T1,margin_sse,601298,True
2021-10-12,AGGREGATOR|research-node|akshare@1.18.97|stock_margin_detail_sse,2021-10-12,,2026-09-26T06:45:54.633342+00:00,2021-10-13,CONSERVATIVE_T1,margin_sse,601328,True
2021-10-12,AGGREGATOR|research-node|akshare@1.18.97|stock_margin_detail_sse,2021-10-12,,2026-09-26T06:45:54.633342+00:00,2021-10-13,CONSERVATIVE_T1,margin_sse,601869,True
2021-10-12,AGGREGATOR|research-node|akshare@1.18.97|stock_margin_detail_sse,2021-10-12,,2026-09-26T06:45:54.633342+00:00,2021-10-13,CONSERVATIVE_T1,margin_sse,601988,True
2021-10-12,AGGREGATOR|research-node|akshare@1.18.97|stock_margin_detail_sse,2021-10-12,,2026-09-26T06:45:54.633342+00:00,2021-10-13,CONSERVATIVE_T1,margin_sse,601992,True
2021-10-12,AGGREGATOR|research-node|akshare@1.18.97|stock_margin_detail_sse,2021-10-12,,2026-09-26T06:45:54.633342+00:00,2021-10-13,CONSERVATIVE_T1,margin_sse,688116,True
2021-10-12,AGGREGATOR|research-node|akshare@1.18.97|stock_margin_detail_sse,2021-10-12,,2026-09-26T06:45:54.633342+00:00,2021-10-13,CONSERVATIVE_T1,margin_sse,688218,True
2021-10-13,AGGREGATOR|research-node|akshare@1.18.97|stock_margin_detail_sse,2021-10-13,,2026-09-26T06:45:58.573124+00:00,2021-10-14,CONSERVATIVE_T1,margin_sse,600269,True
2021-10-13,AGGREGATOR|research-node|akshare@1.18.97|stock_margin_detail_sse,2021-10-13,,2026-09-26T06:45:58.573124+00:00,2021-10-14,CONSERVATIVE_T1,margin_sse,600377,True
2021-10-13,AGGREGATOR|research-node|akshare@1.18.97|stock_margin_detail_sse,2021-10-13,,2026-09-26T06:45:58.573124+00:00,2021-10-14,CONSERVATIVE_T1,margin_sse,601298,True
2021-10-13,AGGREGATOR|research-node|akshare@1.18.97|stock_margin_detail_sse,2021-10-13,,2026-09-26T06:45:58.573124+00:00,2021-10-14,CONSERVATIVE_T1,margin_sse,601328,True
2021-10-13,AGGREGATOR|research-node|akshare@1.18.97|stock_margin_detail_sse,2021-10-13,,2026-09-26T06:45:58.573124+00:00,2021-10-14,CONSERVATIVE_T1,margin_sse,601869,True
2021-10-13,AGGREGATOR|research-node|akshare@1.18.97|stock_margin_detail_sse,2021-10-13,,2026-09-26T06:45:58.573124+00:00,2021-10-14,CONSERVATIVE_T1,margin_sse,601988,True
2021-10-13,AGGREGATOR|research-node|akshare@1.18.97|stock_margin_detail_sse,2021-10-13,,2026-09-26T06:45:58.573124+00:00,2021-10-14,CONSERVATIVE_T1,margin_sse,601992,True
2021-10-13,AGGREGATOR|research-node|akshare@1.18.97|stock_margin_detail_sse,2021-10-13,,2026-09-26T06:45:58.573124+00:00,2021-10-14,CONSERVATIVE_T1,margin_sse,688116,True
2021-10-13,AGGREGATOR|research-node|akshare@1.18.97|stock_margin_detail_sse,2021-10-13,,2026-09-26T06:45:58.573124+00:00,2021-10-14,CONSERVATIVE_T1,margin_sse,688218,True
2021-10-14,AGGREGATOR|research-node|akshare@1.18.97|stock_margin_detail_sse,2021-10-14,,2026-09-26T06:46:02.545419+00:00,2021-10-15,CONSERVATIVE_T1,margin_sse,600269,True
2021-10-14,AGGREGATOR|research-node|akshare@1.18.97|stock_margin_detail_sse,2021-10-14,,2026-09-26T06:46:02.545419+00:00,2021-10-15,CONSERVATIVE_T1,margin_sse,600377,True
2021-10-14,AGGREGATOR|research-node|akshare@1.18.97|stock_margin_detail_sse,2021-10-14,,2026-09-26T06:46:02.545419+00:00,2021-10-15,CONSERVATIVE_T1,margin_sse,601298,True
2021-10-14,AGGREGATOR|research-node|akshare@1.18.97|stock_margin_detail_sse,2021-10-14,,2026-09-26T06:46:02.545419+00:00,2021-10-15,CONSERVATIVE_T1,margin_sse,601328,True
2021-10-14,AGGREGATOR|research-node|akshare@1.18.97|stock_margin_detail_sse,2021-10-14,,2026-09-26T06:46:02.545419+00:00,2021-10-15,CONSERVATIVE_T1,margin_sse,601869,True
2021-10-14,AGGREGATOR|research-node|akshare@1.18.97|stock_margin_detail_sse,2021-10-14,,2026-09-26T06:46:02.545419+00:00,2021-10-15,CONSERVATIVE_T1,margin_sse,601988,True
2021-10-14,AGGREGATOR|research-node|akshare@1.18.97|stock_margin_detail_sse,2021-10-14,,2026-09-26T06:46:02.545419+00:00,2021-10-15,CONSERVATIVE_T1,margin_sse,601992,True
2021-10-14,AGGREGATOR|research-node|akshare@1.18.97|stock_margin_detail_sse,2021-10-14,,2026-09-26T06:46:02.545419+00:00,2021-10-15,CONSERVATIVE_T1,margin_sse,688116,True
2021-10-14,AGGREGATOR|research-node|akshare@1.18.97|stock_margin_detail_sse,2021-10-14,,2026-09-26T06:46:02.545419+00:00,2021-10-15,CONSERVATIVE_T1,margin_sse,688218,True
2021-10-15,AGGREGATOR|research-node|akshare@1.18.97|stock_margin_detail_sse,2021-10-15,,2026-09-26T06:46:06.470298+00:00,2021-10-18,CONSERVATIVE_T1,margin_sse,600269,True
2021-10-15,AGGREGATOR|research-node|akshare@1.18.97|stock_margin_detail_sse,2021-10-15,,2026-09-26T06:46:06.470298+00:00,2021-10-18,CONSERVATIVE_T1,margin_sse,600377,True
2021-10-15,AGGREGATOR|research-node|akshare@1.18.97|stock_margin_detail_sse,2021-10-15,,2026-09-26T06:46:06.470298+00:00,2021-10-18,CONSERVATIVE_T1,margin_sse,601298,True
2021-10-15,AGGREGATOR|research-node|akshare@1.18.97|stock_margin_detail_sse,2021-10-15,,2026-09-26T06:46:06.470298+00:00,2021-10-18,CONSERVATIVE_T1,margin_sse,601328,True
2021-10-15,AGGREGATOR|research-node|akshare@1.18.97|stock_margin_detail_sse,2021-10-15,,2026-09-26T06:46:06.470298+00:00,2021-10-18,CONSERVATIVE_T1,margin_sse,601869,True
2021-10-15,AGGREGATOR|research-node|akshare@1.18.97|stock_margin_detail_sse,2021-10-15,,2026-09-26T06:46:06.470298+00:00,2021-10-18,CONSERVATIVE_T1,margin_sse,601988,True
2021-10-15,AGGREGATOR|research-node|akshare@1.18.97|stock_margin_detail_sse,2021-10-15,,2026-09-26T06:46:06.470298+00:00,2021-10-18,CONSERVATIVE_T1,margin_sse,601992,True
2021-10-15,AGGREGATOR|research-node|akshare@1.18.97|stock_margin_detail_sse,2021-10-15,,2026-09-26T06:46:06.470298+00:00,2021-10-18,CONSERVATIVE_T1,margin_sse,688116,True
2021-10-15,AGGREGATOR|research-node|akshare@1.18.97|stock_margin_detail_sse,2021-10-15,,2026-09-26T06:46:06.470298+00:00,2021-10-18,CONSERVATIVE_T1,margin_sse,688218,True
2021-10-18,AGGREGATOR|research-node|akshare@1.18.97|stock_margin_detail_sse,2021-10-18,,2026-09-26T06:46:10.362366+00:00,2021-10-19,CONSERVATIVE_T1,margin_sse,600269,True
2021-10-18,AGGREGATOR|research-node|akshare@1.18.97|stock_margin_detail_sse,2021-10-18,,2026-09-26T06:46:10.362366+00:00,2021-10-19,CONSERVATIVE_T1,margin_sse,600377,True
2021-10-18,AGGREGATOR|research-node|akshare@1.18.97|stock_margin_detail_sse,2021-10-18,,2026-09-26T06:46:10.362366+00:00,2021-10-19,CONSERVATIVE_T1,margin_sse,601298,True
2021-10-18,AGGREGATOR|research-node|akshare@1.18.97|stock_margin_detail_sse,2021-10-18,,2026-09-26T06:46:10.362366+00:00,2021-10-19,CONSERVATIVE_T1,margin_sse,601328,True
2021-10-18,AGGREGATOR|research-node|akshare@1.18.97|stock_margin_detail_sse,2021-10-18,,2026-09-26T06:46:10.362366+00:00,2021-10-19,CONSERVATIVE_T1,margin_sse,601869,True
2021-10-18,AGGREGATOR|research-node|akshare@1.18.97|stock_margin_detail_sse,2021-10-18,,2026-09-26T06:46:10.362366+00:00,2021-10-19,CONSERVATIVE_T1,margin_sse,601988,True
2021-10-18,AGGREGATOR|research-node|akshare@1.18.97|stock_margin_detail_sse,2021-10-18,,2026-09-26T06:46:10.362366+00:00,2021-10-19,CONSERVATIVE_T1,margin_sse,601992,True
2021-10-18,AGGREGATOR|research-node|akshare@1.18.97|stock_margin_detail_sse,2021-10-18,,2026-09-26T06:46:10.362366+00:00,2021-10-19,CONSERVATIVE_T1,margin_sse,688116,True
2021-10-18,AGGREGATOR|research-node|akshare@1.18.97|stock_margin_detail_sse,2021-10-18,,2026-09-26T06:46:10.362366+00:00,2021-10-19,CONSERVATIVE_T1,margin_sse,688218,True
2021-10-19,AGGREGATOR|research-node|akshare@1.18.97|stock_margin_detail_sse,2021-10-19,,2026-09-26T06:46:14.287379+00:00,2021-10-20,CONSERVATIVE_T1,margin_sse,600269,True
2021-10-19,AGGREGATOR|research-node|akshare@1.18.97|stock_margin_detail_sse,2021-10-19,,2026-09-26T06:46:14.287379+00:00,2021-10-20,CONSERVATIVE_T1,margin_sse,600377,True
2021-10-19,AGGREGATOR|research-node|akshare@1.18.97|stock_margin_detail_sse,2021-10-19,,2026-09-26T06:46:14.287379+00:00,2021-10-20,CONSERVATIVE_T1,margin_sse,601298,True
2021-10-19,AGGREGATOR|research-node|akshare@1.18.97|stock_margin_detail_sse,2021-10-19,,2026-09-26T06:46:14.287379+00:00,2021-10-20,CONSERVATIVE_T1,margin_sse,601328,True
2021-10-19,AGGREGATOR|research-node|akshare@1.18.97|stock_margin_detail_sse,2021-10-19,,2026-09-26T06:46:14.287379+00:00,2021-10-20,CONSERVATIVE_T1,margin_sse,601869,True
2021-10-19,AGGREGATOR|research-node|akshare@1.18.97|stock_margin_detail_sse,2021-10-19,,2026-09-26T06:46:14.287379+00:00,2021-10-20,CONSERVATIVE_T1,margin_sse,601988,True
2021-10-19,AGGREGATOR|research-node|akshare@1.18.97|stock_margin_detail_sse,2021-10-19,,2026-09-26T06:46:14.287379+00:00,2021-10-20,CONSERVATIVE_T1,margin_sse,601992,True
2021-10-19,AGGREGATOR|research-node|akshare@1.18.97|stock_margin_detail_sse,2021-10-19,,2026-09-26T06:46:14.287379+00:00,2021-10-20,CONSERVATIVE_T1,margin_sse,688116,True
2021-10-19,AGGREGATOR|research-node|akshare@1.18.97|stock_margin_detail_sse,2021-10-19,,2026-09-26T06:46:14.287379+00:00,2021-10-20,CONSERVATIVE_T1,margin_sse,688218,True
2021-10-20,AGGREGATOR|research-node|akshare@1.18.97|stock_margin_detail_sse,2021-10-20,,2026-09-26T06:46:18.195982+00:00,2021-10-21,CONSERVATIVE_T1,margin_sse,600269,True
2021-10-20,AGGREGATOR|research-node|akshare@1.18.97|stock_margin_detail_sse,2021-10-20,,2026-09-26T06:46:18.195982+00:00,2021-10-21,CONSERVATIVE_T1,margin_sse,600377,True
2021-10-20,AGGREGATOR|research-node|akshare@1.18.97|stock_margin_detail_sse,2021-10-20,,2026-09-26T06:46:18.195982+00:00,2021-10-21,CONSERVATIVE_T1,margin_sse,601298,True
2021-10-20,AGGREGATOR|research-node|akshare@1.18.97|stock_margin_detail_sse,2021-10-20,,2026-09-26T06:46:18.195982+00:00,2021-10-21,CONSERVATIVE_T1,margin_sse,601328,True
2021-10-20,AGGREGATOR|research-node|akshare@1.18.97|stock_margin_detail_sse,2021-10-20,,2026-09-26T06:46:18.195982+00:00,2021-10-21,CONSERVATIVE_T1,margin_sse,601869,True
2021-10-20,AGGREGATOR|research-node|akshare@1.18.97|stock_margin_detail_sse,2021-10-20,,2026-09-26T06:46:18.195982+00:00,2021-10-21,CONSERVATIVE_T1,margin_sse,601988,True
2021-10-20,AGGREGATOR|research-node|akshare@1.18.97|stock_margin_detail_sse,2021-10-20,,2026-09-26T06:46:18.195982+00:00,2021-10-21,CONSERVATIVE_T1,margin_sse,601992,True
2021-10-20,AGGREGATOR|research-node|akshare@1.18.97|stock_margin_detail_sse,2021-10-20,,2026-09-26T06:46:18.195982+00:00,2021-10-21,CONSERVATIVE_T1,margin_sse,688116,True
2021-10-20,AGGREGATOR|research-node|akshare@1.18.97|stock_margin_detail_sse,2021-10-20,,2026-09-26T06:46:18.195982+00:00,2021-10-21,CONSERVATIVE_T1,margin_sse,688218,True
2021-10-21,AGGREGATOR|research-node|akshare@1.18.97|stock_margin_detail_sse,2021-10-21,,2026-09-26T06:46:22.170088+00:00,2021-10-22,CONSERVATIVE_T1,margin_sse,600269,True
2021-10-21,AGGREGATOR|research-node|akshare@1.18.97|stock_margin_detail_sse,2021-10-21,,2026-09-26T06:46:22.170088+00:00,2021-10-22,CONSERVATIVE_T1,margin_sse,600377,True
2021-10-21,AGGREGATOR|research-node|akshare@1.18.97|stock_margin_detail_sse,2021-10-21,,2026-09-26T06:46:22.170088+00:00,2021-10-22,CONSERVATIVE_T1,margin_sse,601298,True
2021-10-21,AGGREGATOR|research-node|akshare@1.18.97|stock_margin_detail_sse,2021-10-21,,2026-09-26T06:46:22.170088+00:00,2021-10-22,CONSERVATIVE_T1,margin_sse,601328,True
2021-10-21,AGGREGATOR|research-node|akshare@1.18.97|stock_margin_detail_sse,2021-10-21,,2026-09-26T06:46:22.170088+00:00,2021-10-22,CONSERVATIVE_T1,margin_sse,601869,True
2021-10-21,AGGREGATOR|research-node|akshare@1.18.97|stock_margin_detail_sse,2021-10-21,,2026-09-26T06:46:22.170088+00:00,2021-10-22,CONSERVATIVE_T1,margin_sse,601988,True
2021-10-21,AGGREGATOR|research-node|akshare@1.18.97|stock_margin_detail_sse,2021-10-21,,2026-09-26T06:46:22.170088+00:00,2021-10-22,CONSERVATIVE_T1,margin_sse,601992,True
2021-10-21,AGGREGATOR|research-node|akshare@1.18.97|stock_margin_detail_sse,2021-10-21,,2026-09-26T06:46:22.170088+00:00,2021-10-22,CONSERVATIVE_T1,margin_sse,688116,True
2021-10-21,AGGREGATOR|research-node|akshare@1.18.97|stock_margin_detail_sse,2021-10-21,,2026-09-26T06:46:22.170088+00:00,2021-10-22,CONSERVATIVE_T1,margin_sse,688218,True
2021-10-22,AGGREGATOR|research-node|akshare@1.18.97|stock_margin_detail_sse,2021-10-22,,2026-09-26T06:46:26.083786+00:00,2021-10-25,CONSERVATIVE_T1,margin_sse,600269,True
2021-10-22,AGGREGATOR|research-node|akshare@1.18.97|stock_margin_detail_sse,2021-10-22,,2026-09-26T06:46:26.083786+00:00,2021-10-25,CONSERVATIVE_T1,margin_sse,600377,True
2021-10-22,AGGREGATOR|research-node|akshare@1.18.97|stock_margin_detail_sse,2021-10-22,,2026-09-26T06:46:26.083786+00:00,2021-10-25,CONSERVATIVE_T1,margin_sse,601298,True
2021-10-22,AGGREGATOR|research-node|akshare@1.18.97|stock_margin_detail_sse,2021-10-22,,2026-09-26T06:46:26.083786+00:00,2021-10-25,CONSERVATIVE_T1,margin_sse,601328,True
2021-10-22,AGGREGATOR|research-node|akshare@1.18.97|stock_margin_detail_sse,2021-10-22,,2026-09-26T06:46:26.083786+00:00,2021-10-25,CONSERVATIVE_T1,margin_sse,601869,True
2021-10-22,AGGREGATOR|research-node|akshare@1.18.97|stock_margin_detail_sse,2021-10-22,,2026-09-26T06:46:26.083786+00:00,2021-10-25,CONSERVATIVE_T1,margin_sse,601988,True
2021-10-22,AGGREGATOR|research-node|akshare@1.18.97|stock_margin_detail_sse,2021-10-22,,2026-09-26T06:46:26.083786+00:00,2021-10-25,CONSERVATIVE_T1,margin_sse,601992,True
2021-10-22,AGGREGATOR|research-node|akshare@1.18.97|stock_margin_detail_sse,2021-10-22,,2026-09-26T06:46:26.083786+00:00,2021-10-25,CONSERVATIVE_T1,margin_sse,688116,True
2021-10-22,AGGREGATOR|research-node|akshare@1.18.97|stock_margin_detail_sse,2021-10-22,,2026-09-26T06:46:26.083786+00:00,2021-10-25,CONSERVATIVE_T1,margin_sse,688218,True
2021-10-25,AGGREGATOR|research-node|akshare@1.18.97|stock_margin_detail_sse,2021-10-25,,2026-09-26T06:46:29.994434+00:00,2021-10-26,CONSERVATIVE_T1,margin_sse,600269,True
2021-10-25,AGGREGATOR|research-node|akshare@1.18.97|stock_margin_detail_sse,2021-10-25,,2026-09-26T06:46:29.994434+00:00,2021-10-26,CONSERVATIVE_T1,margin_sse,600377,True
2021-10-25,AGGREGATOR|research-node|akshare@1.18.97|stock_margin_detail_sse,2021-10-25,,2026-09-26T06:46:29.994434+00:00,2021-10-26,CONSERVATIVE_T1,margin_sse,601298,True
2021-10-25,AGGREGATOR|research-node|akshare@1.18.97|stock_margin_detail_sse,2021-10-25,,2026-09-26T06:46:29.994434+00:00,2021-10-26,CONSERVATIVE_T1,margin_sse,601328,True
2021-10-25,AGGREGATOR|research-node|akshare@1.18.97|stock_margin_detail_sse,2021-10-25,,2026-09-26T06:46:29.994434+00:00,2021-10-26,CONSERVATIVE_T1,margin_sse,601869,True
2021-10-25,AGGREGATOR|research-node|akshare@1.18.97|stock_margin_detail_sse,2021-10-25,,2026-09-26T06:46:29.994434+00:00,2021-10-26,CONSERVATIVE_T1,margin_sse,601988,True
2021-10-25,AGGREGATOR|research-node|akshare@1.18.97|stock_margin_detail_sse,2021-10-25,,2026-09-26T06:46:29.994434+00:00,2021-10-26,CONSERVATIVE_T1,margin_sse,601992,True
2021-10-25,AGGREGATOR|research-node|akshare@1.18.97|stock_margin_detail_sse,2021-10-25,,2026-09-26T06:46:29.994434+00:00,2021-10-26,CONSERVATIVE_T1,margin_sse,688116,True
2021-10-25,AGGREGATOR|research-node|akshare@1.18.97|stock_margin_detail_sse,2021-10-25,,2026-09-26T06:46:29.994434+00:00,2021-10-26,CONSERVATIVE_T1,margin_sse,688218,True
2021-10-26,AGGREGATOR|research-node|akshare@1.18.97|stock_margin_detail_sse,2021-10-26,,2026-09-26T06:46:33.903638+00:00,2021-10-27,CONSERVATIVE_T1,margin_sse,600269,True
2021-10-26,AGGREGATOR|research-node|akshare@1.18.97|stock_margin_detail_sse,2021-10-26,,2026-09-26T06:46:33.903638+00:00,2021-10-27,CONSERVATIVE_T1,margin_sse,600377,True
2021-10-26,AGGREGATOR|research-node|akshare@1.18.97|stock_margin_detail_sse,2021-10-26,,2026-09-26T06:46:33.903638+00:00,2021-10-27,CONSERVATIVE_T1,margin_sse,601298,True
2021-10-26,AGGREGATOR|research-node|akshare@1.18.97|stock_margin_detail_sse,2021-10-26,,2026-09-26T06:46:33.903638+00:00,2021-10-27,CONSERVATIVE_T1,margin_sse,601328,True
2021-10-26,AGGREGATOR|research-node|akshare@1.18.97|stock_margin_detail_sse,2021-10-26,,2026-09-26T06:46:33.903638+00:00,2021-10-27,CONSERVATIVE_T1,margin_sse,601869,True
2021-10-26,AGGREGATOR|research-node|akshare@1.18.97|stock_margin_detail_sse,2021-10-26,,2026-09-26T06:46:33.903638+00:00,2021-10-27,CONSERVATIVE_T1,margin_sse,601988,True
2021-10-26,AGGREGATOR|research-node|akshare@1.18.97|stock_margin_detail_sse,2021-10-26,,2026-09-26T06:46:33.903638+00:00,2021-10-27,CONSERVATIVE_T1,margin_sse,601992,True
2021-10-26,AGGREGATOR|research-node|akshare@1.18.97|stock_margin_detail_sse,2021-10-26,,2026-09-26T06:46:33.903638+00:00,2021-10-27,CONSERVATIVE_T1,margin_sse,688116,True
2021-10-26,AGGREGATOR|research-node|akshare@1.18.97|stock_margin_detail_sse,2021-10-26,,2026-09-26T06:46:33.903638+00:00,2021-10-27,CONSERVATIVE_T1,margin_sse,688218,True
2021-10-27,AGGREGATOR|research-node|akshare@1.18.97|stock_margin_detail_sse,2021-10-27,,2026-09-26T06:46:37.813964+00:00,2021-10-28,CONSERVATIVE_T1,margin_sse,600269,True
2021-10-27,AGGREGATOR|research-node|akshare@1.18.97|stock_margin_detail_sse,2021-10-27,,2026-09-26T06:46:37.813964+00:00,2021-10-28,CONSERVATIVE_T1,margin_sse,600377,True
2021-10-27,AGGREGATOR|research-node|akshare@1.18.97|stock_margin_detail_sse,2021-10-27,,2026-09-26T06:46:37.813964+00:00,2021-10-28,CONSERVATIVE_T1,margin_sse,601298,True
2021-10-27,AGGREGATOR|research-node|akshare@1.18.97|stock_margin_detail_sse,2021-10-27,,2026-09-26T06:46:37.813964+00:00,2021-10-28,CONSERVATIVE_T1,margin_sse,601328,True
2021-10-27,AGGREGATOR|research-node|akshare@1.18.97|stock_margin_detail_sse,2021-10-27,,2026-09-26T06:46:37.813964+00:00,2021-10-28,CONSERVATIVE_T1,margin_sse,601869,True
2021-10-27,AGGREGATOR|research-node|akshare@1.18.97|stock_margin_detail_sse,2021-10-27,,2026-09-26T06:46:37.813964+00:00,2021-10-28,CONSERVATIVE_T1,margin_sse,601988,True
2021-10-27,AGGREGATOR|research-node|akshare@1.18.97|stock_margin_detail_sse,2021-10-27,,2026-09-26T06:46:37.813964+00:00,2021-10-28,CONSERVATIVE_T1,margin_sse,601992,True
2021-10-27,AGGREGATOR|research-node|akshare@1.18.97|stock_margin_detail_sse,2021-10-27,,2026-09-26T06:46:37.813964+00:00,2021-10-28,CONSERVATIVE_T1,margin_sse,688116,True
2021-10-27,AGGREGATOR|research-node|akshare@1.18.97|stock_margin_detail_sse,2021-10-27,,2026-09-26T06:46:37.813964+00:00,2021-10-28,CONSERVATIVE_T1,margin_sse,688218,True
2021-10-28,AGGREGATOR|research-node|akshare@1.18.97|stock_margin_detail_sse,2021-10-28,,2026-09-26T06:46:41.743700+00:00,2021-10-29,CONSERVATIVE_T1,margin_sse,600269,True
2021-10-28,AGGREGATOR|research-node|akshare@1.18.97|stock_margin_detail_sse,2021-10-28,,2026-09-26T06:46:41.743700+00:00,2021-10-29,CONSERVATIVE_T1,margin_sse,600377,True
2021-10-28,AGGREGATOR|research-node|akshare@1.18.97|stock_margin_detail_sse,2021-10-28,,2026-09-26T06:46:41.743700+00:00,2021-10-29,CONSERVATIVE_T1,margin_sse,601298,True
2021-10-28,AGGREGATOR|research-node|akshare@1.18.97|stock_margin_detail_sse,2021-10-28,,2026-09-26T06:46:41.743700+00:00,2021-10-29,CONSERVATIVE_T1,margin_sse,601328,True
2021-10-28,AGGREGATOR|research-node|akshare@1.18.97|stock_margin_detail_sse,2021-10-28,,2026-09-26T06:46:41.743700+00:00,2021-10-29,CONSERVATIVE_T1,margin_sse,601869,True
2021-10-28,AGGREGATOR|research-node|akshare@1.18.97|stock_margin_detail_sse,2021-10-28,,2026-09-26T06:46:41.743700+00:00,2021-10-29,CONSERVATIVE_T1,margin_sse,601988,True
2021-10-28,AGGREGATOR|research-node|akshare@1.18.97|stock_margin_detail_sse,2021-10-28,,2026-09-26T06:46:41.743700+00:00,2021-10-29,CONSERVATIVE_T1,margin_sse,601992,True
2021-10-28,AGGREGATOR|research-node|akshare@1.18.97|stock_margin_detail_sse,2021-10-28,,2026-09-26T06:46:41.743700+00:00,2021-10-29,CONSERVATIVE_T1,margin_sse,688116,True
2021-10-28,AGGREGATOR|research-node|akshare@1.18.97|stock_margin_detail_sse,2021-10-28,,2026-09-26T06:46:41.743700+00:00,2021-10-29,CONSERVATIVE_T1,margin_sse,688218,True
2021-10-29,AGGREGATOR|research-node|akshare@1.18.97|stock_margin_detail_sse,2021-10-29,,2026-09-26T06:46:45.653445+00:00,2021-11-01,CONSERVATIVE_T1,margin_sse,600269,True
2021-10-29,AGGREGATOR|research-node|akshare@1.18.97|stock_margin_detail_sse,2021-10-29,,2026-09-26T06:46:45.653445+00:00,2021-11-01,CONSERVATIVE_T1,margin_sse,600377,True
2021-10-29,AGGREGATOR|research-node|akshare@1.18.97|stock_margin_detail_sse,2021-10-29,,2026-09-26T06:46:45.653445+00:00,2021-11-01,CONSERVATIVE_T1,margin_sse,601298,True
2021-10-29,AGGREGATOR|research-node|akshare@1.18.97|stock_margin_detail_sse,2021-10-29,,2026-09-26T06:46:45.653445+00:00,2021-11-01,CONSERVATIVE_T1,margin_sse,601328,True
2021-10-29,AGGREGATOR|research-node|akshare@1.18.97|stock_margin_detail_sse,2021-10-29,,2026-09-26T06:46:45.653445+00:00,2021-11-01,CONSERVATIVE_T1,margin_sse,601869,True
2021-10-29,AGGREGATOR|research-node|akshare@1.18.97|stock_margin_detail_sse,2021-10-29,,2026-09-26T06:46:45.653445+00:00,2021-11-01,CONSERVATIVE_T1,margin_sse,601988,True
2021-10-29,AGGREGATOR|research-node|akshare@1.18.97|stock_margin_detail_sse,2021-10-29,,2026-09-26T06:46:45.653445+00:00,2021-11-01,CONSERVATIVE_T1,margin_sse,601992,True
2021-10-29,AGGREGATOR|research-node|akshare@1.18.97|stock_margin_detail_sse,2021-10-29,,2026-09-26T06:46:45.653445+00:00,2021-11-01,CONSERVATIVE_T1,margin_sse,688116,True
2021-10-29,AGGREGATOR|research-node|akshare@1.18.97|stock_margin_detail_sse,2021-10-29,,2026-09-26T06:46:45.653445+00:00,2021-11-01,CONSERVATIVE_T1,margin_sse,688218,True
2021-11-01,AGGREGATOR|research-node|akshare@1.18.97|stock_margin_detail_sse,2021-11-01,,2026-09-26T06:46:49.807548+00:00,2021-11-02,CONSERVATIVE_T1,margin_sse,600269,True
2021-11-01,AGGREGATOR|research-node|akshare@1.18.97|stock_margin_detail_sse,2021-11-01,,2026-09-26T06:46:49.807548+00:00,2021-11-02,CONSERVATIVE_T1,margin_sse,600377,True
2021-11-01,AGGREGATOR|research-node|akshare@1.18.97|stock_margin_detail_sse,2021-11-01,,2026-09-26T06:46:49.807548+00:00,2021-11-02,CONSERVATIVE_T1,margin_sse,601298,True
2021-11-01,AGGREGATOR|research-node|akshare@1.18.97|stock_margin_detail_sse,2021-11-01,,2026-09-26T06:46:49.807548+00:00,2021-11-02,CONSERVATIVE_T1,margin_sse,601328,True
2021-11-01,AGGREGATOR|research-node|akshare@1.18.97|stock_margin_detail_sse,2021-11-01,,2026-09-26T06:46:49.807548+00:00,2021-11-02,CONSERVATIVE_T1,margin_sse,601869,True
2021-11-01,AGGREGATOR|research-node|akshare@1.18.97|stock_margin_detail_sse,2021-11-01,,2026-09-26T06:46:49.807548+00:00,2021-11-02,CONSERVATIVE_T1,margin_sse,601988,True
2021-11-01,AGGREGATOR|research-node|akshare@1.18.97|stock_margin_detail_sse,2021-11-01,,2026-09-26T06:46:49.807548+00:00,2021-11-02,CONSERVATIVE_T1,margin_sse,601992,True
2021-11-01,AGGREGATOR|research-node|akshare@1.18.97|stock_margin_detail_sse,2021-11-01,,2026-09-26T06:46:49.807548+00:00,2021-11-02,CONSERVATIVE_T1,margin_sse,688116,True
2021-11-01,AGGREGATOR|research-node|akshare@1.18.97|stock_margin_detail_sse,2021-11-01,,2026-09-26T06:46:49.807548+00:00,2021-11-02,CONSERVATIVE_T1,margin_sse,688218,True
2021-11-02,AGGREGATOR|research-node|akshare@1.18.97|stock_margin_detail_sse,2021-11-02,,2026-09-26T06:46:53.705221+00:00,2021-11-03,CONSERVATIVE_T1,margin_sse,600269,True
2021-11-02,AGGREGATOR|research-node|akshare@1.18.97|stock_margin_detail_sse,2021-11-02,,2026-09-26T06:46:53.705221+00:00,2021-11-03,CONSERVATIVE_T1,margin_sse,600377,True
2021-11-02,AGGREGATOR|research-node|akshare@1.18.97|stock_margin_detail_sse,2021-11-02,,2026-09-26T06:46:53.705221+00:00,2021-11-03,CONSERVATIVE_T1,margin_sse,601298,True
2021-11-02,AGGREGATOR|research-node|akshare@1.18.97|stock_margin_detail_sse,2021-11-02,,2026-09-26T06:46:53.705221+00:00,2021-11-03,CONSERVATIVE_T1,margin_sse,601328,True
2021-11-02,AGGREGATOR|research-node|akshare@1.18.97|stock_margin_detail_sse,2021-11-02,,2026-09-26T06:46:53.705221+00:00,2021-11-03,CONSERVATIVE_T1,margin_sse,601869,True
2021-11-02,AGGREGATOR|research-node|akshare@1.18.97|stock_margin_detail_sse,2021-11-02,,2026-09-26T06:46:53.705221+00:00,2021-11-03,CONSERVATIVE_T1,margin_sse,601988,True
2021-11-02,AGGREGATOR|research-node|akshare@1.18.97|stock_margin_detail_sse,2021-11-02,,2026-09-26T06:46:53.705221+00:00,2021-11-03,CONSERVATIVE_T1,margin_sse,601992,True
2021-11-02,AGGREGATOR|research-node|akshare@1.18.97|stock_margin_detail_sse,2021-11-02,,2026-09-26T06:46:53.705221+00:00,2021-11-03,CONSERVATIVE_T1,margin_sse,688116,True
2021-11-02,AGGREGATOR|research-node|akshare@1.18.97|stock_margin_detail_sse,2021-11-02,,2026-09-26T06:46:53.705221+00:00,2021-11-03,CONSERVATIVE_T1,margin_sse,688218,True
2021-11-03,AGGREGATOR|research-node|akshare@1.18.97|stock_margin_detail_sse,2021-11-03,,2026-09-26T06:46:57.696884+00:00,2021-11-04,CONSERVATIVE_T1,margin_sse,600269,True
2021-11-03,AGGREGATOR|research-node|akshare@1.18.97|stock_margin_detail_sse,2021-11-03,,2026-09-26T06:46:57.696884+00:00,2021-11-04,CONSERVATIVE_T1,margin_sse,600377,True
2021-11-03,AGGREGATOR|research-node|akshare@1.18.97|stock_margin_detail_sse,2021-11-03,,2026-09-26T06:46:57.696884+00:00,2021-11-04,CONSERVATIVE_T1,margin_sse,601298,True
2021-11-03,AGGREGATOR|research-node|akshare@1.18.97|stock_margin_detail_sse,2021-11-03,,2026-09-26T06:46:57.696884+00:00,2021-11-04,CONSERVATIVE_T1,margin_sse,601328,True
2021-11-03,AGGREGATOR|research-node|akshare@1.18.97|stock_margin_detail_sse,2021-11-03,,2026-09-26T06:46:57.696884+00:00,2021-11-04,CONSERVATIVE_T1,margin_sse,601869,True
2021-11-03,AGGREGATOR|research-node|akshare@1.18.97|stock_margin_detail_sse,2021-11-03,,2026-09-26T06:46:57.696884+00:00,2021-11-04,CONSERVATIVE_T1,margin_sse,601988,True
2021-11-03,AGGREGATOR|research-node|akshare@1.18.97|stock_margin_detail_sse,2021-11-03,,2026-09-26T06:46:57.696884+00:00,2021-11-04,CONSERVATIVE_T1,margin_sse,601992,True
2021-11-03,AGGREGATOR|research-node|akshare@1.18.97|stock_margin_detail_sse,2021-11-03,,2026-09-26T06:46:57.696884+00:00,2021-11-04,CONSERVATIVE_T1,margin_sse,688116,True
2021-11-03,AGGREGATOR|research-node|akshare@1.18.97|stock_margin_detail_sse,2021-11-03,,2026-09-26T06:46:57.696884+00:00,2021-11-04,CONSERVATIVE_T1,margin_sse,688218,True
2021-11-04,AGGREGATOR|research-node|akshare@1.18.97|stock_margin_detail_sse,2021-11-04,,2026-09-26T06:47:01.612014+00:00,2021-11-05,CONSERVATIVE_T1,margin_sse,600269,True
2021-11-04,AGGREGATOR|research-node|akshare@1.18.97|stock_margin_detail_sse,2021-11-04,,2026-09-26T06:47:01.612014+00:00,2021-11-05,CONSERVATIVE_T1,margin_sse,600377,True
2021-11-04,AGGREGATOR|research-node|akshare@1.18.97|stock_margin_detail_sse,2021-11-04,,2026-09-26T06:47:01.612014+00:00,2021-11-05,CONSERVATIVE_T1,margin_sse,601298,True
2021-11-04,AGGREGATOR|research-node|akshare@1.18.97|stock_margin_detail_sse,2021-11-04,,2026-09-26T06:47:01.612014+00:00,2021-11-05,CONSERVATIVE_T1,margin_sse,601328,True
2021-11-04,AGGREGATOR|research-node|akshare@1.18.97|stock_margin_detail_sse,2021-11-04,,2026-09-26T06:47:01.612014+00:00,2021-11-05,CONSERVATIVE_T1,margin_sse,601869,True
2021-11-04,AGGREGATOR|research-node|akshare@1.18.97|stock_margin_detail_sse,2021-11-04,,2026-09-26T06:47:01.612014+00:00,2021-11-05,CONSERVATIVE_T1,margin_sse,601988,True
2021-11-04,AGGREGATOR|research-node|akshare@1.18.97|stock_margin_detail_sse,2021-11-04,,2026-09-26T06:47:01.612014+00:00,2021-11-05,CONSERVATIVE_T1,margin_sse,601992,True
2021-11-04,AGGREGATOR|research-node|akshare@1.18.97|stock_margin_detail_sse,2021-11-04,,2026-09-26T06:47:01.612014+00:00,2021-11-05,CONSERVATIVE_T1,margin_sse,688116,True
2021-11-04,AGGREGATOR|research-node|akshare@1.18.97|stock_margin_detail_sse,2021-11-04,,2026-09-26T06:47:01.612014+00:00,2021-11-05,CONSERVATIVE_T1,margin_sse,688218,True
2021-11-05,AGGREGATOR|research-node|akshare@1.18.97|stock_margin_detail_sse,2021-11-05,,2026-09-26T06:47:05.528064+00:00,2021-11-08,CONSERVATIVE_T1,margin_sse,600269,True
2021-11-05,AGGREGATOR|research-node|akshare@1.18.97|stock_margin_detail_sse,2021-11-05,,2026-09-26T06:47:05.528064+00:00,2021-11-08,CONSERVATIVE_T1,margin_sse,600377,True
2021-11-05,AGGREGATOR|research-node|akshare@1.18.97|stock_margin_detail_sse,2021-11-05,,2026-09-26T06:47:05.528064+00:00,2021-11-08,CONSERVATIVE_T1,margin_sse,601298,True
2021-11-05,AGGREGATOR|research-node|akshare@1.18.97|stock_margin_detail_sse,2021-11-05,,2026-09-26T06:47:05.528064+00:00,2021-11-08,CONSERVATIVE_T1,margin_sse,601328,True
2021-11-05,AGGREGATOR|research-node|akshare@1.18.97|stock_margin_detail_sse,2021-11-05,,2026-09-26T06:47:05.528064+00:00,2021-11-08,CONSERVATIVE_T1,margin_sse,601869,True
2021-11-05,AGGREGATOR|research-node|akshare@1.18.97|stock_margin_detail_sse,2021-11-05,,2026-09-26T06:47:05.528064+00:00,2021-11-08,CONSERVATIVE_T1,margin_sse,601988,True
2021-11-05,AGGREGATOR|research-node|akshare@1.18.97|stock_margin_detail_sse,2021-11-05,,2026-09-26T06:47:05.528064+00:00,2021-11-08,CONSERVATIVE_T1,margin_sse,601992,True
2021-11-05,AGGREGATOR|research-node|akshare@1.18.97|stock_margin_detail_sse,2021-11-05,,2026-09-26T06:47:05.528064+00:00,2021-11-08,CONSERVATIVE_T1,margin_sse,688116,True
2021-11-05,AGGREGATOR|research-node|akshare@1.18.97|stock_margin_detail_sse,2021-11-05,,2026-09-26T06:47:05.528064+00:00,2021-11-08,CONSERVATIVE_T1,margin_sse,688218,True
2021-11-08,AGGREGATOR|research-node|akshare@1.18.97|stock_margin_detail_sse,2021-11-08,,2026-09-26T06:47:09.509530+00:00,2021-11-09,CONSERVATIVE_T1,margin_sse,600269,True
2021-11-08,AGGREGATOR|research-node|akshare@1.18.97|stock_margin_detail_sse,2021-11-08,,2026-09-26T06:47:09.509530+00:00,2021-11-09,CONSERVATIVE_T1,margin_sse,600377,True
2021-11-08,AGGREGATOR|research-node|akshare@1.18.97|stock_margin_detail_sse,2021-11-08,,2026-09-26T06:47:09.509530+00:00,2021-11-09,CONSERVATIVE_T1,margin_sse,601298,True
2021-11-08,AGGREGATOR|research-node|akshare@1.18.97|stock_margin_detail_sse,2021-11-08,,2026-09-26T06:47:09.509530+00:00,2021-11-09,CONSERVATIVE_T1,margin_sse,601328,True
2021-11-08,AGGREGATOR|research-node|akshare@1.18.97|stock_margin_detail_sse,2021-11-08,,2026-09-26T06:47:09.509530+00:00,2021-11-09,CONSERVATIVE_T1,margin_sse,601869,True
2021-11-08,AGGREGATOR|research-node|akshare@1.18.97|stock_margin_detail_sse,2021-11-08,,2026-09-26T06:47:09.509530+00:00,2021-11-09,CONSERVATIVE_T1,margin_sse,601988,True
2021-11-08,AGGREGATOR|research-node|akshare@1.18.97|stock_margin_detail_sse,2021-11-08,,2026-09-26T06:47:09.509530+00:00,2021-11-09,CONSERVATIVE_T1,margin_sse,601992,True
2021-11-08,AGGREGATOR|research-node|akshare@1.18.97|stock_margin_detail_sse,2021-11-08,,2026-09-26T06:47:09.509530+00:00,2021-11-09,CONSERVATIVE_T1,margin_sse,688116,True
2021-11-08,AGGREGATOR|research-node|akshare@1.18.97|stock_margin_detail_sse,2021-11-08,,2026-09-26T06:47:09.509530+00:00,2021-11-09,CONSERVATIVE_T1,margin_sse,688218,True
2021-11-09,AGGREGATOR|research-node|akshare@1.18.97|stock_margin_detail_sse,2021-11-09,,2026-09-26T06:47:13.441168+00:00,2021-11-10,CONSERVATIVE_T1,margin_sse,600269,True
2021-11-09,AGGREGATOR|research-node|akshare@1.18.97|stock_margin_detail_sse,2021-11-09,,2026-09-26T06:47:13.441168+00:00,2021-11-10,CONSERVATIVE_T1,margin_sse,600377,True
2021-11-09,AGGREGATOR|research-node|akshare@1.18.97|stock_margin_detail_sse,2021-11-09,,2026-09-26T06:47:13.441168+00:00,2021-11-10,CONSERVATIVE_T1,margin_sse,601298,True
2021-11-09,AGGREGATOR|research-node|akshare@1.18.97|stock_margin_detail_sse,2021-11-09,,2026-09-26T06:47:13.441168+00:00,2021-11-10,CONSERVATIVE_T1,margin_sse,601328,True
2021-11-09,AGGREGATOR|research-node|akshare@1.18.97|stock_margin_detail_sse,2021-11-09,,2026-09-26T06:47:13.441168+00:00,2021-11-10,CONSERVATIVE_T1,margin_sse,601869,True
2021-11-09,AGGREGATOR|research-node|akshare@1.18.97|stock_margin_detail_sse,2021-11-09,,2026-09-26T06:47:13.441168+00:00,2021-11-10,CONSERVATIVE_T1,margin_sse,601988,True
2021-11-09,AGGREGATOR|research-node|akshare@1.18.97|stock_margin_detail_sse,2021-11-09,,2026-09-26T06:47:13.441168+00:00,2021-11-10,CONSERVATIVE_T1,margin_sse,601992,True
2021-11-09,AGGREGATOR|research-node|akshare@1.18.97|stock_margin_detail_sse,2021-11-09,,2026-09-26T06:47:13.441168+00:00,2021-11-10,CONSERVATIVE_T1,margin_sse,688116,True
2021-11-09,AGGREGATOR|research-node|akshare@1.18.97|stock_margin_detail_sse,2021-11-09,,2026-09-26T06:47:13.441168+00:00,2021-11-10,CONSERVATIVE_T1,margin_sse,688218,True
2021-11-10,AGGREGATOR|research-node|akshare@1.18.97|stock_margin_detail_sse,2021-11-10,,2026-09-26T06:47:17.448562+00:00,2021-11-11,CONSERVATIVE_T1,margin_sse,600269,True
2021-11-10,AGGREGATOR|research-node|akshare@1.18.97|stock_margin_detail_sse,2021-11-10,,2026-09-26T06:47:17.448562+00:00,2021-11-11,CONSERVATIVE_T1,margin_sse,600377,True
2021-11-10,AGGREGATOR|research-node|akshare@1.18.97|stock_margin_detail_sse,2021-11-10,,2026-09-26T06:47:17.448562+00:00,2021-11-11,CONSERVATIVE_T1,margin_sse,601298,True
2021-11-10,AGGREGATOR|research-node|akshare@1.18.97|stock_margin_detail_sse,2021-11-10,,2026-09-26T06:47:17.448562+00:00,2021-11-11,CONSERVATIVE_T1,margin_sse,601328,True
2021-11-10,AGGREGATOR|research-node|akshare@1.18.97|stock_margin_detail_sse,2021-11-10,,2026-09-26T06:47:17.448562+00:00,2021-11-11,CONSERVATIVE_T1,margin_sse,601869,True
2021-11-10,AGGREGATOR|research-node|akshare@1.18.97|stock_margin_detail_sse,2021-11-10,,2026-09-26T06:47:17.448562+00:00,2021-11-11,CONSERVATIVE_T1,margin_sse,601988,True
2021-11-10,AGGREGATOR|research-node|akshare@1.18.97|stock_margin_detail_sse,2021-11-10,,2026-09-26T06:47:17.448562+00:00,2021-11-11,CONSERVATIVE_T1,margin_sse,601992,True
2021-11-10,AGGREGATOR|research-node|akshare@1.18.97|stock_margin_detail_sse,2021-11-10,,2026-09-26T06:47:17.448562+00:00,2021-11-11,CONSERVATIVE_T1,margin_sse,688116,True
2021-11-10,AGGREGATOR|research-node|akshare@1.18.97|stock_margin_detail_sse,2021-11-10,,2026-09-26T06:47:17.448562+00:00,2021-11-11,CONSERVATIVE_T1,margin_sse,688218,True
2021-11-11,AGGREGATOR|research-node|akshare@1.18.97|stock_margin_detail_sse,2021-11-11,,2026-09-26T06:47:21.359829+00:00,2021-11-12,CONSERVATIVE_T1,margin_sse,600269,True
2021-11-11,AGGREGATOR|research-node|akshare@1.18.97|stock_margin_detail_sse,2021-11-11,,2026-09-26T06:47:21.359829+00:00,2021-11-12,CONSERVATIVE_T1,margin_sse,600377,True
2021-11-11,AGGREGATOR|research-node|akshare@1.18.97|stock_margin_detail_sse,2021-11-11,,2026-09-26T06:47:21.359829+00:00,2021-11-12,CONSERVATIVE_T1,margin_sse,601298,True
2021-11-11,AGGREGATOR|research-node|akshare@1.18.97|stock_margin_detail_sse,2021-11-11,,2026-09-26T06:47:21.359829+00:00,2021-11-12,CONSERVATIVE_T1,margin_sse,601328,True
2021-11-11,AGGREGATOR|research-node|akshare@1.18.97|stock_margin_detail_sse,2021-11-11,,2026-09-26T06:47:21.359829+00:00,2021-11-12,CONSERVATIVE_T1,margin_sse,601869,True
2021-11-11,AGGREGATOR|research-node|akshare@1.18.97|stock_margin_detail_sse,2021-11-11,,2026-09-26T06:47:21.359829+00:00,2021-11-12,CONSERVATIVE_T1,margin_sse,601988,True
2021-11-11,AGGREGATOR|research-node|akshare@1.18.97|stock_margin_detail_sse,2021-11-11,,2026-09-26T06:47:21.359829+00:00,2021-11-12,CONSERVATIVE_T1,margin_sse,601992,True
2021-11-11,AGGREGATOR|research-node|akshare@1.18.97|stock_margin_detail_sse,2021-11-11,,2026-09-26T06:47:21.359829+00:00,2021-11-12,CONSERVATIVE_T1,margin_sse,688116,True
2021-11-11,AGGREGATOR|research-node|akshare@1.18.97|stock_margin_detail_sse,2021-11-11,,2026-09-26T06:47:21.359829+00:00,2021-11-12,CONSERVATIVE_T1,margin_sse,688218,True
2021-11-12,AGGREGATOR|research-node|akshare@1.18.97|stock_margin_detail_sse,2021-11-12,,2026-09-26T06:47:25.338928+00:00,2021-11-15,CONSERVATIVE_T1,margin_sse,600269,True
2021-11-12,AGGREGATOR|research-node|akshare@1.18.97|stock_margin_detail_sse,2021-11-12,,2026-09-26T06:47:25.338928+00:00,2021-11-15,CONSERVATIVE_T1,margin_sse,600377,True
2021-11-12,AGGREGATOR|research-node|akshare@1.18.97|stock_margin_detail_sse,2021-11-12,,2026-09-26T06:47:25.338928+00:00,2021-11-15,CONSERVATIVE_T1,margin_sse,601298,True
2021-11-12,AGGREGATOR|research-node|akshare@1.18.97|stock_margin_detail_sse,2021-11-12,,2026-09-26T06:47:25.338928+00:00,2021-11-15,CONSERVATIVE_T1,margin_sse,601328,True
2021-11-12,AGGREGATOR|research-node|akshare@1.18.97|stock_margin_detail_sse,2021-11-12,,2026-09-26T06:47:25.338928+00:00,2021-11-15,CONSERVATIVE_T1,margin_sse,601869,True
2021-11-12,AGGREGATOR|research-node|akshare@1.18.97|stock_margin_detail_sse,2021-11-12,,2026-09-26T06:47:25.338928+00:00,2021-11-15,CONSERVATIVE_T1,margin_sse,601988,True
2021-11-12,AGGREGATOR|research-node|akshare@1.18.97|stock_margin_detail_sse,2021-11-12,,2026-09-26T06:47:25.338928+00:00,2021-11-15,CONSERVATIVE_T1,margin_sse,601992,True
2021-11-12,AGGREGATOR|research-node|akshare@1.18.97|stock_margin_detail_sse,2021-11-12,,2026-09-26T06:47:25.338928+00:00,2021-11-15,CONSERVATIVE_T1,margin_sse,688116,True
2021-11-12,AGGREGATOR|research-node|akshare@1.18.97|stock_margin_detail_sse,2021-11-12,,2026-09-26T06:47:25.338928+00:00,2021-11-15,CONSERVATIVE_T1,margin_sse,688218,True
2021-11-15,AGGREGATOR|research-node|akshare@1.18.97|stock_margin_detail_sse,2021-11-15,,2026-09-26T06:47:29.329258+00:00,2021-11-16,CONSERVATIVE_T1,margin_sse,600269,True
2021-11-15,AGGREGATOR|research-node|akshare@1.18.97|stock_margin_detail_sse,2021-11-15,,2026-09-26T06:47:29.329258+00:00,2021-11-16,CONSERVATIVE_T1,margin_sse,600377,True
2021-11-15,AGGREGATOR|research-node|akshare@1.18.97|stock_margin_detail_sse,2021-11-15,,2026-09-26T06:47:29.329258+00:00,2021-11-16,CONSERVATIVE_T1,margin_sse,601298,True
2021-11-15,AGGREGATOR|research-node|akshare@1.18.97|stock_margin_detail_sse,2021-11-15,,2026-09-26T06:47:29.329258+00:00,2021-11-16,CONSERVATIVE_T1,margin_sse,601328,True
2021-11-15,AGGREGATOR|research-node|akshare@1.18.97|stock_margin_detail_sse,2021-11-15,,2026-09-26T06:47:29.329258+00:00,2021-11-16,CONSERVATIVE_T1,margin_sse,601869,True
2021-11-15,AGGREGATOR|research-node|akshare@1.18.97|stock_margin_detail_sse,2021-11-15,,2026-09-26T06:47:29.329258+00:00,2021-11-16,CONSERVATIVE_T1,margin_sse,601988,True
2021-11-15,AGGREGATOR|research-node|akshare@1.18.97|stock_margin_detail_sse,2021-11-15,,2026-09-26T06:47:29.329258+00:00,2021-11-16,CONSERVATIVE_T1,margin_sse,601992,True
2021-11-15,AGGREGATOR|research-node|akshare@1.18.97|stock_margin_detail_sse,2021-11-15,,2026-09-26T06:47:29.329258+00:00,2021-11-16,CONSERVATIVE_T1,margin_sse,688116,True
2021-11-15,AGGREGATOR|research-node|akshare@1.18.97|stock_margin_detail_sse,2021-11-15,,2026-09-26T06:47:29.329258+00:00,2021-11-16,CONSERVATIVE_T1,margin_sse,688218,True
2021-11-16,AGGREGATOR|research-node|akshare@1.18.97|stock_margin_detail_sse,2021-11-16,,2026-09-26T06:47:33.239299+00:00,2021-11-17,CONSERVATIVE_T1,margin_sse,600269,True
2021-11-16,AGGREGATOR|research-node|akshare@1.18.97|stock_margin_detail_sse,2021-11-16,,2026-09-26T06:47:33.239299+00:00,2021-11-17,CONSERVATIVE_T1,margin_sse,600377,True
2021-11-16,AGGREGATOR|research-node|akshare@1.18.97|stock_margin_detail_sse,2021-11-16,,2026-09-26T06:47:33.239299+00:00,2021-11-17,CONSERVATIVE_T1,margin_sse,601298,True
2021-11-16,AGGREGATOR|research-node|akshare@1.18.97|stock_margin_detail_sse,2021-11-16,,2026-09-26T06:47:33.239299+00:00,2021-11-17,CONSERVATIVE_T1,margin_sse,601328,True
2021-11-16,AGGREGATOR|research-node|akshare@1.18.97|stock_margin_detail_sse,2021-11-16,,2026-09-26T06:47:33.239299+00:00,2021-11-17,CONSERVATIVE_T1,margin_sse,601869,True
2021-11-16,AGGREGATOR|research-node|akshare@1.18.97|stock_margin_detail_sse,2021-11-16,,2026-09-26T06:47:33.239299+00:00,2021-11-17,CONSERVATIVE_T1,margin_sse,601988,True
2021-11-16,AGGREGATOR|research-node|akshare@1.18.97|stock_margin_detail_sse,2021-11-16,,2026-09-26T06:47:33.239299+00:00,2021-11-17,CONSERVATIVE_T1,margin_sse,601992,True
2021-11-16,AGGREGATOR|research-node|akshare@1.18.97|stock_margin_detail_sse,2021-11-16,,2026-09-26T06:47:33.239299+00:00,2021-11-17,CONSERVATIVE_T1,margin_sse,688116,True
2021-11-16,AGGREGATOR|research-node|akshare@1.18.97|stock_margin_detail_sse,2021-11-16,,2026-09-26T06:47:33.239299+00:00,2021-11-17,CONSERVATIVE_T1,margin_sse,688218,True
2021-11-17,AGGREGATOR|research-node|akshare@1.18.97|stock_margin_detail_sse,2021-11-17,,2026-09-26T06:47:37.216353+00:00,2021-11-18,CONSERVATIVE_T1,margin_sse,600269,True
2021-11-17,AGGREGATOR|research-node|akshare@1.18.97|stock_margin_detail_sse,2021-11-17,,2026-09-26T06:47:37.216353+00:00,2021-11-18,CONSERVATIVE_T1,margin_sse,600377,True
2021-11-17,AGGREGATOR|research-node|akshare@1.18.97|stock_margin_detail_sse,2021-11-17,,2026-09-26T06:47:37.216353+00:00,2021-11-18,CONSERVATIVE_T1,margin_sse,601298,True
2021-11-17,AGGREGATOR|research-node|akshare@1.18.97|stock_margin_detail_sse,2021-11-17,,2026-09-26T06:47:37.216353+00:00,2021-11-18,CONSERVATIVE_T1,margin_sse,601328,True
2021-11-17,AGGREGATOR|research-node|akshare@1.18.97|stock_margin_detail_sse,2021-11-17,,2026-09-26T06:47:37.216353+00:00,2021-11-18,CONSERVATIVE_T1,margin_sse,601869,True
2021-11-17,AGGREGATOR|research-node|akshare@1.18.97|stock_margin_detail_sse,2021-11-17,,2026-09-26T06:47:37.216353+00:00,2021-11-18,CONSERVATIVE_T1,margin_sse,601988,True
2021-11-17,AGGREGATOR|research-node|akshare@1.18.97|stock_margin_detail_sse,2021-11-17,,2026-09-26T06:47:37.216353+00:00,2021-11-18,CONSERVATIVE_T1,margin_sse,601992,True
2021-11-17,AGGREGATOR|research-node|akshare@1.18.97|stock_margin_detail_sse,2021-11-17,,2026-09-26T06:47:37.216353+00:00,2021-11-18,CONSERVATIVE_T1,margin_sse,688116,True
2021-11-17,AGGREGATOR|research-node|akshare@1.18.97|stock_margin_detail_sse,2021-11-17,,2026-09-26T06:47:37.216353+00:00,2021-11-18,CONSERVATIVE_T1,margin_sse,688218,True
2021-11-18,AGGREGATOR|research-node|akshare@1.18.97|stock_margin_detail_sse,2021-11-18,,2026-09-26T06:47:41.193094+00:00,2021-11-19,CONSERVATIVE_T1,margin_sse,600269,True
2021-11-18,AGGREGATOR|research-node|akshare@1.18.97|stock_margin_detail_sse,2021-11-18,,2026-09-26T06:47:41.193094+00:00,2021-11-19,CONSERVATIVE_T1,margin_sse,600377,True
2021-11-18,AGGREGATOR|research-node|akshare@1.18.97|stock_margin_detail_sse,2021-11-18,,2026-09-26T06:47:41.193094+00:00,2021-11-19,CONSERVATIVE_T1,margin_sse,601298,True
2021-11-18,AGGREGATOR|research-node|akshare@1.18.97|stock_margin_detail_sse,2021-11-18,,2026-09-26T06:47:41.193094+00:00,2021-11-19,CONSERVATIVE_T1,margin_sse,601328,True
2021-11-18,AGGREGATOR|research-node|akshare@1.18.97|stock_margin_detail_sse,2021-11-18,,2026-09-26T06:47:41.193094+00:00,2021-11-19,CONSERVATIVE_T1,margin_sse,601869,True
2021-11-18,AGGREGATOR|research-node|akshare@1.18.97|stock_margin_detail_sse,2021-11-18,,2026-09-26T06:47:41.193094+00:00,2021-11-19,CONSERVATIVE_T1,margin_sse,601988,True
2021-11-18,AGGREGATOR|research-node|akshare@1.18.97|stock_margin_detail_sse,2021-11-18,,2026-09-26T06:47:41.193094+00:00,2021-11-19,CONSERVATIVE_T1,margin_sse,601992,True
2021-11-18,AGGREGATOR|research-node|akshare@1.18.97|stock_margin_detail_sse,2021-11-18,,2026-09-26T06:47:41.193094+00:00,2021-11-19,CONSERVATIVE_T1,margin_sse,688116,True
2021-11-18,AGGREGATOR|research-node|akshare@1.18.97|stock_margin_detail_sse,2021-11-18,,2026-09-26T06:47:41.193094+00:00,2021-11-19,CONSERVATIVE_T1,margin_sse,688218,True
2021-11-19,AGGREGATOR|research-node|akshare@1.18.97|stock_margin_detail_sse,2021-11-19,,2026-09-26T06:47:45.173149+00:00,2021-11-22,CONSERVATIVE_T1,margin_sse,600269,True
2021-11-19,AGGREGATOR|research-node|akshare@1.18.97|stock_margin_detail_sse,2021-11-19,,2026-09-26T06:47:45.173149+00:00,2021-11-22,CONSERVATIVE_T1,margin_sse,600377,True
2021-11-19,AGGREGATOR|research-node|akshare@1.18.97|stock_margin_detail_sse,2021-11-19,,2026-09-26T06:47:45.173149+00:00,2021-11-22,CONSERVATIVE_T1,margin_sse,601298,True
2021-11-19,AGGREGATOR|research-node|akshare@1.18.97|stock_margin_detail_sse,2021-11-19,,2026-09-26T06:47:45.173149+00:00,2021-11-22,CONSERVATIVE_T1,margin_sse,601328,True
2021-11-19,AGGREGATOR|research-node|akshare@1.18.97|stock_margin_detail_sse,2021-11-19,,2026-09-26T06:47:45.173149+00:00,2021-11-22,CONSERVATIVE_T1,margin_sse,601869,True
2021-11-19,AGGREGATOR|research-node|akshare@1.18.97|stock_margin_detail_sse,2021-11-19,,2026-09-26T06:47:45.173149+00:00,2021-11-22,CONSERVATIVE_T1,margin_sse,601988,True
2021-11-19,AGGREGATOR|research-node|akshare@1.18.97|stock_margin_detail_sse,2021-11-19,,2026-09-26T06:47:45.173149+00:00,2021-11-22,CONSERVATIVE_T1,margin_sse,601992,True
2021-11-19,AGGREGATOR|research-node|akshare@1.18.97|stock_margin_detail_sse,2021-11-19,,2026-09-26T06:47:45.173149+00:00,2021-11-22,CONSERVATIVE_T1,margin_sse,688116,True
2021-11-19,AGGREGATOR|research-node|akshare@1.18.97|stock_margin_detail_sse,2021-11-19,,2026-09-26T06:47:45.173149+00:00,2021-11-22,CONSERVATIVE_T1,margin_sse,688218,True
2021-11-22,AGGREGATOR|research-node|akshare@1.18.97|stock_margin_detail_sse,2021-11-22,,2026-09-26T06:47:49.137586+00:00,2021-11-23,CONSERVATIVE_T1,margin_sse,600269,True
2021-11-22,AGGREGATOR|research-node|akshare@1.18.97|stock_margin_detail_sse,2021-11-22,,2026-09-26T06:47:49.137586+00:00,2021-11-23,CONSERVATIVE_T1,margin_sse,600377,True
2021-11-22,AGGREGATOR|research-node|akshare@1.18.97|stock_margin_detail_sse,2021-11-22,,2026-09-26T06:47:49.137586+00:00,2021-11-23,CONSERVATIVE_T1,margin_sse,601298,True
2021-11-22,AGGREGATOR|research-node|akshare@1.18.97|stock_margin_detail_sse,2021-11-22,,2026-09-26T06:47:49.137586+00:00,2021-11-23,CONSERVATIVE_T1,margin_sse,601328,True
2021-11-22,AGGREGATOR|research-node|akshare@1.18.97|stock_margin_detail_sse,2021-11-22,,2026-09-26T06:47:49.137586+00:00,2021-11-23,CONSERVATIVE_T1,margin_sse,601869,True
2021-11-22,AGGREGATOR|research-node|akshare@1.18.97|stock_margin_detail_sse,2021-11-22,,2026-09-26T06:47:49.137586+00:00,2021-11-23,CONSERVATIVE_T1,margin_sse,601988,True
2021-11-22,AGGREGATOR|research-node|akshare@1.18.97|stock_margin_detail_sse,2021-11-22,,2026-09-26T06:47:49.137586+00:00,2021-11-23,CONSERVATIVE_T1,margin_sse,601992,True
2021-11-22,AGGREGATOR|research-node|akshare@1.18.97|stock_margin_detail_sse,2021-11-22,,2026-09-26T06:47:49.137586+00:00,2021-11-23,CONSERVATIVE_T1,margin_sse,688116,True
2021-11-22,AGGREGATOR|research-node|akshare@1.18.97|stock_margin_detail_sse,2021-11-22,,2026-09-26T06:47:49.137586+00:00,2021-11-23,CONSERVATIVE_T1,margin_sse,688218,True
2021-11-23,AGGREGATOR|research-node|akshare@1.18.97|stock_margin_detail_sse,2021-11-23,,2026-09-26T06:47:53.275746+00:00,2021-11-24,CONSERVATIVE_T1,margin_sse,600269,True
2021-11-23,AGGREGATOR|research-node|akshare@1.18.97|stock_margin_detail_sse,2021-11-23,,2026-09-26T06:47:53.275746+00:00,2021-11-24,CONSERVATIVE_T1,margin_sse,600377,True
2021-11-23,AGGREGATOR|research-node|akshare@1.18.97|stock_margin_detail_sse,2021-11-23,,2026-09-26T06:47:53.275746+00:00,2021-11-24,CONSERVATIVE_T1,margin_sse,601298,True
2021-11-23,AGGREGATOR|research-node|akshare@1.18.97|stock_margin_detail_sse,2021-11-23,,2026-09-26T06:47:53.275746+00:00,2021-11-24,CONSERVATIVE_T1,margin_sse,601328,True
2021-11-23,AGGREGATOR|research-node|akshare@1.18.97|stock_margin_detail_sse,2021-11-23,,2026-09-26T06:47:53.275746+00:00,2021-11-24,CONSERVATIVE_T1,margin_sse,601869,True
2021-11-23,AGGREGATOR|research-node|akshare@1.18.97|stock_margin_detail_sse,2021-11-23,,2026-09-26T06:47:53.275746+00:00,2021-11-24,CONSERVATIVE_T1,margin_sse,601988,True
2021-11-23,AGGREGATOR|research-node|akshare@1.18.97|stock_margin_detail_sse,2021-11-23,,2026-09-26T06:47:53.275746+00:00,2021-11-24,CONSERVATIVE_T1,margin_sse,601992,True
2021-11-23,AGGREGATOR|research-node|akshare@1.18.97|stock_margin_detail_sse,2021-11-23,,2026-09-26T06:47:53.275746+00:00,2021-11-24,CONSERVATIVE_T1,margin_sse,688116,True
2021-11-23,AGGREGATOR|research-node|akshare@1.18.97|stock_margin_detail_sse,2021-11-23,,2026-09-26T06:47:53.275746+00:00,2021-11-24,CONSERVATIVE_T1,margin_sse,688218,True
2021-11-24,AGGREGATOR|research-node|akshare@1.18.97|stock_margin_detail_sse,2021-11-24,,2026-09-26T06:47:57.201755+00:00,2021-11-25,CONSERVATIVE_T1,margin_sse,600269,True
2021-11-24,AGGREGATOR|research-node|akshare@1.18.97|stock_margin_detail_sse,2021-11-24,,2026-09-26T06:47:57.201755+00:00,2021-11-25,CONSERVATIVE_T1,margin_sse,600377,True
2021-11-24,AGGREGATOR|research-node|akshare@1.18.97|stock_margin_detail_sse,2021-11-24,,2026-09-26T06:47:57.201755+00:00,2021-11-25,CONSERVATIVE_T1,margin_sse,601298,True
2021-11-24,AGGREGATOR|research-node|akshare@1.18.97|stock_margin_detail_sse,2021-11-24,,2026-09-26T06:47:57.201755+00:00,2021-11-25,CONSERVATIVE_T1,margin_sse,601328,True
2021-11-24,AGGREGATOR|research-node|akshare@1.18.97|stock_margin_detail_sse,2021-11-24,,2026-09-26T06:47:57.201755+00:00,2021-11-25,CONSERVATIVE_T1,margin_sse,601869,True
2021-11-24,AGGREGATOR|research-node|akshare@1.18.97|stock_margin_detail_sse,2021-11-24,,2026-09-26T06:47:57.201755+00:00,2021-11-25,CONSERVATIVE_T1,margin_sse,601988,True
2021-11-24,AGGREGATOR|research-node|akshare@1.18.97|stock_margin_detail_sse,2021-11-24,,2026-09-26T06:47:57.201755+00:00,2021-11-25,CONSERVATIVE_T1,margin_sse,601992,True
2021-11-24,AGGREGATOR|research-node|akshare@1.18.97|stock_margin_detail_sse,2021-11-24,,2026-09-26T06:47:57.201755+00:00,2021-11-25,CONSERVATIVE_T1,margin_sse,688116,True
2021-11-24,AGGREGATOR|research-node|akshare@1.18.97|stock_margin_detail_sse,2021-11-24,,2026-09-26T06:47:57.201755+00:00,2021-11-25,CONSERVATIVE_T1,margin_sse,688218,True
2021-11-25,AGGREGATOR|research-node|akshare@1.18.97|stock_margin_detail_sse,2021-11-25,,2026-09-26T06:48:01.086037+00:00,2021-11-26,CONSERVATIVE_T1,margin_sse,600269,True
2021-11-25,AGGREGATOR|research-node|akshare@1.18.97|stock_margin_detail_sse,2021-11-25,,2026-09-26T06:48:01.086037+00:00,2021-11-26,CONSERVATIVE_T1,margin_sse,600377,True
2021-11-25,AGGREGATOR|research-node|akshare@1.18.97|stock_margin_detail_sse,2021-11-25,,2026-09-26T06:48:01.086037+00:00,2021-11-26,CONSERVATIVE_T1,margin_sse,601298,True
2021-11-25,AGGREGATOR|research-node|akshare@1.18.97|stock_margin_detail_sse,2021-11-25,,2026-09-26T06:48:01.086037+00:00,2021-11-26,CONSERVATIVE_T1,margin_sse,601328,True
2021-11-25,AGGREGATOR|research-node|akshare@1.18.97|stock_margin_detail_sse,2021-11-25,,2026-09-26T06:48:01.086037+00:00,2021-11-26,CONSERVATIVE_T1,margin_sse,601869,True
2021-11-25,AGGREGATOR|research-node|akshare@1.18.97|stock_margin_detail_sse,2021-11-25,,2026-09-26T06:48:01.086037+00:00,2021-11-26,CONSERVATIVE_T1,margin_sse,601988,True
2021-11-25,AGGREGATOR|research-node|akshare@1.18.97|stock_margin_detail_sse,2021-11-25,,2026-09-26T06:48:01.086037+00:00,2021-11-26,CONSERVATIVE_T1,margin_sse,601992,True
2021-11-25,AGGREGATOR|research-node|akshare@1.18.97|stock_margin_detail_sse,2021-11-25,,2026-09-26T06:48:01.086037+00:00,2021-11-26,CONSERVATIVE_T1,margin_sse,688116,True
2021-11-25,AGGREGATOR|research-node|akshare@1.18.97|stock_margin_detail_sse,2021-11-25,,2026-09-26T06:48:01.086037+00:00,2021-11-26,CONSERVATIVE_T1,margin_sse,688218,True
2021-11-26,AGGREGATOR|research-node|akshare@1.18.97|stock_margin_detail_sse,2021-11-26,,2026-09-26T06:48:05.076446+00:00,2021-11-29,CONSERVATIVE_T1,margin_sse,600269,True
2021-11-26,AGGREGATOR|research-node|akshare@1.18.97|stock_margin_detail_sse,2021-11-26,,2026-09-26T06:48:05.076446+00:00,2021-11-29,CONSERVATIVE_T1,margin_sse,600377,True
2021-11-26,AGGREGATOR|research-node|akshare@1.18.97|stock_margin_detail_sse,2021-11-26,,2026-09-26T06:48:05.076446+00:00,2021-11-29,CONSERVATIVE_T1,margin_sse,601298,True
2021-11-26,AGGREGATOR|research-node|akshare@1.18.97|stock_margin_detail_sse,2021-11-26,,2026-09-26T06:48:05.076446+00:00,2021-11-29,CONSERVATIVE_T1,margin_sse,601328,True
2021-11-26,AGGREGATOR|research-node|akshare@1.18.97|stock_margin_detail_sse,2021-11-26,,2026-09-26T06:48:05.076446+00:00,2021-11-29,CONSERVATIVE_T1,margin_sse,601869,True
2021-11-26,AGGREGATOR|research-node|akshare@1.18.97|stock_margin_detail_sse,2021-11-26,,2026-09-26T06:48:05.076446+00:00,2021-11-29,CONSERVATIVE_T1,margin_sse,601988,True
2021-11-26,AGGREGATOR|research-node|akshare@1.18.97|stock_margin_detail_sse,2021-11-26,,2026-09-26T06:48:05.076446+00:00,2021-11-29,CONSERVATIVE_T1,margin_sse,601992,True
2021-11-26,AGGREGATOR|research-node|akshare@1.18.97|stock_margin_detail_sse,2021-11-26,,2026-09-26T06:48:05.076446+00:00,2021-11-29,CONSERVATIVE_T1,margin_sse,688116,True
2021-11-26,AGGREGATOR|research-node|akshare@1.18.97|stock_margin_detail_sse,2021-11-26,,2026-09-26T06:48:05.076446+00:00,2021-11-29,CONSERVATIVE_T1,margin_sse,688218,True
2021-11-29,AGGREGATOR|research-node|akshare@1.18.97|stock_margin_detail_sse,2021-11-29,,2026-09-26T06:48:09.064677+00:00,2021-11-30,CONSERVATIVE_T1,margin_sse,600269,True
2021-11-29,AGGREGATOR|research-node|akshare@1.18.97|stock_margin_detail_sse,2021-11-29,,2026-09-26T06:48:09.064677+00:00,2021-11-30,CONSERVATIVE_T1,margin_sse,600377,True
2021-11-29,AGGREGATOR|research-node|akshare@1.18.97|stock_margin_detail_sse,2021-11-29,,2026-09-26T06:48:09.064677+00:00,2021-11-30,CONSERVATIVE_T1,margin_sse,601298,True
2021-11-29,AGGREGATOR|research-node|akshare@1.18.97|stock_margin_detail_sse,2021-11-29,,2026-09-26T06:48:09.064677+00:00,2021-11-30,CONSERVATIVE_T1,margin_sse,601328,True
2021-11-29,AGGREGATOR|research-node|akshare@1.18.97|stock_margin_detail_sse,2021-11-29,,2026-09-26T06:48:09.064677+00:00,2021-11-30,CONSERVATIVE_T1,margin_sse,601869,True
2021-11-29,AGGREGATOR|research-node|akshare@1.18.97|stock_margin_detail_sse,2021-11-29,,2026-09-26T06:48:09.064677+00:00,2021-11-30,CONSERVATIVE_T1,margin_sse,601988,True
2021-11-29,AGGREGATOR|research-node|akshare@1.18.97|stock_margin_detail_sse,2021-11-29,,2026-09-26T06:48:09.064677+00:00,2021-11-30,CONSERVATIVE_T1,margin_sse,601992,True
2021-11-29,AGGREGATOR|research-node|akshare@1.18.97|stock_margin_detail_sse,2021-11-29,,2026-09-26T06:48:09.064677+00:00,2021-11-30,CONSERVATIVE_T1,margin_sse,688116,True
2021-11-29,AGGREGATOR|research-node|akshare@1.18.97|stock_margin_detail_sse,2021-11-29,,2026-09-26T06:48:09.064677+00:00,2021-11-30,CONSERVATIVE_T1,margin_sse,688218,True
2021-11-30,AGGREGATOR|research-node|akshare@1.18.97|stock_margin_detail_sse,2021-11-30,,2026-09-26T06:48:12.995091+00:00,2021-12-01,CONSERVATIVE_T1,margin_sse,600269,True
2021-11-30,AGGREGATOR|research-node|akshare@1.18.97|stock_margin_detail_sse,2021-11-30,,2026-09-26T06:48:12.995091+00:00,2021-12-01,CONSERVATIVE_T1,margin_sse,600377,True
2021-11-30,AGGREGATOR|research-node|akshare@1.18.97|stock_margin_detail_sse,2021-11-30,,2026-09-26T06:48:12.995091+00:00,2021-12-01,CONSERVATIVE_T1,margin_sse,601298,True
2021-11-30,AGGREGATOR|research-node|akshare@1.18.97|stock_margin_detail_sse,2021-11-30,,2026-09-26T06:48:12.995091+00:00,2021-12-01,CONSERVATIVE_T1,margin_sse,601328,True
2021-11-30,AGGREGATOR|research-node|akshare@1.18.97|stock_margin_detail_sse,2021-11-30,,2026-09-26T06:48:12.995091+00:00,2021-12-01,CONSERVATIVE_T1,margin_sse,601869,True
2021-11-30,AGGREGATOR|research-node|akshare@1.18.97|stock_margin_detail_sse,2021-11-30,,2026-09-26T06:48:12.995091+00:00,2021-12-01,CONSERVATIVE_T1,margin_sse,601988,True
2021-11-30,AGGREGATOR|research-node|akshare@1.18.97|stock_margin_detail_sse,2021-11-30,,2026-09-26T06:48:12.995091+00:00,2021-12-01,CONSERVATIVE_T1,margin_sse,601992,True
2021-11-30,AGGREGATOR|research-node|akshare@1.18.97|stock_margin_detail_sse,2021-11-30,,2026-09-26T06:48:12.995091+00:00,2021-12-01,CONSERVATIVE_T1,margin_sse,688116,True
2021-11-30,AGGREGATOR|research-node|akshare@1.18.97|stock_margin_detail_sse,2021-11-30,,2026-09-26T06:48:12.995091+00:00,2021-12-01,CONSERVATIVE_T1,margin_sse,688218,True
2021-12-01,AGGREGATOR|research-node|akshare@1.18.97|stock_margin_detail_sse,2021-12-01,,2026-09-26T06:48:16.951950+00:00,2021-12-02,CONSERVATIVE_T1,margin_sse,600269,True
2021-12-01,AGGREGATOR|research-node|akshare@1.18.97|stock_margin_detail_sse,2021-12-01,,2026-09-26T06:48:16.951950+00:00,2021-12-02,CONSERVATIVE_T1,margin_sse,600377,True
2021-12-01,AGGREGATOR|research-node|akshare@1.18.97|stock_margin_detail_sse,2021-12-01,,2026-09-26T06:48:16.951950+00:00,2021-12-02,CONSERVATIVE_T1,margin_sse,601298,True
2021-12-01,AGGREGATOR|research-node|akshare@1.18.97|stock_margin_detail_sse,2021-12-01,,2026-09-26T06:48:16.951950+00:00,2021-12-02,CONSERVATIVE_T1,margin_sse,601328,True
2021-12-01,AGGREGATOR|research-node|akshare@1.18.97|stock_margin_detail_sse,2021-12-01,,2026-09-26T06:48:16.951950+00:00,2021-12-02,CONSERVATIVE_T1,margin_sse,601869,True
2021-12-01,AGGREGATOR|research-node|akshare@1.18.97|stock_margin_detail_sse,2021-12-01,,2026-09-26T06:48:16.951950+00:00,2021-12-02,CONSERVATIVE_T1,margin_sse,601988,True
2021-12-01,AGGREGATOR|research-node|akshare@1.18.97|stock_margin_detail_sse,2021-12-01,,2026-09-26T06:48:16.951950+00:00,2021-12-02,CONSERVATIVE_T1,margin_sse,601992,True
2021-12-01,AGGREGATOR|research-node|akshare@1.18.97|stock_margin_detail_sse,2021-12-01,,2026-09-26T06:48:16.951950+00:00,2021-12-02,CONSERVATIVE_T1,margin_sse,688116,True
2021-12-01,AGGREGATOR|research-node|akshare@1.18.97|stock_margin_detail_sse,2021-12-01,,2026-09-26T06:48:16.951950+00:00,2021-12-02,CONSERVATIVE_T1,margin_sse,688218,True
2021-12-02,AGGREGATOR|research-node|akshare@1.18.97|stock_margin_detail_sse,2021-12-02,,2026-09-26T06:48:20.844772+00:00,2021-12-03,CONSERVATIVE_T1,margin_sse,600269,True
2021-12-02,AGGREGATOR|research-node|akshare@1.18.97|stock_margin_detail_sse,2021-12-02,,2026-09-26T06:48:20.844772+00:00,2021-12-03,CONSERVATIVE_T1,margin_sse,600377,True
2021-12-02,AGGREGATOR|research-node|akshare@1.18.97|stock_margin_detail_sse,2021-12-02,,2026-09-26T06:48:20.844772+00:00,2021-12-03,CONSERVATIVE_T1,margin_sse,601298,True
2021-12-02,AGGREGATOR|research-node|akshare@1.18.97|stock_margin_detail_sse,2021-12-02,,2026-09-26T06:48:20.844772+00:00,2021-12-03,CONSERVATIVE_T1,margin_sse,601328,True
2021-12-02,AGGREGATOR|research-node|akshare@1.18.97|stock_margin_detail_sse,2021-12-02,,2026-09-26T06:48:20.844772+00:00,2021-12-03,CONSERVATIVE_T1,margin_sse,601869,True
2021-12-02,AGGREGATOR|research-node|akshare@1.18.97|stock_margin_detail_sse,2021-12-02,,2026-09-26T06:48:20.844772+00:00,2021-12-03,CONSERVATIVE_T1,margin_sse,601988,True
2021-12-02,AGGREGATOR|research-node|akshare@1.18.97|stock_margin_detail_sse,2021-12-02,,2026-09-26T06:48:20.844772+00:00,2021-12-03,CONSERVATIVE_T1,margin_sse,601992,True
2021-12-02,AGGREGATOR|research-node|akshare@1.18.97|stock_margin_detail_sse,2021-12-02,,2026-09-26T06:48:20.844772+00:00,2021-12-03,CONSERVATIVE_T1,margin_sse,688116,True
2021-12-02,AGGREGATOR|research-node|akshare@1.18.97|stock_margin_detail_sse,2021-12-02,,2026-09-26T06:48:20.844772+00:00,2021-12-03,CONSERVATIVE_T1,margin_sse,688218,True
2021-12-03,AGGREGATOR|research-node|akshare@1.18.97|stock_margin_detail_sse,2021-12-03,,2026-09-26T06:48:24.774945+00:00,2021-12-06,CONSERVATIVE_T1,margin_sse,600269,True
2021-12-03,AGGREGATOR|research-node|akshare@1.18.97|stock_margin_detail_sse,2021-12-03,,2026-09-26T06:48:24.774945+00:00,2021-12-06,CONSERVATIVE_T1,margin_sse,600377,True
2021-12-03,AGGREGATOR|research-node|akshare@1.18.97|stock_margin_detail_sse,2021-12-03,,2026-09-26T06:48:24.774945+00:00,2021-12-06,CONSERVATIVE_T1,margin_sse,601298,True
2021-12-03,AGGREGATOR|research-node|akshare@1.18.97|stock_margin_detail_sse,2021-12-03,,2026-09-26T06:48:24.774945+00:00,2021-12-06,CONSERVATIVE_T1,margin_sse,601328,True
2021-12-03,AGGREGATOR|research-node|akshare@1.18.97|stock_margin_detail_sse,2021-12-03,,2026-09-26T06:48:24.774945+00:00,2021-12-06,CONSERVATIVE_T1,margin_sse,601869,True
2021-12-03,AGGREGATOR|research-node|akshare@1.18.97|stock_margin_detail_sse,2021-12-03,,2026-09-26T06:48:24.774945+00:00,2021-12-06,CONSERVATIVE_T1,margin_sse,601988,True
2021-12-03,AGGREGATOR|research-node|akshare@1.18.97|stock_margin_detail_sse,2021-12-03,,2026-09-26T06:48:24.774945+00:00,2021-12-06,CONSERVATIVE_T1,margin_sse,601992,True
2021-12-03,AGGREGATOR|research-node|akshare@1.18.97|stock_margin_detail_sse,2021-12-03,,2026-09-26T06:48:24.774945+00:00,2021-12-06,CONSERVATIVE_T1,margin_sse,688116,True
2021-12-03,AGGREGATOR|research-node|akshare@1.18.97|stock_margin_detail_sse,2021-12-03,,2026-09-26T06:48:24.774945+00:00,2021-12-06,CONSERVATIVE_T1,margin_sse,688218,True
2021-12-06,AGGREGATOR|research-node|akshare@1.18.97|stock_margin_detail_sse,2021-12-06,,2026-09-26T06:48:28.724809+00:00,2021-12-07,CONSERVATIVE_T1,margin_sse,600269,True
2021-12-06,AGGREGATOR|research-node|akshare@1.18.97|stock_margin_detail_sse,2021-12-06,,2026-09-26T06:48:28.724809+00:00,2021-12-07,CONSERVATIVE_T1,margin_sse,600377,True
2021-12-06,AGGREGATOR|research-node|akshare@1.18.97|stock_margin_detail_sse,2021-12-06,,2026-09-26T06:48:28.724809+00:00,2021-12-07,CONSERVATIVE_T1,margin_sse,601298,True
2021-12-06,AGGREGATOR|research-node|akshare@1.18.97|stock_margin_detail_sse,2021-12-06,,2026-09-26T06:48:28.724809+00:00,2021-12-07,CONSERVATIVE_T1,margin_sse,601328,True
2021-12-06,AGGREGATOR|research-node|akshare@1.18.97|stock_margin_detail_sse,2021-12-06,,2026-09-26T06:48:28.724809+00:00,2021-12-07,CONSERVATIVE_T1,margin_sse,601869,True
2021-12-06,AGGREGATOR|research-node|akshare@1.18.97|stock_margin_detail_sse,2021-12-06,,2026-09-26T06:48:28.724809+00:00,2021-12-07,CONSERVATIVE_T1,margin_sse,601988,True
2021-12-06,AGGREGATOR|research-node|akshare@1.18.97|stock_margin_detail_sse,2021-12-06,,2026-09-26T06:48:28.724809+00:00,2021-12-07,CONSERVATIVE_T1,margin_sse,601992,True
2021-12-06,AGGREGATOR|research-node|akshare@1.18.97|stock_margin_detail_sse,2021-12-06,,2026-09-26T06:48:28.724809+00:00,2021-12-07,CONSERVATIVE_T1,margin_sse,688116,True
2021-12-06,AGGREGATOR|research-node|akshare@1.18.97|stock_margin_detail_sse,2021-12-06,,2026-09-26T06:48:28.724809+00:00,2021-12-07,CONSERVATIVE_T1,margin_sse,688218,True
2021-12-07,AGGREGATOR|research-node|akshare@1.18.97|stock_margin_detail_sse,2021-12-07,,2026-09-26T06:48:32.691071+00:00,2021-12-08,CONSERVATIVE_T1,margin_sse,600269,True
2021-12-07,AGGREGATOR|research-node|akshare@1.18.97|stock_margin_detail_sse,2021-12-07,,2026-09-26T06:48:32.691071+00:00,2021-12-08,CONSERVATIVE_T1,margin_sse,600377,True
2021-12-07,AGGREGATOR|research-node|akshare@1.18.97|stock_margin_detail_sse,2021-12-07,,2026-09-26T06:48:32.691071+00:00,2021-12-08,CONSERVATIVE_T1,margin_sse,601298,True
2021-12-07,AGGREGATOR|research-node|akshare@1.18.97|stock_margin_detail_sse,2021-12-07,,2026-09-26T06:48:32.691071+00:00,2021-12-08,CONSERVATIVE_T1,margin_sse,601328,True
2021-12-07,AGGREGATOR|research-node|akshare@1.18.97|stock_margin_detail_sse,2021-12-07,,2026-09-26T06:48:32.691071+00:00,2021-12-08,CONSERVATIVE_T1,margin_sse,601869,True
2021-12-07,AGGREGATOR|research-node|akshare@1.18.97|stock_margin_detail_sse,2021-12-07,,2026-09-26T06:48:32.691071+00:00,2021-12-08,CONSERVATIVE_T1,margin_sse,601988,True
2021-12-07,AGGREGATOR|research-node|akshare@1.18.97|stock_margin_detail_sse,2021-12-07,,2026-09-26T06:48:32.691071+00:00,2021-12-08,CONSERVATIVE_T1,margin_sse,601992,True
2021-12-07,AGGREGATOR|research-node|akshare@1.18.97|stock_margin_detail_sse,2021-12-07,,2026-09-26T06:48:32.691071+00:00,2021-12-08,CONSERVATIVE_T1,margin_sse,688116,True
2021-12-07,AGGREGATOR|research-node|akshare@1.18.97|stock_margin_detail_sse,2021-12-07,,2026-09-26T06:48:32.691071+00:00,2021-12-08,CONSERVATIVE_T1,margin_sse,688218,True
2021-12-08,AGGREGATOR|research-node|akshare@1.18.97|stock_margin_detail_sse,2021-12-08,,2026-09-26T06:48:36.613426+00:00,2021-12-09,CONSERVATIVE_T1,margin_sse,600269,True
2021-12-08,AGGREGATOR|research-node|akshare@1.18.97|stock_margin_detail_sse,2021-12-08,,2026-09-26T06:48:36.613426+00:00,2021-12-09,CONSERVATIVE_T1,margin_sse,600377,True
2021-12-08,AGGREGATOR|research-node|akshare@1.18.97|stock_margin_detail_sse,2021-12-08,,2026-09-26T06:48:36.613426+00:00,2021-12-09,CONSERVATIVE_T1,margin_sse,601298,True
2021-12-08,AGGREGATOR|research-node|akshare@1.18.97|stock_margin_detail_sse,2021-12-08,,2026-09-26T06:48:36.613426+00:00,2021-12-09,CONSERVATIVE_T1,margin_sse,601328,True
2021-12-08,AGGREGATOR|research-node|akshare@1.18.97|stock_margin_detail_sse,2021-12-08,,2026-09-26T06:48:36.613426+00:00,2021-12-09,CONSERVATIVE_T1,margin_sse,601869,True
2021-12-08,AGGREGATOR|research-node|akshare@1.18.97|stock_margin_detail_sse,2021-12-08,,2026-09-26T06:48:36.613426+00:00,2021-12-09,CONSERVATIVE_T1,margin_sse,601988,True
2021-12-08,AGGREGATOR|research-node|akshare@1.18.97|stock_margin_detail_sse,2021-12-08,,2026-09-26T06:48:36.613426+00:00,2021-12-09,CONSERVATIVE_T1,margin_sse,601992,True
2021-12-08,AGGREGATOR|research-node|akshare@1.18.97|stock_margin_detail_sse,2021-12-08,,2026-09-26T06:48:36.613426+00:00,2021-12-09,CONSERVATIVE_T1,margin_sse,688116,True
2021-12-08,AGGREGATOR|research-node|akshare@1.18.97|stock_margin_detail_sse,2021-12-08,,2026-09-26T06:48:36.613426+00:00,2021-12-09,CONSERVATIVE_T1,margin_sse,688218,True
2021-12-09,AGGREGATOR|research-node|akshare@1.18.97|stock_margin_detail_sse,2021-12-09,,2026-09-26T06:48:40.532180+00:00,2021-12-10,CONSERVATIVE_T1,margin_sse,600269,True
2021-12-09,AGGREGATOR|research-node|akshare@1.18.97|stock_margin_detail_sse,2021-12-09,,2026-09-26T06:48:40.532180+00:00,2021-12-10,CONSERVATIVE_T1,margin_sse,600377,True
2021-12-09,AGGREGATOR|research-node|akshare@1.18.97|stock_margin_detail_sse,2021-12-09,,2026-09-26T06:48:40.532180+00:00,2021-12-10,CONSERVATIVE_T1,margin_sse,601298,True
2021-12-09,AGGREGATOR|research-node|akshare@1.18.97|stock_margin_detail_sse,2021-12-09,,2026-09-26T06:48:40.532180+00:00,2021-12-10,CONSERVATIVE_T1,margin_sse,601328,True
2021-12-09,AGGREGATOR|research-node|akshare@1.18.97|stock_margin_detail_sse,2021-12-09,,2026-09-26T06:48:40.532180+00:00,2021-12-10,CONSERVATIVE_T1,margin_sse,601869,True
2021-12-09,AGGREGATOR|research-node|akshare@1.18.97|stock_margin_detail_sse,2021-12-09,,2026-09-26T06:48:40.532180+00:00,2021-12-10,CONSERVATIVE_T1,margin_sse,601988,True
2021-12-09,AGGREGATOR|research-node|akshare@1.18.97|stock_margin_detail_sse,2021-12-09,,2026-09-26T06:48:40.532180+00:00,2021-12-10,CONSERVATIVE_T1,margin_sse,601992,True
2021-12-09,AGGREGATOR|research-node|akshare@1.18.97|stock_margin_detail_sse,2021-12-09,,2026-09-26T06:48:40.532180+00:00,2021-12-10,CONSERVATIVE_T1,margin_sse,688116,True
2021-12-09,AGGREGATOR|research-node|akshare@1.18.97|stock_margin_detail_sse,2021-12-09,,2026-09-26T06:48:40.532180+00:00,2021-12-10,CONSERVATIVE_T1,margin_sse,688218,True
2021-12-10,AGGREGATOR|research-node|akshare@1.18.97|stock_margin_detail_sse,2021-12-10,,2026-09-26T06:48:44.499251+00:00,2021-12-13,CONSERVATIVE_T1,margin_sse,600269,True
2021-12-10,AGGREGATOR|research-node|akshare@1.18.97|stock_margin_detail_sse,2021-12-10,,2026-09-26T06:48:44.499251+00:00,2021-12-13,CONSERVATIVE_T1,margin_sse,600377,True
2021-12-10,AGGREGATOR|research-node|akshare@1.18.97|stock_margin_detail_sse,2021-12-10,,2026-09-26T06:48:44.499251+00:00,2021-12-13,CONSERVATIVE_T1,margin_sse,601298,True
2021-12-10,AGGREGATOR|research-node|akshare@1.18.97|stock_margin_detail_sse,2021-12-10,,2026-09-26T06:48:44.499251+00:00,2021-12-13,CONSERVATIVE_T1,margin_sse,601328,True
2021-12-10,AGGREGATOR|research-node|akshare@1.18.97|stock_margin_detail_sse,2021-12-10,,2026-09-26T06:48:44.499251+00:00,2021-12-13,CONSERVATIVE_T1,margin_sse,601869,True
2021-12-10,AGGREGATOR|research-node|akshare@1.18.97|stock_margin_detail_sse,2021-12-10,,2026-09-26T06:48:44.499251+00:00,2021-12-13,CONSERVATIVE_T1,margin_sse,601988,True
2021-12-10,AGGREGATOR|research-node|akshare@1.18.97|stock_margin_detail_sse,2021-12-10,,2026-09-26T06:48:44.499251+00:00,2021-12-13,CONSERVATIVE_T1,margin_sse,601992,True
2021-12-10,AGGREGATOR|research-node|akshare@1.18.97|stock_margin_detail_sse,2021-12-10,,2026-09-26T06:48:44.499251+00:00,2021-12-13,CONSERVATIVE_T1,margin_sse,688116,True
2021-12-10,AGGREGATOR|research-node|akshare@1.18.97|stock_margin_detail_sse,2021-12-10,,2026-09-26T06:48:44.499251+00:00,2021-12-13,CONSERVATIVE_T1,margin_sse,688218,True
2021-12-13,AGGREGATOR|research-node|akshare@1.18.97|stock_margin_detail_sse,2021-12-13,,2026-09-26T06:48:48.456021+00:00,2021-12-14,CONSERVATIVE_T1,margin_sse,600269,True
2021-12-13,AGGREGATOR|research-node|akshare@1.18.97|stock_margin_detail_sse,2021-12-13,,2026-09-26T06:48:48.456021+00:00,2021-12-14,CONSERVATIVE_T1,margin_sse,600377,True
2021-12-13,AGGREGATOR|research-node|akshare@1.18.97|stock_margin_detail_sse,2021-12-13,,2026-09-26T06:48:48.456021+00:00,2021-12-14,CONSERVATIVE_T1,margin_sse,601298,True
2021-12-13,AGGREGATOR|research-node|akshare@1.18.97|stock_margin_detail_sse,2021-12-13,,2026-09-26T06:48:48.456021+00:00,2021-12-14,CONSERVATIVE_T1,margin_sse,601328,True
2021-12-13,AGGREGATOR|research-node|akshare@1.18.97|stock_margin_detail_sse,2021-12-13,,2026-09-26T06:48:48.456021+00:00,2021-12-14,CONSERVATIVE_T1,margin_sse,601869,True
2021-12-13,AGGREGATOR|research-node|akshare@1.18.97|stock_margin_detail_sse,2021-12-13,,2026-09-26T06:48:48.456021+00:00,2021-12-14,CONSERVATIVE_T1,margin_sse,601988,True
2021-12-13,AGGREGATOR|research-node|akshare@1.18.97|stock_margin_detail_sse,2021-12-13,,2026-09-26T06:48:48.456021+00:00,2021-12-14,CONSERVATIVE_T1,margin_sse,601992,True
2021-12-13,AGGREGATOR|research-node|akshare@1.18.97|stock_margin_detail_sse,2021-12-13,,2026-09-26T06:48:48.456021+00:00,2021-12-14,CONSERVATIVE_T1,margin_sse,688116,True
2021-12-13,AGGREGATOR|research-node|akshare@1.18.97|stock_margin_detail_sse,2021-12-13,,2026-09-26T06:48:48.456021+00:00,2021-12-14,CONSERVATIVE_T1,margin_sse,688218,True
2021-12-14,AGGREGATOR|research-node|akshare@1.18.97|stock_margin_detail_sse,2021-12-14,,2026-09-26T06:48:52.430841+00:00,2021-12-15,CONSERVATIVE_T1,margin_sse,600269,True
2021-12-14,AGGREGATOR|research-node|akshare@1.18.97|stock_margin_detail_sse,2021-12-14,,2026-09-26T06:48:52.430841+00:00,2021-12-15,CONSERVATIVE_T1,margin_sse,600377,True
2021-12-14,AGGREGATOR|research-node|akshare@1.18.97|stock_margin_detail_sse,2021-12-14,,2026-09-26T06:48:52.430841+00:00,2021-12-15,CONSERVATIVE_T1,margin_sse,601298,True
2021-12-14,AGGREGATOR|research-node|akshare@1.18.97|stock_margin_detail_sse,2021-12-14,,2026-09-26T06:48:52.430841+00:00,2021-12-15,CONSERVATIVE_T1,margin_sse,601328,True
2021-12-14,AGGREGATOR|research-node|akshare@1.18.97|stock_margin_detail_sse,2021-12-14,,2026-09-26T06:48:52.430841+00:00,2021-12-15,CONSERVATIVE_T1,margin_sse,601869,True
2021-12-14,AGGREGATOR|research-node|akshare@1.18.97|stock_margin_detail_sse,2021-12-14,,2026-09-26T06:48:52.430841+00:00,2021-12-15,CONSERVATIVE_T1,margin_sse,601988,True
2021-12-14,AGGREGATOR|research-node|akshare@1.18.97|stock_margin_detail_sse,2021-12-14,,2026-09-26T06:48:52.430841+00:00,2021-12-15,CONSERVATIVE_T1,margin_sse,601992,True
2021-12-14,AGGREGATOR|research-node|akshare@1.18.97|stock_margin_detail_sse,2021-12-14,,2026-09-26T06:48:52.430841+00:00,2021-12-15,CONSERVATIVE_T1,margin_sse,688116,True
2021-12-14,AGGREGATOR|research-node|akshare@1.18.97|stock_margin_detail_sse,2021-12-14,,2026-09-26T06:48:52.430841+00:00,2021-12-15,CONSERVATIVE_T1,margin_sse,688218,True
2021-12-15,AGGREGATOR|research-node|akshare@1.18.97|stock_margin_detail_sse,2021-12-15,,2026-09-26T06:48:56.582776+00:00,2021-12-16,CONSERVATIVE_T1,margin_sse,600269,True
2021-12-15,AGGREGATOR|research-node|akshare@1.18.97|stock_margin_detail_sse,2021-12-15,,2026-09-26T06:48:56.582776+00:00,2021-12-16,CONSERVATIVE_T1,margin_sse,600377,True
2021-12-15,AGGREGATOR|research-node|akshare@1.18.97|stock_margin_detail_sse,2021-12-15,,2026-09-26T06:48:56.582776+00:00,2021-12-16,CONSERVATIVE_T1,margin_sse,601298,True
2021-12-15,AGGREGATOR|research-node|akshare@1.18.97|stock_margin_detail_sse,2021-12-15,,2026-09-26T06:48:56.582776+00:00,2021-12-16,CONSERVATIVE_T1,margin_sse,601328,True
2021-12-15,AGGREGATOR|research-node|akshare@1.18.97|stock_margin_detail_sse,2021-12-15,,2026-09-26T06:48:56.582776+00:00,2021-12-16,CONSERVATIVE_T1,margin_sse,601869,True
2021-12-15,AGGREGATOR|research-node|akshare@1.18.97|stock_margin_detail_sse,2021-12-15,,2026-09-26T06:48:56.582776+00:00,2021-12-16,CONSERVATIVE_T1,margin_sse,601988,True
2021-12-15,AGGREGATOR|research-node|akshare@1.18.97|stock_margin_detail_sse,2021-12-15,,2026-09-26T06:48:56.582776+00:00,2021-12-16,CONSERVATIVE_T1,margin_sse,601992,True
2021-12-15,AGGREGATOR|research-node|akshare@1.18.97|stock_margin_detail_sse,2021-12-15,,2026-09-26T06:48:56.582776+00:00,2021-12-16,CONSERVATIVE_T1,margin_sse,688116,True
2021-12-15,AGGREGATOR|research-node|akshare@1.18.97|stock_margin_detail_sse,2021-12-15,,2026-09-26T06:48:56.582776+00:00,2021-12-16,CONSERVATIVE_T1,margin_sse,688218,True
2021-12-16,AGGREGATOR|research-node|akshare@1.18.97|stock_margin_detail_sse,2021-12-16,,2026-09-26T06:49:00.528522+00:00,2021-12-17,CONSERVATIVE_T1,margin_sse,600269,True
2021-12-16,AGGREGATOR|research-node|akshare@1.18.97|stock_margin_detail_sse,2021-12-16,,2026-09-26T06:49:00.528522+00:00,2021-12-17,CONSERVATIVE_T1,margin_sse,600377,True
2021-12-16,AGGREGATOR|research-node|akshare@1.18.97|stock_margin_detail_sse,2021-12-16,,2026-09-26T06:49:00.528522+00:00,2021-12-17,CONSERVATIVE_T1,margin_sse,601298,True
2021-12-16,AGGREGATOR|research-node|akshare@1.18.97|stock_margin_detail_sse,2021-12-16,,2026-09-26T06:49:00.528522+00:00,2021-12-17,CONSERVATIVE_T1,margin_sse,601328,True
2021-12-16,AGGREGATOR|research-node|akshare@1.18.97|stock_margin_detail_sse,2021-12-16,,2026-09-26T06:49:00.528522+00:00,2021-12-17,CONSERVATIVE_T1,margin_sse,601869,True
2021-12-16,AGGREGATOR|research-node|akshare@1.18.97|stock_margin_detail_sse,2021-12-16,,2026-09-26T06:49:00.528522+00:00,2021-12-17,CONSERVATIVE_T1,margin_sse,601988,True
2021-12-16,AGGREGATOR|research-node|akshare@1.18.97|stock_margin_detail_sse,2021-12-16,,2026-09-26T06:49:00.528522+00:00,2021-12-17,CONSERVATIVE_T1,margin_sse,601992,True
2021-12-16,AGGREGATOR|research-node|akshare@1.18.97|stock_margin_detail_sse,2021-12-16,,2026-09-26T06:49:00.528522+00:00,2021-12-17,CONSERVATIVE_T1,margin_sse,688116,True
2021-12-16,AGGREGATOR|research-node|akshare@1.18.97|stock_margin_detail_sse,2021-12-16,,2026-09-26T06:49:00.528522+00:00,2021-12-17,CONSERVATIVE_T1,margin_sse,688218,True
2021-12-17,AGGREGATOR|research-node|akshare@1.18.97|stock_margin_detail_sse,2021-12-17,,2026-09-26T06:49:04.454526+00:00,2021-12-20,CONSERVATIVE_T1,margin_sse,600269,True
2021-12-17,AGGREGATOR|research-node|akshare@1.18.97|stock_margin_detail_sse,2021-12-17,,2026-09-26T06:49:04.454526+00:00,2021-12-20,CONSERVATIVE_T1,margin_sse,600377,True
2021-12-17,AGGREGATOR|research-node|akshare@1.18.97|stock_margin_detail_sse,2021-12-17,,2026-09-26T06:49:04.454526+00:00,2021-12-20,CONSERVATIVE_T1,margin_sse,601298,True
2021-12-17,AGGREGATOR|research-node|akshare@1.18.97|stock_margin_detail_sse,2021-12-17,,2026-09-26T06:49:04.454526+00:00,2021-12-20,CONSERVATIVE_T1,margin_sse,601328,True
2021-12-17,AGGREGATOR|research-node|akshare@1.18.97|stock_margin_detail_sse,2021-12-17,,2026-09-26T06:49:04.454526+00:00,2021-12-20,CONSERVATIVE_T1,margin_sse,601869,True
2021-12-17,AGGREGATOR|research-node|akshare@1.18.97|stock_margin_detail_sse,2021-12-17,,2026-09-26T06:49:04.454526+00:00,2021-12-20,CONSERVATIVE_T1,margin_sse,601988,True
2021-12-17,AGGREGATOR|research-node|akshare@1.18.97|stock_margin_detail_sse,2021-12-17,,2026-09-26T06:49:04.454526+00:00,2021-12-20,CONSERVATIVE_T1,margin_sse,601992,True
2021-12-17,AGGREGATOR|research-node|akshare@1.18.97|stock_margin_detail_sse,2021-12-17,,2026-09-26T06:49:04.454526+00:00,2021-12-20,CONSERVATIVE_T1,margin_sse,688116,True
2021-12-17,AGGREGATOR|research-node|akshare@1.18.97|stock_margin_detail_sse,2021-12-17,,2026-09-26T06:49:04.454526+00:00,2021-12-20,CONSERVATIVE_T1,margin_sse,688218,True
2021-12-20,AGGREGATOR|research-node|akshare@1.18.97|stock_margin_detail_sse,2021-12-20,,2026-09-26T06:49:08.368522+00:00,2021-12-21,CONSERVATIVE_T1,margin_sse,600269,True
2021-12-20,AGGREGATOR|research-node|akshare@1.18.97|stock_margin_detail_sse,2021-12-20,,2026-09-26T06:49:08.368522+00:00,2021-12-21,CONSERVATIVE_T1,margin_sse,600377,True
2021-12-20,AGGREGATOR|research-node|akshare@1.18.97|stock_margin_detail_sse,2021-12-20,,2026-09-26T06:49:08.368522+00:00,2021-12-21,CONSERVATIVE_T1,margin_sse,601298,True
2021-12-20,AGGREGATOR|research-node|akshare@1.18.97|stock_margin_detail_sse,2021-12-20,,2026-09-26T06:49:08.368522+00:00,2021-12-21,CONSERVATIVE_T1,margin_sse,601328,True
2021-12-20,AGGREGATOR|research-node|akshare@1.18.97|stock_margin_detail_sse,2021-12-20,,2026-09-26T06:49:08.368522+00:00,2021-12-21,CONSERVATIVE_T1,margin_sse,601869,True
2021-12-20,AGGREGATOR|research-node|akshare@1.18.97|stock_margin_detail_sse,2021-12-20,,2026-09-26T06:49:08.368522+00:00,2021-12-21,CONSERVATIVE_T1,margin_sse,601988,True
2021-12-20,AGGREGATOR|research-node|akshare@1.18.97|stock_margin_detail_sse,2021-12-20,,2026-09-26T06:49:08.368522+00:00,2021-12-21,CONSERVATIVE_T1,margin_sse,601992,True
2021-12-20,AGGREGATOR|research-node|akshare@1.18.97|stock_margin_detail_sse,2021-12-20,,2026-09-26T06:49:08.368522+00:00,2021-12-21,CONSERVATIVE_T1,margin_sse,688116,True
2021-12-20,AGGREGATOR|research-node|akshare@1.18.97|stock_margin_detail_sse,2021-12-20,,2026-09-26T06:49:08.368522+00:00,2021-12-21,CONSERVATIVE_T1,margin_sse,688218,True
2021-12-21,AGGREGATOR|research-node|akshare@1.18.97|stock_margin_detail_sse,2021-12-21,,2026-09-26T06:49:12.254835+00:00,2021-12-22,CONSERVATIVE_T1,margin_sse,600269,True
2021-12-21,AGGREGATOR|research-node|akshare@1.18.97|stock_margin_detail_sse,2021-12-21,,2026-09-26T06:49:12.254835+00:00,2021-12-22,CONSERVATIVE_T1,margin_sse,600377,True
2021-12-21,AGGREGATOR|research-node|akshare@1.18.97|stock_margin_detail_sse,2021-12-21,,2026-09-26T06:49:12.254835+00:00,2021-12-22,CONSERVATIVE_T1,margin_sse,601298,True
2021-12-21,AGGREGATOR|research-node|akshare@1.18.97|stock_margin_detail_sse,2021-12-21,,2026-09-26T06:49:12.254835+00:00,2021-12-22,CONSERVATIVE_T1,margin_sse,601328,True
2021-12-21,AGGREGATOR|research-node|akshare@1.18.97|stock_margin_detail_sse,2021-12-21,,2026-09-26T06:49:12.254835+00:00,2021-12-22,CONSERVATIVE_T1,margin_sse,601869,True
2021-12-21,AGGREGATOR|research-node|akshare@1.18.97|stock_margin_detail_sse,2021-12-21,,2026-09-26T06:49:12.254835+00:00,2021-12-22,CONSERVATIVE_T1,margin_sse,601988,True
2021-12-21,AGGREGATOR|research-node|akshare@1.18.97|stock_margin_detail_sse,2021-12-21,,2026-09-26T06:49:12.254835+00:00,2021-12-22,CONSERVATIVE_T1,margin_sse,601992,True
2021-12-21,AGGREGATOR|research-node|akshare@1.18.97|stock_margin_detail_sse,2021-12-21,,2026-09-26T06:49:12.254835+00:00,2021-12-22,CONSERVATIVE_T1,margin_sse,688116,True
2021-12-21,AGGREGATOR|research-node|akshare@1.18.97|stock_margin_detail_sse,2021-12-21,,2026-09-26T06:49:12.254835+00:00,2021-12-22,CONSERVATIVE_T1,margin_sse,688218,True
2021-12-22,AGGREGATOR|research-node|akshare@1.18.97|stock_margin_detail_sse,2021-12-22,,2026-09-26T06:49:16.164005+00:00,2021-12-23,CONSERVATIVE_T1,margin_sse,600269,True
2021-12-22,AGGREGATOR|research-node|akshare@1.18.97|stock_margin_detail_sse,2021-12-22,,2026-09-26T06:49:16.164005+00:00,2021-12-23,CONSERVATIVE_T1,margin_sse,600377,True
2021-12-22,AGGREGATOR|research-node|akshare@1.18.97|stock_margin_detail_sse,2021-12-22,,2026-09-26T06:49:16.164005+00:00,2021-12-23,CONSERVATIVE_T1,margin_sse,601298,True
2021-12-22,AGGREGATOR|research-node|akshare@1.18.97|stock_margin_detail_sse,2021-12-22,,2026-09-26T06:49:16.164005+00:00,2021-12-23,CONSERVATIVE_T1,margin_sse,601328,True
2021-12-22,AGGREGATOR|research-node|akshare@1.18.97|stock_margin_detail_sse,2021-12-22,,2026-09-26T06:49:16.164005+00:00,2021-12-23,CONSERVATIVE_T1,margin_sse,601869,True
2021-12-22,AGGREGATOR|research-node|akshare@1.18.97|stock_margin_detail_sse,2021-12-22,,2026-09-26T06:49:16.164005+00:00,2021-12-23,CONSERVATIVE_T1,margin_sse,601988,True
2021-12-22,AGGREGATOR|research-node|akshare@1.18.97|stock_margin_detail_sse,2021-12-22,,2026-09-26T06:49:16.164005+00:00,2021-12-23,CONSERVATIVE_T1,margin_sse,601992,True
2021-12-22,AGGREGATOR|research-node|akshare@1.18.97|stock_margin_detail_sse,2021-12-22,,2026-09-26T06:49:16.164005+00:00,2021-12-23,CONSERVATIVE_T1,margin_sse,688116,True
2021-12-22,AGGREGATOR|research-node|akshare@1.18.97|stock_margin_detail_sse,2021-12-22,,2026-09-26T06:49:16.164005+00:00,2021-12-23,CONSERVATIVE_T1,margin_sse,688218,True
2021-12-23,AGGREGATOR|research-node|akshare@1.18.97|stock_margin_detail_sse,2021-12-23,,2026-09-26T06:49:20.119770+00:00,2021-12-24,CONSERVATIVE_T1,margin_sse,600269,True
2021-12-23,AGGREGATOR|research-node|akshare@1.18.97|stock_margin_detail_sse,2021-12-23,,2026-09-26T06:49:20.119770+00:00,2021-12-24,CONSERVATIVE_T1,margin_sse,600377,True
2021-12-23,AGGREGATOR|research-node|akshare@1.18.97|stock_margin_detail_sse,2021-12-23,,2026-09-26T06:49:20.119770+00:00,2021-12-24,CONSERVATIVE_T1,margin_sse,600567,True
2021-12-23,AGGREGATOR|research-node|akshare@1.18.97|stock_margin_detail_sse,2021-12-23,,2026-09-26T06:49:20.119770+00:00,2021-12-24,CONSERVATIVE_T1,margin_sse,601298,True
2021-12-23,AGGREGATOR|research-node|akshare@1.18.97|stock_margin_detail_sse,2021-12-23,,2026-09-26T06:49:20.119770+00:00,2021-12-24,CONSERVATIVE_T1,margin_sse,601328,True
2021-12-23,AGGREGATOR|research-node|akshare@1.18.97|stock_margin_detail_sse,2021-12-23,,2026-09-26T06:49:20.119770+00:00,2021-12-24,CONSERVATIVE_T1,margin_sse,601869,True
2021-12-23,AGGREGATOR|research-node|akshare@1.18.97|stock_margin_detail_sse,2021-12-23,,2026-09-26T06:49:20.119770+00:00,2021-12-24,CONSERVATIVE_T1,margin_sse,601988,True
2021-12-23,AGGREGATOR|research-node|akshare@1.18.97|stock_margin_detail_sse,2021-12-23,,2026-09-26T06:49:20.119770+00:00,2021-12-24,CONSERVATIVE_T1,margin_sse,601992,True
2021-12-23,AGGREGATOR|research-node|akshare@1.18.97|stock_margin_detail_sse,2021-12-23,,2026-09-26T06:49:20.119770+00:00,2021-12-24,CONSERVATIVE_T1,margin_sse,688116,True
2021-12-23,AGGREGATOR|research-node|akshare@1.18.97|stock_margin_detail_sse,2021-12-23,,2026-09-26T06:49:20.119770+00:00,2021-12-24,CONSERVATIVE_T1,margin_sse,688218,True
2021-12-24,AGGREGATOR|research-node|akshare@1.18.97|stock_margin_detail_sse,2021-12-24,,2026-09-26T06:49:24.004866+00:00,2021-12-27,CONSERVATIVE_T1,margin_sse,600269,True
2021-12-24,AGGREGATOR|research-node|akshare@1.18.97|stock_margin_detail_sse,2021-12-24,,2026-09-26T06:49:24.004866+00:00,2021-12-27,CONSERVATIVE_T1,margin_sse,600377,True
2021-12-24,AGGREGATOR|research-node|akshare@1.18.97|stock_margin_detail_sse,2021-12-24,,2026-09-26T06:49:24.004866+00:00,2021-12-27,CONSERVATIVE_T1,margin_sse,600567,True
2021-12-24,AGGREGATOR|research-node|akshare@1.18.97|stock_margin_detail_sse,2021-12-24,,2026-09-26T06:49:24.004866+00:00,2021-12-27,CONSERVATIVE_T1,margin_sse,601298,True
2021-12-24,AGGREGATOR|research-node|akshare@1.18.97|stock_margin_detail_sse,2021-12-24,,2026-09-26T06:49:24.004866+00:00,2021-12-27,CONSERVATIVE_T1,margin_sse,601328,True
2021-12-24,AGGREGATOR|research-node|akshare@1.18.97|stock_margin_detail_sse,2021-12-24,,2026-09-26T06:49:24.004866+00:00,2021-12-27,CONSERVATIVE_T1,margin_sse,601869,True
2021-12-24,AGGREGATOR|research-node|akshare@1.18.97|stock_margin_detail_sse,2021-12-24,,2026-09-26T06:49:24.004866+00:00,2021-12-27,CONSERVATIVE_T1,margin_sse,601988,True
2021-12-24,AGGREGATOR|research-node|akshare@1.18.97|stock_margin_detail_sse,2021-12-24,,2026-09-26T06:49:24.004866+00:00,2021-12-27,CONSERVATIVE_T1,margin_sse,601992,True
2021-12-24,AGGREGATOR|research-node|akshare@1.18.97|stock_margin_detail_sse,2021-12-24,,2026-09-26T06:49:24.004866+00:00,2021-12-27,CONSERVATIVE_T1,margin_sse,688116,True
2021-12-24,AGGREGATOR|research-node|akshare@1.18.97|stock_margin_detail_sse,2021-12-24,,2026-09-26T06:49:24.004866+00:00,2021-12-27,CONSERVATIVE_T1,margin_sse,688218,True
2021-12-27,AGGREGATOR|research-node|akshare@1.18.97|stock_margin_detail_sse,2021-12-27,,2026-09-26T06:49:27.906580+00:00,2021-12-28,CONSERVATIVE_T1,margin_sse,600269,True
2021-12-27,AGGREGATOR|research-node|akshare@1.18.97|stock_margin_detail_sse,2021-12-27,,2026-09-26T06:49:27.906580+00:00,2021-12-28,CONSERVATIVE_T1,margin_sse,600377,True
2021-12-27,AGGREGATOR|research-node|akshare@1.18.97|stock_margin_detail_sse,2021-12-27,,2026-09-26T06:49:27.906580+00:00,2021-12-28,CONSERVATIVE_T1,margin_sse,600567,True
2021-12-27,AGGREGATOR|research-node|akshare@1.18.97|stock_margin_detail_sse,2021-12-27,,2026-09-26T06:49:27.906580+00:00,2021-12-28,CONSERVATIVE_T1,margin_sse,601298,True
2021-12-27,AGGREGATOR|research-node|akshare@1.18.97|stock_margin_detail_sse,2021-12-27,,2026-09-26T06:49:27.906580+00:00,2021-12-28,CONSERVATIVE_T1,margin_sse,601328,True
2021-12-27,AGGREGATOR|research-node|akshare@1.18.97|stock_margin_detail_sse,2021-12-27,,2026-09-26T06:49:27.906580+00:00,2021-12-28,CONSERVATIVE_T1,margin_sse,601869,True
2021-12-27,AGGREGATOR|research-node|akshare@1.18.97|stock_margin_detail_sse,2021-12-27,,2026-09-26T06:49:27.906580+00:00,2021-12-28,CONSERVATIVE_T1,margin_sse,601988,True
2021-12-27,AGGREGATOR|research-node|akshare@1.18.97|stock_margin_detail_sse,2021-12-27,,2026-09-26T06:49:27.906580+00:00,2021-12-28,CONSERVATIVE_T1,margin_sse,601992,True
2021-12-27,AGGREGATOR|research-node|akshare@1.18.97|stock_margin_detail_sse,2021-12-27,,2026-09-26T06:49:27.906580+00:00,2021-12-28,CONSERVATIVE_T1,margin_sse,688116,True
2021-12-27,AGGREGATOR|research-node|akshare@1.18.97|stock_margin_detail_sse,2021-12-27,,2026-09-26T06:49:27.906580+00:00,2021-12-28,CONSERVATIVE_T1,margin_sse,688218,True
2021-12-28,AGGREGATOR|research-node|akshare@1.18.97|stock_margin_detail_sse,2021-12-28,,2026-09-26T06:49:31.817276+00:00,2021-12-29,CONSERVATIVE_T1,margin_sse,600269,True
2021-12-28,AGGREGATOR|research-node|akshare@1.18.97|stock_margin_detail_sse,2021-12-28,,2026-09-26T06:49:31.817276+00:00,2021-12-29,CONSERVATIVE_T1,margin_sse,600377,True
2021-12-28,AGGREGATOR|research-node|akshare@1.18.97|stock_margin_detail_sse,2021-12-28,,2026-09-26T06:49:31.817276+00:00,2021-12-29,CONSERVATIVE_T1,margin_sse,600567,True
2021-12-28,AGGREGATOR|research-node|akshare@1.18.97|stock_margin_detail_sse,2021-12-28,,2026-09-26T06:49:31.817276+00:00,2021-12-29,CONSERVATIVE_T1,margin_sse,601298,True
2021-12-28,AGGREGATOR|research-node|akshare@1.18.97|stock_margin_detail_sse,2021-12-28,,2026-09-26T06:49:31.817276+00:00,2021-12-29,CONSERVATIVE_T1,margin_sse,601328,True
2021-12-28,AGGREGATOR|research-node|akshare@1.18.97|stock_margin_detail_sse,2021-12-28,,2026-09-26T06:49:31.817276+00:00,2021-12-29,CONSERVATIVE_T1,margin_sse,601869,True
2021-12-28,AGGREGATOR|research-node|akshare@1.18.97|stock_margin_detail_sse,2021-12-28,,2026-09-26T06:49:31.817276+00:00,2021-12-29,CONSERVATIVE_T1,margin_sse,601988,True
2021-12-28,AGGREGATOR|research-node|akshare@1.18.97|stock_margin_detail_sse,2021-12-28,,2026-09-26T06:49:31.817276+00:00,2021-12-29,CONSERVATIVE_T1,margin_sse,601992,True
2021-12-28,AGGREGATOR|research-node|akshare@1.18.97|stock_margin_detail_sse,2021-12-28,,2026-09-26T06:49:31.817276+00:00,2021-12-29,CONSERVATIVE_T1,margin_sse,688116,True
2021-12-28,AGGREGATOR|research-node|akshare@1.18.97|stock_margin_detail_sse,2021-12-28,,2026-09-26T06:49:31.817276+00:00,2021-12-29,CONSERVATIVE_T1,margin_sse,688218,True
2021-12-29,AGGREGATOR|research-node|akshare@1.18.97|stock_margin_detail_sse,2021-12-29,,2026-09-26T06:49:35.801220+00:00,2021-12-30,CONSERVATIVE_T1,margin_sse,600269,True
2021-12-29,AGGREGATOR|research-node|akshare@1.18.97|stock_margin_detail_sse,2021-12-29,,2026-09-26T06:49:35.801220+00:00,2021-12-30,CONSERVATIVE_T1,margin_sse,600377,True
2021-12-29,AGGREGATOR|research-node|akshare@1.18.97|stock_margin_detail_sse,2021-12-29,,2026-09-26T06:49:35.801220+00:00,2021-12-30,CONSERVATIVE_T1,margin_sse,600567,True
2021-12-29,AGGREGATOR|research-node|akshare@1.18.97|stock_margin_detail_sse,2021-12-29,,2026-09-26T06:49:35.801220+00:00,2021-12-30,CONSERVATIVE_T1,margin_sse,601298,True
2021-12-29,AGGREGATOR|research-node|akshare@1.18.97|stock_margin_detail_sse,2021-12-29,,2026-09-26T06:49:35.801220+00:00,2021-12-30,CONSERVATIVE_T1,margin_sse,601328,True
2021-12-29,AGGREGATOR|research-node|akshare@1.18.97|stock_margin_detail_sse,2021-12-29,,2026-09-26T06:49:35.801220+00:00,2021-12-30,CONSERVATIVE_T1,margin_sse,601869,True
2021-12-29,AGGREGATOR|research-node|akshare@1.18.97|stock_margin_detail_sse,2021-12-29,,2026-09-26T06:49:35.801220+00:00,2021-12-30,CONSERVATIVE_T1,margin_sse,601988,True
2021-12-29,AGGREGATOR|research-node|akshare@1.18.97|stock_margin_detail_sse,2021-12-29,,2026-09-26T06:49:35.801220+00:00,2021-12-30,CONSERVATIVE_T1,margin_sse,601992,True
2021-12-29,AGGREGATOR|research-node|akshare@1.18.97|stock_margin_detail_sse,2021-12-29,,2026-09-26T06:49:35.801220+00:00,2021-12-30,CONSERVATIVE_T1,margin_sse,688116,True
2021-12-29,AGGREGATOR|research-node|akshare@1.18.97|stock_margin_detail_sse,2021-12-29,,2026-09-26T06:49:35.801220+00:00,2021-12-30,CONSERVATIVE_T1,margin_sse,688218,True
2021-12-30,AGGREGATOR|research-node|akshare@1.18.97|stock_margin_detail_sse,2021-12-30,,2026-09-26T06:49:39.792178+00:00,2021-12-31,CONSERVATIVE_T1,margin_sse,600269,True
2021-12-30,AGGREGATOR|research-node|akshare@1.18.97|stock_margin_detail_sse,2021-12-30,,2026-09-26T06:49:39.792178+00:00,2021-12-31,CONSERVATIVE_T1,margin_sse,600377,True
2021-12-30,AGGREGATOR|research-node|akshare@1.18.97|stock_margin_detail_sse,2021-12-30,,2026-09-26T06:49:39.792178+00:00,2021-12-31,CONSERVATIVE_T1,margin_sse,600567,True
2021-12-30,AGGREGATOR|research-node|akshare@1.18.97|stock_margin_detail_sse,2021-12-30,,2026-09-26T06:49:39.792178+00:00,2021-12-31,CONSERVATIVE_T1,margin_sse,601298,True
2021-12-30,AGGREGATOR|research-node|akshare@1.18.97|stock_margin_detail_sse,2021-12-30,,2026-09-26T06:49:39.792178+00:00,2021-12-31,CONSERVATIVE_T1,margin_sse,601328,True
2021-12-30,AGGREGATOR|research-node|akshare@1.18.97|stock_margin_detail_sse,2021-12-30,,2026-09-26T06:49:39.792178+00:00,2021-12-31,CONSERVATIVE_T1,margin_sse,601869,True
2021-12-30,AGGREGATOR|research-node|akshare@1.18.97|stock_margin_detail_sse,2021-12-30,,2026-09-26T06:49:39.792178+00:00,2021-12-31,CONSERVATIVE_T1,margin_sse,601988,True
2021-12-30,AGGREGATOR|research-node|akshare@1.18.97|stock_margin_detail_sse,2021-12-30,,2026-09-26T06:49:39.792178+00:00,2021-12-31,CONSERVATIVE_T1,margin_sse,601992,True
2021-12-30,AGGREGATOR|research-node|akshare@1.18.97|stock_margin_detail_sse,2021-12-30,,2026-09-26T06:49:39.792178+00:00,2021-12-31,CONSERVATIVE_T1,margin_sse,688116,True
2021-12-30,AGGREGATOR|research-node|akshare@1.18.97|stock_margin_detail_sse,2021-12-30,,2026-09-26T06:49:39.792178+00:00,2021-12-31,CONSERVATIVE_T1,margin_sse,688218,True
2021-12-31,AGGREGATOR|research-node|akshare@1.18.97|stock_margin_detail_sse,2021-12-31,,2026-09-26T06:49:43.778313+00:00,2022-01-04,CONSERVATIVE_T1,margin_sse,600269,True
2021-12-31,AGGREGATOR|research-node|akshare@1.18.97|stock_margin_detail_sse,2021-12-31,,2026-09-26T06:49:43.778313+00:00,2022-01-04,CONSERVATIVE_T1,margin_sse,600377,True
2021-12-31,AGGREGATOR|research-node|akshare@1.18.97|stock_margin_detail_sse,2021-12-31,,2026-09-26T06:49:43.778313+00:00,2022-01-04,CONSERVATIVE_T1,margin_sse,600567,True
2021-12-31,AGGREGATOR|research-node|akshare@1.18.97|stock_margin_detail_sse,2021-12-31,,2026-09-26T06:49:43.778313+00:00,2022-01-04,CONSERVATIVE_T1,margin_sse,601298,True
2021-12-31,AGGREGATOR|research-node|akshare@1.18.97|stock_margin_detail_sse,2021-12-31,,2026-09-26T06:49:43.778313+00:00,2022-01-04,CONSERVATIVE_T1,margin_sse,601328,True
2021-12-31,AGGREGATOR|research-node|akshare@1.18.97|stock_margin_detail_sse,2021-12-31,,2026-09-26T06:49:43.778313+00:00,2022-01-04,CONSERVATIVE_T1,margin_sse,601869,True
2021-12-31,AGGREGATOR|research-node|akshare@1.18.97|stock_margin_detail_sse,2021-12-31,,2026-09-26T06:49:43.778313+00:00,2022-01-04,CONSERVATIVE_T1,margin_sse,601988,True
2021-12-31,AGGREGATOR|research-node|akshare@1.18.97|stock_margin_detail_sse,2021-12-31,,2026-09-26T06:49:43.778313+00:00,2022-01-04,CONSERVATIVE_T1,margin_sse,601992,True
2021-12-31,AGGREGATOR|research-node|akshare@1.18.97|stock_margin_detail_sse,2021-12-31,,2026-09-26T06:49:43.778313+00:00,2022-01-04,CONSERVATIVE_T1,margin_sse,688116,True
2021-12-31,AGGREGATOR|research-node|akshare@1.18.97|stock_margin_detail_sse,2021-12-31,,2026-09-26T06:49:43.778313+00:00,2022-01-04,CONSERVATIVE_T1,margin_sse,688218,True
2021-07-01,AGGREGATOR|research-node|akshare@1.18.97|stock_margin_detail_szse,,,2026-09-26T06:49:46.282115+00:00,2021-07-02,CONSERVATIVE_T1,margin_szse,000750,True
2021-07-01,AGGREGATOR|research-node|akshare@1.18.97|stock_margin_detail_szse,,,2026-09-26T06:49:46.282115+00:00,2021-07-02,CONSERVATIVE_T1,margin_szse,000783,True
2021-07-01,AGGREGATOR|research-node|akshare@1.18.97|stock_margin_detail_szse,,,2026-09-26T06:49:46.282115+00:00,2021-07-02,CONSERVATIVE_T1,margin_szse,002736,True
2021-07-02,AGGREGATOR|research-node|akshare@1.18.97|stock_margin_detail_szse,,,2026-09-26T06:49:48.282843+00:00,2021-07-05,CONSERVATIVE_T1,margin_szse,000750,True
2021-07-02,AGGREGATOR|research-node|akshare@1.18.97|stock_margin_detail_szse,,,2026-09-26T06:49:48.282843+00:00,2021-07-05,CONSERVATIVE_T1,margin_szse,000783,True
2021-07-02,AGGREGATOR|research-node|akshare@1.18.97|stock_margin_detail_szse,,,2026-09-26T06:49:48.282843+00:00,2021-07-05,CONSERVATIVE_T1,margin_szse,002736,True
2021-07-05,AGGREGATOR|research-node|akshare@1.18.97|stock_margin_detail_szse,,,2026-09-26T06:49:50.289929+00:00,2021-07-06,CONSERVATIVE_T1,margin_szse,000750,True
2021-07-05,AGGREGATOR|research-node|akshare@1.18.97|stock_margin_detail_szse,,,2026-09-26T06:49:50.289929+00:00,2021-07-06,CONSERVATIVE_T1,margin_szse,000783,True
2021-07-05,AGGREGATOR|research-node|akshare@1.18.97|stock_margin_detail_szse,,,2026-09-26T06:49:50.289929+00:00,2021-07-06,CONSERVATIVE_T1,margin_szse,002736,True
2021-07-06,AGGREGATOR|research-node|akshare@1.18.97|stock_margin_detail_szse,,,2026-09-26T06:49:52.280420+00:00,2021-07-07,CONSERVATIVE_T1,margin_szse,000750,True
2021-07-06,AGGREGATOR|research-node|akshare@1.18.97|stock_margin_detail_szse,,,2026-09-26T06:49:52.280420+00:00,2021-07-07,CONSERVATIVE_T1,margin_szse,000783,True
2021-07-06,AGGREGATOR|research-node|akshare@1.18.97|stock_margin_detail_szse,,,2026-09-26T06:49:52.280420+00:00,2021-07-07,CONSERVATIVE_T1,margin_szse,002736,True
2021-07-07,AGGREGATOR|research-node|akshare@1.18.97|stock_margin_detail_szse,,,2026-09-26T06:49:54.311238+00:00,2021-07-08,CONSERVATIVE_T1,margin_szse,000750,True
2021-07-07,AGGREGATOR|research-node|akshare@1.18.97|stock_margin_detail_szse,,,2026-09-26T06:49:54.311238+00:00,2021-07-08,CONSERVATIVE_T1,margin_szse,000783,True
2021-07-07,AGGREGATOR|research-node|akshare@1.18.97|stock_margin_detail_szse,,,2026-09-26T06:49:54.311238+00:00,2021-07-08,CONSERVATIVE_T1,margin_szse,002736,True
2021-07-08,AGGREGATOR|research-node|akshare@1.18.97|stock_margin_detail_szse,,,2026-09-26T06:49:56.401710+00:00,2021-07-09,CONSERVATIVE_T1,margin_szse,000750,True
2021-07-08,AGGREGATOR|research-node|akshare@1.18.97|stock_margin_detail_szse,,,2026-09-26T06:49:56.401710+00:00,2021-07-09,CONSERVATIVE_T1,margin_szse,000783,True
2021-07-08,AGGREGATOR|research-node|akshare@1.18.97|stock_margin_detail_szse,,,2026-09-26T06:49:56.401710+00:00,2021-07-09,CONSERVATIVE_T1,margin_szse,002736,True
2021-07-09,AGGREGATOR|research-node|akshare@1.18.97|stock_margin_detail_szse,,,2026-09-26T06:49:58.415017+00:00,2021-07-12,CONSERVATIVE_T1,margin_szse,000750,True
2021-07-09,AGGREGATOR|research-node|akshare@1.18.97|stock_margin_detail_szse,,,2026-09-26T06:49:58.415017+00:00,2021-07-12,CONSERVATIVE_T1,margin_szse,000783,True
2021-07-09,AGGREGATOR|research-node|akshare@1.18.97|stock_margin_detail_szse,,,2026-09-26T06:49:58.415017+00:00,2021-07-12,CONSERVATIVE_T1,margin_szse,002736,True
2021-07-12,AGGREGATOR|research-node|akshare@1.18.97|stock_margin_detail_szse,,,2026-09-26T06:50:00.428917+00:00,2021-07-13,CONSERVATIVE_T1,margin_szse,000709,True
2021-07-12,AGGREGATOR|research-node|akshare@1.18.97|stock_margin_detail_szse,,,2026-09-26T06:50:00.428917+00:00,2021-07-13,CONSERVATIVE_T1,margin_szse,000750,True
2021-07-12,AGGREGATOR|research-node|akshare@1.18.97|stock_margin_detail_szse,,,2026-09-26T06:50:00.428917+00:00,2021-07-13,CONSERVATIVE_T1,margin_szse,000783,True
2021-07-12,AGGREGATOR|research-node|akshare@1.18.97|stock_margin_detail_szse,,,2026-09-26T06:50:00.428917+00:00,2021-07-13,CONSERVATIVE_T1,margin_szse,002736,True
2021-07-13,AGGREGATOR|research-node|akshare@1.18.97|stock_margin_detail_szse,,,2026-09-26T06:50:02.442526+00:00,2021-07-14,CONSERVATIVE_T1,margin_szse,000709,True
2021-07-13,AGGREGATOR|research-node|akshare@1.18.97|stock_margin_detail_szse,,,2026-09-26T06:50:02.442526+00:00,2021-07-14,CONSERVATIVE_T1,margin_szse,000750,True
2021-07-13,AGGREGATOR|research-node|akshare@1.18.97|stock_margin_detail_szse,,,2026-09-26T06:50:02.442526+00:00,2021-07-14,CONSERVATIVE_T1,margin_szse,000783,True
2021-07-13,AGGREGATOR|research-node|akshare@1.18.97|stock_margin_detail_szse,,,2026-09-26T06:50:02.442526+00:00,2021-07-14,CONSERVATIVE_T1,margin_szse,002736,True
2021-07-14,AGGREGATOR|research-node|akshare@1.18.97|stock_margin_detail_szse,,,2026-09-26T06:50:04.481959+00:00,2021-07-15,CONSERVATIVE_T1,margin_szse,000709,True
2021-07-14,AGGREGATOR|research-node|akshare@1.18.97|stock_margin_detail_szse,,,2026-09-26T06:50:04.481959+00:00,2021-07-15,CONSERVATIVE_T1,margin_szse,000750,True
2021-07-14,AGGREGATOR|research-node|akshare@1.18.97|stock_margin_detail_szse,,,2026-09-26T06:50:04.481959+00:00,2021-07-15,CONSERVATIVE_T1,margin_szse,000783,True
2021-07-14,AGGREGATOR|research-node|akshare@1.18.97|stock_margin_detail_szse,,,2026-09-26T06:50:04.481959+00:00,2021-07-15,CONSERVATIVE_T1,margin_szse,002736,True
2021-07-15,AGGREGATOR|research-node|akshare@1.18.97|stock_margin_detail_szse,,,2026-09-26T06:50:06.579588+00:00,2021-07-16,CONSERVATIVE_T1,margin_szse,000709,True
2021-07-15,AGGREGATOR|research-node|akshare@1.18.97|stock_margin_detail_szse,,,2026-09-26T06:50:06.579588+00:00,2021-07-16,CONSERVATIVE_T1,margin_szse,000750,True
2021-07-15,AGGREGATOR|research-node|akshare@1.18.97|stock_margin_detail_szse,,,2026-09-26T06:50:06.579588+00:00,2021-07-16,CONSERVATIVE_T1,margin_szse,000783,True
2021-07-15,AGGREGATOR|research-node|akshare@1.18.97|stock_margin_detail_szse,,,2026-09-26T06:50:06.579588+00:00,2021-07-16,CONSERVATIVE_T1,margin_szse,002736,True
2021-07-16,AGGREGATOR|research-node|akshare@1.18.97|stock_margin_detail_szse,,,2026-09-26T06:50:08.584824+00:00,2021-07-19,CONSERVATIVE_T1,margin_szse,000709,True
2021-07-16,AGGREGATOR|research-node|akshare@1.18.97|stock_margin_detail_szse,,,2026-09-26T06:50:08.584824+00:00,2021-07-19,CONSERVATIVE_T1,margin_szse,000750,True
2021-07-16,AGGREGATOR|research-node|akshare@1.18.97|stock_margin_detail_szse,,,2026-09-26T06:50:08.584824+00:00,2021-07-19,CONSERVATIVE_T1,margin_szse,000783,True
2021-07-16,AGGREGATOR|research-node|akshare@1.18.97|stock_margin_detail_szse,,,2026-09-26T06:50:08.584824+00:00,2021-07-19,CONSERVATIVE_T1,margin_szse,002736,True
2021-07-19,AGGREGATOR|research-node|akshare@1.18.97|stock_margin_detail_szse,,,2026-09-26T06:50:10.626570+00:00,2021-07-20,CONSERVATIVE_T1,margin_szse,000709,True
2021-07-19,AGGREGATOR|research-node|akshare@1.18.97|stock_margin_detail_szse,,,2026-09-26T06:50:10.626570+00:00,2021-07-20,CONSERVATIVE_T1,margin_szse,000750,True
2021-07-19,AGGREGATOR|research-node|akshare@1.18.97|stock_margin_detail_szse,,,2026-09-26T06:50:10.626570+00:00,2021-07-20,CONSERVATIVE_T1,margin_szse,000783,True
2021-07-19,AGGREGATOR|research-node|akshare@1.18.97|stock_margin_detail_szse,,,2026-09-26T06:50:10.626570+00:00,2021-07-20,CONSERVATIVE_T1,margin_szse,002736,True
2021-07-20,AGGREGATOR|research-node|akshare@1.18.97|stock_margin_detail_szse,,,2026-09-26T06:50:12.639998+00:00,2021-07-21,CONSERVATIVE_T1,margin_szse,000709,True
2021-07-20,AGGREGATOR|research-node|akshare@1.18.97|stock_margin_detail_szse,,,2026-09-26T06:50:12.639998+00:00,2021-07-21,CONSERVATIVE_T1,margin_szse,000750,True
2021-07-20,AGGREGATOR|research-node|akshare@1.18.97|stock_margin_detail_szse,,,2026-09-26T06:50:12.639998+00:00,2021-07-21,CONSERVATIVE_T1,margin_szse,000783,True
2021-07-20,AGGREGATOR|research-node|akshare@1.18.97|stock_margin_detail_szse,,,2026-09-26T06:50:12.639998+00:00,2021-07-21,CONSERVATIVE_T1,margin_szse,002736,True
2021-07-21,AGGREGATOR|research-node|akshare@1.18.97|stock_margin_detail_szse,,,2026-09-26T06:50:14.650611+00:00,2021-07-22,CONSERVATIVE_T1,margin_szse,000709,True
2021-07-21,AGGREGATOR|research-node|akshare@1.18.97|stock_margin_detail_szse,,,2026-09-26T06:50:14.650611+00:00,2021-07-22,CONSERVATIVE_T1,margin_szse,000750,True
2021-07-21,AGGREGATOR|research-node|akshare@1.18.97|stock_margin_detail_szse,,,2026-09-26T06:50:14.650611+00:00,2021-07-22,CONSERVATIVE_T1,margin_szse,000783,True
2021-07-21,AGGREGATOR|research-node|akshare@1.18.97|stock_margin_detail_szse,,,2026-09-26T06:50:14.650611+00:00,2021-07-22,CONSERVATIVE_T1,margin_szse,002736,True
2021-07-22,AGGREGATOR|research-node|akshare@1.18.97|stock_margin_detail_szse,,,2026-09-26T06:50:16.741281+00:00,2021-07-23,CONSERVATIVE_T1,margin_szse,000709,True
2021-07-22,AGGREGATOR|research-node|akshare@1.18.97|stock_margin_detail_szse,,,2026-09-26T06:50:16.741281+00:00,2021-07-23,CONSERVATIVE_T1,margin_szse,000750,True
2021-07-22,AGGREGATOR|research-node|akshare@1.18.97|stock_margin_detail_szse,,,2026-09-26T06:50:16.741281+00:00,2021-07-23,CONSERVATIVE_T1,margin_szse,000783,True
2021-07-22,AGGREGATOR|research-node|akshare@1.18.97|stock_margin_detail_szse,,,2026-09-26T06:50:16.741281+00:00,2021-07-23,CONSERVATIVE_T1,margin_szse,002736,True
2021-07-23,AGGREGATOR|research-node|akshare@1.18.97|stock_margin_detail_szse,,,2026-09-26T06:50:18.739916+00:00,2021-07-26,CONSERVATIVE_T1,margin_szse,000709,True
2021-07-23,AGGREGATOR|research-node|akshare@1.18.97|stock_margin_detail_szse,,,2026-09-26T06:50:18.739916+00:00,2021-07-26,CONSERVATIVE_T1,margin_szse,000750,True
2021-07-23,AGGREGATOR|research-node|akshare@1.18.97|stock_margin_detail_szse,,,2026-09-26T06:50:18.739916+00:00,2021-07-26,CONSERVATIVE_T1,margin_szse,000783,True
2021-07-23,AGGREGATOR|research-node|akshare@1.18.97|stock_margin_detail_szse,,,2026-09-26T06:50:18.739916+00:00,2021-07-26,CONSERVATIVE_T1,margin_szse,002736,True
2021-07-26,AGGREGATOR|research-node|akshare@1.18.97|stock_margin_detail_szse,,,2026-09-26T06:50:20.737604+00:00,2021-07-27,CONSERVATIVE_T1,margin_szse,000709,True
2021-07-26,AGGREGATOR|research-node|akshare@1.18.97|stock_margin_detail_szse,,,2026-09-26T06:50:20.737604+00:00,2021-07-27,CONSERVATIVE_T1,margin_szse,000750,True
2021-07-26,AGGREGATOR|research-node|akshare@1.18.97|stock_margin_detail_szse,,,2026-09-26T06:50:20.737604+00:00,2021-07-27,CONSERVATIVE_T1,margin_szse,000783,True
2021-07-26,AGGREGATOR|research-node|akshare@1.18.97|stock_margin_detail_szse,,,2026-09-26T06:50:20.737604+00:00,2021-07-27,CONSERVATIVE_T1,margin_szse,002736,True
2021-07-27,AGGREGATOR|research-node|akshare@1.18.97|stock_margin_detail_szse,,,2026-09-26T06:50:22.779282+00:00,2021-07-28,CONSERVATIVE_T1,margin_szse,000709,True
2021-07-27,AGGREGATOR|research-node|akshare@1.18.97|stock_margin_detail_szse,,,2026-09-26T06:50:22.779282+00:00,2021-07-28,CONSERVATIVE_T1,margin_szse,000750,True
2021-07-27,AGGREGATOR|research-node|akshare@1.18.97|stock_margin_detail_szse,,,2026-09-26T06:50:22.779282+00:00,2021-07-28,CONSERVATIVE_T1,margin_szse,000783,True
2021-07-27,AGGREGATOR|research-node|akshare@1.18.97|stock_margin_detail_szse,,,2026-09-26T06:50:22.779282+00:00,2021-07-28,CONSERVATIVE_T1,margin_szse,002736,True
2021-07-28,AGGREGATOR|research-node|akshare@1.18.97|stock_margin_detail_szse,,,2026-09-26T06:50:24.787550+00:00,2021-07-29,CONSERVATIVE_T1,margin_szse,000709,True
2021-07-28,AGGREGATOR|research-node|akshare@1.18.97|stock_margin_detail_szse,,,2026-09-26T06:50:24.787550+00:00,2021-07-29,CONSERVATIVE_T1,margin_szse,000750,True
2021-07-28,AGGREGATOR|research-node|akshare@1.18.97|stock_margin_detail_szse,,,2026-09-26T06:50:24.787550+00:00,2021-07-29,CONSERVATIVE_T1,margin_szse,000783,True
2021-07-28,AGGREGATOR|research-node|akshare@1.18.97|stock_margin_detail_szse,,,2026-09-26T06:50:24.787550+00:00,2021-07-29,CONSERVATIVE_T1,margin_szse,002736,True
2021-07-29,AGGREGATOR|research-node|akshare@1.18.97|stock_margin_detail_szse,,,2026-09-26T06:50:26.804675+00:00,2021-07-30,CONSERVATIVE_T1,margin_szse,000709,True
2021-07-29,AGGREGATOR|research-node|akshare@1.18.97|stock_margin_detail_szse,,,2026-09-26T06:50:26.804675+00:00,2021-07-30,CONSERVATIVE_T1,margin_szse,000750,True
2021-07-29,AGGREGATOR|research-node|akshare@1.18.97|stock_margin_detail_szse,,,2026-09-26T06:50:26.804675+00:00,2021-07-30,CONSERVATIVE_T1,margin_szse,000783,True
2021-07-29,AGGREGATOR|research-node|akshare@1.18.97|stock_margin_detail_szse,,,2026-09-26T06:50:26.804675+00:00,2021-07-30,CONSERVATIVE_T1,margin_szse,002736,True
2021-07-30,AGGREGATOR|research-node|akshare@1.18.97|stock_margin_detail_szse,,,2026-09-26T06:50:28.916761+00:00,2021-08-02,CONSERVATIVE_T1,margin_szse,000709,True
2021-07-30,AGGREGATOR|research-node|akshare@1.18.97|stock_margin_detail_szse,,,2026-09-26T06:50:28.916761+00:00,2021-08-02,CONSERVATIVE_T1,margin_szse,000750,True
2021-07-30,AGGREGATOR|research-node|akshare@1.18.97|stock_margin_detail_szse,,,2026-09-26T06:50:28.916761+00:00,2021-08-02,CONSERVATIVE_T1,margin_szse,000783,True
2021-07-30,AGGREGATOR|research-node|akshare@1.18.97|stock_margin_detail_szse,,,2026-09-26T06:50:28.916761+00:00,2021-08-02,CONSERVATIVE_T1,margin_szse,002736,True
2021-08-02,AGGREGATOR|research-node|akshare@1.18.97|stock_margin_detail_szse,,,2026-09-26T06:50:30.918077+00:00,2021-08-03,CONSERVATIVE_T1,margin_szse,000709,True
2021-08-02,AGGREGATOR|research-node|akshare@1.18.97|stock_margin_detail_szse,,,2026-09-26T06:50:30.918077+00:00,2021-08-03,CONSERVATIVE_T1,margin_szse,000750,True
2021-08-02,AGGREGATOR|research-node|akshare@1.18.97|stock_margin_detail_szse,,,2026-09-26T06:50:30.918077+00:00,2021-08-03,CONSERVATIVE_T1,margin_szse,000783,True
2021-08-02,AGGREGATOR|research-node|akshare@1.18.97|stock_margin_detail_szse,,,2026-09-26T06:50:30.918077+00:00,2021-08-03,CONSERVATIVE_T1,margin_szse,002736,True
2021-08-03,AGGREGATOR|research-node|akshare@1.18.97|stock_margin_detail_szse,,,2026-09-26T06:50:32.960531+00:00,2021-08-04,CONSERVATIVE_T1,margin_szse,000709,True
2021-08-03,AGGREGATOR|research-node|akshare@1.18.97|stock_margin_detail_szse,,,2026-09-26T06:50:32.960531+00:00,2021-08-04,CONSERVATIVE_T1,margin_szse,000750,True
2021-08-03,AGGREGATOR|research-node|akshare@1.18.97|stock_margin_detail_szse,,,2026-09-26T06:50:32.960531+00:00,2021-08-04,CONSERVATIVE_T1,margin_szse,000783,True
2021-08-03,AGGREGATOR|research-node|akshare@1.18.97|stock_margin_detail_szse,,,2026-09-26T06:50:32.960531+00:00,2021-08-04,CONSERVATIVE_T1,margin_szse,002736,True
2021-08-04,AGGREGATOR|research-node|akshare@1.18.97|stock_margin_detail_szse,,,2026-09-26T06:50:34.975696+00:00,2021-08-05,CONSERVATIVE_T1,margin_szse,000709,True
2021-08-04,AGGREGATOR|research-node|akshare@1.18.97|stock_margin_detail_szse,,,2026-09-26T06:50:34.975696+00:00,2021-08-05,CONSERVATIVE_T1,margin_szse,000750,True
2021-08-04,AGGREGATOR|research-node|akshare@1.18.97|stock_margin_detail_szse,,,2026-09-26T06:50:34.975696+00:00,2021-08-05,CONSERVATIVE_T1,margin_szse,000783,True
2021-08-04,AGGREGATOR|research-node|akshare@1.18.97|stock_margin_detail_szse,,,2026-09-26T06:50:34.975696+00:00,2021-08-05,CONSERVATIVE_T1,margin_szse,002736,True
2021-08-05,AGGREGATOR|research-node|akshare@1.18.97|stock_margin_detail_szse,,,2026-09-26T06:50:36.981133+00:00,2021-08-06,CONSERVATIVE_T1,margin_szse,000709,True
2021-08-05,AGGREGATOR|research-node|akshare@1.18.97|stock_margin_detail_szse,,,2026-09-26T06:50:36.981133+00:00,2021-08-06,CONSERVATIVE_T1,margin_szse,000750,True
2021-08-05,AGGREGATOR|research-node|akshare@1.18.97|stock_margin_detail_szse,,,2026-09-26T06:50:36.981133+00:00,2021-08-06,CONSERVATIVE_T1,margin_szse,000783,True
2021-08-05,AGGREGATOR|research-node|akshare@1.18.97|stock_margin_detail_szse,,,2026-09-26T06:50:36.981133+00:00,2021-08-06,CONSERVATIVE_T1,margin_szse,002736,True
2021-08-06,AGGREGATOR|research-node|akshare@1.18.97|stock_margin_detail_szse,,,2026-09-26T06:50:39.052641+00:00,2021-08-09,CONSERVATIVE_T1,margin_szse,000709,True
2021-08-06,AGGREGATOR|research-node|akshare@1.18.97|stock_margin_detail_szse,,,2026-09-26T06:50:39.052641+00:00,2021-08-09,CONSERVATIVE_T1,margin_szse,000750,True
2021-08-06,AGGREGATOR|research-node|akshare@1.18.97|stock_margin_detail_szse,,,2026-09-26T06:50:39.052641+00:00,2021-08-09,CONSERVATIVE_T1,margin_szse,000783,True
2021-08-06,AGGREGATOR|research-node|akshare@1.18.97|stock_margin_detail_szse,,,2026-09-26T06:50:39.052641+00:00,2021-08-09,CONSERVATIVE_T1,margin_szse,002736,True
2021-08-09,AGGREGATOR|research-node|akshare@1.18.97|stock_margin_detail_szse,,,2026-09-26T06:50:41.105472+00:00,2021-08-10,CONSERVATIVE_T1,margin_szse,000709,True
2021-08-09,AGGREGATOR|research-node|akshare@1.18.97|stock_margin_detail_szse,,,2026-09-26T06:50:41.105472+00:00,2021-08-10,CONSERVATIVE_T1,margin_szse,000750,True
2021-08-09,AGGREGATOR|research-node|akshare@1.18.97|stock_margin_detail_szse,,,2026-09-26T06:50:41.105472+00:00,2021-08-10,CONSERVATIVE_T1,margin_szse,000783,True
2021-08-09,AGGREGATOR|research-node|akshare@1.18.97|stock_margin_detail_szse,,,2026-09-26T06:50:41.105472+00:00,2021-08-10,CONSERVATIVE_T1,margin_szse,002736,True
2021-08-10,AGGREGATOR|research-node|akshare@1.18.97|stock_margin_detail_szse,,,2026-09-26T06:50:43.115063+00:00,2021-08-11,CONSERVATIVE_T1,margin_szse,000709,True
2021-08-10,AGGREGATOR|research-node|akshare@1.18.97|stock_margin_detail_szse,,,2026-09-26T06:50:43.115063+00:00,2021-08-11,CONSERVATIVE_T1,margin_szse,000750,True
2021-08-10,AGGREGATOR|research-node|akshare@1.18.97|stock_margin_detail_szse,,,2026-09-26T06:50:43.115063+00:00,2021-08-11,CONSERVATIVE_T1,margin_szse,000783,True
2021-08-10,AGGREGATOR|research-node|akshare@1.18.97|stock_margin_detail_szse,,,2026-09-26T06:50:43.115063+00:00,2021-08-11,CONSERVATIVE_T1,margin_szse,002736,True
2021-08-11,AGGREGATOR|research-node|akshare@1.18.97|stock_margin_detail_szse,,,2026-09-26T06:50:45.109347+00:00,2021-08-12,CONSERVATIVE_T1,margin_szse,000709,True
2021-08-11,AGGREGATOR|research-node|akshare@1.18.97|stock_margin_detail_szse,,,2026-09-26T06:50:45.109347+00:00,2021-08-12,CONSERVATIVE_T1,margin_szse,000750,True
2021-08-11,AGGREGATOR|research-node|akshare@1.18.97|stock_margin_detail_szse,,,2026-09-26T06:50:45.109347+00:00,2021-08-12,CONSERVATIVE_T1,margin_szse,000783,True
2021-08-11,AGGREGATOR|research-node|akshare@1.18.97|stock_margin_detail_szse,,,2026-09-26T06:50:45.109347+00:00,2021-08-12,CONSERVATIVE_T1,margin_szse,002736,True
2021-08-12,AGGREGATOR|research-node|akshare@1.18.97|stock_margin_detail_szse,,,2026-09-26T06:50:47.202180+00:00,2021-08-13,CONSERVATIVE_T1,margin_szse,000709,True
2021-08-12,AGGREGATOR|research-node|akshare@1.18.97|stock_margin_detail_szse,,,2026-09-26T06:50:47.202180+00:00,2021-08-13,CONSERVATIVE_T1,margin_szse,000750,True
2021-08-12,AGGREGATOR|research-node|akshare@1.18.97|stock_margin_detail_szse,,,2026-09-26T06:50:47.202180+00:00,2021-08-13,CONSERVATIVE_T1,margin_szse,000783,True
2021-08-12,AGGREGATOR|research-node|akshare@1.18.97|stock_margin_detail_szse,,,2026-09-26T06:50:47.202180+00:00,2021-08-13,CONSERVATIVE_T1,margin_szse,002736,True
2021-08-13,AGGREGATOR|research-node|akshare@1.18.97|stock_margin_detail_szse,,,2026-09-26T06:50:49.226224+00:00,2021-08-16,CONSERVATIVE_T1,margin_szse,000709,True
2021-08-13,AGGREGATOR|research-node|akshare@1.18.97|stock_margin_detail_szse,,,2026-09-26T06:50:49.226224+00:00,2021-08-16,CONSERVATIVE_T1,margin_szse,000750,True
2021-08-13,AGGREGATOR|research-node|akshare@1.18.97|stock_margin_detail_szse,,,2026-09-26T06:50:49.226224+00:00,2021-08-16,CONSERVATIVE_T1,margin_szse,000783,True
2021-08-13,AGGREGATOR|research-node|akshare@1.18.97|stock_margin_detail_szse,,,2026-09-26T06:50:49.226224+00:00,2021-08-16,CONSERVATIVE_T1,margin_szse,002736,True
2021-08-16,AGGREGATOR|research-node|akshare@1.18.97|stock_margin_detail_szse,,,2026-09-26T06:50:51.238818+00:00,2021-08-17,CONSERVATIVE_T1,margin_szse,000709,True
2021-08-16,AGGREGATOR|research-node|akshare@1.18.97|stock_margin_detail_szse,,,2026-09-26T06:50:51.238818+00:00,2021-08-17,CONSERVATIVE_T1,margin_szse,000750,True
2021-08-16,AGGREGATOR|research-node|akshare@1.18.97|stock_margin_detail_szse,,,2026-09-26T06:50:51.238818+00:00,2021-08-17,CONSERVATIVE_T1,margin_szse,000783,True
2021-08-16,AGGREGATOR|research-node|akshare@1.18.97|stock_margin_detail_szse,,,2026-09-26T06:50:51.238818+00:00,2021-08-17,CONSERVATIVE_T1,margin_szse,002736,True
2021-08-17,AGGREGATOR|research-node|akshare@1.18.97|stock_margin_detail_szse,,,2026-09-26T06:50:53.258167+00:00,2021-08-18,CONSERVATIVE_T1,margin_szse,000709,True
2021-08-17,AGGREGATOR|research-node|akshare@1.18.97|stock_margin_detail_szse,,,2026-09-26T06:50:53.258167+00:00,2021-08-18,CONSERVATIVE_T1,margin_szse,000750,True
2021-08-17,AGGREGATOR|research-node|akshare@1.18.97|stock_margin_detail_szse,,,2026-09-26T06:50:53.258167+00:00,2021-08-18,CONSERVATIVE_T1,margin_szse,000783,True
2021-08-17,AGGREGATOR|research-node|akshare@1.18.97|stock_margin_detail_szse,,,2026-09-26T06:50:53.258167+00:00,2021-08-18,CONSERVATIVE_T1,margin_szse,002736,True
2021-08-18,AGGREGATOR|research-node|akshare@1.18.97|stock_margin_detail_szse,,,2026-09-26T06:50:55.268439+00:00,2021-08-19,CONSERVATIVE_T1,margin_szse,000709,True
2021-08-18,AGGREGATOR|research-node|akshare@1.18.97|stock_margin_detail_szse,,,2026-09-26T06:50:55.268439+00:00,2021-08-19,CONSERVATIVE_T1,margin_szse,000750,True
2021-08-18,AGGREGATOR|research-node|akshare@1.18.97|stock_margin_detail_szse,,,2026-09-26T06:50:55.268439+00:00,2021-08-19,CONSERVATIVE_T1,margin_szse,000783,True
2021-08-18,AGGREGATOR|research-node|akshare@1.18.97|stock_margin_detail_szse,,,2026-09-26T06:50:55.268439+00:00,2021-08-19,CONSERVATIVE_T1,margin_szse,002736,True
2021-08-19,AGGREGATOR|research-node|akshare@1.18.97|stock_margin_detail_szse,,,2026-09-26T06:50:57.397079+00:00,2021-08-20,CONSERVATIVE_T1,margin_szse,000709,True
2021-08-19,AGGREGATOR|research-node|akshare@1.18.97|stock_margin_detail_szse,,,2026-09-26T06:50:57.397079+00:00,2021-08-20,CONSERVATIVE_T1,margin_szse,000750,True
2021-08-19,AGGREGATOR|research-node|akshare@1.18.97|stock_margin_detail_szse,,,2026-09-26T06:50:57.397079+00:00,2021-08-20,CONSERVATIVE_T1,margin_szse,000783,True
2021-08-19,AGGREGATOR|research-node|akshare@1.18.97|stock_margin_detail_szse,,,2026-09-26T06:50:57.397079+00:00,2021-08-20,CONSERVATIVE_T1,margin_szse,002736,True
2021-08-20,AGGREGATOR|research-node|akshare@1.18.97|stock_margin_detail_szse,,,2026-09-26T06:50:59.441829+00:00,2021-08-23,CONSERVATIVE_T1,margin_szse,000709,True
2021-08-20,AGGREGATOR|research-node|akshare@1.18.97|stock_margin_detail_szse,,,2026-09-26T06:50:59.441829+00:00,2021-08-23,CONSERVATIVE_T1,margin_szse,000750,True
2021-08-20,AGGREGATOR|research-node|akshare@1.18.97|stock_margin_detail_szse,,,2026-09-26T06:50:59.441829+00:00,2021-08-23,CONSERVATIVE_T1,margin_szse,000783,True
2021-08-20,AGGREGATOR|research-node|akshare@1.18.97|stock_margin_detail_szse,,,2026-09-26T06:50:59.441829+00:00,2021-08-23,CONSERVATIVE_T1,margin_szse,002736,True
2021-08-23,AGGREGATOR|research-node|akshare@1.18.97|stock_margin_detail_szse,,,2026-09-26T06:51:01.474800+00:00,2021-08-24,CONSERVATIVE_T1,margin_szse,000709,True
2021-08-23,AGGREGATOR|research-node|akshare@1.18.97|stock_margin_detail_szse,,,2026-09-26T06:51:01.474800+00:00,2021-08-24,CONSERVATIVE_T1,margin_szse,000750,True
2021-08-23,AGGREGATOR|research-node|akshare@1.18.97|stock_margin_detail_szse,,,2026-09-26T06:51:01.474800+00:00,2021-08-24,CONSERVATIVE_T1,margin_szse,000783,True
2021-08-23,AGGREGATOR|research-node|akshare@1.18.97|stock_margin_detail_szse,,,2026-09-26T06:51:01.474800+00:00,2021-08-24,CONSERVATIVE_T1,margin_szse,002736,True
2021-08-24,AGGREGATOR|research-node|akshare@1.18.97|stock_margin_detail_szse,,,2026-09-26T06:51:03.478511+00:00,2021-08-25,CONSERVATIVE_T1,margin_szse,000709,True
2021-08-24,AGGREGATOR|research-node|akshare@1.18.97|stock_margin_detail_szse,,,2026-09-26T06:51:03.478511+00:00,2021-08-25,CONSERVATIVE_T1,margin_szse,000750,True
2021-08-24,AGGREGATOR|research-node|akshare@1.18.97|stock_margin_detail_szse,,,2026-09-26T06:51:03.478511+00:00,2021-08-25,CONSERVATIVE_T1,margin_szse,000783,True
2021-08-24,AGGREGATOR|research-node|akshare@1.18.97|stock_margin_detail_szse,,,2026-09-26T06:51:03.478511+00:00,2021-08-25,CONSERVATIVE_T1,margin_szse,002736,True
2021-08-25,AGGREGATOR|research-node|akshare@1.18.97|stock_margin_detail_szse,,,2026-09-26T06:51:05.491368+00:00,2021-08-26,CONSERVATIVE_T1,margin_szse,000709,True
2021-08-25,AGGREGATOR|research-node|akshare@1.18.97|stock_margin_detail_szse,,,2026-09-26T06:51:05.491368+00:00,2021-08-26,CONSERVATIVE_T1,margin_szse,000750,True
2021-08-25,AGGREGATOR|research-node|akshare@1.18.97|stock_margin_detail_szse,,,2026-09-26T06:51:05.491368+00:00,2021-08-26,CONSERVATIVE_T1,margin_szse,000783,True
2021-08-25,AGGREGATOR|research-node|akshare@1.18.97|stock_margin_detail_szse,,,2026-09-26T06:51:05.491368+00:00,2021-08-26,CONSERVATIVE_T1,margin_szse,002736,True
2021-08-26,AGGREGATOR|research-node|akshare@1.18.97|stock_margin_detail_szse,,,2026-09-26T06:51:07.562568+00:00,2021-08-27,CONSERVATIVE_T1,margin_szse,000709,True
2021-08-26,AGGREGATOR|research-node|akshare@1.18.97|stock_margin_detail_szse,,,2026-09-26T06:51:07.562568+00:00,2021-08-27,CONSERVATIVE_T1,margin_szse,000750,True
2021-08-26,AGGREGATOR|research-node|akshare@1.18.97|stock_margin_detail_szse,,,2026-09-26T06:51:07.562568+00:00,2021-08-27,CONSERVATIVE_T1,margin_szse,000783,True
2021-08-26,AGGREGATOR|research-node|akshare@1.18.97|stock_margin_detail_szse,,,2026-09-26T06:51:07.562568+00:00,2021-08-27,CONSERVATIVE_T1,margin_szse,002736,True
2021-08-27,AGGREGATOR|research-node|akshare@1.18.97|stock_margin_detail_szse,,,2026-09-26T06:51:09.587596+00:00,2021-08-30,CONSERVATIVE_T1,margin_szse,000709,True
2021-08-27,AGGREGATOR|research-node|akshare@1.18.97|stock_margin_detail_szse,,,2026-09-26T06:51:09.587596+00:00,2021-08-30,CONSERVATIVE_T1,margin_szse,000750,True
2021-08-27,AGGREGATOR|research-node|akshare@1.18.97|stock_margin_detail_szse,,,2026-09-26T06:51:09.587596+00:00,2021-08-30,CONSERVATIVE_T1,margin_szse,000783,True
2021-08-27,AGGREGATOR|research-node|akshare@1.18.97|stock_margin_detail_szse,,,2026-09-26T06:51:09.587596+00:00,2021-08-30,CONSERVATIVE_T1,margin_szse,002736,True
2021-08-30,AGGREGATOR|research-node|akshare@1.18.97|stock_margin_detail_szse,,,2026-09-26T06:51:11.599546+00:00,2021-08-31,CONSERVATIVE_T1,margin_szse,000709,True
2021-08-30,AGGREGATOR|research-node|akshare@1.18.97|stock_margin_detail_szse,,,2026-09-26T06:51:11.599546+00:00,2021-08-31,CONSERVATIVE_T1,margin_szse,000750,True
2021-08-30,AGGREGATOR|research-node|akshare@1.18.97|stock_margin_detail_szse,,,2026-09-26T06:51:11.599546+00:00,2021-08-31,CONSERVATIVE_T1,margin_szse,000783,True
2021-08-30,AGGREGATOR|research-node|akshare@1.18.97|stock_margin_detail_szse,,,2026-09-26T06:51:11.599546+00:00,2021-08-31,CONSERVATIVE_T1,margin_szse,002736,True
2021-08-31,AGGREGATOR|research-node|akshare@1.18.97|stock_margin_detail_szse,,,2026-09-26T06:51:13.606164+00:00,2021-09-01,CONSERVATIVE_T1,margin_szse,000709,True
2021-08-31,AGGREGATOR|research-node|akshare@1.18.97|stock_margin_detail_szse,,,2026-09-26T06:51:13.606164+00:00,2021-09-01,CONSERVATIVE_T1,margin_szse,000750,True
2021-08-31,AGGREGATOR|research-node|akshare@1.18.97|stock_margin_detail_szse,,,2026-09-26T06:51:13.606164+00:00,2021-09-01,CONSERVATIVE_T1,margin_szse,000783,True
2021-08-31,AGGREGATOR|research-node|akshare@1.18.97|stock_margin_detail_szse,,,2026-09-26T06:51:13.606164+00:00,2021-09-01,CONSERVATIVE_T1,margin_szse,002736,True
2021-09-01,AGGREGATOR|research-node|akshare@1.18.97|stock_margin_detail_szse,,,2026-09-26T06:51:15.629589+00:00,2021-09-02,CONSERVATIVE_T1,margin_szse,000709,True
2021-09-01,AGGREGATOR|research-node|akshare@1.18.97|stock_margin_detail_szse,,,2026-09-26T06:51:15.629589+00:00,2021-09-02,CONSERVATIVE_T1,margin_szse,000750,True
2021-09-01,AGGREGATOR|research-node|akshare@1.18.97|stock_margin_detail_szse,,,2026-09-26T06:51:15.629589+00:00,2021-09-02,CONSERVATIVE_T1,margin_szse,000783,True
2021-09-01,AGGREGATOR|research-node|akshare@1.18.97|stock_margin_detail_szse,,,2026-09-26T06:51:15.629589+00:00,2021-09-02,CONSERVATIVE_T1,margin_szse,002736,True
2021-09-02,AGGREGATOR|research-node|akshare@1.18.97|stock_margin_detail_szse,,,2026-09-26T06:51:17.714482+00:00,2021-09-03,CONSERVATIVE_T1,margin_szse,000709,True
2021-09-02,AGGREGATOR|research-node|akshare@1.18.97|stock_margin_detail_szse,,,2026-09-26T06:51:17.714482+00:00,2021-09-03,CONSERVATIVE_T1,margin_szse,000750,True
2021-09-02,AGGREGATOR|research-node|akshare@1.18.97|stock_margin_detail_szse,,,2026-09-26T06:51:17.714482+00:00,2021-09-03,CONSERVATIVE_T1,margin_szse,000783,True
2021-09-02,AGGREGATOR|research-node|akshare@1.18.97|stock_margin_detail_szse,,,2026-09-26T06:51:17.714482+00:00,2021-09-03,CONSERVATIVE_T1,margin_szse,002736,True
2021-09-03,AGGREGATOR|research-node|akshare@1.18.97|stock_margin_detail_szse,,,2026-09-26T06:51:19.721431+00:00,2021-09-06,CONSERVATIVE_T1,margin_szse,000709,True
2021-09-03,AGGREGATOR|research-node|akshare@1.18.97|stock_margin_detail_szse,,,2026-09-26T06:51:19.721431+00:00,2021-09-06,CONSERVATIVE_T1,margin_szse,000750,True
2021-09-03,AGGREGATOR|research-node|akshare@1.18.97|stock_margin_detail_szse,,,2026-09-26T06:51:19.721431+00:00,2021-09-06,CONSERVATIVE_T1,margin_szse,000783,True
2021-09-03,AGGREGATOR|research-node|akshare@1.18.97|stock_margin_detail_szse,,,2026-09-26T06:51:19.721431+00:00,2021-09-06,CONSERVATIVE_T1,margin_szse,002736,True
2021-09-06,AGGREGATOR|research-node|akshare@1.18.97|stock_margin_detail_szse,,,2026-09-26T06:51:21.722687+00:00,2021-09-07,CONSERVATIVE_T1,margin_szse,000709,True
2021-09-06,AGGREGATOR|research-node|akshare@1.18.97|stock_margin_detail_szse,,,2026-09-26T06:51:21.722687+00:00,2021-09-07,CONSERVATIVE_T1,margin_szse,000750,True
2021-09-06,AGGREGATOR|research-node|akshare@1.18.97|stock_margin_detail_szse,,,2026-09-26T06:51:21.722687+00:00,2021-09-07,CONSERVATIVE_T1,margin_szse,000783,True
2021-09-06,AGGREGATOR|research-node|akshare@1.18.97|stock_margin_detail_szse,,,2026-09-26T06:51:21.722687+00:00,2021-09-07,CONSERVATIVE_T1,margin_szse,002736,True
2021-09-07,AGGREGATOR|research-node|akshare@1.18.97|stock_margin_detail_szse,,,2026-09-26T06:51:23.719764+00:00,2021-09-08,CONSERVATIVE_T1,margin_szse,000709,True
2021-09-07,AGGREGATOR|research-node|akshare@1.18.97|stock_margin_detail_szse,,,2026-09-26T06:51:23.719764+00:00,2021-09-08,CONSERVATIVE_T1,margin_szse,000750,True
2021-09-07,AGGREGATOR|research-node|akshare@1.18.97|stock_margin_detail_szse,,,2026-09-26T06:51:23.719764+00:00,2021-09-08,CONSERVATIVE_T1,margin_szse,000783,True
2021-09-07,AGGREGATOR|research-node|akshare@1.18.97|stock_margin_detail_szse,,,2026-09-26T06:51:23.719764+00:00,2021-09-08,CONSERVATIVE_T1,margin_szse,002736,True
2021-09-08,AGGREGATOR|research-node|akshare@1.18.97|stock_margin_detail_szse,,,2026-09-26T06:51:25.717126+00:00,2021-09-09,CONSERVATIVE_T1,margin_szse,000709,True
2021-09-08,AGGREGATOR|research-node|akshare@1.18.97|stock_margin_detail_szse,,,2026-09-26T06:51:25.717126+00:00,2021-09-09,CONSERVATIVE_T1,margin_szse,000750,True
2021-09-08,AGGREGATOR|research-node|akshare@1.18.97|stock_margin_detail_szse,,,2026-09-26T06:51:25.717126+00:00,2021-09-09,CONSERVATIVE_T1,margin_szse,000783,True
2021-09-08,AGGREGATOR|research-node|akshare@1.18.97|stock_margin_detail_szse,,,2026-09-26T06:51:25.717126+00:00,2021-09-09,CONSERVATIVE_T1,margin_szse,002736,True
2021-09-09,AGGREGATOR|research-node|akshare@1.18.97|stock_margin_detail_szse,,,2026-09-26T06:51:27.852628+00:00,2021-09-10,CONSERVATIVE_T1,margin_szse,000709,True
2021-09-09,AGGREGATOR|research-node|akshare@1.18.97|stock_margin_detail_szse,,,2026-09-26T06:51:27.852628+00:00,2021-09-10,CONSERVATIVE_T1,margin_szse,000750,True
2021-09-09,AGGREGATOR|research-node|akshare@1.18.97|stock_margin_detail_szse,,,2026-09-26T06:51:27.852628+00:00,2021-09-10,CONSERVATIVE_T1,margin_szse,000783,True
2021-09-09,AGGREGATOR|research-node|akshare@1.18.97|stock_margin_detail_szse,,,2026-09-26T06:51:27.852628+00:00,2021-09-10,CONSERVATIVE_T1,margin_szse,002736,True
2021-09-10,AGGREGATOR|research-node|akshare@1.18.97|stock_margin_detail_szse,,,2026-09-26T06:51:29.866990+00:00,2021-09-13,CONSERVATIVE_T1,margin_szse,000709,True
2021-09-10,AGGREGATOR|research-node|akshare@1.18.97|stock_margin_detail_szse,,,2026-09-26T06:51:29.866990+00:00,2021-09-13,CONSERVATIVE_T1,margin_szse,000750,True
2021-09-10,AGGREGATOR|research-node|akshare@1.18.97|stock_margin_detail_szse,,,2026-09-26T06:51:29.866990+00:00,2021-09-13,CONSERVATIVE_T1,margin_szse,000783,True
2021-09-10,AGGREGATOR|research-node|akshare@1.18.97|stock_margin_detail_szse,,,2026-09-26T06:51:29.866990+00:00,2021-09-13,CONSERVATIVE_T1,margin_szse,002736,True
2021-09-13,AGGREGATOR|research-node|akshare@1.18.97|stock_margin_detail_szse,,,2026-09-26T06:51:31.918727+00:00,2021-09-14,CONSERVATIVE_T1,margin_szse,000709,True
2021-09-13,AGGREGATOR|research-node|akshare@1.18.97|stock_margin_detail_szse,,,2026-09-26T06:51:31.918727+00:00,2021-09-14,CONSERVATIVE_T1,margin_szse,000750,True
2021-09-13,AGGREGATOR|research-node|akshare@1.18.97|stock_margin_detail_szse,,,2026-09-26T06:51:31.918727+00:00,2021-09-14,CONSERVATIVE_T1,margin_szse,000783,True
2021-09-13,AGGREGATOR|research-node|akshare@1.18.97|stock_margin_detail_szse,,,2026-09-26T06:51:31.918727+00:00,2021-09-14,CONSERVATIVE_T1,margin_szse,002736,True
2021-09-14,AGGREGATOR|research-node|akshare@1.18.97|stock_margin_detail_szse,,,2026-09-26T06:51:33.934617+00:00,2021-09-15,CONSERVATIVE_T1,margin_szse,000709,True
2021-09-14,AGGREGATOR|research-node|akshare@1.18.97|stock_margin_detail_szse,,,2026-09-26T06:51:33.934617+00:00,2021-09-15,CONSERVATIVE_T1,margin_szse,000750,True
2021-09-14,AGGREGATOR|research-node|akshare@1.18.97|stock_margin_detail_szse,,,2026-09-26T06:51:33.934617+00:00,2021-09-15,CONSERVATIVE_T1,margin_szse,000783,True
2021-09-14,AGGREGATOR|research-node|akshare@1.18.97|stock_margin_detail_szse,,,2026-09-26T06:51:33.934617+00:00,2021-09-15,CONSERVATIVE_T1,margin_szse,002736,True
2021-09-15,AGGREGATOR|research-node|akshare@1.18.97|stock_margin_detail_szse,,,2026-09-26T06:51:35.940623+00:00,2021-09-16,CONSERVATIVE_T1,margin_szse,000709,True
2021-09-15,AGGREGATOR|research-node|akshare@1.18.97|stock_margin_detail_szse,,,2026-09-26T06:51:35.940623+00:00,2021-09-16,CONSERVATIVE_T1,margin_szse,000750,True
2021-09-15,AGGREGATOR|research-node|akshare@1.18.97|stock_margin_detail_szse,,,2026-09-26T06:51:35.940623+00:00,2021-09-16,CONSERVATIVE_T1,margin_szse,000783,True
2021-09-15,AGGREGATOR|research-node|akshare@1.18.97|stock_margin_detail_szse,,,2026-09-26T06:51:35.940623+00:00,2021-09-16,CONSERVATIVE_T1,margin_szse,002736,True
2021-09-16,AGGREGATOR|research-node|akshare@1.18.97|stock_margin_detail_szse,,,2026-09-26T06:51:38.031126+00:00,2021-09-17,CONSERVATIVE_T1,margin_szse,000709,True
2021-09-16,AGGREGATOR|research-node|akshare@1.18.97|stock_margin_detail_szse,,,2026-09-26T06:51:38.031126+00:00,2021-09-17,CONSERVATIVE_T1,margin_szse,000750,True
2021-09-16,AGGREGATOR|research-node|akshare@1.18.97|stock_margin_detail_szse,,,2026-09-26T06:51:38.031126+00:00,2021-09-17,CONSERVATIVE_T1,margin_szse,000783,True
2021-09-16,AGGREGATOR|research-node|akshare@1.18.97|stock_margin_detail_szse,,,2026-09-26T06:51:38.031126+00:00,2021-09-17,CONSERVATIVE_T1,margin_szse,002736,True
2021-09-17,AGGREGATOR|research-node|akshare@1.18.97|stock_margin_detail_szse,,,2026-09-26T06:51:40.065440+00:00,2021-09-22,CONSERVATIVE_T1,margin_szse,000709,True
2021-09-17,AGGREGATOR|research-node|akshare@1.18.97|stock_margin_detail_szse,,,2026-09-26T06:51:40.065440+00:00,2021-09-22,CONSERVATIVE_T1,margin_szse,000750,True
2021-09-17,AGGREGATOR|research-node|akshare@1.18.97|stock_margin_detail_szse,,,2026-09-26T06:51:40.065440+00:00,2021-09-22,CONSERVATIVE_T1,margin_szse,000783,True
2021-09-17,AGGREGATOR|research-node|akshare@1.18.97|stock_margin_detail_szse,,,2026-09-26T06:51:40.065440+00:00,2021-09-22,CONSERVATIVE_T1,margin_szse,002736,True
2021-09-22,AGGREGATOR|research-node|akshare@1.18.97|stock_margin_detail_szse,,,2026-09-26T06:51:42.096879+00:00,2021-09-23,CONSERVATIVE_T1,margin_szse,000709,True
2021-09-22,AGGREGATOR|research-node|akshare@1.18.97|stock_margin_detail_szse,,,2026-09-26T06:51:42.096879+00:00,2021-09-23,CONSERVATIVE_T1,margin_szse,000750,True
2021-09-22,AGGREGATOR|research-node|akshare@1.18.97|stock_margin_detail_szse,,,2026-09-26T06:51:42.096879+00:00,2021-09-23,CONSERVATIVE_T1,margin_szse,000783,True
2021-09-22,AGGREGATOR|research-node|akshare@1.18.97|stock_margin_detail_szse,,,2026-09-26T06:51:42.096879+00:00,2021-09-23,CONSERVATIVE_T1,margin_szse,002736,True
2021-09-23,AGGREGATOR|research-node|akshare@1.18.97|stock_margin_detail_szse,,,2026-09-26T06:51:44.148497+00:00,2021-09-24,CONSERVATIVE_T1,margin_szse,000709,True
2021-09-23,AGGREGATOR|research-node|akshare@1.18.97|stock_margin_detail_szse,,,2026-09-26T06:51:44.148497+00:00,2021-09-24,CONSERVATIVE_T1,margin_szse,000750,True
2021-09-23,AGGREGATOR|research-node|akshare@1.18.97|stock_margin_detail_szse,,,2026-09-26T06:51:44.148497+00:00,2021-09-24,CONSERVATIVE_T1,margin_szse,000783,True
2021-09-23,AGGREGATOR|research-node|akshare@1.18.97|stock_margin_detail_szse,,,2026-09-26T06:51:44.148497+00:00,2021-09-24,CONSERVATIVE_T1,margin_szse,002736,True
2021-09-24,AGGREGATOR|research-node|akshare@1.18.97|stock_margin_detail_szse,,,2026-09-26T06:51:46.175990+00:00,2021-09-27,CONSERVATIVE_T1,margin_szse,000709,True
2021-09-24,AGGREGATOR|research-node|akshare@1.18.97|stock_margin_detail_szse,,,2026-09-26T06:51:46.175990+00:00,2021-09-27,CONSERVATIVE_T1,margin_szse,000750,True
2021-09-24,AGGREGATOR|research-node|akshare@1.18.97|stock_margin_detail_szse,,,2026-09-26T06:51:46.175990+00:00,2021-09-27,CONSERVATIVE_T1,margin_szse,000783,True
2021-09-24,AGGREGATOR|research-node|akshare@1.18.97|stock_margin_detail_szse,,,2026-09-26T06:51:46.175990+00:00,2021-09-27,CONSERVATIVE_T1,margin_szse,002736,True
2021-09-27,AGGREGATOR|research-node|akshare@1.18.97|stock_margin_detail_szse,,,2026-09-26T06:51:48.320214+00:00,2021-09-28,CONSERVATIVE_T1,margin_szse,000750,True
2021-09-27,AGGREGATOR|research-node|akshare@1.18.97|stock_margin_detail_szse,,,2026-09-26T06:51:48.320214+00:00,2021-09-28,CONSERVATIVE_T1,margin_szse,000783,True
2021-09-27,AGGREGATOR|research-node|akshare@1.18.97|stock_margin_detail_szse,,,2026-09-26T06:51:48.320214+00:00,2021-09-28,CONSERVATIVE_T1,margin_szse,002736,True
2021-09-28,AGGREGATOR|research-node|akshare@1.18.97|stock_margin_detail_szse,,,2026-09-26T06:51:50.336446+00:00,2021-09-29,CONSERVATIVE_T1,margin_szse,000750,True
2021-09-28,AGGREGATOR|research-node|akshare@1.18.97|stock_margin_detail_szse,,,2026-09-26T06:51:50.336446+00:00,2021-09-29,CONSERVATIVE_T1,margin_szse,000783,True
2021-09-28,AGGREGATOR|research-node|akshare@1.18.97|stock_margin_detail_szse,,,2026-09-26T06:51:50.336446+00:00,2021-09-29,CONSERVATIVE_T1,margin_szse,002736,True
2021-09-29,AGGREGATOR|research-node|akshare@1.18.97|stock_margin_detail_szse,,,2026-09-26T06:51:52.347967+00:00,2021-09-30,CONSERVATIVE_T1,margin_szse,000750,True
2021-09-29,AGGREGATOR|research-node|akshare@1.18.97|stock_margin_detail_szse,,,2026-09-26T06:51:52.347967+00:00,2021-09-30,CONSERVATIVE_T1,margin_szse,000783,True
2021-09-29,AGGREGATOR|research-node|akshare@1.18.97|stock_margin_detail_szse,,,2026-09-26T06:51:52.347967+00:00,2021-09-30,CONSERVATIVE_T1,margin_szse,002736,True
2021-09-30,AGGREGATOR|research-node|akshare@1.18.97|stock_margin_detail_szse,,,2026-09-26T06:51:54.424523+00:00,2021-10-08,CONSERVATIVE_T1,margin_szse,000750,True
2021-09-30,AGGREGATOR|research-node|akshare@1.18.97|stock_margin_detail_szse,,,2026-09-26T06:51:54.424523+00:00,2021-10-08,CONSERVATIVE_T1,margin_szse,000783,True
2021-09-30,AGGREGATOR|research-node|akshare@1.18.97|stock_margin_detail_szse,,,2026-09-26T06:51:54.424523+00:00,2021-10-08,CONSERVATIVE_T1,margin_szse,002736,True
2021-10-08,AGGREGATOR|research-node|akshare@1.18.97|stock_margin_detail_szse,,,2026-09-26T06:51:56.599284+00:00,2021-10-11,CONSERVATIVE_T1,margin_szse,000750,True
2021-10-08,AGGREGATOR|research-node|akshare@1.18.97|stock_margin_detail_szse,,,2026-09-26T06:51:56.599284+00:00,2021-10-11,CONSERVATIVE_T1,margin_szse,000783,True
2021-10-08,AGGREGATOR|research-node|akshare@1.18.97|stock_margin_detail_szse,,,2026-09-26T06:51:56.599284+00:00,2021-10-11,CONSERVATIVE_T1,margin_szse,002736,True
2021-10-11,AGGREGATOR|research-node|akshare@1.18.97|stock_margin_detail_szse,,,2026-09-26T06:51:58.724064+00:00,2021-10-12,CONSERVATIVE_T1,margin_szse,000750,True
2021-10-11,AGGREGATOR|research-node|akshare@1.18.97|stock_margin_detail_szse,,,2026-09-26T06:51:58.724064+00:00,2021-10-12,CONSERVATIVE_T1,margin_szse,000783,True
2021-10-11,AGGREGATOR|research-node|akshare@1.18.97|stock_margin_detail_szse,,,2026-09-26T06:51:58.724064+00:00,2021-10-12,CONSERVATIVE_T1,margin_szse,002736,True
2021-10-12,AGGREGATOR|research-node|akshare@1.18.97|stock_margin_detail_szse,,,2026-09-26T06:52:00.762946+00:00,2021-10-13,CONSERVATIVE_T1,margin_szse,000750,True
2021-10-12,AGGREGATOR|research-node|akshare@1.18.97|stock_margin_detail_szse,,,2026-09-26T06:52:00.762946+00:00,2021-10-13,CONSERVATIVE_T1,margin_szse,000783,True
2021-10-12,AGGREGATOR|research-node|akshare@1.18.97|stock_margin_detail_szse,,,2026-09-26T06:52:00.762946+00:00,2021-10-13,CONSERVATIVE_T1,margin_szse,002736,True
2021-10-13,AGGREGATOR|research-node|akshare@1.18.97|stock_margin_detail_szse,,,2026-09-26T06:52:02.803782+00:00,2021-10-14,CONSERVATIVE_T1,margin_szse,000750,True
2021-10-13,AGGREGATOR|research-node|akshare@1.18.97|stock_margin_detail_szse,,,2026-09-26T06:52:02.803782+00:00,2021-10-14,CONSERVATIVE_T1,margin_szse,000783,True
2021-10-13,AGGREGATOR|research-node|akshare@1.18.97|stock_margin_detail_szse,,,2026-09-26T06:52:02.803782+00:00,2021-10-14,CONSERVATIVE_T1,margin_szse,002736,True
2021-10-14,AGGREGATOR|research-node|akshare@1.18.97|stock_margin_detail_szse,,,2026-09-26T06:52:04.848039+00:00,2021-10-15,CONSERVATIVE_T1,margin_szse,000750,True
2021-10-14,AGGREGATOR|research-node|akshare@1.18.97|stock_margin_detail_szse,,,2026-09-26T06:52:04.848039+00:00,2021-10-15,CONSERVATIVE_T1,margin_szse,000783,True
2021-10-14,AGGREGATOR|research-node|akshare@1.18.97|stock_margin_detail_szse,,,2026-09-26T06:52:04.848039+00:00,2021-10-15,CONSERVATIVE_T1,margin_szse,002736,True
2021-10-15,AGGREGATOR|research-node|akshare@1.18.97|stock_margin_detail_szse,,,2026-09-26T06:52:06.930601+00:00,2021-10-18,CONSERVATIVE_T1,margin_szse,000750,True
2021-10-15,AGGREGATOR|research-node|akshare@1.18.97|stock_margin_detail_szse,,,2026-09-26T06:52:06.930601+00:00,2021-10-18,CONSERVATIVE_T1,margin_szse,000783,True
2021-10-15,AGGREGATOR|research-node|akshare@1.18.97|stock_margin_detail_szse,,,2026-09-26T06:52:06.930601+00:00,2021-10-18,CONSERVATIVE_T1,margin_szse,002736,True
2021-10-18,AGGREGATOR|research-node|akshare@1.18.97|stock_margin_detail_szse,,,2026-09-26T06:52:08.968230+00:00,2021-10-19,CONSERVATIVE_T1,margin_szse,000539,True
2021-10-18,AGGREGATOR|research-node|akshare@1.18.97|stock_margin_detail_szse,,,2026-09-26T06:52:08.968230+00:00,2021-10-19,CONSERVATIVE_T1,margin_szse,000750,True
2021-10-18,AGGREGATOR|research-node|akshare@1.18.97|stock_margin_detail_szse,,,2026-09-26T06:52:08.968230+00:00,2021-10-19,CONSERVATIVE_T1,margin_szse,000783,True
2021-10-18,AGGREGATOR|research-node|akshare@1.18.97|stock_margin_detail_szse,,,2026-09-26T06:52:08.968230+00:00,2021-10-19,CONSERVATIVE_T1,margin_szse,002736,True
2021-10-19,AGGREGATOR|research-node|akshare@1.18.97|stock_margin_detail_szse,,,2026-09-26T06:52:11.016770+00:00,2021-10-20,CONSERVATIVE_T1,margin_szse,000539,True
2021-10-19,AGGREGATOR|research-node|akshare@1.18.97|stock_margin_detail_szse,,,2026-09-26T06:52:11.016770+00:00,2021-10-20,CONSERVATIVE_T1,margin_szse,000750,True
2021-10-19,AGGREGATOR|research-node|akshare@1.18.97|stock_margin_detail_szse,,,2026-09-26T06:52:11.016770+00:00,2021-10-20,CONSERVATIVE_T1,margin_szse,000783,True
2021-10-19,AGGREGATOR|research-node|akshare@1.18.97|stock_margin_detail_szse,,,2026-09-26T06:52:11.016770+00:00,2021-10-20,CONSERVATIVE_T1,margin_szse,002736,True
2021-10-20,AGGREGATOR|research-node|akshare@1.18.97|stock_margin_detail_szse,,,2026-09-26T06:52:13.046144+00:00,2021-10-21,CONSERVATIVE_T1,margin_szse,000539,True
2021-10-20,AGGREGATOR|research-node|akshare@1.18.97|stock_margin_detail_szse,,,2026-09-26T06:52:13.046144+00:00,2021-10-21,CONSERVATIVE_T1,margin_szse,000750,True
2021-10-20,AGGREGATOR|research-node|akshare@1.18.97|stock_margin_detail_szse,,,2026-09-26T06:52:13.046144+00:00,2021-10-21,CONSERVATIVE_T1,margin_szse,000783,True
2021-10-20,AGGREGATOR|research-node|akshare@1.18.97|stock_margin_detail_szse,,,2026-09-26T06:52:13.046144+00:00,2021-10-21,CONSERVATIVE_T1,margin_szse,002736,True
2021-10-21,AGGREGATOR|research-node|akshare@1.18.97|stock_margin_detail_szse,,,2026-09-26T06:52:15.063864+00:00,2021-10-22,CONSERVATIVE_T1,margin_szse,000539,True
2021-10-21,AGGREGATOR|research-node|akshare@1.18.97|stock_margin_detail_szse,,,2026-09-26T06:52:15.063864+00:00,2021-10-22,CONSERVATIVE_T1,margin_szse,000750,True
2021-10-21,AGGREGATOR|research-node|akshare@1.18.97|stock_margin_detail_szse,,,2026-09-26T06:52:15.063864+00:00,2021-10-22,CONSERVATIVE_T1,margin_szse,000783,True
2021-10-21,AGGREGATOR|research-node|akshare@1.18.97|stock_margin_detail_szse,,,2026-09-26T06:52:15.063864+00:00,2021-10-22,CONSERVATIVE_T1,margin_szse,002736,True
2021-10-22,AGGREGATOR|research-node|akshare@1.18.97|stock_margin_detail_szse,,,2026-09-26T06:52:17.150557+00:00,2021-10-25,CONSERVATIVE_T1,margin_szse,000539,True
2021-10-22,AGGREGATOR|research-node|akshare@1.18.97|stock_margin_detail_szse,,,2026-09-26T06:52:17.150557+00:00,2021-10-25,CONSERVATIVE_T1,margin_szse,000750,True
2021-10-22,AGGREGATOR|research-node|akshare@1.18.97|stock_margin_detail_szse,,,2026-09-26T06:52:17.150557+00:00,2021-10-25,CONSERVATIVE_T1,margin_szse,000783,True
2021-10-22,AGGREGATOR|research-node|akshare@1.18.97|stock_margin_detail_szse,,,2026-09-26T06:52:17.150557+00:00,2021-10-25,CONSERVATIVE_T1,margin_szse,002736,True
2021-10-25,AGGREGATOR|research-node|akshare@1.18.97|stock_margin_detail_szse,,,2026-09-26T06:52:19.176474+00:00,2021-10-26,CONSERVATIVE_T1,margin_szse,000539,True
2021-10-25,AGGREGATOR|research-node|akshare@1.18.97|stock_margin_detail_szse,,,2026-09-26T06:52:19.176474+00:00,2021-10-26,CONSERVATIVE_T1,margin_szse,000750,True
2021-10-25,AGGREGATOR|research-node|akshare@1.18.97|stock_margin_detail_szse,,,2026-09-26T06:52:19.176474+00:00,2021-10-26,CONSERVATIVE_T1,margin_szse,000783,True
2021-10-25,AGGREGATOR|research-node|akshare@1.18.97|stock_margin_detail_szse,,,2026-09-26T06:52:19.176474+00:00,2021-10-26,CONSERVATIVE_T1,margin_szse,002736,True
2021-10-26,AGGREGATOR|research-node|akshare@1.18.97|stock_margin_detail_szse,,,2026-09-26T06:52:21.217122+00:00,2021-10-27,CONSERVATIVE_T1,margin_szse,000539,True
2021-10-26,AGGREGATOR|research-node|akshare@1.18.97|stock_margin_detail_szse,,,2026-09-26T06:52:21.217122+00:00,2021-10-27,CONSERVATIVE_T1,margin_szse,000750,True
2021-10-26,AGGREGATOR|research-node|akshare@1.18.97|stock_margin_detail_szse,,,2026-09-26T06:52:21.217122+00:00,2021-10-27,CONSERVATIVE_T1,margin_szse,000783,True
2021-10-26,AGGREGATOR|research-node|akshare@1.18.97|stock_margin_detail_szse,,,2026-09-26T06:52:21.217122+00:00,2021-10-27,CONSERVATIVE_T1,margin_szse,002736,True
2021-10-27,AGGREGATOR|research-node|akshare@1.18.97|stock_margin_detail_szse,,,2026-09-26T06:52:23.289229+00:00,2021-10-28,CONSERVATIVE_T1,margin_szse,000539,True
2021-10-27,AGGREGATOR|research-node|akshare@1.18.97|stock_margin_detail_szse,,,2026-09-26T06:52:23.289229+00:00,2021-10-28,CONSERVATIVE_T1,margin_szse,000750,True
2021-10-27,AGGREGATOR|research-node|akshare@1.18.97|stock_margin_detail_szse,,,2026-09-26T06:52:23.289229+00:00,2021-10-28,CONSERVATIVE_T1,margin_szse,000783,True
2021-10-27,AGGREGATOR|research-node|akshare@1.18.97|stock_margin_detail_szse,,,2026-09-26T06:52:23.289229+00:00,2021-10-28,CONSERVATIVE_T1,margin_szse,002736,True
2021-10-28,AGGREGATOR|research-node|akshare@1.18.97|stock_margin_detail_szse,,,2026-09-26T06:52:25.465748+00:00,2021-10-29,CONSERVATIVE_T1,margin_szse,000539,True
2021-10-28,AGGREGATOR|research-node|akshare@1.18.97|stock_margin_detail_szse,,,2026-09-26T06:52:25.465748+00:00,2021-10-29,CONSERVATIVE_T1,margin_szse,000750,True
2021-10-28,AGGREGATOR|research-node|akshare@1.18.97|stock_margin_detail_szse,,,2026-09-26T06:52:25.465748+00:00,2021-10-29,CONSERVATIVE_T1,margin_szse,000783,True
2021-10-28,AGGREGATOR|research-node|akshare@1.18.97|stock_margin_detail_szse,,,2026-09-26T06:52:25.465748+00:00,2021-10-29,CONSERVATIVE_T1,margin_szse,002736,True
2021-10-29,AGGREGATOR|research-node|akshare@1.18.97|stock_margin_detail_szse,,,2026-09-26T06:52:27.484166+00:00,2021-11-01,CONSERVATIVE_T1,margin_szse,000539,True
2021-10-29,AGGREGATOR|research-node|akshare@1.18.97|stock_margin_detail_szse,,,2026-09-26T06:52:27.484166+00:00,2021-11-01,CONSERVATIVE_T1,margin_szse,000750,True
2021-10-29,AGGREGATOR|research-node|akshare@1.18.97|stock_margin_detail_szse,,,2026-09-26T06:52:27.484166+00:00,2021-11-01,CONSERVATIVE_T1,margin_szse,000783,True
2021-10-29,AGGREGATOR|research-node|akshare@1.18.97|stock_margin_detail_szse,,,2026-09-26T06:52:27.484166+00:00,2021-11-01,CONSERVATIVE_T1,margin_szse,002736,True
2021-11-01,AGGREGATOR|research-node|akshare@1.18.97|stock_margin_detail_szse,,,2026-09-26T06:52:29.502596+00:00,2021-11-02,CONSERVATIVE_T1,margin_szse,000539,True
2021-11-01,AGGREGATOR|research-node|akshare@1.18.97|stock_margin_detail_szse,,,2026-09-26T06:52:29.502596+00:00,2021-11-02,CONSERVATIVE_T1,margin_szse,000750,True
2021-11-01,AGGREGATOR|research-node|akshare@1.18.97|stock_margin_detail_szse,,,2026-09-26T06:52:29.502596+00:00,2021-11-02,CONSERVATIVE_T1,margin_szse,000783,True
2021-11-01,AGGREGATOR|research-node|akshare@1.18.97|stock_margin_detail_szse,,,2026-09-26T06:52:29.502596+00:00,2021-11-02,CONSERVATIVE_T1,margin_szse,002736,True
2021-11-02,AGGREGATOR|research-node|akshare@1.18.97|stock_margin_detail_szse,,,2026-09-26T06:52:31.535483+00:00,2021-11-03,CONSERVATIVE_T1,margin_szse,000539,True
2021-11-02,AGGREGATOR|research-node|akshare@1.18.97|stock_margin_detail_szse,,,2026-09-26T06:52:31.535483+00:00,2021-11-03,CONSERVATIVE_T1,margin_szse,000750,True
2021-11-02,AGGREGATOR|research-node|akshare@1.18.97|stock_margin_detail_szse,,,2026-09-26T06:52:31.535483+00:00,2021-11-03,CONSERVATIVE_T1,margin_szse,000783,True
2021-11-02,AGGREGATOR|research-node|akshare@1.18.97|stock_margin_detail_szse,,,2026-09-26T06:52:31.535483+00:00,2021-11-03,CONSERVATIVE_T1,margin_szse,002736,True
2021-11-03,AGGREGATOR|research-node|akshare@1.18.97|stock_margin_detail_szse,,,2026-09-26T06:52:33.555569+00:00,2021-11-04,CONSERVATIVE_T1,margin_szse,000539,True
2021-11-03,AGGREGATOR|research-node|akshare@1.18.97|stock_margin_detail_szse,,,2026-09-26T06:52:33.555569+00:00,2021-11-04,CONSERVATIVE_T1,margin_szse,000750,True
2021-11-03,AGGREGATOR|research-node|akshare@1.18.97|stock_margin_detail_szse,,,2026-09-26T06:52:33.555569+00:00,2021-11-04,CONSERVATIVE_T1,margin_szse,000783,True
2021-11-03,AGGREGATOR|research-node|akshare@1.18.97|stock_margin_detail_szse,,,2026-09-26T06:52:33.555569+00:00,2021-11-04,CONSERVATIVE_T1,margin_szse,002736,True
2021-11-04,AGGREGATOR|research-node|akshare@1.18.97|stock_margin_detail_szse,,,2026-09-26T06:52:35.639546+00:00,2021-11-05,CONSERVATIVE_T1,margin_szse,000539,True
2021-11-04,AGGREGATOR|research-node|akshare@1.18.97|stock_margin_detail_szse,,,2026-09-26T06:52:35.639546+00:00,2021-11-05,CONSERVATIVE_T1,margin_szse,000750,True
2021-11-04,AGGREGATOR|research-node|akshare@1.18.97|stock_margin_detail_szse,,,2026-09-26T06:52:35.639546+00:00,2021-11-05,CONSERVATIVE_T1,margin_szse,000783,True
2021-11-04,AGGREGATOR|research-node|akshare@1.18.97|stock_margin_detail_szse,,,2026-09-26T06:52:35.639546+00:00,2021-11-05,CONSERVATIVE_T1,margin_szse,002736,True
2021-11-05,AGGREGATOR|research-node|akshare@1.18.97|stock_margin_detail_szse,,,2026-09-26T06:52:37.666237+00:00,2021-11-08,CONSERVATIVE_T1,margin_szse,000750,True
2021-11-05,AGGREGATOR|research-node|akshare@1.18.97|stock_margin_detail_szse,,,2026-09-26T06:52:37.666237+00:00,2021-11-08,CONSERVATIVE_T1,margin_szse,000783,True
2021-11-05,AGGREGATOR|research-node|akshare@1.18.97|stock_margin_detail_szse,,,2026-09-26T06:52:37.666237+00:00,2021-11-08,CONSERVATIVE_T1,margin_szse,002736,True
2021-11-08,AGGREGATOR|research-node|akshare@1.18.97|stock_margin_detail_szse,,,2026-09-26T06:52:39.686847+00:00,2021-11-09,CONSERVATIVE_T1,margin_szse,000750,True
2021-11-08,AGGREGATOR|research-node|akshare@1.18.97|stock_margin_detail_szse,,,2026-09-26T06:52:39.686847+00:00,2021-11-09,CONSERVATIVE_T1,margin_szse,000783,True
2021-11-08,AGGREGATOR|research-node|akshare@1.18.97|stock_margin_detail_szse,,,2026-09-26T06:52:39.686847+00:00,2021-11-09,CONSERVATIVE_T1,margin_szse,002736,True
2021-11-09,AGGREGATOR|research-node|akshare@1.18.97|stock_margin_detail_szse,,,2026-09-26T06:52:41.715284+00:00,2021-11-10,CONSERVATIVE_T1,margin_szse,000750,True
2021-11-09,AGGREGATOR|research-node|akshare@1.18.97|stock_margin_detail_szse,,,2026-09-26T06:52:41.715284+00:00,2021-11-10,CONSERVATIVE_T1,margin_szse,000783,True
2021-11-09,AGGREGATOR|research-node|akshare@1.18.97|stock_margin_detail_szse,,,2026-09-26T06:52:41.715284+00:00,2021-11-10,CONSERVATIVE_T1,margin_szse,002736,True
2021-11-10,AGGREGATOR|research-node|akshare@1.18.97|stock_margin_detail_szse,,,2026-09-26T06:52:43.818651+00:00,2021-11-11,CONSERVATIVE_T1,margin_szse,000750,True
2021-11-10,AGGREGATOR|research-node|akshare@1.18.97|stock_margin_detail_szse,,,2026-09-26T06:52:43.818651+00:00,2021-11-11,CONSERVATIVE_T1,margin_szse,000783,True
2021-11-10,AGGREGATOR|research-node|akshare@1.18.97|stock_margin_detail_szse,,,2026-09-26T06:52:43.818651+00:00,2021-11-11,CONSERVATIVE_T1,margin_szse,002736,True
2021-11-11,AGGREGATOR|research-node|akshare@1.18.97|stock_margin_detail_szse,,,2026-09-26T06:52:45.855036+00:00,2021-11-12,CONSERVATIVE_T1,margin_szse,000750,True
2021-11-11,AGGREGATOR|research-node|akshare@1.18.97|stock_margin_detail_szse,,,2026-09-26T06:52:45.855036+00:00,2021-11-12,CONSERVATIVE_T1,margin_szse,000783,True
2021-11-11,AGGREGATOR|research-node|akshare@1.18.97|stock_margin_detail_szse,,,2026-09-26T06:52:45.855036+00:00,2021-11-12,CONSERVATIVE_T1,margin_szse,002736,True
2021-11-12,AGGREGATOR|research-node|akshare@1.18.97|stock_margin_detail_szse,,,2026-09-26T06:52:47.891890+00:00,2021-11-15,CONSERVATIVE_T1,margin_szse,000750,True
2021-11-12,AGGREGATOR|research-node|akshare@1.18.97|stock_margin_detail_szse,,,2026-09-26T06:52:47.891890+00:00,2021-11-15,CONSERVATIVE_T1,margin_szse,000783,True
2021-11-12,AGGREGATOR|research-node|akshare@1.18.97|stock_margin_detail_szse,,,2026-09-26T06:52:47.891890+00:00,2021-11-15,CONSERVATIVE_T1,margin_szse,002736,True
2021-11-15,AGGREGATOR|research-node|akshare@1.18.97|stock_margin_detail_szse,,,2026-09-26T06:52:49.969683+00:00,2021-11-16,CONSERVATIVE_T1,margin_szse,000750,True
2021-11-15,AGGREGATOR|research-node|akshare@1.18.97|stock_margin_detail_szse,,,2026-09-26T06:52:49.969683+00:00,2021-11-16,CONSERVATIVE_T1,margin_szse,000783,True
2021-11-15,AGGREGATOR|research-node|akshare@1.18.97|stock_margin_detail_szse,,,2026-09-26T06:52:49.969683+00:00,2021-11-16,CONSERVATIVE_T1,margin_szse,002736,True
2021-11-16,AGGREGATOR|research-node|akshare@1.18.97|stock_margin_detail_szse,,,2026-09-26T06:52:51.993490+00:00,2021-11-17,CONSERVATIVE_T1,margin_szse,000750,True
2021-11-16,AGGREGATOR|research-node|akshare@1.18.97|stock_margin_detail_szse,,,2026-09-26T06:52:51.993490+00:00,2021-11-17,CONSERVATIVE_T1,margin_szse,000783,True
2021-11-16,AGGREGATOR|research-node|akshare@1.18.97|stock_margin_detail_szse,,,2026-09-26T06:52:51.993490+00:00,2021-11-17,CONSERVATIVE_T1,margin_szse,002736,True
2021-11-17,AGGREGATOR|research-node|akshare@1.18.97|stock_margin_detail_szse,,,2026-09-26T06:52:54.150090+00:00,2021-11-18,CONSERVATIVE_T1,margin_szse,000750,True
2021-11-17,AGGREGATOR|research-node|akshare@1.18.97|stock_margin_detail_szse,,,2026-09-26T06:52:54.150090+00:00,2021-11-18,CONSERVATIVE_T1,margin_szse,000783,True
2021-11-17,AGGREGATOR|research-node|akshare@1.18.97|stock_margin_detail_szse,,,2026-09-26T06:52:54.150090+00:00,2021-11-18,CONSERVATIVE_T1,margin_szse,002736,True
2021-11-18,AGGREGATOR|research-node|akshare@1.18.97|stock_margin_detail_szse,,,2026-09-26T06:52:56.164023+00:00,2021-11-19,CONSERVATIVE_T1,margin_szse,000750,True
2021-11-18,AGGREGATOR|research-node|akshare@1.18.97|stock_margin_detail_szse,,,2026-09-26T06:52:56.164023+00:00,2021-11-19,CONSERVATIVE_T1,margin_szse,000783,True
2021-11-18,AGGREGATOR|research-node|akshare@1.18.97|stock_margin_detail_szse,,,2026-09-26T06:52:56.164023+00:00,2021-11-19,CONSERVATIVE_T1,margin_szse,002736,True
2021-11-19,AGGREGATOR|research-node|akshare@1.18.97|stock_margin_detail_szse,,,2026-09-26T06:52:58.275208+00:00,2021-11-22,CONSERVATIVE_T1,margin_szse,000750,True
2021-11-19,AGGREGATOR|research-node|akshare@1.18.97|stock_margin_detail_szse,,,2026-09-26T06:52:58.275208+00:00,2021-11-22,CONSERVATIVE_T1,margin_szse,000783,True
2021-11-19,AGGREGATOR|research-node|akshare@1.18.97|stock_margin_detail_szse,,,2026-09-26T06:52:58.275208+00:00,2021-11-22,CONSERVATIVE_T1,margin_szse,002736,True
2021-11-22,AGGREGATOR|research-node|akshare@1.18.97|stock_margin_detail_szse,,,2026-09-26T06:53:00.328734+00:00,2021-11-23,CONSERVATIVE_T1,margin_szse,000750,True
2021-11-22,AGGREGATOR|research-node|akshare@1.18.97|stock_margin_detail_szse,,,2026-09-26T06:53:00.328734+00:00,2021-11-23,CONSERVATIVE_T1,margin_szse,000783,True
2021-11-22,AGGREGATOR|research-node|akshare@1.18.97|stock_margin_detail_szse,,,2026-09-26T06:53:00.328734+00:00,2021-11-23,CONSERVATIVE_T1,margin_szse,002736,True
2021-11-23,AGGREGATOR|research-node|akshare@1.18.97|stock_margin_detail_szse,,,2026-09-26T06:53:02.466420+00:00,2021-11-24,CONSERVATIVE_T1,margin_szse,000750,True
2021-11-23,AGGREGATOR|research-node|akshare@1.18.97|stock_margin_detail_szse,,,2026-09-26T06:53:02.466420+00:00,2021-11-24,CONSERVATIVE_T1,margin_szse,000783,True
2021-11-23,AGGREGATOR|research-node|akshare@1.18.97|stock_margin_detail_szse,,,2026-09-26T06:53:02.466420+00:00,2021-11-24,CONSERVATIVE_T1,margin_szse,002736,True
2021-11-24,AGGREGATOR|research-node|akshare@1.18.97|stock_margin_detail_szse,,,2026-09-26T06:53:04.487279+00:00,2021-11-25,CONSERVATIVE_T1,margin_szse,000750,True
2021-11-24,AGGREGATOR|research-node|akshare@1.18.97|stock_margin_detail_szse,,,2026-09-26T06:53:04.487279+00:00,2021-11-25,CONSERVATIVE_T1,margin_szse,000783,True
2021-11-24,AGGREGATOR|research-node|akshare@1.18.97|stock_margin_detail_szse,,,2026-09-26T06:53:04.487279+00:00,2021-11-25,CONSERVATIVE_T1,margin_szse,002736,True
2021-11-25,AGGREGATOR|research-node|akshare@1.18.97|stock_margin_detail_szse,,,2026-09-26T06:53:06.585266+00:00,2021-11-26,CONSERVATIVE_T1,margin_szse,000750,True
2021-11-25,AGGREGATOR|research-node|akshare@1.18.97|stock_margin_detail_szse,,,2026-09-26T06:53:06.585266+00:00,2021-11-26,CONSERVATIVE_T1,margin_szse,000783,True
2021-11-25,AGGREGATOR|research-node|akshare@1.18.97|stock_margin_detail_szse,,,2026-09-26T06:53:06.585266+00:00,2021-11-26,CONSERVATIVE_T1,margin_szse,002736,True
2021-11-26,AGGREGATOR|research-node|akshare@1.18.97|stock_margin_detail_szse,,,2026-09-26T06:53:08.668011+00:00,2021-11-29,CONSERVATIVE_T1,margin_szse,000750,True
2021-11-26,AGGREGATOR|research-node|akshare@1.18.97|stock_margin_detail_szse,,,2026-09-26T06:53:08.668011+00:00,2021-11-29,CONSERVATIVE_T1,margin_szse,000783,True
2021-11-26,AGGREGATOR|research-node|akshare@1.18.97|stock_margin_detail_szse,,,2026-09-26T06:53:08.668011+00:00,2021-11-29,CONSERVATIVE_T1,margin_szse,002736,True
2021-11-29,AGGREGATOR|research-node|akshare@1.18.97|stock_margin_detail_szse,,,2026-09-26T06:53:10.751757+00:00,2021-11-30,CONSERVATIVE_T1,margin_szse,000750,True
2021-11-29,AGGREGATOR|research-node|akshare@1.18.97|stock_margin_detail_szse,,,2026-09-26T06:53:10.751757+00:00,2021-11-30,CONSERVATIVE_T1,margin_szse,000783,True
2021-11-29,AGGREGATOR|research-node|akshare@1.18.97|stock_margin_detail_szse,,,2026-09-26T06:53:10.751757+00:00,2021-11-30,CONSERVATIVE_T1,margin_szse,002736,True
2021-11-30,AGGREGATOR|research-node|akshare@1.18.97|stock_margin_detail_szse,,,2026-09-26T06:53:12.856712+00:00,2021-12-01,CONSERVATIVE_T1,margin_szse,000750,True
2021-11-30,AGGREGATOR|research-node|akshare@1.18.97|stock_margin_detail_szse,,,2026-09-26T06:53:12.856712+00:00,2021-12-01,CONSERVATIVE_T1,margin_szse,000783,True
2021-11-30,AGGREGATOR|research-node|akshare@1.18.97|stock_margin_detail_szse,,,2026-09-26T06:53:12.856712+00:00,2021-12-01,CONSERVATIVE_T1,margin_szse,002736,True
2021-12-01,AGGREGATOR|research-node|akshare@1.18.97|stock_margin_detail_szse,,,2026-09-26T06:53:14.926894+00:00,2021-12-02,CONSERVATIVE_T1,margin_szse,000750,True
2021-12-01,AGGREGATOR|research-node|akshare@1.18.97|stock_margin_detail_szse,,,2026-09-26T06:53:14.926894+00:00,2021-12-02,CONSERVATIVE_T1,margin_szse,000783,True
2021-12-01,AGGREGATOR|research-node|akshare@1.18.97|stock_margin_detail_szse,,,2026-09-26T06:53:14.926894+00:00,2021-12-02,CONSERVATIVE_T1,margin_szse,002736,True
2021-12-02,AGGREGATOR|research-node|akshare@1.18.97|stock_margin_detail_szse,,,2026-09-26T06:53:17.028381+00:00,2021-12-03,CONSERVATIVE_T1,margin_szse,000750,True
2021-12-02,AGGREGATOR|research-node|akshare@1.18.97|stock_margin_detail_szse,,,2026-09-26T06:53:17.028381+00:00,2021-12-03,CONSERVATIVE_T1,margin_szse,000783,True
2021-12-02,AGGREGATOR|research-node|akshare@1.18.97|stock_margin_detail_szse,,,2026-09-26T06:53:17.028381+00:00,2021-12-03,CONSERVATIVE_T1,margin_szse,002736,True
2021-12-03,AGGREGATOR|research-node|akshare@1.18.97|stock_margin_detail_szse,,,2026-09-26T06:53:19.115765+00:00,2021-12-06,CONSERVATIVE_T1,margin_szse,000750,True
2021-12-03,AGGREGATOR|research-node|akshare@1.18.97|stock_margin_detail_szse,,,2026-09-26T06:53:19.115765+00:00,2021-12-06,CONSERVATIVE_T1,margin_szse,000783,True
2021-12-03,AGGREGATOR|research-node|akshare@1.18.97|stock_margin_detail_szse,,,2026-09-26T06:53:19.115765+00:00,2021-12-06,CONSERVATIVE_T1,margin_szse,002736,True
2021-12-06,AGGREGATOR|research-node|akshare@1.18.97|stock_margin_detail_szse,,,2026-09-26T06:53:21.217797+00:00,2021-12-07,CONSERVATIVE_T1,margin_szse,000750,True
2021-12-06,AGGREGATOR|research-node|akshare@1.18.97|stock_margin_detail_szse,,,2026-09-26T06:53:21.217797+00:00,2021-12-07,CONSERVATIVE_T1,margin_szse,000783,True
2021-12-06,AGGREGATOR|research-node|akshare@1.18.97|stock_margin_detail_szse,,,2026-09-26T06:53:21.217797+00:00,2021-12-07,CONSERVATIVE_T1,margin_szse,002736,True
2021-12-07,AGGREGATOR|research-node|akshare@1.18.97|stock_margin_detail_szse,,,2026-09-26T06:53:23.358567+00:00,2021-12-08,CONSERVATIVE_T1,margin_szse,000750,True
2021-12-07,AGGREGATOR|research-node|akshare@1.18.97|stock_margin_detail_szse,,,2026-09-26T06:53:23.358567+00:00,2021-12-08,CONSERVATIVE_T1,margin_szse,000783,True
2021-12-07,AGGREGATOR|research-node|akshare@1.18.97|stock_margin_detail_szse,,,2026-09-26T06:53:23.358567+00:00,2021-12-08,CONSERVATIVE_T1,margin_szse,002736,True
2021-12-08,AGGREGATOR|research-node|akshare@1.18.97|stock_margin_detail_szse,,,2026-09-26T06:53:25.391103+00:00,2021-12-09,CONSERVATIVE_T1,margin_szse,000750,True
2021-12-08,AGGREGATOR|research-node|akshare@1.18.97|stock_margin_detail_szse,,,2026-09-26T06:53:25.391103+00:00,2021-12-09,CONSERVATIVE_T1,margin_szse,000783,True
2021-12-08,AGGREGATOR|research-node|akshare@1.18.97|stock_margin_detail_szse,,,2026-09-26T06:53:25.391103+00:00,2021-12-09,CONSERVATIVE_T1,margin_szse,002736,True
2021-12-08,AGGREGATOR|research-node|akshare@1.18.97|stock_margin_detail_szse,,,2026-09-26T06:53:25.391103+00:00,2021-12-09,CONSERVATIVE_T1,margin_szse,300199,True
2021-12-09,AGGREGATOR|research-node|akshare@1.18.97|stock_margin_detail_szse,,,2026-09-26T06:53:27.488176+00:00,2021-12-10,CONSERVATIVE_T1,margin_szse,000750,True
2021-12-09,AGGREGATOR|research-node|akshare@1.18.97|stock_margin_detail_szse,,,2026-09-26T06:53:27.488176+00:00,2021-12-10,CONSERVATIVE_T1,margin_szse,000783,True
2021-12-09,AGGREGATOR|research-node|akshare@1.18.97|stock_margin_detail_szse,,,2026-09-26T06:53:27.488176+00:00,2021-12-10,CONSERVATIVE_T1,margin_szse,002736,True
2021-12-09,AGGREGATOR|research-node|akshare@1.18.97|stock_margin_detail_szse,,,2026-09-26T06:53:27.488176+00:00,2021-12-10,CONSERVATIVE_T1,margin_szse,300199,True
2021-12-10,AGGREGATOR|research-node|akshare@1.18.97|stock_margin_detail_szse,,,2026-09-26T06:53:29.514971+00:00,2021-12-13,CONSERVATIVE_T1,margin_szse,000750,True
2021-12-10,AGGREGATOR|research-node|akshare@1.18.97|stock_margin_detail_szse,,,2026-09-26T06:53:29.514971+00:00,2021-12-13,CONSERVATIVE_T1,margin_szse,000783,True
2021-12-10,AGGREGATOR|research-node|akshare@1.18.97|stock_margin_detail_szse,,,2026-09-26T06:53:29.514971+00:00,2021-12-13,CONSERVATIVE_T1,margin_szse,002736,True
2021-12-10,AGGREGATOR|research-node|akshare@1.18.97|stock_margin_detail_szse,,,2026-09-26T06:53:29.514971+00:00,2021-12-13,CONSERVATIVE_T1,margin_szse,300199,True
2021-12-13,AGGREGATOR|research-node|akshare@1.18.97|stock_margin_detail_szse,,,2026-09-26T06:53:31.665709+00:00,2021-12-14,CONSERVATIVE_T1,margin_szse,000750,True
2021-12-13,AGGREGATOR|research-node|akshare@1.18.97|stock_margin_detail_szse,,,2026-09-26T06:53:31.665709+00:00,2021-12-14,CONSERVATIVE_T1,margin_szse,000783,True
2021-12-13,AGGREGATOR|research-node|akshare@1.18.97|stock_margin_detail_szse,,,2026-09-26T06:53:31.665709+00:00,2021-12-14,CONSERVATIVE_T1,margin_szse,002736,True
2021-12-13,AGGREGATOR|research-node|akshare@1.18.97|stock_margin_detail_szse,,,2026-09-26T06:53:31.665709+00:00,2021-12-14,CONSERVATIVE_T1,margin_szse,300199,True
2021-12-14,AGGREGATOR|research-node|akshare@1.18.97|stock_margin_detail_szse,,,2026-09-26T06:53:33.739807+00:00,2021-12-15,CONSERVATIVE_T1,margin_szse,000750,True
2021-12-14,AGGREGATOR|research-node|akshare@1.18.97|stock_margin_detail_szse,,,2026-09-26T06:53:33.739807+00:00,2021-12-15,CONSERVATIVE_T1,margin_szse,000783,True
2021-12-14,AGGREGATOR|research-node|akshare@1.18.97|stock_margin_detail_szse,,,2026-09-26T06:53:33.739807+00:00,2021-12-15,CONSERVATIVE_T1,margin_szse,002736,True
2021-12-14,AGGREGATOR|research-node|akshare@1.18.97|stock_margin_detail_szse,,,2026-09-26T06:53:33.739807+00:00,2021-12-15,CONSERVATIVE_T1,margin_szse,300199,True
2021-12-15,AGGREGATOR|research-node|akshare@1.18.97|stock_margin_detail_szse,,,2026-09-26T06:53:35.810997+00:00,2021-12-16,CONSERVATIVE_T1,margin_szse,000750,True
2021-12-15,AGGREGATOR|research-node|akshare@1.18.97|stock_margin_detail_szse,,,2026-09-26T06:53:35.810997+00:00,2021-12-16,CONSERVATIVE_T1,margin_szse,000783,True
2021-12-15,AGGREGATOR|research-node|akshare@1.18.97|stock_margin_detail_szse,,,2026-09-26T06:53:35.810997+00:00,2021-12-16,CONSERVATIVE_T1,margin_szse,002736,True
2021-12-15,AGGREGATOR|research-node|akshare@1.18.97|stock_margin_detail_szse,,,2026-09-26T06:53:35.810997+00:00,2021-12-16,CONSERVATIVE_T1,margin_szse,300199,True
2021-12-16,AGGREGATOR|research-node|akshare@1.18.97|stock_margin_detail_szse,,,2026-09-26T06:53:37.862448+00:00,2021-12-17,CONSERVATIVE_T1,margin_szse,000750,True
2021-12-16,AGGREGATOR|research-node|akshare@1.18.97|stock_margin_detail_szse,,,2026-09-26T06:53:37.862448+00:00,2021-12-17,CONSERVATIVE_T1,margin_szse,000783,True
2021-12-16,AGGREGATOR|research-node|akshare@1.18.97|stock_margin_detail_szse,,,2026-09-26T06:53:37.862448+00:00,2021-12-17,CONSERVATIVE_T1,margin_szse,002736,True
2021-12-16,AGGREGATOR|research-node|akshare@1.18.97|stock_margin_detail_szse,,,2026-09-26T06:53:37.862448+00:00,2021-12-17,CONSERVATIVE_T1,margin_szse,300199,True
2021-12-17,AGGREGATOR|research-node|akshare@1.18.97|stock_margin_detail_szse,,,2026-09-26T06:53:39.972668+00:00,2021-12-20,CONSERVATIVE_T1,margin_szse,000750,True
2021-12-17,AGGREGATOR|research-node|akshare@1.18.97|stock_margin_detail_szse,,,2026-09-26T06:53:39.972668+00:00,2021-12-20,CONSERVATIVE_T1,margin_szse,000783,True
2021-12-17,AGGREGATOR|research-node|akshare@1.18.97|stock_margin_detail_szse,,,2026-09-26T06:53:39.972668+00:00,2021-12-20,CONSERVATIVE_T1,margin_szse,002736,True
2021-12-17,AGGREGATOR|research-node|akshare@1.18.97|stock_margin_detail_szse,,,2026-09-26T06:53:39.972668+00:00,2021-12-20,CONSERVATIVE_T1,margin_szse,300199,True
2021-12-20,AGGREGATOR|research-node|akshare@1.18.97|stock_margin_detail_szse,,,2026-09-26T06:53:42.039557+00:00,2021-12-21,CONSERVATIVE_T1,margin_szse,000750,True
2021-12-20,AGGREGATOR|research-node|akshare@1.18.97|stock_margin_detail_szse,,,2026-09-26T06:53:42.039557+00:00,2021-12-21,CONSERVATIVE_T1,margin_szse,000783,True
2021-12-20,AGGREGATOR|research-node|akshare@1.18.97|stock_margin_detail_szse,,,2026-09-26T06:53:42.039557+00:00,2021-12-21,CONSERVATIVE_T1,margin_szse,002736,True
2021-12-20,AGGREGATOR|research-node|akshare@1.18.97|stock_margin_detail_szse,,,2026-09-26T06:53:42.039557+00:00,2021-12-21,CONSERVATIVE_T1,margin_szse,300199,True
2021-12-21,AGGREGATOR|research-node|akshare@1.18.97|stock_margin_detail_szse,,,2026-09-26T06:53:44.100205+00:00,2021-12-22,CONSERVATIVE_T1,margin_szse,000750,True
2021-12-21,AGGREGATOR|research-node|akshare@1.18.97|stock_margin_detail_szse,,,2026-09-26T06:53:44.100205+00:00,2021-12-22,CONSERVATIVE_T1,margin_szse,000783,True
2021-12-21,AGGREGATOR|research-node|akshare@1.18.97|stock_margin_detail_szse,,,2026-09-26T06:53:44.100205+00:00,2021-12-22,CONSERVATIVE_T1,margin_szse,002736,True
2021-12-21,AGGREGATOR|research-node|akshare@1.18.97|stock_margin_detail_szse,,,2026-09-26T06:53:44.100205+00:00,2021-12-22,CONSERVATIVE_T1,margin_szse,300199,True
2021-12-22,AGGREGATOR|research-node|akshare@1.18.97|stock_margin_detail_szse,,,2026-09-26T06:53:46.129433+00:00,2021-12-23,CONSERVATIVE_T1,margin_szse,000685,True
2021-12-22,AGGREGATOR|research-node|akshare@1.18.97|stock_margin_detail_szse,,,2026-09-26T06:53:46.129433+00:00,2021-12-23,CONSERVATIVE_T1,margin_szse,000750,True
2021-12-22,AGGREGATOR|research-node|akshare@1.18.97|stock_margin_detail_szse,,,2026-09-26T06:53:46.129433+00:00,2021-12-23,CONSERVATIVE_T1,margin_szse,000783,True
2021-12-22,AGGREGATOR|research-node|akshare@1.18.97|stock_margin_detail_szse,,,2026-09-26T06:53:46.129433+00:00,2021-12-23,CONSERVATIVE_T1,margin_szse,002736,True
2021-12-22,AGGREGATOR|research-node|akshare@1.18.97|stock_margin_detail_szse,,,2026-09-26T06:53:46.129433+00:00,2021-12-23,CONSERVATIVE_T1,margin_szse,300199,True
2021-12-23,AGGREGATOR|research-node|akshare@1.18.97|stock_margin_detail_szse,,,2026-09-26T06:53:48.299184+00:00,2021-12-24,CONSERVATIVE_T1,margin_szse,000685,True
2021-12-23,AGGREGATOR|research-node|akshare@1.18.97|stock_margin_detail_szse,,,2026-09-26T06:53:48.299184+00:00,2021-12-24,CONSERVATIVE_T1,margin_szse,000750,True
2021-12-23,AGGREGATOR|research-node|akshare@1.18.97|stock_margin_detail_szse,,,2026-09-26T06:53:48.299184+00:00,2021-12-24,CONSERVATIVE_T1,margin_szse,000783,True
2021-12-23,AGGREGATOR|research-node|akshare@1.18.97|stock_margin_detail_szse,,,2026-09-26T06:53:48.299184+00:00,2021-12-24,CONSERVATIVE_T1,margin_szse,002736,True
2021-12-23,AGGREGATOR|research-node|akshare@1.18.97|stock_margin_detail_szse,,,2026-09-26T06:53:48.299184+00:00,2021-12-24,CONSERVATIVE_T1,margin_szse,300199,True
2021-12-24,AGGREGATOR|research-node|akshare@1.18.97|stock_margin_detail_szse,,,2026-09-26T06:53:50.435877+00:00,2021-12-27,CONSERVATIVE_T1,margin_szse,000685,True
2021-12-24,AGGREGATOR|research-node|akshare@1.18.97|stock_margin_detail_szse,,,2026-09-26T06:53:50.435877+00:00,2021-12-27,CONSERVATIVE_T1,margin_szse,000750,True
2021-12-24,AGGREGATOR|research-node|akshare@1.18.97|stock_margin_detail_szse,,,2026-09-26T06:53:50.435877+00:00,2021-12-27,CONSERVATIVE_T1,margin_szse,000783,True
2021-12-24,AGGREGATOR|research-node|akshare@1.18.97|stock_margin_detail_szse,,,2026-09-26T06:53:50.435877+00:00,2021-12-27,CONSERVATIVE_T1,margin_szse,002736,True
2021-12-24,AGGREGATOR|research-node|akshare@1.18.97|stock_margin_detail_szse,,,2026-09-26T06:53:50.435877+00:00,2021-12-27,CONSERVATIVE_T1,margin_szse,300199,True
2021-12-27,AGGREGATOR|research-node|akshare@1.18.97|stock_margin_detail_szse,,,2026-09-26T06:53:52.466898+00:00,2021-12-28,CONSERVATIVE_T1,margin_szse,000685,True
2021-12-27,AGGREGATOR|research-node|akshare@1.18.97|stock_margin_detail_szse,,,2026-09-26T06:53:52.466898+00:00,2021-12-28,CONSERVATIVE_T1,margin_szse,000750,True
2021-12-27,AGGREGATOR|research-node|akshare@1.18.97|stock_margin_detail_szse,,,2026-09-26T06:53:52.466898+00:00,2021-12-28,CONSERVATIVE_T1,margin_szse,000783,True
2021-12-27,AGGREGATOR|research-node|akshare@1.18.97|stock_margin_detail_szse,,,2026-09-26T06:53:52.466898+00:00,2021-12-28,CONSERVATIVE_T1,margin_szse,002736,True
2021-12-27,AGGREGATOR|research-node|akshare@1.18.97|stock_margin_detail_szse,,,2026-09-26T06:53:52.466898+00:00,2021-12-28,CONSERVATIVE_T1,margin_szse,300199,True
2021-12-28,AGGREGATOR|research-node|akshare@1.18.97|stock_margin_detail_szse,,,2026-09-26T06:53:54.560680+00:00,2021-12-29,CONSERVATIVE_T1,margin_szse,000685,True
2021-12-28,AGGREGATOR|research-node|akshare@1.18.97|stock_margin_detail_szse,,,2026-09-26T06:53:54.560680+00:00,2021-12-29,CONSERVATIVE_T1,margin_szse,000750,True
2021-12-28,AGGREGATOR|research-node|akshare@1.18.97|stock_margin_detail_szse,,,2026-09-26T06:53:54.560680+00:00,2021-12-29,CONSERVATIVE_T1,margin_szse,000783,True
2021-12-28,AGGREGATOR|research-node|akshare@1.18.97|stock_margin_detail_szse,,,2026-09-26T06:53:54.560680+00:00,2021-12-29,CONSERVATIVE_T1,margin_szse,002736,True
2021-12-28,AGGREGATOR|research-node|akshare@1.18.97|stock_margin_detail_szse,,,2026-09-26T06:53:54.560680+00:00,2021-12-29,CONSERVATIVE_T1,margin_szse,300199,True
2021-12-29,AGGREGATOR|research-node|akshare@1.18.97|stock_margin_detail_szse,,,2026-09-26T06:53:56.602516+00:00,2021-12-30,CONSERVATIVE_T1,margin_szse,000685,True
2021-12-29,AGGREGATOR|research-node|akshare@1.18.97|stock_margin_detail_szse,,,2026-09-26T06:53:56.602516+00:00,2021-12-30,CONSERVATIVE_T1,margin_szse,000750,True
2021-12-29,AGGREGATOR|research-node|akshare@1.18.97|stock_margin_detail_szse,,,2026-09-26T06:53:56.602516+00:00,2021-12-30,CONSERVATIVE_T1,margin_szse,000783,True
2021-12-29,AGGREGATOR|research-node|akshare@1.18.97|stock_margin_detail_szse,,,2026-09-26T06:53:56.602516+00:00,2021-12-30,CONSERVATIVE_T1,margin_szse,002736,True
2021-12-29,AGGREGATOR|research-node|akshare@1.18.97|stock_margin_detail_szse,,,2026-09-26T06:53:56.602516+00:00,2021-12-30,CONSERVATIVE_T1,margin_szse,300199,True
2021-12-30,AGGREGATOR|research-node|akshare@1.18.97|stock_margin_detail_szse,,,2026-09-26T06:53:58.722345+00:00,2021-12-31,CONSERVATIVE_T1,margin_szse,000685,True
2021-12-30,AGGREGATOR|research-node|akshare@1.18.97|stock_margin_detail_szse,,,2026-09-26T06:53:58.722345+00:00,2021-12-31,CONSERVATIVE_T1,margin_szse,000750,True
2021-12-30,AGGREGATOR|research-node|akshare@1.18.97|stock_margin_detail_szse,,,2026-09-26T06:53:58.722345+00:00,2021-12-31,CONSERVATIVE_T1,margin_szse,000783,True
2021-12-30,AGGREGATOR|research-node|akshare@1.18.97|stock_margin_detail_szse,,,2026-09-26T06:53:58.722345+00:00,2021-12-31,CONSERVATIVE_T1,margin_szse,002736,True
2021-12-30,AGGREGATOR|research-node|akshare@1.18.97|stock_margin_detail_szse,,,2026-09-26T06:53:58.722345+00:00,2021-12-31,CONSERVATIVE_T1,margin_szse,300199,True
2021-12-31,AGGREGATOR|research-node|akshare@1.18.97|stock_margin_detail_szse,,,2026-09-26T06:54:00.798845+00:00,2022-01-04,CONSERVATIVE_T1,margin_szse,000685,True
2021-12-31,AGGREGATOR|research-node|akshare@1.18.97|stock_margin_detail_szse,,,2026-09-26T06:54:00.798845+00:00,2022-01-04,CONSERVATIVE_T1,margin_szse,000750,True
2021-12-31,AGGREGATOR|research-node|akshare@1.18.97|stock_margin_detail_szse,,,2026-09-26T06:54:00.798845+00:00,2022-01-04,CONSERVATIVE_T1,margin_szse,000783,True
2021-12-31,AGGREGATOR|research-node|akshare@1.18.97|stock_margin_detail_szse,,,2026-09-26T06:54:00.798845+00:00,2022-01-04,CONSERVATIVE_T1,margin_szse,002736,True
2021-12-31,AGGREGATOR|research-node|akshare@1.18.97|stock_margin_detail_szse,,,2026-09-26T06:54:00.798845+00:00,2022-01-04,CONSERVATIVE_T1,margin_szse,300199,True
2021-07-12,AGGREGATOR|research-node|akshare@1.18.97|stock_lhb_detail_em,2021-07-12,,2026-09-26T06:54:17.509330+00:00,2021-07-13,CONSERVATIVE_T1,lhb,688116,True
2021-08-26,AGGREGATOR|research-node|akshare@1.18.97|stock_lhb_detail_em,2021-08-26,,2026-09-26T06:54:36.398602+00:00,2021-08-27,CONSERVATIVE_T1,lhb,300489,True
2021-08-04,AGGREGATOR|research-node|akshare@1.18.97|stock_lhb_detail_em,2021-08-04,,2026-09-26T06:54:36.398602+00:00,2021-08-05,CONSERVATIVE_T1,lhb,688116,True
2021-10-15,AGGREGATOR|research-node|akshare@1.18.97|stock_lhb_detail_em,2021-10-15,,2026-09-26T06:55:40.804748+00:00,2021-10-18,CONSERVATIVE_T1,lhb,300209,True
2021-10-11,AGGREGATOR|research-node|akshare@1.18.97|stock_lhb_detail_em,2021-10-11,,2026-09-26T06:55:40.804748+00:00,2021-10-12,CONSERVATIVE_T1,lhb,300209,True
2021-10-11,AGGREGATOR|research-node|akshare@1.18.97|stock_lhb_detail_em,2021-10-11,,2026-09-26T06:55:40.804748+00:00,2021-10-12,CONSERVATIVE_T1,lhb,300209,True
2021-10-08,AGGREGATOR|research-node|akshare@1.18.97|stock_lhb_detail_em,2021-10-08,,2026-09-26T06:55:40.804748+00:00,2021-10-11,CONSERVATIVE_T1,lhb,300209,True
2021-10-12,AGGREGATOR|research-node|akshare@1.18.97|stock_lhb_detail_em,2021-10-12,,2026-09-26T06:55:40.804748+00:00,2021-10-13,CONSERVATIVE_T1,lhb,601869,True
2021-12-30,AGGREGATOR|research-node|akshare@1.18.97|stock_lhb_detail_em,2021-12-30,,2026-09-26T06:56:08.943309+00:00,2021-12-31,CONSERVATIVE_T1,lhb,300199,True
2021-12-06,AGGREGATOR|research-node|akshare@1.18.97|stock_lhb_detail_em,2021-12-06,,2026-09-26T06:56:08.943309+00:00,2021-12-07,CONSERVATIVE_T1,lhb,300209,True
2021-07-05,AGGREGATOR|research-node|akshare@1.18.97|stock_dzjy_mrmx,2021-07-05,,2026-09-26T06:56:14.797897+00:00,2021-07-06,CONSERVATIVE_T1,dzjy,002736,True
2021-07-12,AGGREGATOR|research-node|akshare@1.18.97|stock_dzjy_mrmx,2021-07-12,,2026-09-26T06:56:14.797897+00:00,2021-07-13,CONSERVATIVE_T1,dzjy,600022,True
2021-07-15,AGGREGATOR|research-node|akshare@1.18.97|stock_dzjy_mrmx,2021-07-15,,2026-09-26T06:56:14.797897+00:00,2021-07-16,CONSERVATIVE_T1,dzjy,601328,True
2021-07-01,AGGREGATOR|research-node|akshare@1.18.97|stock_dzjy_mrmx,2021-07-01,,2026-09-26T06:56:14.797897+00:00,2021-07-02,CONSERVATIVE_T1,dzjy,688116,True
2021-07-27,AGGREGATOR|research-node|akshare@1.18.97|stock_dzjy_mrmx,2021-07-27,,2026-09-26T06:56:14.797897+00:00,2021-07-28,CONSERVATIVE_T1,dzjy,688116,True
2021-07-27,AGGREGATOR|research-node|akshare@1.18.97|stock_dzjy_mrmx,2021-07-27,,2026-09-26T06:56:14.797897+00:00,2021-07-28,CONSERVATIVE_T1,dzjy,688218,True
2021-07-26,AGGREGATOR|research-node|akshare@1.18.97|stock_dzjy_mrmx,2021-07-26,,2026-09-26T06:56:14.797897+00:00,2021-07-27,CONSERVATIVE_T1,dzjy,688218,True
2021-07-22,AGGREGATOR|research-node|akshare@1.18.97|stock_dzjy_mrmx,2021-07-22,,2026-09-26T06:56:14.797897+00:00,2021-07-23,CONSERVATIVE_T1,dzjy,688218,True
2021-07-21,AGGREGATOR|research-node|akshare@1.18.97|stock_dzjy_mrmx,2021-07-21,,2026-09-26T06:56:14.797897+00:00,2021-07-22,CONSERVATIVE_T1,dzjy,688218,True
2021-08-18,AGGREGATOR|research-node|akshare@1.18.97|stock_dzjy_mrmx,2021-08-18,,2026-09-26T06:56:19.253213+00:00,2021-08-19,CONSERVATIVE_T1,dzjy,000783,True
2021-08-18,AGGREGATOR|research-node|akshare@1.18.97|stock_dzjy_mrmx,2021-08-18,,2026-09-26T06:56:19.253213+00:00,2021-08-19,CONSERVATIVE_T1,dzjy,000783,True
2021-08-30,AGGREGATOR|research-node|akshare@1.18.97|stock_dzjy_mrmx,2021-08-30,,2026-09-26T06:56:19.253213+00:00,2021-08-31,CONSERVATIVE_T1,dzjy,300209,True
2021-08-03,AGGREGATOR|research-node|akshare@1.18.97|stock_dzjy_mrmx,2021-08-03,,2026-09-26T06:56:19.253213+00:00,2021-08-04,CONSERVATIVE_T1,dzjy,601328,True
2021-08-23,AGGREGATOR|research-node|akshare@1.18.97|stock_dzjy_mrmx,2021-08-23,,2026-09-26T06:56:19.253213+00:00,2021-08-24,CONSERVATIVE_T1,dzjy,601328,True
2021-08-12,AGGREGATOR|research-node|akshare@1.18.97|stock_dzjy_mrmx,2021-08-12,,2026-09-26T06:56:19.253213+00:00,2021-08-13,CONSERVATIVE_T1,dzjy,601328,True
2021-08-11,AGGREGATOR|research-node|akshare@1.18.97|stock_dzjy_mrmx,2021-08-11,,2026-09-26T06:56:19.253213+00:00,2021-08-12,CONSERVATIVE_T1,dzjy,601328,True
2021-08-05,AGGREGATOR|research-node|akshare@1.18.97|stock_dzjy_mrmx,2021-08-05,,2026-09-26T06:56:19.253213+00:00,2021-08-06,CONSERVATIVE_T1,dzjy,601328,True
2021-08-23,AGGREGATOR|research-node|akshare@1.18.97|stock_dzjy_mrmx,2021-08-23,,2026-09-26T06:56:19.253213+00:00,2021-08-24,CONSERVATIVE_T1,dzjy,601988,True
2021-08-12,AGGREGATOR|research-node|akshare@1.18.97|stock_dzjy_mrmx,2021-08-12,,2026-09-26T06:56:19.253213+00:00,2021-08-13,CONSERVATIVE_T1,dzjy,688116,True
2021-08-04,AGGREGATOR|research-node|akshare@1.18.97|stock_dzjy_mrmx,2021-08-04,,2026-09-26T06:56:19.253213+00:00,2021-08-05,CONSERVATIVE_T1,dzjy,688218,True
2021-08-11,AGGREGATOR|research-node|akshare@1.18.97|stock_dzjy_mrmx,2021-08-11,,2026-09-26T06:56:19.253213+00:00,2021-08-12,CONSERVATIVE_T1,dzjy,688218,True
2021-08-10,AGGREGATOR|research-node|akshare@1.18.97|stock_dzjy_mrmx,2021-08-10,,2026-09-26T06:56:19.253213+00:00,2021-08-11,CONSERVATIVE_T1,dzjy,688218,True
2021-08-09,AGGREGATOR|research-node|akshare@1.18.97|stock_dzjy_mrmx,2021-08-09,,2026-09-26T06:56:19.253213+00:00,2021-08-10,CONSERVATIVE_T1,dzjy,688218,True
2021-09-02,AGGREGATOR|research-node|akshare@1.18.97|stock_dzjy_mrmx,2021-09-02,,2026-09-26T06:56:26.215467+00:00,2021-09-03,CONSERVATIVE_T1,dzjy,000709,True
2021-09-03,AGGREGATOR|research-node|akshare@1.18.97|stock_dzjy_mrmx,2021-09-03,,2026-09-26T06:56:26.215467+00:00,2021-09-06,CONSERVATIVE_T1,dzjy,000709,True
2021-09-02,AGGREGATOR|research-node|akshare@1.18.97|stock_dzjy_mrmx,2021-09-02,,2026-09-26T06:56:26.215467+00:00,2021-09-03,CONSERVATIVE_T1,dzjy,000709,True
2021-09-23,AGGREGATOR|research-node|akshare@1.18.97|stock_dzjy_mrmx,2021-09-23,,2026-09-26T06:56:26.215467+00:00,2021-09-24,CONSERVATIVE_T1,dzjy,300565,True
2021-09-28,AGGREGATOR|research-node|akshare@1.18.97|stock_dzjy_mrmx,2021-09-28,,2026-09-26T06:56:26.215467+00:00,2021-09-29,CONSERVATIVE_T1,dzjy,300565,True
2021-09-03,AGGREGATOR|research-node|akshare@1.18.97|stock_dzjy_mrmx,2021-09-03,,2026-09-26T06:56:26.215467+00:00,2021-09-06,CONSERVATIVE_T1,dzjy,600022,True
2021-09-17,AGGREGATOR|research-node|akshare@1.18.97|stock_dzjy_mrmx,2021-09-17,,2026-09-26T06:56:26.215467+00:00,2021-09-22,CONSERVATIVE_T1,dzjy,600022,True
2021-09-08,AGGREGATOR|research-node|akshare@1.18.97|stock_dzjy_mrmx,2021-09-08,,2026-09-26T06:56:26.215467+00:00,2021-09-09,CONSERVATIVE_T1,dzjy,601328,True
2021-09-28,AGGREGATOR|research-node|akshare@1.18.97|stock_dzjy_mrmx,2021-09-28,,2026-09-26T06:56:26.215467+00:00,2021-09-29,CONSERVATIVE_T1,dzjy,601328,True
2021-09-09,AGGREGATOR|research-node|akshare@1.18.97|stock_dzjy_mrmx,2021-09-09,,2026-09-26T06:56:26.215467+00:00,2021-09-10,CONSERVATIVE_T1,dzjy,601328,True
2021-09-10,AGGREGATOR|research-node|akshare@1.18.97|stock_dzjy_mrmx,2021-09-10,,2026-09-26T06:56:26.215467+00:00,2021-09-13,CONSERVATIVE_T1,dzjy,601988,True
2021-09-22,AGGREGATOR|research-node|akshare@1.18.97|stock_dzjy_mrmx,2021-09-22,,2026-09-26T06:56:26.215467+00:00,2021-09-23,CONSERVATIVE_T1,dzjy,601988,True
2021-09-15,AGGREGATOR|research-node|akshare@1.18.97|stock_dzjy_mrmx,2021-09-15,,2026-09-26T06:56:26.215467+00:00,2021-09-16,CONSERVATIVE_T1,dzjy,601988,True
2021-09-15,AGGREGATOR|research-node|akshare@1.18.97|stock_dzjy_mrmx,2021-09-15,,2026-09-26T06:56:26.215467+00:00,2021-09-16,CONSERVATIVE_T1,dzjy,601988,True
2021-09-10,AGGREGATOR|research-node|akshare@1.18.97|stock_dzjy_mrmx,2021-09-10,,2026-09-26T06:56:26.215467+00:00,2021-09-13,CONSERVATIVE_T1,dzjy,601988,True
2021-09-09,AGGREGATOR|research-node|akshare@1.18.97|stock_dzjy_mrmx,2021-09-09,,2026-09-26T06:56:26.215467+00:00,2021-09-10,CONSERVATIVE_T1,dzjy,688116,True
2021-09-24,AGGREGATOR|research-node|akshare@1.18.97|stock_dzjy_mrmx,2021-09-24,,2026-09-26T06:56:26.215467+00:00,2021-09-27,CONSERVATIVE_T1,dzjy,688116,True
2021-09-09,AGGREGATOR|research-node|akshare@1.18.97|stock_dzjy_mrmx,2021-09-09,,2026-09-26T06:56:26.215467+00:00,2021-09-10,CONSERVATIVE_T1,dzjy,688116,True
2021-10-26,AGGREGATOR|research-node|akshare@1.18.97|stock_dzjy_mrmx,2021-10-26,,2026-09-26T06:56:30.609832+00:00,2021-10-27,CONSERVATIVE_T1,dzjy,600269,True
2021-10-12,AGGREGATOR|research-node|akshare@1.18.97|stock_dzjy_mrmx,2021-10-12,,2026-09-26T06:56:30.609832+00:00,2021-10-13,CONSERVATIVE_T1,dzjy,601988,True
2021-10-28,AGGREGATOR|research-node|akshare@1.18.97|stock_dzjy_mrmx,2021-10-28,,2026-09-26T06:56:30.609832+00:00,2021-10-29,CONSERVATIVE_T1,dzjy,601988,True
2021-11-12,AGGREGATOR|research-node|akshare@1.18.97|stock_dzjy_mrmx,2021-11-12,,2026-09-26T06:56:38.257143+00:00,2021-11-15,CONSERVATIVE_T1,dzjy,000783,True
2021-11-23,AGGREGATOR|research-node|akshare@1.18.97|stock_dzjy_mrmx,2021-11-23,,2026-09-26T06:56:38.257143+00:00,2021-11-24,CONSERVATIVE_T1,dzjy,002736,True
2021-11-18,AGGREGATOR|research-node|akshare@1.18.97|stock_dzjy_mrmx,2021-11-18,,2026-09-26T06:56:38.257143+00:00,2021-11-19,CONSERVATIVE_T1,dzjy,600269,True
2021-11-18,AGGREGATOR|research-node|akshare@1.18.97|stock_dzjy_mrmx,2021-11-18,,2026-09-26T06:56:38.257143+00:00,2021-11-19,CONSERVATIVE_T1,dzjy,600269,True
2021-11-15,AGGREGATOR|research-node|akshare@1.18.97|stock_dzjy_mrmx,2021-11-15,,2026-09-26T06:56:38.257143+00:00,2021-11-16,CONSERVATIVE_T1,dzjy,601328,True
2021-11-25,AGGREGATOR|research-node|akshare@1.18.97|stock_dzjy_mrmx,2021-11-25,,2026-09-26T06:56:38.257143+00:00,2021-11-26,CONSERVATIVE_T1,dzjy,601328,True
2021-11-23,AGGREGATOR|research-node|akshare@1.18.97|stock_dzjy_mrmx,2021-11-23,,2026-09-26T06:56:38.257143+00:00,2021-11-24,CONSERVATIVE_T1,dzjy,601328,True
2021-11-22,AGGREGATOR|research-node|akshare@1.18.97|stock_dzjy_mrmx,2021-11-22,,2026-09-26T06:56:38.257143+00:00,2021-11-23,CONSERVATIVE_T1,dzjy,601328,True
2021-11-17,AGGREGATOR|research-node|akshare@1.18.97|stock_dzjy_mrmx,2021-11-17,,2026-09-26T06:56:38.257143+00:00,2021-11-18,CONSERVATIVE_T1,dzjy,601328,True
2021-11-16,AGGREGATOR|research-node|akshare@1.18.97|stock_dzjy_mrmx,2021-11-16,,2026-09-26T06:56:38.257143+00:00,2021-11-17,CONSERVATIVE_T1,dzjy,601328,True
2021-11-03,AGGREGATOR|research-node|akshare@1.18.97|stock_dzjy_mrmx,2021-11-03,,2026-09-26T06:56:38.257143+00:00,2021-11-04,CONSERVATIVE_T1,dzjy,601988,True
2021-11-24,AGGREGATOR|research-node|akshare@1.18.97|stock_dzjy_mrmx,2021-11-24,,2026-09-26T06:56:38.257143+00:00,2021-11-25,CONSERVATIVE_T1,dzjy,601988,True
2021-11-23,AGGREGATOR|research-node|akshare@1.18.97|stock_dzjy_mrmx,2021-11-23,,2026-09-26T06:56:38.257143+00:00,2021-11-24,CONSERVATIVE_T1,dzjy,601988,True
2021-11-04,AGGREGATOR|research-node|akshare@1.18.97|stock_dzjy_mrmx,2021-11-04,,2026-09-26T06:56:38.257143+00:00,2021-11-05,CONSERVATIVE_T1,dzjy,601988,True
2021-11-08,AGGREGATOR|research-node|akshare@1.18.97|stock_dzjy_mrmx,2021-11-08,,2026-09-26T06:56:38.257143+00:00,2021-11-09,CONSERVATIVE_T1,dzjy,688116,True
2021-11-30,AGGREGATOR|research-node|akshare@1.18.97|stock_dzjy_mrmx,2021-11-30,,2026-09-26T06:56:38.257143+00:00,2021-12-01,CONSERVATIVE_T1,dzjy,688116,True
2021-11-30,AGGREGATOR|research-node|akshare@1.18.97|stock_dzjy_mrmx,2021-11-30,,2026-09-26T06:56:38.257143+00:00,2021-12-01,CONSERVATIVE_T1,dzjy,688116,True
2021-11-29,AGGREGATOR|research-node|akshare@1.18.97|stock_dzjy_mrmx,2021-11-29,,2026-09-26T06:56:38.257143+00:00,2021-11-30,CONSERVATIVE_T1,dzjy,688116,True
2021-11-29,AGGREGATOR|research-node|akshare@1.18.97|stock_dzjy_mrmx,2021-11-29,,2026-09-26T06:56:38.257143+00:00,2021-11-30,CONSERVATIVE_T1,dzjy,688116,True
2021-11-29,AGGREGATOR|research-node|akshare@1.18.97|stock_dzjy_mrmx,2021-11-29,,2026-09-26T06:56:38.257143+00:00,2021-11-30,CONSERVATIVE_T1,dzjy,688116,True
2021-11-23,AGGREGATOR|research-node|akshare@1.18.97|stock_dzjy_mrmx,2021-11-23,,2026-09-26T06:56:38.257143+00:00,2021-11-24,CONSERVATIVE_T1,dzjy,688116,True
2021-11-22,AGGREGATOR|research-node|akshare@1.18.97|stock_dzjy_mrmx,2021-11-22,,2026-09-26T06:56:38.257143+00:00,2021-11-23,CONSERVATIVE_T1,dzjy,688116,True
2021-11-22,AGGREGATOR|research-node|akshare@1.18.97|stock_dzjy_mrmx,2021-11-22,,2026-09-26T06:56:38.257143+00:00,2021-11-23,CONSERVATIVE_T1,dzjy,688116,True
2021-11-09,AGGREGATOR|research-node|akshare@1.18.97|stock_dzjy_mrmx,2021-11-09,,2026-09-26T06:56:38.257143+00:00,2021-11-10,CONSERVATIVE_T1,dzjy,688116,True
2021-11-09,AGGREGATOR|research-node|akshare@1.18.97|stock_dzjy_mrmx,2021-11-09,,2026-09-26T06:56:38.257143+00:00,2021-11-10,CONSERVATIVE_T1,dzjy,688116,True
2021-11-08,AGGREGATOR|research-node|akshare@1.18.97|stock_dzjy_mrmx,2021-11-08,,2026-09-26T06:56:38.257143+00:00,2021-11-09,CONSERVATIVE_T1,dzjy,688116,True
2021-11-08,AGGREGATOR|research-node|akshare@1.18.97|stock_dzjy_mrmx,2021-11-08,,2026-09-26T06:56:38.257143+00:00,2021-11-09,CONSERVATIVE_T1,dzjy,688116,True
2021-11-11,AGGREGATOR|research-node|akshare@1.18.97|stock_dzjy_mrmx,2021-11-11,,2026-09-26T06:56:38.257143+00:00,2021-11-12,CONSERVATIVE_T1,dzjy,688218,True
2021-11-30,AGGREGATOR|research-node|akshare@1.18.97|stock_dzjy_mrmx,2021-11-30,,2026-09-26T06:56:38.257143+00:00,2021-12-01,CONSERVATIVE_T1,dzjy,688218,True
2021-11-25,AGGREGATOR|research-node|akshare@1.18.97|stock_dzjy_mrmx,2021-11-25,,2026-09-26T06:56:38.257143+00:00,2021-11-26,CONSERVATIVE_T1,dzjy,688218,True
2021-11-19,AGGREGATOR|research-node|akshare@1.18.97|stock_dzjy_mrmx,2021-11-19,,2026-09-26T06:56:38.257143+00:00,2021-11-22,CONSERVATIVE_T1,dzjy,688218,True
2021-11-17,AGGREGATOR|research-node|akshare@1.18.97|stock_dzjy_mrmx,2021-11-17,,2026-09-26T06:56:38.257143+00:00,2021-11-18,CONSERVATIVE_T1,dzjy,688218,True
2021-11-12,AGGREGATOR|research-node|akshare@1.18.97|stock_dzjy_mrmx,2021-11-12,,2026-09-26T06:56:38.257143+00:00,2021-11-15,CONSERVATIVE_T1,dzjy,688218,True
2021-12-22,AGGREGATOR|research-node|akshare@1.18.97|stock_dzjy_mrmx,2021-12-22,,2026-09-26T06:57:19.099202+00:00,2021-12-23,CONSERVATIVE_T1,dzjy,002736,True
2021-12-31,AGGREGATOR|research-node|akshare@1.18.97|stock_dzjy_mrmx,2021-12-31,,2026-09-26T06:57:19.099202+00:00,2022-01-04,CONSERVATIVE_T1,dzjy,300199,True
2021-12-31,AGGREGATOR|research-node|akshare@1.18.97|stock_dzjy_mrmx,2021-12-31,,2026-09-26T06:57:19.099202+00:00,2022-01-04,CONSERVATIVE_T1,dzjy,300199,True
2021-12-31,AGGREGATOR|research-node|akshare@1.18.97|stock_dzjy_mrmx,2021-12-31,,2026-09-26T06:57:19.099202+00:00,2022-01-04,CONSERVATIVE_T1,dzjy,300199,True
2021-12-29,AGGREGATOR|research-node|akshare@1.18.97|stock_dzjy_mrmx,2021-12-29,,2026-09-26T06:57:19.099202+00:00,2021-12-30,CONSERVATIVE_T1,dzjy,600567,True
2021-12-30,AGGREGATOR|research-node|akshare@1.18.97|stock_dzjy_mrmx,2021-12-30,,2026-09-26T06:57:19.099202+00:00,2021-12-31,CONSERVATIVE_T1,dzjy,600567,True
2021-12-01,AGGREGATOR|research-node|akshare@1.18.97|stock_dzjy_mrmx,2021-12-01,,2026-09-26T06:57:19.099202+00:00,2021-12-02,CONSERVATIVE_T1,dzjy,601328,True
2021-12-30,AGGREGATOR|research-node|akshare@1.18.97|stock_dzjy_mrmx,2021-12-30,,2026-09-26T06:57:19.099202+00:00,2021-12-31,CONSERVATIVE_T1,dzjy,601328,True
2021-12-29,AGGREGATOR|research-node|akshare@1.18.97|stock_dzjy_mrmx,2021-12-29,,2026-09-26T06:57:19.099202+00:00,2021-12-30,CONSERVATIVE_T1,dzjy,601328,True
2021-12-28,AGGREGATOR|research-node|akshare@1.18.97|stock_dzjy_mrmx,2021-12-28,,2026-09-26T06:57:19.099202+00:00,2021-12-29,CONSERVATIVE_T1,dzjy,601328,True
2021-12-27,AGGREGATOR|research-node|akshare@1.18.97|stock_dzjy_mrmx,2021-12-27,,2026-09-26T06:57:19.099202+00:00,2021-12-28,CONSERVATIVE_T1,dzjy,601328,True
2021-12-20,AGGREGATOR|research-node|akshare@1.18.97|stock_dzjy_mrmx,2021-12-20,,2026-09-26T06:57:19.099202+00:00,2021-12-21,CONSERVATIVE_T1,dzjy,601328,True
2021-12-16,AGGREGATOR|research-node|akshare@1.18.97|stock_dzjy_mrmx,2021-12-16,,2026-09-26T06:57:19.099202+00:00,2021-12-17,CONSERVATIVE_T1,dzjy,601328,True
2021-12-14,AGGREGATOR|research-node|akshare@1.18.97|stock_dzjy_mrmx,2021-12-14,,2026-09-26T06:57:19.099202+00:00,2021-12-15,CONSERVATIVE_T1,dzjy,601328,True
2021-12-13,AGGREGATOR|research-node|akshare@1.18.97|stock_dzjy_mrmx,2021-12-13,,2026-09-26T06:57:19.099202+00:00,2021-12-14,CONSERVATIVE_T1,dzjy,601328,True
2021-12-10,AGGREGATOR|research-node|akshare@1.18.97|stock_dzjy_mrmx,2021-12-10,,2026-09-26T06:57:19.099202+00:00,2021-12-13,CONSERVATIVE_T1,dzjy,601328,True
2021-12-09,AGGREGATOR|research-node|akshare@1.18.97|stock_dzjy_mrmx,2021-12-09,,2026-09-26T06:57:19.099202+00:00,2021-12-10,CONSERVATIVE_T1,dzjy,601328,True
2021-12-06,AGGREGATOR|research-node|akshare@1.18.97|stock_dzjy_mrmx,2021-12-06,,2026-09-26T06:57:19.099202+00:00,2021-12-07,CONSERVATIVE_T1,dzjy,601328,True
2021-12-14,AGGREGATOR|research-node|akshare@1.18.97|stock_dzjy_mrmx,2021-12-14,,2026-09-26T06:57:19.099202+00:00,2021-12-15,CONSERVATIVE_T1,dzjy,601988,True
2021-12-17,AGGREGATOR|research-node|akshare@1.18.97|stock_dzjy_mrmx,2021-12-17,,2026-09-26T06:57:19.099202+00:00,2021-12-20,CONSERVATIVE_T1,dzjy,601988,True
2021-12-03,AGGREGATOR|research-node|akshare@1.18.97|stock_dzjy_mrmx,2021-12-03,,2026-09-26T06:57:19.099202+00:00,2021-12-06,CONSERVATIVE_T1,dzjy,688116,True
2021-12-31,AGGREGATOR|research-node|akshare@1.18.97|stock_dzjy_mrmx,2021-12-31,,2026-09-26T06:57:19.099202+00:00,2022-01-04,CONSERVATIVE_T1,dzjy,688116,True
2021-12-31,AGGREGATOR|research-node|akshare@1.18.97|stock_dzjy_mrmx,2021-12-31,,2026-09-26T06:57:19.099202+00:00,2022-01-04,CONSERVATIVE_T1,dzjy,688116,True
2021-12-03,AGGREGATOR|research-node|akshare@1.18.97|stock_dzjy_mrmx,2021-12-03,,2026-09-26T06:57:19.099202+00:00,2021-12-06,CONSERVATIVE_T1,dzjy,688116,True
2021-12-03,AGGREGATOR|research-node|akshare@1.18.97|stock_dzjy_mrmx,2021-12-03,,2026-09-26T06:57:19.099202+00:00,2021-12-06,CONSERVATIVE_T1,dzjy,688116,True
2021-12-03,AGGREGATOR|research-node|akshare@1.18.97|stock_dzjy_mrmx,2021-12-03,,2026-09-26T06:57:19.099202+00:00,2021-12-06,CONSERVATIVE_T1,dzjy,688116,True
2021-12-03,AGGREGATOR|research-node|akshare@1.18.97|stock_dzjy_mrmx,2021-12-03,,2026-09-26T06:57:19.099202+00:00,2021-12-06,CONSERVATIVE_T1,dzjy,688116,True
2021-12-03,AGGREGATOR|research-node|akshare@1.18.97|stock_dzjy_mrmx,2021-12-03,,2026-09-26T06:57:19.099202+00:00,2021-12-06,CONSERVATIVE_T1,dzjy,688116,True
2021-12-03,AGGREGATOR|research-node|akshare@1.18.97|stock_dzjy_mrmx,2021-12-03,,2026-09-26T06:57:19.099202+00:00,2021-12-06,CONSERVATIVE_T1,dzjy,688116,True
2021-12-01,AGGREGATOR|research-node|akshare@1.18.97|stock_dzjy_mrmx,2021-12-01,,2026-09-26T06:57:19.099202+00:00,2021-12-02,CONSERVATIVE_T1,dzjy,688218,True
