observation_date,source,source_record_date,publication_date,retrieved_at,available_date,availability_basis,endpoint,stock_code,in_case_window
2026-07-01,AGGREGATOR|research-node|akshare@1.18.97|stock_margin_detail_sse,2026-07-01,,2026-09-26T09:31:04.254621+00:00,2026-07-02,CONSERVATIVE_T1,margin_sse,600022,False
2026-07-01,AGGREGATOR|research-node|akshare@1.18.97|stock_margin_detail_sse,2026-07-01,,2026-09-26T09:31:04.254621+00:00,2026-07-02,CONSERVATIVE_T1,margin_sse,600113,False
2026-07-01,AGGREGATOR|research-node|akshare@1.18.97|stock_margin_detail_sse,2026-07-01,,2026-09-26T09:31:04.254621+00:00,2026-07-02,CONSERVATIVE_T1,margin_sse,600196,True
2026-07-01,AGGREGATOR|research-node|akshare@1.18.97|stock_margin_detail_sse,2026-07-01,,2026-09-26T09:31:04.254621+00:00,2026-07-02,CONSERVATIVE_T1,margin_sse,600269,False
2026-07-01,AGGREGATOR|research-node|akshare@1.18.97|stock_margin_detail_sse,2026-07-01,,2026-09-26T09:31:04.254621+00:00,2026-07-02,CONSERVATIVE_T1,margin_sse,600377,False
2026-07-01,AGGREGATOR|research-node|akshare@1.18.97|stock_margin_detail_sse,2026-07-01,,2026-09-26T09:31:04.254621+00:00,2026-07-02,CONSERVATIVE_T1,margin_sse,600459,False
2026-07-01,AGGREGATOR|research-node|akshare@1.18.97|stock_margin_detail_sse,2026-07-01,,2026-09-26T09:31:04.254621+00:00,2026-07-02,CONSERVATIVE_T1,margin_sse,600567,False
2026-07-01,AGGREGATOR|research-node|akshare@1.18.97|stock_margin_detail_sse,2026-07-01,,2026-09-26T09:31:04.254621+00:00,2026-07-02,CONSERVATIVE_T1,margin_sse,600598,False
2026-07-01,AGGREGATOR|research-node|akshare@1.18.97|stock_margin_detail_sse,2026-07-01,,2026-09-26T09:31:04.254621+00:00,2026-07-02,CONSERVATIVE_T1,margin_sse,600629,True
2026-07-01,AGGREGATOR|research-node|akshare@1.18.97|stock_margin_detail_sse,2026-07-01,,2026-09-26T09:31:04.254621+00:00,2026-07-02,CONSERVATIVE_T1,margin_sse,600694,False
2026-07-01,AGGREGATOR|research-node|akshare@1.18.97|stock_margin_detail_sse,2026-07-01,,2026-09-26T09:31:04.254621+00:00,2026-07-02,CONSERVATIVE_T1,margin_sse,600826,False
2026-07-01,AGGREGATOR|research-node|akshare@1.18.97|stock_margin_detail_sse,2026-07-01,,2026-09-26T09:31:04.254621+00:00,2026-07-02,CONSERVATIVE_T1,margin_sse,600846,True
2026-07-01,AGGREGATOR|research-node|akshare@1.18.97|stock_margin_detail_sse,2026-07-01,,2026-09-26T09:31:04.254621+00:00,2026-07-02,CONSERVATIVE_T1,margin_sse,600928,False
2026-07-01,AGGREGATOR|research-node|akshare@1.18.97|stock_margin_detail_sse,2026-07-01,,2026-09-26T09:31:04.254621+00:00,2026-07-02,CONSERVATIVE_T1,margin_sse,600977,False
2026-07-01,AGGREGATOR|research-node|akshare@1.18.97|stock_margin_detail_sse,2026-07-01,,2026-09-26T09:31:04.254621+00:00,2026-07-02,CONSERVATIVE_T1,margin_sse,601098,False
2026-07-01,AGGREGATOR|research-node|akshare@1.18.97|stock_margin_detail_sse,2026-07-01,,2026-09-26T09:31:04.254621+00:00,2026-07-02,CONSERVATIVE_T1,margin_sse,601111,False
2026-07-01,AGGREGATOR|research-node|akshare@1.18.97|stock_margin_detail_sse,2026-07-01,,2026-09-26T09:31:04.254621+00:00,2026-07-02,CONSERVATIVE_T1,margin_sse,601298,False
2026-07-01,AGGREGATOR|research-node|akshare@1.18.97|stock_margin_detail_sse,2026-07-01,,2026-09-26T09:31:04.254621+00:00,2026-07-02,CONSERVATIVE_T1,margin_sse,601328,False
2026-07-01,AGGREGATOR|research-node|akshare@1.18.97|stock_margin_detail_sse,2026-07-01,,2026-09-26T09:31:04.254621+00:00,2026-07-02,CONSERVATIVE_T1,margin_sse,601869,False
2026-07-01,AGGREGATOR|research-node|akshare@1.18.97|stock_margin_detail_sse,2026-07-01,,2026-09-26T09:31:04.254621+00:00,2026-07-02,CONSERVATIVE_T1,margin_sse,601900,False
2026-07-01,AGGREGATOR|research-node|akshare@1.18.97|stock_margin_detail_sse,2026-07-01,,2026-09-26T09:31:04.254621+00:00,2026-07-02,CONSERVATIVE_T1,margin_sse,601985,False
2026-07-01,AGGREGATOR|research-node|akshare@1.18.97|stock_margin_detail_sse,2026-07-01,,2026-09-26T09:31:04.254621+00:00,2026-07-02,CONSERVATIVE_T1,margin_sse,601988,False
2026-07-01,AGGREGATOR|research-node|akshare@1.18.97|stock_margin_detail_sse,2026-07-01,,2026-09-26T09:31:04.254621+00:00,2026-07-02,CONSERVATIVE_T1,margin_sse,601992,False
2026-07-01,AGGREGATOR|research-node|akshare@1.18.97|stock_margin_detail_sse,2026-07-01,,2026-09-26T09:31:04.254621+00:00,2026-07-02,CONSERVATIVE_T1,margin_sse,603618,False
2026-07-01,AGGREGATOR|research-node|akshare@1.18.97|stock_margin_detail_sse,2026-07-01,,2026-09-26T09:31:04.254621+00:00,2026-07-02,CONSERVATIVE_T1,margin_sse,603667,True
2026-07-01,AGGREGATOR|research-node|akshare@1.18.97|stock_margin_detail_sse,2026-07-01,,2026-09-26T09:31:04.254621+00:00,2026-07-02,CONSERVATIVE_T1,margin_sse,603686,True
2026-07-01,AGGREGATOR|research-node|akshare@1.18.97|stock_margin_detail_sse,2026-07-01,,2026-09-26T09:31:04.254621+00:00,2026-07-02,CONSERVATIVE_T1,margin_sse,688088,False
2026-07-01,AGGREGATOR|research-node|akshare@1.18.97|stock_margin_detail_sse,2026-07-01,,2026-09-26T09:31:04.254621+00:00,2026-07-02,CONSERVATIVE_T1,margin_sse,688116,False
2026-07-01,AGGREGATOR|research-node|akshare@1.18.97|stock_margin_detail_sse,2026-07-01,,2026-09-26T09:31:04.254621+00:00,2026-07-02,CONSERVATIVE_T1,margin_sse,688218,False
2026-07-01,AGGREGATOR|research-node|akshare@1.18.97|stock_margin_detail_sse,2026-07-01,,2026-09-26T09:31:04.254621+00:00,2026-07-02,CONSERVATIVE_T1,margin_sse,688498,False
2026-07-01,AGGREGATOR|research-node|akshare@1.18.97|stock_margin_detail_sse,2026-07-01,,2026-09-26T09:31:04.254621+00:00,2026-07-02,CONSERVATIVE_T1,margin_sse,688521,False
2026-07-02,AGGREGATOR|research-node|akshare@1.18.97|stock_margin_detail_sse,2026-07-02,,2026-09-26T09:31:08.849429+00:00,2026-07-03,CONSERVATIVE_T1,margin_sse,600022,False
2026-07-02,AGGREGATOR|research-node|akshare@1.18.97|stock_margin_detail_sse,2026-07-02,,2026-09-26T09:31:08.849429+00:00,2026-07-03,CONSERVATIVE_T1,margin_sse,600113,False
2026-07-02,AGGREGATOR|research-node|akshare@1.18.97|stock_margin_detail_sse,2026-07-02,,2026-09-26T09:31:08.849429+00:00,2026-07-03,CONSERVATIVE_T1,margin_sse,600196,True
2026-07-02,AGGREGATOR|research-node|akshare@1.18.97|stock_margin_detail_sse,2026-07-02,,2026-09-26T09:31:08.849429+00:00,2026-07-03,CONSERVATIVE_T1,margin_sse,600269,False
2026-07-02,AGGREGATOR|research-node|akshare@1.18.97|stock_margin_detail_sse,2026-07-02,,2026-09-26T09:31:08.849429+00:00,2026-07-03,CONSERVATIVE_T1,margin_sse,600377,False
2026-07-02,AGGREGATOR|research-node|akshare@1.18.97|stock_margin_detail_sse,2026-07-02,,2026-09-26T09:31:08.849429+00:00,2026-07-03,CONSERVATIVE_T1,margin_sse,600459,False
2026-07-02,AGGREGATOR|research-node|akshare@1.18.97|stock_margin_detail_sse,2026-07-02,,2026-09-26T09:31:08.849429+00:00,2026-07-03,CONSERVATIVE_T1,margin_sse,600567,False
2026-07-02,AGGREGATOR|research-node|akshare@1.18.97|stock_margin_detail_sse,2026-07-02,,2026-09-26T09:31:08.849429+00:00,2026-07-03,CONSERVATIVE_T1,margin_sse,600598,False
2026-07-02,AGGREGATOR|research-node|akshare@1.18.97|stock_margin_detail_sse,2026-07-02,,2026-09-26T09:31:08.849429+00:00,2026-07-03,CONSERVATIVE_T1,margin_sse,600629,True
2026-07-02,AGGREGATOR|research-node|akshare@1.18.97|stock_margin_detail_sse,2026-07-02,,2026-09-26T09:31:08.849429+00:00,2026-07-03,CONSERVATIVE_T1,margin_sse,600694,False
2026-07-02,AGGREGATOR|research-node|akshare@1.18.97|stock_margin_detail_sse,2026-07-02,,2026-09-26T09:31:08.849429+00:00,2026-07-03,CONSERVATIVE_T1,margin_sse,600826,False
2026-07-02,AGGREGATOR|research-node|akshare@1.18.97|stock_margin_detail_sse,2026-07-02,,2026-09-26T09:31:08.849429+00:00,2026-07-03,CONSERVATIVE_T1,margin_sse,600846,True
2026-07-02,AGGREGATOR|research-node|akshare@1.18.97|stock_margin_detail_sse,2026-07-02,,2026-09-26T09:31:08.849429+00:00,2026-07-03,CONSERVATIVE_T1,margin_sse,600928,False
2026-07-02,AGGREGATOR|research-node|akshare@1.18.97|stock_margin_detail_sse,2026-07-02,,2026-09-26T09:31:08.849429+00:00,2026-07-03,CONSERVATIVE_T1,margin_sse,600977,False
2026-07-02,AGGREGATOR|research-node|akshare@1.18.97|stock_margin_detail_sse,2026-07-02,,2026-09-26T09:31:08.849429+00:00,2026-07-03,CONSERVATIVE_T1,margin_sse,601098,False
2026-07-02,AGGREGATOR|research-node|akshare@1.18.97|stock_margin_detail_sse,2026-07-02,,2026-09-26T09:31:08.849429+00:00,2026-07-03,CONSERVATIVE_T1,margin_sse,601111,False
2026-07-02,AGGREGATOR|research-node|akshare@1.18.97|stock_margin_detail_sse,2026-07-02,,2026-09-26T09:31:08.849429+00:00,2026-07-03,CONSERVATIVE_T1,margin_sse,601298,False
2026-07-02,AGGREGATOR|research-node|akshare@1.18.97|stock_margin_detail_sse,2026-07-02,,2026-09-26T09:31:08.849429+00:00,2026-07-03,CONSERVATIVE_T1,margin_sse,601328,False
2026-07-02,AGGREGATOR|research-node|akshare@1.18.97|stock_margin_detail_sse,2026-07-02,,2026-09-26T09:31:08.849429+00:00,2026-07-03,CONSERVATIVE_T1,margin_sse,601869,False
2026-07-02,AGGREGATOR|research-node|akshare@1.18.97|stock_margin_detail_sse,2026-07-02,,2026-09-26T09:31:08.849429+00:00,2026-07-03,CONSERVATIVE_T1,margin_sse,601900,False
2026-07-02,AGGREGATOR|research-node|akshare@1.18.97|stock_margin_detail_sse,2026-07-02,,2026-09-26T09:31:08.849429+00:00,2026-07-03,CONSERVATIVE_T1,margin_sse,601985,False
2026-07-02,AGGREGATOR|research-node|akshare@1.18.97|stock_margin_detail_sse,2026-07-02,,2026-09-26T09:31:08.849429+00:00,2026-07-03,CONSERVATIVE_T1,margin_sse,601988,False
2026-07-02,AGGREGATOR|research-node|akshare@1.18.97|stock_margin_detail_sse,2026-07-02,,2026-09-26T09:31:08.849429+00:00,2026-07-03,CONSERVATIVE_T1,margin_sse,601992,False
2026-07-02,AGGREGATOR|research-node|akshare@1.18.97|stock_margin_detail_sse,2026-07-02,,2026-09-26T09:31:08.849429+00:00,2026-07-03,CONSERVATIVE_T1,margin_sse,603618,False
2026-07-02,AGGREGATOR|research-node|akshare@1.18.97|stock_margin_detail_sse,2026-07-02,,2026-09-26T09:31:08.849429+00:00,2026-07-03,CONSERVATIVE_T1,margin_sse,603667,True
2026-07-02,AGGREGATOR|research-node|akshare@1.18.97|stock_margin_detail_sse,2026-07-02,,2026-09-26T09:31:08.849429+00:00,2026-07-03,CONSERVATIVE_T1,margin_sse,603686,True
2026-07-02,AGGREGATOR|research-node|akshare@1.18.97|stock_margin_detail_sse,2026-07-02,,2026-09-26T09:31:08.849429+00:00,2026-07-03,CONSERVATIVE_T1,margin_sse,688088,False
2026-07-02,AGGREGATOR|research-node|akshare@1.18.97|stock_margin_detail_sse,2026-07-02,,2026-09-26T09:31:08.849429+00:00,2026-07-03,CONSERVATIVE_T1,margin_sse,688116,False
2026-07-02,AGGREGATOR|research-node|akshare@1.18.97|stock_margin_detail_sse,2026-07-02,,2026-09-26T09:31:08.849429+00:00,2026-07-03,CONSERVATIVE_T1,margin_sse,688218,False
2026-07-02,AGGREGATOR|research-node|akshare@1.18.97|stock_margin_detail_sse,2026-07-02,,2026-09-26T09:31:08.849429+00:00,2026-07-03,CONSERVATIVE_T1,margin_sse,688498,False
2026-07-02,AGGREGATOR|research-node|akshare@1.18.97|stock_margin_detail_sse,2026-07-02,,2026-09-26T09:31:08.849429+00:00,2026-07-03,CONSERVATIVE_T1,margin_sse,688521,False
2026-07-03,AGGREGATOR|research-node|akshare@1.18.97|stock_margin_detail_sse,2026-07-03,,2026-09-26T09:31:13.347692+00:00,2026-07-06,CONSERVATIVE_T1,margin_sse,600022,False
2026-07-03,AGGREGATOR|research-node|akshare@1.18.97|stock_margin_detail_sse,2026-07-03,,2026-09-26T09:31:13.347692+00:00,2026-07-06,CONSERVATIVE_T1,margin_sse,600113,False
2026-07-03,AGGREGATOR|research-node|akshare@1.18.97|stock_margin_detail_sse,2026-07-03,,2026-09-26T09:31:13.347692+00:00,2026-07-06,CONSERVATIVE_T1,margin_sse,600196,True
2026-07-03,AGGREGATOR|research-node|akshare@1.18.97|stock_margin_detail_sse,2026-07-03,,2026-09-26T09:31:13.347692+00:00,2026-07-06,CONSERVATIVE_T1,margin_sse,600269,False
2026-07-03,AGGREGATOR|research-node|akshare@1.18.97|stock_margin_detail_sse,2026-07-03,,2026-09-26T09:31:13.347692+00:00,2026-07-06,CONSERVATIVE_T1,margin_sse,600377,False
2026-07-03,AGGREGATOR|research-node|akshare@1.18.97|stock_margin_detail_sse,2026-07-03,,2026-09-26T09:31:13.347692+00:00,2026-07-06,CONSERVATIVE_T1,margin_sse,600459,False
2026-07-03,AGGREGATOR|research-node|akshare@1.18.97|stock_margin_detail_sse,2026-07-03,,2026-09-26T09:31:13.347692+00:00,2026-07-06,CONSERVATIVE_T1,margin_sse,600567,False
2026-07-03,AGGREGATOR|research-node|akshare@1.18.97|stock_margin_detail_sse,2026-07-03,,2026-09-26T09:31:13.347692+00:00,2026-07-06,CONSERVATIVE_T1,margin_sse,600598,False
2026-07-03,AGGREGATOR|research-node|akshare@1.18.97|stock_margin_detail_sse,2026-07-03,,2026-09-26T09:31:13.347692+00:00,2026-07-06,CONSERVATIVE_T1,margin_sse,600629,True
2026-07-03,AGGREGATOR|research-node|akshare@1.18.97|stock_margin_detail_sse,2026-07-03,,2026-09-26T09:31:13.347692+00:00,2026-07-06,CONSERVATIVE_T1,margin_sse,600694,False
2026-07-03,AGGREGATOR|research-node|akshare@1.18.97|stock_margin_detail_sse,2026-07-03,,2026-09-26T09:31:13.347692+00:00,2026-07-06,CONSERVATIVE_T1,margin_sse,600826,False
2026-07-03,AGGREGATOR|research-node|akshare@1.18.97|stock_margin_detail_sse,2026-07-03,,2026-09-26T09:31:13.347692+00:00,2026-07-06,CONSERVATIVE_T1,margin_sse,600846,True
2026-07-03,AGGREGATOR|research-node|akshare@1.18.97|stock_margin_detail_sse,2026-07-03,,2026-09-26T09:31:13.347692+00:00,2026-07-06,CONSERVATIVE_T1,margin_sse,600928,False
2026-07-03,AGGREGATOR|research-node|akshare@1.18.97|stock_margin_detail_sse,2026-07-03,,2026-09-26T09:31:13.347692+00:00,2026-07-06,CONSERVATIVE_T1,margin_sse,600977,False
2026-07-03,AGGREGATOR|research-node|akshare@1.18.97|stock_margin_detail_sse,2026-07-03,,2026-09-26T09:31:13.347692+00:00,2026-07-06,CONSERVATIVE_T1,margin_sse,601098,False
2026-07-03,AGGREGATOR|research-node|akshare@1.18.97|stock_margin_detail_sse,2026-07-03,,2026-09-26T09:31:13.347692+00:00,2026-07-06,CONSERVATIVE_T1,margin_sse,601111,False
2026-07-03,AGGREGATOR|research-node|akshare@1.18.97|stock_margin_detail_sse,2026-07-03,,2026-09-26T09:31:13.347692+00:00,2026-07-06,CONSERVATIVE_T1,margin_sse,601298,False
2026-07-03,AGGREGATOR|research-node|akshare@1.18.97|stock_margin_detail_sse,2026-07-03,,2026-09-26T09:31:13.347692+00:00,2026-07-06,CONSERVATIVE_T1,margin_sse,601328,False
2026-07-03,AGGREGATOR|research-node|akshare@1.18.97|stock_margin_detail_sse,2026-07-03,,2026-09-26T09:31:13.347692+00:00,2026-07-06,CONSERVATIVE_T1,margin_sse,601869,False
2026-07-03,AGGREGATOR|research-node|akshare@1.18.97|stock_margin_detail_sse,2026-07-03,,2026-09-26T09:31:13.347692+00:00,2026-07-06,CONSERVATIVE_T1,margin_sse,601900,False
2026-07-03,AGGREGATOR|research-node|akshare@1.18.97|stock_margin_detail_sse,2026-07-03,,2026-09-26T09:31:13.347692+00:00,2026-07-06,CONSERVATIVE_T1,margin_sse,601985,False
2026-07-03,AGGREGATOR|research-node|akshare@1.18.97|stock_margin_detail_sse,2026-07-03,,2026-09-26T09:31:13.347692+00:00,2026-07-06,CONSERVATIVE_T1,margin_sse,601988,False
2026-07-03,AGGREGATOR|research-node|akshare@1.18.97|stock_margin_detail_sse,2026-07-03,,2026-09-26T09:31:13.347692+00:00,2026-07-06,CONSERVATIVE_T1,margin_sse,601992,False
2026-07-03,AGGREGATOR|research-node|akshare@1.18.97|stock_margin_detail_sse,2026-07-03,,2026-09-26T09:31:13.347692+00:00,2026-07-06,CONSERVATIVE_T1,margin_sse,603618,False
2026-07-03,AGGREGATOR|research-node|akshare@1.18.97|stock_margin_detail_sse,2026-07-03,,2026-09-26T09:31:13.347692+00:00,2026-07-06,CONSERVATIVE_T1,margin_sse,603667,True
2026-07-03,AGGREGATOR|research-node|akshare@1.18.97|stock_margin_detail_sse,2026-07-03,,2026-09-26T09:31:13.347692+00:00,2026-07-06,CONSERVATIVE_T1,margin_sse,603686,True
2026-07-03,AGGREGATOR|research-node|akshare@1.18.97|stock_margin_detail_sse,2026-07-03,,2026-09-26T09:31:13.347692+00:00,2026-07-06,CONSERVATIVE_T1,margin_sse,688088,False
2026-07-03,AGGREGATOR|research-node|akshare@1.18.97|stock_margin_detail_sse,2026-07-03,,2026-09-26T09:31:13.347692+00:00,2026-07-06,CONSERVATIVE_T1,margin_sse,688116,False
2026-07-03,AGGREGATOR|research-node|akshare@1.18.97|stock_margin_detail_sse,2026-07-03,,2026-09-26T09:31:13.347692+00:00,2026-07-06,CONSERVATIVE_T1,margin_sse,688218,False
2026-07-03,AGGREGATOR|research-node|akshare@1.18.97|stock_margin_detail_sse,2026-07-03,,2026-09-26T09:31:13.347692+00:00,2026-07-06,CONSERVATIVE_T1,margin_sse,688498,False
2026-07-03,AGGREGATOR|research-node|akshare@1.18.97|stock_margin_detail_sse,2026-07-03,,2026-09-26T09:31:13.347692+00:00,2026-07-06,CONSERVATIVE_T1,margin_sse,688521,False
2026-07-06,AGGREGATOR|research-node|akshare@1.18.97|stock_margin_detail_sse,2026-07-06,,2026-09-26T09:31:17.843726+00:00,2026-07-07,CONSERVATIVE_T1,margin_sse,600022,False
2026-07-06,AGGREGATOR|research-node|akshare@1.18.97|stock_margin_detail_sse,2026-07-06,,2026-09-26T09:31:17.843726+00:00,2026-07-07,CONSERVATIVE_T1,margin_sse,600113,False
2026-07-06,AGGREGATOR|research-node|akshare@1.18.97|stock_margin_detail_sse,2026-07-06,,2026-09-26T09:31:17.843726+00:00,2026-07-07,CONSERVATIVE_T1,margin_sse,600196,True
2026-07-06,AGGREGATOR|research-node|akshare@1.18.97|stock_margin_detail_sse,2026-07-06,,2026-09-26T09:31:17.843726+00:00,2026-07-07,CONSERVATIVE_T1,margin_sse,600269,False
2026-07-06,AGGREGATOR|research-node|akshare@1.18.97|stock_margin_detail_sse,2026-07-06,,2026-09-26T09:31:17.843726+00:00,2026-07-07,CONSERVATIVE_T1,margin_sse,600377,False
2026-07-06,AGGREGATOR|research-node|akshare@1.18.97|stock_margin_detail_sse,2026-07-06,,2026-09-26T09:31:17.843726+00:00,2026-07-07,CONSERVATIVE_T1,margin_sse,600459,False
2026-07-06,AGGREGATOR|research-node|akshare@1.18.97|stock_margin_detail_sse,2026-07-06,,2026-09-26T09:31:17.843726+00:00,2026-07-07,CONSERVATIVE_T1,margin_sse,600567,False
2026-07-06,AGGREGATOR|research-node|akshare@1.18.97|stock_margin_detail_sse,2026-07-06,,2026-09-26T09:31:17.843726+00:00,2026-07-07,CONSERVATIVE_T1,margin_sse,600598,False
2026-07-06,AGGREGATOR|research-node|akshare@1.18.97|stock_margin_detail_sse,2026-07-06,,2026-09-26T09:31:17.843726+00:00,2026-07-07,CONSERVATIVE_T1,margin_sse,600629,True
2026-07-06,AGGREGATOR|research-node|akshare@1.18.97|stock_margin_detail_sse,2026-07-06,,2026-09-26T09:31:17.843726+00:00,2026-07-07,CONSERVATIVE_T1,margin_sse,600694,False
2026-07-06,AGGREGATOR|research-node|akshare@1.18.97|stock_margin_detail_sse,2026-07-06,,2026-09-26T09:31:17.843726+00:00,2026-07-07,CONSERVATIVE_T1,margin_sse,600826,False
2026-07-06,AGGREGATOR|research-node|akshare@1.18.97|stock_margin_detail_sse,2026-07-06,,2026-09-26T09:31:17.843726+00:00,2026-07-07,CONSERVATIVE_T1,margin_sse,600846,True
2026-07-06,AGGREGATOR|research-node|akshare@1.18.97|stock_margin_detail_sse,2026-07-06,,2026-09-26T09:31:17.843726+00:00,2026-07-07,CONSERVATIVE_T1,margin_sse,600928,False
2026-07-06,AGGREGATOR|research-node|akshare@1.18.97|stock_margin_detail_sse,2026-07-06,,2026-09-26T09:31:17.843726+00:00,2026-07-07,CONSERVATIVE_T1,margin_sse,600977,False
2026-07-06,AGGREGATOR|research-node|akshare@1.18.97|stock_margin_detail_sse,2026-07-06,,2026-09-26T09:31:17.843726+00:00,2026-07-07,CONSERVATIVE_T1,margin_sse,601098,False
2026-07-06,AGGREGATOR|research-node|akshare@1.18.97|stock_margin_detail_sse,2026-07-06,,2026-09-26T09:31:17.843726+00:00,2026-07-07,CONSERVATIVE_T1,margin_sse,601111,False
2026-07-06,AGGREGATOR|research-node|akshare@1.18.97|stock_margin_detail_sse,2026-07-06,,2026-09-26T09:31:17.843726+00:00,2026-07-07,CONSERVATIVE_T1,margin_sse,601298,False
2026-07-06,AGGREGATOR|research-node|akshare@1.18.97|stock_margin_detail_sse,2026-07-06,,2026-09-26T09:31:17.843726+00:00,2026-07-07,CONSERVATIVE_T1,margin_sse,601328,False
2026-07-06,AGGREGATOR|research-node|akshare@1.18.97|stock_margin_detail_sse,2026-07-06,,2026-09-26T09:31:17.843726+00:00,2026-07-07,CONSERVATIVE_T1,margin_sse,601869,False
2026-07-06,AGGREGATOR|research-node|akshare@1.18.97|stock_margin_detail_sse,2026-07-06,,2026-09-26T09:31:17.843726+00:00,2026-07-07,CONSERVATIVE_T1,margin_sse,601900,False
2026-07-06,AGGREGATOR|research-node|akshare@1.18.97|stock_margin_detail_sse,2026-07-06,,2026-09-26T09:31:17.843726+00:00,2026-07-07,CONSERVATIVE_T1,margin_sse,601985,False
2026-07-06,AGGREGATOR|research-node|akshare@1.18.97|stock_margin_detail_sse,2026-07-06,,2026-09-26T09:31:17.843726+00:00,2026-07-07,CONSERVATIVE_T1,margin_sse,601988,False
2026-07-06,AGGREGATOR|research-node|akshare@1.18.97|stock_margin_detail_sse,2026-07-06,,2026-09-26T09:31:17.843726+00:00,2026-07-07,CONSERVATIVE_T1,margin_sse,601992,False
2026-07-06,AGGREGATOR|research-node|akshare@1.18.97|stock_margin_detail_sse,2026-07-06,,2026-09-26T09:31:17.843726+00:00,2026-07-07,CONSERVATIVE_T1,margin_sse,603618,False
2026-07-06,AGGREGATOR|research-node|akshare@1.18.97|stock_margin_detail_sse,2026-07-06,,2026-09-26T09:31:17.843726+00:00,2026-07-07,CONSERVATIVE_T1,margin_sse,603667,True
2026-07-06,AGGREGATOR|research-node|akshare@1.18.97|stock_margin_detail_sse,2026-07-06,,2026-09-26T09:31:17.843726+00:00,2026-07-07,CONSERVATIVE_T1,margin_sse,603686,True
2026-07-06,AGGREGATOR|research-node|akshare@1.18.97|stock_margin_detail_sse,2026-07-06,,2026-09-26T09:31:17.843726+00:00,2026-07-07,CONSERVATIVE_T1,margin_sse,688088,False
2026-07-06,AGGREGATOR|research-node|akshare@1.18.97|stock_margin_detail_sse,2026-07-06,,2026-09-26T09:31:17.843726+00:00,2026-07-07,CONSERVATIVE_T1,margin_sse,688116,False
2026-07-06,AGGREGATOR|research-node|akshare@1.18.97|stock_margin_detail_sse,2026-07-06,,2026-09-26T09:31:17.843726+00:00,2026-07-07,CONSERVATIVE_T1,margin_sse,688218,False
2026-07-06,AGGREGATOR|research-node|akshare@1.18.97|stock_margin_detail_sse,2026-07-06,,2026-09-26T09:31:17.843726+00:00,2026-07-07,CONSERVATIVE_T1,margin_sse,688498,False
2026-07-06,AGGREGATOR|research-node|akshare@1.18.97|stock_margin_detail_sse,2026-07-06,,2026-09-26T09:31:17.843726+00:00,2026-07-07,CONSERVATIVE_T1,margin_sse,688521,False
2026-07-07,AGGREGATOR|research-node|akshare@1.18.97|stock_margin_detail_sse,2026-07-07,,2026-09-26T09:31:22.352956+00:00,2026-07-08,CONSERVATIVE_T1,margin_sse,600022,False
2026-07-07,AGGREGATOR|research-node|akshare@1.18.97|stock_margin_detail_sse,2026-07-07,,2026-09-26T09:31:22.352956+00:00,2026-07-08,CONSERVATIVE_T1,margin_sse,600113,False
2026-07-07,AGGREGATOR|research-node|akshare@1.18.97|stock_margin_detail_sse,2026-07-07,,2026-09-26T09:31:22.352956+00:00,2026-07-08,CONSERVATIVE_T1,margin_sse,600196,True
2026-07-07,AGGREGATOR|research-node|akshare@1.18.97|stock_margin_detail_sse,2026-07-07,,2026-09-26T09:31:22.352956+00:00,2026-07-08,CONSERVATIVE_T1,margin_sse,600269,False
2026-07-07,AGGREGATOR|research-node|akshare@1.18.97|stock_margin_detail_sse,2026-07-07,,2026-09-26T09:31:22.352956+00:00,2026-07-08,CONSERVATIVE_T1,margin_sse,600377,False
2026-07-07,AGGREGATOR|research-node|akshare@1.18.97|stock_margin_detail_sse,2026-07-07,,2026-09-26T09:31:22.352956+00:00,2026-07-08,CONSERVATIVE_T1,margin_sse,600459,False
2026-07-07,AGGREGATOR|research-node|akshare@1.18.97|stock_margin_detail_sse,2026-07-07,,2026-09-26T09:31:22.352956+00:00,2026-07-08,CONSERVATIVE_T1,margin_sse,600567,False
2026-07-07,AGGREGATOR|research-node|akshare@1.18.97|stock_margin_detail_sse,2026-07-07,,2026-09-26T09:31:22.352956+00:00,2026-07-08,CONSERVATIVE_T1,margin_sse,600598,False
2026-07-07,AGGREGATOR|research-node|akshare@1.18.97|stock_margin_detail_sse,2026-07-07,,2026-09-26T09:31:22.352956+00:00,2026-07-08,CONSERVATIVE_T1,margin_sse,600629,True
2026-07-07,AGGREGATOR|research-node|akshare@1.18.97|stock_margin_detail_sse,2026-07-07,,2026-09-26T09:31:22.352956+00:00,2026-07-08,CONSERVATIVE_T1,margin_sse,600694,False
2026-07-07,AGGREGATOR|research-node|akshare@1.18.97|stock_margin_detail_sse,2026-07-07,,2026-09-26T09:31:22.352956+00:00,2026-07-08,CONSERVATIVE_T1,margin_sse,600826,False
2026-07-07,AGGREGATOR|research-node|akshare@1.18.97|stock_margin_detail_sse,2026-07-07,,2026-09-26T09:31:22.352956+00:00,2026-07-08,CONSERVATIVE_T1,margin_sse,600846,True
2026-07-07,AGGREGATOR|research-node|akshare@1.18.97|stock_margin_detail_sse,2026-07-07,,2026-09-26T09:31:22.352956+00:00,2026-07-08,CONSERVATIVE_T1,margin_sse,600928,False
2026-07-07,AGGREGATOR|research-node|akshare@1.18.97|stock_margin_detail_sse,2026-07-07,,2026-09-26T09:31:22.352956+00:00,2026-07-08,CONSERVATIVE_T1,margin_sse,600977,False
2026-07-07,AGGREGATOR|research-node|akshare@1.18.97|stock_margin_detail_sse,2026-07-07,,2026-09-26T09:31:22.352956+00:00,2026-07-08,CONSERVATIVE_T1,margin_sse,601098,False
2026-07-07,AGGREGATOR|research-node|akshare@1.18.97|stock_margin_detail_sse,2026-07-07,,2026-09-26T09:31:22.352956+00:00,2026-07-08,CONSERVATIVE_T1,margin_sse,601111,False
2026-07-07,AGGREGATOR|research-node|akshare@1.18.97|stock_margin_detail_sse,2026-07-07,,2026-09-26T09:31:22.352956+00:00,2026-07-08,CONSERVATIVE_T1,margin_sse,601298,False
2026-07-07,AGGREGATOR|research-node|akshare@1.18.97|stock_margin_detail_sse,2026-07-07,,2026-09-26T09:31:22.352956+00:00,2026-07-08,CONSERVATIVE_T1,margin_sse,601328,False
2026-07-07,AGGREGATOR|research-node|akshare@1.18.97|stock_margin_detail_sse,2026-07-07,,2026-09-26T09:31:22.352956+00:00,2026-07-08,CONSERVATIVE_T1,margin_sse,601869,False
2026-07-07,AGGREGATOR|research-node|akshare@1.18.97|stock_margin_detail_sse,2026-07-07,,2026-09-26T09:31:22.352956+00:00,2026-07-08,CONSERVATIVE_T1,margin_sse,601900,False
2026-07-07,AGGREGATOR|research-node|akshare@1.18.97|stock_margin_detail_sse,2026-07-07,,2026-09-26T09:31:22.352956+00:00,2026-07-08,CONSERVATIVE_T1,margin_sse,601985,False
2026-07-07,AGGREGATOR|research-node|akshare@1.18.97|stock_margin_detail_sse,2026-07-07,,2026-09-26T09:31:22.352956+00:00,2026-07-08,CONSERVATIVE_T1,margin_sse,601988,False
2026-07-07,AGGREGATOR|research-node|akshare@1.18.97|stock_margin_detail_sse,2026-07-07,,2026-09-26T09:31:22.352956+00:00,2026-07-08,CONSERVATIVE_T1,margin_sse,601992,False
2026-07-07,AGGREGATOR|research-node|akshare@1.18.97|stock_margin_detail_sse,2026-07-07,,2026-09-26T09:31:22.352956+00:00,2026-07-08,CONSERVATIVE_T1,margin_sse,603618,False
2026-07-07,AGGREGATOR|research-node|akshare@1.18.97|stock_margin_detail_sse,2026-07-07,,2026-09-26T09:31:22.352956+00:00,2026-07-08,CONSERVATIVE_T1,margin_sse,603667,True
2026-07-07,AGGREGATOR|research-node|akshare@1.18.97|stock_margin_detail_sse,2026-07-07,,2026-09-26T09:31:22.352956+00:00,2026-07-08,CONSERVATIVE_T1,margin_sse,603686,True
2026-07-07,AGGREGATOR|research-node|akshare@1.18.97|stock_margin_detail_sse,2026-07-07,,2026-09-26T09:31:22.352956+00:00,2026-07-08,CONSERVATIVE_T1,margin_sse,688088,False
2026-07-07,AGGREGATOR|research-node|akshare@1.18.97|stock_margin_detail_sse,2026-07-07,,2026-09-26T09:31:22.352956+00:00,2026-07-08,CONSERVATIVE_T1,margin_sse,688116,False
2026-07-07,AGGREGATOR|research-node|akshare@1.18.97|stock_margin_detail_sse,2026-07-07,,2026-09-26T09:31:22.352956+00:00,2026-07-08,CONSERVATIVE_T1,margin_sse,688218,False
2026-07-07,AGGREGATOR|research-node|akshare@1.18.97|stock_margin_detail_sse,2026-07-07,,2026-09-26T09:31:22.352956+00:00,2026-07-08,CONSERVATIVE_T1,margin_sse,688498,False
2026-07-07,AGGREGATOR|research-node|akshare@1.18.97|stock_margin_detail_sse,2026-07-07,,2026-09-26T09:31:22.352956+00:00,2026-07-08,CONSERVATIVE_T1,margin_sse,688521,False
2026-07-08,AGGREGATOR|research-node|akshare@1.18.97|stock_margin_detail_sse,2026-07-08,,2026-09-26T09:31:26.946694+00:00,2026-07-09,CONSERVATIVE_T1,margin_sse,600022,False
2026-07-08,AGGREGATOR|research-node|akshare@1.18.97|stock_margin_detail_sse,2026-07-08,,2026-09-26T09:31:26.946694+00:00,2026-07-09,CONSERVATIVE_T1,margin_sse,600113,False
2026-07-08,AGGREGATOR|research-node|akshare@1.18.97|stock_margin_detail_sse,2026-07-08,,2026-09-26T09:31:26.946694+00:00,2026-07-09,CONSERVATIVE_T1,margin_sse,600196,True
2026-07-08,AGGREGATOR|research-node|akshare@1.18.97|stock_margin_detail_sse,2026-07-08,,2026-09-26T09:31:26.946694+00:00,2026-07-09,CONSERVATIVE_T1,margin_sse,600269,False
2026-07-08,AGGREGATOR|research-node|akshare@1.18.97|stock_margin_detail_sse,2026-07-08,,2026-09-26T09:31:26.946694+00:00,2026-07-09,CONSERVATIVE_T1,margin_sse,600377,False
2026-07-08,AGGREGATOR|research-node|akshare@1.18.97|stock_margin_detail_sse,2026-07-08,,2026-09-26T09:31:26.946694+00:00,2026-07-09,CONSERVATIVE_T1,margin_sse,600459,False
2026-07-08,AGGREGATOR|research-node|akshare@1.18.97|stock_margin_detail_sse,2026-07-08,,2026-09-26T09:31:26.946694+00:00,2026-07-09,CONSERVATIVE_T1,margin_sse,600567,False
2026-07-08,AGGREGATOR|research-node|akshare@1.18.97|stock_margin_detail_sse,2026-07-08,,2026-09-26T09:31:26.946694+00:00,2026-07-09,CONSERVATIVE_T1,margin_sse,600598,False
2026-07-08,AGGREGATOR|research-node|akshare@1.18.97|stock_margin_detail_sse,2026-07-08,,2026-09-26T09:31:26.946694+00:00,2026-07-09,CONSERVATIVE_T1,margin_sse,600629,True
2026-07-08,AGGREGATOR|research-node|akshare@1.18.97|stock_margin_detail_sse,2026-07-08,,2026-09-26T09:31:26.946694+00:00,2026-07-09,CONSERVATIVE_T1,margin_sse,600694,False
2026-07-08,AGGREGATOR|research-node|akshare@1.18.97|stock_margin_detail_sse,2026-07-08,,2026-09-26T09:31:26.946694+00:00,2026-07-09,CONSERVATIVE_T1,margin_sse,600826,False
2026-07-08,AGGREGATOR|research-node|akshare@1.18.97|stock_margin_detail_sse,2026-07-08,,2026-09-26T09:31:26.946694+00:00,2026-07-09,CONSERVATIVE_T1,margin_sse,600846,True
2026-07-08,AGGREGATOR|research-node|akshare@1.18.97|stock_margin_detail_sse,2026-07-08,,2026-09-26T09:31:26.946694+00:00,2026-07-09,CONSERVATIVE_T1,margin_sse,600928,False
2026-07-08,AGGREGATOR|research-node|akshare@1.18.97|stock_margin_detail_sse,2026-07-08,,2026-09-26T09:31:26.946694+00:00,2026-07-09,CONSERVATIVE_T1,margin_sse,600977,False
2026-07-08,AGGREGATOR|research-node|akshare@1.18.97|stock_margin_detail_sse,2026-07-08,,2026-09-26T09:31:26.946694+00:00,2026-07-09,CONSERVATIVE_T1,margin_sse,601098,False
2026-07-08,AGGREGATOR|research-node|akshare@1.18.97|stock_margin_detail_sse,2026-07-08,,2026-09-26T09:31:26.946694+00:00,2026-07-09,CONSERVATIVE_T1,margin_sse,601111,False
2026-07-08,AGGREGATOR|research-node|akshare@1.18.97|stock_margin_detail_sse,2026-07-08,,2026-09-26T09:31:26.946694+00:00,2026-07-09,CONSERVATIVE_T1,margin_sse,601298,False
2026-07-08,AGGREGATOR|research-node|akshare@1.18.97|stock_margin_detail_sse,2026-07-08,,2026-09-26T09:31:26.946694+00:00,2026-07-09,CONSERVATIVE_T1,margin_sse,601328,False
2026-07-08,AGGREGATOR|research-node|akshare@1.18.97|stock_margin_detail_sse,2026-07-08,,2026-09-26T09:31:26.946694+00:00,2026-07-09,CONSERVATIVE_T1,margin_sse,601869,False
2026-07-08,AGGREGATOR|research-node|akshare@1.18.97|stock_margin_detail_sse,2026-07-08,,2026-09-26T09:31:26.946694+00:00,2026-07-09,CONSERVATIVE_T1,margin_sse,601900,False
2026-07-08,AGGREGATOR|research-node|akshare@1.18.97|stock_margin_detail_sse,2026-07-08,,2026-09-26T09:31:26.946694+00:00,2026-07-09,CONSERVATIVE_T1,margin_sse,601985,False
2026-07-08,AGGREGATOR|research-node|akshare@1.18.97|stock_margin_detail_sse,2026-07-08,,2026-09-26T09:31:26.946694+00:00,2026-07-09,CONSERVATIVE_T1,margin_sse,601988,False
2026-07-08,AGGREGATOR|research-node|akshare@1.18.97|stock_margin_detail_sse,2026-07-08,,2026-09-26T09:31:26.946694+00:00,2026-07-09,CONSERVATIVE_T1,margin_sse,601992,False
2026-07-08,AGGREGATOR|research-node|akshare@1.18.97|stock_margin_detail_sse,2026-07-08,,2026-09-26T09:31:26.946694+00:00,2026-07-09,CONSERVATIVE_T1,margin_sse,603618,False
2026-07-08,AGGREGATOR|research-node|akshare@1.18.97|stock_margin_detail_sse,2026-07-08,,2026-09-26T09:31:26.946694+00:00,2026-07-09,CONSERVATIVE_T1,margin_sse,603667,True
2026-07-08,AGGREGATOR|research-node|akshare@1.18.97|stock_margin_detail_sse,2026-07-08,,2026-09-26T09:31:26.946694+00:00,2026-07-09,CONSERVATIVE_T1,margin_sse,603686,True
2026-07-08,AGGREGATOR|research-node|akshare@1.18.97|stock_margin_detail_sse,2026-07-08,,2026-09-26T09:31:26.946694+00:00,2026-07-09,CONSERVATIVE_T1,margin_sse,688088,False
2026-07-08,AGGREGATOR|research-node|akshare@1.18.97|stock_margin_detail_sse,2026-07-08,,2026-09-26T09:31:26.946694+00:00,2026-07-09,CONSERVATIVE_T1,margin_sse,688116,False
2026-07-08,AGGREGATOR|research-node|akshare@1.18.97|stock_margin_detail_sse,2026-07-08,,2026-09-26T09:31:26.946694+00:00,2026-07-09,CONSERVATIVE_T1,margin_sse,688218,False
2026-07-08,AGGREGATOR|research-node|akshare@1.18.97|stock_margin_detail_sse,2026-07-08,,2026-09-26T09:31:26.946694+00:00,2026-07-09,CONSERVATIVE_T1,margin_sse,688498,False
2026-07-08,AGGREGATOR|research-node|akshare@1.18.97|stock_margin_detail_sse,2026-07-08,,2026-09-26T09:31:26.946694+00:00,2026-07-09,CONSERVATIVE_T1,margin_sse,688521,False
2026-07-09,AGGREGATOR|research-node|akshare@1.18.97|stock_margin_detail_sse,2026-07-09,,2026-09-26T09:31:31.528234+00:00,2026-07-10,CONSERVATIVE_T1,margin_sse,600022,False
2026-07-09,AGGREGATOR|research-node|akshare@1.18.97|stock_margin_detail_sse,2026-07-09,,2026-09-26T09:31:31.528234+00:00,2026-07-10,CONSERVATIVE_T1,margin_sse,600113,False
2026-07-09,AGGREGATOR|research-node|akshare@1.18.97|stock_margin_detail_sse,2026-07-09,,2026-09-26T09:31:31.528234+00:00,2026-07-10,CONSERVATIVE_T1,margin_sse,600196,True
2026-07-09,AGGREGATOR|research-node|akshare@1.18.97|stock_margin_detail_sse,2026-07-09,,2026-09-26T09:31:31.528234+00:00,2026-07-10,CONSERVATIVE_T1,margin_sse,600269,False
2026-07-09,AGGREGATOR|research-node|akshare@1.18.97|stock_margin_detail_sse,2026-07-09,,2026-09-26T09:31:31.528234+00:00,2026-07-10,CONSERVATIVE_T1,margin_sse,600377,False
2026-07-09,AGGREGATOR|research-node|akshare@1.18.97|stock_margin_detail_sse,2026-07-09,,2026-09-26T09:31:31.528234+00:00,2026-07-10,CONSERVATIVE_T1,margin_sse,600459,False
2026-07-09,AGGREGATOR|research-node|akshare@1.18.97|stock_margin_detail_sse,2026-07-09,,2026-09-26T09:31:31.528234+00:00,2026-07-10,CONSERVATIVE_T1,margin_sse,600567,False
2026-07-09,AGGREGATOR|research-node|akshare@1.18.97|stock_margin_detail_sse,2026-07-09,,2026-09-26T09:31:31.528234+00:00,2026-07-10,CONSERVATIVE_T1,margin_sse,600598,False
2026-07-09,AGGREGATOR|research-node|akshare@1.18.97|stock_margin_detail_sse,2026-07-09,,2026-09-26T09:31:31.528234+00:00,2026-07-10,CONSERVATIVE_T1,margin_sse,600629,True
2026-07-09,AGGREGATOR|research-node|akshare@1.18.97|stock_margin_detail_sse,2026-07-09,,2026-09-26T09:31:31.528234+00:00,2026-07-10,CONSERVATIVE_T1,margin_sse,600694,False
2026-07-09,AGGREGATOR|research-node|akshare@1.18.97|stock_margin_detail_sse,2026-07-09,,2026-09-26T09:31:31.528234+00:00,2026-07-10,CONSERVATIVE_T1,margin_sse,600826,False
2026-07-09,AGGREGATOR|research-node|akshare@1.18.97|stock_margin_detail_sse,2026-07-09,,2026-09-26T09:31:31.528234+00:00,2026-07-10,CONSERVATIVE_T1,margin_sse,600846,True
2026-07-09,AGGREGATOR|research-node|akshare@1.18.97|stock_margin_detail_sse,2026-07-09,,2026-09-26T09:31:31.528234+00:00,2026-07-10,CONSERVATIVE_T1,margin_sse,600928,False
2026-07-09,AGGREGATOR|research-node|akshare@1.18.97|stock_margin_detail_sse,2026-07-09,,2026-09-26T09:31:31.528234+00:00,2026-07-10,CONSERVATIVE_T1,margin_sse,600977,False
2026-07-09,AGGREGATOR|research-node|akshare@1.18.97|stock_margin_detail_sse,2026-07-09,,2026-09-26T09:31:31.528234+00:00,2026-07-10,CONSERVATIVE_T1,margin_sse,601098,False
2026-07-09,AGGREGATOR|research-node|akshare@1.18.97|stock_margin_detail_sse,2026-07-09,,2026-09-26T09:31:31.528234+00:00,2026-07-10,CONSERVATIVE_T1,margin_sse,601111,False
2026-07-09,AGGREGATOR|research-node|akshare@1.18.97|stock_margin_detail_sse,2026-07-09,,2026-09-26T09:31:31.528234+00:00,2026-07-10,CONSERVATIVE_T1,margin_sse,601298,False
2026-07-09,AGGREGATOR|research-node|akshare@1.18.97|stock_margin_detail_sse,2026-07-09,,2026-09-26T09:31:31.528234+00:00,2026-07-10,CONSERVATIVE_T1,margin_sse,601328,False
2026-07-09,AGGREGATOR|research-node|akshare@1.18.97|stock_margin_detail_sse,2026-07-09,,2026-09-26T09:31:31.528234+00:00,2026-07-10,CONSERVATIVE_T1,margin_sse,601869,False
2026-07-09,AGGREGATOR|research-node|akshare@1.18.97|stock_margin_detail_sse,2026-07-09,,2026-09-26T09:31:31.528234+00:00,2026-07-10,CONSERVATIVE_T1,margin_sse,601900,False
2026-07-09,AGGREGATOR|research-node|akshare@1.18.97|stock_margin_detail_sse,2026-07-09,,2026-09-26T09:31:31.528234+00:00,2026-07-10,CONSERVATIVE_T1,margin_sse,601985,False
2026-07-09,AGGREGATOR|research-node|akshare@1.18.97|stock_margin_detail_sse,2026-07-09,,2026-09-26T09:31:31.528234+00:00,2026-07-10,CONSERVATIVE_T1,margin_sse,601988,False
2026-07-09,AGGREGATOR|research-node|akshare@1.18.97|stock_margin_detail_sse,2026-07-09,,2026-09-26T09:31:31.528234+00:00,2026-07-10,CONSERVATIVE_T1,margin_sse,601992,False
2026-07-09,AGGREGATOR|research-node|akshare@1.18.97|stock_margin_detail_sse,2026-07-09,,2026-09-26T09:31:31.528234+00:00,2026-07-10,CONSERVATIVE_T1,margin_sse,603618,False
2026-07-09,AGGREGATOR|research-node|akshare@1.18.97|stock_margin_detail_sse,2026-07-09,,2026-09-26T09:31:31.528234+00:00,2026-07-10,CONSERVATIVE_T1,margin_sse,603667,True
2026-07-09,AGGREGATOR|research-node|akshare@1.18.97|stock_margin_detail_sse,2026-07-09,,2026-09-26T09:31:31.528234+00:00,2026-07-10,CONSERVATIVE_T1,margin_sse,603686,True
2026-07-09,AGGREGATOR|research-node|akshare@1.18.97|stock_margin_detail_sse,2026-07-09,,2026-09-26T09:31:31.528234+00:00,2026-07-10,CONSERVATIVE_T1,margin_sse,688088,False
2026-07-09,AGGREGATOR|research-node|akshare@1.18.97|stock_margin_detail_sse,2026-07-09,,2026-09-26T09:31:31.528234+00:00,2026-07-10,CONSERVATIVE_T1,margin_sse,688116,False
2026-07-09,AGGREGATOR|research-node|akshare@1.18.97|stock_margin_detail_sse,2026-07-09,,2026-09-26T09:31:31.528234+00:00,2026-07-10,CONSERVATIVE_T1,margin_sse,688218,False
2026-07-09,AGGREGATOR|research-node|akshare@1.18.97|stock_margin_detail_sse,2026-07-09,,2026-09-26T09:31:31.528234+00:00,2026-07-10,CONSERVATIVE_T1,margin_sse,688498,False
2026-07-09,AGGREGATOR|research-node|akshare@1.18.97|stock_margin_detail_sse,2026-07-09,,2026-09-26T09:31:31.528234+00:00,2026-07-10,CONSERVATIVE_T1,margin_sse,688521,False
2026-07-10,AGGREGATOR|research-node|akshare@1.18.97|stock_margin_detail_sse,2026-07-10,,2026-09-26T09:31:36.056703+00:00,2026-07-13,CONSERVATIVE_T1,margin_sse,600022,False
2026-07-10,AGGREGATOR|research-node|akshare@1.18.97|stock_margin_detail_sse,2026-07-10,,2026-09-26T09:31:36.056703+00:00,2026-07-13,CONSERVATIVE_T1,margin_sse,600113,False
2026-07-10,AGGREGATOR|research-node|akshare@1.18.97|stock_margin_detail_sse,2026-07-10,,2026-09-26T09:31:36.056703+00:00,2026-07-13,CONSERVATIVE_T1,margin_sse,600196,True
2026-07-10,AGGREGATOR|research-node|akshare@1.18.97|stock_margin_detail_sse,2026-07-10,,2026-09-26T09:31:36.056703+00:00,2026-07-13,CONSERVATIVE_T1,margin_sse,600269,False
2026-07-10,AGGREGATOR|research-node|akshare@1.18.97|stock_margin_detail_sse,2026-07-10,,2026-09-26T09:31:36.056703+00:00,2026-07-13,CONSERVATIVE_T1,margin_sse,600377,False
2026-07-10,AGGREGATOR|research-node|akshare@1.18.97|stock_margin_detail_sse,2026-07-10,,2026-09-26T09:31:36.056703+00:00,2026-07-13,CONSERVATIVE_T1,margin_sse,600459,False
2026-07-10,AGGREGATOR|research-node|akshare@1.18.97|stock_margin_detail_sse,2026-07-10,,2026-09-26T09:31:36.056703+00:00,2026-07-13,CONSERVATIVE_T1,margin_sse,600567,False
2026-07-10,AGGREGATOR|research-node|akshare@1.18.97|stock_margin_detail_sse,2026-07-10,,2026-09-26T09:31:36.056703+00:00,2026-07-13,CONSERVATIVE_T1,margin_sse,600598,False
2026-07-10,AGGREGATOR|research-node|akshare@1.18.97|stock_margin_detail_sse,2026-07-10,,2026-09-26T09:31:36.056703+00:00,2026-07-13,CONSERVATIVE_T1,margin_sse,600629,True
2026-07-10,AGGREGATOR|research-node|akshare@1.18.97|stock_margin_detail_sse,2026-07-10,,2026-09-26T09:31:36.056703+00:00,2026-07-13,CONSERVATIVE_T1,margin_sse,600694,False
2026-07-10,AGGREGATOR|research-node|akshare@1.18.97|stock_margin_detail_sse,2026-07-10,,2026-09-26T09:31:36.056703+00:00,2026-07-13,CONSERVATIVE_T1,margin_sse,600826,False
2026-07-10,AGGREGATOR|research-node|akshare@1.18.97|stock_margin_detail_sse,2026-07-10,,2026-09-26T09:31:36.056703+00:00,2026-07-13,CONSERVATIVE_T1,margin_sse,600846,True
2026-07-10,AGGREGATOR|research-node|akshare@1.18.97|stock_margin_detail_sse,2026-07-10,,2026-09-26T09:31:36.056703+00:00,2026-07-13,CONSERVATIVE_T1,margin_sse,600928,False
2026-07-10,AGGREGATOR|research-node|akshare@1.18.97|stock_margin_detail_sse,2026-07-10,,2026-09-26T09:31:36.056703+00:00,2026-07-13,CONSERVATIVE_T1,margin_sse,600977,False
2026-07-10,AGGREGATOR|research-node|akshare@1.18.97|stock_margin_detail_sse,2026-07-10,,2026-09-26T09:31:36.056703+00:00,2026-07-13,CONSERVATIVE_T1,margin_sse,601098,False
2026-07-10,AGGREGATOR|research-node|akshare@1.18.97|stock_margin_detail_sse,2026-07-10,,2026-09-26T09:31:36.056703+00:00,2026-07-13,CONSERVATIVE_T1,margin_sse,601111,False
2026-07-10,AGGREGATOR|research-node|akshare@1.18.97|stock_margin_detail_sse,2026-07-10,,2026-09-26T09:31:36.056703+00:00,2026-07-13,CONSERVATIVE_T1,margin_sse,601298,False
2026-07-10,AGGREGATOR|research-node|akshare@1.18.97|stock_margin_detail_sse,2026-07-10,,2026-09-26T09:31:36.056703+00:00,2026-07-13,CONSERVATIVE_T1,margin_sse,601328,False
2026-07-10,AGGREGATOR|research-node|akshare@1.18.97|stock_margin_detail_sse,2026-07-10,,2026-09-26T09:31:36.056703+00:00,2026-07-13,CONSERVATIVE_T1,margin_sse,601869,False
2026-07-10,AGGREGATOR|research-node|akshare@1.18.97|stock_margin_detail_sse,2026-07-10,,2026-09-26T09:31:36.056703+00:00,2026-07-13,CONSERVATIVE_T1,margin_sse,601900,False
2026-07-10,AGGREGATOR|research-node|akshare@1.18.97|stock_margin_detail_sse,2026-07-10,,2026-09-26T09:31:36.056703+00:00,2026-07-13,CONSERVATIVE_T1,margin_sse,601985,False
2026-07-10,AGGREGATOR|research-node|akshare@1.18.97|stock_margin_detail_sse,2026-07-10,,2026-09-26T09:31:36.056703+00:00,2026-07-13,CONSERVATIVE_T1,margin_sse,601988,False
2026-07-10,AGGREGATOR|research-node|akshare@1.18.97|stock_margin_detail_sse,2026-07-10,,2026-09-26T09:31:36.056703+00:00,2026-07-13,CONSERVATIVE_T1,margin_sse,601992,False
2026-07-10,AGGREGATOR|research-node|akshare@1.18.97|stock_margin_detail_sse,2026-07-10,,2026-09-26T09:31:36.056703+00:00,2026-07-13,CONSERVATIVE_T1,margin_sse,603618,False
2026-07-10,AGGREGATOR|research-node|akshare@1.18.97|stock_margin_detail_sse,2026-07-10,,2026-09-26T09:31:36.056703+00:00,2026-07-13,CONSERVATIVE_T1,margin_sse,603667,True
2026-07-10,AGGREGATOR|research-node|akshare@1.18.97|stock_margin_detail_sse,2026-07-10,,2026-09-26T09:31:36.056703+00:00,2026-07-13,CONSERVATIVE_T1,margin_sse,603686,True
2026-07-10,AGGREGATOR|research-node|akshare@1.18.97|stock_margin_detail_sse,2026-07-10,,2026-09-26T09:31:36.056703+00:00,2026-07-13,CONSERVATIVE_T1,margin_sse,688088,False
2026-07-10,AGGREGATOR|research-node|akshare@1.18.97|stock_margin_detail_sse,2026-07-10,,2026-09-26T09:31:36.056703+00:00,2026-07-13,CONSERVATIVE_T1,margin_sse,688116,False
2026-07-10,AGGREGATOR|research-node|akshare@1.18.97|stock_margin_detail_sse,2026-07-10,,2026-09-26T09:31:36.056703+00:00,2026-07-13,CONSERVATIVE_T1,margin_sse,688218,False
2026-07-10,AGGREGATOR|research-node|akshare@1.18.97|stock_margin_detail_sse,2026-07-10,,2026-09-26T09:31:36.056703+00:00,2026-07-13,CONSERVATIVE_T1,margin_sse,688498,False
2026-07-10,AGGREGATOR|research-node|akshare@1.18.97|stock_margin_detail_sse,2026-07-10,,2026-09-26T09:31:36.056703+00:00,2026-07-13,CONSERVATIVE_T1,margin_sse,688521,False
2026-07-13,AGGREGATOR|research-node|akshare@1.18.97|stock_margin_detail_sse,2026-07-13,,2026-09-26T09:31:40.553172+00:00,2026-07-14,CONSERVATIVE_T1,margin_sse,600022,False
2026-07-13,AGGREGATOR|research-node|akshare@1.18.97|stock_margin_detail_sse,2026-07-13,,2026-09-26T09:31:40.553172+00:00,2026-07-14,CONSERVATIVE_T1,margin_sse,600113,False
2026-07-13,AGGREGATOR|research-node|akshare@1.18.97|stock_margin_detail_sse,2026-07-13,,2026-09-26T09:31:40.553172+00:00,2026-07-14,CONSERVATIVE_T1,margin_sse,600196,True
2026-07-13,AGGREGATOR|research-node|akshare@1.18.97|stock_margin_detail_sse,2026-07-13,,2026-09-26T09:31:40.553172+00:00,2026-07-14,CONSERVATIVE_T1,margin_sse,600269,False
2026-07-13,AGGREGATOR|research-node|akshare@1.18.97|stock_margin_detail_sse,2026-07-13,,2026-09-26T09:31:40.553172+00:00,2026-07-14,CONSERVATIVE_T1,margin_sse,600377,False
2026-07-13,AGGREGATOR|research-node|akshare@1.18.97|stock_margin_detail_sse,2026-07-13,,2026-09-26T09:31:40.553172+00:00,2026-07-14,CONSERVATIVE_T1,margin_sse,600459,False
2026-07-13,AGGREGATOR|research-node|akshare@1.18.97|stock_margin_detail_sse,2026-07-13,,2026-09-26T09:31:40.553172+00:00,2026-07-14,CONSERVATIVE_T1,margin_sse,600567,False
2026-07-13,AGGREGATOR|research-node|akshare@1.18.97|stock_margin_detail_sse,2026-07-13,,2026-09-26T09:31:40.553172+00:00,2026-07-14,CONSERVATIVE_T1,margin_sse,600598,False
2026-07-13,AGGREGATOR|research-node|akshare@1.18.97|stock_margin_detail_sse,2026-07-13,,2026-09-26T09:31:40.553172+00:00,2026-07-14,CONSERVATIVE_T1,margin_sse,600629,True
2026-07-13,AGGREGATOR|research-node|akshare@1.18.97|stock_margin_detail_sse,2026-07-13,,2026-09-26T09:31:40.553172+00:00,2026-07-14,CONSERVATIVE_T1,margin_sse,600694,False
2026-07-13,AGGREGATOR|research-node|akshare@1.18.97|stock_margin_detail_sse,2026-07-13,,2026-09-26T09:31:40.553172+00:00,2026-07-14,CONSERVATIVE_T1,margin_sse,600826,False
2026-07-13,AGGREGATOR|research-node|akshare@1.18.97|stock_margin_detail_sse,2026-07-13,,2026-09-26T09:31:40.553172+00:00,2026-07-14,CONSERVATIVE_T1,margin_sse,600846,True
2026-07-13,AGGREGATOR|research-node|akshare@1.18.97|stock_margin_detail_sse,2026-07-13,,2026-09-26T09:31:40.553172+00:00,2026-07-14,CONSERVATIVE_T1,margin_sse,600928,False
2026-07-13,AGGREGATOR|research-node|akshare@1.18.97|stock_margin_detail_sse,2026-07-13,,2026-09-26T09:31:40.553172+00:00,2026-07-14,CONSERVATIVE_T1,margin_sse,600977,False
2026-07-13,AGGREGATOR|research-node|akshare@1.18.97|stock_margin_detail_sse,2026-07-13,,2026-09-26T09:31:40.553172+00:00,2026-07-14,CONSERVATIVE_T1,margin_sse,601098,False
2026-07-13,AGGREGATOR|research-node|akshare@1.18.97|stock_margin_detail_sse,2026-07-13,,2026-09-26T09:31:40.553172+00:00,2026-07-14,CONSERVATIVE_T1,margin_sse,601111,False
2026-07-13,AGGREGATOR|research-node|akshare@1.18.97|stock_margin_detail_sse,2026-07-13,,2026-09-26T09:31:40.553172+00:00,2026-07-14,CONSERVATIVE_T1,margin_sse,601298,False
2026-07-13,AGGREGATOR|research-node|akshare@1.18.97|stock_margin_detail_sse,2026-07-13,,2026-09-26T09:31:40.553172+00:00,2026-07-14,CONSERVATIVE_T1,margin_sse,601328,False
2026-07-13,AGGREGATOR|research-node|akshare@1.18.97|stock_margin_detail_sse,2026-07-13,,2026-09-26T09:31:40.553172+00:00,2026-07-14,CONSERVATIVE_T1,margin_sse,601869,False
2026-07-13,AGGREGATOR|research-node|akshare@1.18.97|stock_margin_detail_sse,2026-07-13,,2026-09-26T09:31:40.553172+00:00,2026-07-14,CONSERVATIVE_T1,margin_sse,601900,False
2026-07-13,AGGREGATOR|research-node|akshare@1.18.97|stock_margin_detail_sse,2026-07-13,,2026-09-26T09:31:40.553172+00:00,2026-07-14,CONSERVATIVE_T1,margin_sse,601963,False
2026-07-13,AGGREGATOR|research-node|akshare@1.18.97|stock_margin_detail_sse,2026-07-13,,2026-09-26T09:31:40.553172+00:00,2026-07-14,CONSERVATIVE_T1,margin_sse,601985,False
2026-07-13,AGGREGATOR|research-node|akshare@1.18.97|stock_margin_detail_sse,2026-07-13,,2026-09-26T09:31:40.553172+00:00,2026-07-14,CONSERVATIVE_T1,margin_sse,601988,False
2026-07-13,AGGREGATOR|research-node|akshare@1.18.97|stock_margin_detail_sse,2026-07-13,,2026-09-26T09:31:40.553172+00:00,2026-07-14,CONSERVATIVE_T1,margin_sse,601992,False
2026-07-13,AGGREGATOR|research-node|akshare@1.18.97|stock_margin_detail_sse,2026-07-13,,2026-09-26T09:31:40.553172+00:00,2026-07-14,CONSERVATIVE_T1,margin_sse,603618,False
2026-07-13,AGGREGATOR|research-node|akshare@1.18.97|stock_margin_detail_sse,2026-07-13,,2026-09-26T09:31:40.553172+00:00,2026-07-14,CONSERVATIVE_T1,margin_sse,603667,True
2026-07-13,AGGREGATOR|research-node|akshare@1.18.97|stock_margin_detail_sse,2026-07-13,,2026-09-26T09:31:40.553172+00:00,2026-07-14,CONSERVATIVE_T1,margin_sse,603686,True
2026-07-13,AGGREGATOR|research-node|akshare@1.18.97|stock_margin_detail_sse,2026-07-13,,2026-09-26T09:31:40.553172+00:00,2026-07-14,CONSERVATIVE_T1,margin_sse,688088,False
2026-07-13,AGGREGATOR|research-node|akshare@1.18.97|stock_margin_detail_sse,2026-07-13,,2026-09-26T09:31:40.553172+00:00,2026-07-14,CONSERVATIVE_T1,margin_sse,688116,False
2026-07-13,AGGREGATOR|research-node|akshare@1.18.97|stock_margin_detail_sse,2026-07-13,,2026-09-26T09:31:40.553172+00:00,2026-07-14,CONSERVATIVE_T1,margin_sse,688218,False
2026-07-13,AGGREGATOR|research-node|akshare@1.18.97|stock_margin_detail_sse,2026-07-13,,2026-09-26T09:31:40.553172+00:00,2026-07-14,CONSERVATIVE_T1,margin_sse,688498,False
2026-07-13,AGGREGATOR|research-node|akshare@1.18.97|stock_margin_detail_sse,2026-07-13,,2026-09-26T09:31:40.553172+00:00,2026-07-14,CONSERVATIVE_T1,margin_sse,688521,False
2026-07-14,AGGREGATOR|research-node|akshare@1.18.97|stock_margin_detail_sse,2026-07-14,,2026-09-26T09:31:45.074516+00:00,2026-07-15,CONSERVATIVE_T1,margin_sse,600022,False
2026-07-14,AGGREGATOR|research-node|akshare@1.18.97|stock_margin_detail_sse,2026-07-14,,2026-09-26T09:31:45.074516+00:00,2026-07-15,CONSERVATIVE_T1,margin_sse,600113,False
2026-07-14,AGGREGATOR|research-node|akshare@1.18.97|stock_margin_detail_sse,2026-07-14,,2026-09-26T09:31:45.074516+00:00,2026-07-15,CONSERVATIVE_T1,margin_sse,600196,True
2026-07-14,AGGREGATOR|research-node|akshare@1.18.97|stock_margin_detail_sse,2026-07-14,,2026-09-26T09:31:45.074516+00:00,2026-07-15,CONSERVATIVE_T1,margin_sse,600269,False
2026-07-14,AGGREGATOR|research-node|akshare@1.18.97|stock_margin_detail_sse,2026-07-14,,2026-09-26T09:31:45.074516+00:00,2026-07-15,CONSERVATIVE_T1,margin_sse,600377,False
2026-07-14,AGGREGATOR|research-node|akshare@1.18.97|stock_margin_detail_sse,2026-07-14,,2026-09-26T09:31:45.074516+00:00,2026-07-15,CONSERVATIVE_T1,margin_sse,600459,False
2026-07-14,AGGREGATOR|research-node|akshare@1.18.97|stock_margin_detail_sse,2026-07-14,,2026-09-26T09:31:45.074516+00:00,2026-07-15,CONSERVATIVE_T1,margin_sse,600567,False
2026-07-14,AGGREGATOR|research-node|akshare@1.18.97|stock_margin_detail_sse,2026-07-14,,2026-09-26T09:31:45.074516+00:00,2026-07-15,CONSERVATIVE_T1,margin_sse,600598,False
2026-07-14,AGGREGATOR|research-node|akshare@1.18.97|stock_margin_detail_sse,2026-07-14,,2026-09-26T09:31:45.074516+00:00,2026-07-15,CONSERVATIVE_T1,margin_sse,600629,True
2026-07-14,AGGREGATOR|research-node|akshare@1.18.97|stock_margin_detail_sse,2026-07-14,,2026-09-26T09:31:45.074516+00:00,2026-07-15,CONSERVATIVE_T1,margin_sse,600694,False
2026-07-14,AGGREGATOR|research-node|akshare@1.18.97|stock_margin_detail_sse,2026-07-14,,2026-09-26T09:31:45.074516+00:00,2026-07-15,CONSERVATIVE_T1,margin_sse,600826,False
2026-07-14,AGGREGATOR|research-node|akshare@1.18.97|stock_margin_detail_sse,2026-07-14,,2026-09-26T09:31:45.074516+00:00,2026-07-15,CONSERVATIVE_T1,margin_sse,600846,True
2026-07-14,AGGREGATOR|research-node|akshare@1.18.97|stock_margin_detail_sse,2026-07-14,,2026-09-26T09:31:45.074516+00:00,2026-07-15,CONSERVATIVE_T1,margin_sse,600928,False
2026-07-14,AGGREGATOR|research-node|akshare@1.18.97|stock_margin_detail_sse,2026-07-14,,2026-09-26T09:31:45.074516+00:00,2026-07-15,CONSERVATIVE_T1,margin_sse,600977,False
2026-07-14,AGGREGATOR|research-node|akshare@1.18.97|stock_margin_detail_sse,2026-07-14,,2026-09-26T09:31:45.074516+00:00,2026-07-15,CONSERVATIVE_T1,margin_sse,601098,False
2026-07-14,AGGREGATOR|research-node|akshare@1.18.97|stock_margin_detail_sse,2026-07-14,,2026-09-26T09:31:45.074516+00:00,2026-07-15,CONSERVATIVE_T1,margin_sse,601111,False
2026-07-14,AGGREGATOR|research-node|akshare@1.18.97|stock_margin_detail_sse,2026-07-14,,2026-09-26T09:31:45.074516+00:00,2026-07-15,CONSERVATIVE_T1,margin_sse,601298,False
2026-07-14,AGGREGATOR|research-node|akshare@1.18.97|stock_margin_detail_sse,2026-07-14,,2026-09-26T09:31:45.074516+00:00,2026-07-15,CONSERVATIVE_T1,margin_sse,601328,False
2026-07-14,AGGREGATOR|research-node|akshare@1.18.97|stock_margin_detail_sse,2026-07-14,,2026-09-26T09:31:45.074516+00:00,2026-07-15,CONSERVATIVE_T1,margin_sse,601869,False
2026-07-14,AGGREGATOR|research-node|akshare@1.18.97|stock_margin_detail_sse,2026-07-14,,2026-09-26T09:31:45.074516+00:00,2026-07-15,CONSERVATIVE_T1,margin_sse,601900,False
2026-07-14,AGGREGATOR|research-node|akshare@1.18.97|stock_margin_detail_sse,2026-07-14,,2026-09-26T09:31:45.074516+00:00,2026-07-15,CONSERVATIVE_T1,margin_sse,601963,False
2026-07-14,AGGREGATOR|research-node|akshare@1.18.97|stock_margin_detail_sse,2026-07-14,,2026-09-26T09:31:45.074516+00:00,2026-07-15,CONSERVATIVE_T1,margin_sse,601985,False
2026-07-14,AGGREGATOR|research-node|akshare@1.18.97|stock_margin_detail_sse,2026-07-14,,2026-09-26T09:31:45.074516+00:00,2026-07-15,CONSERVATIVE_T1,margin_sse,601988,False
2026-07-14,AGGREGATOR|research-node|akshare@1.18.97|stock_margin_detail_sse,2026-07-14,,2026-09-26T09:31:45.074516+00:00,2026-07-15,CONSERVATIVE_T1,margin_sse,601992,False
2026-07-14,AGGREGATOR|research-node|akshare@1.18.97|stock_margin_detail_sse,2026-07-14,,2026-09-26T09:31:45.074516+00:00,2026-07-15,CONSERVATIVE_T1,margin_sse,603618,False
2026-07-14,AGGREGATOR|research-node|akshare@1.18.97|stock_margin_detail_sse,2026-07-14,,2026-09-26T09:31:45.074516+00:00,2026-07-15,CONSERVATIVE_T1,margin_sse,603667,True
2026-07-14,AGGREGATOR|research-node|akshare@1.18.97|stock_margin_detail_sse,2026-07-14,,2026-09-26T09:31:45.074516+00:00,2026-07-15,CONSERVATIVE_T1,margin_sse,603686,True
2026-07-14,AGGREGATOR|research-node|akshare@1.18.97|stock_margin_detail_sse,2026-07-14,,2026-09-26T09:31:45.074516+00:00,2026-07-15,CONSERVATIVE_T1,margin_sse,688088,False
2026-07-14,AGGREGATOR|research-node|akshare@1.18.97|stock_margin_detail_sse,2026-07-14,,2026-09-26T09:31:45.074516+00:00,2026-07-15,CONSERVATIVE_T1,margin_sse,688116,False
2026-07-14,AGGREGATOR|research-node|akshare@1.18.97|stock_margin_detail_sse,2026-07-14,,2026-09-26T09:31:45.074516+00:00,2026-07-15,CONSERVATIVE_T1,margin_sse,688218,False
2026-07-14,AGGREGATOR|research-node|akshare@1.18.97|stock_margin_detail_sse,2026-07-14,,2026-09-26T09:31:45.074516+00:00,2026-07-15,CONSERVATIVE_T1,margin_sse,688498,False
2026-07-14,AGGREGATOR|research-node|akshare@1.18.97|stock_margin_detail_sse,2026-07-14,,2026-09-26T09:31:45.074516+00:00,2026-07-15,CONSERVATIVE_T1,margin_sse,688521,False
2026-07-15,AGGREGATOR|research-node|akshare@1.18.97|stock_margin_detail_sse,2026-07-15,,2026-09-26T09:31:49.534205+00:00,2026-07-16,CONSERVATIVE_T1,margin_sse,600022,False
2026-07-15,AGGREGATOR|research-node|akshare@1.18.97|stock_margin_detail_sse,2026-07-15,,2026-09-26T09:31:49.534205+00:00,2026-07-16,CONSERVATIVE_T1,margin_sse,600113,False
2026-07-15,AGGREGATOR|research-node|akshare@1.18.97|stock_margin_detail_sse,2026-07-15,,2026-09-26T09:31:49.534205+00:00,2026-07-16,CONSERVATIVE_T1,margin_sse,600196,True
2026-07-15,AGGREGATOR|research-node|akshare@1.18.97|stock_margin_detail_sse,2026-07-15,,2026-09-26T09:31:49.534205+00:00,2026-07-16,CONSERVATIVE_T1,margin_sse,600269,False
2026-07-15,AGGREGATOR|research-node|akshare@1.18.97|stock_margin_detail_sse,2026-07-15,,2026-09-26T09:31:49.534205+00:00,2026-07-16,CONSERVATIVE_T1,margin_sse,600377,False
2026-07-15,AGGREGATOR|research-node|akshare@1.18.97|stock_margin_detail_sse,2026-07-15,,2026-09-26T09:31:49.534205+00:00,2026-07-16,CONSERVATIVE_T1,margin_sse,600459,False
2026-07-15,AGGREGATOR|research-node|akshare@1.18.97|stock_margin_detail_sse,2026-07-15,,2026-09-26T09:31:49.534205+00:00,2026-07-16,CONSERVATIVE_T1,margin_sse,600567,False
2026-07-15,AGGREGATOR|research-node|akshare@1.18.97|stock_margin_detail_sse,2026-07-15,,2026-09-26T09:31:49.534205+00:00,2026-07-16,CONSERVATIVE_T1,margin_sse,600598,False
2026-07-15,AGGREGATOR|research-node|akshare@1.18.97|stock_margin_detail_sse,2026-07-15,,2026-09-26T09:31:49.534205+00:00,2026-07-16,CONSERVATIVE_T1,margin_sse,600629,True
2026-07-15,AGGREGATOR|research-node|akshare@1.18.97|stock_margin_detail_sse,2026-07-15,,2026-09-26T09:31:49.534205+00:00,2026-07-16,CONSERVATIVE_T1,margin_sse,600694,False
2026-07-15,AGGREGATOR|research-node|akshare@1.18.97|stock_margin_detail_sse,2026-07-15,,2026-09-26T09:31:49.534205+00:00,2026-07-16,CONSERVATIVE_T1,margin_sse,600826,False
2026-07-15,AGGREGATOR|research-node|akshare@1.18.97|stock_margin_detail_sse,2026-07-15,,2026-09-26T09:31:49.534205+00:00,2026-07-16,CONSERVATIVE_T1,margin_sse,600846,True
2026-07-15,AGGREGATOR|research-node|akshare@1.18.97|stock_margin_detail_sse,2026-07-15,,2026-09-26T09:31:49.534205+00:00,2026-07-16,CONSERVATIVE_T1,margin_sse,600928,False
2026-07-15,AGGREGATOR|research-node|akshare@1.18.97|stock_margin_detail_sse,2026-07-15,,2026-09-26T09:31:49.534205+00:00,2026-07-16,CONSERVATIVE_T1,margin_sse,600977,False
2026-07-15,AGGREGATOR|research-node|akshare@1.18.97|stock_margin_detail_sse,2026-07-15,,2026-09-26T09:31:49.534205+00:00,2026-07-16,CONSERVATIVE_T1,margin_sse,601098,False
2026-07-15,AGGREGATOR|research-node|akshare@1.18.97|stock_margin_detail_sse,2026-07-15,,2026-09-26T09:31:49.534205+00:00,2026-07-16,CONSERVATIVE_T1,margin_sse,601111,False
2026-07-15,AGGREGATOR|research-node|akshare@1.18.97|stock_margin_detail_sse,2026-07-15,,2026-09-26T09:31:49.534205+00:00,2026-07-16,CONSERVATIVE_T1,margin_sse,601298,False
2026-07-15,AGGREGATOR|research-node|akshare@1.18.97|stock_margin_detail_sse,2026-07-15,,2026-09-26T09:31:49.534205+00:00,2026-07-16,CONSERVATIVE_T1,margin_sse,601328,False
2026-07-15,AGGREGATOR|research-node|akshare@1.18.97|stock_margin_detail_sse,2026-07-15,,2026-09-26T09:31:49.534205+00:00,2026-07-16,CONSERVATIVE_T1,margin_sse,601869,False
2026-07-15,AGGREGATOR|research-node|akshare@1.18.97|stock_margin_detail_sse,2026-07-15,,2026-09-26T09:31:49.534205+00:00,2026-07-16,CONSERVATIVE_T1,margin_sse,601900,False
2026-07-15,AGGREGATOR|research-node|akshare@1.18.97|stock_margin_detail_sse,2026-07-15,,2026-09-26T09:31:49.534205+00:00,2026-07-16,CONSERVATIVE_T1,margin_sse,601963,False
2026-07-15,AGGREGATOR|research-node|akshare@1.18.97|stock_margin_detail_sse,2026-07-15,,2026-09-26T09:31:49.534205+00:00,2026-07-16,CONSERVATIVE_T1,margin_sse,601985,False
2026-07-15,AGGREGATOR|research-node|akshare@1.18.97|stock_margin_detail_sse,2026-07-15,,2026-09-26T09:31:49.534205+00:00,2026-07-16,CONSERVATIVE_T1,margin_sse,601988,False
2026-07-15,AGGREGATOR|research-node|akshare@1.18.97|stock_margin_detail_sse,2026-07-15,,2026-09-26T09:31:49.534205+00:00,2026-07-16,CONSERVATIVE_T1,margin_sse,601992,False
2026-07-15,AGGREGATOR|research-node|akshare@1.18.97|stock_margin_detail_sse,2026-07-15,,2026-09-26T09:31:49.534205+00:00,2026-07-16,CONSERVATIVE_T1,margin_sse,603618,False
2026-07-15,AGGREGATOR|research-node|akshare@1.18.97|stock_margin_detail_sse,2026-07-15,,2026-09-26T09:31:49.534205+00:00,2026-07-16,CONSERVATIVE_T1,margin_sse,603667,True
2026-07-15,AGGREGATOR|research-node|akshare@1.18.97|stock_margin_detail_sse,2026-07-15,,2026-09-26T09:31:49.534205+00:00,2026-07-16,CONSERVATIVE_T1,margin_sse,603686,True
2026-07-15,AGGREGATOR|research-node|akshare@1.18.97|stock_margin_detail_sse,2026-07-15,,2026-09-26T09:31:49.534205+00:00,2026-07-16,CONSERVATIVE_T1,margin_sse,688088,False
2026-07-15,AGGREGATOR|research-node|akshare@1.18.97|stock_margin_detail_sse,2026-07-15,,2026-09-26T09:31:49.534205+00:00,2026-07-16,CONSERVATIVE_T1,margin_sse,688116,False
2026-07-15,AGGREGATOR|research-node|akshare@1.18.97|stock_margin_detail_sse,2026-07-15,,2026-09-26T09:31:49.534205+00:00,2026-07-16,CONSERVATIVE_T1,margin_sse,688218,False
2026-07-15,AGGREGATOR|research-node|akshare@1.18.97|stock_margin_detail_sse,2026-07-15,,2026-09-26T09:31:49.534205+00:00,2026-07-16,CONSERVATIVE_T1,margin_sse,688498,False
2026-07-15,AGGREGATOR|research-node|akshare@1.18.97|stock_margin_detail_sse,2026-07-15,,2026-09-26T09:31:49.534205+00:00,2026-07-16,CONSERVATIVE_T1,margin_sse,688521,False
2026-07-16,AGGREGATOR|research-node|akshare@1.18.97|stock_margin_detail_sse,2026-07-16,,2026-09-26T09:31:54.030480+00:00,2026-07-17,CONSERVATIVE_T1,margin_sse,600022,False
2026-07-16,AGGREGATOR|research-node|akshare@1.18.97|stock_margin_detail_sse,2026-07-16,,2026-09-26T09:31:54.030480+00:00,2026-07-17,CONSERVATIVE_T1,margin_sse,600113,False
2026-07-16,AGGREGATOR|research-node|akshare@1.18.97|stock_margin_detail_sse,2026-07-16,,2026-09-26T09:31:54.030480+00:00,2026-07-17,CONSERVATIVE_T1,margin_sse,600196,True
2026-07-16,AGGREGATOR|research-node|akshare@1.18.97|stock_margin_detail_sse,2026-07-16,,2026-09-26T09:31:54.030480+00:00,2026-07-17,CONSERVATIVE_T1,margin_sse,600269,False
2026-07-16,AGGREGATOR|research-node|akshare@1.18.97|stock_margin_detail_sse,2026-07-16,,2026-09-26T09:31:54.030480+00:00,2026-07-17,CONSERVATIVE_T1,margin_sse,600377,False
2026-07-16,AGGREGATOR|research-node|akshare@1.18.97|stock_margin_detail_sse,2026-07-16,,2026-09-26T09:31:54.030480+00:00,2026-07-17,CONSERVATIVE_T1,margin_sse,600459,False
2026-07-16,AGGREGATOR|research-node|akshare@1.18.97|stock_margin_detail_sse,2026-07-16,,2026-09-26T09:31:54.030480+00:00,2026-07-17,CONSERVATIVE_T1,margin_sse,600567,False
2026-07-16,AGGREGATOR|research-node|akshare@1.18.97|stock_margin_detail_sse,2026-07-16,,2026-09-26T09:31:54.030480+00:00,2026-07-17,CONSERVATIVE_T1,margin_sse,600598,False
2026-07-16,AGGREGATOR|research-node|akshare@1.18.97|stock_margin_detail_sse,2026-07-16,,2026-09-26T09:31:54.030480+00:00,2026-07-17,CONSERVATIVE_T1,margin_sse,600629,True
2026-07-16,AGGREGATOR|research-node|akshare@1.18.97|stock_margin_detail_sse,2026-07-16,,2026-09-26T09:31:54.030480+00:00,2026-07-17,CONSERVATIVE_T1,margin_sse,600694,False
2026-07-16,AGGREGATOR|research-node|akshare@1.18.97|stock_margin_detail_sse,2026-07-16,,2026-09-26T09:31:54.030480+00:00,2026-07-17,CONSERVATIVE_T1,margin_sse,600826,False
2026-07-16,AGGREGATOR|research-node|akshare@1.18.97|stock_margin_detail_sse,2026-07-16,,2026-09-26T09:31:54.030480+00:00,2026-07-17,CONSERVATIVE_T1,margin_sse,600846,True
2026-07-16,AGGREGATOR|research-node|akshare@1.18.97|stock_margin_detail_sse,2026-07-16,,2026-09-26T09:31:54.030480+00:00,2026-07-17,CONSERVATIVE_T1,margin_sse,600928,False
2026-07-16,AGGREGATOR|research-node|akshare@1.18.97|stock_margin_detail_sse,2026-07-16,,2026-09-26T09:31:54.030480+00:00,2026-07-17,CONSERVATIVE_T1,margin_sse,600977,False
2026-07-16,AGGREGATOR|research-node|akshare@1.18.97|stock_margin_detail_sse,2026-07-16,,2026-09-26T09:31:54.030480+00:00,2026-07-17,CONSERVATIVE_T1,margin_sse,601098,False
2026-07-16,AGGREGATOR|research-node|akshare@1.18.97|stock_margin_detail_sse,2026-07-16,,2026-09-26T09:31:54.030480+00:00,2026-07-17,CONSERVATIVE_T1,margin_sse,601111,False
2026-07-16,AGGREGATOR|research-node|akshare@1.18.97|stock_margin_detail_sse,2026-07-16,,2026-09-26T09:31:54.030480+00:00,2026-07-17,CONSERVATIVE_T1,margin_sse,601298,False
2026-07-16,AGGREGATOR|research-node|akshare@1.18.97|stock_margin_detail_sse,2026-07-16,,2026-09-26T09:31:54.030480+00:00,2026-07-17,CONSERVATIVE_T1,margin_sse,601328,False
2026-07-16,AGGREGATOR|research-node|akshare@1.18.97|stock_margin_detail_sse,2026-07-16,,2026-09-26T09:31:54.030480+00:00,2026-07-17,CONSERVATIVE_T1,margin_sse,601869,False
2026-07-16,AGGREGATOR|research-node|akshare@1.18.97|stock_margin_detail_sse,2026-07-16,,2026-09-26T09:31:54.030480+00:00,2026-07-17,CONSERVATIVE_T1,margin_sse,601900,False
2026-07-16,AGGREGATOR|research-node|akshare@1.18.97|stock_margin_detail_sse,2026-07-16,,2026-09-26T09:31:54.030480+00:00,2026-07-17,CONSERVATIVE_T1,margin_sse,601963,False
2026-07-16,AGGREGATOR|research-node|akshare@1.18.97|stock_margin_detail_sse,2026-07-16,,2026-09-26T09:31:54.030480+00:00,2026-07-17,CONSERVATIVE_T1,margin_sse,601985,False
2026-07-16,AGGREGATOR|research-node|akshare@1.18.97|stock_margin_detail_sse,2026-07-16,,2026-09-26T09:31:54.030480+00:00,2026-07-17,CONSERVATIVE_T1,margin_sse,601988,False
2026-07-16,AGGREGATOR|research-node|akshare@1.18.97|stock_margin_detail_sse,2026-07-16,,2026-09-26T09:31:54.030480+00:00,2026-07-17,CONSERVATIVE_T1,margin_sse,601992,False
2026-07-16,AGGREGATOR|research-node|akshare@1.18.97|stock_margin_detail_sse,2026-07-16,,2026-09-26T09:31:54.030480+00:00,2026-07-17,CONSERVATIVE_T1,margin_sse,603618,False
2026-07-16,AGGREGATOR|research-node|akshare@1.18.97|stock_margin_detail_sse,2026-07-16,,2026-09-26T09:31:54.030480+00:00,2026-07-17,CONSERVATIVE_T1,margin_sse,603667,True
2026-07-16,AGGREGATOR|research-node|akshare@1.18.97|stock_margin_detail_sse,2026-07-16,,2026-09-26T09:31:54.030480+00:00,2026-07-17,CONSERVATIVE_T1,margin_sse,603686,True
2026-07-16,AGGREGATOR|research-node|akshare@1.18.97|stock_margin_detail_sse,2026-07-16,,2026-09-26T09:31:54.030480+00:00,2026-07-17,CONSERVATIVE_T1,margin_sse,688088,False
2026-07-16,AGGREGATOR|research-node|akshare@1.18.97|stock_margin_detail_sse,2026-07-16,,2026-09-26T09:31:54.030480+00:00,2026-07-17,CONSERVATIVE_T1,margin_sse,688116,False
2026-07-16,AGGREGATOR|research-node|akshare@1.18.97|stock_margin_detail_sse,2026-07-16,,2026-09-26T09:31:54.030480+00:00,2026-07-17,CONSERVATIVE_T1,margin_sse,688218,False
2026-07-16,AGGREGATOR|research-node|akshare@1.18.97|stock_margin_detail_sse,2026-07-16,,2026-09-26T09:31:54.030480+00:00,2026-07-17,CONSERVATIVE_T1,margin_sse,688498,False
2026-07-16,AGGREGATOR|research-node|akshare@1.18.97|stock_margin_detail_sse,2026-07-16,,2026-09-26T09:31:54.030480+00:00,2026-07-17,CONSERVATIVE_T1,margin_sse,688521,False
2026-07-17,AGGREGATOR|research-node|akshare@1.18.97|stock_margin_detail_sse,2026-07-17,,2026-09-26T09:31:58.588837+00:00,2026-07-20,CONSERVATIVE_T1,margin_sse,600022,False
2026-07-17,AGGREGATOR|research-node|akshare@1.18.97|stock_margin_detail_sse,2026-07-17,,2026-09-26T09:31:58.588837+00:00,2026-07-20,CONSERVATIVE_T1,margin_sse,600113,False
2026-07-17,AGGREGATOR|research-node|akshare@1.18.97|stock_margin_detail_sse,2026-07-17,,2026-09-26T09:31:58.588837+00:00,2026-07-20,CONSERVATIVE_T1,margin_sse,600196,True
2026-07-17,AGGREGATOR|research-node|akshare@1.18.97|stock_margin_detail_sse,2026-07-17,,2026-09-26T09:31:58.588837+00:00,2026-07-20,CONSERVATIVE_T1,margin_sse,600269,False
2026-07-17,AGGREGATOR|research-node|akshare@1.18.97|stock_margin_detail_sse,2026-07-17,,2026-09-26T09:31:58.588837+00:00,2026-07-20,CONSERVATIVE_T1,margin_sse,600377,False
2026-07-17,AGGREGATOR|research-node|akshare@1.18.97|stock_margin_detail_sse,2026-07-17,,2026-09-26T09:31:58.588837+00:00,2026-07-20,CONSERVATIVE_T1,margin_sse,600459,False
2026-07-17,AGGREGATOR|research-node|akshare@1.18.97|stock_margin_detail_sse,2026-07-17,,2026-09-26T09:31:58.588837+00:00,2026-07-20,CONSERVATIVE_T1,margin_sse,600567,False
2026-07-17,AGGREGATOR|research-node|akshare@1.18.97|stock_margin_detail_sse,2026-07-17,,2026-09-26T09:31:58.588837+00:00,2026-07-20,CONSERVATIVE_T1,margin_sse,600598,False
2026-07-17,AGGREGATOR|research-node|akshare@1.18.97|stock_margin_detail_sse,2026-07-17,,2026-09-26T09:31:58.588837+00:00,2026-07-20,CONSERVATIVE_T1,margin_sse,600629,True
2026-07-17,AGGREGATOR|research-node|akshare@1.18.97|stock_margin_detail_sse,2026-07-17,,2026-09-26T09:31:58.588837+00:00,2026-07-20,CONSERVATIVE_T1,margin_sse,600694,False
2026-07-17,AGGREGATOR|research-node|akshare@1.18.97|stock_margin_detail_sse,2026-07-17,,2026-09-26T09:31:58.588837+00:00,2026-07-20,CONSERVATIVE_T1,margin_sse,600826,False
2026-07-17,AGGREGATOR|research-node|akshare@1.18.97|stock_margin_detail_sse,2026-07-17,,2026-09-26T09:31:58.588837+00:00,2026-07-20,CONSERVATIVE_T1,margin_sse,600846,True
2026-07-17,AGGREGATOR|research-node|akshare@1.18.97|stock_margin_detail_sse,2026-07-17,,2026-09-26T09:31:58.588837+00:00,2026-07-20,CONSERVATIVE_T1,margin_sse,600928,False
2026-07-17,AGGREGATOR|research-node|akshare@1.18.97|stock_margin_detail_sse,2026-07-17,,2026-09-26T09:31:58.588837+00:00,2026-07-20,CONSERVATIVE_T1,margin_sse,600977,False
2026-07-17,AGGREGATOR|research-node|akshare@1.18.97|stock_margin_detail_sse,2026-07-17,,2026-09-26T09:31:58.588837+00:00,2026-07-20,CONSERVATIVE_T1,margin_sse,601098,False
2026-07-17,AGGREGATOR|research-node|akshare@1.18.97|stock_margin_detail_sse,2026-07-17,,2026-09-26T09:31:58.588837+00:00,2026-07-20,CONSERVATIVE_T1,margin_sse,601111,False
2026-07-17,AGGREGATOR|research-node|akshare@1.18.97|stock_margin_detail_sse,2026-07-17,,2026-09-26T09:31:58.588837+00:00,2026-07-20,CONSERVATIVE_T1,margin_sse,601298,False
2026-07-17,AGGREGATOR|research-node|akshare@1.18.97|stock_margin_detail_sse,2026-07-17,,2026-09-26T09:31:58.588837+00:00,2026-07-20,CONSERVATIVE_T1,margin_sse,601328,False
2026-07-17,AGGREGATOR|research-node|akshare@1.18.97|stock_margin_detail_sse,2026-07-17,,2026-09-26T09:31:58.588837+00:00,2026-07-20,CONSERVATIVE_T1,margin_sse,601869,False
2026-07-17,AGGREGATOR|research-node|akshare@1.18.97|stock_margin_detail_sse,2026-07-17,,2026-09-26T09:31:58.588837+00:00,2026-07-20,CONSERVATIVE_T1,margin_sse,601900,False
2026-07-17,AGGREGATOR|research-node|akshare@1.18.97|stock_margin_detail_sse,2026-07-17,,2026-09-26T09:31:58.588837+00:00,2026-07-20,CONSERVATIVE_T1,margin_sse,601963,False
2026-07-17,AGGREGATOR|research-node|akshare@1.18.97|stock_margin_detail_sse,2026-07-17,,2026-09-26T09:31:58.588837+00:00,2026-07-20,CONSERVATIVE_T1,margin_sse,601985,False
2026-07-17,AGGREGATOR|research-node|akshare@1.18.97|stock_margin_detail_sse,2026-07-17,,2026-09-26T09:31:58.588837+00:00,2026-07-20,CONSERVATIVE_T1,margin_sse,601988,False
2026-07-17,AGGREGATOR|research-node|akshare@1.18.97|stock_margin_detail_sse,2026-07-17,,2026-09-26T09:31:58.588837+00:00,2026-07-20,CONSERVATIVE_T1,margin_sse,601992,False
2026-07-17,AGGREGATOR|research-node|akshare@1.18.97|stock_margin_detail_sse,2026-07-17,,2026-09-26T09:31:58.588837+00:00,2026-07-20,CONSERVATIVE_T1,margin_sse,603618,False
2026-07-17,AGGREGATOR|research-node|akshare@1.18.97|stock_margin_detail_sse,2026-07-17,,2026-09-26T09:31:58.588837+00:00,2026-07-20,CONSERVATIVE_T1,margin_sse,603667,True
2026-07-17,AGGREGATOR|research-node|akshare@1.18.97|stock_margin_detail_sse,2026-07-17,,2026-09-26T09:31:58.588837+00:00,2026-07-20,CONSERVATIVE_T1,margin_sse,603686,True
2026-07-17,AGGREGATOR|research-node|akshare@1.18.97|stock_margin_detail_sse,2026-07-17,,2026-09-26T09:31:58.588837+00:00,2026-07-20,CONSERVATIVE_T1,margin_sse,688088,False
2026-07-17,AGGREGATOR|research-node|akshare@1.18.97|stock_margin_detail_sse,2026-07-17,,2026-09-26T09:31:58.588837+00:00,2026-07-20,CONSERVATIVE_T1,margin_sse,688116,False
2026-07-17,AGGREGATOR|research-node|akshare@1.18.97|stock_margin_detail_sse,2026-07-17,,2026-09-26T09:31:58.588837+00:00,2026-07-20,CONSERVATIVE_T1,margin_sse,688218,False
2026-07-17,AGGREGATOR|research-node|akshare@1.18.97|stock_margin_detail_sse,2026-07-17,,2026-09-26T09:31:58.588837+00:00,2026-07-20,CONSERVATIVE_T1,margin_sse,688498,False
2026-07-17,AGGREGATOR|research-node|akshare@1.18.97|stock_margin_detail_sse,2026-07-17,,2026-09-26T09:31:58.588837+00:00,2026-07-20,CONSERVATIVE_T1,margin_sse,688521,False
2026-07-20,AGGREGATOR|research-node|akshare@1.18.97|stock_margin_detail_sse,2026-07-20,,2026-09-26T09:32:08.301683+00:00,2026-07-21,CONSERVATIVE_T1,margin_sse,600022,False
2026-07-20,AGGREGATOR|research-node|akshare@1.18.97|stock_margin_detail_sse,2026-07-20,,2026-09-26T09:32:08.301683+00:00,2026-07-21,CONSERVATIVE_T1,margin_sse,600113,False
2026-07-20,AGGREGATOR|research-node|akshare@1.18.97|stock_margin_detail_sse,2026-07-20,,2026-09-26T09:32:08.301683+00:00,2026-07-21,CONSERVATIVE_T1,margin_sse,600196,True
2026-07-20,AGGREGATOR|research-node|akshare@1.18.97|stock_margin_detail_sse,2026-07-20,,2026-09-26T09:32:08.301683+00:00,2026-07-21,CONSERVATIVE_T1,margin_sse,600269,False
2026-07-20,AGGREGATOR|research-node|akshare@1.18.97|stock_margin_detail_sse,2026-07-20,,2026-09-26T09:32:08.301683+00:00,2026-07-21,CONSERVATIVE_T1,margin_sse,600377,False
2026-07-20,AGGREGATOR|research-node|akshare@1.18.97|stock_margin_detail_sse,2026-07-20,,2026-09-26T09:32:08.301683+00:00,2026-07-21,CONSERVATIVE_T1,margin_sse,600459,False
2026-07-20,AGGREGATOR|research-node|akshare@1.18.97|stock_margin_detail_sse,2026-07-20,,2026-09-26T09:32:08.301683+00:00,2026-07-21,CONSERVATIVE_T1,margin_sse,600567,False
2026-07-20,AGGREGATOR|research-node|akshare@1.18.97|stock_margin_detail_sse,2026-07-20,,2026-09-26T09:32:08.301683+00:00,2026-07-21,CONSERVATIVE_T1,margin_sse,600598,False
2026-07-20,AGGREGATOR|research-node|akshare@1.18.97|stock_margin_detail_sse,2026-07-20,,2026-09-26T09:32:08.301683+00:00,2026-07-21,CONSERVATIVE_T1,margin_sse,600629,False
2026-07-20,AGGREGATOR|research-node|akshare@1.18.97|stock_margin_detail_sse,2026-07-20,,2026-09-26T09:32:08.301683+00:00,2026-07-21,CONSERVATIVE_T1,margin_sse,600694,False
2026-07-20,AGGREGATOR|research-node|akshare@1.18.97|stock_margin_detail_sse,2026-07-20,,2026-09-26T09:32:08.301683+00:00,2026-07-21,CONSERVATIVE_T1,margin_sse,600826,False
2026-07-20,AGGREGATOR|research-node|akshare@1.18.97|stock_margin_detail_sse,2026-07-20,,2026-09-26T09:32:08.301683+00:00,2026-07-21,CONSERVATIVE_T1,margin_sse,600846,True
2026-07-20,AGGREGATOR|research-node|akshare@1.18.97|stock_margin_detail_sse,2026-07-20,,2026-09-26T09:32:08.301683+00:00,2026-07-21,CONSERVATIVE_T1,margin_sse,600928,False
2026-07-20,AGGREGATOR|research-node|akshare@1.18.97|stock_margin_detail_sse,2026-07-20,,2026-09-26T09:32:08.301683+00:00,2026-07-21,CONSERVATIVE_T1,margin_sse,600977,False
2026-07-20,AGGREGATOR|research-node|akshare@1.18.97|stock_margin_detail_sse,2026-07-20,,2026-09-26T09:32:08.301683+00:00,2026-07-21,CONSERVATIVE_T1,margin_sse,601098,False
2026-07-20,AGGREGATOR|research-node|akshare@1.18.97|stock_margin_detail_sse,2026-07-20,,2026-09-26T09:32:08.301683+00:00,2026-07-21,CONSERVATIVE_T1,margin_sse,601111,False
2026-07-20,AGGREGATOR|research-node|akshare@1.18.97|stock_margin_detail_sse,2026-07-20,,2026-09-26T09:32:08.301683+00:00,2026-07-21,CONSERVATIVE_T1,margin_sse,601298,False
2026-07-20,AGGREGATOR|research-node|akshare@1.18.97|stock_margin_detail_sse,2026-07-20,,2026-09-26T09:32:08.301683+00:00,2026-07-21,CONSERVATIVE_T1,margin_sse,601328,False
2026-07-20,AGGREGATOR|research-node|akshare@1.18.97|stock_margin_detail_sse,2026-07-20,,2026-09-26T09:32:08.301683+00:00,2026-07-21,CONSERVATIVE_T1,margin_sse,601869,False
2026-07-20,AGGREGATOR|research-node|akshare@1.18.97|stock_margin_detail_sse,2026-07-20,,2026-09-26T09:32:08.301683+00:00,2026-07-21,CONSERVATIVE_T1,margin_sse,601900,False
2026-07-20,AGGREGATOR|research-node|akshare@1.18.97|stock_margin_detail_sse,2026-07-20,,2026-09-26T09:32:08.301683+00:00,2026-07-21,CONSERVATIVE_T1,margin_sse,601963,False
2026-07-20,AGGREGATOR|research-node|akshare@1.18.97|stock_margin_detail_sse,2026-07-20,,2026-09-26T09:32:08.301683+00:00,2026-07-21,CONSERVATIVE_T1,margin_sse,601985,False
2026-07-20,AGGREGATOR|research-node|akshare@1.18.97|stock_margin_detail_sse,2026-07-20,,2026-09-26T09:32:08.301683+00:00,2026-07-21,CONSERVATIVE_T1,margin_sse,601988,False
2026-07-20,AGGREGATOR|research-node|akshare@1.18.97|stock_margin_detail_sse,2026-07-20,,2026-09-26T09:32:08.301683+00:00,2026-07-21,CONSERVATIVE_T1,margin_sse,601992,False
2026-07-20,AGGREGATOR|research-node|akshare@1.18.97|stock_margin_detail_sse,2026-07-20,,2026-09-26T09:32:08.301683+00:00,2026-07-21,CONSERVATIVE_T1,margin_sse,603618,False
2026-07-20,AGGREGATOR|research-node|akshare@1.18.97|stock_margin_detail_sse,2026-07-20,,2026-09-26T09:32:08.301683+00:00,2026-07-21,CONSERVATIVE_T1,margin_sse,603667,True
2026-07-20,AGGREGATOR|research-node|akshare@1.18.97|stock_margin_detail_sse,2026-07-20,,2026-09-26T09:32:08.301683+00:00,2026-07-21,CONSERVATIVE_T1,margin_sse,603686,True
2026-07-20,AGGREGATOR|research-node|akshare@1.18.97|stock_margin_detail_sse,2026-07-20,,2026-09-26T09:32:08.301683+00:00,2026-07-21,CONSERVATIVE_T1,margin_sse,688088,False
2026-07-20,AGGREGATOR|research-node|akshare@1.18.97|stock_margin_detail_sse,2026-07-20,,2026-09-26T09:32:08.301683+00:00,2026-07-21,CONSERVATIVE_T1,margin_sse,688116,False
2026-07-20,AGGREGATOR|research-node|akshare@1.18.97|stock_margin_detail_sse,2026-07-20,,2026-09-26T09:32:08.301683+00:00,2026-07-21,CONSERVATIVE_T1,margin_sse,688218,False
2026-07-20,AGGREGATOR|research-node|akshare@1.18.97|stock_margin_detail_sse,2026-07-20,,2026-09-26T09:32:08.301683+00:00,2026-07-21,CONSERVATIVE_T1,margin_sse,688498,False
2026-07-20,AGGREGATOR|research-node|akshare@1.18.97|stock_margin_detail_sse,2026-07-20,,2026-09-26T09:32:08.301683+00:00,2026-07-21,CONSERVATIVE_T1,margin_sse,688521,False
2026-07-21,AGGREGATOR|research-node|akshare@1.18.97|stock_margin_detail_sse,2026-07-21,,2026-09-26T09:32:12.785678+00:00,2026-07-22,CONSERVATIVE_T1,margin_sse,600022,False
2026-07-21,AGGREGATOR|research-node|akshare@1.18.97|stock_margin_detail_sse,2026-07-21,,2026-09-26T09:32:12.785678+00:00,2026-07-22,CONSERVATIVE_T1,margin_sse,600113,False
2026-07-21,AGGREGATOR|research-node|akshare@1.18.97|stock_margin_detail_sse,2026-07-21,,2026-09-26T09:32:12.785678+00:00,2026-07-22,CONSERVATIVE_T1,margin_sse,600196,True
2026-07-21,AGGREGATOR|research-node|akshare@1.18.97|stock_margin_detail_sse,2026-07-21,,2026-09-26T09:32:12.785678+00:00,2026-07-22,CONSERVATIVE_T1,margin_sse,600269,False
2026-07-21,AGGREGATOR|research-node|akshare@1.18.97|stock_margin_detail_sse,2026-07-21,,2026-09-26T09:32:12.785678+00:00,2026-07-22,CONSERVATIVE_T1,margin_sse,600377,False
2026-07-21,AGGREGATOR|research-node|akshare@1.18.97|stock_margin_detail_sse,2026-07-21,,2026-09-26T09:32:12.785678+00:00,2026-07-22,CONSERVATIVE_T1,margin_sse,600459,False
2026-07-21,AGGREGATOR|research-node|akshare@1.18.97|stock_margin_detail_sse,2026-07-21,,2026-09-26T09:32:12.785678+00:00,2026-07-22,CONSERVATIVE_T1,margin_sse,600567,False
2026-07-21,AGGREGATOR|research-node|akshare@1.18.97|stock_margin_detail_sse,2026-07-21,,2026-09-26T09:32:12.785678+00:00,2026-07-22,CONSERVATIVE_T1,margin_sse,600598,False
2026-07-21,AGGREGATOR|research-node|akshare@1.18.97|stock_margin_detail_sse,2026-07-21,,2026-09-26T09:32:12.785678+00:00,2026-07-22,CONSERVATIVE_T1,margin_sse,600629,False
2026-07-21,AGGREGATOR|research-node|akshare@1.18.97|stock_margin_detail_sse,2026-07-21,,2026-09-26T09:32:12.785678+00:00,2026-07-22,CONSERVATIVE_T1,margin_sse,600694,False
2026-07-21,AGGREGATOR|research-node|akshare@1.18.97|stock_margin_detail_sse,2026-07-21,,2026-09-26T09:32:12.785678+00:00,2026-07-22,CONSERVATIVE_T1,margin_sse,600826,False
2026-07-21,AGGREGATOR|research-node|akshare@1.18.97|stock_margin_detail_sse,2026-07-21,,2026-09-26T09:32:12.785678+00:00,2026-07-22,CONSERVATIVE_T1,margin_sse,600846,False
2026-07-21,AGGREGATOR|research-node|akshare@1.18.97|stock_margin_detail_sse,2026-07-21,,2026-09-26T09:32:12.785678+00:00,2026-07-22,CONSERVATIVE_T1,margin_sse,600928,False
2026-07-21,AGGREGATOR|research-node|akshare@1.18.97|stock_margin_detail_sse,2026-07-21,,2026-09-26T09:32:12.785678+00:00,2026-07-22,CONSERVATIVE_T1,margin_sse,600977,False
2026-07-21,AGGREGATOR|research-node|akshare@1.18.97|stock_margin_detail_sse,2026-07-21,,2026-09-26T09:32:12.785678+00:00,2026-07-22,CONSERVATIVE_T1,margin_sse,601098,False
2026-07-21,AGGREGATOR|research-node|akshare@1.18.97|stock_margin_detail_sse,2026-07-21,,2026-09-26T09:32:12.785678+00:00,2026-07-22,CONSERVATIVE_T1,margin_sse,601111,False
2026-07-21,AGGREGATOR|research-node|akshare@1.18.97|stock_margin_detail_sse,2026-07-21,,2026-09-26T09:32:12.785678+00:00,2026-07-22,CONSERVATIVE_T1,margin_sse,601298,False
2026-07-21,AGGREGATOR|research-node|akshare@1.18.97|stock_margin_detail_sse,2026-07-21,,2026-09-26T09:32:12.785678+00:00,2026-07-22,CONSERVATIVE_T1,margin_sse,601328,False
2026-07-21,AGGREGATOR|research-node|akshare@1.18.97|stock_margin_detail_sse,2026-07-21,,2026-09-26T09:32:12.785678+00:00,2026-07-22,CONSERVATIVE_T1,margin_sse,601869,False
2026-07-21,AGGREGATOR|research-node|akshare@1.18.97|stock_margin_detail_sse,2026-07-21,,2026-09-26T09:32:12.785678+00:00,2026-07-22,CONSERVATIVE_T1,margin_sse,601900,False
2026-07-21,AGGREGATOR|research-node|akshare@1.18.97|stock_margin_detail_sse,2026-07-21,,2026-09-26T09:32:12.785678+00:00,2026-07-22,CONSERVATIVE_T1,margin_sse,601963,False
2026-07-21,AGGREGATOR|research-node|akshare@1.18.97|stock_margin_detail_sse,2026-07-21,,2026-09-26T09:32:12.785678+00:00,2026-07-22,CONSERVATIVE_T1,margin_sse,601985,False
2026-07-21,AGGREGATOR|research-node|akshare@1.18.97|stock_margin_detail_sse,2026-07-21,,2026-09-26T09:32:12.785678+00:00,2026-07-22,CONSERVATIVE_T1,margin_sse,601988,False
2026-07-21,AGGREGATOR|research-node|akshare@1.18.97|stock_margin_detail_sse,2026-07-21,,2026-09-26T09:32:12.785678+00:00,2026-07-22,CONSERVATIVE_T1,margin_sse,601992,False
2026-07-21,AGGREGATOR|research-node|akshare@1.18.97|stock_margin_detail_sse,2026-07-21,,2026-09-26T09:32:12.785678+00:00,2026-07-22,CONSERVATIVE_T1,margin_sse,603618,False
2026-07-21,AGGREGATOR|research-node|akshare@1.18.97|stock_margin_detail_sse,2026-07-21,,2026-09-26T09:32:12.785678+00:00,2026-07-22,CONSERVATIVE_T1,margin_sse,603667,True
2026-07-21,AGGREGATOR|research-node|akshare@1.18.97|stock_margin_detail_sse,2026-07-21,,2026-09-26T09:32:12.785678+00:00,2026-07-22,CONSERVATIVE_T1,margin_sse,603686,True
2026-07-21,AGGREGATOR|research-node|akshare@1.18.97|stock_margin_detail_sse,2026-07-21,,2026-09-26T09:32:12.785678+00:00,2026-07-22,CONSERVATIVE_T1,margin_sse,688088,False
2026-07-21,AGGREGATOR|research-node|akshare@1.18.97|stock_margin_detail_sse,2026-07-21,,2026-09-26T09:32:12.785678+00:00,2026-07-22,CONSERVATIVE_T1,margin_sse,688116,False
2026-07-21,AGGREGATOR|research-node|akshare@1.18.97|stock_margin_detail_sse,2026-07-21,,2026-09-26T09:32:12.785678+00:00,2026-07-22,CONSERVATIVE_T1,margin_sse,688218,False
2026-07-21,AGGREGATOR|research-node|akshare@1.18.97|stock_margin_detail_sse,2026-07-21,,2026-09-26T09:32:12.785678+00:00,2026-07-22,CONSERVATIVE_T1,margin_sse,688498,False
2026-07-21,AGGREGATOR|research-node|akshare@1.18.97|stock_margin_detail_sse,2026-07-21,,2026-09-26T09:32:12.785678+00:00,2026-07-22,CONSERVATIVE_T1,margin_sse,688521,False
2026-07-22,AGGREGATOR|research-node|akshare@1.18.97|stock_margin_detail_sse,2026-07-22,,2026-09-26T09:32:17.359976+00:00,2026-07-23,CONSERVATIVE_T1,margin_sse,600022,False
2026-07-22,AGGREGATOR|research-node|akshare@1.18.97|stock_margin_detail_sse,2026-07-22,,2026-09-26T09:32:17.359976+00:00,2026-07-23,CONSERVATIVE_T1,margin_sse,600113,False
2026-07-22,AGGREGATOR|research-node|akshare@1.18.97|stock_margin_detail_sse,2026-07-22,,2026-09-26T09:32:17.359976+00:00,2026-07-23,CONSERVATIVE_T1,margin_sse,600196,True
2026-07-22,AGGREGATOR|research-node|akshare@1.18.97|stock_margin_detail_sse,2026-07-22,,2026-09-26T09:32:17.359976+00:00,2026-07-23,CONSERVATIVE_T1,margin_sse,600269,False
2026-07-22,AGGREGATOR|research-node|akshare@1.18.97|stock_margin_detail_sse,2026-07-22,,2026-09-26T09:32:17.359976+00:00,2026-07-23,CONSERVATIVE_T1,margin_sse,600377,False
2026-07-22,AGGREGATOR|research-node|akshare@1.18.97|stock_margin_detail_sse,2026-07-22,,2026-09-26T09:32:17.359976+00:00,2026-07-23,CONSERVATIVE_T1,margin_sse,600459,False
2026-07-22,AGGREGATOR|research-node|akshare@1.18.97|stock_margin_detail_sse,2026-07-22,,2026-09-26T09:32:17.359976+00:00,2026-07-23,CONSERVATIVE_T1,margin_sse,600567,False
2026-07-22,AGGREGATOR|research-node|akshare@1.18.97|stock_margin_detail_sse,2026-07-22,,2026-09-26T09:32:17.359976+00:00,2026-07-23,CONSERVATIVE_T1,margin_sse,600598,False
2026-07-22,AGGREGATOR|research-node|akshare@1.18.97|stock_margin_detail_sse,2026-07-22,,2026-09-26T09:32:17.359976+00:00,2026-07-23,CONSERVATIVE_T1,margin_sse,600629,False
2026-07-22,AGGREGATOR|research-node|akshare@1.18.97|stock_margin_detail_sse,2026-07-22,,2026-09-26T09:32:17.359976+00:00,2026-07-23,CONSERVATIVE_T1,margin_sse,600694,False
2026-07-22,AGGREGATOR|research-node|akshare@1.18.97|stock_margin_detail_sse,2026-07-22,,2026-09-26T09:32:17.359976+00:00,2026-07-23,CONSERVATIVE_T1,margin_sse,600826,False
2026-07-22,AGGREGATOR|research-node|akshare@1.18.97|stock_margin_detail_sse,2026-07-22,,2026-09-26T09:32:17.359976+00:00,2026-07-23,CONSERVATIVE_T1,margin_sse,600846,False
2026-07-22,AGGREGATOR|research-node|akshare@1.18.97|stock_margin_detail_sse,2026-07-22,,2026-09-26T09:32:17.359976+00:00,2026-07-23,CONSERVATIVE_T1,margin_sse,600928,False
2026-07-22,AGGREGATOR|research-node|akshare@1.18.97|stock_margin_detail_sse,2026-07-22,,2026-09-26T09:32:17.359976+00:00,2026-07-23,CONSERVATIVE_T1,margin_sse,600977,False
2026-07-22,AGGREGATOR|research-node|akshare@1.18.97|stock_margin_detail_sse,2026-07-22,,2026-09-26T09:32:17.359976+00:00,2026-07-23,CONSERVATIVE_T1,margin_sse,601098,False
2026-07-22,AGGREGATOR|research-node|akshare@1.18.97|stock_margin_detail_sse,2026-07-22,,2026-09-26T09:32:17.359976+00:00,2026-07-23,CONSERVATIVE_T1,margin_sse,601111,False
2026-07-22,AGGREGATOR|research-node|akshare@1.18.97|stock_margin_detail_sse,2026-07-22,,2026-09-26T09:32:17.359976+00:00,2026-07-23,CONSERVATIVE_T1,margin_sse,601298,False
2026-07-22,AGGREGATOR|research-node|akshare@1.18.97|stock_margin_detail_sse,2026-07-22,,2026-09-26T09:32:17.359976+00:00,2026-07-23,CONSERVATIVE_T1,margin_sse,601328,False
2026-07-22,AGGREGATOR|research-node|akshare@1.18.97|stock_margin_detail_sse,2026-07-22,,2026-09-26T09:32:17.359976+00:00,2026-07-23,CONSERVATIVE_T1,margin_sse,601869,False
2026-07-22,AGGREGATOR|research-node|akshare@1.18.97|stock_margin_detail_sse,2026-07-22,,2026-09-26T09:32:17.359976+00:00,2026-07-23,CONSERVATIVE_T1,margin_sse,601900,False
2026-07-22,AGGREGATOR|research-node|akshare@1.18.97|stock_margin_detail_sse,2026-07-22,,2026-09-26T09:32:17.359976+00:00,2026-07-23,CONSERVATIVE_T1,margin_sse,601963,False
2026-07-22,AGGREGATOR|research-node|akshare@1.18.97|stock_margin_detail_sse,2026-07-22,,2026-09-26T09:32:17.359976+00:00,2026-07-23,CONSERVATIVE_T1,margin_sse,601985,False
2026-07-22,AGGREGATOR|research-node|akshare@1.18.97|stock_margin_detail_sse,2026-07-22,,2026-09-26T09:32:17.359976+00:00,2026-07-23,CONSERVATIVE_T1,margin_sse,601988,False
2026-07-22,AGGREGATOR|research-node|akshare@1.18.97|stock_margin_detail_sse,2026-07-22,,2026-09-26T09:32:17.359976+00:00,2026-07-23,CONSERVATIVE_T1,margin_sse,601992,False
2026-07-22,AGGREGATOR|research-node|akshare@1.18.97|stock_margin_detail_sse,2026-07-22,,2026-09-26T09:32:17.359976+00:00,2026-07-23,CONSERVATIVE_T1,margin_sse,603618,False
2026-07-22,AGGREGATOR|research-node|akshare@1.18.97|stock_margin_detail_sse,2026-07-22,,2026-09-26T09:32:17.359976+00:00,2026-07-23,CONSERVATIVE_T1,margin_sse,603667,True
2026-07-22,AGGREGATOR|research-node|akshare@1.18.97|stock_margin_detail_sse,2026-07-22,,2026-09-26T09:32:17.359976+00:00,2026-07-23,CONSERVATIVE_T1,margin_sse,603686,True
2026-07-22,AGGREGATOR|research-node|akshare@1.18.97|stock_margin_detail_sse,2026-07-22,,2026-09-26T09:32:17.359976+00:00,2026-07-23,CONSERVATIVE_T1,margin_sse,688088,False
2026-07-22,AGGREGATOR|research-node|akshare@1.18.97|stock_margin_detail_sse,2026-07-22,,2026-09-26T09:32:17.359976+00:00,2026-07-23,CONSERVATIVE_T1,margin_sse,688116,False
2026-07-22,AGGREGATOR|research-node|akshare@1.18.97|stock_margin_detail_sse,2026-07-22,,2026-09-26T09:32:17.359976+00:00,2026-07-23,CONSERVATIVE_T1,margin_sse,688218,False
2026-07-22,AGGREGATOR|research-node|akshare@1.18.97|stock_margin_detail_sse,2026-07-22,,2026-09-26T09:32:17.359976+00:00,2026-07-23,CONSERVATIVE_T1,margin_sse,688498,False
2026-07-22,AGGREGATOR|research-node|akshare@1.18.97|stock_margin_detail_sse,2026-07-22,,2026-09-26T09:32:17.359976+00:00,2026-07-23,CONSERVATIVE_T1,margin_sse,688521,False
2026-07-23,AGGREGATOR|research-node|akshare@1.18.97|stock_margin_detail_sse,2026-07-23,,2026-09-26T09:32:21.869908+00:00,2026-07-24,CONSERVATIVE_T1,margin_sse,600022,False
2026-07-23,AGGREGATOR|research-node|akshare@1.18.97|stock_margin_detail_sse,2026-07-23,,2026-09-26T09:32:21.869908+00:00,2026-07-24,CONSERVATIVE_T1,margin_sse,600113,False
2026-07-23,AGGREGATOR|research-node|akshare@1.18.97|stock_margin_detail_sse,2026-07-23,,2026-09-26T09:32:21.869908+00:00,2026-07-24,CONSERVATIVE_T1,margin_sse,600196,True
2026-07-23,AGGREGATOR|research-node|akshare@1.18.97|stock_margin_detail_sse,2026-07-23,,2026-09-26T09:32:21.869908+00:00,2026-07-24,CONSERVATIVE_T1,margin_sse,600269,False
2026-07-23,AGGREGATOR|research-node|akshare@1.18.97|stock_margin_detail_sse,2026-07-23,,2026-09-26T09:32:21.869908+00:00,2026-07-24,CONSERVATIVE_T1,margin_sse,600377,False
2026-07-23,AGGREGATOR|research-node|akshare@1.18.97|stock_margin_detail_sse,2026-07-23,,2026-09-26T09:32:21.869908+00:00,2026-07-24,CONSERVATIVE_T1,margin_sse,600459,False
2026-07-23,AGGREGATOR|research-node|akshare@1.18.97|stock_margin_detail_sse,2026-07-23,,2026-09-26T09:32:21.869908+00:00,2026-07-24,CONSERVATIVE_T1,margin_sse,600567,False
2026-07-23,AGGREGATOR|research-node|akshare@1.18.97|stock_margin_detail_sse,2026-07-23,,2026-09-26T09:32:21.869908+00:00,2026-07-24,CONSERVATIVE_T1,margin_sse,600598,False
2026-07-23,AGGREGATOR|research-node|akshare@1.18.97|stock_margin_detail_sse,2026-07-23,,2026-09-26T09:32:21.869908+00:00,2026-07-24,CONSERVATIVE_T1,margin_sse,600629,False
2026-07-23,AGGREGATOR|research-node|akshare@1.18.97|stock_margin_detail_sse,2026-07-23,,2026-09-26T09:32:21.869908+00:00,2026-07-24,CONSERVATIVE_T1,margin_sse,600694,False
2026-07-23,AGGREGATOR|research-node|akshare@1.18.97|stock_margin_detail_sse,2026-07-23,,2026-09-26T09:32:21.869908+00:00,2026-07-24,CONSERVATIVE_T1,margin_sse,600826,False
2026-07-23,AGGREGATOR|research-node|akshare@1.18.97|stock_margin_detail_sse,2026-07-23,,2026-09-26T09:32:21.869908+00:00,2026-07-24,CONSERVATIVE_T1,margin_sse,600846,False
2026-07-23,AGGREGATOR|research-node|akshare@1.18.97|stock_margin_detail_sse,2026-07-23,,2026-09-26T09:32:21.869908+00:00,2026-07-24,CONSERVATIVE_T1,margin_sse,600928,False
2026-07-23,AGGREGATOR|research-node|akshare@1.18.97|stock_margin_detail_sse,2026-07-23,,2026-09-26T09:32:21.869908+00:00,2026-07-24,CONSERVATIVE_T1,margin_sse,600977,False
2026-07-23,AGGREGATOR|research-node|akshare@1.18.97|stock_margin_detail_sse,2026-07-23,,2026-09-26T09:32:21.869908+00:00,2026-07-24,CONSERVATIVE_T1,margin_sse,601098,False
2026-07-23,AGGREGATOR|research-node|akshare@1.18.97|stock_margin_detail_sse,2026-07-23,,2026-09-26T09:32:21.869908+00:00,2026-07-24,CONSERVATIVE_T1,margin_sse,601111,False
2026-07-23,AGGREGATOR|research-node|akshare@1.18.97|stock_margin_detail_sse,2026-07-23,,2026-09-26T09:32:21.869908+00:00,2026-07-24,CONSERVATIVE_T1,margin_sse,601298,False
2026-07-23,AGGREGATOR|research-node|akshare@1.18.97|stock_margin_detail_sse,2026-07-23,,2026-09-26T09:32:21.869908+00:00,2026-07-24,CONSERVATIVE_T1,margin_sse,601328,False
2026-07-23,AGGREGATOR|research-node|akshare@1.18.97|stock_margin_detail_sse,2026-07-23,,2026-09-26T09:32:21.869908+00:00,2026-07-24,CONSERVATIVE_T1,margin_sse,601869,False
2026-07-23,AGGREGATOR|research-node|akshare@1.18.97|stock_margin_detail_sse,2026-07-23,,2026-09-26T09:32:21.869908+00:00,2026-07-24,CONSERVATIVE_T1,margin_sse,601900,False
2026-07-23,AGGREGATOR|research-node|akshare@1.18.97|stock_margin_detail_sse,2026-07-23,,2026-09-26T09:32:21.869908+00:00,2026-07-24,CONSERVATIVE_T1,margin_sse,601963,False
2026-07-23,AGGREGATOR|research-node|akshare@1.18.97|stock_margin_detail_sse,2026-07-23,,2026-09-26T09:32:21.869908+00:00,2026-07-24,CONSERVATIVE_T1,margin_sse,601985,False
2026-07-23,AGGREGATOR|research-node|akshare@1.18.97|stock_margin_detail_sse,2026-07-23,,2026-09-26T09:32:21.869908+00:00,2026-07-24,CONSERVATIVE_T1,margin_sse,601988,False
2026-07-23,AGGREGATOR|research-node|akshare@1.18.97|stock_margin_detail_sse,2026-07-23,,2026-09-26T09:32:21.869908+00:00,2026-07-24,CONSERVATIVE_T1,margin_sse,601992,False
2026-07-23,AGGREGATOR|research-node|akshare@1.18.97|stock_margin_detail_sse,2026-07-23,,2026-09-26T09:32:21.869908+00:00,2026-07-24,CONSERVATIVE_T1,margin_sse,603618,False
2026-07-23,AGGREGATOR|research-node|akshare@1.18.97|stock_margin_detail_sse,2026-07-23,,2026-09-26T09:32:21.869908+00:00,2026-07-24,CONSERVATIVE_T1,margin_sse,603667,True
2026-07-23,AGGREGATOR|research-node|akshare@1.18.97|stock_margin_detail_sse,2026-07-23,,2026-09-26T09:32:21.869908+00:00,2026-07-24,CONSERVATIVE_T1,margin_sse,603686,True
2026-07-23,AGGREGATOR|research-node|akshare@1.18.97|stock_margin_detail_sse,2026-07-23,,2026-09-26T09:32:21.869908+00:00,2026-07-24,CONSERVATIVE_T1,margin_sse,688088,False
2026-07-23,AGGREGATOR|research-node|akshare@1.18.97|stock_margin_detail_sse,2026-07-23,,2026-09-26T09:32:21.869908+00:00,2026-07-24,CONSERVATIVE_T1,margin_sse,688116,False
2026-07-23,AGGREGATOR|research-node|akshare@1.18.97|stock_margin_detail_sse,2026-07-23,,2026-09-26T09:32:21.869908+00:00,2026-07-24,CONSERVATIVE_T1,margin_sse,688218,False
2026-07-23,AGGREGATOR|research-node|akshare@1.18.97|stock_margin_detail_sse,2026-07-23,,2026-09-26T09:32:21.869908+00:00,2026-07-24,CONSERVATIVE_T1,margin_sse,688498,False
2026-07-23,AGGREGATOR|research-node|akshare@1.18.97|stock_margin_detail_sse,2026-07-23,,2026-09-26T09:32:21.869908+00:00,2026-07-24,CONSERVATIVE_T1,margin_sse,688521,False
2026-07-24,AGGREGATOR|research-node|akshare@1.18.97|stock_margin_detail_sse,2026-07-24,,2026-09-26T09:32:26.383888+00:00,2026-07-27,CONSERVATIVE_T1,margin_sse,600022,False
2026-07-24,AGGREGATOR|research-node|akshare@1.18.97|stock_margin_detail_sse,2026-07-24,,2026-09-26T09:32:26.383888+00:00,2026-07-27,CONSERVATIVE_T1,margin_sse,600113,False
2026-07-24,AGGREGATOR|research-node|akshare@1.18.97|stock_margin_detail_sse,2026-07-24,,2026-09-26T09:32:26.383888+00:00,2026-07-27,CONSERVATIVE_T1,margin_sse,600196,True
2026-07-24,AGGREGATOR|research-node|akshare@1.18.97|stock_margin_detail_sse,2026-07-24,,2026-09-26T09:32:26.383888+00:00,2026-07-27,CONSERVATIVE_T1,margin_sse,600269,False
2026-07-24,AGGREGATOR|research-node|akshare@1.18.97|stock_margin_detail_sse,2026-07-24,,2026-09-26T09:32:26.383888+00:00,2026-07-27,CONSERVATIVE_T1,margin_sse,600377,False
2026-07-24,AGGREGATOR|research-node|akshare@1.18.97|stock_margin_detail_sse,2026-07-24,,2026-09-26T09:32:26.383888+00:00,2026-07-27,CONSERVATIVE_T1,margin_sse,600459,False
2026-07-24,AGGREGATOR|research-node|akshare@1.18.97|stock_margin_detail_sse,2026-07-24,,2026-09-26T09:32:26.383888+00:00,2026-07-27,CONSERVATIVE_T1,margin_sse,600567,False
2026-07-24,AGGREGATOR|research-node|akshare@1.18.97|stock_margin_detail_sse,2026-07-24,,2026-09-26T09:32:26.383888+00:00,2026-07-27,CONSERVATIVE_T1,margin_sse,600598,False
2026-07-24,AGGREGATOR|research-node|akshare@1.18.97|stock_margin_detail_sse,2026-07-24,,2026-09-26T09:32:26.383888+00:00,2026-07-27,CONSERVATIVE_T1,margin_sse,600629,False
2026-07-24,AGGREGATOR|research-node|akshare@1.18.97|stock_margin_detail_sse,2026-07-24,,2026-09-26T09:32:26.383888+00:00,2026-07-27,CONSERVATIVE_T1,margin_sse,600694,False
2026-07-24,AGGREGATOR|research-node|akshare@1.18.97|stock_margin_detail_sse,2026-07-24,,2026-09-26T09:32:26.383888+00:00,2026-07-27,CONSERVATIVE_T1,margin_sse,600826,False
2026-07-24,AGGREGATOR|research-node|akshare@1.18.97|stock_margin_detail_sse,2026-07-24,,2026-09-26T09:32:26.383888+00:00,2026-07-27,CONSERVATIVE_T1,margin_sse,600846,False
2026-07-24,AGGREGATOR|research-node|akshare@1.18.97|stock_margin_detail_sse,2026-07-24,,2026-09-26T09:32:26.383888+00:00,2026-07-27,CONSERVATIVE_T1,margin_sse,600928,False
2026-07-24,AGGREGATOR|research-node|akshare@1.18.97|stock_margin_detail_sse,2026-07-24,,2026-09-26T09:32:26.383888+00:00,2026-07-27,CONSERVATIVE_T1,margin_sse,600977,False
2026-07-24,AGGREGATOR|research-node|akshare@1.18.97|stock_margin_detail_sse,2026-07-24,,2026-09-26T09:32:26.383888+00:00,2026-07-27,CONSERVATIVE_T1,margin_sse,601098,False
2026-07-24,AGGREGATOR|research-node|akshare@1.18.97|stock_margin_detail_sse,2026-07-24,,2026-09-26T09:32:26.383888+00:00,2026-07-27,CONSERVATIVE_T1,margin_sse,601111,False
2026-07-24,AGGREGATOR|research-node|akshare@1.18.97|stock_margin_detail_sse,2026-07-24,,2026-09-26T09:32:26.383888+00:00,2026-07-27,CONSERVATIVE_T1,margin_sse,601298,False
2026-07-24,AGGREGATOR|research-node|akshare@1.18.97|stock_margin_detail_sse,2026-07-24,,2026-09-26T09:32:26.383888+00:00,2026-07-27,CONSERVATIVE_T1,margin_sse,601328,False
2026-07-24,AGGREGATOR|research-node|akshare@1.18.97|stock_margin_detail_sse,2026-07-24,,2026-09-26T09:32:26.383888+00:00,2026-07-27,CONSERVATIVE_T1,margin_sse,601869,False
2026-07-24,AGGREGATOR|research-node|akshare@1.18.97|stock_margin_detail_sse,2026-07-24,,2026-09-26T09:32:26.383888+00:00,2026-07-27,CONSERVATIVE_T1,margin_sse,601900,False
2026-07-24,AGGREGATOR|research-node|akshare@1.18.97|stock_margin_detail_sse,2026-07-24,,2026-09-26T09:32:26.383888+00:00,2026-07-27,CONSERVATIVE_T1,margin_sse,601963,False
2026-07-24,AGGREGATOR|research-node|akshare@1.18.97|stock_margin_detail_sse,2026-07-24,,2026-09-26T09:32:26.383888+00:00,2026-07-27,CONSERVATIVE_T1,margin_sse,601985,False
2026-07-24,AGGREGATOR|research-node|akshare@1.18.97|stock_margin_detail_sse,2026-07-24,,2026-09-26T09:32:26.383888+00:00,2026-07-27,CONSERVATIVE_T1,margin_sse,601988,False
2026-07-24,AGGREGATOR|research-node|akshare@1.18.97|stock_margin_detail_sse,2026-07-24,,2026-09-26T09:32:26.383888+00:00,2026-07-27,CONSERVATIVE_T1,margin_sse,601992,False
2026-07-24,AGGREGATOR|research-node|akshare@1.18.97|stock_margin_detail_sse,2026-07-24,,2026-09-26T09:32:26.383888+00:00,2026-07-27,CONSERVATIVE_T1,margin_sse,603618,False
2026-07-24,AGGREGATOR|research-node|akshare@1.18.97|stock_margin_detail_sse,2026-07-24,,2026-09-26T09:32:26.383888+00:00,2026-07-27,CONSERVATIVE_T1,margin_sse,603667,True
2026-07-24,AGGREGATOR|research-node|akshare@1.18.97|stock_margin_detail_sse,2026-07-24,,2026-09-26T09:32:26.383888+00:00,2026-07-27,CONSERVATIVE_T1,margin_sse,603686,True
2026-07-24,AGGREGATOR|research-node|akshare@1.18.97|stock_margin_detail_sse,2026-07-24,,2026-09-26T09:32:26.383888+00:00,2026-07-27,CONSERVATIVE_T1,margin_sse,688088,False
2026-07-24,AGGREGATOR|research-node|akshare@1.18.97|stock_margin_detail_sse,2026-07-24,,2026-09-26T09:32:26.383888+00:00,2026-07-27,CONSERVATIVE_T1,margin_sse,688116,False
2026-07-24,AGGREGATOR|research-node|akshare@1.18.97|stock_margin_detail_sse,2026-07-24,,2026-09-26T09:32:26.383888+00:00,2026-07-27,CONSERVATIVE_T1,margin_sse,688218,False
2026-07-24,AGGREGATOR|research-node|akshare@1.18.97|stock_margin_detail_sse,2026-07-24,,2026-09-26T09:32:26.383888+00:00,2026-07-27,CONSERVATIVE_T1,margin_sse,688498,False
2026-07-24,AGGREGATOR|research-node|akshare@1.18.97|stock_margin_detail_sse,2026-07-24,,2026-09-26T09:32:26.383888+00:00,2026-07-27,CONSERVATIVE_T1,margin_sse,688521,False
2026-07-27,AGGREGATOR|research-node|akshare@1.18.97|stock_margin_detail_sse,2026-07-27,,2026-09-26T09:32:30.896737+00:00,2026-07-28,CONSERVATIVE_T1,margin_sse,600022,False
2026-07-27,AGGREGATOR|research-node|akshare@1.18.97|stock_margin_detail_sse,2026-07-27,,2026-09-26T09:32:30.896737+00:00,2026-07-28,CONSERVATIVE_T1,margin_sse,600113,False
2026-07-27,AGGREGATOR|research-node|akshare@1.18.97|stock_margin_detail_sse,2026-07-27,,2026-09-26T09:32:30.896737+00:00,2026-07-28,CONSERVATIVE_T1,margin_sse,600196,True
2026-07-27,AGGREGATOR|research-node|akshare@1.18.97|stock_margin_detail_sse,2026-07-27,,2026-09-26T09:32:30.896737+00:00,2026-07-28,CONSERVATIVE_T1,margin_sse,600269,False
2026-07-27,AGGREGATOR|research-node|akshare@1.18.97|stock_margin_detail_sse,2026-07-27,,2026-09-26T09:32:30.896737+00:00,2026-07-28,CONSERVATIVE_T1,margin_sse,600377,False
2026-07-27,AGGREGATOR|research-node|akshare@1.18.97|stock_margin_detail_sse,2026-07-27,,2026-09-26T09:32:30.896737+00:00,2026-07-28,CONSERVATIVE_T1,margin_sse,600459,False
2026-07-27,AGGREGATOR|research-node|akshare@1.18.97|stock_margin_detail_sse,2026-07-27,,2026-09-26T09:32:30.896737+00:00,2026-07-28,CONSERVATIVE_T1,margin_sse,600567,False
2026-07-27,AGGREGATOR|research-node|akshare@1.18.97|stock_margin_detail_sse,2026-07-27,,2026-09-26T09:32:30.896737+00:00,2026-07-28,CONSERVATIVE_T1,margin_sse,600598,False
2026-07-27,AGGREGATOR|research-node|akshare@1.18.97|stock_margin_detail_sse,2026-07-27,,2026-09-26T09:32:30.896737+00:00,2026-07-28,CONSERVATIVE_T1,margin_sse,600629,False
2026-07-27,AGGREGATOR|research-node|akshare@1.18.97|stock_margin_detail_sse,2026-07-27,,2026-09-26T09:32:30.896737+00:00,2026-07-28,CONSERVATIVE_T1,margin_sse,600694,False
2026-07-27,AGGREGATOR|research-node|akshare@1.18.97|stock_margin_detail_sse,2026-07-27,,2026-09-26T09:32:30.896737+00:00,2026-07-28,CONSERVATIVE_T1,margin_sse,600826,False
2026-07-27,AGGREGATOR|research-node|akshare@1.18.97|stock_margin_detail_sse,2026-07-27,,2026-09-26T09:32:30.896737+00:00,2026-07-28,CONSERVATIVE_T1,margin_sse,600846,False
2026-07-27,AGGREGATOR|research-node|akshare@1.18.97|stock_margin_detail_sse,2026-07-27,,2026-09-26T09:32:30.896737+00:00,2026-07-28,CONSERVATIVE_T1,margin_sse,600928,False
2026-07-27,AGGREGATOR|research-node|akshare@1.18.97|stock_margin_detail_sse,2026-07-27,,2026-09-26T09:32:30.896737+00:00,2026-07-28,CONSERVATIVE_T1,margin_sse,600977,False
2026-07-27,AGGREGATOR|research-node|akshare@1.18.97|stock_margin_detail_sse,2026-07-27,,2026-09-26T09:32:30.896737+00:00,2026-07-28,CONSERVATIVE_T1,margin_sse,601098,False
2026-07-27,AGGREGATOR|research-node|akshare@1.18.97|stock_margin_detail_sse,2026-07-27,,2026-09-26T09:32:30.896737+00:00,2026-07-28,CONSERVATIVE_T1,margin_sse,601111,False
2026-07-27,AGGREGATOR|research-node|akshare@1.18.97|stock_margin_detail_sse,2026-07-27,,2026-09-26T09:32:30.896737+00:00,2026-07-28,CONSERVATIVE_T1,margin_sse,601298,False
2026-07-27,AGGREGATOR|research-node|akshare@1.18.97|stock_margin_detail_sse,2026-07-27,,2026-09-26T09:32:30.896737+00:00,2026-07-28,CONSERVATIVE_T1,margin_sse,601328,False
2026-07-27,AGGREGATOR|research-node|akshare@1.18.97|stock_margin_detail_sse,2026-07-27,,2026-09-26T09:32:30.896737+00:00,2026-07-28,CONSERVATIVE_T1,margin_sse,601869,False
2026-07-27,AGGREGATOR|research-node|akshare@1.18.97|stock_margin_detail_sse,2026-07-27,,2026-09-26T09:32:30.896737+00:00,2026-07-28,CONSERVATIVE_T1,margin_sse,601900,False
2026-07-27,AGGREGATOR|research-node|akshare@1.18.97|stock_margin_detail_sse,2026-07-27,,2026-09-26T09:32:30.896737+00:00,2026-07-28,CONSERVATIVE_T1,margin_sse,601963,False
2026-07-27,AGGREGATOR|research-node|akshare@1.18.97|stock_margin_detail_sse,2026-07-27,,2026-09-26T09:32:30.896737+00:00,2026-07-28,CONSERVATIVE_T1,margin_sse,601985,False
2026-07-27,AGGREGATOR|research-node|akshare@1.18.97|stock_margin_detail_sse,2026-07-27,,2026-09-26T09:32:30.896737+00:00,2026-07-28,CONSERVATIVE_T1,margin_sse,601988,False
2026-07-27,AGGREGATOR|research-node|akshare@1.18.97|stock_margin_detail_sse,2026-07-27,,2026-09-26T09:32:30.896737+00:00,2026-07-28,CONSERVATIVE_T1,margin_sse,601992,False
2026-07-27,AGGREGATOR|research-node|akshare@1.18.97|stock_margin_detail_sse,2026-07-27,,2026-09-26T09:32:30.896737+00:00,2026-07-28,CONSERVATIVE_T1,margin_sse,603618,False
2026-07-27,AGGREGATOR|research-node|akshare@1.18.97|stock_margin_detail_sse,2026-07-27,,2026-09-26T09:32:30.896737+00:00,2026-07-28,CONSERVATIVE_T1,margin_sse,603667,True
2026-07-27,AGGREGATOR|research-node|akshare@1.18.97|stock_margin_detail_sse,2026-07-27,,2026-09-26T09:32:30.896737+00:00,2026-07-28,CONSERVATIVE_T1,margin_sse,603686,True
2026-07-27,AGGREGATOR|research-node|akshare@1.18.97|stock_margin_detail_sse,2026-07-27,,2026-09-26T09:32:30.896737+00:00,2026-07-28,CONSERVATIVE_T1,margin_sse,688088,False
2026-07-27,AGGREGATOR|research-node|akshare@1.18.97|stock_margin_detail_sse,2026-07-27,,2026-09-26T09:32:30.896737+00:00,2026-07-28,CONSERVATIVE_T1,margin_sse,688116,False
2026-07-27,AGGREGATOR|research-node|akshare@1.18.97|stock_margin_detail_sse,2026-07-27,,2026-09-26T09:32:30.896737+00:00,2026-07-28,CONSERVATIVE_T1,margin_sse,688218,False
2026-07-27,AGGREGATOR|research-node|akshare@1.18.97|stock_margin_detail_sse,2026-07-27,,2026-09-26T09:32:30.896737+00:00,2026-07-28,CONSERVATIVE_T1,margin_sse,688498,False
2026-07-27,AGGREGATOR|research-node|akshare@1.18.97|stock_margin_detail_sse,2026-07-27,,2026-09-26T09:32:30.896737+00:00,2026-07-28,CONSERVATIVE_T1,margin_sse,688521,False
2026-07-28,AGGREGATOR|research-node|akshare@1.18.97|stock_margin_detail_sse,2026-07-28,,2026-09-26T09:32:35.353146+00:00,2026-07-29,CONSERVATIVE_T1,margin_sse,600022,False
2026-07-28,AGGREGATOR|research-node|akshare@1.18.97|stock_margin_detail_sse,2026-07-28,,2026-09-26T09:32:35.353146+00:00,2026-07-29,CONSERVATIVE_T1,margin_sse,600113,False
2026-07-28,AGGREGATOR|research-node|akshare@1.18.97|stock_margin_detail_sse,2026-07-28,,2026-09-26T09:32:35.353146+00:00,2026-07-29,CONSERVATIVE_T1,margin_sse,600196,True
2026-07-28,AGGREGATOR|research-node|akshare@1.18.97|stock_margin_detail_sse,2026-07-28,,2026-09-26T09:32:35.353146+00:00,2026-07-29,CONSERVATIVE_T1,margin_sse,600269,False
2026-07-28,AGGREGATOR|research-node|akshare@1.18.97|stock_margin_detail_sse,2026-07-28,,2026-09-26T09:32:35.353146+00:00,2026-07-29,CONSERVATIVE_T1,margin_sse,600377,False
2026-07-28,AGGREGATOR|research-node|akshare@1.18.97|stock_margin_detail_sse,2026-07-28,,2026-09-26T09:32:35.353146+00:00,2026-07-29,CONSERVATIVE_T1,margin_sse,600459,False
2026-07-28,AGGREGATOR|research-node|akshare@1.18.97|stock_margin_detail_sse,2026-07-28,,2026-09-26T09:32:35.353146+00:00,2026-07-29,CONSERVATIVE_T1,margin_sse,600567,False
2026-07-28,AGGREGATOR|research-node|akshare@1.18.97|stock_margin_detail_sse,2026-07-28,,2026-09-26T09:32:35.353146+00:00,2026-07-29,CONSERVATIVE_T1,margin_sse,600598,False
2026-07-28,AGGREGATOR|research-node|akshare@1.18.97|stock_margin_detail_sse,2026-07-28,,2026-09-26T09:32:35.353146+00:00,2026-07-29,CONSERVATIVE_T1,margin_sse,600629,False
2026-07-28,AGGREGATOR|research-node|akshare@1.18.97|stock_margin_detail_sse,2026-07-28,,2026-09-26T09:32:35.353146+00:00,2026-07-29,CONSERVATIVE_T1,margin_sse,600694,False
2026-07-28,AGGREGATOR|research-node|akshare@1.18.97|stock_margin_detail_sse,2026-07-28,,2026-09-26T09:32:35.353146+00:00,2026-07-29,CONSERVATIVE_T1,margin_sse,600826,False
2026-07-28,AGGREGATOR|research-node|akshare@1.18.97|stock_margin_detail_sse,2026-07-28,,2026-09-26T09:32:35.353146+00:00,2026-07-29,CONSERVATIVE_T1,margin_sse,600846,False
2026-07-28,AGGREGATOR|research-node|akshare@1.18.97|stock_margin_detail_sse,2026-07-28,,2026-09-26T09:32:35.353146+00:00,2026-07-29,CONSERVATIVE_T1,margin_sse,600928,False
2026-07-28,AGGREGATOR|research-node|akshare@1.18.97|stock_margin_detail_sse,2026-07-28,,2026-09-26T09:32:35.353146+00:00,2026-07-29,CONSERVATIVE_T1,margin_sse,600977,False
2026-07-28,AGGREGATOR|research-node|akshare@1.18.97|stock_margin_detail_sse,2026-07-28,,2026-09-26T09:32:35.353146+00:00,2026-07-29,CONSERVATIVE_T1,margin_sse,601098,False
2026-07-28,AGGREGATOR|research-node|akshare@1.18.97|stock_margin_detail_sse,2026-07-28,,2026-09-26T09:32:35.353146+00:00,2026-07-29,CONSERVATIVE_T1,margin_sse,601111,False
2026-07-28,AGGREGATOR|research-node|akshare@1.18.97|stock_margin_detail_sse,2026-07-28,,2026-09-26T09:32:35.353146+00:00,2026-07-29,CONSERVATIVE_T1,margin_sse,601298,False
2026-07-28,AGGREGATOR|research-node|akshare@1.18.97|stock_margin_detail_sse,2026-07-28,,2026-09-26T09:32:35.353146+00:00,2026-07-29,CONSERVATIVE_T1,margin_sse,601328,False
2026-07-28,AGGREGATOR|research-node|akshare@1.18.97|stock_margin_detail_sse,2026-07-28,,2026-09-26T09:32:35.353146+00:00,2026-07-29,CONSERVATIVE_T1,margin_sse,601869,False
2026-07-28,AGGREGATOR|research-node|akshare@1.18.97|stock_margin_detail_sse,2026-07-28,,2026-09-26T09:32:35.353146+00:00,2026-07-29,CONSERVATIVE_T1,margin_sse,601900,False
2026-07-28,AGGREGATOR|research-node|akshare@1.18.97|stock_margin_detail_sse,2026-07-28,,2026-09-26T09:32:35.353146+00:00,2026-07-29,CONSERVATIVE_T1,margin_sse,601963,False
2026-07-28,AGGREGATOR|research-node|akshare@1.18.97|stock_margin_detail_sse,2026-07-28,,2026-09-26T09:32:35.353146+00:00,2026-07-29,CONSERVATIVE_T1,margin_sse,601985,False
2026-07-28,AGGREGATOR|research-node|akshare@1.18.97|stock_margin_detail_sse,2026-07-28,,2026-09-26T09:32:35.353146+00:00,2026-07-29,CONSERVATIVE_T1,margin_sse,601988,False
2026-07-28,AGGREGATOR|research-node|akshare@1.18.97|stock_margin_detail_sse,2026-07-28,,2026-09-26T09:32:35.353146+00:00,2026-07-29,CONSERVATIVE_T1,margin_sse,601992,False
2026-07-28,AGGREGATOR|research-node|akshare@1.18.97|stock_margin_detail_sse,2026-07-28,,2026-09-26T09:32:35.353146+00:00,2026-07-29,CONSERVATIVE_T1,margin_sse,603618,False
2026-07-28,AGGREGATOR|research-node|akshare@1.18.97|stock_margin_detail_sse,2026-07-28,,2026-09-26T09:32:35.353146+00:00,2026-07-29,CONSERVATIVE_T1,margin_sse,603667,True
2026-07-28,AGGREGATOR|research-node|akshare@1.18.97|stock_margin_detail_sse,2026-07-28,,2026-09-26T09:32:35.353146+00:00,2026-07-29,CONSERVATIVE_T1,margin_sse,603686,True
2026-07-28,AGGREGATOR|research-node|akshare@1.18.97|stock_margin_detail_sse,2026-07-28,,2026-09-26T09:32:35.353146+00:00,2026-07-29,CONSERVATIVE_T1,margin_sse,688088,False
2026-07-28,AGGREGATOR|research-node|akshare@1.18.97|stock_margin_detail_sse,2026-07-28,,2026-09-26T09:32:35.353146+00:00,2026-07-29,CONSERVATIVE_T1,margin_sse,688116,False
2026-07-28,AGGREGATOR|research-node|akshare@1.18.97|stock_margin_detail_sse,2026-07-28,,2026-09-26T09:32:35.353146+00:00,2026-07-29,CONSERVATIVE_T1,margin_sse,688218,False
2026-07-28,AGGREGATOR|research-node|akshare@1.18.97|stock_margin_detail_sse,2026-07-28,,2026-09-26T09:32:35.353146+00:00,2026-07-29,CONSERVATIVE_T1,margin_sse,688498,False
2026-07-28,AGGREGATOR|research-node|akshare@1.18.97|stock_margin_detail_sse,2026-07-28,,2026-09-26T09:32:35.353146+00:00,2026-07-29,CONSERVATIVE_T1,margin_sse,688521,False
2026-07-29,AGGREGATOR|research-node|akshare@1.18.97|stock_margin_detail_sse,2026-07-29,,2026-09-26T09:32:39.878940+00:00,2026-07-30,CONSERVATIVE_T1,margin_sse,600022,False
2026-07-29,AGGREGATOR|research-node|akshare@1.18.97|stock_margin_detail_sse,2026-07-29,,2026-09-26T09:32:39.878940+00:00,2026-07-30,CONSERVATIVE_T1,margin_sse,600113,False
2026-07-29,AGGREGATOR|research-node|akshare@1.18.97|stock_margin_detail_sse,2026-07-29,,2026-09-26T09:32:39.878940+00:00,2026-07-30,CONSERVATIVE_T1,margin_sse,600196,True
2026-07-29,AGGREGATOR|research-node|akshare@1.18.97|stock_margin_detail_sse,2026-07-29,,2026-09-26T09:32:39.878940+00:00,2026-07-30,CONSERVATIVE_T1,margin_sse,600269,False
2026-07-29,AGGREGATOR|research-node|akshare@1.18.97|stock_margin_detail_sse,2026-07-29,,2026-09-26T09:32:39.878940+00:00,2026-07-30,CONSERVATIVE_T1,margin_sse,600377,False
2026-07-29,AGGREGATOR|research-node|akshare@1.18.97|stock_margin_detail_sse,2026-07-29,,2026-09-26T09:32:39.878940+00:00,2026-07-30,CONSERVATIVE_T1,margin_sse,600459,False
2026-07-29,AGGREGATOR|research-node|akshare@1.18.97|stock_margin_detail_sse,2026-07-29,,2026-09-26T09:32:39.878940+00:00,2026-07-30,CONSERVATIVE_T1,margin_sse,600567,False
2026-07-29,AGGREGATOR|research-node|akshare@1.18.97|stock_margin_detail_sse,2026-07-29,,2026-09-26T09:32:39.878940+00:00,2026-07-30,CONSERVATIVE_T1,margin_sse,600598,False
2026-07-29,AGGREGATOR|research-node|akshare@1.18.97|stock_margin_detail_sse,2026-07-29,,2026-09-26T09:32:39.878940+00:00,2026-07-30,CONSERVATIVE_T1,margin_sse,600629,False
2026-07-29,AGGREGATOR|research-node|akshare@1.18.97|stock_margin_detail_sse,2026-07-29,,2026-09-26T09:32:39.878940+00:00,2026-07-30,CONSERVATIVE_T1,margin_sse,600694,False
2026-07-29,AGGREGATOR|research-node|akshare@1.18.97|stock_margin_detail_sse,2026-07-29,,2026-09-26T09:32:39.878940+00:00,2026-07-30,CONSERVATIVE_T1,margin_sse,600826,False
2026-07-29,AGGREGATOR|research-node|akshare@1.18.97|stock_margin_detail_sse,2026-07-29,,2026-09-26T09:32:39.878940+00:00,2026-07-30,CONSERVATIVE_T1,margin_sse,600846,False
2026-07-29,AGGREGATOR|research-node|akshare@1.18.97|stock_margin_detail_sse,2026-07-29,,2026-09-26T09:32:39.878940+00:00,2026-07-30,CONSERVATIVE_T1,margin_sse,600928,False
2026-07-29,AGGREGATOR|research-node|akshare@1.18.97|stock_margin_detail_sse,2026-07-29,,2026-09-26T09:32:39.878940+00:00,2026-07-30,CONSERVATIVE_T1,margin_sse,600977,False
2026-07-29,AGGREGATOR|research-node|akshare@1.18.97|stock_margin_detail_sse,2026-07-29,,2026-09-26T09:32:39.878940+00:00,2026-07-30,CONSERVATIVE_T1,margin_sse,601098,False
2026-07-29,AGGREGATOR|research-node|akshare@1.18.97|stock_margin_detail_sse,2026-07-29,,2026-09-26T09:32:39.878940+00:00,2026-07-30,CONSERVATIVE_T1,margin_sse,601111,False
2026-07-29,AGGREGATOR|research-node|akshare@1.18.97|stock_margin_detail_sse,2026-07-29,,2026-09-26T09:32:39.878940+00:00,2026-07-30,CONSERVATIVE_T1,margin_sse,601298,False
2026-07-29,AGGREGATOR|research-node|akshare@1.18.97|stock_margin_detail_sse,2026-07-29,,2026-09-26T09:32:39.878940+00:00,2026-07-30,CONSERVATIVE_T1,margin_sse,601328,False
2026-07-29,AGGREGATOR|research-node|akshare@1.18.97|stock_margin_detail_sse,2026-07-29,,2026-09-26T09:32:39.878940+00:00,2026-07-30,CONSERVATIVE_T1,margin_sse,601869,False
2026-07-29,AGGREGATOR|research-node|akshare@1.18.97|stock_margin_detail_sse,2026-07-29,,2026-09-26T09:32:39.878940+00:00,2026-07-30,CONSERVATIVE_T1,margin_sse,601900,False
2026-07-29,AGGREGATOR|research-node|akshare@1.18.97|stock_margin_detail_sse,2026-07-29,,2026-09-26T09:32:39.878940+00:00,2026-07-30,CONSERVATIVE_T1,margin_sse,601963,False
2026-07-29,AGGREGATOR|research-node|akshare@1.18.97|stock_margin_detail_sse,2026-07-29,,2026-09-26T09:32:39.878940+00:00,2026-07-30,CONSERVATIVE_T1,margin_sse,601985,False
2026-07-29,AGGREGATOR|research-node|akshare@1.18.97|stock_margin_detail_sse,2026-07-29,,2026-09-26T09:32:39.878940+00:00,2026-07-30,CONSERVATIVE_T1,margin_sse,601988,False
2026-07-29,AGGREGATOR|research-node|akshare@1.18.97|stock_margin_detail_sse,2026-07-29,,2026-09-26T09:32:39.878940+00:00,2026-07-30,CONSERVATIVE_T1,margin_sse,601992,False
2026-07-29,AGGREGATOR|research-node|akshare@1.18.97|stock_margin_detail_sse,2026-07-29,,2026-09-26T09:32:39.878940+00:00,2026-07-30,CONSERVATIVE_T1,margin_sse,603618,False
2026-07-29,AGGREGATOR|research-node|akshare@1.18.97|stock_margin_detail_sse,2026-07-29,,2026-09-26T09:32:39.878940+00:00,2026-07-30,CONSERVATIVE_T1,margin_sse,603667,True
2026-07-29,AGGREGATOR|research-node|akshare@1.18.97|stock_margin_detail_sse,2026-07-29,,2026-09-26T09:32:39.878940+00:00,2026-07-30,CONSERVATIVE_T1,margin_sse,603686,True
2026-07-29,AGGREGATOR|research-node|akshare@1.18.97|stock_margin_detail_sse,2026-07-29,,2026-09-26T09:32:39.878940+00:00,2026-07-30,CONSERVATIVE_T1,margin_sse,688088,False
2026-07-29,AGGREGATOR|research-node|akshare@1.18.97|stock_margin_detail_sse,2026-07-29,,2026-09-26T09:32:39.878940+00:00,2026-07-30,CONSERVATIVE_T1,margin_sse,688116,False
2026-07-29,AGGREGATOR|research-node|akshare@1.18.97|stock_margin_detail_sse,2026-07-29,,2026-09-26T09:32:39.878940+00:00,2026-07-30,CONSERVATIVE_T1,margin_sse,688218,False
2026-07-29,AGGREGATOR|research-node|akshare@1.18.97|stock_margin_detail_sse,2026-07-29,,2026-09-26T09:32:39.878940+00:00,2026-07-30,CONSERVATIVE_T1,margin_sse,688498,False
2026-07-29,AGGREGATOR|research-node|akshare@1.18.97|stock_margin_detail_sse,2026-07-29,,2026-09-26T09:32:39.878940+00:00,2026-07-30,CONSERVATIVE_T1,margin_sse,688521,False
2026-07-30,AGGREGATOR|research-node|akshare@1.18.97|stock_margin_detail_sse,2026-07-30,,2026-09-26T09:32:44.542643+00:00,2026-07-31,CONSERVATIVE_T1,margin_sse,600022,False
2026-07-30,AGGREGATOR|research-node|akshare@1.18.97|stock_margin_detail_sse,2026-07-30,,2026-09-26T09:32:44.542643+00:00,2026-07-31,CONSERVATIVE_T1,margin_sse,600113,False
2026-07-30,AGGREGATOR|research-node|akshare@1.18.97|stock_margin_detail_sse,2026-07-30,,2026-09-26T09:32:44.542643+00:00,2026-07-31,CONSERVATIVE_T1,margin_sse,600196,True
2026-07-30,AGGREGATOR|research-node|akshare@1.18.97|stock_margin_detail_sse,2026-07-30,,2026-09-26T09:32:44.542643+00:00,2026-07-31,CONSERVATIVE_T1,margin_sse,600269,False
2026-07-30,AGGREGATOR|research-node|akshare@1.18.97|stock_margin_detail_sse,2026-07-30,,2026-09-26T09:32:44.542643+00:00,2026-07-31,CONSERVATIVE_T1,margin_sse,600377,False
2026-07-30,AGGREGATOR|research-node|akshare@1.18.97|stock_margin_detail_sse,2026-07-30,,2026-09-26T09:32:44.542643+00:00,2026-07-31,CONSERVATIVE_T1,margin_sse,600459,False
2026-07-30,AGGREGATOR|research-node|akshare@1.18.97|stock_margin_detail_sse,2026-07-30,,2026-09-26T09:32:44.542643+00:00,2026-07-31,CONSERVATIVE_T1,margin_sse,600567,False
2026-07-30,AGGREGATOR|research-node|akshare@1.18.97|stock_margin_detail_sse,2026-07-30,,2026-09-26T09:32:44.542643+00:00,2026-07-31,CONSERVATIVE_T1,margin_sse,600598,False
2026-07-30,AGGREGATOR|research-node|akshare@1.18.97|stock_margin_detail_sse,2026-07-30,,2026-09-26T09:32:44.542643+00:00,2026-07-31,CONSERVATIVE_T1,margin_sse,600629,False
2026-07-30,AGGREGATOR|research-node|akshare@1.18.97|stock_margin_detail_sse,2026-07-30,,2026-09-26T09:32:44.542643+00:00,2026-07-31,CONSERVATIVE_T1,margin_sse,600694,False
2026-07-30,AGGREGATOR|research-node|akshare@1.18.97|stock_margin_detail_sse,2026-07-30,,2026-09-26T09:32:44.542643+00:00,2026-07-31,CONSERVATIVE_T1,margin_sse,600826,False
2026-07-30,AGGREGATOR|research-node|akshare@1.18.97|stock_margin_detail_sse,2026-07-30,,2026-09-26T09:32:44.542643+00:00,2026-07-31,CONSERVATIVE_T1,margin_sse,600846,False
2026-07-30,AGGREGATOR|research-node|akshare@1.18.97|stock_margin_detail_sse,2026-07-30,,2026-09-26T09:32:44.542643+00:00,2026-07-31,CONSERVATIVE_T1,margin_sse,600928,False
2026-07-30,AGGREGATOR|research-node|akshare@1.18.97|stock_margin_detail_sse,2026-07-30,,2026-09-26T09:32:44.542643+00:00,2026-07-31,CONSERVATIVE_T1,margin_sse,600977,False
2026-07-30,AGGREGATOR|research-node|akshare@1.18.97|stock_margin_detail_sse,2026-07-30,,2026-09-26T09:32:44.542643+00:00,2026-07-31,CONSERVATIVE_T1,margin_sse,601098,False
2026-07-30,AGGREGATOR|research-node|akshare@1.18.97|stock_margin_detail_sse,2026-07-30,,2026-09-26T09:32:44.542643+00:00,2026-07-31,CONSERVATIVE_T1,margin_sse,601111,False
2026-07-30,AGGREGATOR|research-node|akshare@1.18.97|stock_margin_detail_sse,2026-07-30,,2026-09-26T09:32:44.542643+00:00,2026-07-31,CONSERVATIVE_T1,margin_sse,601298,False
2026-07-30,AGGREGATOR|research-node|akshare@1.18.97|stock_margin_detail_sse,2026-07-30,,2026-09-26T09:32:44.542643+00:00,2026-07-31,CONSERVATIVE_T1,margin_sse,601328,False
2026-07-30,AGGREGATOR|research-node|akshare@1.18.97|stock_margin_detail_sse,2026-07-30,,2026-09-26T09:32:44.542643+00:00,2026-07-31,CONSERVATIVE_T1,margin_sse,601869,False
2026-07-30,AGGREGATOR|research-node|akshare@1.18.97|stock_margin_detail_sse,2026-07-30,,2026-09-26T09:32:44.542643+00:00,2026-07-31,CONSERVATIVE_T1,margin_sse,601900,False
2026-07-30,AGGREGATOR|research-node|akshare@1.18.97|stock_margin_detail_sse,2026-07-30,,2026-09-26T09:32:44.542643+00:00,2026-07-31,CONSERVATIVE_T1,margin_sse,601963,False
2026-07-30,AGGREGATOR|research-node|akshare@1.18.97|stock_margin_detail_sse,2026-07-30,,2026-09-26T09:32:44.542643+00:00,2026-07-31,CONSERVATIVE_T1,margin_sse,601985,False
2026-07-30,AGGREGATOR|research-node|akshare@1.18.97|stock_margin_detail_sse,2026-07-30,,2026-09-26T09:32:44.542643+00:00,2026-07-31,CONSERVATIVE_T1,margin_sse,601988,False
2026-07-30,AGGREGATOR|research-node|akshare@1.18.97|stock_margin_detail_sse,2026-07-30,,2026-09-26T09:32:44.542643+00:00,2026-07-31,CONSERVATIVE_T1,margin_sse,601992,False
2026-07-30,AGGREGATOR|research-node|akshare@1.18.97|stock_margin_detail_sse,2026-07-30,,2026-09-26T09:32:44.542643+00:00,2026-07-31,CONSERVATIVE_T1,margin_sse,603618,False
2026-07-30,AGGREGATOR|research-node|akshare@1.18.97|stock_margin_detail_sse,2026-07-30,,2026-09-26T09:32:44.542643+00:00,2026-07-31,CONSERVATIVE_T1,margin_sse,603667,True
2026-07-30,AGGREGATOR|research-node|akshare@1.18.97|stock_margin_detail_sse,2026-07-30,,2026-09-26T09:32:44.542643+00:00,2026-07-31,CONSERVATIVE_T1,margin_sse,603686,True
2026-07-30,AGGREGATOR|research-node|akshare@1.18.97|stock_margin_detail_sse,2026-07-30,,2026-09-26T09:32:44.542643+00:00,2026-07-31,CONSERVATIVE_T1,margin_sse,688088,False
2026-07-30,AGGREGATOR|research-node|akshare@1.18.97|stock_margin_detail_sse,2026-07-30,,2026-09-26T09:32:44.542643+00:00,2026-07-31,CONSERVATIVE_T1,margin_sse,688116,False
2026-07-30,AGGREGATOR|research-node|akshare@1.18.97|stock_margin_detail_sse,2026-07-30,,2026-09-26T09:32:44.542643+00:00,2026-07-31,CONSERVATIVE_T1,margin_sse,688218,False
2026-07-30,AGGREGATOR|research-node|akshare@1.18.97|stock_margin_detail_sse,2026-07-30,,2026-09-26T09:32:44.542643+00:00,2026-07-31,CONSERVATIVE_T1,margin_sse,688498,False
2026-07-30,AGGREGATOR|research-node|akshare@1.18.97|stock_margin_detail_sse,2026-07-30,,2026-09-26T09:32:44.542643+00:00,2026-07-31,CONSERVATIVE_T1,margin_sse,688521,False
2026-07-31,AGGREGATOR|research-node|akshare@1.18.97|stock_margin_detail_sse,2026-07-31,,2026-09-26T09:32:49.065678+00:00,2026-08-03,CONSERVATIVE_T1,margin_sse,600022,False
2026-07-31,AGGREGATOR|research-node|akshare@1.18.97|stock_margin_detail_sse,2026-07-31,,2026-09-26T09:32:49.065678+00:00,2026-08-03,CONSERVATIVE_T1,margin_sse,600113,False
2026-07-31,AGGREGATOR|research-node|akshare@1.18.97|stock_margin_detail_sse,2026-07-31,,2026-09-26T09:32:49.065678+00:00,2026-08-03,CONSERVATIVE_T1,margin_sse,600196,True
2026-07-31,AGGREGATOR|research-node|akshare@1.18.97|stock_margin_detail_sse,2026-07-31,,2026-09-26T09:32:49.065678+00:00,2026-08-03,CONSERVATIVE_T1,margin_sse,600269,False
2026-07-31,AGGREGATOR|research-node|akshare@1.18.97|stock_margin_detail_sse,2026-07-31,,2026-09-26T09:32:49.065678+00:00,2026-08-03,CONSERVATIVE_T1,margin_sse,600377,False
2026-07-31,AGGREGATOR|research-node|akshare@1.18.97|stock_margin_detail_sse,2026-07-31,,2026-09-26T09:32:49.065678+00:00,2026-08-03,CONSERVATIVE_T1,margin_sse,600459,False
2026-07-31,AGGREGATOR|research-node|akshare@1.18.97|stock_margin_detail_sse,2026-07-31,,2026-09-26T09:32:49.065678+00:00,2026-08-03,CONSERVATIVE_T1,margin_sse,600567,False
2026-07-31,AGGREGATOR|research-node|akshare@1.18.97|stock_margin_detail_sse,2026-07-31,,2026-09-26T09:32:49.065678+00:00,2026-08-03,CONSERVATIVE_T1,margin_sse,600598,False
2026-07-31,AGGREGATOR|research-node|akshare@1.18.97|stock_margin_detail_sse,2026-07-31,,2026-09-26T09:32:49.065678+00:00,2026-08-03,CONSERVATIVE_T1,margin_sse,600629,False
2026-07-31,AGGREGATOR|research-node|akshare@1.18.97|stock_margin_detail_sse,2026-07-31,,2026-09-26T09:32:49.065678+00:00,2026-08-03,CONSERVATIVE_T1,margin_sse,600694,False
2026-07-31,AGGREGATOR|research-node|akshare@1.18.97|stock_margin_detail_sse,2026-07-31,,2026-09-26T09:32:49.065678+00:00,2026-08-03,CONSERVATIVE_T1,margin_sse,600826,False
2026-07-31,AGGREGATOR|research-node|akshare@1.18.97|stock_margin_detail_sse,2026-07-31,,2026-09-26T09:32:49.065678+00:00,2026-08-03,CONSERVATIVE_T1,margin_sse,600846,False
2026-07-31,AGGREGATOR|research-node|akshare@1.18.97|stock_margin_detail_sse,2026-07-31,,2026-09-26T09:32:49.065678+00:00,2026-08-03,CONSERVATIVE_T1,margin_sse,600928,False
2026-07-31,AGGREGATOR|research-node|akshare@1.18.97|stock_margin_detail_sse,2026-07-31,,2026-09-26T09:32:49.065678+00:00,2026-08-03,CONSERVATIVE_T1,margin_sse,600977,False
2026-07-31,AGGREGATOR|research-node|akshare@1.18.97|stock_margin_detail_sse,2026-07-31,,2026-09-26T09:32:49.065678+00:00,2026-08-03,CONSERVATIVE_T1,margin_sse,601098,False
2026-07-31,AGGREGATOR|research-node|akshare@1.18.97|stock_margin_detail_sse,2026-07-31,,2026-09-26T09:32:49.065678+00:00,2026-08-03,CONSERVATIVE_T1,margin_sse,601111,False
2026-07-31,AGGREGATOR|research-node|akshare@1.18.97|stock_margin_detail_sse,2026-07-31,,2026-09-26T09:32:49.065678+00:00,2026-08-03,CONSERVATIVE_T1,margin_sse,601298,False
2026-07-31,AGGREGATOR|research-node|akshare@1.18.97|stock_margin_detail_sse,2026-07-31,,2026-09-26T09:32:49.065678+00:00,2026-08-03,CONSERVATIVE_T1,margin_sse,601328,False
2026-07-31,AGGREGATOR|research-node|akshare@1.18.97|stock_margin_detail_sse,2026-07-31,,2026-09-26T09:32:49.065678+00:00,2026-08-03,CONSERVATIVE_T1,margin_sse,601869,False
2026-07-31,AGGREGATOR|research-node|akshare@1.18.97|stock_margin_detail_sse,2026-07-31,,2026-09-26T09:32:49.065678+00:00,2026-08-03,CONSERVATIVE_T1,margin_sse,601900,False
2026-07-31,AGGREGATOR|research-node|akshare@1.18.97|stock_margin_detail_sse,2026-07-31,,2026-09-26T09:32:49.065678+00:00,2026-08-03,CONSERVATIVE_T1,margin_sse,601963,False
2026-07-31,AGGREGATOR|research-node|akshare@1.18.97|stock_margin_detail_sse,2026-07-31,,2026-09-26T09:32:49.065678+00:00,2026-08-03,CONSERVATIVE_T1,margin_sse,601985,False
2026-07-31,AGGREGATOR|research-node|akshare@1.18.97|stock_margin_detail_sse,2026-07-31,,2026-09-26T09:32:49.065678+00:00,2026-08-03,CONSERVATIVE_T1,margin_sse,601988,False
2026-07-31,AGGREGATOR|research-node|akshare@1.18.97|stock_margin_detail_sse,2026-07-31,,2026-09-26T09:32:49.065678+00:00,2026-08-03,CONSERVATIVE_T1,margin_sse,601992,False
2026-07-31,AGGREGATOR|research-node|akshare@1.18.97|stock_margin_detail_sse,2026-07-31,,2026-09-26T09:32:49.065678+00:00,2026-08-03,CONSERVATIVE_T1,margin_sse,603618,False
2026-07-31,AGGREGATOR|research-node|akshare@1.18.97|stock_margin_detail_sse,2026-07-31,,2026-09-26T09:32:49.065678+00:00,2026-08-03,CONSERVATIVE_T1,margin_sse,603667,True
2026-07-31,AGGREGATOR|research-node|akshare@1.18.97|stock_margin_detail_sse,2026-07-31,,2026-09-26T09:32:49.065678+00:00,2026-08-03,CONSERVATIVE_T1,margin_sse,603686,True
2026-07-31,AGGREGATOR|research-node|akshare@1.18.97|stock_margin_detail_sse,2026-07-31,,2026-09-26T09:32:49.065678+00:00,2026-08-03,CONSERVATIVE_T1,margin_sse,688088,False
2026-07-31,AGGREGATOR|research-node|akshare@1.18.97|stock_margin_detail_sse,2026-07-31,,2026-09-26T09:32:49.065678+00:00,2026-08-03,CONSERVATIVE_T1,margin_sse,688116,False
2026-07-31,AGGREGATOR|research-node|akshare@1.18.97|stock_margin_detail_sse,2026-07-31,,2026-09-26T09:32:49.065678+00:00,2026-08-03,CONSERVATIVE_T1,margin_sse,688218,False
2026-07-31,AGGREGATOR|research-node|akshare@1.18.97|stock_margin_detail_sse,2026-07-31,,2026-09-26T09:32:49.065678+00:00,2026-08-03,CONSERVATIVE_T1,margin_sse,688498,False
2026-07-31,AGGREGATOR|research-node|akshare@1.18.97|stock_margin_detail_sse,2026-07-31,,2026-09-26T09:32:49.065678+00:00,2026-08-03,CONSERVATIVE_T1,margin_sse,688521,False
2026-08-03,AGGREGATOR|research-node|akshare@1.18.97|stock_margin_detail_sse,2026-08-03,,2026-09-26T09:32:53.557773+00:00,2026-08-04,CONSERVATIVE_T1,margin_sse,600022,False
2026-08-03,AGGREGATOR|research-node|akshare@1.18.97|stock_margin_detail_sse,2026-08-03,,2026-09-26T09:32:53.557773+00:00,2026-08-04,CONSERVATIVE_T1,margin_sse,600113,False
2026-08-03,AGGREGATOR|research-node|akshare@1.18.97|stock_margin_detail_sse,2026-08-03,,2026-09-26T09:32:53.557773+00:00,2026-08-04,CONSERVATIVE_T1,margin_sse,600196,True
2026-08-03,AGGREGATOR|research-node|akshare@1.18.97|stock_margin_detail_sse,2026-08-03,,2026-09-26T09:32:53.557773+00:00,2026-08-04,CONSERVATIVE_T1,margin_sse,600269,False
2026-08-03,AGGREGATOR|research-node|akshare@1.18.97|stock_margin_detail_sse,2026-08-03,,2026-09-26T09:32:53.557773+00:00,2026-08-04,CONSERVATIVE_T1,margin_sse,600377,False
2026-08-03,AGGREGATOR|research-node|akshare@1.18.97|stock_margin_detail_sse,2026-08-03,,2026-09-26T09:32:53.557773+00:00,2026-08-04,CONSERVATIVE_T1,margin_sse,600459,False
2026-08-03,AGGREGATOR|research-node|akshare@1.18.97|stock_margin_detail_sse,2026-08-03,,2026-09-26T09:32:53.557773+00:00,2026-08-04,CONSERVATIVE_T1,margin_sse,600567,False
2026-08-03,AGGREGATOR|research-node|akshare@1.18.97|stock_margin_detail_sse,2026-08-03,,2026-09-26T09:32:53.557773+00:00,2026-08-04,CONSERVATIVE_T1,margin_sse,600598,False
2026-08-03,AGGREGATOR|research-node|akshare@1.18.97|stock_margin_detail_sse,2026-08-03,,2026-09-26T09:32:53.557773+00:00,2026-08-04,CONSERVATIVE_T1,margin_sse,600629,False
2026-08-03,AGGREGATOR|research-node|akshare@1.18.97|stock_margin_detail_sse,2026-08-03,,2026-09-26T09:32:53.557773+00:00,2026-08-04,CONSERVATIVE_T1,margin_sse,600694,False
2026-08-03,AGGREGATOR|research-node|akshare@1.18.97|stock_margin_detail_sse,2026-08-03,,2026-09-26T09:32:53.557773+00:00,2026-08-04,CONSERVATIVE_T1,margin_sse,600826,False
2026-08-03,AGGREGATOR|research-node|akshare@1.18.97|stock_margin_detail_sse,2026-08-03,,2026-09-26T09:32:53.557773+00:00,2026-08-04,CONSERVATIVE_T1,margin_sse,600846,False
2026-08-03,AGGREGATOR|research-node|akshare@1.18.97|stock_margin_detail_sse,2026-08-03,,2026-09-26T09:32:53.557773+00:00,2026-08-04,CONSERVATIVE_T1,margin_sse,600928,False
2026-08-03,AGGREGATOR|research-node|akshare@1.18.97|stock_margin_detail_sse,2026-08-03,,2026-09-26T09:32:53.557773+00:00,2026-08-04,CONSERVATIVE_T1,margin_sse,600977,False
2026-08-03,AGGREGATOR|research-node|akshare@1.18.97|stock_margin_detail_sse,2026-08-03,,2026-09-26T09:32:53.557773+00:00,2026-08-04,CONSERVATIVE_T1,margin_sse,601098,False
2026-08-03,AGGREGATOR|research-node|akshare@1.18.97|stock_margin_detail_sse,2026-08-03,,2026-09-26T09:32:53.557773+00:00,2026-08-04,CONSERVATIVE_T1,margin_sse,601111,False
2026-08-03,AGGREGATOR|research-node|akshare@1.18.97|stock_margin_detail_sse,2026-08-03,,2026-09-26T09:32:53.557773+00:00,2026-08-04,CONSERVATIVE_T1,margin_sse,601298,False
2026-08-03,AGGREGATOR|research-node|akshare@1.18.97|stock_margin_detail_sse,2026-08-03,,2026-09-26T09:32:53.557773+00:00,2026-08-04,CONSERVATIVE_T1,margin_sse,601328,False
2026-08-03,AGGREGATOR|research-node|akshare@1.18.97|stock_margin_detail_sse,2026-08-03,,2026-09-26T09:32:53.557773+00:00,2026-08-04,CONSERVATIVE_T1,margin_sse,601869,False
2026-08-03,AGGREGATOR|research-node|akshare@1.18.97|stock_margin_detail_sse,2026-08-03,,2026-09-26T09:32:53.557773+00:00,2026-08-04,CONSERVATIVE_T1,margin_sse,601900,False
2026-08-03,AGGREGATOR|research-node|akshare@1.18.97|stock_margin_detail_sse,2026-08-03,,2026-09-26T09:32:53.557773+00:00,2026-08-04,CONSERVATIVE_T1,margin_sse,601963,False
2026-08-03,AGGREGATOR|research-node|akshare@1.18.97|stock_margin_detail_sse,2026-08-03,,2026-09-26T09:32:53.557773+00:00,2026-08-04,CONSERVATIVE_T1,margin_sse,601985,False
2026-08-03,AGGREGATOR|research-node|akshare@1.18.97|stock_margin_detail_sse,2026-08-03,,2026-09-26T09:32:53.557773+00:00,2026-08-04,CONSERVATIVE_T1,margin_sse,601988,False
2026-08-03,AGGREGATOR|research-node|akshare@1.18.97|stock_margin_detail_sse,2026-08-03,,2026-09-26T09:32:53.557773+00:00,2026-08-04,CONSERVATIVE_T1,margin_sse,601992,False
2026-08-03,AGGREGATOR|research-node|akshare@1.18.97|stock_margin_detail_sse,2026-08-03,,2026-09-26T09:32:53.557773+00:00,2026-08-04,CONSERVATIVE_T1,margin_sse,603618,False
2026-08-03,AGGREGATOR|research-node|akshare@1.18.97|stock_margin_detail_sse,2026-08-03,,2026-09-26T09:32:53.557773+00:00,2026-08-04,CONSERVATIVE_T1,margin_sse,603667,True
2026-08-03,AGGREGATOR|research-node|akshare@1.18.97|stock_margin_detail_sse,2026-08-03,,2026-09-26T09:32:53.557773+00:00,2026-08-04,CONSERVATIVE_T1,margin_sse,603686,True
2026-08-03,AGGREGATOR|research-node|akshare@1.18.97|stock_margin_detail_sse,2026-08-03,,2026-09-26T09:32:53.557773+00:00,2026-08-04,CONSERVATIVE_T1,margin_sse,688088,False
2026-08-03,AGGREGATOR|research-node|akshare@1.18.97|stock_margin_detail_sse,2026-08-03,,2026-09-26T09:32:53.557773+00:00,2026-08-04,CONSERVATIVE_T1,margin_sse,688116,False
2026-08-03,AGGREGATOR|research-node|akshare@1.18.97|stock_margin_detail_sse,2026-08-03,,2026-09-26T09:32:53.557773+00:00,2026-08-04,CONSERVATIVE_T1,margin_sse,688218,False
2026-08-03,AGGREGATOR|research-node|akshare@1.18.97|stock_margin_detail_sse,2026-08-03,,2026-09-26T09:32:53.557773+00:00,2026-08-04,CONSERVATIVE_T1,margin_sse,688498,False
2026-08-03,AGGREGATOR|research-node|akshare@1.18.97|stock_margin_detail_sse,2026-08-03,,2026-09-26T09:32:53.557773+00:00,2026-08-04,CONSERVATIVE_T1,margin_sse,688521,False
2026-08-04,AGGREGATOR|research-node|akshare@1.18.97|stock_margin_detail_sse,2026-08-04,,2026-09-26T09:32:58.053674+00:00,2026-08-05,CONSERVATIVE_T1,margin_sse,600022,False
2026-08-04,AGGREGATOR|research-node|akshare@1.18.97|stock_margin_detail_sse,2026-08-04,,2026-09-26T09:32:58.053674+00:00,2026-08-05,CONSERVATIVE_T1,margin_sse,600113,False
2026-08-04,AGGREGATOR|research-node|akshare@1.18.97|stock_margin_detail_sse,2026-08-04,,2026-09-26T09:32:58.053674+00:00,2026-08-05,CONSERVATIVE_T1,margin_sse,600196,True
2026-08-04,AGGREGATOR|research-node|akshare@1.18.97|stock_margin_detail_sse,2026-08-04,,2026-09-26T09:32:58.053674+00:00,2026-08-05,CONSERVATIVE_T1,margin_sse,600269,False
2026-08-04,AGGREGATOR|research-node|akshare@1.18.97|stock_margin_detail_sse,2026-08-04,,2026-09-26T09:32:58.053674+00:00,2026-08-05,CONSERVATIVE_T1,margin_sse,600377,False
2026-08-04,AGGREGATOR|research-node|akshare@1.18.97|stock_margin_detail_sse,2026-08-04,,2026-09-26T09:32:58.053674+00:00,2026-08-05,CONSERVATIVE_T1,margin_sse,600459,False
2026-08-04,AGGREGATOR|research-node|akshare@1.18.97|stock_margin_detail_sse,2026-08-04,,2026-09-26T09:32:58.053674+00:00,2026-08-05,CONSERVATIVE_T1,margin_sse,600567,False
2026-08-04,AGGREGATOR|research-node|akshare@1.18.97|stock_margin_detail_sse,2026-08-04,,2026-09-26T09:32:58.053674+00:00,2026-08-05,CONSERVATIVE_T1,margin_sse,600598,False
2026-08-04,AGGREGATOR|research-node|akshare@1.18.97|stock_margin_detail_sse,2026-08-04,,2026-09-26T09:32:58.053674+00:00,2026-08-05,CONSERVATIVE_T1,margin_sse,600629,False
2026-08-04,AGGREGATOR|research-node|akshare@1.18.97|stock_margin_detail_sse,2026-08-04,,2026-09-26T09:32:58.053674+00:00,2026-08-05,CONSERVATIVE_T1,margin_sse,600694,False
2026-08-04,AGGREGATOR|research-node|akshare@1.18.97|stock_margin_detail_sse,2026-08-04,,2026-09-26T09:32:58.053674+00:00,2026-08-05,CONSERVATIVE_T1,margin_sse,600826,False
2026-08-04,AGGREGATOR|research-node|akshare@1.18.97|stock_margin_detail_sse,2026-08-04,,2026-09-26T09:32:58.053674+00:00,2026-08-05,CONSERVATIVE_T1,margin_sse,600846,False
2026-08-04,AGGREGATOR|research-node|akshare@1.18.97|stock_margin_detail_sse,2026-08-04,,2026-09-26T09:32:58.053674+00:00,2026-08-05,CONSERVATIVE_T1,margin_sse,600928,False
2026-08-04,AGGREGATOR|research-node|akshare@1.18.97|stock_margin_detail_sse,2026-08-04,,2026-09-26T09:32:58.053674+00:00,2026-08-05,CONSERVATIVE_T1,margin_sse,600977,False
2026-08-04,AGGREGATOR|research-node|akshare@1.18.97|stock_margin_detail_sse,2026-08-04,,2026-09-26T09:32:58.053674+00:00,2026-08-05,CONSERVATIVE_T1,margin_sse,601098,False
2026-08-04,AGGREGATOR|research-node|akshare@1.18.97|stock_margin_detail_sse,2026-08-04,,2026-09-26T09:32:58.053674+00:00,2026-08-05,CONSERVATIVE_T1,margin_sse,601111,False
2026-08-04,AGGREGATOR|research-node|akshare@1.18.97|stock_margin_detail_sse,2026-08-04,,2026-09-26T09:32:58.053674+00:00,2026-08-05,CONSERVATIVE_T1,margin_sse,601298,False
2026-08-04,AGGREGATOR|research-node|akshare@1.18.97|stock_margin_detail_sse,2026-08-04,,2026-09-26T09:32:58.053674+00:00,2026-08-05,CONSERVATIVE_T1,margin_sse,601328,False
2026-08-04,AGGREGATOR|research-node|akshare@1.18.97|stock_margin_detail_sse,2026-08-04,,2026-09-26T09:32:58.053674+00:00,2026-08-05,CONSERVATIVE_T1,margin_sse,601869,False
2026-08-04,AGGREGATOR|research-node|akshare@1.18.97|stock_margin_detail_sse,2026-08-04,,2026-09-26T09:32:58.053674+00:00,2026-08-05,CONSERVATIVE_T1,margin_sse,601900,False
2026-08-04,AGGREGATOR|research-node|akshare@1.18.97|stock_margin_detail_sse,2026-08-04,,2026-09-26T09:32:58.053674+00:00,2026-08-05,CONSERVATIVE_T1,margin_sse,601963,False
2026-08-04,AGGREGATOR|research-node|akshare@1.18.97|stock_margin_detail_sse,2026-08-04,,2026-09-26T09:32:58.053674+00:00,2026-08-05,CONSERVATIVE_T1,margin_sse,601985,False
2026-08-04,AGGREGATOR|research-node|akshare@1.18.97|stock_margin_detail_sse,2026-08-04,,2026-09-26T09:32:58.053674+00:00,2026-08-05,CONSERVATIVE_T1,margin_sse,601988,False
2026-08-04,AGGREGATOR|research-node|akshare@1.18.97|stock_margin_detail_sse,2026-08-04,,2026-09-26T09:32:58.053674+00:00,2026-08-05,CONSERVATIVE_T1,margin_sse,601992,False
2026-08-04,AGGREGATOR|research-node|akshare@1.18.97|stock_margin_detail_sse,2026-08-04,,2026-09-26T09:32:58.053674+00:00,2026-08-05,CONSERVATIVE_T1,margin_sse,603618,False
2026-08-04,AGGREGATOR|research-node|akshare@1.18.97|stock_margin_detail_sse,2026-08-04,,2026-09-26T09:32:58.053674+00:00,2026-08-05,CONSERVATIVE_T1,margin_sse,603667,True
2026-08-04,AGGREGATOR|research-node|akshare@1.18.97|stock_margin_detail_sse,2026-08-04,,2026-09-26T09:32:58.053674+00:00,2026-08-05,CONSERVATIVE_T1,margin_sse,603686,True
2026-08-04,AGGREGATOR|research-node|akshare@1.18.97|stock_margin_detail_sse,2026-08-04,,2026-09-26T09:32:58.053674+00:00,2026-08-05,CONSERVATIVE_T1,margin_sse,688088,False
2026-08-04,AGGREGATOR|research-node|akshare@1.18.97|stock_margin_detail_sse,2026-08-04,,2026-09-26T09:32:58.053674+00:00,2026-08-05,CONSERVATIVE_T1,margin_sse,688116,False
2026-08-04,AGGREGATOR|research-node|akshare@1.18.97|stock_margin_detail_sse,2026-08-04,,2026-09-26T09:32:58.053674+00:00,2026-08-05,CONSERVATIVE_T1,margin_sse,688218,False
2026-08-04,AGGREGATOR|research-node|akshare@1.18.97|stock_margin_detail_sse,2026-08-04,,2026-09-26T09:32:58.053674+00:00,2026-08-05,CONSERVATIVE_T1,margin_sse,688498,False
2026-08-04,AGGREGATOR|research-node|akshare@1.18.97|stock_margin_detail_sse,2026-08-04,,2026-09-26T09:32:58.053674+00:00,2026-08-05,CONSERVATIVE_T1,margin_sse,688521,False
2026-08-05,AGGREGATOR|research-node|akshare@1.18.97|stock_margin_detail_sse,2026-08-05,,2026-09-26T09:33:02.550046+00:00,2026-08-06,CONSERVATIVE_T1,margin_sse,600022,False
2026-08-05,AGGREGATOR|research-node|akshare@1.18.97|stock_margin_detail_sse,2026-08-05,,2026-09-26T09:33:02.550046+00:00,2026-08-06,CONSERVATIVE_T1,margin_sse,600113,False
2026-08-05,AGGREGATOR|research-node|akshare@1.18.97|stock_margin_detail_sse,2026-08-05,,2026-09-26T09:33:02.550046+00:00,2026-08-06,CONSERVATIVE_T1,margin_sse,600196,True
2026-08-05,AGGREGATOR|research-node|akshare@1.18.97|stock_margin_detail_sse,2026-08-05,,2026-09-26T09:33:02.550046+00:00,2026-08-06,CONSERVATIVE_T1,margin_sse,600269,False
2026-08-05,AGGREGATOR|research-node|akshare@1.18.97|stock_margin_detail_sse,2026-08-05,,2026-09-26T09:33:02.550046+00:00,2026-08-06,CONSERVATIVE_T1,margin_sse,600377,False
2026-08-05,AGGREGATOR|research-node|akshare@1.18.97|stock_margin_detail_sse,2026-08-05,,2026-09-26T09:33:02.550046+00:00,2026-08-06,CONSERVATIVE_T1,margin_sse,600459,False
2026-08-05,AGGREGATOR|research-node|akshare@1.18.97|stock_margin_detail_sse,2026-08-05,,2026-09-26T09:33:02.550046+00:00,2026-08-06,CONSERVATIVE_T1,margin_sse,600567,False
2026-08-05,AGGREGATOR|research-node|akshare@1.18.97|stock_margin_detail_sse,2026-08-05,,2026-09-26T09:33:02.550046+00:00,2026-08-06,CONSERVATIVE_T1,margin_sse,600598,False
2026-08-05,AGGREGATOR|research-node|akshare@1.18.97|stock_margin_detail_sse,2026-08-05,,2026-09-26T09:33:02.550046+00:00,2026-08-06,CONSERVATIVE_T1,margin_sse,600629,False
2026-08-05,AGGREGATOR|research-node|akshare@1.18.97|stock_margin_detail_sse,2026-08-05,,2026-09-26T09:33:02.550046+00:00,2026-08-06,CONSERVATIVE_T1,margin_sse,600694,False
2026-08-05,AGGREGATOR|research-node|akshare@1.18.97|stock_margin_detail_sse,2026-08-05,,2026-09-26T09:33:02.550046+00:00,2026-08-06,CONSERVATIVE_T1,margin_sse,600826,False
2026-08-05,AGGREGATOR|research-node|akshare@1.18.97|stock_margin_detail_sse,2026-08-05,,2026-09-26T09:33:02.550046+00:00,2026-08-06,CONSERVATIVE_T1,margin_sse,600846,False
2026-08-05,AGGREGATOR|research-node|akshare@1.18.97|stock_margin_detail_sse,2026-08-05,,2026-09-26T09:33:02.550046+00:00,2026-08-06,CONSERVATIVE_T1,margin_sse,600928,False
2026-08-05,AGGREGATOR|research-node|akshare@1.18.97|stock_margin_detail_sse,2026-08-05,,2026-09-26T09:33:02.550046+00:00,2026-08-06,CONSERVATIVE_T1,margin_sse,600977,False
2026-08-05,AGGREGATOR|research-node|akshare@1.18.97|stock_margin_detail_sse,2026-08-05,,2026-09-26T09:33:02.550046+00:00,2026-08-06,CONSERVATIVE_T1,margin_sse,601098,False
2026-08-05,AGGREGATOR|research-node|akshare@1.18.97|stock_margin_detail_sse,2026-08-05,,2026-09-26T09:33:02.550046+00:00,2026-08-06,CONSERVATIVE_T1,margin_sse,601111,False
2026-08-05,AGGREGATOR|research-node|akshare@1.18.97|stock_margin_detail_sse,2026-08-05,,2026-09-26T09:33:02.550046+00:00,2026-08-06,CONSERVATIVE_T1,margin_sse,601298,False
2026-08-05,AGGREGATOR|research-node|akshare@1.18.97|stock_margin_detail_sse,2026-08-05,,2026-09-26T09:33:02.550046+00:00,2026-08-06,CONSERVATIVE_T1,margin_sse,601328,False
2026-08-05,AGGREGATOR|research-node|akshare@1.18.97|stock_margin_detail_sse,2026-08-05,,2026-09-26T09:33:02.550046+00:00,2026-08-06,CONSERVATIVE_T1,margin_sse,601869,False
2026-08-05,AGGREGATOR|research-node|akshare@1.18.97|stock_margin_detail_sse,2026-08-05,,2026-09-26T09:33:02.550046+00:00,2026-08-06,CONSERVATIVE_T1,margin_sse,601900,False
2026-08-05,AGGREGATOR|research-node|akshare@1.18.97|stock_margin_detail_sse,2026-08-05,,2026-09-26T09:33:02.550046+00:00,2026-08-06,CONSERVATIVE_T1,margin_sse,601963,False
2026-08-05,AGGREGATOR|research-node|akshare@1.18.97|stock_margin_detail_sse,2026-08-05,,2026-09-26T09:33:02.550046+00:00,2026-08-06,CONSERVATIVE_T1,margin_sse,601985,False
2026-08-05,AGGREGATOR|research-node|akshare@1.18.97|stock_margin_detail_sse,2026-08-05,,2026-09-26T09:33:02.550046+00:00,2026-08-06,CONSERVATIVE_T1,margin_sse,601988,False
2026-08-05,AGGREGATOR|research-node|akshare@1.18.97|stock_margin_detail_sse,2026-08-05,,2026-09-26T09:33:02.550046+00:00,2026-08-06,CONSERVATIVE_T1,margin_sse,601992,False
2026-08-05,AGGREGATOR|research-node|akshare@1.18.97|stock_margin_detail_sse,2026-08-05,,2026-09-26T09:33:02.550046+00:00,2026-08-06,CONSERVATIVE_T1,margin_sse,603618,False
2026-08-05,AGGREGATOR|research-node|akshare@1.18.97|stock_margin_detail_sse,2026-08-05,,2026-09-26T09:33:02.550046+00:00,2026-08-06,CONSERVATIVE_T1,margin_sse,603667,True
2026-08-05,AGGREGATOR|research-node|akshare@1.18.97|stock_margin_detail_sse,2026-08-05,,2026-09-26T09:33:02.550046+00:00,2026-08-06,CONSERVATIVE_T1,margin_sse,603686,True
2026-08-05,AGGREGATOR|research-node|akshare@1.18.97|stock_margin_detail_sse,2026-08-05,,2026-09-26T09:33:02.550046+00:00,2026-08-06,CONSERVATIVE_T1,margin_sse,688088,False
2026-08-05,AGGREGATOR|research-node|akshare@1.18.97|stock_margin_detail_sse,2026-08-05,,2026-09-26T09:33:02.550046+00:00,2026-08-06,CONSERVATIVE_T1,margin_sse,688116,False
2026-08-05,AGGREGATOR|research-node|akshare@1.18.97|stock_margin_detail_sse,2026-08-05,,2026-09-26T09:33:02.550046+00:00,2026-08-06,CONSERVATIVE_T1,margin_sse,688218,False
2026-08-05,AGGREGATOR|research-node|akshare@1.18.97|stock_margin_detail_sse,2026-08-05,,2026-09-26T09:33:02.550046+00:00,2026-08-06,CONSERVATIVE_T1,margin_sse,688498,False
2026-08-05,AGGREGATOR|research-node|akshare@1.18.97|stock_margin_detail_sse,2026-08-05,,2026-09-26T09:33:02.550046+00:00,2026-08-06,CONSERVATIVE_T1,margin_sse,688521,False
2026-08-06,AGGREGATOR|research-node|akshare@1.18.97|stock_margin_detail_sse,2026-08-06,,2026-09-26T09:33:07.108797+00:00,2026-08-07,CONSERVATIVE_T1,margin_sse,600022,False
2026-08-06,AGGREGATOR|research-node|akshare@1.18.97|stock_margin_detail_sse,2026-08-06,,2026-09-26T09:33:07.108797+00:00,2026-08-07,CONSERVATIVE_T1,margin_sse,600113,False
2026-08-06,AGGREGATOR|research-node|akshare@1.18.97|stock_margin_detail_sse,2026-08-06,,2026-09-26T09:33:07.108797+00:00,2026-08-07,CONSERVATIVE_T1,margin_sse,600196,True
2026-08-06,AGGREGATOR|research-node|akshare@1.18.97|stock_margin_detail_sse,2026-08-06,,2026-09-26T09:33:07.108797+00:00,2026-08-07,CONSERVATIVE_T1,margin_sse,600269,False
2026-08-06,AGGREGATOR|research-node|akshare@1.18.97|stock_margin_detail_sse,2026-08-06,,2026-09-26T09:33:07.108797+00:00,2026-08-07,CONSERVATIVE_T1,margin_sse,600377,False
2026-08-06,AGGREGATOR|research-node|akshare@1.18.97|stock_margin_detail_sse,2026-08-06,,2026-09-26T09:33:07.108797+00:00,2026-08-07,CONSERVATIVE_T1,margin_sse,600459,False
2026-08-06,AGGREGATOR|research-node|akshare@1.18.97|stock_margin_detail_sse,2026-08-06,,2026-09-26T09:33:07.108797+00:00,2026-08-07,CONSERVATIVE_T1,margin_sse,600567,False
2026-08-06,AGGREGATOR|research-node|akshare@1.18.97|stock_margin_detail_sse,2026-08-06,,2026-09-26T09:33:07.108797+00:00,2026-08-07,CONSERVATIVE_T1,margin_sse,600598,False
2026-08-06,AGGREGATOR|research-node|akshare@1.18.97|stock_margin_detail_sse,2026-08-06,,2026-09-26T09:33:07.108797+00:00,2026-08-07,CONSERVATIVE_T1,margin_sse,600629,False
2026-08-06,AGGREGATOR|research-node|akshare@1.18.97|stock_margin_detail_sse,2026-08-06,,2026-09-26T09:33:07.108797+00:00,2026-08-07,CONSERVATIVE_T1,margin_sse,600694,False
2026-08-06,AGGREGATOR|research-node|akshare@1.18.97|stock_margin_detail_sse,2026-08-06,,2026-09-26T09:33:07.108797+00:00,2026-08-07,CONSERVATIVE_T1,margin_sse,600826,False
2026-08-06,AGGREGATOR|research-node|akshare@1.18.97|stock_margin_detail_sse,2026-08-06,,2026-09-26T09:33:07.108797+00:00,2026-08-07,CONSERVATIVE_T1,margin_sse,600846,False
2026-08-06,AGGREGATOR|research-node|akshare@1.18.97|stock_margin_detail_sse,2026-08-06,,2026-09-26T09:33:07.108797+00:00,2026-08-07,CONSERVATIVE_T1,margin_sse,600928,False
2026-08-06,AGGREGATOR|research-node|akshare@1.18.97|stock_margin_detail_sse,2026-08-06,,2026-09-26T09:33:07.108797+00:00,2026-08-07,CONSERVATIVE_T1,margin_sse,600977,False
2026-08-06,AGGREGATOR|research-node|akshare@1.18.97|stock_margin_detail_sse,2026-08-06,,2026-09-26T09:33:07.108797+00:00,2026-08-07,CONSERVATIVE_T1,margin_sse,601098,False
2026-08-06,AGGREGATOR|research-node|akshare@1.18.97|stock_margin_detail_sse,2026-08-06,,2026-09-26T09:33:07.108797+00:00,2026-08-07,CONSERVATIVE_T1,margin_sse,601111,False
2026-08-06,AGGREGATOR|research-node|akshare@1.18.97|stock_margin_detail_sse,2026-08-06,,2026-09-26T09:33:07.108797+00:00,2026-08-07,CONSERVATIVE_T1,margin_sse,601298,False
2026-08-06,AGGREGATOR|research-node|akshare@1.18.97|stock_margin_detail_sse,2026-08-06,,2026-09-26T09:33:07.108797+00:00,2026-08-07,CONSERVATIVE_T1,margin_sse,601328,False
2026-08-06,AGGREGATOR|research-node|akshare@1.18.97|stock_margin_detail_sse,2026-08-06,,2026-09-26T09:33:07.108797+00:00,2026-08-07,CONSERVATIVE_T1,margin_sse,601869,False
2026-08-06,AGGREGATOR|research-node|akshare@1.18.97|stock_margin_detail_sse,2026-08-06,,2026-09-26T09:33:07.108797+00:00,2026-08-07,CONSERVATIVE_T1,margin_sse,601900,False
2026-08-06,AGGREGATOR|research-node|akshare@1.18.97|stock_margin_detail_sse,2026-08-06,,2026-09-26T09:33:07.108797+00:00,2026-08-07,CONSERVATIVE_T1,margin_sse,601963,False
2026-08-06,AGGREGATOR|research-node|akshare@1.18.97|stock_margin_detail_sse,2026-08-06,,2026-09-26T09:33:07.108797+00:00,2026-08-07,CONSERVATIVE_T1,margin_sse,601985,False
2026-08-06,AGGREGATOR|research-node|akshare@1.18.97|stock_margin_detail_sse,2026-08-06,,2026-09-26T09:33:07.108797+00:00,2026-08-07,CONSERVATIVE_T1,margin_sse,601988,False
2026-08-06,AGGREGATOR|research-node|akshare@1.18.97|stock_margin_detail_sse,2026-08-06,,2026-09-26T09:33:07.108797+00:00,2026-08-07,CONSERVATIVE_T1,margin_sse,601992,False
2026-08-06,AGGREGATOR|research-node|akshare@1.18.97|stock_margin_detail_sse,2026-08-06,,2026-09-26T09:33:07.108797+00:00,2026-08-07,CONSERVATIVE_T1,margin_sse,603618,False
2026-08-06,AGGREGATOR|research-node|akshare@1.18.97|stock_margin_detail_sse,2026-08-06,,2026-09-26T09:33:07.108797+00:00,2026-08-07,CONSERVATIVE_T1,margin_sse,603667,True
2026-08-06,AGGREGATOR|research-node|akshare@1.18.97|stock_margin_detail_sse,2026-08-06,,2026-09-26T09:33:07.108797+00:00,2026-08-07,CONSERVATIVE_T1,margin_sse,603686,True
2026-08-06,AGGREGATOR|research-node|akshare@1.18.97|stock_margin_detail_sse,2026-08-06,,2026-09-26T09:33:07.108797+00:00,2026-08-07,CONSERVATIVE_T1,margin_sse,688088,False
2026-08-06,AGGREGATOR|research-node|akshare@1.18.97|stock_margin_detail_sse,2026-08-06,,2026-09-26T09:33:07.108797+00:00,2026-08-07,CONSERVATIVE_T1,margin_sse,688116,False
2026-08-06,AGGREGATOR|research-node|akshare@1.18.97|stock_margin_detail_sse,2026-08-06,,2026-09-26T09:33:07.108797+00:00,2026-08-07,CONSERVATIVE_T1,margin_sse,688218,False
2026-08-06,AGGREGATOR|research-node|akshare@1.18.97|stock_margin_detail_sse,2026-08-06,,2026-09-26T09:33:07.108797+00:00,2026-08-07,CONSERVATIVE_T1,margin_sse,688498,False
2026-08-06,AGGREGATOR|research-node|akshare@1.18.97|stock_margin_detail_sse,2026-08-06,,2026-09-26T09:33:07.108797+00:00,2026-08-07,CONSERVATIVE_T1,margin_sse,688521,False
2026-08-07,AGGREGATOR|research-node|akshare@1.18.97|stock_margin_detail_sse,2026-08-07,,2026-09-26T09:33:11.644586+00:00,2026-08-10,CONSERVATIVE_T1,margin_sse,600022,False
2026-08-07,AGGREGATOR|research-node|akshare@1.18.97|stock_margin_detail_sse,2026-08-07,,2026-09-26T09:33:11.644586+00:00,2026-08-10,CONSERVATIVE_T1,margin_sse,600113,False
2026-08-07,AGGREGATOR|research-node|akshare@1.18.97|stock_margin_detail_sse,2026-08-07,,2026-09-26T09:33:11.644586+00:00,2026-08-10,CONSERVATIVE_T1,margin_sse,600196,True
2026-08-07,AGGREGATOR|research-node|akshare@1.18.97|stock_margin_detail_sse,2026-08-07,,2026-09-26T09:33:11.644586+00:00,2026-08-10,CONSERVATIVE_T1,margin_sse,600269,False
2026-08-07,AGGREGATOR|research-node|akshare@1.18.97|stock_margin_detail_sse,2026-08-07,,2026-09-26T09:33:11.644586+00:00,2026-08-10,CONSERVATIVE_T1,margin_sse,600377,False
2026-08-07,AGGREGATOR|research-node|akshare@1.18.97|stock_margin_detail_sse,2026-08-07,,2026-09-26T09:33:11.644586+00:00,2026-08-10,CONSERVATIVE_T1,margin_sse,600459,False
2026-08-07,AGGREGATOR|research-node|akshare@1.18.97|stock_margin_detail_sse,2026-08-07,,2026-09-26T09:33:11.644586+00:00,2026-08-10,CONSERVATIVE_T1,margin_sse,600567,False
2026-08-07,AGGREGATOR|research-node|akshare@1.18.97|stock_margin_detail_sse,2026-08-07,,2026-09-26T09:33:11.644586+00:00,2026-08-10,CONSERVATIVE_T1,margin_sse,600598,False
2026-08-07,AGGREGATOR|research-node|akshare@1.18.97|stock_margin_detail_sse,2026-08-07,,2026-09-26T09:33:11.644586+00:00,2026-08-10,CONSERVATIVE_T1,margin_sse,600629,False
2026-08-07,AGGREGATOR|research-node|akshare@1.18.97|stock_margin_detail_sse,2026-08-07,,2026-09-26T09:33:11.644586+00:00,2026-08-10,CONSERVATIVE_T1,margin_sse,600694,False
2026-08-07,AGGREGATOR|research-node|akshare@1.18.97|stock_margin_detail_sse,2026-08-07,,2026-09-26T09:33:11.644586+00:00,2026-08-10,CONSERVATIVE_T1,margin_sse,600826,False
2026-08-07,AGGREGATOR|research-node|akshare@1.18.97|stock_margin_detail_sse,2026-08-07,,2026-09-26T09:33:11.644586+00:00,2026-08-10,CONSERVATIVE_T1,margin_sse,600846,False
2026-08-07,AGGREGATOR|research-node|akshare@1.18.97|stock_margin_detail_sse,2026-08-07,,2026-09-26T09:33:11.644586+00:00,2026-08-10,CONSERVATIVE_T1,margin_sse,600928,False
2026-08-07,AGGREGATOR|research-node|akshare@1.18.97|stock_margin_detail_sse,2026-08-07,,2026-09-26T09:33:11.644586+00:00,2026-08-10,CONSERVATIVE_T1,margin_sse,600977,False
2026-08-07,AGGREGATOR|research-node|akshare@1.18.97|stock_margin_detail_sse,2026-08-07,,2026-09-26T09:33:11.644586+00:00,2026-08-10,CONSERVATIVE_T1,margin_sse,601098,False
2026-08-07,AGGREGATOR|research-node|akshare@1.18.97|stock_margin_detail_sse,2026-08-07,,2026-09-26T09:33:11.644586+00:00,2026-08-10,CONSERVATIVE_T1,margin_sse,601111,False
2026-08-07,AGGREGATOR|research-node|akshare@1.18.97|stock_margin_detail_sse,2026-08-07,,2026-09-26T09:33:11.644586+00:00,2026-08-10,CONSERVATIVE_T1,margin_sse,601298,False
2026-08-07,AGGREGATOR|research-node|akshare@1.18.97|stock_margin_detail_sse,2026-08-07,,2026-09-26T09:33:11.644586+00:00,2026-08-10,CONSERVATIVE_T1,margin_sse,601328,False
2026-08-07,AGGREGATOR|research-node|akshare@1.18.97|stock_margin_detail_sse,2026-08-07,,2026-09-26T09:33:11.644586+00:00,2026-08-10,CONSERVATIVE_T1,margin_sse,601869,False
2026-08-07,AGGREGATOR|research-node|akshare@1.18.97|stock_margin_detail_sse,2026-08-07,,2026-09-26T09:33:11.644586+00:00,2026-08-10,CONSERVATIVE_T1,margin_sse,601900,False
2026-08-07,AGGREGATOR|research-node|akshare@1.18.97|stock_margin_detail_sse,2026-08-07,,2026-09-26T09:33:11.644586+00:00,2026-08-10,CONSERVATIVE_T1,margin_sse,601963,False
2026-08-07,AGGREGATOR|research-node|akshare@1.18.97|stock_margin_detail_sse,2026-08-07,,2026-09-26T09:33:11.644586+00:00,2026-08-10,CONSERVATIVE_T1,margin_sse,601985,False
2026-08-07,AGGREGATOR|research-node|akshare@1.18.97|stock_margin_detail_sse,2026-08-07,,2026-09-26T09:33:11.644586+00:00,2026-08-10,CONSERVATIVE_T1,margin_sse,601988,False
2026-08-07,AGGREGATOR|research-node|akshare@1.18.97|stock_margin_detail_sse,2026-08-07,,2026-09-26T09:33:11.644586+00:00,2026-08-10,CONSERVATIVE_T1,margin_sse,601992,False
2026-08-07,AGGREGATOR|research-node|akshare@1.18.97|stock_margin_detail_sse,2026-08-07,,2026-09-26T09:33:11.644586+00:00,2026-08-10,CONSERVATIVE_T1,margin_sse,603618,False
2026-08-07,AGGREGATOR|research-node|akshare@1.18.97|stock_margin_detail_sse,2026-08-07,,2026-09-26T09:33:11.644586+00:00,2026-08-10,CONSERVATIVE_T1,margin_sse,603667,True
2026-08-07,AGGREGATOR|research-node|akshare@1.18.97|stock_margin_detail_sse,2026-08-07,,2026-09-26T09:33:11.644586+00:00,2026-08-10,CONSERVATIVE_T1,margin_sse,603686,True
2026-08-07,AGGREGATOR|research-node|akshare@1.18.97|stock_margin_detail_sse,2026-08-07,,2026-09-26T09:33:11.644586+00:00,2026-08-10,CONSERVATIVE_T1,margin_sse,688088,False
2026-08-07,AGGREGATOR|research-node|akshare@1.18.97|stock_margin_detail_sse,2026-08-07,,2026-09-26T09:33:11.644586+00:00,2026-08-10,CONSERVATIVE_T1,margin_sse,688116,False
2026-08-07,AGGREGATOR|research-node|akshare@1.18.97|stock_margin_detail_sse,2026-08-07,,2026-09-26T09:33:11.644586+00:00,2026-08-10,CONSERVATIVE_T1,margin_sse,688218,False
2026-08-07,AGGREGATOR|research-node|akshare@1.18.97|stock_margin_detail_sse,2026-08-07,,2026-09-26T09:33:11.644586+00:00,2026-08-10,CONSERVATIVE_T1,margin_sse,688498,False
2026-08-07,AGGREGATOR|research-node|akshare@1.18.97|stock_margin_detail_sse,2026-08-07,,2026-09-26T09:33:11.644586+00:00,2026-08-10,CONSERVATIVE_T1,margin_sse,688521,False
2026-08-10,AGGREGATOR|research-node|akshare@1.18.97|stock_margin_detail_sse,2026-08-10,,2026-09-26T09:33:16.150370+00:00,2026-08-11,CONSERVATIVE_T1,margin_sse,600022,False
2026-08-10,AGGREGATOR|research-node|akshare@1.18.97|stock_margin_detail_sse,2026-08-10,,2026-09-26T09:33:16.150370+00:00,2026-08-11,CONSERVATIVE_T1,margin_sse,600113,False
2026-08-10,AGGREGATOR|research-node|akshare@1.18.97|stock_margin_detail_sse,2026-08-10,,2026-09-26T09:33:16.150370+00:00,2026-08-11,CONSERVATIVE_T1,margin_sse,600196,True
2026-08-10,AGGREGATOR|research-node|akshare@1.18.97|stock_margin_detail_sse,2026-08-10,,2026-09-26T09:33:16.150370+00:00,2026-08-11,CONSERVATIVE_T1,margin_sse,600269,False
2026-08-10,AGGREGATOR|research-node|akshare@1.18.97|stock_margin_detail_sse,2026-08-10,,2026-09-26T09:33:16.150370+00:00,2026-08-11,CONSERVATIVE_T1,margin_sse,600377,False
2026-08-10,AGGREGATOR|research-node|akshare@1.18.97|stock_margin_detail_sse,2026-08-10,,2026-09-26T09:33:16.150370+00:00,2026-08-11,CONSERVATIVE_T1,margin_sse,600459,False
2026-08-10,AGGREGATOR|research-node|akshare@1.18.97|stock_margin_detail_sse,2026-08-10,,2026-09-26T09:33:16.150370+00:00,2026-08-11,CONSERVATIVE_T1,margin_sse,600567,False
2026-08-10,AGGREGATOR|research-node|akshare@1.18.97|stock_margin_detail_sse,2026-08-10,,2026-09-26T09:33:16.150370+00:00,2026-08-11,CONSERVATIVE_T1,margin_sse,600598,False
2026-08-10,AGGREGATOR|research-node|akshare@1.18.97|stock_margin_detail_sse,2026-08-10,,2026-09-26T09:33:16.150370+00:00,2026-08-11,CONSERVATIVE_T1,margin_sse,600629,False
2026-08-10,AGGREGATOR|research-node|akshare@1.18.97|stock_margin_detail_sse,2026-08-10,,2026-09-26T09:33:16.150370+00:00,2026-08-11,CONSERVATIVE_T1,margin_sse,600694,False
2026-08-10,AGGREGATOR|research-node|akshare@1.18.97|stock_margin_detail_sse,2026-08-10,,2026-09-26T09:33:16.150370+00:00,2026-08-11,CONSERVATIVE_T1,margin_sse,600826,False
2026-08-10,AGGREGATOR|research-node|akshare@1.18.97|stock_margin_detail_sse,2026-08-10,,2026-09-26T09:33:16.150370+00:00,2026-08-11,CONSERVATIVE_T1,margin_sse,600846,False
2026-08-10,AGGREGATOR|research-node|akshare@1.18.97|stock_margin_detail_sse,2026-08-10,,2026-09-26T09:33:16.150370+00:00,2026-08-11,CONSERVATIVE_T1,margin_sse,600928,False
2026-08-10,AGGREGATOR|research-node|akshare@1.18.97|stock_margin_detail_sse,2026-08-10,,2026-09-26T09:33:16.150370+00:00,2026-08-11,CONSERVATIVE_T1,margin_sse,600977,False
2026-08-10,AGGREGATOR|research-node|akshare@1.18.97|stock_margin_detail_sse,2026-08-10,,2026-09-26T09:33:16.150370+00:00,2026-08-11,CONSERVATIVE_T1,margin_sse,601098,False
2026-08-10,AGGREGATOR|research-node|akshare@1.18.97|stock_margin_detail_sse,2026-08-10,,2026-09-26T09:33:16.150370+00:00,2026-08-11,CONSERVATIVE_T1,margin_sse,601111,False
2026-08-10,AGGREGATOR|research-node|akshare@1.18.97|stock_margin_detail_sse,2026-08-10,,2026-09-26T09:33:16.150370+00:00,2026-08-11,CONSERVATIVE_T1,margin_sse,601298,False
2026-08-10,AGGREGATOR|research-node|akshare@1.18.97|stock_margin_detail_sse,2026-08-10,,2026-09-26T09:33:16.150370+00:00,2026-08-11,CONSERVATIVE_T1,margin_sse,601328,False
2026-08-10,AGGREGATOR|research-node|akshare@1.18.97|stock_margin_detail_sse,2026-08-10,,2026-09-26T09:33:16.150370+00:00,2026-08-11,CONSERVATIVE_T1,margin_sse,601869,False
2026-08-10,AGGREGATOR|research-node|akshare@1.18.97|stock_margin_detail_sse,2026-08-10,,2026-09-26T09:33:16.150370+00:00,2026-08-11,CONSERVATIVE_T1,margin_sse,601900,False
2026-08-10,AGGREGATOR|research-node|akshare@1.18.97|stock_margin_detail_sse,2026-08-10,,2026-09-26T09:33:16.150370+00:00,2026-08-11,CONSERVATIVE_T1,margin_sse,601963,False
2026-08-10,AGGREGATOR|research-node|akshare@1.18.97|stock_margin_detail_sse,2026-08-10,,2026-09-26T09:33:16.150370+00:00,2026-08-11,CONSERVATIVE_T1,margin_sse,601985,False
2026-08-10,AGGREGATOR|research-node|akshare@1.18.97|stock_margin_detail_sse,2026-08-10,,2026-09-26T09:33:16.150370+00:00,2026-08-11,CONSERVATIVE_T1,margin_sse,601988,False
2026-08-10,AGGREGATOR|research-node|akshare@1.18.97|stock_margin_detail_sse,2026-08-10,,2026-09-26T09:33:16.150370+00:00,2026-08-11,CONSERVATIVE_T1,margin_sse,601992,False
2026-08-10,AGGREGATOR|research-node|akshare@1.18.97|stock_margin_detail_sse,2026-08-10,,2026-09-26T09:33:16.150370+00:00,2026-08-11,CONSERVATIVE_T1,margin_sse,603618,False
2026-08-10,AGGREGATOR|research-node|akshare@1.18.97|stock_margin_detail_sse,2026-08-10,,2026-09-26T09:33:16.150370+00:00,2026-08-11,CONSERVATIVE_T1,margin_sse,603667,True
2026-08-10,AGGREGATOR|research-node|akshare@1.18.97|stock_margin_detail_sse,2026-08-10,,2026-09-26T09:33:16.150370+00:00,2026-08-11,CONSERVATIVE_T1,margin_sse,603686,False
2026-08-10,AGGREGATOR|research-node|akshare@1.18.97|stock_margin_detail_sse,2026-08-10,,2026-09-26T09:33:16.150370+00:00,2026-08-11,CONSERVATIVE_T1,margin_sse,688088,False
2026-08-10,AGGREGATOR|research-node|akshare@1.18.97|stock_margin_detail_sse,2026-08-10,,2026-09-26T09:33:16.150370+00:00,2026-08-11,CONSERVATIVE_T1,margin_sse,688116,False
2026-08-10,AGGREGATOR|research-node|akshare@1.18.97|stock_margin_detail_sse,2026-08-10,,2026-09-26T09:33:16.150370+00:00,2026-08-11,CONSERVATIVE_T1,margin_sse,688218,False
2026-08-10,AGGREGATOR|research-node|akshare@1.18.97|stock_margin_detail_sse,2026-08-10,,2026-09-26T09:33:16.150370+00:00,2026-08-11,CONSERVATIVE_T1,margin_sse,688498,False
2026-08-10,AGGREGATOR|research-node|akshare@1.18.97|stock_margin_detail_sse,2026-08-10,,2026-09-26T09:33:16.150370+00:00,2026-08-11,CONSERVATIVE_T1,margin_sse,688521,False
2026-08-11,AGGREGATOR|research-node|akshare@1.18.97|stock_margin_detail_sse,2026-08-11,,2026-09-26T09:33:20.627870+00:00,2026-08-12,CONSERVATIVE_T1,margin_sse,600022,False
2026-08-11,AGGREGATOR|research-node|akshare@1.18.97|stock_margin_detail_sse,2026-08-11,,2026-09-26T09:33:20.627870+00:00,2026-08-12,CONSERVATIVE_T1,margin_sse,600113,False
2026-08-11,AGGREGATOR|research-node|akshare@1.18.97|stock_margin_detail_sse,2026-08-11,,2026-09-26T09:33:20.627870+00:00,2026-08-12,CONSERVATIVE_T1,margin_sse,600196,True
2026-08-11,AGGREGATOR|research-node|akshare@1.18.97|stock_margin_detail_sse,2026-08-11,,2026-09-26T09:33:20.627870+00:00,2026-08-12,CONSERVATIVE_T1,margin_sse,600269,False
2026-08-11,AGGREGATOR|research-node|akshare@1.18.97|stock_margin_detail_sse,2026-08-11,,2026-09-26T09:33:20.627870+00:00,2026-08-12,CONSERVATIVE_T1,margin_sse,600377,False
2026-08-11,AGGREGATOR|research-node|akshare@1.18.97|stock_margin_detail_sse,2026-08-11,,2026-09-26T09:33:20.627870+00:00,2026-08-12,CONSERVATIVE_T1,margin_sse,600459,False
2026-08-11,AGGREGATOR|research-node|akshare@1.18.97|stock_margin_detail_sse,2026-08-11,,2026-09-26T09:33:20.627870+00:00,2026-08-12,CONSERVATIVE_T1,margin_sse,600567,False
2026-08-11,AGGREGATOR|research-node|akshare@1.18.97|stock_margin_detail_sse,2026-08-11,,2026-09-26T09:33:20.627870+00:00,2026-08-12,CONSERVATIVE_T1,margin_sse,600598,False
2026-08-11,AGGREGATOR|research-node|akshare@1.18.97|stock_margin_detail_sse,2026-08-11,,2026-09-26T09:33:20.627870+00:00,2026-08-12,CONSERVATIVE_T1,margin_sse,600629,False
2026-08-11,AGGREGATOR|research-node|akshare@1.18.97|stock_margin_detail_sse,2026-08-11,,2026-09-26T09:33:20.627870+00:00,2026-08-12,CONSERVATIVE_T1,margin_sse,600694,False
2026-08-11,AGGREGATOR|research-node|akshare@1.18.97|stock_margin_detail_sse,2026-08-11,,2026-09-26T09:33:20.627870+00:00,2026-08-12,CONSERVATIVE_T1,margin_sse,600826,False
2026-08-11,AGGREGATOR|research-node|akshare@1.18.97|stock_margin_detail_sse,2026-08-11,,2026-09-26T09:33:20.627870+00:00,2026-08-12,CONSERVATIVE_T1,margin_sse,600846,False
2026-08-11,AGGREGATOR|research-node|akshare@1.18.97|stock_margin_detail_sse,2026-08-11,,2026-09-26T09:33:20.627870+00:00,2026-08-12,CONSERVATIVE_T1,margin_sse,600928,False
2026-08-11,AGGREGATOR|research-node|akshare@1.18.97|stock_margin_detail_sse,2026-08-11,,2026-09-26T09:33:20.627870+00:00,2026-08-12,CONSERVATIVE_T1,margin_sse,600977,False
2026-08-11,AGGREGATOR|research-node|akshare@1.18.97|stock_margin_detail_sse,2026-08-11,,2026-09-26T09:33:20.627870+00:00,2026-08-12,CONSERVATIVE_T1,margin_sse,601098,False
2026-08-11,AGGREGATOR|research-node|akshare@1.18.97|stock_margin_detail_sse,2026-08-11,,2026-09-26T09:33:20.627870+00:00,2026-08-12,CONSERVATIVE_T1,margin_sse,601111,False
2026-08-11,AGGREGATOR|research-node|akshare@1.18.97|stock_margin_detail_sse,2026-08-11,,2026-09-26T09:33:20.627870+00:00,2026-08-12,CONSERVATIVE_T1,margin_sse,601298,False
2026-08-11,AGGREGATOR|research-node|akshare@1.18.97|stock_margin_detail_sse,2026-08-11,,2026-09-26T09:33:20.627870+00:00,2026-08-12,CONSERVATIVE_T1,margin_sse,601328,False
2026-08-11,AGGREGATOR|research-node|akshare@1.18.97|stock_margin_detail_sse,2026-08-11,,2026-09-26T09:33:20.627870+00:00,2026-08-12,CONSERVATIVE_T1,margin_sse,601869,False
2026-08-11,AGGREGATOR|research-node|akshare@1.18.97|stock_margin_detail_sse,2026-08-11,,2026-09-26T09:33:20.627870+00:00,2026-08-12,CONSERVATIVE_T1,margin_sse,601900,False
2026-08-11,AGGREGATOR|research-node|akshare@1.18.97|stock_margin_detail_sse,2026-08-11,,2026-09-26T09:33:20.627870+00:00,2026-08-12,CONSERVATIVE_T1,margin_sse,601963,False
2026-08-11,AGGREGATOR|research-node|akshare@1.18.97|stock_margin_detail_sse,2026-08-11,,2026-09-26T09:33:20.627870+00:00,2026-08-12,CONSERVATIVE_T1,margin_sse,601985,False
2026-08-11,AGGREGATOR|research-node|akshare@1.18.97|stock_margin_detail_sse,2026-08-11,,2026-09-26T09:33:20.627870+00:00,2026-08-12,CONSERVATIVE_T1,margin_sse,601988,False
2026-08-11,AGGREGATOR|research-node|akshare@1.18.97|stock_margin_detail_sse,2026-08-11,,2026-09-26T09:33:20.627870+00:00,2026-08-12,CONSERVATIVE_T1,margin_sse,601992,False
2026-08-11,AGGREGATOR|research-node|akshare@1.18.97|stock_margin_detail_sse,2026-08-11,,2026-09-26T09:33:20.627870+00:00,2026-08-12,CONSERVATIVE_T1,margin_sse,603618,False
2026-08-11,AGGREGATOR|research-node|akshare@1.18.97|stock_margin_detail_sse,2026-08-11,,2026-09-26T09:33:20.627870+00:00,2026-08-12,CONSERVATIVE_T1,margin_sse,603667,True
2026-08-11,AGGREGATOR|research-node|akshare@1.18.97|stock_margin_detail_sse,2026-08-11,,2026-09-26T09:33:20.627870+00:00,2026-08-12,CONSERVATIVE_T1,margin_sse,603686,False
2026-08-11,AGGREGATOR|research-node|akshare@1.18.97|stock_margin_detail_sse,2026-08-11,,2026-09-26T09:33:20.627870+00:00,2026-08-12,CONSERVATIVE_T1,margin_sse,688088,False
2026-08-11,AGGREGATOR|research-node|akshare@1.18.97|stock_margin_detail_sse,2026-08-11,,2026-09-26T09:33:20.627870+00:00,2026-08-12,CONSERVATIVE_T1,margin_sse,688116,False
2026-08-11,AGGREGATOR|research-node|akshare@1.18.97|stock_margin_detail_sse,2026-08-11,,2026-09-26T09:33:20.627870+00:00,2026-08-12,CONSERVATIVE_T1,margin_sse,688218,False
2026-08-11,AGGREGATOR|research-node|akshare@1.18.97|stock_margin_detail_sse,2026-08-11,,2026-09-26T09:33:20.627870+00:00,2026-08-12,CONSERVATIVE_T1,margin_sse,688498,False
2026-08-11,AGGREGATOR|research-node|akshare@1.18.97|stock_margin_detail_sse,2026-08-11,,2026-09-26T09:33:20.627870+00:00,2026-08-12,CONSERVATIVE_T1,margin_sse,688521,False
2026-08-12,AGGREGATOR|research-node|akshare@1.18.97|stock_margin_detail_sse,2026-08-12,,2026-09-26T09:33:25.129434+00:00,2026-08-13,CONSERVATIVE_T1,margin_sse,600022,False
2026-08-12,AGGREGATOR|research-node|akshare@1.18.97|stock_margin_detail_sse,2026-08-12,,2026-09-26T09:33:25.129434+00:00,2026-08-13,CONSERVATIVE_T1,margin_sse,600113,False
2026-08-12,AGGREGATOR|research-node|akshare@1.18.97|stock_margin_detail_sse,2026-08-12,,2026-09-26T09:33:25.129434+00:00,2026-08-13,CONSERVATIVE_T1,margin_sse,600196,True
2026-08-12,AGGREGATOR|research-node|akshare@1.18.97|stock_margin_detail_sse,2026-08-12,,2026-09-26T09:33:25.129434+00:00,2026-08-13,CONSERVATIVE_T1,margin_sse,600269,False
2026-08-12,AGGREGATOR|research-node|akshare@1.18.97|stock_margin_detail_sse,2026-08-12,,2026-09-26T09:33:25.129434+00:00,2026-08-13,CONSERVATIVE_T1,margin_sse,600377,False
2026-08-12,AGGREGATOR|research-node|akshare@1.18.97|stock_margin_detail_sse,2026-08-12,,2026-09-26T09:33:25.129434+00:00,2026-08-13,CONSERVATIVE_T1,margin_sse,600459,False
2026-08-12,AGGREGATOR|research-node|akshare@1.18.97|stock_margin_detail_sse,2026-08-12,,2026-09-26T09:33:25.129434+00:00,2026-08-13,CONSERVATIVE_T1,margin_sse,600567,False
2026-08-12,AGGREGATOR|research-node|akshare@1.18.97|stock_margin_detail_sse,2026-08-12,,2026-09-26T09:33:25.129434+00:00,2026-08-13,CONSERVATIVE_T1,margin_sse,600598,False
2026-08-12,AGGREGATOR|research-node|akshare@1.18.97|stock_margin_detail_sse,2026-08-12,,2026-09-26T09:33:25.129434+00:00,2026-08-13,CONSERVATIVE_T1,margin_sse,600629,False
2026-08-12,AGGREGATOR|research-node|akshare@1.18.97|stock_margin_detail_sse,2026-08-12,,2026-09-26T09:33:25.129434+00:00,2026-08-13,CONSERVATIVE_T1,margin_sse,600694,False
2026-08-12,AGGREGATOR|research-node|akshare@1.18.97|stock_margin_detail_sse,2026-08-12,,2026-09-26T09:33:25.129434+00:00,2026-08-13,CONSERVATIVE_T1,margin_sse,600826,False
2026-08-12,AGGREGATOR|research-node|akshare@1.18.97|stock_margin_detail_sse,2026-08-12,,2026-09-26T09:33:25.129434+00:00,2026-08-13,CONSERVATIVE_T1,margin_sse,600846,False
2026-08-12,AGGREGATOR|research-node|akshare@1.18.97|stock_margin_detail_sse,2026-08-12,,2026-09-26T09:33:25.129434+00:00,2026-08-13,CONSERVATIVE_T1,margin_sse,600928,False
2026-08-12,AGGREGATOR|research-node|akshare@1.18.97|stock_margin_detail_sse,2026-08-12,,2026-09-26T09:33:25.129434+00:00,2026-08-13,CONSERVATIVE_T1,margin_sse,600977,False
2026-08-12,AGGREGATOR|research-node|akshare@1.18.97|stock_margin_detail_sse,2026-08-12,,2026-09-26T09:33:25.129434+00:00,2026-08-13,CONSERVATIVE_T1,margin_sse,601098,False
2026-08-12,AGGREGATOR|research-node|akshare@1.18.97|stock_margin_detail_sse,2026-08-12,,2026-09-26T09:33:25.129434+00:00,2026-08-13,CONSERVATIVE_T1,margin_sse,601111,False
2026-08-12,AGGREGATOR|research-node|akshare@1.18.97|stock_margin_detail_sse,2026-08-12,,2026-09-26T09:33:25.129434+00:00,2026-08-13,CONSERVATIVE_T1,margin_sse,601298,False
2026-08-12,AGGREGATOR|research-node|akshare@1.18.97|stock_margin_detail_sse,2026-08-12,,2026-09-26T09:33:25.129434+00:00,2026-08-13,CONSERVATIVE_T1,margin_sse,601328,False
2026-08-12,AGGREGATOR|research-node|akshare@1.18.97|stock_margin_detail_sse,2026-08-12,,2026-09-26T09:33:25.129434+00:00,2026-08-13,CONSERVATIVE_T1,margin_sse,601869,False
2026-08-12,AGGREGATOR|research-node|akshare@1.18.97|stock_margin_detail_sse,2026-08-12,,2026-09-26T09:33:25.129434+00:00,2026-08-13,CONSERVATIVE_T1,margin_sse,601900,False
2026-08-12,AGGREGATOR|research-node|akshare@1.18.97|stock_margin_detail_sse,2026-08-12,,2026-09-26T09:33:25.129434+00:00,2026-08-13,CONSERVATIVE_T1,margin_sse,601963,False
2026-08-12,AGGREGATOR|research-node|akshare@1.18.97|stock_margin_detail_sse,2026-08-12,,2026-09-26T09:33:25.129434+00:00,2026-08-13,CONSERVATIVE_T1,margin_sse,601985,False
2026-08-12,AGGREGATOR|research-node|akshare@1.18.97|stock_margin_detail_sse,2026-08-12,,2026-09-26T09:33:25.129434+00:00,2026-08-13,CONSERVATIVE_T1,margin_sse,601988,False
2026-08-12,AGGREGATOR|research-node|akshare@1.18.97|stock_margin_detail_sse,2026-08-12,,2026-09-26T09:33:25.129434+00:00,2026-08-13,CONSERVATIVE_T1,margin_sse,601992,False
2026-08-12,AGGREGATOR|research-node|akshare@1.18.97|stock_margin_detail_sse,2026-08-12,,2026-09-26T09:33:25.129434+00:00,2026-08-13,CONSERVATIVE_T1,margin_sse,603618,False
2026-08-12,AGGREGATOR|research-node|akshare@1.18.97|stock_margin_detail_sse,2026-08-12,,2026-09-26T09:33:25.129434+00:00,2026-08-13,CONSERVATIVE_T1,margin_sse,603667,True
2026-08-12,AGGREGATOR|research-node|akshare@1.18.97|stock_margin_detail_sse,2026-08-12,,2026-09-26T09:33:25.129434+00:00,2026-08-13,CONSERVATIVE_T1,margin_sse,603686,False
2026-08-12,AGGREGATOR|research-node|akshare@1.18.97|stock_margin_detail_sse,2026-08-12,,2026-09-26T09:33:25.129434+00:00,2026-08-13,CONSERVATIVE_T1,margin_sse,688088,False
2026-08-12,AGGREGATOR|research-node|akshare@1.18.97|stock_margin_detail_sse,2026-08-12,,2026-09-26T09:33:25.129434+00:00,2026-08-13,CONSERVATIVE_T1,margin_sse,688116,False
2026-08-12,AGGREGATOR|research-node|akshare@1.18.97|stock_margin_detail_sse,2026-08-12,,2026-09-26T09:33:25.129434+00:00,2026-08-13,CONSERVATIVE_T1,margin_sse,688218,False
2026-08-12,AGGREGATOR|research-node|akshare@1.18.97|stock_margin_detail_sse,2026-08-12,,2026-09-26T09:33:25.129434+00:00,2026-08-13,CONSERVATIVE_T1,margin_sse,688498,False
2026-08-12,AGGREGATOR|research-node|akshare@1.18.97|stock_margin_detail_sse,2026-08-12,,2026-09-26T09:33:25.129434+00:00,2026-08-13,CONSERVATIVE_T1,margin_sse,688521,False
2026-08-13,AGGREGATOR|research-node|akshare@1.18.97|stock_margin_detail_sse,2026-08-13,,2026-09-26T09:33:29.768085+00:00,2026-08-14,CONSERVATIVE_T1,margin_sse,600022,False
2026-08-13,AGGREGATOR|research-node|akshare@1.18.97|stock_margin_detail_sse,2026-08-13,,2026-09-26T09:33:29.768085+00:00,2026-08-14,CONSERVATIVE_T1,margin_sse,600113,False
2026-08-13,AGGREGATOR|research-node|akshare@1.18.97|stock_margin_detail_sse,2026-08-13,,2026-09-26T09:33:29.768085+00:00,2026-08-14,CONSERVATIVE_T1,margin_sse,600196,True
2026-08-13,AGGREGATOR|research-node|akshare@1.18.97|stock_margin_detail_sse,2026-08-13,,2026-09-26T09:33:29.768085+00:00,2026-08-14,CONSERVATIVE_T1,margin_sse,600269,False
2026-08-13,AGGREGATOR|research-node|akshare@1.18.97|stock_margin_detail_sse,2026-08-13,,2026-09-26T09:33:29.768085+00:00,2026-08-14,CONSERVATIVE_T1,margin_sse,600377,False
2026-08-13,AGGREGATOR|research-node|akshare@1.18.97|stock_margin_detail_sse,2026-08-13,,2026-09-26T09:33:29.768085+00:00,2026-08-14,CONSERVATIVE_T1,margin_sse,600459,False
2026-08-13,AGGREGATOR|research-node|akshare@1.18.97|stock_margin_detail_sse,2026-08-13,,2026-09-26T09:33:29.768085+00:00,2026-08-14,CONSERVATIVE_T1,margin_sse,600567,False
2026-08-13,AGGREGATOR|research-node|akshare@1.18.97|stock_margin_detail_sse,2026-08-13,,2026-09-26T09:33:29.768085+00:00,2026-08-14,CONSERVATIVE_T1,margin_sse,600598,False
2026-08-13,AGGREGATOR|research-node|akshare@1.18.97|stock_margin_detail_sse,2026-08-13,,2026-09-26T09:33:29.768085+00:00,2026-08-14,CONSERVATIVE_T1,margin_sse,600629,False
2026-08-13,AGGREGATOR|research-node|akshare@1.18.97|stock_margin_detail_sse,2026-08-13,,2026-09-26T09:33:29.768085+00:00,2026-08-14,CONSERVATIVE_T1,margin_sse,600694,False
2026-08-13,AGGREGATOR|research-node|akshare@1.18.97|stock_margin_detail_sse,2026-08-13,,2026-09-26T09:33:29.768085+00:00,2026-08-14,CONSERVATIVE_T1,margin_sse,600826,False
2026-08-13,AGGREGATOR|research-node|akshare@1.18.97|stock_margin_detail_sse,2026-08-13,,2026-09-26T09:33:29.768085+00:00,2026-08-14,CONSERVATIVE_T1,margin_sse,600846,False
2026-08-13,AGGREGATOR|research-node|akshare@1.18.97|stock_margin_detail_sse,2026-08-13,,2026-09-26T09:33:29.768085+00:00,2026-08-14,CONSERVATIVE_T1,margin_sse,600928,False
2026-08-13,AGGREGATOR|research-node|akshare@1.18.97|stock_margin_detail_sse,2026-08-13,,2026-09-26T09:33:29.768085+00:00,2026-08-14,CONSERVATIVE_T1,margin_sse,600977,False
2026-08-13,AGGREGATOR|research-node|akshare@1.18.97|stock_margin_detail_sse,2026-08-13,,2026-09-26T09:33:29.768085+00:00,2026-08-14,CONSERVATIVE_T1,margin_sse,601098,False
2026-08-13,AGGREGATOR|research-node|akshare@1.18.97|stock_margin_detail_sse,2026-08-13,,2026-09-26T09:33:29.768085+00:00,2026-08-14,CONSERVATIVE_T1,margin_sse,601111,False
2026-08-13,AGGREGATOR|research-node|akshare@1.18.97|stock_margin_detail_sse,2026-08-13,,2026-09-26T09:33:29.768085+00:00,2026-08-14,CONSERVATIVE_T1,margin_sse,601298,False
2026-08-13,AGGREGATOR|research-node|akshare@1.18.97|stock_margin_detail_sse,2026-08-13,,2026-09-26T09:33:29.768085+00:00,2026-08-14,CONSERVATIVE_T1,margin_sse,601328,False
2026-08-13,AGGREGATOR|research-node|akshare@1.18.97|stock_margin_detail_sse,2026-08-13,,2026-09-26T09:33:29.768085+00:00,2026-08-14,CONSERVATIVE_T1,margin_sse,601869,False
2026-08-13,AGGREGATOR|research-node|akshare@1.18.97|stock_margin_detail_sse,2026-08-13,,2026-09-26T09:33:29.768085+00:00,2026-08-14,CONSERVATIVE_T1,margin_sse,601900,False
2026-08-13,AGGREGATOR|research-node|akshare@1.18.97|stock_margin_detail_sse,2026-08-13,,2026-09-26T09:33:29.768085+00:00,2026-08-14,CONSERVATIVE_T1,margin_sse,601963,False
2026-08-13,AGGREGATOR|research-node|akshare@1.18.97|stock_margin_detail_sse,2026-08-13,,2026-09-26T09:33:29.768085+00:00,2026-08-14,CONSERVATIVE_T1,margin_sse,601985,False
2026-08-13,AGGREGATOR|research-node|akshare@1.18.97|stock_margin_detail_sse,2026-08-13,,2026-09-26T09:33:29.768085+00:00,2026-08-14,CONSERVATIVE_T1,margin_sse,601988,False
2026-08-13,AGGREGATOR|research-node|akshare@1.18.97|stock_margin_detail_sse,2026-08-13,,2026-09-26T09:33:29.768085+00:00,2026-08-14,CONSERVATIVE_T1,margin_sse,601992,False
2026-08-13,AGGREGATOR|research-node|akshare@1.18.97|stock_margin_detail_sse,2026-08-13,,2026-09-26T09:33:29.768085+00:00,2026-08-14,CONSERVATIVE_T1,margin_sse,603618,False
2026-08-13,AGGREGATOR|research-node|akshare@1.18.97|stock_margin_detail_sse,2026-08-13,,2026-09-26T09:33:29.768085+00:00,2026-08-14,CONSERVATIVE_T1,margin_sse,603667,False
2026-08-13,AGGREGATOR|research-node|akshare@1.18.97|stock_margin_detail_sse,2026-08-13,,2026-09-26T09:33:29.768085+00:00,2026-08-14,CONSERVATIVE_T1,margin_sse,603686,False
2026-08-13,AGGREGATOR|research-node|akshare@1.18.97|stock_margin_detail_sse,2026-08-13,,2026-09-26T09:33:29.768085+00:00,2026-08-14,CONSERVATIVE_T1,margin_sse,688088,False
2026-08-13,AGGREGATOR|research-node|akshare@1.18.97|stock_margin_detail_sse,2026-08-13,,2026-09-26T09:33:29.768085+00:00,2026-08-14,CONSERVATIVE_T1,margin_sse,688116,False
2026-08-13,AGGREGATOR|research-node|akshare@1.18.97|stock_margin_detail_sse,2026-08-13,,2026-09-26T09:33:29.768085+00:00,2026-08-14,CONSERVATIVE_T1,margin_sse,688218,False
2026-08-13,AGGREGATOR|research-node|akshare@1.18.97|stock_margin_detail_sse,2026-08-13,,2026-09-26T09:33:29.768085+00:00,2026-08-14,CONSERVATIVE_T1,margin_sse,688498,False
2026-08-13,AGGREGATOR|research-node|akshare@1.18.97|stock_margin_detail_sse,2026-08-13,,2026-09-26T09:33:29.768085+00:00,2026-08-14,CONSERVATIVE_T1,margin_sse,688521,False
2026-08-14,AGGREGATOR|research-node|akshare@1.18.97|stock_margin_detail_sse,2026-08-14,,2026-09-26T09:33:34.359664+00:00,2026-08-17,CONSERVATIVE_T1,margin_sse,600022,False
2026-08-14,AGGREGATOR|research-node|akshare@1.18.97|stock_margin_detail_sse,2026-08-14,,2026-09-26T09:33:34.359664+00:00,2026-08-17,CONSERVATIVE_T1,margin_sse,600113,False
2026-08-14,AGGREGATOR|research-node|akshare@1.18.97|stock_margin_detail_sse,2026-08-14,,2026-09-26T09:33:34.359664+00:00,2026-08-17,CONSERVATIVE_T1,margin_sse,600196,True
2026-08-14,AGGREGATOR|research-node|akshare@1.18.97|stock_margin_detail_sse,2026-08-14,,2026-09-26T09:33:34.359664+00:00,2026-08-17,CONSERVATIVE_T1,margin_sse,600269,False
2026-08-14,AGGREGATOR|research-node|akshare@1.18.97|stock_margin_detail_sse,2026-08-14,,2026-09-26T09:33:34.359664+00:00,2026-08-17,CONSERVATIVE_T1,margin_sse,600377,False
2026-08-14,AGGREGATOR|research-node|akshare@1.18.97|stock_margin_detail_sse,2026-08-14,,2026-09-26T09:33:34.359664+00:00,2026-08-17,CONSERVATIVE_T1,margin_sse,600459,False
2026-08-14,AGGREGATOR|research-node|akshare@1.18.97|stock_margin_detail_sse,2026-08-14,,2026-09-26T09:33:34.359664+00:00,2026-08-17,CONSERVATIVE_T1,margin_sse,600567,False
2026-08-14,AGGREGATOR|research-node|akshare@1.18.97|stock_margin_detail_sse,2026-08-14,,2026-09-26T09:33:34.359664+00:00,2026-08-17,CONSERVATIVE_T1,margin_sse,600598,False
2026-08-14,AGGREGATOR|research-node|akshare@1.18.97|stock_margin_detail_sse,2026-08-14,,2026-09-26T09:33:34.359664+00:00,2026-08-17,CONSERVATIVE_T1,margin_sse,600629,False
2026-08-14,AGGREGATOR|research-node|akshare@1.18.97|stock_margin_detail_sse,2026-08-14,,2026-09-26T09:33:34.359664+00:00,2026-08-17,CONSERVATIVE_T1,margin_sse,600694,False
2026-08-14,AGGREGATOR|research-node|akshare@1.18.97|stock_margin_detail_sse,2026-08-14,,2026-09-26T09:33:34.359664+00:00,2026-08-17,CONSERVATIVE_T1,margin_sse,600826,False
2026-08-14,AGGREGATOR|research-node|akshare@1.18.97|stock_margin_detail_sse,2026-08-14,,2026-09-26T09:33:34.359664+00:00,2026-08-17,CONSERVATIVE_T1,margin_sse,600846,False
2026-08-14,AGGREGATOR|research-node|akshare@1.18.97|stock_margin_detail_sse,2026-08-14,,2026-09-26T09:33:34.359664+00:00,2026-08-17,CONSERVATIVE_T1,margin_sse,600928,False
2026-08-14,AGGREGATOR|research-node|akshare@1.18.97|stock_margin_detail_sse,2026-08-14,,2026-09-26T09:33:34.359664+00:00,2026-08-17,CONSERVATIVE_T1,margin_sse,600977,False
2026-08-14,AGGREGATOR|research-node|akshare@1.18.97|stock_margin_detail_sse,2026-08-14,,2026-09-26T09:33:34.359664+00:00,2026-08-17,CONSERVATIVE_T1,margin_sse,601098,False
2026-08-14,AGGREGATOR|research-node|akshare@1.18.97|stock_margin_detail_sse,2026-08-14,,2026-09-26T09:33:34.359664+00:00,2026-08-17,CONSERVATIVE_T1,margin_sse,601111,False
2026-08-14,AGGREGATOR|research-node|akshare@1.18.97|stock_margin_detail_sse,2026-08-14,,2026-09-26T09:33:34.359664+00:00,2026-08-17,CONSERVATIVE_T1,margin_sse,601298,False
2026-08-14,AGGREGATOR|research-node|akshare@1.18.97|stock_margin_detail_sse,2026-08-14,,2026-09-26T09:33:34.359664+00:00,2026-08-17,CONSERVATIVE_T1,margin_sse,601328,False
2026-08-14,AGGREGATOR|research-node|akshare@1.18.97|stock_margin_detail_sse,2026-08-14,,2026-09-26T09:33:34.359664+00:00,2026-08-17,CONSERVATIVE_T1,margin_sse,601869,False
2026-08-14,AGGREGATOR|research-node|akshare@1.18.97|stock_margin_detail_sse,2026-08-14,,2026-09-26T09:33:34.359664+00:00,2026-08-17,CONSERVATIVE_T1,margin_sse,601900,False
2026-08-14,AGGREGATOR|research-node|akshare@1.18.97|stock_margin_detail_sse,2026-08-14,,2026-09-26T09:33:34.359664+00:00,2026-08-17,CONSERVATIVE_T1,margin_sse,601963,False
2026-08-14,AGGREGATOR|research-node|akshare@1.18.97|stock_margin_detail_sse,2026-08-14,,2026-09-26T09:33:34.359664+00:00,2026-08-17,CONSERVATIVE_T1,margin_sse,601985,False
2026-08-14,AGGREGATOR|research-node|akshare@1.18.97|stock_margin_detail_sse,2026-08-14,,2026-09-26T09:33:34.359664+00:00,2026-08-17,CONSERVATIVE_T1,margin_sse,601988,False
2026-08-14,AGGREGATOR|research-node|akshare@1.18.97|stock_margin_detail_sse,2026-08-14,,2026-09-26T09:33:34.359664+00:00,2026-08-17,CONSERVATIVE_T1,margin_sse,601992,False
2026-08-14,AGGREGATOR|research-node|akshare@1.18.97|stock_margin_detail_sse,2026-08-14,,2026-09-26T09:33:34.359664+00:00,2026-08-17,CONSERVATIVE_T1,margin_sse,603618,False
2026-08-14,AGGREGATOR|research-node|akshare@1.18.97|stock_margin_detail_sse,2026-08-14,,2026-09-26T09:33:34.359664+00:00,2026-08-17,CONSERVATIVE_T1,margin_sse,603667,False
2026-08-14,AGGREGATOR|research-node|akshare@1.18.97|stock_margin_detail_sse,2026-08-14,,2026-09-26T09:33:34.359664+00:00,2026-08-17,CONSERVATIVE_T1,margin_sse,603686,False
2026-08-14,AGGREGATOR|research-node|akshare@1.18.97|stock_margin_detail_sse,2026-08-14,,2026-09-26T09:33:34.359664+00:00,2026-08-17,CONSERVATIVE_T1,margin_sse,688088,False
2026-08-14,AGGREGATOR|research-node|akshare@1.18.97|stock_margin_detail_sse,2026-08-14,,2026-09-26T09:33:34.359664+00:00,2026-08-17,CONSERVATIVE_T1,margin_sse,688116,False
2026-08-14,AGGREGATOR|research-node|akshare@1.18.97|stock_margin_detail_sse,2026-08-14,,2026-09-26T09:33:34.359664+00:00,2026-08-17,CONSERVATIVE_T1,margin_sse,688218,False
2026-08-14,AGGREGATOR|research-node|akshare@1.18.97|stock_margin_detail_sse,2026-08-14,,2026-09-26T09:33:34.359664+00:00,2026-08-17,CONSERVATIVE_T1,margin_sse,688498,False
2026-08-14,AGGREGATOR|research-node|akshare@1.18.97|stock_margin_detail_sse,2026-08-14,,2026-09-26T09:33:34.359664+00:00,2026-08-17,CONSERVATIVE_T1,margin_sse,688521,False
2026-08-17,AGGREGATOR|research-node|akshare@1.18.97|stock_margin_detail_sse,2026-08-17,,2026-09-26T09:33:38.867564+00:00,2026-08-18,CONSERVATIVE_T1,margin_sse,600022,False
2026-08-17,AGGREGATOR|research-node|akshare@1.18.97|stock_margin_detail_sse,2026-08-17,,2026-09-26T09:33:38.867564+00:00,2026-08-18,CONSERVATIVE_T1,margin_sse,600113,False
2026-08-17,AGGREGATOR|research-node|akshare@1.18.97|stock_margin_detail_sse,2026-08-17,,2026-09-26T09:33:38.867564+00:00,2026-08-18,CONSERVATIVE_T1,margin_sse,600196,True
2026-08-17,AGGREGATOR|research-node|akshare@1.18.97|stock_margin_detail_sse,2026-08-17,,2026-09-26T09:33:38.867564+00:00,2026-08-18,CONSERVATIVE_T1,margin_sse,600269,False
2026-08-17,AGGREGATOR|research-node|akshare@1.18.97|stock_margin_detail_sse,2026-08-17,,2026-09-26T09:33:38.867564+00:00,2026-08-18,CONSERVATIVE_T1,margin_sse,600377,False
2026-08-17,AGGREGATOR|research-node|akshare@1.18.97|stock_margin_detail_sse,2026-08-17,,2026-09-26T09:33:38.867564+00:00,2026-08-18,CONSERVATIVE_T1,margin_sse,600459,False
2026-08-17,AGGREGATOR|research-node|akshare@1.18.97|stock_margin_detail_sse,2026-08-17,,2026-09-26T09:33:38.867564+00:00,2026-08-18,CONSERVATIVE_T1,margin_sse,600567,False
2026-08-17,AGGREGATOR|research-node|akshare@1.18.97|stock_margin_detail_sse,2026-08-17,,2026-09-26T09:33:38.867564+00:00,2026-08-18,CONSERVATIVE_T1,margin_sse,600598,False
2026-08-17,AGGREGATOR|research-node|akshare@1.18.97|stock_margin_detail_sse,2026-08-17,,2026-09-26T09:33:38.867564+00:00,2026-08-18,CONSERVATIVE_T1,margin_sse,600629,False
2026-08-17,AGGREGATOR|research-node|akshare@1.18.97|stock_margin_detail_sse,2026-08-17,,2026-09-26T09:33:38.867564+00:00,2026-08-18,CONSERVATIVE_T1,margin_sse,600694,False
2026-08-17,AGGREGATOR|research-node|akshare@1.18.97|stock_margin_detail_sse,2026-08-17,,2026-09-26T09:33:38.867564+00:00,2026-08-18,CONSERVATIVE_T1,margin_sse,600826,False
2026-08-17,AGGREGATOR|research-node|akshare@1.18.97|stock_margin_detail_sse,2026-08-17,,2026-09-26T09:33:38.867564+00:00,2026-08-18,CONSERVATIVE_T1,margin_sse,600846,False
2026-08-17,AGGREGATOR|research-node|akshare@1.18.97|stock_margin_detail_sse,2026-08-17,,2026-09-26T09:33:38.867564+00:00,2026-08-18,CONSERVATIVE_T1,margin_sse,600928,False
2026-08-17,AGGREGATOR|research-node|akshare@1.18.97|stock_margin_detail_sse,2026-08-17,,2026-09-26T09:33:38.867564+00:00,2026-08-18,CONSERVATIVE_T1,margin_sse,600977,False
2026-08-17,AGGREGATOR|research-node|akshare@1.18.97|stock_margin_detail_sse,2026-08-17,,2026-09-26T09:33:38.867564+00:00,2026-08-18,CONSERVATIVE_T1,margin_sse,601098,False
2026-08-17,AGGREGATOR|research-node|akshare@1.18.97|stock_margin_detail_sse,2026-08-17,,2026-09-26T09:33:38.867564+00:00,2026-08-18,CONSERVATIVE_T1,margin_sse,601111,False
2026-08-17,AGGREGATOR|research-node|akshare@1.18.97|stock_margin_detail_sse,2026-08-17,,2026-09-26T09:33:38.867564+00:00,2026-08-18,CONSERVATIVE_T1,margin_sse,601298,False
2026-08-17,AGGREGATOR|research-node|akshare@1.18.97|stock_margin_detail_sse,2026-08-17,,2026-09-26T09:33:38.867564+00:00,2026-08-18,CONSERVATIVE_T1,margin_sse,601328,False
2026-08-17,AGGREGATOR|research-node|akshare@1.18.97|stock_margin_detail_sse,2026-08-17,,2026-09-26T09:33:38.867564+00:00,2026-08-18,CONSERVATIVE_T1,margin_sse,601869,False
2026-08-17,AGGREGATOR|research-node|akshare@1.18.97|stock_margin_detail_sse,2026-08-17,,2026-09-26T09:33:38.867564+00:00,2026-08-18,CONSERVATIVE_T1,margin_sse,601900,False
2026-08-17,AGGREGATOR|research-node|akshare@1.18.97|stock_margin_detail_sse,2026-08-17,,2026-09-26T09:33:38.867564+00:00,2026-08-18,CONSERVATIVE_T1,margin_sse,601963,False
2026-08-17,AGGREGATOR|research-node|akshare@1.18.97|stock_margin_detail_sse,2026-08-17,,2026-09-26T09:33:38.867564+00:00,2026-08-18,CONSERVATIVE_T1,margin_sse,601985,False
2026-08-17,AGGREGATOR|research-node|akshare@1.18.97|stock_margin_detail_sse,2026-08-17,,2026-09-26T09:33:38.867564+00:00,2026-08-18,CONSERVATIVE_T1,margin_sse,601988,False
2026-08-17,AGGREGATOR|research-node|akshare@1.18.97|stock_margin_detail_sse,2026-08-17,,2026-09-26T09:33:38.867564+00:00,2026-08-18,CONSERVATIVE_T1,margin_sse,601992,False
2026-08-17,AGGREGATOR|research-node|akshare@1.18.97|stock_margin_detail_sse,2026-08-17,,2026-09-26T09:33:38.867564+00:00,2026-08-18,CONSERVATIVE_T1,margin_sse,603618,False
2026-08-17,AGGREGATOR|research-node|akshare@1.18.97|stock_margin_detail_sse,2026-08-17,,2026-09-26T09:33:38.867564+00:00,2026-08-18,CONSERVATIVE_T1,margin_sse,603667,False
2026-08-17,AGGREGATOR|research-node|akshare@1.18.97|stock_margin_detail_sse,2026-08-17,,2026-09-26T09:33:38.867564+00:00,2026-08-18,CONSERVATIVE_T1,margin_sse,603686,False
2026-08-17,AGGREGATOR|research-node|akshare@1.18.97|stock_margin_detail_sse,2026-08-17,,2026-09-26T09:33:38.867564+00:00,2026-08-18,CONSERVATIVE_T1,margin_sse,688088,False
2026-08-17,AGGREGATOR|research-node|akshare@1.18.97|stock_margin_detail_sse,2026-08-17,,2026-09-26T09:33:38.867564+00:00,2026-08-18,CONSERVATIVE_T1,margin_sse,688116,False
2026-08-17,AGGREGATOR|research-node|akshare@1.18.97|stock_margin_detail_sse,2026-08-17,,2026-09-26T09:33:38.867564+00:00,2026-08-18,CONSERVATIVE_T1,margin_sse,688218,False
2026-08-17,AGGREGATOR|research-node|akshare@1.18.97|stock_margin_detail_sse,2026-08-17,,2026-09-26T09:33:38.867564+00:00,2026-08-18,CONSERVATIVE_T1,margin_sse,688498,False
2026-08-17,AGGREGATOR|research-node|akshare@1.18.97|stock_margin_detail_sse,2026-08-17,,2026-09-26T09:33:38.867564+00:00,2026-08-18,CONSERVATIVE_T1,margin_sse,688521,False
2026-08-18,AGGREGATOR|research-node|akshare@1.18.97|stock_margin_detail_sse,2026-08-18,,2026-09-26T09:33:43.421406+00:00,2026-08-19,CONSERVATIVE_T1,margin_sse,600022,False
2026-08-18,AGGREGATOR|research-node|akshare@1.18.97|stock_margin_detail_sse,2026-08-18,,2026-09-26T09:33:43.421406+00:00,2026-08-19,CONSERVATIVE_T1,margin_sse,600113,False
2026-08-18,AGGREGATOR|research-node|akshare@1.18.97|stock_margin_detail_sse,2026-08-18,,2026-09-26T09:33:43.421406+00:00,2026-08-19,CONSERVATIVE_T1,margin_sse,600196,True
2026-08-18,AGGREGATOR|research-node|akshare@1.18.97|stock_margin_detail_sse,2026-08-18,,2026-09-26T09:33:43.421406+00:00,2026-08-19,CONSERVATIVE_T1,margin_sse,600269,False
2026-08-18,AGGREGATOR|research-node|akshare@1.18.97|stock_margin_detail_sse,2026-08-18,,2026-09-26T09:33:43.421406+00:00,2026-08-19,CONSERVATIVE_T1,margin_sse,600377,False
2026-08-18,AGGREGATOR|research-node|akshare@1.18.97|stock_margin_detail_sse,2026-08-18,,2026-09-26T09:33:43.421406+00:00,2026-08-19,CONSERVATIVE_T1,margin_sse,600459,False
2026-08-18,AGGREGATOR|research-node|akshare@1.18.97|stock_margin_detail_sse,2026-08-18,,2026-09-26T09:33:43.421406+00:00,2026-08-19,CONSERVATIVE_T1,margin_sse,600567,False
2026-08-18,AGGREGATOR|research-node|akshare@1.18.97|stock_margin_detail_sse,2026-08-18,,2026-09-26T09:33:43.421406+00:00,2026-08-19,CONSERVATIVE_T1,margin_sse,600598,False
2026-08-18,AGGREGATOR|research-node|akshare@1.18.97|stock_margin_detail_sse,2026-08-18,,2026-09-26T09:33:43.421406+00:00,2026-08-19,CONSERVATIVE_T1,margin_sse,600629,False
2026-08-18,AGGREGATOR|research-node|akshare@1.18.97|stock_margin_detail_sse,2026-08-18,,2026-09-26T09:33:43.421406+00:00,2026-08-19,CONSERVATIVE_T1,margin_sse,600694,False
2026-08-18,AGGREGATOR|research-node|akshare@1.18.97|stock_margin_detail_sse,2026-08-18,,2026-09-26T09:33:43.421406+00:00,2026-08-19,CONSERVATIVE_T1,margin_sse,600826,False
2026-08-18,AGGREGATOR|research-node|akshare@1.18.97|stock_margin_detail_sse,2026-08-18,,2026-09-26T09:33:43.421406+00:00,2026-08-19,CONSERVATIVE_T1,margin_sse,600846,False
2026-08-18,AGGREGATOR|research-node|akshare@1.18.97|stock_margin_detail_sse,2026-08-18,,2026-09-26T09:33:43.421406+00:00,2026-08-19,CONSERVATIVE_T1,margin_sse,600928,False
2026-08-18,AGGREGATOR|research-node|akshare@1.18.97|stock_margin_detail_sse,2026-08-18,,2026-09-26T09:33:43.421406+00:00,2026-08-19,CONSERVATIVE_T1,margin_sse,600977,False
2026-08-18,AGGREGATOR|research-node|akshare@1.18.97|stock_margin_detail_sse,2026-08-18,,2026-09-26T09:33:43.421406+00:00,2026-08-19,CONSERVATIVE_T1,margin_sse,601098,False
2026-08-18,AGGREGATOR|research-node|akshare@1.18.97|stock_margin_detail_sse,2026-08-18,,2026-09-26T09:33:43.421406+00:00,2026-08-19,CONSERVATIVE_T1,margin_sse,601111,False
2026-08-18,AGGREGATOR|research-node|akshare@1.18.97|stock_margin_detail_sse,2026-08-18,,2026-09-26T09:33:43.421406+00:00,2026-08-19,CONSERVATIVE_T1,margin_sse,601298,False
2026-08-18,AGGREGATOR|research-node|akshare@1.18.97|stock_margin_detail_sse,2026-08-18,,2026-09-26T09:33:43.421406+00:00,2026-08-19,CONSERVATIVE_T1,margin_sse,601328,False
2026-08-18,AGGREGATOR|research-node|akshare@1.18.97|stock_margin_detail_sse,2026-08-18,,2026-09-26T09:33:43.421406+00:00,2026-08-19,CONSERVATIVE_T1,margin_sse,601869,False
2026-08-18,AGGREGATOR|research-node|akshare@1.18.97|stock_margin_detail_sse,2026-08-18,,2026-09-26T09:33:43.421406+00:00,2026-08-19,CONSERVATIVE_T1,margin_sse,601900,False
2026-08-18,AGGREGATOR|research-node|akshare@1.18.97|stock_margin_detail_sse,2026-08-18,,2026-09-26T09:33:43.421406+00:00,2026-08-19,CONSERVATIVE_T1,margin_sse,601963,False
2026-08-18,AGGREGATOR|research-node|akshare@1.18.97|stock_margin_detail_sse,2026-08-18,,2026-09-26T09:33:43.421406+00:00,2026-08-19,CONSERVATIVE_T1,margin_sse,601985,False
2026-08-18,AGGREGATOR|research-node|akshare@1.18.97|stock_margin_detail_sse,2026-08-18,,2026-09-26T09:33:43.421406+00:00,2026-08-19,CONSERVATIVE_T1,margin_sse,601988,False
2026-08-18,AGGREGATOR|research-node|akshare@1.18.97|stock_margin_detail_sse,2026-08-18,,2026-09-26T09:33:43.421406+00:00,2026-08-19,CONSERVATIVE_T1,margin_sse,601992,False
2026-08-18,AGGREGATOR|research-node|akshare@1.18.97|stock_margin_detail_sse,2026-08-18,,2026-09-26T09:33:43.421406+00:00,2026-08-19,CONSERVATIVE_T1,margin_sse,603618,False
2026-08-18,AGGREGATOR|research-node|akshare@1.18.97|stock_margin_detail_sse,2026-08-18,,2026-09-26T09:33:43.421406+00:00,2026-08-19,CONSERVATIVE_T1,margin_sse,603667,False
2026-08-18,AGGREGATOR|research-node|akshare@1.18.97|stock_margin_detail_sse,2026-08-18,,2026-09-26T09:33:43.421406+00:00,2026-08-19,CONSERVATIVE_T1,margin_sse,603686,False
2026-08-18,AGGREGATOR|research-node|akshare@1.18.97|stock_margin_detail_sse,2026-08-18,,2026-09-26T09:33:43.421406+00:00,2026-08-19,CONSERVATIVE_T1,margin_sse,688088,False
2026-08-18,AGGREGATOR|research-node|akshare@1.18.97|stock_margin_detail_sse,2026-08-18,,2026-09-26T09:33:43.421406+00:00,2026-08-19,CONSERVATIVE_T1,margin_sse,688116,False
2026-08-18,AGGREGATOR|research-node|akshare@1.18.97|stock_margin_detail_sse,2026-08-18,,2026-09-26T09:33:43.421406+00:00,2026-08-19,CONSERVATIVE_T1,margin_sse,688218,False
2026-08-18,AGGREGATOR|research-node|akshare@1.18.97|stock_margin_detail_sse,2026-08-18,,2026-09-26T09:33:43.421406+00:00,2026-08-19,CONSERVATIVE_T1,margin_sse,688498,False
2026-08-18,AGGREGATOR|research-node|akshare@1.18.97|stock_margin_detail_sse,2026-08-18,,2026-09-26T09:33:43.421406+00:00,2026-08-19,CONSERVATIVE_T1,margin_sse,688521,False
2026-08-19,AGGREGATOR|research-node|akshare@1.18.97|stock_margin_detail_sse,2026-08-19,,2026-09-26T09:33:48.133071+00:00,2026-08-20,CONSERVATIVE_T1,margin_sse,600022,False
2026-08-19,AGGREGATOR|research-node|akshare@1.18.97|stock_margin_detail_sse,2026-08-19,,2026-09-26T09:33:48.133071+00:00,2026-08-20,CONSERVATIVE_T1,margin_sse,600113,False
2026-08-19,AGGREGATOR|research-node|akshare@1.18.97|stock_margin_detail_sse,2026-08-19,,2026-09-26T09:33:48.133071+00:00,2026-08-20,CONSERVATIVE_T1,margin_sse,600196,True
2026-08-19,AGGREGATOR|research-node|akshare@1.18.97|stock_margin_detail_sse,2026-08-19,,2026-09-26T09:33:48.133071+00:00,2026-08-20,CONSERVATIVE_T1,margin_sse,600269,False
2026-08-19,AGGREGATOR|research-node|akshare@1.18.97|stock_margin_detail_sse,2026-08-19,,2026-09-26T09:33:48.133071+00:00,2026-08-20,CONSERVATIVE_T1,margin_sse,600377,False
2026-08-19,AGGREGATOR|research-node|akshare@1.18.97|stock_margin_detail_sse,2026-08-19,,2026-09-26T09:33:48.133071+00:00,2026-08-20,CONSERVATIVE_T1,margin_sse,600459,False
2026-08-19,AGGREGATOR|research-node|akshare@1.18.97|stock_margin_detail_sse,2026-08-19,,2026-09-26T09:33:48.133071+00:00,2026-08-20,CONSERVATIVE_T1,margin_sse,600567,False
2026-08-19,AGGREGATOR|research-node|akshare@1.18.97|stock_margin_detail_sse,2026-08-19,,2026-09-26T09:33:48.133071+00:00,2026-08-20,CONSERVATIVE_T1,margin_sse,600598,False
2026-08-19,AGGREGATOR|research-node|akshare@1.18.97|stock_margin_detail_sse,2026-08-19,,2026-09-26T09:33:48.133071+00:00,2026-08-20,CONSERVATIVE_T1,margin_sse,600629,False
2026-08-19,AGGREGATOR|research-node|akshare@1.18.97|stock_margin_detail_sse,2026-08-19,,2026-09-26T09:33:48.133071+00:00,2026-08-20,CONSERVATIVE_T1,margin_sse,600694,False
2026-08-19,AGGREGATOR|research-node|akshare@1.18.97|stock_margin_detail_sse,2026-08-19,,2026-09-26T09:33:48.133071+00:00,2026-08-20,CONSERVATIVE_T1,margin_sse,600826,False
2026-08-19,AGGREGATOR|research-node|akshare@1.18.97|stock_margin_detail_sse,2026-08-19,,2026-09-26T09:33:48.133071+00:00,2026-08-20,CONSERVATIVE_T1,margin_sse,600846,False
2026-08-19,AGGREGATOR|research-node|akshare@1.18.97|stock_margin_detail_sse,2026-08-19,,2026-09-26T09:33:48.133071+00:00,2026-08-20,CONSERVATIVE_T1,margin_sse,600928,False
2026-08-19,AGGREGATOR|research-node|akshare@1.18.97|stock_margin_detail_sse,2026-08-19,,2026-09-26T09:33:48.133071+00:00,2026-08-20,CONSERVATIVE_T1,margin_sse,600977,False
2026-08-19,AGGREGATOR|research-node|akshare@1.18.97|stock_margin_detail_sse,2026-08-19,,2026-09-26T09:33:48.133071+00:00,2026-08-20,CONSERVATIVE_T1,margin_sse,601098,False
2026-08-19,AGGREGATOR|research-node|akshare@1.18.97|stock_margin_detail_sse,2026-08-19,,2026-09-26T09:33:48.133071+00:00,2026-08-20,CONSERVATIVE_T1,margin_sse,601111,False
2026-08-19,AGGREGATOR|research-node|akshare@1.18.97|stock_margin_detail_sse,2026-08-19,,2026-09-26T09:33:48.133071+00:00,2026-08-20,CONSERVATIVE_T1,margin_sse,601298,False
2026-08-19,AGGREGATOR|research-node|akshare@1.18.97|stock_margin_detail_sse,2026-08-19,,2026-09-26T09:33:48.133071+00:00,2026-08-20,CONSERVATIVE_T1,margin_sse,601328,False
2026-08-19,AGGREGATOR|research-node|akshare@1.18.97|stock_margin_detail_sse,2026-08-19,,2026-09-26T09:33:48.133071+00:00,2026-08-20,CONSERVATIVE_T1,margin_sse,601869,False
2026-08-19,AGGREGATOR|research-node|akshare@1.18.97|stock_margin_detail_sse,2026-08-19,,2026-09-26T09:33:48.133071+00:00,2026-08-20,CONSERVATIVE_T1,margin_sse,601900,False
2026-08-19,AGGREGATOR|research-node|akshare@1.18.97|stock_margin_detail_sse,2026-08-19,,2026-09-26T09:33:48.133071+00:00,2026-08-20,CONSERVATIVE_T1,margin_sse,601963,False
2026-08-19,AGGREGATOR|research-node|akshare@1.18.97|stock_margin_detail_sse,2026-08-19,,2026-09-26T09:33:48.133071+00:00,2026-08-20,CONSERVATIVE_T1,margin_sse,601985,False
2026-08-19,AGGREGATOR|research-node|akshare@1.18.97|stock_margin_detail_sse,2026-08-19,,2026-09-26T09:33:48.133071+00:00,2026-08-20,CONSERVATIVE_T1,margin_sse,601988,False
2026-08-19,AGGREGATOR|research-node|akshare@1.18.97|stock_margin_detail_sse,2026-08-19,,2026-09-26T09:33:48.133071+00:00,2026-08-20,CONSERVATIVE_T1,margin_sse,601992,False
2026-08-19,AGGREGATOR|research-node|akshare@1.18.97|stock_margin_detail_sse,2026-08-19,,2026-09-26T09:33:48.133071+00:00,2026-08-20,CONSERVATIVE_T1,margin_sse,603618,False
2026-08-19,AGGREGATOR|research-node|akshare@1.18.97|stock_margin_detail_sse,2026-08-19,,2026-09-26T09:33:48.133071+00:00,2026-08-20,CONSERVATIVE_T1,margin_sse,603667,False
2026-08-19,AGGREGATOR|research-node|akshare@1.18.97|stock_margin_detail_sse,2026-08-19,,2026-09-26T09:33:48.133071+00:00,2026-08-20,CONSERVATIVE_T1,margin_sse,603686,False
2026-08-19,AGGREGATOR|research-node|akshare@1.18.97|stock_margin_detail_sse,2026-08-19,,2026-09-26T09:33:48.133071+00:00,2026-08-20,CONSERVATIVE_T1,margin_sse,688088,False
2026-08-19,AGGREGATOR|research-node|akshare@1.18.97|stock_margin_detail_sse,2026-08-19,,2026-09-26T09:33:48.133071+00:00,2026-08-20,CONSERVATIVE_T1,margin_sse,688116,False
2026-08-19,AGGREGATOR|research-node|akshare@1.18.97|stock_margin_detail_sse,2026-08-19,,2026-09-26T09:33:48.133071+00:00,2026-08-20,CONSERVATIVE_T1,margin_sse,688218,False
2026-08-19,AGGREGATOR|research-node|akshare@1.18.97|stock_margin_detail_sse,2026-08-19,,2026-09-26T09:33:48.133071+00:00,2026-08-20,CONSERVATIVE_T1,margin_sse,688498,False
2026-08-19,AGGREGATOR|research-node|akshare@1.18.97|stock_margin_detail_sse,2026-08-19,,2026-09-26T09:33:48.133071+00:00,2026-08-20,CONSERVATIVE_T1,margin_sse,688521,False
2026-08-20,AGGREGATOR|research-node|akshare@1.18.97|stock_margin_detail_sse,2026-08-20,,2026-09-26T09:33:52.688899+00:00,2026-08-21,CONSERVATIVE_T1,margin_sse,600022,False
2026-08-20,AGGREGATOR|research-node|akshare@1.18.97|stock_margin_detail_sse,2026-08-20,,2026-09-26T09:33:52.688899+00:00,2026-08-21,CONSERVATIVE_T1,margin_sse,600113,False
2026-08-20,AGGREGATOR|research-node|akshare@1.18.97|stock_margin_detail_sse,2026-08-20,,2026-09-26T09:33:52.688899+00:00,2026-08-21,CONSERVATIVE_T1,margin_sse,600196,True
2026-08-20,AGGREGATOR|research-node|akshare@1.18.97|stock_margin_detail_sse,2026-08-20,,2026-09-26T09:33:52.688899+00:00,2026-08-21,CONSERVATIVE_T1,margin_sse,600269,False
2026-08-20,AGGREGATOR|research-node|akshare@1.18.97|stock_margin_detail_sse,2026-08-20,,2026-09-26T09:33:52.688899+00:00,2026-08-21,CONSERVATIVE_T1,margin_sse,600377,False
2026-08-20,AGGREGATOR|research-node|akshare@1.18.97|stock_margin_detail_sse,2026-08-20,,2026-09-26T09:33:52.688899+00:00,2026-08-21,CONSERVATIVE_T1,margin_sse,600459,False
2026-08-20,AGGREGATOR|research-node|akshare@1.18.97|stock_margin_detail_sse,2026-08-20,,2026-09-26T09:33:52.688899+00:00,2026-08-21,CONSERVATIVE_T1,margin_sse,600567,False
2026-08-20,AGGREGATOR|research-node|akshare@1.18.97|stock_margin_detail_sse,2026-08-20,,2026-09-26T09:33:52.688899+00:00,2026-08-21,CONSERVATIVE_T1,margin_sse,600598,False
2026-08-20,AGGREGATOR|research-node|akshare@1.18.97|stock_margin_detail_sse,2026-08-20,,2026-09-26T09:33:52.688899+00:00,2026-08-21,CONSERVATIVE_T1,margin_sse,600629,False
2026-08-20,AGGREGATOR|research-node|akshare@1.18.97|stock_margin_detail_sse,2026-08-20,,2026-09-26T09:33:52.688899+00:00,2026-08-21,CONSERVATIVE_T1,margin_sse,600694,False
2026-08-20,AGGREGATOR|research-node|akshare@1.18.97|stock_margin_detail_sse,2026-08-20,,2026-09-26T09:33:52.688899+00:00,2026-08-21,CONSERVATIVE_T1,margin_sse,600826,False
2026-08-20,AGGREGATOR|research-node|akshare@1.18.97|stock_margin_detail_sse,2026-08-20,,2026-09-26T09:33:52.688899+00:00,2026-08-21,CONSERVATIVE_T1,margin_sse,600846,False
2026-08-20,AGGREGATOR|research-node|akshare@1.18.97|stock_margin_detail_sse,2026-08-20,,2026-09-26T09:33:52.688899+00:00,2026-08-21,CONSERVATIVE_T1,margin_sse,600928,False
2026-08-20,AGGREGATOR|research-node|akshare@1.18.97|stock_margin_detail_sse,2026-08-20,,2026-09-26T09:33:52.688899+00:00,2026-08-21,CONSERVATIVE_T1,margin_sse,600977,False
2026-08-20,AGGREGATOR|research-node|akshare@1.18.97|stock_margin_detail_sse,2026-08-20,,2026-09-26T09:33:52.688899+00:00,2026-08-21,CONSERVATIVE_T1,margin_sse,601098,False
2026-08-20,AGGREGATOR|research-node|akshare@1.18.97|stock_margin_detail_sse,2026-08-20,,2026-09-26T09:33:52.688899+00:00,2026-08-21,CONSERVATIVE_T1,margin_sse,601111,False
2026-08-20,AGGREGATOR|research-node|akshare@1.18.97|stock_margin_detail_sse,2026-08-20,,2026-09-26T09:33:52.688899+00:00,2026-08-21,CONSERVATIVE_T1,margin_sse,601298,False
2026-08-20,AGGREGATOR|research-node|akshare@1.18.97|stock_margin_detail_sse,2026-08-20,,2026-09-26T09:33:52.688899+00:00,2026-08-21,CONSERVATIVE_T1,margin_sse,601328,False
2026-08-20,AGGREGATOR|research-node|akshare@1.18.97|stock_margin_detail_sse,2026-08-20,,2026-09-26T09:33:52.688899+00:00,2026-08-21,CONSERVATIVE_T1,margin_sse,601869,False
2026-08-20,AGGREGATOR|research-node|akshare@1.18.97|stock_margin_detail_sse,2026-08-20,,2026-09-26T09:33:52.688899+00:00,2026-08-21,CONSERVATIVE_T1,margin_sse,601900,False
2026-08-20,AGGREGATOR|research-node|akshare@1.18.97|stock_margin_detail_sse,2026-08-20,,2026-09-26T09:33:52.688899+00:00,2026-08-21,CONSERVATIVE_T1,margin_sse,601963,False
2026-08-20,AGGREGATOR|research-node|akshare@1.18.97|stock_margin_detail_sse,2026-08-20,,2026-09-26T09:33:52.688899+00:00,2026-08-21,CONSERVATIVE_T1,margin_sse,601985,False
2026-08-20,AGGREGATOR|research-node|akshare@1.18.97|stock_margin_detail_sse,2026-08-20,,2026-09-26T09:33:52.688899+00:00,2026-08-21,CONSERVATIVE_T1,margin_sse,601988,False
2026-08-20,AGGREGATOR|research-node|akshare@1.18.97|stock_margin_detail_sse,2026-08-20,,2026-09-26T09:33:52.688899+00:00,2026-08-21,CONSERVATIVE_T1,margin_sse,601992,False
2026-08-20,AGGREGATOR|research-node|akshare@1.18.97|stock_margin_detail_sse,2026-08-20,,2026-09-26T09:33:52.688899+00:00,2026-08-21,CONSERVATIVE_T1,margin_sse,603618,False
2026-08-20,AGGREGATOR|research-node|akshare@1.18.97|stock_margin_detail_sse,2026-08-20,,2026-09-26T09:33:52.688899+00:00,2026-08-21,CONSERVATIVE_T1,margin_sse,603667,False
2026-08-20,AGGREGATOR|research-node|akshare@1.18.97|stock_margin_detail_sse,2026-08-20,,2026-09-26T09:33:52.688899+00:00,2026-08-21,CONSERVATIVE_T1,margin_sse,603686,False
2026-08-20,AGGREGATOR|research-node|akshare@1.18.97|stock_margin_detail_sse,2026-08-20,,2026-09-26T09:33:52.688899+00:00,2026-08-21,CONSERVATIVE_T1,margin_sse,688088,False
2026-08-20,AGGREGATOR|research-node|akshare@1.18.97|stock_margin_detail_sse,2026-08-20,,2026-09-26T09:33:52.688899+00:00,2026-08-21,CONSERVATIVE_T1,margin_sse,688116,False
2026-08-20,AGGREGATOR|research-node|akshare@1.18.97|stock_margin_detail_sse,2026-08-20,,2026-09-26T09:33:52.688899+00:00,2026-08-21,CONSERVATIVE_T1,margin_sse,688218,False
2026-08-20,AGGREGATOR|research-node|akshare@1.18.97|stock_margin_detail_sse,2026-08-20,,2026-09-26T09:33:52.688899+00:00,2026-08-21,CONSERVATIVE_T1,margin_sse,688498,False
2026-08-20,AGGREGATOR|research-node|akshare@1.18.97|stock_margin_detail_sse,2026-08-20,,2026-09-26T09:33:52.688899+00:00,2026-08-21,CONSERVATIVE_T1,margin_sse,688521,False
2026-08-21,AGGREGATOR|research-node|akshare@1.18.97|stock_margin_detail_sse,2026-08-21,,2026-09-26T09:33:57.152929+00:00,2026-08-24,CONSERVATIVE_T1,margin_sse,600022,False
2026-08-21,AGGREGATOR|research-node|akshare@1.18.97|stock_margin_detail_sse,2026-08-21,,2026-09-26T09:33:57.152929+00:00,2026-08-24,CONSERVATIVE_T1,margin_sse,600113,False
2026-08-21,AGGREGATOR|research-node|akshare@1.18.97|stock_margin_detail_sse,2026-08-21,,2026-09-26T09:33:57.152929+00:00,2026-08-24,CONSERVATIVE_T1,margin_sse,600196,True
2026-08-21,AGGREGATOR|research-node|akshare@1.18.97|stock_margin_detail_sse,2026-08-21,,2026-09-26T09:33:57.152929+00:00,2026-08-24,CONSERVATIVE_T1,margin_sse,600269,False
2026-08-21,AGGREGATOR|research-node|akshare@1.18.97|stock_margin_detail_sse,2026-08-21,,2026-09-26T09:33:57.152929+00:00,2026-08-24,CONSERVATIVE_T1,margin_sse,600377,False
2026-08-21,AGGREGATOR|research-node|akshare@1.18.97|stock_margin_detail_sse,2026-08-21,,2026-09-26T09:33:57.152929+00:00,2026-08-24,CONSERVATIVE_T1,margin_sse,600459,False
2026-08-21,AGGREGATOR|research-node|akshare@1.18.97|stock_margin_detail_sse,2026-08-21,,2026-09-26T09:33:57.152929+00:00,2026-08-24,CONSERVATIVE_T1,margin_sse,600567,False
2026-08-21,AGGREGATOR|research-node|akshare@1.18.97|stock_margin_detail_sse,2026-08-21,,2026-09-26T09:33:57.152929+00:00,2026-08-24,CONSERVATIVE_T1,margin_sse,600598,False
2026-08-21,AGGREGATOR|research-node|akshare@1.18.97|stock_margin_detail_sse,2026-08-21,,2026-09-26T09:33:57.152929+00:00,2026-08-24,CONSERVATIVE_T1,margin_sse,600629,False
2026-08-21,AGGREGATOR|research-node|akshare@1.18.97|stock_margin_detail_sse,2026-08-21,,2026-09-26T09:33:57.152929+00:00,2026-08-24,CONSERVATIVE_T1,margin_sse,600694,False
2026-08-21,AGGREGATOR|research-node|akshare@1.18.97|stock_margin_detail_sse,2026-08-21,,2026-09-26T09:33:57.152929+00:00,2026-08-24,CONSERVATIVE_T1,margin_sse,600826,False
2026-08-21,AGGREGATOR|research-node|akshare@1.18.97|stock_margin_detail_sse,2026-08-21,,2026-09-26T09:33:57.152929+00:00,2026-08-24,CONSERVATIVE_T1,margin_sse,600846,False
2026-08-21,AGGREGATOR|research-node|akshare@1.18.97|stock_margin_detail_sse,2026-08-21,,2026-09-26T09:33:57.152929+00:00,2026-08-24,CONSERVATIVE_T1,margin_sse,600928,False
2026-08-21,AGGREGATOR|research-node|akshare@1.18.97|stock_margin_detail_sse,2026-08-21,,2026-09-26T09:33:57.152929+00:00,2026-08-24,CONSERVATIVE_T1,margin_sse,600977,False
2026-08-21,AGGREGATOR|research-node|akshare@1.18.97|stock_margin_detail_sse,2026-08-21,,2026-09-26T09:33:57.152929+00:00,2026-08-24,CONSERVATIVE_T1,margin_sse,601098,False
2026-08-21,AGGREGATOR|research-node|akshare@1.18.97|stock_margin_detail_sse,2026-08-21,,2026-09-26T09:33:57.152929+00:00,2026-08-24,CONSERVATIVE_T1,margin_sse,601111,False
2026-08-21,AGGREGATOR|research-node|akshare@1.18.97|stock_margin_detail_sse,2026-08-21,,2026-09-26T09:33:57.152929+00:00,2026-08-24,CONSERVATIVE_T1,margin_sse,601298,False
2026-08-21,AGGREGATOR|research-node|akshare@1.18.97|stock_margin_detail_sse,2026-08-21,,2026-09-26T09:33:57.152929+00:00,2026-08-24,CONSERVATIVE_T1,margin_sse,601328,False
2026-08-21,AGGREGATOR|research-node|akshare@1.18.97|stock_margin_detail_sse,2026-08-21,,2026-09-26T09:33:57.152929+00:00,2026-08-24,CONSERVATIVE_T1,margin_sse,601869,False
2026-08-21,AGGREGATOR|research-node|akshare@1.18.97|stock_margin_detail_sse,2026-08-21,,2026-09-26T09:33:57.152929+00:00,2026-08-24,CONSERVATIVE_T1,margin_sse,601900,False
2026-08-21,AGGREGATOR|research-node|akshare@1.18.97|stock_margin_detail_sse,2026-08-21,,2026-09-26T09:33:57.152929+00:00,2026-08-24,CONSERVATIVE_T1,margin_sse,601963,False
2026-08-21,AGGREGATOR|research-node|akshare@1.18.97|stock_margin_detail_sse,2026-08-21,,2026-09-26T09:33:57.152929+00:00,2026-08-24,CONSERVATIVE_T1,margin_sse,601985,False
2026-08-21,AGGREGATOR|research-node|akshare@1.18.97|stock_margin_detail_sse,2026-08-21,,2026-09-26T09:33:57.152929+00:00,2026-08-24,CONSERVATIVE_T1,margin_sse,601988,False
2026-08-21,AGGREGATOR|research-node|akshare@1.18.97|stock_margin_detail_sse,2026-08-21,,2026-09-26T09:33:57.152929+00:00,2026-08-24,CONSERVATIVE_T1,margin_sse,601992,False
2026-08-21,AGGREGATOR|research-node|akshare@1.18.97|stock_margin_detail_sse,2026-08-21,,2026-09-26T09:33:57.152929+00:00,2026-08-24,CONSERVATIVE_T1,margin_sse,603618,False
2026-08-21,AGGREGATOR|research-node|akshare@1.18.97|stock_margin_detail_sse,2026-08-21,,2026-09-26T09:33:57.152929+00:00,2026-08-24,CONSERVATIVE_T1,margin_sse,603667,False
2026-08-21,AGGREGATOR|research-node|akshare@1.18.97|stock_margin_detail_sse,2026-08-21,,2026-09-26T09:33:57.152929+00:00,2026-08-24,CONSERVATIVE_T1,margin_sse,603686,False
2026-08-21,AGGREGATOR|research-node|akshare@1.18.97|stock_margin_detail_sse,2026-08-21,,2026-09-26T09:33:57.152929+00:00,2026-08-24,CONSERVATIVE_T1,margin_sse,688088,False
2026-08-21,AGGREGATOR|research-node|akshare@1.18.97|stock_margin_detail_sse,2026-08-21,,2026-09-26T09:33:57.152929+00:00,2026-08-24,CONSERVATIVE_T1,margin_sse,688116,False
2026-08-21,AGGREGATOR|research-node|akshare@1.18.97|stock_margin_detail_sse,2026-08-21,,2026-09-26T09:33:57.152929+00:00,2026-08-24,CONSERVATIVE_T1,margin_sse,688218,False
2026-08-21,AGGREGATOR|research-node|akshare@1.18.97|stock_margin_detail_sse,2026-08-21,,2026-09-26T09:33:57.152929+00:00,2026-08-24,CONSERVATIVE_T1,margin_sse,688498,False
2026-08-21,AGGREGATOR|research-node|akshare@1.18.97|stock_margin_detail_sse,2026-08-21,,2026-09-26T09:33:57.152929+00:00,2026-08-24,CONSERVATIVE_T1,margin_sse,688521,False
2026-08-24,AGGREGATOR|research-node|akshare@1.18.97|stock_margin_detail_sse,2026-08-24,,2026-09-26T09:34:01.690183+00:00,2026-08-25,CONSERVATIVE_T1,margin_sse,600022,False
2026-08-24,AGGREGATOR|research-node|akshare@1.18.97|stock_margin_detail_sse,2026-08-24,,2026-09-26T09:34:01.690183+00:00,2026-08-25,CONSERVATIVE_T1,margin_sse,600113,False
2026-08-24,AGGREGATOR|research-node|akshare@1.18.97|stock_margin_detail_sse,2026-08-24,,2026-09-26T09:34:01.690183+00:00,2026-08-25,CONSERVATIVE_T1,margin_sse,600196,True
2026-08-24,AGGREGATOR|research-node|akshare@1.18.97|stock_margin_detail_sse,2026-08-24,,2026-09-26T09:34:01.690183+00:00,2026-08-25,CONSERVATIVE_T1,margin_sse,600269,False
2026-08-24,AGGREGATOR|research-node|akshare@1.18.97|stock_margin_detail_sse,2026-08-24,,2026-09-26T09:34:01.690183+00:00,2026-08-25,CONSERVATIVE_T1,margin_sse,600377,False
2026-08-24,AGGREGATOR|research-node|akshare@1.18.97|stock_margin_detail_sse,2026-08-24,,2026-09-26T09:34:01.690183+00:00,2026-08-25,CONSERVATIVE_T1,margin_sse,600459,False
2026-08-24,AGGREGATOR|research-node|akshare@1.18.97|stock_margin_detail_sse,2026-08-24,,2026-09-26T09:34:01.690183+00:00,2026-08-25,CONSERVATIVE_T1,margin_sse,600567,False
2026-08-24,AGGREGATOR|research-node|akshare@1.18.97|stock_margin_detail_sse,2026-08-24,,2026-09-26T09:34:01.690183+00:00,2026-08-25,CONSERVATIVE_T1,margin_sse,600598,False
2026-08-24,AGGREGATOR|research-node|akshare@1.18.97|stock_margin_detail_sse,2026-08-24,,2026-09-26T09:34:01.690183+00:00,2026-08-25,CONSERVATIVE_T1,margin_sse,600629,False
2026-08-24,AGGREGATOR|research-node|akshare@1.18.97|stock_margin_detail_sse,2026-08-24,,2026-09-26T09:34:01.690183+00:00,2026-08-25,CONSERVATIVE_T1,margin_sse,600694,False
2026-08-24,AGGREGATOR|research-node|akshare@1.18.97|stock_margin_detail_sse,2026-08-24,,2026-09-26T09:34:01.690183+00:00,2026-08-25,CONSERVATIVE_T1,margin_sse,600826,False
2026-08-24,AGGREGATOR|research-node|akshare@1.18.97|stock_margin_detail_sse,2026-08-24,,2026-09-26T09:34:01.690183+00:00,2026-08-25,CONSERVATIVE_T1,margin_sse,600846,False
2026-08-24,AGGREGATOR|research-node|akshare@1.18.97|stock_margin_detail_sse,2026-08-24,,2026-09-26T09:34:01.690183+00:00,2026-08-25,CONSERVATIVE_T1,margin_sse,600928,False
2026-08-24,AGGREGATOR|research-node|akshare@1.18.97|stock_margin_detail_sse,2026-08-24,,2026-09-26T09:34:01.690183+00:00,2026-08-25,CONSERVATIVE_T1,margin_sse,600977,False
2026-08-24,AGGREGATOR|research-node|akshare@1.18.97|stock_margin_detail_sse,2026-08-24,,2026-09-26T09:34:01.690183+00:00,2026-08-25,CONSERVATIVE_T1,margin_sse,601098,False
2026-08-24,AGGREGATOR|research-node|akshare@1.18.97|stock_margin_detail_sse,2026-08-24,,2026-09-26T09:34:01.690183+00:00,2026-08-25,CONSERVATIVE_T1,margin_sse,601111,False
2026-08-24,AGGREGATOR|research-node|akshare@1.18.97|stock_margin_detail_sse,2026-08-24,,2026-09-26T09:34:01.690183+00:00,2026-08-25,CONSERVATIVE_T1,margin_sse,601298,False
2026-08-24,AGGREGATOR|research-node|akshare@1.18.97|stock_margin_detail_sse,2026-08-24,,2026-09-26T09:34:01.690183+00:00,2026-08-25,CONSERVATIVE_T1,margin_sse,601328,False
2026-08-24,AGGREGATOR|research-node|akshare@1.18.97|stock_margin_detail_sse,2026-08-24,,2026-09-26T09:34:01.690183+00:00,2026-08-25,CONSERVATIVE_T1,margin_sse,601869,False
2026-08-24,AGGREGATOR|research-node|akshare@1.18.97|stock_margin_detail_sse,2026-08-24,,2026-09-26T09:34:01.690183+00:00,2026-08-25,CONSERVATIVE_T1,margin_sse,601900,False
2026-08-24,AGGREGATOR|research-node|akshare@1.18.97|stock_margin_detail_sse,2026-08-24,,2026-09-26T09:34:01.690183+00:00,2026-08-25,CONSERVATIVE_T1,margin_sse,601963,False
2026-08-24,AGGREGATOR|research-node|akshare@1.18.97|stock_margin_detail_sse,2026-08-24,,2026-09-26T09:34:01.690183+00:00,2026-08-25,CONSERVATIVE_T1,margin_sse,601985,False
2026-08-24,AGGREGATOR|research-node|akshare@1.18.97|stock_margin_detail_sse,2026-08-24,,2026-09-26T09:34:01.690183+00:00,2026-08-25,CONSERVATIVE_T1,margin_sse,601988,False
2026-08-24,AGGREGATOR|research-node|akshare@1.18.97|stock_margin_detail_sse,2026-08-24,,2026-09-26T09:34:01.690183+00:00,2026-08-25,CONSERVATIVE_T1,margin_sse,601992,False
2026-08-24,AGGREGATOR|research-node|akshare@1.18.97|stock_margin_detail_sse,2026-08-24,,2026-09-26T09:34:01.690183+00:00,2026-08-25,CONSERVATIVE_T1,margin_sse,603618,False
2026-08-24,AGGREGATOR|research-node|akshare@1.18.97|stock_margin_detail_sse,2026-08-24,,2026-09-26T09:34:01.690183+00:00,2026-08-25,CONSERVATIVE_T1,margin_sse,603667,False
2026-08-24,AGGREGATOR|research-node|akshare@1.18.97|stock_margin_detail_sse,2026-08-24,,2026-09-26T09:34:01.690183+00:00,2026-08-25,CONSERVATIVE_T1,margin_sse,603686,False
2026-08-24,AGGREGATOR|research-node|akshare@1.18.97|stock_margin_detail_sse,2026-08-24,,2026-09-26T09:34:01.690183+00:00,2026-08-25,CONSERVATIVE_T1,margin_sse,688088,False
2026-08-24,AGGREGATOR|research-node|akshare@1.18.97|stock_margin_detail_sse,2026-08-24,,2026-09-26T09:34:01.690183+00:00,2026-08-25,CONSERVATIVE_T1,margin_sse,688116,False
2026-08-24,AGGREGATOR|research-node|akshare@1.18.97|stock_margin_detail_sse,2026-08-24,,2026-09-26T09:34:01.690183+00:00,2026-08-25,CONSERVATIVE_T1,margin_sse,688218,False
2026-08-24,AGGREGATOR|research-node|akshare@1.18.97|stock_margin_detail_sse,2026-08-24,,2026-09-26T09:34:01.690183+00:00,2026-08-25,CONSERVATIVE_T1,margin_sse,688498,False
2026-08-24,AGGREGATOR|research-node|akshare@1.18.97|stock_margin_detail_sse,2026-08-24,,2026-09-26T09:34:01.690183+00:00,2026-08-25,CONSERVATIVE_T1,margin_sse,688521,False
2026-08-25,AGGREGATOR|research-node|akshare@1.18.97|stock_margin_detail_sse,2026-08-25,,2026-09-26T09:34:06.253072+00:00,2026-08-26,CONSERVATIVE_T1,margin_sse,600022,False
2026-08-25,AGGREGATOR|research-node|akshare@1.18.97|stock_margin_detail_sse,2026-08-25,,2026-09-26T09:34:06.253072+00:00,2026-08-26,CONSERVATIVE_T1,margin_sse,600113,False
2026-08-25,AGGREGATOR|research-node|akshare@1.18.97|stock_margin_detail_sse,2026-08-25,,2026-09-26T09:34:06.253072+00:00,2026-08-26,CONSERVATIVE_T1,margin_sse,600196,True
2026-08-25,AGGREGATOR|research-node|akshare@1.18.97|stock_margin_detail_sse,2026-08-25,,2026-09-26T09:34:06.253072+00:00,2026-08-26,CONSERVATIVE_T1,margin_sse,600269,False
2026-08-25,AGGREGATOR|research-node|akshare@1.18.97|stock_margin_detail_sse,2026-08-25,,2026-09-26T09:34:06.253072+00:00,2026-08-26,CONSERVATIVE_T1,margin_sse,600377,False
2026-08-25,AGGREGATOR|research-node|akshare@1.18.97|stock_margin_detail_sse,2026-08-25,,2026-09-26T09:34:06.253072+00:00,2026-08-26,CONSERVATIVE_T1,margin_sse,600459,False
2026-08-25,AGGREGATOR|research-node|akshare@1.18.97|stock_margin_detail_sse,2026-08-25,,2026-09-26T09:34:06.253072+00:00,2026-08-26,CONSERVATIVE_T1,margin_sse,600567,False
2026-08-25,AGGREGATOR|research-node|akshare@1.18.97|stock_margin_detail_sse,2026-08-25,,2026-09-26T09:34:06.253072+00:00,2026-08-26,CONSERVATIVE_T1,margin_sse,600598,False
2026-08-25,AGGREGATOR|research-node|akshare@1.18.97|stock_margin_detail_sse,2026-08-25,,2026-09-26T09:34:06.253072+00:00,2026-08-26,CONSERVATIVE_T1,margin_sse,600629,False
2026-08-25,AGGREGATOR|research-node|akshare@1.18.97|stock_margin_detail_sse,2026-08-25,,2026-09-26T09:34:06.253072+00:00,2026-08-26,CONSERVATIVE_T1,margin_sse,600694,False
2026-08-25,AGGREGATOR|research-node|akshare@1.18.97|stock_margin_detail_sse,2026-08-25,,2026-09-26T09:34:06.253072+00:00,2026-08-26,CONSERVATIVE_T1,margin_sse,600826,False
2026-08-25,AGGREGATOR|research-node|akshare@1.18.97|stock_margin_detail_sse,2026-08-25,,2026-09-26T09:34:06.253072+00:00,2026-08-26,CONSERVATIVE_T1,margin_sse,600846,False
2026-08-25,AGGREGATOR|research-node|akshare@1.18.97|stock_margin_detail_sse,2026-08-25,,2026-09-26T09:34:06.253072+00:00,2026-08-26,CONSERVATIVE_T1,margin_sse,600928,False
2026-08-25,AGGREGATOR|research-node|akshare@1.18.97|stock_margin_detail_sse,2026-08-25,,2026-09-26T09:34:06.253072+00:00,2026-08-26,CONSERVATIVE_T1,margin_sse,600977,False
2026-08-25,AGGREGATOR|research-node|akshare@1.18.97|stock_margin_detail_sse,2026-08-25,,2026-09-26T09:34:06.253072+00:00,2026-08-26,CONSERVATIVE_T1,margin_sse,601098,False
2026-08-25,AGGREGATOR|research-node|akshare@1.18.97|stock_margin_detail_sse,2026-08-25,,2026-09-26T09:34:06.253072+00:00,2026-08-26,CONSERVATIVE_T1,margin_sse,601111,False
2026-08-25,AGGREGATOR|research-node|akshare@1.18.97|stock_margin_detail_sse,2026-08-25,,2026-09-26T09:34:06.253072+00:00,2026-08-26,CONSERVATIVE_T1,margin_sse,601298,False
2026-08-25,AGGREGATOR|research-node|akshare@1.18.97|stock_margin_detail_sse,2026-08-25,,2026-09-26T09:34:06.253072+00:00,2026-08-26,CONSERVATIVE_T1,margin_sse,601328,False
2026-08-25,AGGREGATOR|research-node|akshare@1.18.97|stock_margin_detail_sse,2026-08-25,,2026-09-26T09:34:06.253072+00:00,2026-08-26,CONSERVATIVE_T1,margin_sse,601869,False
2026-08-25,AGGREGATOR|research-node|akshare@1.18.97|stock_margin_detail_sse,2026-08-25,,2026-09-26T09:34:06.253072+00:00,2026-08-26,CONSERVATIVE_T1,margin_sse,601900,False
2026-08-25,AGGREGATOR|research-node|akshare@1.18.97|stock_margin_detail_sse,2026-08-25,,2026-09-26T09:34:06.253072+00:00,2026-08-26,CONSERVATIVE_T1,margin_sse,601963,False
2026-08-25,AGGREGATOR|research-node|akshare@1.18.97|stock_margin_detail_sse,2026-08-25,,2026-09-26T09:34:06.253072+00:00,2026-08-26,CONSERVATIVE_T1,margin_sse,601985,False
2026-08-25,AGGREGATOR|research-node|akshare@1.18.97|stock_margin_detail_sse,2026-08-25,,2026-09-26T09:34:06.253072+00:00,2026-08-26,CONSERVATIVE_T1,margin_sse,601988,False
2026-08-25,AGGREGATOR|research-node|akshare@1.18.97|stock_margin_detail_sse,2026-08-25,,2026-09-26T09:34:06.253072+00:00,2026-08-26,CONSERVATIVE_T1,margin_sse,601992,False
2026-08-25,AGGREGATOR|research-node|akshare@1.18.97|stock_margin_detail_sse,2026-08-25,,2026-09-26T09:34:06.253072+00:00,2026-08-26,CONSERVATIVE_T1,margin_sse,603618,False
2026-08-25,AGGREGATOR|research-node|akshare@1.18.97|stock_margin_detail_sse,2026-08-25,,2026-09-26T09:34:06.253072+00:00,2026-08-26,CONSERVATIVE_T1,margin_sse,603667,False
2026-08-25,AGGREGATOR|research-node|akshare@1.18.97|stock_margin_detail_sse,2026-08-25,,2026-09-26T09:34:06.253072+00:00,2026-08-26,CONSERVATIVE_T1,margin_sse,603686,False
2026-08-25,AGGREGATOR|research-node|akshare@1.18.97|stock_margin_detail_sse,2026-08-25,,2026-09-26T09:34:06.253072+00:00,2026-08-26,CONSERVATIVE_T1,margin_sse,688088,False
2026-08-25,AGGREGATOR|research-node|akshare@1.18.97|stock_margin_detail_sse,2026-08-25,,2026-09-26T09:34:06.253072+00:00,2026-08-26,CONSERVATIVE_T1,margin_sse,688116,False
2026-08-25,AGGREGATOR|research-node|akshare@1.18.97|stock_margin_detail_sse,2026-08-25,,2026-09-26T09:34:06.253072+00:00,2026-08-26,CONSERVATIVE_T1,margin_sse,688218,False
2026-08-25,AGGREGATOR|research-node|akshare@1.18.97|stock_margin_detail_sse,2026-08-25,,2026-09-26T09:34:06.253072+00:00,2026-08-26,CONSERVATIVE_T1,margin_sse,688498,False
2026-08-25,AGGREGATOR|research-node|akshare@1.18.97|stock_margin_detail_sse,2026-08-25,,2026-09-26T09:34:06.253072+00:00,2026-08-26,CONSERVATIVE_T1,margin_sse,688521,False
2026-08-26,AGGREGATOR|research-node|akshare@1.18.97|stock_margin_detail_sse,2026-08-26,,2026-09-26T09:34:10.744797+00:00,2026-08-27,CONSERVATIVE_T1,margin_sse,600022,False
2026-08-26,AGGREGATOR|research-node|akshare@1.18.97|stock_margin_detail_sse,2026-08-26,,2026-09-26T09:34:10.744797+00:00,2026-08-27,CONSERVATIVE_T1,margin_sse,600113,False
2026-08-26,AGGREGATOR|research-node|akshare@1.18.97|stock_margin_detail_sse,2026-08-26,,2026-09-26T09:34:10.744797+00:00,2026-08-27,CONSERVATIVE_T1,margin_sse,600196,True
2026-08-26,AGGREGATOR|research-node|akshare@1.18.97|stock_margin_detail_sse,2026-08-26,,2026-09-26T09:34:10.744797+00:00,2026-08-27,CONSERVATIVE_T1,margin_sse,600269,False
2026-08-26,AGGREGATOR|research-node|akshare@1.18.97|stock_margin_detail_sse,2026-08-26,,2026-09-26T09:34:10.744797+00:00,2026-08-27,CONSERVATIVE_T1,margin_sse,600377,False
2026-08-26,AGGREGATOR|research-node|akshare@1.18.97|stock_margin_detail_sse,2026-08-26,,2026-09-26T09:34:10.744797+00:00,2026-08-27,CONSERVATIVE_T1,margin_sse,600459,False
2026-08-26,AGGREGATOR|research-node|akshare@1.18.97|stock_margin_detail_sse,2026-08-26,,2026-09-26T09:34:10.744797+00:00,2026-08-27,CONSERVATIVE_T1,margin_sse,600567,False
2026-08-26,AGGREGATOR|research-node|akshare@1.18.97|stock_margin_detail_sse,2026-08-26,,2026-09-26T09:34:10.744797+00:00,2026-08-27,CONSERVATIVE_T1,margin_sse,600598,False
2026-08-26,AGGREGATOR|research-node|akshare@1.18.97|stock_margin_detail_sse,2026-08-26,,2026-09-26T09:34:10.744797+00:00,2026-08-27,CONSERVATIVE_T1,margin_sse,600629,False
2026-08-26,AGGREGATOR|research-node|akshare@1.18.97|stock_margin_detail_sse,2026-08-26,,2026-09-26T09:34:10.744797+00:00,2026-08-27,CONSERVATIVE_T1,margin_sse,600694,False
2026-08-26,AGGREGATOR|research-node|akshare@1.18.97|stock_margin_detail_sse,2026-08-26,,2026-09-26T09:34:10.744797+00:00,2026-08-27,CONSERVATIVE_T1,margin_sse,600826,False
2026-08-26,AGGREGATOR|research-node|akshare@1.18.97|stock_margin_detail_sse,2026-08-26,,2026-09-26T09:34:10.744797+00:00,2026-08-27,CONSERVATIVE_T1,margin_sse,600846,False
2026-08-26,AGGREGATOR|research-node|akshare@1.18.97|stock_margin_detail_sse,2026-08-26,,2026-09-26T09:34:10.744797+00:00,2026-08-27,CONSERVATIVE_T1,margin_sse,600928,False
2026-08-26,AGGREGATOR|research-node|akshare@1.18.97|stock_margin_detail_sse,2026-08-26,,2026-09-26T09:34:10.744797+00:00,2026-08-27,CONSERVATIVE_T1,margin_sse,600977,False
2026-08-26,AGGREGATOR|research-node|akshare@1.18.97|stock_margin_detail_sse,2026-08-26,,2026-09-26T09:34:10.744797+00:00,2026-08-27,CONSERVATIVE_T1,margin_sse,601098,False
2026-08-26,AGGREGATOR|research-node|akshare@1.18.97|stock_margin_detail_sse,2026-08-26,,2026-09-26T09:34:10.744797+00:00,2026-08-27,CONSERVATIVE_T1,margin_sse,601111,False
2026-08-26,AGGREGATOR|research-node|akshare@1.18.97|stock_margin_detail_sse,2026-08-26,,2026-09-26T09:34:10.744797+00:00,2026-08-27,CONSERVATIVE_T1,margin_sse,601298,False
2026-08-26,AGGREGATOR|research-node|akshare@1.18.97|stock_margin_detail_sse,2026-08-26,,2026-09-26T09:34:10.744797+00:00,2026-08-27,CONSERVATIVE_T1,margin_sse,601328,False
2026-08-26,AGGREGATOR|research-node|akshare@1.18.97|stock_margin_detail_sse,2026-08-26,,2026-09-26T09:34:10.744797+00:00,2026-08-27,CONSERVATIVE_T1,margin_sse,601869,False
2026-08-26,AGGREGATOR|research-node|akshare@1.18.97|stock_margin_detail_sse,2026-08-26,,2026-09-26T09:34:10.744797+00:00,2026-08-27,CONSERVATIVE_T1,margin_sse,601900,False
2026-08-26,AGGREGATOR|research-node|akshare@1.18.97|stock_margin_detail_sse,2026-08-26,,2026-09-26T09:34:10.744797+00:00,2026-08-27,CONSERVATIVE_T1,margin_sse,601963,False
2026-08-26,AGGREGATOR|research-node|akshare@1.18.97|stock_margin_detail_sse,2026-08-26,,2026-09-26T09:34:10.744797+00:00,2026-08-27,CONSERVATIVE_T1,margin_sse,601985,False
2026-08-26,AGGREGATOR|research-node|akshare@1.18.97|stock_margin_detail_sse,2026-08-26,,2026-09-26T09:34:10.744797+00:00,2026-08-27,CONSERVATIVE_T1,margin_sse,601988,False
2026-08-26,AGGREGATOR|research-node|akshare@1.18.97|stock_margin_detail_sse,2026-08-26,,2026-09-26T09:34:10.744797+00:00,2026-08-27,CONSERVATIVE_T1,margin_sse,601992,False
2026-08-26,AGGREGATOR|research-node|akshare@1.18.97|stock_margin_detail_sse,2026-08-26,,2026-09-26T09:34:10.744797+00:00,2026-08-27,CONSERVATIVE_T1,margin_sse,603618,False
2026-08-26,AGGREGATOR|research-node|akshare@1.18.97|stock_margin_detail_sse,2026-08-26,,2026-09-26T09:34:10.744797+00:00,2026-08-27,CONSERVATIVE_T1,margin_sse,603667,False
2026-08-26,AGGREGATOR|research-node|akshare@1.18.97|stock_margin_detail_sse,2026-08-26,,2026-09-26T09:34:10.744797+00:00,2026-08-27,CONSERVATIVE_T1,margin_sse,603686,False
2026-08-26,AGGREGATOR|research-node|akshare@1.18.97|stock_margin_detail_sse,2026-08-26,,2026-09-26T09:34:10.744797+00:00,2026-08-27,CONSERVATIVE_T1,margin_sse,688088,False
2026-08-26,AGGREGATOR|research-node|akshare@1.18.97|stock_margin_detail_sse,2026-08-26,,2026-09-26T09:34:10.744797+00:00,2026-08-27,CONSERVATIVE_T1,margin_sse,688116,False
2026-08-26,AGGREGATOR|research-node|akshare@1.18.97|stock_margin_detail_sse,2026-08-26,,2026-09-26T09:34:10.744797+00:00,2026-08-27,CONSERVATIVE_T1,margin_sse,688218,False
2026-08-26,AGGREGATOR|research-node|akshare@1.18.97|stock_margin_detail_sse,2026-08-26,,2026-09-26T09:34:10.744797+00:00,2026-08-27,CONSERVATIVE_T1,margin_sse,688498,False
2026-08-26,AGGREGATOR|research-node|akshare@1.18.97|stock_margin_detail_sse,2026-08-26,,2026-09-26T09:34:10.744797+00:00,2026-08-27,CONSERVATIVE_T1,margin_sse,688521,False
2026-08-27,AGGREGATOR|research-node|akshare@1.18.97|stock_margin_detail_sse,2026-08-27,,2026-09-26T09:34:15.320707+00:00,2026-08-28,CONSERVATIVE_T1,margin_sse,600022,False
2026-08-27,AGGREGATOR|research-node|akshare@1.18.97|stock_margin_detail_sse,2026-08-27,,2026-09-26T09:34:15.320707+00:00,2026-08-28,CONSERVATIVE_T1,margin_sse,600113,False
2026-08-27,AGGREGATOR|research-node|akshare@1.18.97|stock_margin_detail_sse,2026-08-27,,2026-09-26T09:34:15.320707+00:00,2026-08-28,CONSERVATIVE_T1,margin_sse,600196,True
2026-08-27,AGGREGATOR|research-node|akshare@1.18.97|stock_margin_detail_sse,2026-08-27,,2026-09-26T09:34:15.320707+00:00,2026-08-28,CONSERVATIVE_T1,margin_sse,600269,False
2026-08-27,AGGREGATOR|research-node|akshare@1.18.97|stock_margin_detail_sse,2026-08-27,,2026-09-26T09:34:15.320707+00:00,2026-08-28,CONSERVATIVE_T1,margin_sse,600377,False
2026-08-27,AGGREGATOR|research-node|akshare@1.18.97|stock_margin_detail_sse,2026-08-27,,2026-09-26T09:34:15.320707+00:00,2026-08-28,CONSERVATIVE_T1,margin_sse,600459,False
2026-08-27,AGGREGATOR|research-node|akshare@1.18.97|stock_margin_detail_sse,2026-08-27,,2026-09-26T09:34:15.320707+00:00,2026-08-28,CONSERVATIVE_T1,margin_sse,600567,False
2026-08-27,AGGREGATOR|research-node|akshare@1.18.97|stock_margin_detail_sse,2026-08-27,,2026-09-26T09:34:15.320707+00:00,2026-08-28,CONSERVATIVE_T1,margin_sse,600598,False
2026-08-27,AGGREGATOR|research-node|akshare@1.18.97|stock_margin_detail_sse,2026-08-27,,2026-09-26T09:34:15.320707+00:00,2026-08-28,CONSERVATIVE_T1,margin_sse,600629,False
2026-08-27,AGGREGATOR|research-node|akshare@1.18.97|stock_margin_detail_sse,2026-08-27,,2026-09-26T09:34:15.320707+00:00,2026-08-28,CONSERVATIVE_T1,margin_sse,600694,False
2026-08-27,AGGREGATOR|research-node|akshare@1.18.97|stock_margin_detail_sse,2026-08-27,,2026-09-26T09:34:15.320707+00:00,2026-08-28,CONSERVATIVE_T1,margin_sse,600826,False
2026-08-27,AGGREGATOR|research-node|akshare@1.18.97|stock_margin_detail_sse,2026-08-27,,2026-09-26T09:34:15.320707+00:00,2026-08-28,CONSERVATIVE_T1,margin_sse,600846,False
2026-08-27,AGGREGATOR|research-node|akshare@1.18.97|stock_margin_detail_sse,2026-08-27,,2026-09-26T09:34:15.320707+00:00,2026-08-28,CONSERVATIVE_T1,margin_sse,600928,False
2026-08-27,AGGREGATOR|research-node|akshare@1.18.97|stock_margin_detail_sse,2026-08-27,,2026-09-26T09:34:15.320707+00:00,2026-08-28,CONSERVATIVE_T1,margin_sse,600977,False
2026-08-27,AGGREGATOR|research-node|akshare@1.18.97|stock_margin_detail_sse,2026-08-27,,2026-09-26T09:34:15.320707+00:00,2026-08-28,CONSERVATIVE_T1,margin_sse,601098,False
2026-08-27,AGGREGATOR|research-node|akshare@1.18.97|stock_margin_detail_sse,2026-08-27,,2026-09-26T09:34:15.320707+00:00,2026-08-28,CONSERVATIVE_T1,margin_sse,601111,False
2026-08-27,AGGREGATOR|research-node|akshare@1.18.97|stock_margin_detail_sse,2026-08-27,,2026-09-26T09:34:15.320707+00:00,2026-08-28,CONSERVATIVE_T1,margin_sse,601298,False
2026-08-27,AGGREGATOR|research-node|akshare@1.18.97|stock_margin_detail_sse,2026-08-27,,2026-09-26T09:34:15.320707+00:00,2026-08-28,CONSERVATIVE_T1,margin_sse,601328,False
2026-08-27,AGGREGATOR|research-node|akshare@1.18.97|stock_margin_detail_sse,2026-08-27,,2026-09-26T09:34:15.320707+00:00,2026-08-28,CONSERVATIVE_T1,margin_sse,601869,False
2026-08-27,AGGREGATOR|research-node|akshare@1.18.97|stock_margin_detail_sse,2026-08-27,,2026-09-26T09:34:15.320707+00:00,2026-08-28,CONSERVATIVE_T1,margin_sse,601900,False
2026-08-27,AGGREGATOR|research-node|akshare@1.18.97|stock_margin_detail_sse,2026-08-27,,2026-09-26T09:34:15.320707+00:00,2026-08-28,CONSERVATIVE_T1,margin_sse,601963,False
2026-08-27,AGGREGATOR|research-node|akshare@1.18.97|stock_margin_detail_sse,2026-08-27,,2026-09-26T09:34:15.320707+00:00,2026-08-28,CONSERVATIVE_T1,margin_sse,601985,False
2026-08-27,AGGREGATOR|research-node|akshare@1.18.97|stock_margin_detail_sse,2026-08-27,,2026-09-26T09:34:15.320707+00:00,2026-08-28,CONSERVATIVE_T1,margin_sse,601988,False
2026-08-27,AGGREGATOR|research-node|akshare@1.18.97|stock_margin_detail_sse,2026-08-27,,2026-09-26T09:34:15.320707+00:00,2026-08-28,CONSERVATIVE_T1,margin_sse,601992,False
2026-08-27,AGGREGATOR|research-node|akshare@1.18.97|stock_margin_detail_sse,2026-08-27,,2026-09-26T09:34:15.320707+00:00,2026-08-28,CONSERVATIVE_T1,margin_sse,603618,False
2026-08-27,AGGREGATOR|research-node|akshare@1.18.97|stock_margin_detail_sse,2026-08-27,,2026-09-26T09:34:15.320707+00:00,2026-08-28,CONSERVATIVE_T1,margin_sse,603667,False
2026-08-27,AGGREGATOR|research-node|akshare@1.18.97|stock_margin_detail_sse,2026-08-27,,2026-09-26T09:34:15.320707+00:00,2026-08-28,CONSERVATIVE_T1,margin_sse,603686,False
2026-08-27,AGGREGATOR|research-node|akshare@1.18.97|stock_margin_detail_sse,2026-08-27,,2026-09-26T09:34:15.320707+00:00,2026-08-28,CONSERVATIVE_T1,margin_sse,688088,False
2026-08-27,AGGREGATOR|research-node|akshare@1.18.97|stock_margin_detail_sse,2026-08-27,,2026-09-26T09:34:15.320707+00:00,2026-08-28,CONSERVATIVE_T1,margin_sse,688116,False
2026-08-27,AGGREGATOR|research-node|akshare@1.18.97|stock_margin_detail_sse,2026-08-27,,2026-09-26T09:34:15.320707+00:00,2026-08-28,CONSERVATIVE_T1,margin_sse,688218,False
2026-08-27,AGGREGATOR|research-node|akshare@1.18.97|stock_margin_detail_sse,2026-08-27,,2026-09-26T09:34:15.320707+00:00,2026-08-28,CONSERVATIVE_T1,margin_sse,688498,False
2026-08-27,AGGREGATOR|research-node|akshare@1.18.97|stock_margin_detail_sse,2026-08-27,,2026-09-26T09:34:15.320707+00:00,2026-08-28,CONSERVATIVE_T1,margin_sse,688521,False
2026-08-28,AGGREGATOR|research-node|akshare@1.18.97|stock_margin_detail_sse,2026-08-28,,2026-09-26T09:34:19.786878+00:00,2026-08-31,CONSERVATIVE_T1,margin_sse,600022,False
2026-08-28,AGGREGATOR|research-node|akshare@1.18.97|stock_margin_detail_sse,2026-08-28,,2026-09-26T09:34:19.786878+00:00,2026-08-31,CONSERVATIVE_T1,margin_sse,600113,False
2026-08-28,AGGREGATOR|research-node|akshare@1.18.97|stock_margin_detail_sse,2026-08-28,,2026-09-26T09:34:19.786878+00:00,2026-08-31,CONSERVATIVE_T1,margin_sse,600196,True
2026-08-28,AGGREGATOR|research-node|akshare@1.18.97|stock_margin_detail_sse,2026-08-28,,2026-09-26T09:34:19.786878+00:00,2026-08-31,CONSERVATIVE_T1,margin_sse,600269,False
2026-08-28,AGGREGATOR|research-node|akshare@1.18.97|stock_margin_detail_sse,2026-08-28,,2026-09-26T09:34:19.786878+00:00,2026-08-31,CONSERVATIVE_T1,margin_sse,600377,False
2026-08-28,AGGREGATOR|research-node|akshare@1.18.97|stock_margin_detail_sse,2026-08-28,,2026-09-26T09:34:19.786878+00:00,2026-08-31,CONSERVATIVE_T1,margin_sse,600459,False
2026-08-28,AGGREGATOR|research-node|akshare@1.18.97|stock_margin_detail_sse,2026-08-28,,2026-09-26T09:34:19.786878+00:00,2026-08-31,CONSERVATIVE_T1,margin_sse,600567,False
2026-08-28,AGGREGATOR|research-node|akshare@1.18.97|stock_margin_detail_sse,2026-08-28,,2026-09-26T09:34:19.786878+00:00,2026-08-31,CONSERVATIVE_T1,margin_sse,600598,False
2026-08-28,AGGREGATOR|research-node|akshare@1.18.97|stock_margin_detail_sse,2026-08-28,,2026-09-26T09:34:19.786878+00:00,2026-08-31,CONSERVATIVE_T1,margin_sse,600629,False
2026-08-28,AGGREGATOR|research-node|akshare@1.18.97|stock_margin_detail_sse,2026-08-28,,2026-09-26T09:34:19.786878+00:00,2026-08-31,CONSERVATIVE_T1,margin_sse,600694,False
2026-08-28,AGGREGATOR|research-node|akshare@1.18.97|stock_margin_detail_sse,2026-08-28,,2026-09-26T09:34:19.786878+00:00,2026-08-31,CONSERVATIVE_T1,margin_sse,600826,False
2026-08-28,AGGREGATOR|research-node|akshare@1.18.97|stock_margin_detail_sse,2026-08-28,,2026-09-26T09:34:19.786878+00:00,2026-08-31,CONSERVATIVE_T1,margin_sse,600846,False
2026-08-28,AGGREGATOR|research-node|akshare@1.18.97|stock_margin_detail_sse,2026-08-28,,2026-09-26T09:34:19.786878+00:00,2026-08-31,CONSERVATIVE_T1,margin_sse,600928,False
2026-08-28,AGGREGATOR|research-node|akshare@1.18.97|stock_margin_detail_sse,2026-08-28,,2026-09-26T09:34:19.786878+00:00,2026-08-31,CONSERVATIVE_T1,margin_sse,600977,False
2026-08-28,AGGREGATOR|research-node|akshare@1.18.97|stock_margin_detail_sse,2026-08-28,,2026-09-26T09:34:19.786878+00:00,2026-08-31,CONSERVATIVE_T1,margin_sse,601098,False
2026-08-28,AGGREGATOR|research-node|akshare@1.18.97|stock_margin_detail_sse,2026-08-28,,2026-09-26T09:34:19.786878+00:00,2026-08-31,CONSERVATIVE_T1,margin_sse,601111,False
2026-08-28,AGGREGATOR|research-node|akshare@1.18.97|stock_margin_detail_sse,2026-08-28,,2026-09-26T09:34:19.786878+00:00,2026-08-31,CONSERVATIVE_T1,margin_sse,601298,False
2026-08-28,AGGREGATOR|research-node|akshare@1.18.97|stock_margin_detail_sse,2026-08-28,,2026-09-26T09:34:19.786878+00:00,2026-08-31,CONSERVATIVE_T1,margin_sse,601328,False
2026-08-28,AGGREGATOR|research-node|akshare@1.18.97|stock_margin_detail_sse,2026-08-28,,2026-09-26T09:34:19.786878+00:00,2026-08-31,CONSERVATIVE_T1,margin_sse,601869,False
2026-08-28,AGGREGATOR|research-node|akshare@1.18.97|stock_margin_detail_sse,2026-08-28,,2026-09-26T09:34:19.786878+00:00,2026-08-31,CONSERVATIVE_T1,margin_sse,601900,False
2026-08-28,AGGREGATOR|research-node|akshare@1.18.97|stock_margin_detail_sse,2026-08-28,,2026-09-26T09:34:19.786878+00:00,2026-08-31,CONSERVATIVE_T1,margin_sse,601963,False
2026-08-28,AGGREGATOR|research-node|akshare@1.18.97|stock_margin_detail_sse,2026-08-28,,2026-09-26T09:34:19.786878+00:00,2026-08-31,CONSERVATIVE_T1,margin_sse,601985,False
2026-08-28,AGGREGATOR|research-node|akshare@1.18.97|stock_margin_detail_sse,2026-08-28,,2026-09-26T09:34:19.786878+00:00,2026-08-31,CONSERVATIVE_T1,margin_sse,601988,False
2026-08-28,AGGREGATOR|research-node|akshare@1.18.97|stock_margin_detail_sse,2026-08-28,,2026-09-26T09:34:19.786878+00:00,2026-08-31,CONSERVATIVE_T1,margin_sse,601992,False
2026-08-28,AGGREGATOR|research-node|akshare@1.18.97|stock_margin_detail_sse,2026-08-28,,2026-09-26T09:34:19.786878+00:00,2026-08-31,CONSERVATIVE_T1,margin_sse,603618,False
2026-08-28,AGGREGATOR|research-node|akshare@1.18.97|stock_margin_detail_sse,2026-08-28,,2026-09-26T09:34:19.786878+00:00,2026-08-31,CONSERVATIVE_T1,margin_sse,603667,False
2026-08-28,AGGREGATOR|research-node|akshare@1.18.97|stock_margin_detail_sse,2026-08-28,,2026-09-26T09:34:19.786878+00:00,2026-08-31,CONSERVATIVE_T1,margin_sse,603686,False
2026-08-28,AGGREGATOR|research-node|akshare@1.18.97|stock_margin_detail_sse,2026-08-28,,2026-09-26T09:34:19.786878+00:00,2026-08-31,CONSERVATIVE_T1,margin_sse,688088,False
2026-08-28,AGGREGATOR|research-node|akshare@1.18.97|stock_margin_detail_sse,2026-08-28,,2026-09-26T09:34:19.786878+00:00,2026-08-31,CONSERVATIVE_T1,margin_sse,688116,False
2026-08-28,AGGREGATOR|research-node|akshare@1.18.97|stock_margin_detail_sse,2026-08-28,,2026-09-26T09:34:19.786878+00:00,2026-08-31,CONSERVATIVE_T1,margin_sse,688218,False
2026-08-28,AGGREGATOR|research-node|akshare@1.18.97|stock_margin_detail_sse,2026-08-28,,2026-09-26T09:34:19.786878+00:00,2026-08-31,CONSERVATIVE_T1,margin_sse,688498,False
2026-08-28,AGGREGATOR|research-node|akshare@1.18.97|stock_margin_detail_sse,2026-08-28,,2026-09-26T09:34:19.786878+00:00,2026-08-31,CONSERVATIVE_T1,margin_sse,688521,False
2026-08-31,AGGREGATOR|research-node|akshare@1.18.97|stock_margin_detail_sse,2026-08-31,,2026-09-26T09:34:24.250402+00:00,2026-09-01,CONSERVATIVE_T1,margin_sse,600022,False
2026-08-31,AGGREGATOR|research-node|akshare@1.18.97|stock_margin_detail_sse,2026-08-31,,2026-09-26T09:34:24.250402+00:00,2026-09-01,CONSERVATIVE_T1,margin_sse,600113,False
2026-08-31,AGGREGATOR|research-node|akshare@1.18.97|stock_margin_detail_sse,2026-08-31,,2026-09-26T09:34:24.250402+00:00,2026-09-01,CONSERVATIVE_T1,margin_sse,600196,True
2026-08-31,AGGREGATOR|research-node|akshare@1.18.97|stock_margin_detail_sse,2026-08-31,,2026-09-26T09:34:24.250402+00:00,2026-09-01,CONSERVATIVE_T1,margin_sse,600269,False
2026-08-31,AGGREGATOR|research-node|akshare@1.18.97|stock_margin_detail_sse,2026-08-31,,2026-09-26T09:34:24.250402+00:00,2026-09-01,CONSERVATIVE_T1,margin_sse,600377,False
2026-08-31,AGGREGATOR|research-node|akshare@1.18.97|stock_margin_detail_sse,2026-08-31,,2026-09-26T09:34:24.250402+00:00,2026-09-01,CONSERVATIVE_T1,margin_sse,600459,False
2026-08-31,AGGREGATOR|research-node|akshare@1.18.97|stock_margin_detail_sse,2026-08-31,,2026-09-26T09:34:24.250402+00:00,2026-09-01,CONSERVATIVE_T1,margin_sse,600567,False
2026-08-31,AGGREGATOR|research-node|akshare@1.18.97|stock_margin_detail_sse,2026-08-31,,2026-09-26T09:34:24.250402+00:00,2026-09-01,CONSERVATIVE_T1,margin_sse,600598,False
2026-08-31,AGGREGATOR|research-node|akshare@1.18.97|stock_margin_detail_sse,2026-08-31,,2026-09-26T09:34:24.250402+00:00,2026-09-01,CONSERVATIVE_T1,margin_sse,600629,False
2026-08-31,AGGREGATOR|research-node|akshare@1.18.97|stock_margin_detail_sse,2026-08-31,,2026-09-26T09:34:24.250402+00:00,2026-09-01,CONSERVATIVE_T1,margin_sse,600694,False
2026-08-31,AGGREGATOR|research-node|akshare@1.18.97|stock_margin_detail_sse,2026-08-31,,2026-09-26T09:34:24.250402+00:00,2026-09-01,CONSERVATIVE_T1,margin_sse,600826,False
2026-08-31,AGGREGATOR|research-node|akshare@1.18.97|stock_margin_detail_sse,2026-08-31,,2026-09-26T09:34:24.250402+00:00,2026-09-01,CONSERVATIVE_T1,margin_sse,600846,False
2026-08-31,AGGREGATOR|research-node|akshare@1.18.97|stock_margin_detail_sse,2026-08-31,,2026-09-26T09:34:24.250402+00:00,2026-09-01,CONSERVATIVE_T1,margin_sse,600928,False
2026-08-31,AGGREGATOR|research-node|akshare@1.18.97|stock_margin_detail_sse,2026-08-31,,2026-09-26T09:34:24.250402+00:00,2026-09-01,CONSERVATIVE_T1,margin_sse,600977,False
2026-08-31,AGGREGATOR|research-node|akshare@1.18.97|stock_margin_detail_sse,2026-08-31,,2026-09-26T09:34:24.250402+00:00,2026-09-01,CONSERVATIVE_T1,margin_sse,601098,False
2026-08-31,AGGREGATOR|research-node|akshare@1.18.97|stock_margin_detail_sse,2026-08-31,,2026-09-26T09:34:24.250402+00:00,2026-09-01,CONSERVATIVE_T1,margin_sse,601111,False
2026-08-31,AGGREGATOR|research-node|akshare@1.18.97|stock_margin_detail_sse,2026-08-31,,2026-09-26T09:34:24.250402+00:00,2026-09-01,CONSERVATIVE_T1,margin_sse,601298,False
2026-08-31,AGGREGATOR|research-node|akshare@1.18.97|stock_margin_detail_sse,2026-08-31,,2026-09-26T09:34:24.250402+00:00,2026-09-01,CONSERVATIVE_T1,margin_sse,601328,False
2026-08-31,AGGREGATOR|research-node|akshare@1.18.97|stock_margin_detail_sse,2026-08-31,,2026-09-26T09:34:24.250402+00:00,2026-09-01,CONSERVATIVE_T1,margin_sse,601869,False
2026-08-31,AGGREGATOR|research-node|akshare@1.18.97|stock_margin_detail_sse,2026-08-31,,2026-09-26T09:34:24.250402+00:00,2026-09-01,CONSERVATIVE_T1,margin_sse,601900,False
2026-08-31,AGGREGATOR|research-node|akshare@1.18.97|stock_margin_detail_sse,2026-08-31,,2026-09-26T09:34:24.250402+00:00,2026-09-01,CONSERVATIVE_T1,margin_sse,601963,False
2026-08-31,AGGREGATOR|research-node|akshare@1.18.97|stock_margin_detail_sse,2026-08-31,,2026-09-26T09:34:24.250402+00:00,2026-09-01,CONSERVATIVE_T1,margin_sse,601985,False
2026-08-31,AGGREGATOR|research-node|akshare@1.18.97|stock_margin_detail_sse,2026-08-31,,2026-09-26T09:34:24.250402+00:00,2026-09-01,CONSERVATIVE_T1,margin_sse,601988,False
2026-08-31,AGGREGATOR|research-node|akshare@1.18.97|stock_margin_detail_sse,2026-08-31,,2026-09-26T09:34:24.250402+00:00,2026-09-01,CONSERVATIVE_T1,margin_sse,601992,False
2026-08-31,AGGREGATOR|research-node|akshare@1.18.97|stock_margin_detail_sse,2026-08-31,,2026-09-26T09:34:24.250402+00:00,2026-09-01,CONSERVATIVE_T1,margin_sse,603618,False
2026-08-31,AGGREGATOR|research-node|akshare@1.18.97|stock_margin_detail_sse,2026-08-31,,2026-09-26T09:34:24.250402+00:00,2026-09-01,CONSERVATIVE_T1,margin_sse,603667,False
2026-08-31,AGGREGATOR|research-node|akshare@1.18.97|stock_margin_detail_sse,2026-08-31,,2026-09-26T09:34:24.250402+00:00,2026-09-01,CONSERVATIVE_T1,margin_sse,603686,False
2026-08-31,AGGREGATOR|research-node|akshare@1.18.97|stock_margin_detail_sse,2026-08-31,,2026-09-26T09:34:24.250402+00:00,2026-09-01,CONSERVATIVE_T1,margin_sse,688088,False
2026-08-31,AGGREGATOR|research-node|akshare@1.18.97|stock_margin_detail_sse,2026-08-31,,2026-09-26T09:34:24.250402+00:00,2026-09-01,CONSERVATIVE_T1,margin_sse,688116,False
2026-08-31,AGGREGATOR|research-node|akshare@1.18.97|stock_margin_detail_sse,2026-08-31,,2026-09-26T09:34:24.250402+00:00,2026-09-01,CONSERVATIVE_T1,margin_sse,688218,False
2026-08-31,AGGREGATOR|research-node|akshare@1.18.97|stock_margin_detail_sse,2026-08-31,,2026-09-26T09:34:24.250402+00:00,2026-09-01,CONSERVATIVE_T1,margin_sse,688498,False
2026-08-31,AGGREGATOR|research-node|akshare@1.18.97|stock_margin_detail_sse,2026-08-31,,2026-09-26T09:34:24.250402+00:00,2026-09-01,CONSERVATIVE_T1,margin_sse,688521,False
2026-09-01,AGGREGATOR|research-node|akshare@1.18.97|stock_margin_detail_sse,2026-09-01,,2026-09-26T09:34:28.726286+00:00,2026-09-02,CONSERVATIVE_T1,margin_sse,600022,False
2026-09-01,AGGREGATOR|research-node|akshare@1.18.97|stock_margin_detail_sse,2026-09-01,,2026-09-26T09:34:28.726286+00:00,2026-09-02,CONSERVATIVE_T1,margin_sse,600113,False
2026-09-01,AGGREGATOR|research-node|akshare@1.18.97|stock_margin_detail_sse,2026-09-01,,2026-09-26T09:34:28.726286+00:00,2026-09-02,CONSERVATIVE_T1,margin_sse,600196,True
2026-09-01,AGGREGATOR|research-node|akshare@1.18.97|stock_margin_detail_sse,2026-09-01,,2026-09-26T09:34:28.726286+00:00,2026-09-02,CONSERVATIVE_T1,margin_sse,600269,False
2026-09-01,AGGREGATOR|research-node|akshare@1.18.97|stock_margin_detail_sse,2026-09-01,,2026-09-26T09:34:28.726286+00:00,2026-09-02,CONSERVATIVE_T1,margin_sse,600377,False
2026-09-01,AGGREGATOR|research-node|akshare@1.18.97|stock_margin_detail_sse,2026-09-01,,2026-09-26T09:34:28.726286+00:00,2026-09-02,CONSERVATIVE_T1,margin_sse,600459,False
2026-09-01,AGGREGATOR|research-node|akshare@1.18.97|stock_margin_detail_sse,2026-09-01,,2026-09-26T09:34:28.726286+00:00,2026-09-02,CONSERVATIVE_T1,margin_sse,600567,False
2026-09-01,AGGREGATOR|research-node|akshare@1.18.97|stock_margin_detail_sse,2026-09-01,,2026-09-26T09:34:28.726286+00:00,2026-09-02,CONSERVATIVE_T1,margin_sse,600598,False
2026-09-01,AGGREGATOR|research-node|akshare@1.18.97|stock_margin_detail_sse,2026-09-01,,2026-09-26T09:34:28.726286+00:00,2026-09-02,CONSERVATIVE_T1,margin_sse,600629,False
2026-09-01,AGGREGATOR|research-node|akshare@1.18.97|stock_margin_detail_sse,2026-09-01,,2026-09-26T09:34:28.726286+00:00,2026-09-02,CONSERVATIVE_T1,margin_sse,600694,False
2026-09-01,AGGREGATOR|research-node|akshare@1.18.97|stock_margin_detail_sse,2026-09-01,,2026-09-26T09:34:28.726286+00:00,2026-09-02,CONSERVATIVE_T1,margin_sse,600826,False
2026-09-01,AGGREGATOR|research-node|akshare@1.18.97|stock_margin_detail_sse,2026-09-01,,2026-09-26T09:34:28.726286+00:00,2026-09-02,CONSERVATIVE_T1,margin_sse,600846,False
2026-09-01,AGGREGATOR|research-node|akshare@1.18.97|stock_margin_detail_sse,2026-09-01,,2026-09-26T09:34:28.726286+00:00,2026-09-02,CONSERVATIVE_T1,margin_sse,600928,False
2026-09-01,AGGREGATOR|research-node|akshare@1.18.97|stock_margin_detail_sse,2026-09-01,,2026-09-26T09:34:28.726286+00:00,2026-09-02,CONSERVATIVE_T1,margin_sse,600977,False
2026-09-01,AGGREGATOR|research-node|akshare@1.18.97|stock_margin_detail_sse,2026-09-01,,2026-09-26T09:34:28.726286+00:00,2026-09-02,CONSERVATIVE_T1,margin_sse,601098,False
2026-09-01,AGGREGATOR|research-node|akshare@1.18.97|stock_margin_detail_sse,2026-09-01,,2026-09-26T09:34:28.726286+00:00,2026-09-02,CONSERVATIVE_T1,margin_sse,601111,False
2026-09-01,AGGREGATOR|research-node|akshare@1.18.97|stock_margin_detail_sse,2026-09-01,,2026-09-26T09:34:28.726286+00:00,2026-09-02,CONSERVATIVE_T1,margin_sse,601298,False
2026-09-01,AGGREGATOR|research-node|akshare@1.18.97|stock_margin_detail_sse,2026-09-01,,2026-09-26T09:34:28.726286+00:00,2026-09-02,CONSERVATIVE_T1,margin_sse,601328,False
2026-09-01,AGGREGATOR|research-node|akshare@1.18.97|stock_margin_detail_sse,2026-09-01,,2026-09-26T09:34:28.726286+00:00,2026-09-02,CONSERVATIVE_T1,margin_sse,601869,False
2026-09-01,AGGREGATOR|research-node|akshare@1.18.97|stock_margin_detail_sse,2026-09-01,,2026-09-26T09:34:28.726286+00:00,2026-09-02,CONSERVATIVE_T1,margin_sse,601900,False
2026-09-01,AGGREGATOR|research-node|akshare@1.18.97|stock_margin_detail_sse,2026-09-01,,2026-09-26T09:34:28.726286+00:00,2026-09-02,CONSERVATIVE_T1,margin_sse,601963,False
2026-09-01,AGGREGATOR|research-node|akshare@1.18.97|stock_margin_detail_sse,2026-09-01,,2026-09-26T09:34:28.726286+00:00,2026-09-02,CONSERVATIVE_T1,margin_sse,601985,False
2026-09-01,AGGREGATOR|research-node|akshare@1.18.97|stock_margin_detail_sse,2026-09-01,,2026-09-26T09:34:28.726286+00:00,2026-09-02,CONSERVATIVE_T1,margin_sse,601988,False
2026-09-01,AGGREGATOR|research-node|akshare@1.18.97|stock_margin_detail_sse,2026-09-01,,2026-09-26T09:34:28.726286+00:00,2026-09-02,CONSERVATIVE_T1,margin_sse,601992,False
2026-09-01,AGGREGATOR|research-node|akshare@1.18.97|stock_margin_detail_sse,2026-09-01,,2026-09-26T09:34:28.726286+00:00,2026-09-02,CONSERVATIVE_T1,margin_sse,603618,False
2026-09-01,AGGREGATOR|research-node|akshare@1.18.97|stock_margin_detail_sse,2026-09-01,,2026-09-26T09:34:28.726286+00:00,2026-09-02,CONSERVATIVE_T1,margin_sse,603667,False
2026-09-01,AGGREGATOR|research-node|akshare@1.18.97|stock_margin_detail_sse,2026-09-01,,2026-09-26T09:34:28.726286+00:00,2026-09-02,CONSERVATIVE_T1,margin_sse,603686,False
2026-09-01,AGGREGATOR|research-node|akshare@1.18.97|stock_margin_detail_sse,2026-09-01,,2026-09-26T09:34:28.726286+00:00,2026-09-02,CONSERVATIVE_T1,margin_sse,688088,False
2026-09-01,AGGREGATOR|research-node|akshare@1.18.97|stock_margin_detail_sse,2026-09-01,,2026-09-26T09:34:28.726286+00:00,2026-09-02,CONSERVATIVE_T1,margin_sse,688116,False
2026-09-01,AGGREGATOR|research-node|akshare@1.18.97|stock_margin_detail_sse,2026-09-01,,2026-09-26T09:34:28.726286+00:00,2026-09-02,CONSERVATIVE_T1,margin_sse,688218,False
2026-09-01,AGGREGATOR|research-node|akshare@1.18.97|stock_margin_detail_sse,2026-09-01,,2026-09-26T09:34:28.726286+00:00,2026-09-02,CONSERVATIVE_T1,margin_sse,688498,False
2026-09-01,AGGREGATOR|research-node|akshare@1.18.97|stock_margin_detail_sse,2026-09-01,,2026-09-26T09:34:28.726286+00:00,2026-09-02,CONSERVATIVE_T1,margin_sse,688521,False
2026-09-02,AGGREGATOR|research-node|akshare@1.18.97|stock_margin_detail_sse,2026-09-02,,2026-09-26T09:34:33.195179+00:00,2026-09-03,CONSERVATIVE_T1,margin_sse,600022,False
2026-09-02,AGGREGATOR|research-node|akshare@1.18.97|stock_margin_detail_sse,2026-09-02,,2026-09-26T09:34:33.195179+00:00,2026-09-03,CONSERVATIVE_T1,margin_sse,600113,False
2026-09-02,AGGREGATOR|research-node|akshare@1.18.97|stock_margin_detail_sse,2026-09-02,,2026-09-26T09:34:33.195179+00:00,2026-09-03,CONSERVATIVE_T1,margin_sse,600196,True
2026-09-02,AGGREGATOR|research-node|akshare@1.18.97|stock_margin_detail_sse,2026-09-02,,2026-09-26T09:34:33.195179+00:00,2026-09-03,CONSERVATIVE_T1,margin_sse,600269,False
2026-09-02,AGGREGATOR|research-node|akshare@1.18.97|stock_margin_detail_sse,2026-09-02,,2026-09-26T09:34:33.195179+00:00,2026-09-03,CONSERVATIVE_T1,margin_sse,600377,False
2026-09-02,AGGREGATOR|research-node|akshare@1.18.97|stock_margin_detail_sse,2026-09-02,,2026-09-26T09:34:33.195179+00:00,2026-09-03,CONSERVATIVE_T1,margin_sse,600459,False
2026-09-02,AGGREGATOR|research-node|akshare@1.18.97|stock_margin_detail_sse,2026-09-02,,2026-09-26T09:34:33.195179+00:00,2026-09-03,CONSERVATIVE_T1,margin_sse,600567,False
2026-09-02,AGGREGATOR|research-node|akshare@1.18.97|stock_margin_detail_sse,2026-09-02,,2026-09-26T09:34:33.195179+00:00,2026-09-03,CONSERVATIVE_T1,margin_sse,600598,False
2026-09-02,AGGREGATOR|research-node|akshare@1.18.97|stock_margin_detail_sse,2026-09-02,,2026-09-26T09:34:33.195179+00:00,2026-09-03,CONSERVATIVE_T1,margin_sse,600629,False
2026-09-02,AGGREGATOR|research-node|akshare@1.18.97|stock_margin_detail_sse,2026-09-02,,2026-09-26T09:34:33.195179+00:00,2026-09-03,CONSERVATIVE_T1,margin_sse,600694,False
2026-09-02,AGGREGATOR|research-node|akshare@1.18.97|stock_margin_detail_sse,2026-09-02,,2026-09-26T09:34:33.195179+00:00,2026-09-03,CONSERVATIVE_T1,margin_sse,600826,False
2026-09-02,AGGREGATOR|research-node|akshare@1.18.97|stock_margin_detail_sse,2026-09-02,,2026-09-26T09:34:33.195179+00:00,2026-09-03,CONSERVATIVE_T1,margin_sse,600846,False
2026-09-02,AGGREGATOR|research-node|akshare@1.18.97|stock_margin_detail_sse,2026-09-02,,2026-09-26T09:34:33.195179+00:00,2026-09-03,CONSERVATIVE_T1,margin_sse,600928,False
2026-09-02,AGGREGATOR|research-node|akshare@1.18.97|stock_margin_detail_sse,2026-09-02,,2026-09-26T09:34:33.195179+00:00,2026-09-03,CONSERVATIVE_T1,margin_sse,600977,False
2026-09-02,AGGREGATOR|research-node|akshare@1.18.97|stock_margin_detail_sse,2026-09-02,,2026-09-26T09:34:33.195179+00:00,2026-09-03,CONSERVATIVE_T1,margin_sse,601098,False
2026-09-02,AGGREGATOR|research-node|akshare@1.18.97|stock_margin_detail_sse,2026-09-02,,2026-09-26T09:34:33.195179+00:00,2026-09-03,CONSERVATIVE_T1,margin_sse,601111,False
2026-09-02,AGGREGATOR|research-node|akshare@1.18.97|stock_margin_detail_sse,2026-09-02,,2026-09-26T09:34:33.195179+00:00,2026-09-03,CONSERVATIVE_T1,margin_sse,601298,False
2026-09-02,AGGREGATOR|research-node|akshare@1.18.97|stock_margin_detail_sse,2026-09-02,,2026-09-26T09:34:33.195179+00:00,2026-09-03,CONSERVATIVE_T1,margin_sse,601328,False
2026-09-02,AGGREGATOR|research-node|akshare@1.18.97|stock_margin_detail_sse,2026-09-02,,2026-09-26T09:34:33.195179+00:00,2026-09-03,CONSERVATIVE_T1,margin_sse,601869,False
2026-09-02,AGGREGATOR|research-node|akshare@1.18.97|stock_margin_detail_sse,2026-09-02,,2026-09-26T09:34:33.195179+00:00,2026-09-03,CONSERVATIVE_T1,margin_sse,601900,False
2026-09-02,AGGREGATOR|research-node|akshare@1.18.97|stock_margin_detail_sse,2026-09-02,,2026-09-26T09:34:33.195179+00:00,2026-09-03,CONSERVATIVE_T1,margin_sse,601963,False
2026-09-02,AGGREGATOR|research-node|akshare@1.18.97|stock_margin_detail_sse,2026-09-02,,2026-09-26T09:34:33.195179+00:00,2026-09-03,CONSERVATIVE_T1,margin_sse,601985,False
2026-09-02,AGGREGATOR|research-node|akshare@1.18.97|stock_margin_detail_sse,2026-09-02,,2026-09-26T09:34:33.195179+00:00,2026-09-03,CONSERVATIVE_T1,margin_sse,601988,False
2026-09-02,AGGREGATOR|research-node|akshare@1.18.97|stock_margin_detail_sse,2026-09-02,,2026-09-26T09:34:33.195179+00:00,2026-09-03,CONSERVATIVE_T1,margin_sse,601992,False
2026-09-02,AGGREGATOR|research-node|akshare@1.18.97|stock_margin_detail_sse,2026-09-02,,2026-09-26T09:34:33.195179+00:00,2026-09-03,CONSERVATIVE_T1,margin_sse,603618,False
2026-09-02,AGGREGATOR|research-node|akshare@1.18.97|stock_margin_detail_sse,2026-09-02,,2026-09-26T09:34:33.195179+00:00,2026-09-03,CONSERVATIVE_T1,margin_sse,603667,False
2026-09-02,AGGREGATOR|research-node|akshare@1.18.97|stock_margin_detail_sse,2026-09-02,,2026-09-26T09:34:33.195179+00:00,2026-09-03,CONSERVATIVE_T1,margin_sse,603686,False
2026-09-02,AGGREGATOR|research-node|akshare@1.18.97|stock_margin_detail_sse,2026-09-02,,2026-09-26T09:34:33.195179+00:00,2026-09-03,CONSERVATIVE_T1,margin_sse,688088,False
2026-09-02,AGGREGATOR|research-node|akshare@1.18.97|stock_margin_detail_sse,2026-09-02,,2026-09-26T09:34:33.195179+00:00,2026-09-03,CONSERVATIVE_T1,margin_sse,688116,False
2026-09-02,AGGREGATOR|research-node|akshare@1.18.97|stock_margin_detail_sse,2026-09-02,,2026-09-26T09:34:33.195179+00:00,2026-09-03,CONSERVATIVE_T1,margin_sse,688218,False
2026-09-02,AGGREGATOR|research-node|akshare@1.18.97|stock_margin_detail_sse,2026-09-02,,2026-09-26T09:34:33.195179+00:00,2026-09-03,CONSERVATIVE_T1,margin_sse,688498,False
2026-09-02,AGGREGATOR|research-node|akshare@1.18.97|stock_margin_detail_sse,2026-09-02,,2026-09-26T09:34:33.195179+00:00,2026-09-03,CONSERVATIVE_T1,margin_sse,688521,False
2026-09-03,AGGREGATOR|research-node|akshare@1.18.97|stock_margin_detail_sse,2026-09-03,,2026-09-26T09:34:37.693752+00:00,2026-09-04,CONSERVATIVE_T1,margin_sse,600022,False
2026-09-03,AGGREGATOR|research-node|akshare@1.18.97|stock_margin_detail_sse,2026-09-03,,2026-09-26T09:34:37.693752+00:00,2026-09-04,CONSERVATIVE_T1,margin_sse,600113,False
2026-09-03,AGGREGATOR|research-node|akshare@1.18.97|stock_margin_detail_sse,2026-09-03,,2026-09-26T09:34:37.693752+00:00,2026-09-04,CONSERVATIVE_T1,margin_sse,600196,True
2026-09-03,AGGREGATOR|research-node|akshare@1.18.97|stock_margin_detail_sse,2026-09-03,,2026-09-26T09:34:37.693752+00:00,2026-09-04,CONSERVATIVE_T1,margin_sse,600269,False
2026-09-03,AGGREGATOR|research-node|akshare@1.18.97|stock_margin_detail_sse,2026-09-03,,2026-09-26T09:34:37.693752+00:00,2026-09-04,CONSERVATIVE_T1,margin_sse,600377,False
2026-09-03,AGGREGATOR|research-node|akshare@1.18.97|stock_margin_detail_sse,2026-09-03,,2026-09-26T09:34:37.693752+00:00,2026-09-04,CONSERVATIVE_T1,margin_sse,600459,False
2026-09-03,AGGREGATOR|research-node|akshare@1.18.97|stock_margin_detail_sse,2026-09-03,,2026-09-26T09:34:37.693752+00:00,2026-09-04,CONSERVATIVE_T1,margin_sse,600567,False
2026-09-03,AGGREGATOR|research-node|akshare@1.18.97|stock_margin_detail_sse,2026-09-03,,2026-09-26T09:34:37.693752+00:00,2026-09-04,CONSERVATIVE_T1,margin_sse,600598,False
2026-09-03,AGGREGATOR|research-node|akshare@1.18.97|stock_margin_detail_sse,2026-09-03,,2026-09-26T09:34:37.693752+00:00,2026-09-04,CONSERVATIVE_T1,margin_sse,600629,False
2026-09-03,AGGREGATOR|research-node|akshare@1.18.97|stock_margin_detail_sse,2026-09-03,,2026-09-26T09:34:37.693752+00:00,2026-09-04,CONSERVATIVE_T1,margin_sse,600694,False
2026-09-03,AGGREGATOR|research-node|akshare@1.18.97|stock_margin_detail_sse,2026-09-03,,2026-09-26T09:34:37.693752+00:00,2026-09-04,CONSERVATIVE_T1,margin_sse,600826,False
2026-09-03,AGGREGATOR|research-node|akshare@1.18.97|stock_margin_detail_sse,2026-09-03,,2026-09-26T09:34:37.693752+00:00,2026-09-04,CONSERVATIVE_T1,margin_sse,600846,False
2026-09-03,AGGREGATOR|research-node|akshare@1.18.97|stock_margin_detail_sse,2026-09-03,,2026-09-26T09:34:37.693752+00:00,2026-09-04,CONSERVATIVE_T1,margin_sse,600928,False
2026-09-03,AGGREGATOR|research-node|akshare@1.18.97|stock_margin_detail_sse,2026-09-03,,2026-09-26T09:34:37.693752+00:00,2026-09-04,CONSERVATIVE_T1,margin_sse,600977,False
2026-09-03,AGGREGATOR|research-node|akshare@1.18.97|stock_margin_detail_sse,2026-09-03,,2026-09-26T09:34:37.693752+00:00,2026-09-04,CONSERVATIVE_T1,margin_sse,601098,False
2026-09-03,AGGREGATOR|research-node|akshare@1.18.97|stock_margin_detail_sse,2026-09-03,,2026-09-26T09:34:37.693752+00:00,2026-09-04,CONSERVATIVE_T1,margin_sse,601111,False
2026-09-03,AGGREGATOR|research-node|akshare@1.18.97|stock_margin_detail_sse,2026-09-03,,2026-09-26T09:34:37.693752+00:00,2026-09-04,CONSERVATIVE_T1,margin_sse,601298,False
2026-09-03,AGGREGATOR|research-node|akshare@1.18.97|stock_margin_detail_sse,2026-09-03,,2026-09-26T09:34:37.693752+00:00,2026-09-04,CONSERVATIVE_T1,margin_sse,601328,False
2026-09-03,AGGREGATOR|research-node|akshare@1.18.97|stock_margin_detail_sse,2026-09-03,,2026-09-26T09:34:37.693752+00:00,2026-09-04,CONSERVATIVE_T1,margin_sse,601869,False
2026-09-03,AGGREGATOR|research-node|akshare@1.18.97|stock_margin_detail_sse,2026-09-03,,2026-09-26T09:34:37.693752+00:00,2026-09-04,CONSERVATIVE_T1,margin_sse,601900,False
2026-09-03,AGGREGATOR|research-node|akshare@1.18.97|stock_margin_detail_sse,2026-09-03,,2026-09-26T09:34:37.693752+00:00,2026-09-04,CONSERVATIVE_T1,margin_sse,601963,False
2026-09-03,AGGREGATOR|research-node|akshare@1.18.97|stock_margin_detail_sse,2026-09-03,,2026-09-26T09:34:37.693752+00:00,2026-09-04,CONSERVATIVE_T1,margin_sse,601985,False
2026-09-03,AGGREGATOR|research-node|akshare@1.18.97|stock_margin_detail_sse,2026-09-03,,2026-09-26T09:34:37.693752+00:00,2026-09-04,CONSERVATIVE_T1,margin_sse,601988,False
2026-09-03,AGGREGATOR|research-node|akshare@1.18.97|stock_margin_detail_sse,2026-09-03,,2026-09-26T09:34:37.693752+00:00,2026-09-04,CONSERVATIVE_T1,margin_sse,601992,False
2026-09-03,AGGREGATOR|research-node|akshare@1.18.97|stock_margin_detail_sse,2026-09-03,,2026-09-26T09:34:37.693752+00:00,2026-09-04,CONSERVATIVE_T1,margin_sse,603618,False
2026-09-03,AGGREGATOR|research-node|akshare@1.18.97|stock_margin_detail_sse,2026-09-03,,2026-09-26T09:34:37.693752+00:00,2026-09-04,CONSERVATIVE_T1,margin_sse,603667,False
2026-09-03,AGGREGATOR|research-node|akshare@1.18.97|stock_margin_detail_sse,2026-09-03,,2026-09-26T09:34:37.693752+00:00,2026-09-04,CONSERVATIVE_T1,margin_sse,603686,False
2026-09-03,AGGREGATOR|research-node|akshare@1.18.97|stock_margin_detail_sse,2026-09-03,,2026-09-26T09:34:37.693752+00:00,2026-09-04,CONSERVATIVE_T1,margin_sse,688088,False
2026-09-03,AGGREGATOR|research-node|akshare@1.18.97|stock_margin_detail_sse,2026-09-03,,2026-09-26T09:34:37.693752+00:00,2026-09-04,CONSERVATIVE_T1,margin_sse,688116,False
2026-09-03,AGGREGATOR|research-node|akshare@1.18.97|stock_margin_detail_sse,2026-09-03,,2026-09-26T09:34:37.693752+00:00,2026-09-04,CONSERVATIVE_T1,margin_sse,688218,False
2026-09-03,AGGREGATOR|research-node|akshare@1.18.97|stock_margin_detail_sse,2026-09-03,,2026-09-26T09:34:37.693752+00:00,2026-09-04,CONSERVATIVE_T1,margin_sse,688498,False
2026-09-03,AGGREGATOR|research-node|akshare@1.18.97|stock_margin_detail_sse,2026-09-03,,2026-09-26T09:34:37.693752+00:00,2026-09-04,CONSERVATIVE_T1,margin_sse,688521,False
2026-09-04,AGGREGATOR|research-node|akshare@1.18.97|stock_margin_detail_sse,2026-09-04,,2026-09-26T09:34:42.202995+00:00,2026-09-07,CONSERVATIVE_T1,margin_sse,600022,False
2026-09-04,AGGREGATOR|research-node|akshare@1.18.97|stock_margin_detail_sse,2026-09-04,,2026-09-26T09:34:42.202995+00:00,2026-09-07,CONSERVATIVE_T1,margin_sse,600113,False
2026-09-04,AGGREGATOR|research-node|akshare@1.18.97|stock_margin_detail_sse,2026-09-04,,2026-09-26T09:34:42.202995+00:00,2026-09-07,CONSERVATIVE_T1,margin_sse,600196,True
2026-09-04,AGGREGATOR|research-node|akshare@1.18.97|stock_margin_detail_sse,2026-09-04,,2026-09-26T09:34:42.202995+00:00,2026-09-07,CONSERVATIVE_T1,margin_sse,600269,False
2026-09-04,AGGREGATOR|research-node|akshare@1.18.97|stock_margin_detail_sse,2026-09-04,,2026-09-26T09:34:42.202995+00:00,2026-09-07,CONSERVATIVE_T1,margin_sse,600377,False
2026-09-04,AGGREGATOR|research-node|akshare@1.18.97|stock_margin_detail_sse,2026-09-04,,2026-09-26T09:34:42.202995+00:00,2026-09-07,CONSERVATIVE_T1,margin_sse,600459,False
2026-09-04,AGGREGATOR|research-node|akshare@1.18.97|stock_margin_detail_sse,2026-09-04,,2026-09-26T09:34:42.202995+00:00,2026-09-07,CONSERVATIVE_T1,margin_sse,600567,False
2026-09-04,AGGREGATOR|research-node|akshare@1.18.97|stock_margin_detail_sse,2026-09-04,,2026-09-26T09:34:42.202995+00:00,2026-09-07,CONSERVATIVE_T1,margin_sse,600598,False
2026-09-04,AGGREGATOR|research-node|akshare@1.18.97|stock_margin_detail_sse,2026-09-04,,2026-09-26T09:34:42.202995+00:00,2026-09-07,CONSERVATIVE_T1,margin_sse,600629,False
2026-09-04,AGGREGATOR|research-node|akshare@1.18.97|stock_margin_detail_sse,2026-09-04,,2026-09-26T09:34:42.202995+00:00,2026-09-07,CONSERVATIVE_T1,margin_sse,600694,False
2026-09-04,AGGREGATOR|research-node|akshare@1.18.97|stock_margin_detail_sse,2026-09-04,,2026-09-26T09:34:42.202995+00:00,2026-09-07,CONSERVATIVE_T1,margin_sse,600826,False
2026-09-04,AGGREGATOR|research-node|akshare@1.18.97|stock_margin_detail_sse,2026-09-04,,2026-09-26T09:34:42.202995+00:00,2026-09-07,CONSERVATIVE_T1,margin_sse,600846,False
2026-09-04,AGGREGATOR|research-node|akshare@1.18.97|stock_margin_detail_sse,2026-09-04,,2026-09-26T09:34:42.202995+00:00,2026-09-07,CONSERVATIVE_T1,margin_sse,600928,False
2026-09-04,AGGREGATOR|research-node|akshare@1.18.97|stock_margin_detail_sse,2026-09-04,,2026-09-26T09:34:42.202995+00:00,2026-09-07,CONSERVATIVE_T1,margin_sse,600977,False
2026-09-04,AGGREGATOR|research-node|akshare@1.18.97|stock_margin_detail_sse,2026-09-04,,2026-09-26T09:34:42.202995+00:00,2026-09-07,CONSERVATIVE_T1,margin_sse,601098,False
2026-09-04,AGGREGATOR|research-node|akshare@1.18.97|stock_margin_detail_sse,2026-09-04,,2026-09-26T09:34:42.202995+00:00,2026-09-07,CONSERVATIVE_T1,margin_sse,601111,False
2026-09-04,AGGREGATOR|research-node|akshare@1.18.97|stock_margin_detail_sse,2026-09-04,,2026-09-26T09:34:42.202995+00:00,2026-09-07,CONSERVATIVE_T1,margin_sse,601298,False
2026-09-04,AGGREGATOR|research-node|akshare@1.18.97|stock_margin_detail_sse,2026-09-04,,2026-09-26T09:34:42.202995+00:00,2026-09-07,CONSERVATIVE_T1,margin_sse,601328,False
2026-09-04,AGGREGATOR|research-node|akshare@1.18.97|stock_margin_detail_sse,2026-09-04,,2026-09-26T09:34:42.202995+00:00,2026-09-07,CONSERVATIVE_T1,margin_sse,601869,False
2026-09-04,AGGREGATOR|research-node|akshare@1.18.97|stock_margin_detail_sse,2026-09-04,,2026-09-26T09:34:42.202995+00:00,2026-09-07,CONSERVATIVE_T1,margin_sse,601900,False
2026-09-04,AGGREGATOR|research-node|akshare@1.18.97|stock_margin_detail_sse,2026-09-04,,2026-09-26T09:34:42.202995+00:00,2026-09-07,CONSERVATIVE_T1,margin_sse,601963,False
2026-09-04,AGGREGATOR|research-node|akshare@1.18.97|stock_margin_detail_sse,2026-09-04,,2026-09-26T09:34:42.202995+00:00,2026-09-07,CONSERVATIVE_T1,margin_sse,601985,False
2026-09-04,AGGREGATOR|research-node|akshare@1.18.97|stock_margin_detail_sse,2026-09-04,,2026-09-26T09:34:42.202995+00:00,2026-09-07,CONSERVATIVE_T1,margin_sse,601988,False
2026-09-04,AGGREGATOR|research-node|akshare@1.18.97|stock_margin_detail_sse,2026-09-04,,2026-09-26T09:34:42.202995+00:00,2026-09-07,CONSERVATIVE_T1,margin_sse,601992,False
2026-09-04,AGGREGATOR|research-node|akshare@1.18.97|stock_margin_detail_sse,2026-09-04,,2026-09-26T09:34:42.202995+00:00,2026-09-07,CONSERVATIVE_T1,margin_sse,603618,False
2026-09-04,AGGREGATOR|research-node|akshare@1.18.97|stock_margin_detail_sse,2026-09-04,,2026-09-26T09:34:42.202995+00:00,2026-09-07,CONSERVATIVE_T1,margin_sse,603667,False
2026-09-04,AGGREGATOR|research-node|akshare@1.18.97|stock_margin_detail_sse,2026-09-04,,2026-09-26T09:34:42.202995+00:00,2026-09-07,CONSERVATIVE_T1,margin_sse,603686,False
2026-09-04,AGGREGATOR|research-node|akshare@1.18.97|stock_margin_detail_sse,2026-09-04,,2026-09-26T09:34:42.202995+00:00,2026-09-07,CONSERVATIVE_T1,margin_sse,688088,False
2026-09-04,AGGREGATOR|research-node|akshare@1.18.97|stock_margin_detail_sse,2026-09-04,,2026-09-26T09:34:42.202995+00:00,2026-09-07,CONSERVATIVE_T1,margin_sse,688116,False
2026-09-04,AGGREGATOR|research-node|akshare@1.18.97|stock_margin_detail_sse,2026-09-04,,2026-09-26T09:34:42.202995+00:00,2026-09-07,CONSERVATIVE_T1,margin_sse,688218,False
2026-09-04,AGGREGATOR|research-node|akshare@1.18.97|stock_margin_detail_sse,2026-09-04,,2026-09-26T09:34:42.202995+00:00,2026-09-07,CONSERVATIVE_T1,margin_sse,688498,False
2026-09-04,AGGREGATOR|research-node|akshare@1.18.97|stock_margin_detail_sse,2026-09-04,,2026-09-26T09:34:42.202995+00:00,2026-09-07,CONSERVATIVE_T1,margin_sse,688521,False
2026-09-07,AGGREGATOR|research-node|akshare@1.18.97|stock_margin_detail_sse,2026-09-07,,2026-09-26T09:34:46.790578+00:00,2026-09-08,CONSERVATIVE_T1,margin_sse,600022,False
2026-09-07,AGGREGATOR|research-node|akshare@1.18.97|stock_margin_detail_sse,2026-09-07,,2026-09-26T09:34:46.790578+00:00,2026-09-08,CONSERVATIVE_T1,margin_sse,600113,False
2026-09-07,AGGREGATOR|research-node|akshare@1.18.97|stock_margin_detail_sse,2026-09-07,,2026-09-26T09:34:46.790578+00:00,2026-09-08,CONSERVATIVE_T1,margin_sse,600196,True
2026-09-07,AGGREGATOR|research-node|akshare@1.18.97|stock_margin_detail_sse,2026-09-07,,2026-09-26T09:34:46.790578+00:00,2026-09-08,CONSERVATIVE_T1,margin_sse,600269,False
2026-09-07,AGGREGATOR|research-node|akshare@1.18.97|stock_margin_detail_sse,2026-09-07,,2026-09-26T09:34:46.790578+00:00,2026-09-08,CONSERVATIVE_T1,margin_sse,600377,False
2026-09-07,AGGREGATOR|research-node|akshare@1.18.97|stock_margin_detail_sse,2026-09-07,,2026-09-26T09:34:46.790578+00:00,2026-09-08,CONSERVATIVE_T1,margin_sse,600459,False
2026-09-07,AGGREGATOR|research-node|akshare@1.18.97|stock_margin_detail_sse,2026-09-07,,2026-09-26T09:34:46.790578+00:00,2026-09-08,CONSERVATIVE_T1,margin_sse,600567,False
2026-09-07,AGGREGATOR|research-node|akshare@1.18.97|stock_margin_detail_sse,2026-09-07,,2026-09-26T09:34:46.790578+00:00,2026-09-08,CONSERVATIVE_T1,margin_sse,600598,False
2026-09-07,AGGREGATOR|research-node|akshare@1.18.97|stock_margin_detail_sse,2026-09-07,,2026-09-26T09:34:46.790578+00:00,2026-09-08,CONSERVATIVE_T1,margin_sse,600629,False
2026-09-07,AGGREGATOR|research-node|akshare@1.18.97|stock_margin_detail_sse,2026-09-07,,2026-09-26T09:34:46.790578+00:00,2026-09-08,CONSERVATIVE_T1,margin_sse,600694,False
2026-09-07,AGGREGATOR|research-node|akshare@1.18.97|stock_margin_detail_sse,2026-09-07,,2026-09-26T09:34:46.790578+00:00,2026-09-08,CONSERVATIVE_T1,margin_sse,600826,False
2026-09-07,AGGREGATOR|research-node|akshare@1.18.97|stock_margin_detail_sse,2026-09-07,,2026-09-26T09:34:46.790578+00:00,2026-09-08,CONSERVATIVE_T1,margin_sse,600846,False
2026-09-07,AGGREGATOR|research-node|akshare@1.18.97|stock_margin_detail_sse,2026-09-07,,2026-09-26T09:34:46.790578+00:00,2026-09-08,CONSERVATIVE_T1,margin_sse,600928,False
2026-09-07,AGGREGATOR|research-node|akshare@1.18.97|stock_margin_detail_sse,2026-09-07,,2026-09-26T09:34:46.790578+00:00,2026-09-08,CONSERVATIVE_T1,margin_sse,600977,False
2026-09-07,AGGREGATOR|research-node|akshare@1.18.97|stock_margin_detail_sse,2026-09-07,,2026-09-26T09:34:46.790578+00:00,2026-09-08,CONSERVATIVE_T1,margin_sse,601098,False
2026-09-07,AGGREGATOR|research-node|akshare@1.18.97|stock_margin_detail_sse,2026-09-07,,2026-09-26T09:34:46.790578+00:00,2026-09-08,CONSERVATIVE_T1,margin_sse,601111,False
2026-09-07,AGGREGATOR|research-node|akshare@1.18.97|stock_margin_detail_sse,2026-09-07,,2026-09-26T09:34:46.790578+00:00,2026-09-08,CONSERVATIVE_T1,margin_sse,601298,False
2026-09-07,AGGREGATOR|research-node|akshare@1.18.97|stock_margin_detail_sse,2026-09-07,,2026-09-26T09:34:46.790578+00:00,2026-09-08,CONSERVATIVE_T1,margin_sse,601328,False
2026-09-07,AGGREGATOR|research-node|akshare@1.18.97|stock_margin_detail_sse,2026-09-07,,2026-09-26T09:34:46.790578+00:00,2026-09-08,CONSERVATIVE_T1,margin_sse,601869,False
2026-09-07,AGGREGATOR|research-node|akshare@1.18.97|stock_margin_detail_sse,2026-09-07,,2026-09-26T09:34:46.790578+00:00,2026-09-08,CONSERVATIVE_T1,margin_sse,601900,False
2026-09-07,AGGREGATOR|research-node|akshare@1.18.97|stock_margin_detail_sse,2026-09-07,,2026-09-26T09:34:46.790578+00:00,2026-09-08,CONSERVATIVE_T1,margin_sse,601963,False
2026-09-07,AGGREGATOR|research-node|akshare@1.18.97|stock_margin_detail_sse,2026-09-07,,2026-09-26T09:34:46.790578+00:00,2026-09-08,CONSERVATIVE_T1,margin_sse,601985,False
2026-09-07,AGGREGATOR|research-node|akshare@1.18.97|stock_margin_detail_sse,2026-09-07,,2026-09-26T09:34:46.790578+00:00,2026-09-08,CONSERVATIVE_T1,margin_sse,601988,False
2026-09-07,AGGREGATOR|research-node|akshare@1.18.97|stock_margin_detail_sse,2026-09-07,,2026-09-26T09:34:46.790578+00:00,2026-09-08,CONSERVATIVE_T1,margin_sse,601992,False
2026-09-07,AGGREGATOR|research-node|akshare@1.18.97|stock_margin_detail_sse,2026-09-07,,2026-09-26T09:34:46.790578+00:00,2026-09-08,CONSERVATIVE_T1,margin_sse,603618,False
2026-09-07,AGGREGATOR|research-node|akshare@1.18.97|stock_margin_detail_sse,2026-09-07,,2026-09-26T09:34:46.790578+00:00,2026-09-08,CONSERVATIVE_T1,margin_sse,603667,False
2026-09-07,AGGREGATOR|research-node|akshare@1.18.97|stock_margin_detail_sse,2026-09-07,,2026-09-26T09:34:46.790578+00:00,2026-09-08,CONSERVATIVE_T1,margin_sse,603686,False
2026-09-07,AGGREGATOR|research-node|akshare@1.18.97|stock_margin_detail_sse,2026-09-07,,2026-09-26T09:34:46.790578+00:00,2026-09-08,CONSERVATIVE_T1,margin_sse,688088,False
2026-09-07,AGGREGATOR|research-node|akshare@1.18.97|stock_margin_detail_sse,2026-09-07,,2026-09-26T09:34:46.790578+00:00,2026-09-08,CONSERVATIVE_T1,margin_sse,688116,False
2026-09-07,AGGREGATOR|research-node|akshare@1.18.97|stock_margin_detail_sse,2026-09-07,,2026-09-26T09:34:46.790578+00:00,2026-09-08,CONSERVATIVE_T1,margin_sse,688218,False
2026-09-07,AGGREGATOR|research-node|akshare@1.18.97|stock_margin_detail_sse,2026-09-07,,2026-09-26T09:34:46.790578+00:00,2026-09-08,CONSERVATIVE_T1,margin_sse,688498,False
2026-09-07,AGGREGATOR|research-node|akshare@1.18.97|stock_margin_detail_sse,2026-09-07,,2026-09-26T09:34:46.790578+00:00,2026-09-08,CONSERVATIVE_T1,margin_sse,688521,False
2026-09-08,AGGREGATOR|research-node|akshare@1.18.97|stock_margin_detail_sse,2026-09-08,,2026-09-26T09:34:51.632336+00:00,2026-09-09,CONSERVATIVE_T1,margin_sse,600022,False
2026-09-08,AGGREGATOR|research-node|akshare@1.18.97|stock_margin_detail_sse,2026-09-08,,2026-09-26T09:34:51.632336+00:00,2026-09-09,CONSERVATIVE_T1,margin_sse,600113,False
2026-09-08,AGGREGATOR|research-node|akshare@1.18.97|stock_margin_detail_sse,2026-09-08,,2026-09-26T09:34:51.632336+00:00,2026-09-09,CONSERVATIVE_T1,margin_sse,600196,True
2026-09-08,AGGREGATOR|research-node|akshare@1.18.97|stock_margin_detail_sse,2026-09-08,,2026-09-26T09:34:51.632336+00:00,2026-09-09,CONSERVATIVE_T1,margin_sse,600269,False
2026-09-08,AGGREGATOR|research-node|akshare@1.18.97|stock_margin_detail_sse,2026-09-08,,2026-09-26T09:34:51.632336+00:00,2026-09-09,CONSERVATIVE_T1,margin_sse,600377,False
2026-09-08,AGGREGATOR|research-node|akshare@1.18.97|stock_margin_detail_sse,2026-09-08,,2026-09-26T09:34:51.632336+00:00,2026-09-09,CONSERVATIVE_T1,margin_sse,600459,False
2026-09-08,AGGREGATOR|research-node|akshare@1.18.97|stock_margin_detail_sse,2026-09-08,,2026-09-26T09:34:51.632336+00:00,2026-09-09,CONSERVATIVE_T1,margin_sse,600567,False
2026-09-08,AGGREGATOR|research-node|akshare@1.18.97|stock_margin_detail_sse,2026-09-08,,2026-09-26T09:34:51.632336+00:00,2026-09-09,CONSERVATIVE_T1,margin_sse,600598,False
2026-09-08,AGGREGATOR|research-node|akshare@1.18.97|stock_margin_detail_sse,2026-09-08,,2026-09-26T09:34:51.632336+00:00,2026-09-09,CONSERVATIVE_T1,margin_sse,600629,False
2026-09-08,AGGREGATOR|research-node|akshare@1.18.97|stock_margin_detail_sse,2026-09-08,,2026-09-26T09:34:51.632336+00:00,2026-09-09,CONSERVATIVE_T1,margin_sse,600694,False
2026-09-08,AGGREGATOR|research-node|akshare@1.18.97|stock_margin_detail_sse,2026-09-08,,2026-09-26T09:34:51.632336+00:00,2026-09-09,CONSERVATIVE_T1,margin_sse,600826,False
2026-09-08,AGGREGATOR|research-node|akshare@1.18.97|stock_margin_detail_sse,2026-09-08,,2026-09-26T09:34:51.632336+00:00,2026-09-09,CONSERVATIVE_T1,margin_sse,600846,False
2026-09-08,AGGREGATOR|research-node|akshare@1.18.97|stock_margin_detail_sse,2026-09-08,,2026-09-26T09:34:51.632336+00:00,2026-09-09,CONSERVATIVE_T1,margin_sse,600928,False
2026-09-08,AGGREGATOR|research-node|akshare@1.18.97|stock_margin_detail_sse,2026-09-08,,2026-09-26T09:34:51.632336+00:00,2026-09-09,CONSERVATIVE_T1,margin_sse,600977,False
2026-09-08,AGGREGATOR|research-node|akshare@1.18.97|stock_margin_detail_sse,2026-09-08,,2026-09-26T09:34:51.632336+00:00,2026-09-09,CONSERVATIVE_T1,margin_sse,601098,False
2026-09-08,AGGREGATOR|research-node|akshare@1.18.97|stock_margin_detail_sse,2026-09-08,,2026-09-26T09:34:51.632336+00:00,2026-09-09,CONSERVATIVE_T1,margin_sse,601111,False
2026-09-08,AGGREGATOR|research-node|akshare@1.18.97|stock_margin_detail_sse,2026-09-08,,2026-09-26T09:34:51.632336+00:00,2026-09-09,CONSERVATIVE_T1,margin_sse,601298,False
2026-09-08,AGGREGATOR|research-node|akshare@1.18.97|stock_margin_detail_sse,2026-09-08,,2026-09-26T09:34:51.632336+00:00,2026-09-09,CONSERVATIVE_T1,margin_sse,601328,False
2026-09-08,AGGREGATOR|research-node|akshare@1.18.97|stock_margin_detail_sse,2026-09-08,,2026-09-26T09:34:51.632336+00:00,2026-09-09,CONSERVATIVE_T1,margin_sse,601869,False
2026-09-08,AGGREGATOR|research-node|akshare@1.18.97|stock_margin_detail_sse,2026-09-08,,2026-09-26T09:34:51.632336+00:00,2026-09-09,CONSERVATIVE_T1,margin_sse,601900,False
2026-09-08,AGGREGATOR|research-node|akshare@1.18.97|stock_margin_detail_sse,2026-09-08,,2026-09-26T09:34:51.632336+00:00,2026-09-09,CONSERVATIVE_T1,margin_sse,601963,False
2026-09-08,AGGREGATOR|research-node|akshare@1.18.97|stock_margin_detail_sse,2026-09-08,,2026-09-26T09:34:51.632336+00:00,2026-09-09,CONSERVATIVE_T1,margin_sse,601985,False
2026-09-08,AGGREGATOR|research-node|akshare@1.18.97|stock_margin_detail_sse,2026-09-08,,2026-09-26T09:34:51.632336+00:00,2026-09-09,CONSERVATIVE_T1,margin_sse,601988,False
2026-09-08,AGGREGATOR|research-node|akshare@1.18.97|stock_margin_detail_sse,2026-09-08,,2026-09-26T09:34:51.632336+00:00,2026-09-09,CONSERVATIVE_T1,margin_sse,601992,False
2026-09-08,AGGREGATOR|research-node|akshare@1.18.97|stock_margin_detail_sse,2026-09-08,,2026-09-26T09:34:51.632336+00:00,2026-09-09,CONSERVATIVE_T1,margin_sse,603618,False
2026-09-08,AGGREGATOR|research-node|akshare@1.18.97|stock_margin_detail_sse,2026-09-08,,2026-09-26T09:34:51.632336+00:00,2026-09-09,CONSERVATIVE_T1,margin_sse,603667,False
2026-09-08,AGGREGATOR|research-node|akshare@1.18.97|stock_margin_detail_sse,2026-09-08,,2026-09-26T09:34:51.632336+00:00,2026-09-09,CONSERVATIVE_T1,margin_sse,603686,False
2026-09-08,AGGREGATOR|research-node|akshare@1.18.97|stock_margin_detail_sse,2026-09-08,,2026-09-26T09:34:51.632336+00:00,2026-09-09,CONSERVATIVE_T1,margin_sse,688088,False
2026-09-08,AGGREGATOR|research-node|akshare@1.18.97|stock_margin_detail_sse,2026-09-08,,2026-09-26T09:34:51.632336+00:00,2026-09-09,CONSERVATIVE_T1,margin_sse,688116,False
2026-09-08,AGGREGATOR|research-node|akshare@1.18.97|stock_margin_detail_sse,2026-09-08,,2026-09-26T09:34:51.632336+00:00,2026-09-09,CONSERVATIVE_T1,margin_sse,688218,False
2026-09-08,AGGREGATOR|research-node|akshare@1.18.97|stock_margin_detail_sse,2026-09-08,,2026-09-26T09:34:51.632336+00:00,2026-09-09,CONSERVATIVE_T1,margin_sse,688498,False
2026-09-08,AGGREGATOR|research-node|akshare@1.18.97|stock_margin_detail_sse,2026-09-08,,2026-09-26T09:34:51.632336+00:00,2026-09-09,CONSERVATIVE_T1,margin_sse,688521,False
2026-09-09,AGGREGATOR|research-node|akshare@1.18.97|stock_margin_detail_sse,2026-09-09,,2026-09-26T09:34:56.162762+00:00,2026-09-10,CONSERVATIVE_T1,margin_sse,600022,False
2026-09-09,AGGREGATOR|research-node|akshare@1.18.97|stock_margin_detail_sse,2026-09-09,,2026-09-26T09:34:56.162762+00:00,2026-09-10,CONSERVATIVE_T1,margin_sse,600113,False
2026-09-09,AGGREGATOR|research-node|akshare@1.18.97|stock_margin_detail_sse,2026-09-09,,2026-09-26T09:34:56.162762+00:00,2026-09-10,CONSERVATIVE_T1,margin_sse,600196,True
2026-09-09,AGGREGATOR|research-node|akshare@1.18.97|stock_margin_detail_sse,2026-09-09,,2026-09-26T09:34:56.162762+00:00,2026-09-10,CONSERVATIVE_T1,margin_sse,600269,False
2026-09-09,AGGREGATOR|research-node|akshare@1.18.97|stock_margin_detail_sse,2026-09-09,,2026-09-26T09:34:56.162762+00:00,2026-09-10,CONSERVATIVE_T1,margin_sse,600377,False
2026-09-09,AGGREGATOR|research-node|akshare@1.18.97|stock_margin_detail_sse,2026-09-09,,2026-09-26T09:34:56.162762+00:00,2026-09-10,CONSERVATIVE_T1,margin_sse,600459,False
2026-09-09,AGGREGATOR|research-node|akshare@1.18.97|stock_margin_detail_sse,2026-09-09,,2026-09-26T09:34:56.162762+00:00,2026-09-10,CONSERVATIVE_T1,margin_sse,600567,False
2026-09-09,AGGREGATOR|research-node|akshare@1.18.97|stock_margin_detail_sse,2026-09-09,,2026-09-26T09:34:56.162762+00:00,2026-09-10,CONSERVATIVE_T1,margin_sse,600598,False
2026-09-09,AGGREGATOR|research-node|akshare@1.18.97|stock_margin_detail_sse,2026-09-09,,2026-09-26T09:34:56.162762+00:00,2026-09-10,CONSERVATIVE_T1,margin_sse,600629,False
2026-09-09,AGGREGATOR|research-node|akshare@1.18.97|stock_margin_detail_sse,2026-09-09,,2026-09-26T09:34:56.162762+00:00,2026-09-10,CONSERVATIVE_T1,margin_sse,600694,False
2026-09-09,AGGREGATOR|research-node|akshare@1.18.97|stock_margin_detail_sse,2026-09-09,,2026-09-26T09:34:56.162762+00:00,2026-09-10,CONSERVATIVE_T1,margin_sse,600826,False
2026-09-09,AGGREGATOR|research-node|akshare@1.18.97|stock_margin_detail_sse,2026-09-09,,2026-09-26T09:34:56.162762+00:00,2026-09-10,CONSERVATIVE_T1,margin_sse,600846,False
2026-09-09,AGGREGATOR|research-node|akshare@1.18.97|stock_margin_detail_sse,2026-09-09,,2026-09-26T09:34:56.162762+00:00,2026-09-10,CONSERVATIVE_T1,margin_sse,600928,False
2026-09-09,AGGREGATOR|research-node|akshare@1.18.97|stock_margin_detail_sse,2026-09-09,,2026-09-26T09:34:56.162762+00:00,2026-09-10,CONSERVATIVE_T1,margin_sse,600977,False
2026-09-09,AGGREGATOR|research-node|akshare@1.18.97|stock_margin_detail_sse,2026-09-09,,2026-09-26T09:34:56.162762+00:00,2026-09-10,CONSERVATIVE_T1,margin_sse,601098,False
2026-09-09,AGGREGATOR|research-node|akshare@1.18.97|stock_margin_detail_sse,2026-09-09,,2026-09-26T09:34:56.162762+00:00,2026-09-10,CONSERVATIVE_T1,margin_sse,601111,False
2026-09-09,AGGREGATOR|research-node|akshare@1.18.97|stock_margin_detail_sse,2026-09-09,,2026-09-26T09:34:56.162762+00:00,2026-09-10,CONSERVATIVE_T1,margin_sse,601298,False
2026-09-09,AGGREGATOR|research-node|akshare@1.18.97|stock_margin_detail_sse,2026-09-09,,2026-09-26T09:34:56.162762+00:00,2026-09-10,CONSERVATIVE_T1,margin_sse,601328,False
2026-09-09,AGGREGATOR|research-node|akshare@1.18.97|stock_margin_detail_sse,2026-09-09,,2026-09-26T09:34:56.162762+00:00,2026-09-10,CONSERVATIVE_T1,margin_sse,601869,False
2026-09-09,AGGREGATOR|research-node|akshare@1.18.97|stock_margin_detail_sse,2026-09-09,,2026-09-26T09:34:56.162762+00:00,2026-09-10,CONSERVATIVE_T1,margin_sse,601900,False
2026-09-09,AGGREGATOR|research-node|akshare@1.18.97|stock_margin_detail_sse,2026-09-09,,2026-09-26T09:34:56.162762+00:00,2026-09-10,CONSERVATIVE_T1,margin_sse,601963,False
2026-09-09,AGGREGATOR|research-node|akshare@1.18.97|stock_margin_detail_sse,2026-09-09,,2026-09-26T09:34:56.162762+00:00,2026-09-10,CONSERVATIVE_T1,margin_sse,601985,False
2026-09-09,AGGREGATOR|research-node|akshare@1.18.97|stock_margin_detail_sse,2026-09-09,,2026-09-26T09:34:56.162762+00:00,2026-09-10,CONSERVATIVE_T1,margin_sse,601988,False
2026-09-09,AGGREGATOR|research-node|akshare@1.18.97|stock_margin_detail_sse,2026-09-09,,2026-09-26T09:34:56.162762+00:00,2026-09-10,CONSERVATIVE_T1,margin_sse,601992,False
2026-09-09,AGGREGATOR|research-node|akshare@1.18.97|stock_margin_detail_sse,2026-09-09,,2026-09-26T09:34:56.162762+00:00,2026-09-10,CONSERVATIVE_T1,margin_sse,603618,False
2026-09-09,AGGREGATOR|research-node|akshare@1.18.97|stock_margin_detail_sse,2026-09-09,,2026-09-26T09:34:56.162762+00:00,2026-09-10,CONSERVATIVE_T1,margin_sse,603667,False
2026-09-09,AGGREGATOR|research-node|akshare@1.18.97|stock_margin_detail_sse,2026-09-09,,2026-09-26T09:34:56.162762+00:00,2026-09-10,CONSERVATIVE_T1,margin_sse,603686,False
2026-09-09,AGGREGATOR|research-node|akshare@1.18.97|stock_margin_detail_sse,2026-09-09,,2026-09-26T09:34:56.162762+00:00,2026-09-10,CONSERVATIVE_T1,margin_sse,688088,False
2026-09-09,AGGREGATOR|research-node|akshare@1.18.97|stock_margin_detail_sse,2026-09-09,,2026-09-26T09:34:56.162762+00:00,2026-09-10,CONSERVATIVE_T1,margin_sse,688116,False
2026-09-09,AGGREGATOR|research-node|akshare@1.18.97|stock_margin_detail_sse,2026-09-09,,2026-09-26T09:34:56.162762+00:00,2026-09-10,CONSERVATIVE_T1,margin_sse,688218,False
2026-09-09,AGGREGATOR|research-node|akshare@1.18.97|stock_margin_detail_sse,2026-09-09,,2026-09-26T09:34:56.162762+00:00,2026-09-10,CONSERVATIVE_T1,margin_sse,688498,False
2026-09-09,AGGREGATOR|research-node|akshare@1.18.97|stock_margin_detail_sse,2026-09-09,,2026-09-26T09:34:56.162762+00:00,2026-09-10,CONSERVATIVE_T1,margin_sse,688521,False
2026-09-10,AGGREGATOR|research-node|akshare@1.18.97|stock_margin_detail_sse,2026-09-10,,2026-09-26T09:35:00.757425+00:00,2026-09-11,CONSERVATIVE_T1,margin_sse,600022,False
2026-09-10,AGGREGATOR|research-node|akshare@1.18.97|stock_margin_detail_sse,2026-09-10,,2026-09-26T09:35:00.757425+00:00,2026-09-11,CONSERVATIVE_T1,margin_sse,600113,False
2026-09-10,AGGREGATOR|research-node|akshare@1.18.97|stock_margin_detail_sse,2026-09-10,,2026-09-26T09:35:00.757425+00:00,2026-09-11,CONSERVATIVE_T1,margin_sse,600196,True
2026-09-10,AGGREGATOR|research-node|akshare@1.18.97|stock_margin_detail_sse,2026-09-10,,2026-09-26T09:35:00.757425+00:00,2026-09-11,CONSERVATIVE_T1,margin_sse,600269,False
2026-09-10,AGGREGATOR|research-node|akshare@1.18.97|stock_margin_detail_sse,2026-09-10,,2026-09-26T09:35:00.757425+00:00,2026-09-11,CONSERVATIVE_T1,margin_sse,600377,False
2026-09-10,AGGREGATOR|research-node|akshare@1.18.97|stock_margin_detail_sse,2026-09-10,,2026-09-26T09:35:00.757425+00:00,2026-09-11,CONSERVATIVE_T1,margin_sse,600459,False
2026-09-10,AGGREGATOR|research-node|akshare@1.18.97|stock_margin_detail_sse,2026-09-10,,2026-09-26T09:35:00.757425+00:00,2026-09-11,CONSERVATIVE_T1,margin_sse,600567,False
2026-09-10,AGGREGATOR|research-node|akshare@1.18.97|stock_margin_detail_sse,2026-09-10,,2026-09-26T09:35:00.757425+00:00,2026-09-11,CONSERVATIVE_T1,margin_sse,600598,False
2026-09-10,AGGREGATOR|research-node|akshare@1.18.97|stock_margin_detail_sse,2026-09-10,,2026-09-26T09:35:00.757425+00:00,2026-09-11,CONSERVATIVE_T1,margin_sse,600629,False
2026-09-10,AGGREGATOR|research-node|akshare@1.18.97|stock_margin_detail_sse,2026-09-10,,2026-09-26T09:35:00.757425+00:00,2026-09-11,CONSERVATIVE_T1,margin_sse,600694,False
2026-09-10,AGGREGATOR|research-node|akshare@1.18.97|stock_margin_detail_sse,2026-09-10,,2026-09-26T09:35:00.757425+00:00,2026-09-11,CONSERVATIVE_T1,margin_sse,600826,False
2026-09-10,AGGREGATOR|research-node|akshare@1.18.97|stock_margin_detail_sse,2026-09-10,,2026-09-26T09:35:00.757425+00:00,2026-09-11,CONSERVATIVE_T1,margin_sse,600846,False
2026-09-10,AGGREGATOR|research-node|akshare@1.18.97|stock_margin_detail_sse,2026-09-10,,2026-09-26T09:35:00.757425+00:00,2026-09-11,CONSERVATIVE_T1,margin_sse,600928,False
2026-09-10,AGGREGATOR|research-node|akshare@1.18.97|stock_margin_detail_sse,2026-09-10,,2026-09-26T09:35:00.757425+00:00,2026-09-11,CONSERVATIVE_T1,margin_sse,600977,False
2026-09-10,AGGREGATOR|research-node|akshare@1.18.97|stock_margin_detail_sse,2026-09-10,,2026-09-26T09:35:00.757425+00:00,2026-09-11,CONSERVATIVE_T1,margin_sse,601098,False
2026-09-10,AGGREGATOR|research-node|akshare@1.18.97|stock_margin_detail_sse,2026-09-10,,2026-09-26T09:35:00.757425+00:00,2026-09-11,CONSERVATIVE_T1,margin_sse,601111,False
2026-09-10,AGGREGATOR|research-node|akshare@1.18.97|stock_margin_detail_sse,2026-09-10,,2026-09-26T09:35:00.757425+00:00,2026-09-11,CONSERVATIVE_T1,margin_sse,601298,False
2026-09-10,AGGREGATOR|research-node|akshare@1.18.97|stock_margin_detail_sse,2026-09-10,,2026-09-26T09:35:00.757425+00:00,2026-09-11,CONSERVATIVE_T1,margin_sse,601328,False
2026-09-10,AGGREGATOR|research-node|akshare@1.18.97|stock_margin_detail_sse,2026-09-10,,2026-09-26T09:35:00.757425+00:00,2026-09-11,CONSERVATIVE_T1,margin_sse,601869,False
2026-09-10,AGGREGATOR|research-node|akshare@1.18.97|stock_margin_detail_sse,2026-09-10,,2026-09-26T09:35:00.757425+00:00,2026-09-11,CONSERVATIVE_T1,margin_sse,601900,False
2026-09-10,AGGREGATOR|research-node|akshare@1.18.97|stock_margin_detail_sse,2026-09-10,,2026-09-26T09:35:00.757425+00:00,2026-09-11,CONSERVATIVE_T1,margin_sse,601963,False
2026-09-10,AGGREGATOR|research-node|akshare@1.18.97|stock_margin_detail_sse,2026-09-10,,2026-09-26T09:35:00.757425+00:00,2026-09-11,CONSERVATIVE_T1,margin_sse,601985,False
2026-09-10,AGGREGATOR|research-node|akshare@1.18.97|stock_margin_detail_sse,2026-09-10,,2026-09-26T09:35:00.757425+00:00,2026-09-11,CONSERVATIVE_T1,margin_sse,601988,False
2026-09-10,AGGREGATOR|research-node|akshare@1.18.97|stock_margin_detail_sse,2026-09-10,,2026-09-26T09:35:00.757425+00:00,2026-09-11,CONSERVATIVE_T1,margin_sse,601992,False
2026-09-10,AGGREGATOR|research-node|akshare@1.18.97|stock_margin_detail_sse,2026-09-10,,2026-09-26T09:35:00.757425+00:00,2026-09-11,CONSERVATIVE_T1,margin_sse,603618,False
2026-09-10,AGGREGATOR|research-node|akshare@1.18.97|stock_margin_detail_sse,2026-09-10,,2026-09-26T09:35:00.757425+00:00,2026-09-11,CONSERVATIVE_T1,margin_sse,603667,False
2026-09-10,AGGREGATOR|research-node|akshare@1.18.97|stock_margin_detail_sse,2026-09-10,,2026-09-26T09:35:00.757425+00:00,2026-09-11,CONSERVATIVE_T1,margin_sse,603686,False
2026-09-10,AGGREGATOR|research-node|akshare@1.18.97|stock_margin_detail_sse,2026-09-10,,2026-09-26T09:35:00.757425+00:00,2026-09-11,CONSERVATIVE_T1,margin_sse,688088,False
2026-09-10,AGGREGATOR|research-node|akshare@1.18.97|stock_margin_detail_sse,2026-09-10,,2026-09-26T09:35:00.757425+00:00,2026-09-11,CONSERVATIVE_T1,margin_sse,688116,False
2026-09-10,AGGREGATOR|research-node|akshare@1.18.97|stock_margin_detail_sse,2026-09-10,,2026-09-26T09:35:00.757425+00:00,2026-09-11,CONSERVATIVE_T1,margin_sse,688218,False
2026-09-10,AGGREGATOR|research-node|akshare@1.18.97|stock_margin_detail_sse,2026-09-10,,2026-09-26T09:35:00.757425+00:00,2026-09-11,CONSERVATIVE_T1,margin_sse,688498,False
2026-09-10,AGGREGATOR|research-node|akshare@1.18.97|stock_margin_detail_sse,2026-09-10,,2026-09-26T09:35:00.757425+00:00,2026-09-11,CONSERVATIVE_T1,margin_sse,688521,False
2026-09-11,AGGREGATOR|research-node|akshare@1.18.97|stock_margin_detail_sse,2026-09-11,,2026-09-26T09:35:05.271952+00:00,2026-09-14,CONSERVATIVE_T1,margin_sse,600022,False
2026-09-11,AGGREGATOR|research-node|akshare@1.18.97|stock_margin_detail_sse,2026-09-11,,2026-09-26T09:35:05.271952+00:00,2026-09-14,CONSERVATIVE_T1,margin_sse,600113,False
2026-09-11,AGGREGATOR|research-node|akshare@1.18.97|stock_margin_detail_sse,2026-09-11,,2026-09-26T09:35:05.271952+00:00,2026-09-14,CONSERVATIVE_T1,margin_sse,600196,True
2026-09-11,AGGREGATOR|research-node|akshare@1.18.97|stock_margin_detail_sse,2026-09-11,,2026-09-26T09:35:05.271952+00:00,2026-09-14,CONSERVATIVE_T1,margin_sse,600269,False
2026-09-11,AGGREGATOR|research-node|akshare@1.18.97|stock_margin_detail_sse,2026-09-11,,2026-09-26T09:35:05.271952+00:00,2026-09-14,CONSERVATIVE_T1,margin_sse,600377,False
2026-09-11,AGGREGATOR|research-node|akshare@1.18.97|stock_margin_detail_sse,2026-09-11,,2026-09-26T09:35:05.271952+00:00,2026-09-14,CONSERVATIVE_T1,margin_sse,600459,False
2026-09-11,AGGREGATOR|research-node|akshare@1.18.97|stock_margin_detail_sse,2026-09-11,,2026-09-26T09:35:05.271952+00:00,2026-09-14,CONSERVATIVE_T1,margin_sse,600567,False
2026-09-11,AGGREGATOR|research-node|akshare@1.18.97|stock_margin_detail_sse,2026-09-11,,2026-09-26T09:35:05.271952+00:00,2026-09-14,CONSERVATIVE_T1,margin_sse,600598,False
2026-09-11,AGGREGATOR|research-node|akshare@1.18.97|stock_margin_detail_sse,2026-09-11,,2026-09-26T09:35:05.271952+00:00,2026-09-14,CONSERVATIVE_T1,margin_sse,600629,False
2026-09-11,AGGREGATOR|research-node|akshare@1.18.97|stock_margin_detail_sse,2026-09-11,,2026-09-26T09:35:05.271952+00:00,2026-09-14,CONSERVATIVE_T1,margin_sse,600694,False
2026-09-11,AGGREGATOR|research-node|akshare@1.18.97|stock_margin_detail_sse,2026-09-11,,2026-09-26T09:35:05.271952+00:00,2026-09-14,CONSERVATIVE_T1,margin_sse,600826,False
2026-09-11,AGGREGATOR|research-node|akshare@1.18.97|stock_margin_detail_sse,2026-09-11,,2026-09-26T09:35:05.271952+00:00,2026-09-14,CONSERVATIVE_T1,margin_sse,600846,False
2026-09-11,AGGREGATOR|research-node|akshare@1.18.97|stock_margin_detail_sse,2026-09-11,,2026-09-26T09:35:05.271952+00:00,2026-09-14,CONSERVATIVE_T1,margin_sse,600928,False
2026-09-11,AGGREGATOR|research-node|akshare@1.18.97|stock_margin_detail_sse,2026-09-11,,2026-09-26T09:35:05.271952+00:00,2026-09-14,CONSERVATIVE_T1,margin_sse,600977,False
2026-09-11,AGGREGATOR|research-node|akshare@1.18.97|stock_margin_detail_sse,2026-09-11,,2026-09-26T09:35:05.271952+00:00,2026-09-14,CONSERVATIVE_T1,margin_sse,601098,False
2026-09-11,AGGREGATOR|research-node|akshare@1.18.97|stock_margin_detail_sse,2026-09-11,,2026-09-26T09:35:05.271952+00:00,2026-09-14,CONSERVATIVE_T1,margin_sse,601111,False
2026-09-11,AGGREGATOR|research-node|akshare@1.18.97|stock_margin_detail_sse,2026-09-11,,2026-09-26T09:35:05.271952+00:00,2026-09-14,CONSERVATIVE_T1,margin_sse,601298,False
2026-09-11,AGGREGATOR|research-node|akshare@1.18.97|stock_margin_detail_sse,2026-09-11,,2026-09-26T09:35:05.271952+00:00,2026-09-14,CONSERVATIVE_T1,margin_sse,601328,False
2026-09-11,AGGREGATOR|research-node|akshare@1.18.97|stock_margin_detail_sse,2026-09-11,,2026-09-26T09:35:05.271952+00:00,2026-09-14,CONSERVATIVE_T1,margin_sse,601869,False
2026-09-11,AGGREGATOR|research-node|akshare@1.18.97|stock_margin_detail_sse,2026-09-11,,2026-09-26T09:35:05.271952+00:00,2026-09-14,CONSERVATIVE_T1,margin_sse,601900,False
2026-09-11,AGGREGATOR|research-node|akshare@1.18.97|stock_margin_detail_sse,2026-09-11,,2026-09-26T09:35:05.271952+00:00,2026-09-14,CONSERVATIVE_T1,margin_sse,601963,False
2026-09-11,AGGREGATOR|research-node|akshare@1.18.97|stock_margin_detail_sse,2026-09-11,,2026-09-26T09:35:05.271952+00:00,2026-09-14,CONSERVATIVE_T1,margin_sse,601985,False
2026-09-11,AGGREGATOR|research-node|akshare@1.18.97|stock_margin_detail_sse,2026-09-11,,2026-09-26T09:35:05.271952+00:00,2026-09-14,CONSERVATIVE_T1,margin_sse,601988,False
2026-09-11,AGGREGATOR|research-node|akshare@1.18.97|stock_margin_detail_sse,2026-09-11,,2026-09-26T09:35:05.271952+00:00,2026-09-14,CONSERVATIVE_T1,margin_sse,601992,False
2026-09-11,AGGREGATOR|research-node|akshare@1.18.97|stock_margin_detail_sse,2026-09-11,,2026-09-26T09:35:05.271952+00:00,2026-09-14,CONSERVATIVE_T1,margin_sse,603618,False
2026-09-11,AGGREGATOR|research-node|akshare@1.18.97|stock_margin_detail_sse,2026-09-11,,2026-09-26T09:35:05.271952+00:00,2026-09-14,CONSERVATIVE_T1,margin_sse,603667,False
2026-09-11,AGGREGATOR|research-node|akshare@1.18.97|stock_margin_detail_sse,2026-09-11,,2026-09-26T09:35:05.271952+00:00,2026-09-14,CONSERVATIVE_T1,margin_sse,603686,False
2026-09-11,AGGREGATOR|research-node|akshare@1.18.97|stock_margin_detail_sse,2026-09-11,,2026-09-26T09:35:05.271952+00:00,2026-09-14,CONSERVATIVE_T1,margin_sse,688088,False
2026-09-11,AGGREGATOR|research-node|akshare@1.18.97|stock_margin_detail_sse,2026-09-11,,2026-09-26T09:35:05.271952+00:00,2026-09-14,CONSERVATIVE_T1,margin_sse,688116,False
2026-09-11,AGGREGATOR|research-node|akshare@1.18.97|stock_margin_detail_sse,2026-09-11,,2026-09-26T09:35:05.271952+00:00,2026-09-14,CONSERVATIVE_T1,margin_sse,688218,False
2026-09-11,AGGREGATOR|research-node|akshare@1.18.97|stock_margin_detail_sse,2026-09-11,,2026-09-26T09:35:05.271952+00:00,2026-09-14,CONSERVATIVE_T1,margin_sse,688498,False
2026-09-11,AGGREGATOR|research-node|akshare@1.18.97|stock_margin_detail_sse,2026-09-11,,2026-09-26T09:35:05.271952+00:00,2026-09-14,CONSERVATIVE_T1,margin_sse,688521,False
2026-09-14,AGGREGATOR|research-node|akshare@1.18.97|stock_margin_detail_sse,2026-09-14,,2026-09-26T09:35:09.755150+00:00,2026-09-15,CONSERVATIVE_T1,margin_sse,600022,False
2026-09-14,AGGREGATOR|research-node|akshare@1.18.97|stock_margin_detail_sse,2026-09-14,,2026-09-26T09:35:09.755150+00:00,2026-09-15,CONSERVATIVE_T1,margin_sse,600113,False
2026-09-14,AGGREGATOR|research-node|akshare@1.18.97|stock_margin_detail_sse,2026-09-14,,2026-09-26T09:35:09.755150+00:00,2026-09-15,CONSERVATIVE_T1,margin_sse,600196,True
2026-09-14,AGGREGATOR|research-node|akshare@1.18.97|stock_margin_detail_sse,2026-09-14,,2026-09-26T09:35:09.755150+00:00,2026-09-15,CONSERVATIVE_T1,margin_sse,600269,False
2026-09-14,AGGREGATOR|research-node|akshare@1.18.97|stock_margin_detail_sse,2026-09-14,,2026-09-26T09:35:09.755150+00:00,2026-09-15,CONSERVATIVE_T1,margin_sse,600377,False
2026-09-14,AGGREGATOR|research-node|akshare@1.18.97|stock_margin_detail_sse,2026-09-14,,2026-09-26T09:35:09.755150+00:00,2026-09-15,CONSERVATIVE_T1,margin_sse,600459,False
2026-09-14,AGGREGATOR|research-node|akshare@1.18.97|stock_margin_detail_sse,2026-09-14,,2026-09-26T09:35:09.755150+00:00,2026-09-15,CONSERVATIVE_T1,margin_sse,600567,False
2026-09-14,AGGREGATOR|research-node|akshare@1.18.97|stock_margin_detail_sse,2026-09-14,,2026-09-26T09:35:09.755150+00:00,2026-09-15,CONSERVATIVE_T1,margin_sse,600598,False
2026-09-14,AGGREGATOR|research-node|akshare@1.18.97|stock_margin_detail_sse,2026-09-14,,2026-09-26T09:35:09.755150+00:00,2026-09-15,CONSERVATIVE_T1,margin_sse,600629,False
2026-09-14,AGGREGATOR|research-node|akshare@1.18.97|stock_margin_detail_sse,2026-09-14,,2026-09-26T09:35:09.755150+00:00,2026-09-15,CONSERVATIVE_T1,margin_sse,600694,False
2026-09-14,AGGREGATOR|research-node|akshare@1.18.97|stock_margin_detail_sse,2026-09-14,,2026-09-26T09:35:09.755150+00:00,2026-09-15,CONSERVATIVE_T1,margin_sse,600826,False
2026-09-14,AGGREGATOR|research-node|akshare@1.18.97|stock_margin_detail_sse,2026-09-14,,2026-09-26T09:35:09.755150+00:00,2026-09-15,CONSERVATIVE_T1,margin_sse,600846,False
2026-09-14,AGGREGATOR|research-node|akshare@1.18.97|stock_margin_detail_sse,2026-09-14,,2026-09-26T09:35:09.755150+00:00,2026-09-15,CONSERVATIVE_T1,margin_sse,600928,False
2026-09-14,AGGREGATOR|research-node|akshare@1.18.97|stock_margin_detail_sse,2026-09-14,,2026-09-26T09:35:09.755150+00:00,2026-09-15,CONSERVATIVE_T1,margin_sse,600977,False
2026-09-14,AGGREGATOR|research-node|akshare@1.18.97|stock_margin_detail_sse,2026-09-14,,2026-09-26T09:35:09.755150+00:00,2026-09-15,CONSERVATIVE_T1,margin_sse,601098,False
2026-09-14,AGGREGATOR|research-node|akshare@1.18.97|stock_margin_detail_sse,2026-09-14,,2026-09-26T09:35:09.755150+00:00,2026-09-15,CONSERVATIVE_T1,margin_sse,601111,False
2026-09-14,AGGREGATOR|research-node|akshare@1.18.97|stock_margin_detail_sse,2026-09-14,,2026-09-26T09:35:09.755150+00:00,2026-09-15,CONSERVATIVE_T1,margin_sse,601298,False
2026-09-14,AGGREGATOR|research-node|akshare@1.18.97|stock_margin_detail_sse,2026-09-14,,2026-09-26T09:35:09.755150+00:00,2026-09-15,CONSERVATIVE_T1,margin_sse,601328,False
2026-09-14,AGGREGATOR|research-node|akshare@1.18.97|stock_margin_detail_sse,2026-09-14,,2026-09-26T09:35:09.755150+00:00,2026-09-15,CONSERVATIVE_T1,margin_sse,601869,False
2026-09-14,AGGREGATOR|research-node|akshare@1.18.97|stock_margin_detail_sse,2026-09-14,,2026-09-26T09:35:09.755150+00:00,2026-09-15,CONSERVATIVE_T1,margin_sse,601900,False
2026-09-14,AGGREGATOR|research-node|akshare@1.18.97|stock_margin_detail_sse,2026-09-14,,2026-09-26T09:35:09.755150+00:00,2026-09-15,CONSERVATIVE_T1,margin_sse,601963,False
2026-09-14,AGGREGATOR|research-node|akshare@1.18.97|stock_margin_detail_sse,2026-09-14,,2026-09-26T09:35:09.755150+00:00,2026-09-15,CONSERVATIVE_T1,margin_sse,601985,False
2026-09-14,AGGREGATOR|research-node|akshare@1.18.97|stock_margin_detail_sse,2026-09-14,,2026-09-26T09:35:09.755150+00:00,2026-09-15,CONSERVATIVE_T1,margin_sse,601988,False
2026-09-14,AGGREGATOR|research-node|akshare@1.18.97|stock_margin_detail_sse,2026-09-14,,2026-09-26T09:35:09.755150+00:00,2026-09-15,CONSERVATIVE_T1,margin_sse,601992,False
2026-09-14,AGGREGATOR|research-node|akshare@1.18.97|stock_margin_detail_sse,2026-09-14,,2026-09-26T09:35:09.755150+00:00,2026-09-15,CONSERVATIVE_T1,margin_sse,603618,False
2026-09-14,AGGREGATOR|research-node|akshare@1.18.97|stock_margin_detail_sse,2026-09-14,,2026-09-26T09:35:09.755150+00:00,2026-09-15,CONSERVATIVE_T1,margin_sse,603667,False
2026-09-14,AGGREGATOR|research-node|akshare@1.18.97|stock_margin_detail_sse,2026-09-14,,2026-09-26T09:35:09.755150+00:00,2026-09-15,CONSERVATIVE_T1,margin_sse,603686,False
2026-09-14,AGGREGATOR|research-node|akshare@1.18.97|stock_margin_detail_sse,2026-09-14,,2026-09-26T09:35:09.755150+00:00,2026-09-15,CONSERVATIVE_T1,margin_sse,688088,False
2026-09-14,AGGREGATOR|research-node|akshare@1.18.97|stock_margin_detail_sse,2026-09-14,,2026-09-26T09:35:09.755150+00:00,2026-09-15,CONSERVATIVE_T1,margin_sse,688116,False
2026-09-14,AGGREGATOR|research-node|akshare@1.18.97|stock_margin_detail_sse,2026-09-14,,2026-09-26T09:35:09.755150+00:00,2026-09-15,CONSERVATIVE_T1,margin_sse,688218,False
2026-09-14,AGGREGATOR|research-node|akshare@1.18.97|stock_margin_detail_sse,2026-09-14,,2026-09-26T09:35:09.755150+00:00,2026-09-15,CONSERVATIVE_T1,margin_sse,688498,False
2026-09-14,AGGREGATOR|research-node|akshare@1.18.97|stock_margin_detail_sse,2026-09-14,,2026-09-26T09:35:09.755150+00:00,2026-09-15,CONSERVATIVE_T1,margin_sse,688521,False
2026-09-15,AGGREGATOR|research-node|akshare@1.18.97|stock_margin_detail_sse,2026-09-15,,2026-09-26T09:35:14.329680+00:00,2026-09-16,CONSERVATIVE_T1,margin_sse,600022,False
2026-09-15,AGGREGATOR|research-node|akshare@1.18.97|stock_margin_detail_sse,2026-09-15,,2026-09-26T09:35:14.329680+00:00,2026-09-16,CONSERVATIVE_T1,margin_sse,600113,False
2026-09-15,AGGREGATOR|research-node|akshare@1.18.97|stock_margin_detail_sse,2026-09-15,,2026-09-26T09:35:14.329680+00:00,2026-09-16,CONSERVATIVE_T1,margin_sse,600196,True
2026-09-15,AGGREGATOR|research-node|akshare@1.18.97|stock_margin_detail_sse,2026-09-15,,2026-09-26T09:35:14.329680+00:00,2026-09-16,CONSERVATIVE_T1,margin_sse,600269,False
2026-09-15,AGGREGATOR|research-node|akshare@1.18.97|stock_margin_detail_sse,2026-09-15,,2026-09-26T09:35:14.329680+00:00,2026-09-16,CONSERVATIVE_T1,margin_sse,600377,False
2026-09-15,AGGREGATOR|research-node|akshare@1.18.97|stock_margin_detail_sse,2026-09-15,,2026-09-26T09:35:14.329680+00:00,2026-09-16,CONSERVATIVE_T1,margin_sse,600459,False
2026-09-15,AGGREGATOR|research-node|akshare@1.18.97|stock_margin_detail_sse,2026-09-15,,2026-09-26T09:35:14.329680+00:00,2026-09-16,CONSERVATIVE_T1,margin_sse,600567,False
2026-09-15,AGGREGATOR|research-node|akshare@1.18.97|stock_margin_detail_sse,2026-09-15,,2026-09-26T09:35:14.329680+00:00,2026-09-16,CONSERVATIVE_T1,margin_sse,600598,False
2026-09-15,AGGREGATOR|research-node|akshare@1.18.97|stock_margin_detail_sse,2026-09-15,,2026-09-26T09:35:14.329680+00:00,2026-09-16,CONSERVATIVE_T1,margin_sse,600629,False
2026-09-15,AGGREGATOR|research-node|akshare@1.18.97|stock_margin_detail_sse,2026-09-15,,2026-09-26T09:35:14.329680+00:00,2026-09-16,CONSERVATIVE_T1,margin_sse,600694,False
2026-09-15,AGGREGATOR|research-node|akshare@1.18.97|stock_margin_detail_sse,2026-09-15,,2026-09-26T09:35:14.329680+00:00,2026-09-16,CONSERVATIVE_T1,margin_sse,600826,False
2026-09-15,AGGREGATOR|research-node|akshare@1.18.97|stock_margin_detail_sse,2026-09-15,,2026-09-26T09:35:14.329680+00:00,2026-09-16,CONSERVATIVE_T1,margin_sse,600846,False
2026-09-15,AGGREGATOR|research-node|akshare@1.18.97|stock_margin_detail_sse,2026-09-15,,2026-09-26T09:35:14.329680+00:00,2026-09-16,CONSERVATIVE_T1,margin_sse,600928,False
2026-09-15,AGGREGATOR|research-node|akshare@1.18.97|stock_margin_detail_sse,2026-09-15,,2026-09-26T09:35:14.329680+00:00,2026-09-16,CONSERVATIVE_T1,margin_sse,600977,False
2026-09-15,AGGREGATOR|research-node|akshare@1.18.97|stock_margin_detail_sse,2026-09-15,,2026-09-26T09:35:14.329680+00:00,2026-09-16,CONSERVATIVE_T1,margin_sse,601098,False
2026-09-15,AGGREGATOR|research-node|akshare@1.18.97|stock_margin_detail_sse,2026-09-15,,2026-09-26T09:35:14.329680+00:00,2026-09-16,CONSERVATIVE_T1,margin_sse,601111,False
2026-09-15,AGGREGATOR|research-node|akshare@1.18.97|stock_margin_detail_sse,2026-09-15,,2026-09-26T09:35:14.329680+00:00,2026-09-16,CONSERVATIVE_T1,margin_sse,601298,False
2026-09-15,AGGREGATOR|research-node|akshare@1.18.97|stock_margin_detail_sse,2026-09-15,,2026-09-26T09:35:14.329680+00:00,2026-09-16,CONSERVATIVE_T1,margin_sse,601328,False
2026-09-15,AGGREGATOR|research-node|akshare@1.18.97|stock_margin_detail_sse,2026-09-15,,2026-09-26T09:35:14.329680+00:00,2026-09-16,CONSERVATIVE_T1,margin_sse,601869,False
2026-09-15,AGGREGATOR|research-node|akshare@1.18.97|stock_margin_detail_sse,2026-09-15,,2026-09-26T09:35:14.329680+00:00,2026-09-16,CONSERVATIVE_T1,margin_sse,601900,False
2026-09-15,AGGREGATOR|research-node|akshare@1.18.97|stock_margin_detail_sse,2026-09-15,,2026-09-26T09:35:14.329680+00:00,2026-09-16,CONSERVATIVE_T1,margin_sse,601963,False
2026-09-15,AGGREGATOR|research-node|akshare@1.18.97|stock_margin_detail_sse,2026-09-15,,2026-09-26T09:35:14.329680+00:00,2026-09-16,CONSERVATIVE_T1,margin_sse,601985,False
2026-09-15,AGGREGATOR|research-node|akshare@1.18.97|stock_margin_detail_sse,2026-09-15,,2026-09-26T09:35:14.329680+00:00,2026-09-16,CONSERVATIVE_T1,margin_sse,601988,False
2026-09-15,AGGREGATOR|research-node|akshare@1.18.97|stock_margin_detail_sse,2026-09-15,,2026-09-26T09:35:14.329680+00:00,2026-09-16,CONSERVATIVE_T1,margin_sse,601992,False
2026-09-15,AGGREGATOR|research-node|akshare@1.18.97|stock_margin_detail_sse,2026-09-15,,2026-09-26T09:35:14.329680+00:00,2026-09-16,CONSERVATIVE_T1,margin_sse,603618,False
2026-09-15,AGGREGATOR|research-node|akshare@1.18.97|stock_margin_detail_sse,2026-09-15,,2026-09-26T09:35:14.329680+00:00,2026-09-16,CONSERVATIVE_T1,margin_sse,603667,False
2026-09-15,AGGREGATOR|research-node|akshare@1.18.97|stock_margin_detail_sse,2026-09-15,,2026-09-26T09:35:14.329680+00:00,2026-09-16,CONSERVATIVE_T1,margin_sse,603686,False
2026-09-15,AGGREGATOR|research-node|akshare@1.18.97|stock_margin_detail_sse,2026-09-15,,2026-09-26T09:35:14.329680+00:00,2026-09-16,CONSERVATIVE_T1,margin_sse,688088,False
2026-09-15,AGGREGATOR|research-node|akshare@1.18.97|stock_margin_detail_sse,2026-09-15,,2026-09-26T09:35:14.329680+00:00,2026-09-16,CONSERVATIVE_T1,margin_sse,688116,False
2026-09-15,AGGREGATOR|research-node|akshare@1.18.97|stock_margin_detail_sse,2026-09-15,,2026-09-26T09:35:14.329680+00:00,2026-09-16,CONSERVATIVE_T1,margin_sse,688218,False
2026-09-15,AGGREGATOR|research-node|akshare@1.18.97|stock_margin_detail_sse,2026-09-15,,2026-09-26T09:35:14.329680+00:00,2026-09-16,CONSERVATIVE_T1,margin_sse,688498,False
2026-09-15,AGGREGATOR|research-node|akshare@1.18.97|stock_margin_detail_sse,2026-09-15,,2026-09-26T09:35:14.329680+00:00,2026-09-16,CONSERVATIVE_T1,margin_sse,688521,False
2026-09-16,AGGREGATOR|research-node|akshare@1.18.97|stock_margin_detail_sse,2026-09-16,,2026-09-26T09:35:18.989199+00:00,2026-09-17,CONSERVATIVE_T1,margin_sse,600022,False
2026-09-16,AGGREGATOR|research-node|akshare@1.18.97|stock_margin_detail_sse,2026-09-16,,2026-09-26T09:35:18.989199+00:00,2026-09-17,CONSERVATIVE_T1,margin_sse,600113,False
2026-09-16,AGGREGATOR|research-node|akshare@1.18.97|stock_margin_detail_sse,2026-09-16,,2026-09-26T09:35:18.989199+00:00,2026-09-17,CONSERVATIVE_T1,margin_sse,600196,True
2026-09-16,AGGREGATOR|research-node|akshare@1.18.97|stock_margin_detail_sse,2026-09-16,,2026-09-26T09:35:18.989199+00:00,2026-09-17,CONSERVATIVE_T1,margin_sse,600269,False
2026-09-16,AGGREGATOR|research-node|akshare@1.18.97|stock_margin_detail_sse,2026-09-16,,2026-09-26T09:35:18.989199+00:00,2026-09-17,CONSERVATIVE_T1,margin_sse,600377,False
2026-09-16,AGGREGATOR|research-node|akshare@1.18.97|stock_margin_detail_sse,2026-09-16,,2026-09-26T09:35:18.989199+00:00,2026-09-17,CONSERVATIVE_T1,margin_sse,600459,False
2026-09-16,AGGREGATOR|research-node|akshare@1.18.97|stock_margin_detail_sse,2026-09-16,,2026-09-26T09:35:18.989199+00:00,2026-09-17,CONSERVATIVE_T1,margin_sse,600567,False
2026-09-16,AGGREGATOR|research-node|akshare@1.18.97|stock_margin_detail_sse,2026-09-16,,2026-09-26T09:35:18.989199+00:00,2026-09-17,CONSERVATIVE_T1,margin_sse,600598,False
2026-09-16,AGGREGATOR|research-node|akshare@1.18.97|stock_margin_detail_sse,2026-09-16,,2026-09-26T09:35:18.989199+00:00,2026-09-17,CONSERVATIVE_T1,margin_sse,600629,False
2026-09-16,AGGREGATOR|research-node|akshare@1.18.97|stock_margin_detail_sse,2026-09-16,,2026-09-26T09:35:18.989199+00:00,2026-09-17,CONSERVATIVE_T1,margin_sse,600694,False
2026-09-16,AGGREGATOR|research-node|akshare@1.18.97|stock_margin_detail_sse,2026-09-16,,2026-09-26T09:35:18.989199+00:00,2026-09-17,CONSERVATIVE_T1,margin_sse,600826,False
2026-09-16,AGGREGATOR|research-node|akshare@1.18.97|stock_margin_detail_sse,2026-09-16,,2026-09-26T09:35:18.989199+00:00,2026-09-17,CONSERVATIVE_T1,margin_sse,600846,False
2026-09-16,AGGREGATOR|research-node|akshare@1.18.97|stock_margin_detail_sse,2026-09-16,,2026-09-26T09:35:18.989199+00:00,2026-09-17,CONSERVATIVE_T1,margin_sse,600928,False
2026-09-16,AGGREGATOR|research-node|akshare@1.18.97|stock_margin_detail_sse,2026-09-16,,2026-09-26T09:35:18.989199+00:00,2026-09-17,CONSERVATIVE_T1,margin_sse,600977,False
2026-09-16,AGGREGATOR|research-node|akshare@1.18.97|stock_margin_detail_sse,2026-09-16,,2026-09-26T09:35:18.989199+00:00,2026-09-17,CONSERVATIVE_T1,margin_sse,601098,False
2026-09-16,AGGREGATOR|research-node|akshare@1.18.97|stock_margin_detail_sse,2026-09-16,,2026-09-26T09:35:18.989199+00:00,2026-09-17,CONSERVATIVE_T1,margin_sse,601111,False
2026-09-16,AGGREGATOR|research-node|akshare@1.18.97|stock_margin_detail_sse,2026-09-16,,2026-09-26T09:35:18.989199+00:00,2026-09-17,CONSERVATIVE_T1,margin_sse,601298,False
2026-09-16,AGGREGATOR|research-node|akshare@1.18.97|stock_margin_detail_sse,2026-09-16,,2026-09-26T09:35:18.989199+00:00,2026-09-17,CONSERVATIVE_T1,margin_sse,601328,False
2026-09-16,AGGREGATOR|research-node|akshare@1.18.97|stock_margin_detail_sse,2026-09-16,,2026-09-26T09:35:18.989199+00:00,2026-09-17,CONSERVATIVE_T1,margin_sse,601869,False
2026-09-16,AGGREGATOR|research-node|akshare@1.18.97|stock_margin_detail_sse,2026-09-16,,2026-09-26T09:35:18.989199+00:00,2026-09-17,CONSERVATIVE_T1,margin_sse,601900,False
2026-09-16,AGGREGATOR|research-node|akshare@1.18.97|stock_margin_detail_sse,2026-09-16,,2026-09-26T09:35:18.989199+00:00,2026-09-17,CONSERVATIVE_T1,margin_sse,601963,False
2026-09-16,AGGREGATOR|research-node|akshare@1.18.97|stock_margin_detail_sse,2026-09-16,,2026-09-26T09:35:18.989199+00:00,2026-09-17,CONSERVATIVE_T1,margin_sse,601985,False
2026-09-16,AGGREGATOR|research-node|akshare@1.18.97|stock_margin_detail_sse,2026-09-16,,2026-09-26T09:35:18.989199+00:00,2026-09-17,CONSERVATIVE_T1,margin_sse,601988,False
2026-09-16,AGGREGATOR|research-node|akshare@1.18.97|stock_margin_detail_sse,2026-09-16,,2026-09-26T09:35:18.989199+00:00,2026-09-17,CONSERVATIVE_T1,margin_sse,601992,False
2026-09-16,AGGREGATOR|research-node|akshare@1.18.97|stock_margin_detail_sse,2026-09-16,,2026-09-26T09:35:18.989199+00:00,2026-09-17,CONSERVATIVE_T1,margin_sse,603618,False
2026-09-16,AGGREGATOR|research-node|akshare@1.18.97|stock_margin_detail_sse,2026-09-16,,2026-09-26T09:35:18.989199+00:00,2026-09-17,CONSERVATIVE_T1,margin_sse,603667,False
2026-09-16,AGGREGATOR|research-node|akshare@1.18.97|stock_margin_detail_sse,2026-09-16,,2026-09-26T09:35:18.989199+00:00,2026-09-17,CONSERVATIVE_T1,margin_sse,603686,False
2026-09-16,AGGREGATOR|research-node|akshare@1.18.97|stock_margin_detail_sse,2026-09-16,,2026-09-26T09:35:18.989199+00:00,2026-09-17,CONSERVATIVE_T1,margin_sse,688088,False
2026-09-16,AGGREGATOR|research-node|akshare@1.18.97|stock_margin_detail_sse,2026-09-16,,2026-09-26T09:35:18.989199+00:00,2026-09-17,CONSERVATIVE_T1,margin_sse,688116,False
2026-09-16,AGGREGATOR|research-node|akshare@1.18.97|stock_margin_detail_sse,2026-09-16,,2026-09-26T09:35:18.989199+00:00,2026-09-17,CONSERVATIVE_T1,margin_sse,688218,False
2026-09-16,AGGREGATOR|research-node|akshare@1.18.97|stock_margin_detail_sse,2026-09-16,,2026-09-26T09:35:18.989199+00:00,2026-09-17,CONSERVATIVE_T1,margin_sse,688498,False
2026-09-16,AGGREGATOR|research-node|akshare@1.18.97|stock_margin_detail_sse,2026-09-16,,2026-09-26T09:35:18.989199+00:00,2026-09-17,CONSERVATIVE_T1,margin_sse,688521,False
2026-09-17,AGGREGATOR|research-node|akshare@1.18.97|stock_margin_detail_sse,2026-09-17,,2026-09-26T09:35:23.466866+00:00,2026-09-18,CONSERVATIVE_T1,margin_sse,600022,False
2026-09-17,AGGREGATOR|research-node|akshare@1.18.97|stock_margin_detail_sse,2026-09-17,,2026-09-26T09:35:23.466866+00:00,2026-09-18,CONSERVATIVE_T1,margin_sse,600113,False
2026-09-17,AGGREGATOR|research-node|akshare@1.18.97|stock_margin_detail_sse,2026-09-17,,2026-09-26T09:35:23.466866+00:00,2026-09-18,CONSERVATIVE_T1,margin_sse,600196,True
2026-09-17,AGGREGATOR|research-node|akshare@1.18.97|stock_margin_detail_sse,2026-09-17,,2026-09-26T09:35:23.466866+00:00,2026-09-18,CONSERVATIVE_T1,margin_sse,600269,False
2026-09-17,AGGREGATOR|research-node|akshare@1.18.97|stock_margin_detail_sse,2026-09-17,,2026-09-26T09:35:23.466866+00:00,2026-09-18,CONSERVATIVE_T1,margin_sse,600377,False
2026-09-17,AGGREGATOR|research-node|akshare@1.18.97|stock_margin_detail_sse,2026-09-17,,2026-09-26T09:35:23.466866+00:00,2026-09-18,CONSERVATIVE_T1,margin_sse,600459,False
2026-09-17,AGGREGATOR|research-node|akshare@1.18.97|stock_margin_detail_sse,2026-09-17,,2026-09-26T09:35:23.466866+00:00,2026-09-18,CONSERVATIVE_T1,margin_sse,600567,False
2026-09-17,AGGREGATOR|research-node|akshare@1.18.97|stock_margin_detail_sse,2026-09-17,,2026-09-26T09:35:23.466866+00:00,2026-09-18,CONSERVATIVE_T1,margin_sse,600598,False
2026-09-17,AGGREGATOR|research-node|akshare@1.18.97|stock_margin_detail_sse,2026-09-17,,2026-09-26T09:35:23.466866+00:00,2026-09-18,CONSERVATIVE_T1,margin_sse,600629,False
2026-09-17,AGGREGATOR|research-node|akshare@1.18.97|stock_margin_detail_sse,2026-09-17,,2026-09-26T09:35:23.466866+00:00,2026-09-18,CONSERVATIVE_T1,margin_sse,600694,False
2026-09-17,AGGREGATOR|research-node|akshare@1.18.97|stock_margin_detail_sse,2026-09-17,,2026-09-26T09:35:23.466866+00:00,2026-09-18,CONSERVATIVE_T1,margin_sse,600826,False
2026-09-17,AGGREGATOR|research-node|akshare@1.18.97|stock_margin_detail_sse,2026-09-17,,2026-09-26T09:35:23.466866+00:00,2026-09-18,CONSERVATIVE_T1,margin_sse,600846,False
2026-09-17,AGGREGATOR|research-node|akshare@1.18.97|stock_margin_detail_sse,2026-09-17,,2026-09-26T09:35:23.466866+00:00,2026-09-18,CONSERVATIVE_T1,margin_sse,600928,False
2026-09-17,AGGREGATOR|research-node|akshare@1.18.97|stock_margin_detail_sse,2026-09-17,,2026-09-26T09:35:23.466866+00:00,2026-09-18,CONSERVATIVE_T1,margin_sse,600977,False
2026-09-17,AGGREGATOR|research-node|akshare@1.18.97|stock_margin_detail_sse,2026-09-17,,2026-09-26T09:35:23.466866+00:00,2026-09-18,CONSERVATIVE_T1,margin_sse,601098,False
2026-09-17,AGGREGATOR|research-node|akshare@1.18.97|stock_margin_detail_sse,2026-09-17,,2026-09-26T09:35:23.466866+00:00,2026-09-18,CONSERVATIVE_T1,margin_sse,601111,False
2026-09-17,AGGREGATOR|research-node|akshare@1.18.97|stock_margin_detail_sse,2026-09-17,,2026-09-26T09:35:23.466866+00:00,2026-09-18,CONSERVATIVE_T1,margin_sse,601298,False
2026-09-17,AGGREGATOR|research-node|akshare@1.18.97|stock_margin_detail_sse,2026-09-17,,2026-09-26T09:35:23.466866+00:00,2026-09-18,CONSERVATIVE_T1,margin_sse,601328,False
2026-09-17,AGGREGATOR|research-node|akshare@1.18.97|stock_margin_detail_sse,2026-09-17,,2026-09-26T09:35:23.466866+00:00,2026-09-18,CONSERVATIVE_T1,margin_sse,601869,False
2026-09-17,AGGREGATOR|research-node|akshare@1.18.97|stock_margin_detail_sse,2026-09-17,,2026-09-26T09:35:23.466866+00:00,2026-09-18,CONSERVATIVE_T1,margin_sse,601900,False
2026-09-17,AGGREGATOR|research-node|akshare@1.18.97|stock_margin_detail_sse,2026-09-17,,2026-09-26T09:35:23.466866+00:00,2026-09-18,CONSERVATIVE_T1,margin_sse,601963,False
2026-09-17,AGGREGATOR|research-node|akshare@1.18.97|stock_margin_detail_sse,2026-09-17,,2026-09-26T09:35:23.466866+00:00,2026-09-18,CONSERVATIVE_T1,margin_sse,601985,False
2026-09-17,AGGREGATOR|research-node|akshare@1.18.97|stock_margin_detail_sse,2026-09-17,,2026-09-26T09:35:23.466866+00:00,2026-09-18,CONSERVATIVE_T1,margin_sse,601988,False
2026-09-17,AGGREGATOR|research-node|akshare@1.18.97|stock_margin_detail_sse,2026-09-17,,2026-09-26T09:35:23.466866+00:00,2026-09-18,CONSERVATIVE_T1,margin_sse,601992,False
2026-09-17,AGGREGATOR|research-node|akshare@1.18.97|stock_margin_detail_sse,2026-09-17,,2026-09-26T09:35:23.466866+00:00,2026-09-18,CONSERVATIVE_T1,margin_sse,603618,False
2026-09-17,AGGREGATOR|research-node|akshare@1.18.97|stock_margin_detail_sse,2026-09-17,,2026-09-26T09:35:23.466866+00:00,2026-09-18,CONSERVATIVE_T1,margin_sse,603667,False
2026-09-17,AGGREGATOR|research-node|akshare@1.18.97|stock_margin_detail_sse,2026-09-17,,2026-09-26T09:35:23.466866+00:00,2026-09-18,CONSERVATIVE_T1,margin_sse,603686,False
2026-09-17,AGGREGATOR|research-node|akshare@1.18.97|stock_margin_detail_sse,2026-09-17,,2026-09-26T09:35:23.466866+00:00,2026-09-18,CONSERVATIVE_T1,margin_sse,688088,False
2026-09-17,AGGREGATOR|research-node|akshare@1.18.97|stock_margin_detail_sse,2026-09-17,,2026-09-26T09:35:23.466866+00:00,2026-09-18,CONSERVATIVE_T1,margin_sse,688116,False
2026-09-17,AGGREGATOR|research-node|akshare@1.18.97|stock_margin_detail_sse,2026-09-17,,2026-09-26T09:35:23.466866+00:00,2026-09-18,CONSERVATIVE_T1,margin_sse,688218,False
2026-09-17,AGGREGATOR|research-node|akshare@1.18.97|stock_margin_detail_sse,2026-09-17,,2026-09-26T09:35:23.466866+00:00,2026-09-18,CONSERVATIVE_T1,margin_sse,688498,False
2026-09-17,AGGREGATOR|research-node|akshare@1.18.97|stock_margin_detail_sse,2026-09-17,,2026-09-26T09:35:23.466866+00:00,2026-09-18,CONSERVATIVE_T1,margin_sse,688521,False
2026-07-01,AGGREGATOR|research-node|akshare@1.18.97|stock_margin_detail_szse,,,2026-09-26T09:35:26.047271+00:00,2026-07-02,CONSERVATIVE_T1,margin_szse,000089,False
2026-07-01,AGGREGATOR|research-node|akshare@1.18.97|stock_margin_detail_szse,,,2026-09-26T09:35:26.047271+00:00,2026-07-02,CONSERVATIVE_T1,margin_szse,000539,False
2026-07-01,AGGREGATOR|research-node|akshare@1.18.97|stock_margin_detail_szse,,,2026-09-26T09:35:26.047271+00:00,2026-07-02,CONSERVATIVE_T1,margin_szse,000557,False
2026-07-01,AGGREGATOR|research-node|akshare@1.18.97|stock_margin_detail_szse,,,2026-09-26T09:35:26.047271+00:00,2026-07-02,CONSERVATIVE_T1,margin_szse,000603,False
2026-07-01,AGGREGATOR|research-node|akshare@1.18.97|stock_margin_detail_szse,,,2026-09-26T09:35:26.047271+00:00,2026-07-02,CONSERVATIVE_T1,margin_szse,000628,False
2026-07-01,AGGREGATOR|research-node|akshare@1.18.97|stock_margin_detail_szse,,,2026-09-26T09:35:26.047271+00:00,2026-07-02,CONSERVATIVE_T1,margin_szse,000685,False
2026-07-01,AGGREGATOR|research-node|akshare@1.18.97|stock_margin_detail_szse,,,2026-09-26T09:35:26.047271+00:00,2026-07-02,CONSERVATIVE_T1,margin_szse,000709,False
2026-07-01,AGGREGATOR|research-node|akshare@1.18.97|stock_margin_detail_szse,,,2026-09-26T09:35:26.047271+00:00,2026-07-02,CONSERVATIVE_T1,margin_szse,000750,False
2026-07-01,AGGREGATOR|research-node|akshare@1.18.97|stock_margin_detail_szse,,,2026-09-26T09:35:26.047271+00:00,2026-07-02,CONSERVATIVE_T1,margin_szse,000783,False
2026-07-01,AGGREGATOR|research-node|akshare@1.18.97|stock_margin_detail_szse,,,2026-09-26T09:35:26.047271+00:00,2026-07-02,CONSERVATIVE_T1,margin_szse,000825,True
2026-07-01,AGGREGATOR|research-node|akshare@1.18.97|stock_margin_detail_szse,,,2026-09-26T09:35:26.047271+00:00,2026-07-02,CONSERVATIVE_T1,margin_szse,002160,False
2026-07-01,AGGREGATOR|research-node|akshare@1.18.97|stock_margin_detail_szse,,,2026-09-26T09:35:26.047271+00:00,2026-07-02,CONSERVATIVE_T1,margin_szse,002185,False
2026-07-01,AGGREGATOR|research-node|akshare@1.18.97|stock_margin_detail_szse,,,2026-09-26T09:35:26.047271+00:00,2026-07-02,CONSERVATIVE_T1,margin_szse,002354,False
2026-07-01,AGGREGATOR|research-node|akshare@1.18.97|stock_margin_detail_szse,,,2026-09-26T09:35:26.047271+00:00,2026-07-02,CONSERVATIVE_T1,margin_szse,002440,False
2026-07-01,AGGREGATOR|research-node|akshare@1.18.97|stock_margin_detail_szse,,,2026-09-26T09:35:26.047271+00:00,2026-07-02,CONSERVATIVE_T1,margin_szse,002471,False
2026-07-01,AGGREGATOR|research-node|akshare@1.18.97|stock_margin_detail_szse,,,2026-09-26T09:35:26.047271+00:00,2026-07-02,CONSERVATIVE_T1,margin_szse,002497,False
2026-07-01,AGGREGATOR|research-node|akshare@1.18.97|stock_margin_detail_szse,,,2026-09-26T09:35:26.047271+00:00,2026-07-02,CONSERVATIVE_T1,margin_szse,002574,False
2026-07-01,AGGREGATOR|research-node|akshare@1.18.97|stock_margin_detail_szse,,,2026-09-26T09:35:26.047271+00:00,2026-07-02,CONSERVATIVE_T1,margin_szse,002695,False
2026-07-01,AGGREGATOR|research-node|akshare@1.18.97|stock_margin_detail_szse,,,2026-09-26T09:35:26.047271+00:00,2026-07-02,CONSERVATIVE_T1,margin_szse,002736,False
2026-07-01,AGGREGATOR|research-node|akshare@1.18.97|stock_margin_detail_szse,,,2026-09-26T09:35:26.047271+00:00,2026-07-02,CONSERVATIVE_T1,margin_szse,300059,False
2026-07-01,AGGREGATOR|research-node|akshare@1.18.97|stock_margin_detail_szse,,,2026-09-26T09:35:26.047271+00:00,2026-07-02,CONSERVATIVE_T1,margin_szse,300094,True
2026-07-01,AGGREGATOR|research-node|akshare@1.18.97|stock_margin_detail_szse,,,2026-09-26T09:35:26.047271+00:00,2026-07-02,CONSERVATIVE_T1,margin_szse,300199,False
2026-07-01,AGGREGATOR|research-node|akshare@1.18.97|stock_margin_detail_szse,,,2026-09-26T09:35:26.047271+00:00,2026-07-02,CONSERVATIVE_T1,margin_szse,300342,False
2026-07-01,AGGREGATOR|research-node|akshare@1.18.97|stock_margin_detail_szse,,,2026-09-26T09:35:26.047271+00:00,2026-07-02,CONSERVATIVE_T1,margin_szse,300921,False
2026-07-01,AGGREGATOR|research-node|akshare@1.18.97|stock_margin_detail_szse,,,2026-09-26T09:35:26.047271+00:00,2026-07-02,CONSERVATIVE_T1,margin_szse,300946,True
2026-07-01,AGGREGATOR|research-node|akshare@1.18.97|stock_margin_detail_szse,,,2026-09-26T09:35:26.047271+00:00,2026-07-02,CONSERVATIVE_T1,margin_szse,300977,False
2026-07-01,AGGREGATOR|research-node|akshare@1.18.97|stock_margin_detail_szse,,,2026-09-26T09:35:26.047271+00:00,2026-07-02,CONSERVATIVE_T1,margin_szse,301010,False
2026-07-01,AGGREGATOR|research-node|akshare@1.18.97|stock_margin_detail_szse,,,2026-09-26T09:35:26.047271+00:00,2026-07-02,CONSERVATIVE_T1,margin_szse,301231,False
2026-07-01,AGGREGATOR|research-node|akshare@1.18.97|stock_margin_detail_szse,,,2026-09-26T09:35:26.047271+00:00,2026-07-02,CONSERVATIVE_T1,margin_szse,301297,False
2026-07-01,AGGREGATOR|research-node|akshare@1.18.97|stock_margin_detail_szse,,,2026-09-26T09:35:26.047271+00:00,2026-07-02,CONSERVATIVE_T1,margin_szse,301353,False
2026-07-01,AGGREGATOR|research-node|akshare@1.18.97|stock_margin_detail_szse,,,2026-09-26T09:35:26.047271+00:00,2026-07-02,CONSERVATIVE_T1,margin_szse,301357,True
2026-07-01,AGGREGATOR|research-node|akshare@1.18.97|stock_margin_detail_szse,,,2026-09-26T09:35:26.047271+00:00,2026-07-02,CONSERVATIVE_T1,margin_szse,301503,False
2026-07-02,AGGREGATOR|research-node|akshare@1.18.97|stock_margin_detail_szse,,,2026-09-26T09:35:28.471950+00:00,2026-07-03,CONSERVATIVE_T1,margin_szse,000089,False
2026-07-02,AGGREGATOR|research-node|akshare@1.18.97|stock_margin_detail_szse,,,2026-09-26T09:35:28.471950+00:00,2026-07-03,CONSERVATIVE_T1,margin_szse,000539,False
2026-07-02,AGGREGATOR|research-node|akshare@1.18.97|stock_margin_detail_szse,,,2026-09-26T09:35:28.471950+00:00,2026-07-03,CONSERVATIVE_T1,margin_szse,000557,False
2026-07-02,AGGREGATOR|research-node|akshare@1.18.97|stock_margin_detail_szse,,,2026-09-26T09:35:28.471950+00:00,2026-07-03,CONSERVATIVE_T1,margin_szse,000603,False
2026-07-02,AGGREGATOR|research-node|akshare@1.18.97|stock_margin_detail_szse,,,2026-09-26T09:35:28.471950+00:00,2026-07-03,CONSERVATIVE_T1,margin_szse,000628,False
2026-07-02,AGGREGATOR|research-node|akshare@1.18.97|stock_margin_detail_szse,,,2026-09-26T09:35:28.471950+00:00,2026-07-03,CONSERVATIVE_T1,margin_szse,000685,False
2026-07-02,AGGREGATOR|research-node|akshare@1.18.97|stock_margin_detail_szse,,,2026-09-26T09:35:28.471950+00:00,2026-07-03,CONSERVATIVE_T1,margin_szse,000709,False
2026-07-02,AGGREGATOR|research-node|akshare@1.18.97|stock_margin_detail_szse,,,2026-09-26T09:35:28.471950+00:00,2026-07-03,CONSERVATIVE_T1,margin_szse,000750,False
2026-07-02,AGGREGATOR|research-node|akshare@1.18.97|stock_margin_detail_szse,,,2026-09-26T09:35:28.471950+00:00,2026-07-03,CONSERVATIVE_T1,margin_szse,000783,False
2026-07-02,AGGREGATOR|research-node|akshare@1.18.97|stock_margin_detail_szse,,,2026-09-26T09:35:28.471950+00:00,2026-07-03,CONSERVATIVE_T1,margin_szse,000825,True
2026-07-02,AGGREGATOR|research-node|akshare@1.18.97|stock_margin_detail_szse,,,2026-09-26T09:35:28.471950+00:00,2026-07-03,CONSERVATIVE_T1,margin_szse,002160,False
2026-07-02,AGGREGATOR|research-node|akshare@1.18.97|stock_margin_detail_szse,,,2026-09-26T09:35:28.471950+00:00,2026-07-03,CONSERVATIVE_T1,margin_szse,002185,False
2026-07-02,AGGREGATOR|research-node|akshare@1.18.97|stock_margin_detail_szse,,,2026-09-26T09:35:28.471950+00:00,2026-07-03,CONSERVATIVE_T1,margin_szse,002354,False
2026-07-02,AGGREGATOR|research-node|akshare@1.18.97|stock_margin_detail_szse,,,2026-09-26T09:35:28.471950+00:00,2026-07-03,CONSERVATIVE_T1,margin_szse,002440,False
2026-07-02,AGGREGATOR|research-node|akshare@1.18.97|stock_margin_detail_szse,,,2026-09-26T09:35:28.471950+00:00,2026-07-03,CONSERVATIVE_T1,margin_szse,002471,False
2026-07-02,AGGREGATOR|research-node|akshare@1.18.97|stock_margin_detail_szse,,,2026-09-26T09:35:28.471950+00:00,2026-07-03,CONSERVATIVE_T1,margin_szse,002497,False
2026-07-02,AGGREGATOR|research-node|akshare@1.18.97|stock_margin_detail_szse,,,2026-09-26T09:35:28.471950+00:00,2026-07-03,CONSERVATIVE_T1,margin_szse,002574,False
2026-07-02,AGGREGATOR|research-node|akshare@1.18.97|stock_margin_detail_szse,,,2026-09-26T09:35:28.471950+00:00,2026-07-03,CONSERVATIVE_T1,margin_szse,002695,False
2026-07-02,AGGREGATOR|research-node|akshare@1.18.97|stock_margin_detail_szse,,,2026-09-26T09:35:28.471950+00:00,2026-07-03,CONSERVATIVE_T1,margin_szse,002736,False
2026-07-02,AGGREGATOR|research-node|akshare@1.18.97|stock_margin_detail_szse,,,2026-09-26T09:35:28.471950+00:00,2026-07-03,CONSERVATIVE_T1,margin_szse,300059,False
2026-07-02,AGGREGATOR|research-node|akshare@1.18.97|stock_margin_detail_szse,,,2026-09-26T09:35:28.471950+00:00,2026-07-03,CONSERVATIVE_T1,margin_szse,300094,True
2026-07-02,AGGREGATOR|research-node|akshare@1.18.97|stock_margin_detail_szse,,,2026-09-26T09:35:28.471950+00:00,2026-07-03,CONSERVATIVE_T1,margin_szse,300199,False
2026-07-02,AGGREGATOR|research-node|akshare@1.18.97|stock_margin_detail_szse,,,2026-09-26T09:35:28.471950+00:00,2026-07-03,CONSERVATIVE_T1,margin_szse,300342,False
2026-07-02,AGGREGATOR|research-node|akshare@1.18.97|stock_margin_detail_szse,,,2026-09-26T09:35:28.471950+00:00,2026-07-03,CONSERVATIVE_T1,margin_szse,300921,False
2026-07-02,AGGREGATOR|research-node|akshare@1.18.97|stock_margin_detail_szse,,,2026-09-26T09:35:28.471950+00:00,2026-07-03,CONSERVATIVE_T1,margin_szse,300946,True
2026-07-02,AGGREGATOR|research-node|akshare@1.18.97|stock_margin_detail_szse,,,2026-09-26T09:35:28.471950+00:00,2026-07-03,CONSERVATIVE_T1,margin_szse,300977,False
2026-07-02,AGGREGATOR|research-node|akshare@1.18.97|stock_margin_detail_szse,,,2026-09-26T09:35:28.471950+00:00,2026-07-03,CONSERVATIVE_T1,margin_szse,301010,False
2026-07-02,AGGREGATOR|research-node|akshare@1.18.97|stock_margin_detail_szse,,,2026-09-26T09:35:28.471950+00:00,2026-07-03,CONSERVATIVE_T1,margin_szse,301231,False
2026-07-02,AGGREGATOR|research-node|akshare@1.18.97|stock_margin_detail_szse,,,2026-09-26T09:35:28.471950+00:00,2026-07-03,CONSERVATIVE_T1,margin_szse,301297,False
2026-07-02,AGGREGATOR|research-node|akshare@1.18.97|stock_margin_detail_szse,,,2026-09-26T09:35:28.471950+00:00,2026-07-03,CONSERVATIVE_T1,margin_szse,301353,False
2026-07-02,AGGREGATOR|research-node|akshare@1.18.97|stock_margin_detail_szse,,,2026-09-26T09:35:28.471950+00:00,2026-07-03,CONSERVATIVE_T1,margin_szse,301357,True
2026-07-02,AGGREGATOR|research-node|akshare@1.18.97|stock_margin_detail_szse,,,2026-09-26T09:35:28.471950+00:00,2026-07-03,CONSERVATIVE_T1,margin_szse,301503,False
2026-07-03,AGGREGATOR|research-node|akshare@1.18.97|stock_margin_detail_szse,,,2026-09-26T09:35:30.899652+00:00,2026-07-06,CONSERVATIVE_T1,margin_szse,000089,False
2026-07-03,AGGREGATOR|research-node|akshare@1.18.97|stock_margin_detail_szse,,,2026-09-26T09:35:30.899652+00:00,2026-07-06,CONSERVATIVE_T1,margin_szse,000539,False
2026-07-03,AGGREGATOR|research-node|akshare@1.18.97|stock_margin_detail_szse,,,2026-09-26T09:35:30.899652+00:00,2026-07-06,CONSERVATIVE_T1,margin_szse,000557,False
2026-07-03,AGGREGATOR|research-node|akshare@1.18.97|stock_margin_detail_szse,,,2026-09-26T09:35:30.899652+00:00,2026-07-06,CONSERVATIVE_T1,margin_szse,000603,False
2026-07-03,AGGREGATOR|research-node|akshare@1.18.97|stock_margin_detail_szse,,,2026-09-26T09:35:30.899652+00:00,2026-07-06,CONSERVATIVE_T1,margin_szse,000628,False
2026-07-03,AGGREGATOR|research-node|akshare@1.18.97|stock_margin_detail_szse,,,2026-09-26T09:35:30.899652+00:00,2026-07-06,CONSERVATIVE_T1,margin_szse,000685,False
2026-07-03,AGGREGATOR|research-node|akshare@1.18.97|stock_margin_detail_szse,,,2026-09-26T09:35:30.899652+00:00,2026-07-06,CONSERVATIVE_T1,margin_szse,000709,False
2026-07-03,AGGREGATOR|research-node|akshare@1.18.97|stock_margin_detail_szse,,,2026-09-26T09:35:30.899652+00:00,2026-07-06,CONSERVATIVE_T1,margin_szse,000750,False
2026-07-03,AGGREGATOR|research-node|akshare@1.18.97|stock_margin_detail_szse,,,2026-09-26T09:35:30.899652+00:00,2026-07-06,CONSERVATIVE_T1,margin_szse,000783,False
2026-07-03,AGGREGATOR|research-node|akshare@1.18.97|stock_margin_detail_szse,,,2026-09-26T09:35:30.899652+00:00,2026-07-06,CONSERVATIVE_T1,margin_szse,000825,True
2026-07-03,AGGREGATOR|research-node|akshare@1.18.97|stock_margin_detail_szse,,,2026-09-26T09:35:30.899652+00:00,2026-07-06,CONSERVATIVE_T1,margin_szse,002160,False
2026-07-03,AGGREGATOR|research-node|akshare@1.18.97|stock_margin_detail_szse,,,2026-09-26T09:35:30.899652+00:00,2026-07-06,CONSERVATIVE_T1,margin_szse,002185,False
2026-07-03,AGGREGATOR|research-node|akshare@1.18.97|stock_margin_detail_szse,,,2026-09-26T09:35:30.899652+00:00,2026-07-06,CONSERVATIVE_T1,margin_szse,002354,False
2026-07-03,AGGREGATOR|research-node|akshare@1.18.97|stock_margin_detail_szse,,,2026-09-26T09:35:30.899652+00:00,2026-07-06,CONSERVATIVE_T1,margin_szse,002440,False
2026-07-03,AGGREGATOR|research-node|akshare@1.18.97|stock_margin_detail_szse,,,2026-09-26T09:35:30.899652+00:00,2026-07-06,CONSERVATIVE_T1,margin_szse,002471,False
2026-07-03,AGGREGATOR|research-node|akshare@1.18.97|stock_margin_detail_szse,,,2026-09-26T09:35:30.899652+00:00,2026-07-06,CONSERVATIVE_T1,margin_szse,002497,False
2026-07-03,AGGREGATOR|research-node|akshare@1.18.97|stock_margin_detail_szse,,,2026-09-26T09:35:30.899652+00:00,2026-07-06,CONSERVATIVE_T1,margin_szse,002574,False
2026-07-03,AGGREGATOR|research-node|akshare@1.18.97|stock_margin_detail_szse,,,2026-09-26T09:35:30.899652+00:00,2026-07-06,CONSERVATIVE_T1,margin_szse,002695,False
2026-07-03,AGGREGATOR|research-node|akshare@1.18.97|stock_margin_detail_szse,,,2026-09-26T09:35:30.899652+00:00,2026-07-06,CONSERVATIVE_T1,margin_szse,002736,False
2026-07-03,AGGREGATOR|research-node|akshare@1.18.97|stock_margin_detail_szse,,,2026-09-26T09:35:30.899652+00:00,2026-07-06,CONSERVATIVE_T1,margin_szse,300059,False
2026-07-03,AGGREGATOR|research-node|akshare@1.18.97|stock_margin_detail_szse,,,2026-09-26T09:35:30.899652+00:00,2026-07-06,CONSERVATIVE_T1,margin_szse,300094,True
2026-07-03,AGGREGATOR|research-node|akshare@1.18.97|stock_margin_detail_szse,,,2026-09-26T09:35:30.899652+00:00,2026-07-06,CONSERVATIVE_T1,margin_szse,300199,False
2026-07-03,AGGREGATOR|research-node|akshare@1.18.97|stock_margin_detail_szse,,,2026-09-26T09:35:30.899652+00:00,2026-07-06,CONSERVATIVE_T1,margin_szse,300342,False
2026-07-03,AGGREGATOR|research-node|akshare@1.18.97|stock_margin_detail_szse,,,2026-09-26T09:35:30.899652+00:00,2026-07-06,CONSERVATIVE_T1,margin_szse,300921,False
2026-07-03,AGGREGATOR|research-node|akshare@1.18.97|stock_margin_detail_szse,,,2026-09-26T09:35:30.899652+00:00,2026-07-06,CONSERVATIVE_T1,margin_szse,300946,True
2026-07-03,AGGREGATOR|research-node|akshare@1.18.97|stock_margin_detail_szse,,,2026-09-26T09:35:30.899652+00:00,2026-07-06,CONSERVATIVE_T1,margin_szse,300977,False
2026-07-03,AGGREGATOR|research-node|akshare@1.18.97|stock_margin_detail_szse,,,2026-09-26T09:35:30.899652+00:00,2026-07-06,CONSERVATIVE_T1,margin_szse,301010,False
2026-07-03,AGGREGATOR|research-node|akshare@1.18.97|stock_margin_detail_szse,,,2026-09-26T09:35:30.899652+00:00,2026-07-06,CONSERVATIVE_T1,margin_szse,301231,False
2026-07-03,AGGREGATOR|research-node|akshare@1.18.97|stock_margin_detail_szse,,,2026-09-26T09:35:30.899652+00:00,2026-07-06,CONSERVATIVE_T1,margin_szse,301297,False
2026-07-03,AGGREGATOR|research-node|akshare@1.18.97|stock_margin_detail_szse,,,2026-09-26T09:35:30.899652+00:00,2026-07-06,CONSERVATIVE_T1,margin_szse,301353,False
2026-07-03,AGGREGATOR|research-node|akshare@1.18.97|stock_margin_detail_szse,,,2026-09-26T09:35:30.899652+00:00,2026-07-06,CONSERVATIVE_T1,margin_szse,301357,True
2026-07-03,AGGREGATOR|research-node|akshare@1.18.97|stock_margin_detail_szse,,,2026-09-26T09:35:30.899652+00:00,2026-07-06,CONSERVATIVE_T1,margin_szse,301503,False
2026-07-06,AGGREGATOR|research-node|akshare@1.18.97|stock_margin_detail_szse,,,2026-09-26T09:35:33.290264+00:00,2026-07-07,CONSERVATIVE_T1,margin_szse,000089,False
2026-07-06,AGGREGATOR|research-node|akshare@1.18.97|stock_margin_detail_szse,,,2026-09-26T09:35:33.290264+00:00,2026-07-07,CONSERVATIVE_T1,margin_szse,000539,False
2026-07-06,AGGREGATOR|research-node|akshare@1.18.97|stock_margin_detail_szse,,,2026-09-26T09:35:33.290264+00:00,2026-07-07,CONSERVATIVE_T1,margin_szse,000557,False
2026-07-06,AGGREGATOR|research-node|akshare@1.18.97|stock_margin_detail_szse,,,2026-09-26T09:35:33.290264+00:00,2026-07-07,CONSERVATIVE_T1,margin_szse,000603,False
2026-07-06,AGGREGATOR|research-node|akshare@1.18.97|stock_margin_detail_szse,,,2026-09-26T09:35:33.290264+00:00,2026-07-07,CONSERVATIVE_T1,margin_szse,000628,False
2026-07-06,AGGREGATOR|research-node|akshare@1.18.97|stock_margin_detail_szse,,,2026-09-26T09:35:33.290264+00:00,2026-07-07,CONSERVATIVE_T1,margin_szse,000685,False
2026-07-06,AGGREGATOR|research-node|akshare@1.18.97|stock_margin_detail_szse,,,2026-09-26T09:35:33.290264+00:00,2026-07-07,CONSERVATIVE_T1,margin_szse,000709,False
2026-07-06,AGGREGATOR|research-node|akshare@1.18.97|stock_margin_detail_szse,,,2026-09-26T09:35:33.290264+00:00,2026-07-07,CONSERVATIVE_T1,margin_szse,000750,False
2026-07-06,AGGREGATOR|research-node|akshare@1.18.97|stock_margin_detail_szse,,,2026-09-26T09:35:33.290264+00:00,2026-07-07,CONSERVATIVE_T1,margin_szse,000783,False
2026-07-06,AGGREGATOR|research-node|akshare@1.18.97|stock_margin_detail_szse,,,2026-09-26T09:35:33.290264+00:00,2026-07-07,CONSERVATIVE_T1,margin_szse,000825,True
2026-07-06,AGGREGATOR|research-node|akshare@1.18.97|stock_margin_detail_szse,,,2026-09-26T09:35:33.290264+00:00,2026-07-07,CONSERVATIVE_T1,margin_szse,002160,False
2026-07-06,AGGREGATOR|research-node|akshare@1.18.97|stock_margin_detail_szse,,,2026-09-26T09:35:33.290264+00:00,2026-07-07,CONSERVATIVE_T1,margin_szse,002185,False
2026-07-06,AGGREGATOR|research-node|akshare@1.18.97|stock_margin_detail_szse,,,2026-09-26T09:35:33.290264+00:00,2026-07-07,CONSERVATIVE_T1,margin_szse,002354,False
2026-07-06,AGGREGATOR|research-node|akshare@1.18.97|stock_margin_detail_szse,,,2026-09-26T09:35:33.290264+00:00,2026-07-07,CONSERVATIVE_T1,margin_szse,002440,False
2026-07-06,AGGREGATOR|research-node|akshare@1.18.97|stock_margin_detail_szse,,,2026-09-26T09:35:33.290264+00:00,2026-07-07,CONSERVATIVE_T1,margin_szse,002471,False
2026-07-06,AGGREGATOR|research-node|akshare@1.18.97|stock_margin_detail_szse,,,2026-09-26T09:35:33.290264+00:00,2026-07-07,CONSERVATIVE_T1,margin_szse,002497,False
2026-07-06,AGGREGATOR|research-node|akshare@1.18.97|stock_margin_detail_szse,,,2026-09-26T09:35:33.290264+00:00,2026-07-07,CONSERVATIVE_T1,margin_szse,002574,False
2026-07-06,AGGREGATOR|research-node|akshare@1.18.97|stock_margin_detail_szse,,,2026-09-26T09:35:33.290264+00:00,2026-07-07,CONSERVATIVE_T1,margin_szse,002695,False
2026-07-06,AGGREGATOR|research-node|akshare@1.18.97|stock_margin_detail_szse,,,2026-09-26T09:35:33.290264+00:00,2026-07-07,CONSERVATIVE_T1,margin_szse,002736,False
2026-07-06,AGGREGATOR|research-node|akshare@1.18.97|stock_margin_detail_szse,,,2026-09-26T09:35:33.290264+00:00,2026-07-07,CONSERVATIVE_T1,margin_szse,300059,False
2026-07-06,AGGREGATOR|research-node|akshare@1.18.97|stock_margin_detail_szse,,,2026-09-26T09:35:33.290264+00:00,2026-07-07,CONSERVATIVE_T1,margin_szse,300094,True
2026-07-06,AGGREGATOR|research-node|akshare@1.18.97|stock_margin_detail_szse,,,2026-09-26T09:35:33.290264+00:00,2026-07-07,CONSERVATIVE_T1,margin_szse,300199,False
2026-07-06,AGGREGATOR|research-node|akshare@1.18.97|stock_margin_detail_szse,,,2026-09-26T09:35:33.290264+00:00,2026-07-07,CONSERVATIVE_T1,margin_szse,300342,False
2026-07-06,AGGREGATOR|research-node|akshare@1.18.97|stock_margin_detail_szse,,,2026-09-26T09:35:33.290264+00:00,2026-07-07,CONSERVATIVE_T1,margin_szse,300921,False
2026-07-06,AGGREGATOR|research-node|akshare@1.18.97|stock_margin_detail_szse,,,2026-09-26T09:35:33.290264+00:00,2026-07-07,CONSERVATIVE_T1,margin_szse,300946,True
2026-07-06,AGGREGATOR|research-node|akshare@1.18.97|stock_margin_detail_szse,,,2026-09-26T09:35:33.290264+00:00,2026-07-07,CONSERVATIVE_T1,margin_szse,300977,False
2026-07-06,AGGREGATOR|research-node|akshare@1.18.97|stock_margin_detail_szse,,,2026-09-26T09:35:33.290264+00:00,2026-07-07,CONSERVATIVE_T1,margin_szse,301010,False
2026-07-06,AGGREGATOR|research-node|akshare@1.18.97|stock_margin_detail_szse,,,2026-09-26T09:35:33.290264+00:00,2026-07-07,CONSERVATIVE_T1,margin_szse,301231,False
2026-07-06,AGGREGATOR|research-node|akshare@1.18.97|stock_margin_detail_szse,,,2026-09-26T09:35:33.290264+00:00,2026-07-07,CONSERVATIVE_T1,margin_szse,301297,False
2026-07-06,AGGREGATOR|research-node|akshare@1.18.97|stock_margin_detail_szse,,,2026-09-26T09:35:33.290264+00:00,2026-07-07,CONSERVATIVE_T1,margin_szse,301353,False
2026-07-06,AGGREGATOR|research-node|akshare@1.18.97|stock_margin_detail_szse,,,2026-09-26T09:35:33.290264+00:00,2026-07-07,CONSERVATIVE_T1,margin_szse,301357,True
2026-07-06,AGGREGATOR|research-node|akshare@1.18.97|stock_margin_detail_szse,,,2026-09-26T09:35:33.290264+00:00,2026-07-07,CONSERVATIVE_T1,margin_szse,301503,False
2026-07-07,AGGREGATOR|research-node|akshare@1.18.97|stock_margin_detail_szse,,,2026-09-26T09:35:35.721250+00:00,2026-07-08,CONSERVATIVE_T1,margin_szse,000089,False
2026-07-07,AGGREGATOR|research-node|akshare@1.18.97|stock_margin_detail_szse,,,2026-09-26T09:35:35.721250+00:00,2026-07-08,CONSERVATIVE_T1,margin_szse,000539,False
2026-07-07,AGGREGATOR|research-node|akshare@1.18.97|stock_margin_detail_szse,,,2026-09-26T09:35:35.721250+00:00,2026-07-08,CONSERVATIVE_T1,margin_szse,000557,False
2026-07-07,AGGREGATOR|research-node|akshare@1.18.97|stock_margin_detail_szse,,,2026-09-26T09:35:35.721250+00:00,2026-07-08,CONSERVATIVE_T1,margin_szse,000603,False
2026-07-07,AGGREGATOR|research-node|akshare@1.18.97|stock_margin_detail_szse,,,2026-09-26T09:35:35.721250+00:00,2026-07-08,CONSERVATIVE_T1,margin_szse,000628,False
2026-07-07,AGGREGATOR|research-node|akshare@1.18.97|stock_margin_detail_szse,,,2026-09-26T09:35:35.721250+00:00,2026-07-08,CONSERVATIVE_T1,margin_szse,000685,False
2026-07-07,AGGREGATOR|research-node|akshare@1.18.97|stock_margin_detail_szse,,,2026-09-26T09:35:35.721250+00:00,2026-07-08,CONSERVATIVE_T1,margin_szse,000709,False
2026-07-07,AGGREGATOR|research-node|akshare@1.18.97|stock_margin_detail_szse,,,2026-09-26T09:35:35.721250+00:00,2026-07-08,CONSERVATIVE_T1,margin_szse,000750,False
2026-07-07,AGGREGATOR|research-node|akshare@1.18.97|stock_margin_detail_szse,,,2026-09-26T09:35:35.721250+00:00,2026-07-08,CONSERVATIVE_T1,margin_szse,000783,False
2026-07-07,AGGREGATOR|research-node|akshare@1.18.97|stock_margin_detail_szse,,,2026-09-26T09:35:35.721250+00:00,2026-07-08,CONSERVATIVE_T1,margin_szse,000825,True
2026-07-07,AGGREGATOR|research-node|akshare@1.18.97|stock_margin_detail_szse,,,2026-09-26T09:35:35.721250+00:00,2026-07-08,CONSERVATIVE_T1,margin_szse,002160,False
2026-07-07,AGGREGATOR|research-node|akshare@1.18.97|stock_margin_detail_szse,,,2026-09-26T09:35:35.721250+00:00,2026-07-08,CONSERVATIVE_T1,margin_szse,002185,False
2026-07-07,AGGREGATOR|research-node|akshare@1.18.97|stock_margin_detail_szse,,,2026-09-26T09:35:35.721250+00:00,2026-07-08,CONSERVATIVE_T1,margin_szse,002354,False
2026-07-07,AGGREGATOR|research-node|akshare@1.18.97|stock_margin_detail_szse,,,2026-09-26T09:35:35.721250+00:00,2026-07-08,CONSERVATIVE_T1,margin_szse,002440,False
2026-07-07,AGGREGATOR|research-node|akshare@1.18.97|stock_margin_detail_szse,,,2026-09-26T09:35:35.721250+00:00,2026-07-08,CONSERVATIVE_T1,margin_szse,002471,False
2026-07-07,AGGREGATOR|research-node|akshare@1.18.97|stock_margin_detail_szse,,,2026-09-26T09:35:35.721250+00:00,2026-07-08,CONSERVATIVE_T1,margin_szse,002497,False
2026-07-07,AGGREGATOR|research-node|akshare@1.18.97|stock_margin_detail_szse,,,2026-09-26T09:35:35.721250+00:00,2026-07-08,CONSERVATIVE_T1,margin_szse,002574,False
2026-07-07,AGGREGATOR|research-node|akshare@1.18.97|stock_margin_detail_szse,,,2026-09-26T09:35:35.721250+00:00,2026-07-08,CONSERVATIVE_T1,margin_szse,002695,False
2026-07-07,AGGREGATOR|research-node|akshare@1.18.97|stock_margin_detail_szse,,,2026-09-26T09:35:35.721250+00:00,2026-07-08,CONSERVATIVE_T1,margin_szse,002736,False
2026-07-07,AGGREGATOR|research-node|akshare@1.18.97|stock_margin_detail_szse,,,2026-09-26T09:35:35.721250+00:00,2026-07-08,CONSERVATIVE_T1,margin_szse,300059,False
2026-07-07,AGGREGATOR|research-node|akshare@1.18.97|stock_margin_detail_szse,,,2026-09-26T09:35:35.721250+00:00,2026-07-08,CONSERVATIVE_T1,margin_szse,300094,True
2026-07-07,AGGREGATOR|research-node|akshare@1.18.97|stock_margin_detail_szse,,,2026-09-26T09:35:35.721250+00:00,2026-07-08,CONSERVATIVE_T1,margin_szse,300199,False
2026-07-07,AGGREGATOR|research-node|akshare@1.18.97|stock_margin_detail_szse,,,2026-09-26T09:35:35.721250+00:00,2026-07-08,CONSERVATIVE_T1,margin_szse,300342,False
2026-07-07,AGGREGATOR|research-node|akshare@1.18.97|stock_margin_detail_szse,,,2026-09-26T09:35:35.721250+00:00,2026-07-08,CONSERVATIVE_T1,margin_szse,300921,False
2026-07-07,AGGREGATOR|research-node|akshare@1.18.97|stock_margin_detail_szse,,,2026-09-26T09:35:35.721250+00:00,2026-07-08,CONSERVATIVE_T1,margin_szse,300946,True
2026-07-07,AGGREGATOR|research-node|akshare@1.18.97|stock_margin_detail_szse,,,2026-09-26T09:35:35.721250+00:00,2026-07-08,CONSERVATIVE_T1,margin_szse,300977,False
2026-07-07,AGGREGATOR|research-node|akshare@1.18.97|stock_margin_detail_szse,,,2026-09-26T09:35:35.721250+00:00,2026-07-08,CONSERVATIVE_T1,margin_szse,301010,False
2026-07-07,AGGREGATOR|research-node|akshare@1.18.97|stock_margin_detail_szse,,,2026-09-26T09:35:35.721250+00:00,2026-07-08,CONSERVATIVE_T1,margin_szse,301231,False
2026-07-07,AGGREGATOR|research-node|akshare@1.18.97|stock_margin_detail_szse,,,2026-09-26T09:35:35.721250+00:00,2026-07-08,CONSERVATIVE_T1,margin_szse,301297,False
2026-07-07,AGGREGATOR|research-node|akshare@1.18.97|stock_margin_detail_szse,,,2026-09-26T09:35:35.721250+00:00,2026-07-08,CONSERVATIVE_T1,margin_szse,301353,False
2026-07-07,AGGREGATOR|research-node|akshare@1.18.97|stock_margin_detail_szse,,,2026-09-26T09:35:35.721250+00:00,2026-07-08,CONSERVATIVE_T1,margin_szse,301357,True
2026-07-07,AGGREGATOR|research-node|akshare@1.18.97|stock_margin_detail_szse,,,2026-09-26T09:35:35.721250+00:00,2026-07-08,CONSERVATIVE_T1,margin_szse,301503,False
2026-07-08,AGGREGATOR|research-node|akshare@1.18.97|stock_margin_detail_szse,,,2026-09-26T09:35:38.162702+00:00,2026-07-09,CONSERVATIVE_T1,margin_szse,000089,False
2026-07-08,AGGREGATOR|research-node|akshare@1.18.97|stock_margin_detail_szse,,,2026-09-26T09:35:38.162702+00:00,2026-07-09,CONSERVATIVE_T1,margin_szse,000539,False
2026-07-08,AGGREGATOR|research-node|akshare@1.18.97|stock_margin_detail_szse,,,2026-09-26T09:35:38.162702+00:00,2026-07-09,CONSERVATIVE_T1,margin_szse,000557,False
2026-07-08,AGGREGATOR|research-node|akshare@1.18.97|stock_margin_detail_szse,,,2026-09-26T09:35:38.162702+00:00,2026-07-09,CONSERVATIVE_T1,margin_szse,000603,False
2026-07-08,AGGREGATOR|research-node|akshare@1.18.97|stock_margin_detail_szse,,,2026-09-26T09:35:38.162702+00:00,2026-07-09,CONSERVATIVE_T1,margin_szse,000628,False
2026-07-08,AGGREGATOR|research-node|akshare@1.18.97|stock_margin_detail_szse,,,2026-09-26T09:35:38.162702+00:00,2026-07-09,CONSERVATIVE_T1,margin_szse,000685,False
2026-07-08,AGGREGATOR|research-node|akshare@1.18.97|stock_margin_detail_szse,,,2026-09-26T09:35:38.162702+00:00,2026-07-09,CONSERVATIVE_T1,margin_szse,000709,False
2026-07-08,AGGREGATOR|research-node|akshare@1.18.97|stock_margin_detail_szse,,,2026-09-26T09:35:38.162702+00:00,2026-07-09,CONSERVATIVE_T1,margin_szse,000750,False
2026-07-08,AGGREGATOR|research-node|akshare@1.18.97|stock_margin_detail_szse,,,2026-09-26T09:35:38.162702+00:00,2026-07-09,CONSERVATIVE_T1,margin_szse,000783,False
2026-07-08,AGGREGATOR|research-node|akshare@1.18.97|stock_margin_detail_szse,,,2026-09-26T09:35:38.162702+00:00,2026-07-09,CONSERVATIVE_T1,margin_szse,000825,True
2026-07-08,AGGREGATOR|research-node|akshare@1.18.97|stock_margin_detail_szse,,,2026-09-26T09:35:38.162702+00:00,2026-07-09,CONSERVATIVE_T1,margin_szse,002160,False
2026-07-08,AGGREGATOR|research-node|akshare@1.18.97|stock_margin_detail_szse,,,2026-09-26T09:35:38.162702+00:00,2026-07-09,CONSERVATIVE_T1,margin_szse,002185,False
2026-07-08,AGGREGATOR|research-node|akshare@1.18.97|stock_margin_detail_szse,,,2026-09-26T09:35:38.162702+00:00,2026-07-09,CONSERVATIVE_T1,margin_szse,002354,False
2026-07-08,AGGREGATOR|research-node|akshare@1.18.97|stock_margin_detail_szse,,,2026-09-26T09:35:38.162702+00:00,2026-07-09,CONSERVATIVE_T1,margin_szse,002440,False
2026-07-08,AGGREGATOR|research-node|akshare@1.18.97|stock_margin_detail_szse,,,2026-09-26T09:35:38.162702+00:00,2026-07-09,CONSERVATIVE_T1,margin_szse,002471,False
2026-07-08,AGGREGATOR|research-node|akshare@1.18.97|stock_margin_detail_szse,,,2026-09-26T09:35:38.162702+00:00,2026-07-09,CONSERVATIVE_T1,margin_szse,002497,False
2026-07-08,AGGREGATOR|research-node|akshare@1.18.97|stock_margin_detail_szse,,,2026-09-26T09:35:38.162702+00:00,2026-07-09,CONSERVATIVE_T1,margin_szse,002574,False
2026-07-08,AGGREGATOR|research-node|akshare@1.18.97|stock_margin_detail_szse,,,2026-09-26T09:35:38.162702+00:00,2026-07-09,CONSERVATIVE_T1,margin_szse,002695,False
2026-07-08,AGGREGATOR|research-node|akshare@1.18.97|stock_margin_detail_szse,,,2026-09-26T09:35:38.162702+00:00,2026-07-09,CONSERVATIVE_T1,margin_szse,002736,False
2026-07-08,AGGREGATOR|research-node|akshare@1.18.97|stock_margin_detail_szse,,,2026-09-26T09:35:38.162702+00:00,2026-07-09,CONSERVATIVE_T1,margin_szse,300059,False
2026-07-08,AGGREGATOR|research-node|akshare@1.18.97|stock_margin_detail_szse,,,2026-09-26T09:35:38.162702+00:00,2026-07-09,CONSERVATIVE_T1,margin_szse,300094,True
2026-07-08,AGGREGATOR|research-node|akshare@1.18.97|stock_margin_detail_szse,,,2026-09-26T09:35:38.162702+00:00,2026-07-09,CONSERVATIVE_T1,margin_szse,300199,False
2026-07-08,AGGREGATOR|research-node|akshare@1.18.97|stock_margin_detail_szse,,,2026-09-26T09:35:38.162702+00:00,2026-07-09,CONSERVATIVE_T1,margin_szse,300342,False
2026-07-08,AGGREGATOR|research-node|akshare@1.18.97|stock_margin_detail_szse,,,2026-09-26T09:35:38.162702+00:00,2026-07-09,CONSERVATIVE_T1,margin_szse,300921,False
2026-07-08,AGGREGATOR|research-node|akshare@1.18.97|stock_margin_detail_szse,,,2026-09-26T09:35:38.162702+00:00,2026-07-09,CONSERVATIVE_T1,margin_szse,300946,True
2026-07-08,AGGREGATOR|research-node|akshare@1.18.97|stock_margin_detail_szse,,,2026-09-26T09:35:38.162702+00:00,2026-07-09,CONSERVATIVE_T1,margin_szse,300977,False
2026-07-08,AGGREGATOR|research-node|akshare@1.18.97|stock_margin_detail_szse,,,2026-09-26T09:35:38.162702+00:00,2026-07-09,CONSERVATIVE_T1,margin_szse,301010,False
2026-07-08,AGGREGATOR|research-node|akshare@1.18.97|stock_margin_detail_szse,,,2026-09-26T09:35:38.162702+00:00,2026-07-09,CONSERVATIVE_T1,margin_szse,301231,False
2026-07-08,AGGREGATOR|research-node|akshare@1.18.97|stock_margin_detail_szse,,,2026-09-26T09:35:38.162702+00:00,2026-07-09,CONSERVATIVE_T1,margin_szse,301297,False
2026-07-08,AGGREGATOR|research-node|akshare@1.18.97|stock_margin_detail_szse,,,2026-09-26T09:35:38.162702+00:00,2026-07-09,CONSERVATIVE_T1,margin_szse,301353,False
2026-07-08,AGGREGATOR|research-node|akshare@1.18.97|stock_margin_detail_szse,,,2026-09-26T09:35:38.162702+00:00,2026-07-09,CONSERVATIVE_T1,margin_szse,301357,True
2026-07-08,AGGREGATOR|research-node|akshare@1.18.97|stock_margin_detail_szse,,,2026-09-26T09:35:38.162702+00:00,2026-07-09,CONSERVATIVE_T1,margin_szse,301503,False
2026-07-09,AGGREGATOR|research-node|akshare@1.18.97|stock_margin_detail_szse,,,2026-09-26T09:35:40.536125+00:00,2026-07-10,CONSERVATIVE_T1,margin_szse,000089,False
2026-07-09,AGGREGATOR|research-node|akshare@1.18.97|stock_margin_detail_szse,,,2026-09-26T09:35:40.536125+00:00,2026-07-10,CONSERVATIVE_T1,margin_szse,000539,False
2026-07-09,AGGREGATOR|research-node|akshare@1.18.97|stock_margin_detail_szse,,,2026-09-26T09:35:40.536125+00:00,2026-07-10,CONSERVATIVE_T1,margin_szse,000557,False
2026-07-09,AGGREGATOR|research-node|akshare@1.18.97|stock_margin_detail_szse,,,2026-09-26T09:35:40.536125+00:00,2026-07-10,CONSERVATIVE_T1,margin_szse,000603,False
2026-07-09,AGGREGATOR|research-node|akshare@1.18.97|stock_margin_detail_szse,,,2026-09-26T09:35:40.536125+00:00,2026-07-10,CONSERVATIVE_T1,margin_szse,000628,False
2026-07-09,AGGREGATOR|research-node|akshare@1.18.97|stock_margin_detail_szse,,,2026-09-26T09:35:40.536125+00:00,2026-07-10,CONSERVATIVE_T1,margin_szse,000685,False
2026-07-09,AGGREGATOR|research-node|akshare@1.18.97|stock_margin_detail_szse,,,2026-09-26T09:35:40.536125+00:00,2026-07-10,CONSERVATIVE_T1,margin_szse,000709,False
2026-07-09,AGGREGATOR|research-node|akshare@1.18.97|stock_margin_detail_szse,,,2026-09-26T09:35:40.536125+00:00,2026-07-10,CONSERVATIVE_T1,margin_szse,000750,False
2026-07-09,AGGREGATOR|research-node|akshare@1.18.97|stock_margin_detail_szse,,,2026-09-26T09:35:40.536125+00:00,2026-07-10,CONSERVATIVE_T1,margin_szse,000783,False
2026-07-09,AGGREGATOR|research-node|akshare@1.18.97|stock_margin_detail_szse,,,2026-09-26T09:35:40.536125+00:00,2026-07-10,CONSERVATIVE_T1,margin_szse,000825,True
2026-07-09,AGGREGATOR|research-node|akshare@1.18.97|stock_margin_detail_szse,,,2026-09-26T09:35:40.536125+00:00,2026-07-10,CONSERVATIVE_T1,margin_szse,002160,False
2026-07-09,AGGREGATOR|research-node|akshare@1.18.97|stock_margin_detail_szse,,,2026-09-26T09:35:40.536125+00:00,2026-07-10,CONSERVATIVE_T1,margin_szse,002185,False
2026-07-09,AGGREGATOR|research-node|akshare@1.18.97|stock_margin_detail_szse,,,2026-09-26T09:35:40.536125+00:00,2026-07-10,CONSERVATIVE_T1,margin_szse,002354,False
2026-07-09,AGGREGATOR|research-node|akshare@1.18.97|stock_margin_detail_szse,,,2026-09-26T09:35:40.536125+00:00,2026-07-10,CONSERVATIVE_T1,margin_szse,002440,False
2026-07-09,AGGREGATOR|research-node|akshare@1.18.97|stock_margin_detail_szse,,,2026-09-26T09:35:40.536125+00:00,2026-07-10,CONSERVATIVE_T1,margin_szse,002471,False
2026-07-09,AGGREGATOR|research-node|akshare@1.18.97|stock_margin_detail_szse,,,2026-09-26T09:35:40.536125+00:00,2026-07-10,CONSERVATIVE_T1,margin_szse,002497,False
2026-07-09,AGGREGATOR|research-node|akshare@1.18.97|stock_margin_detail_szse,,,2026-09-26T09:35:40.536125+00:00,2026-07-10,CONSERVATIVE_T1,margin_szse,002574,False
2026-07-09,AGGREGATOR|research-node|akshare@1.18.97|stock_margin_detail_szse,,,2026-09-26T09:35:40.536125+00:00,2026-07-10,CONSERVATIVE_T1,margin_szse,002695,False
2026-07-09,AGGREGATOR|research-node|akshare@1.18.97|stock_margin_detail_szse,,,2026-09-26T09:35:40.536125+00:00,2026-07-10,CONSERVATIVE_T1,margin_szse,002736,False
2026-07-09,AGGREGATOR|research-node|akshare@1.18.97|stock_margin_detail_szse,,,2026-09-26T09:35:40.536125+00:00,2026-07-10,CONSERVATIVE_T1,margin_szse,300059,False
2026-07-09,AGGREGATOR|research-node|akshare@1.18.97|stock_margin_detail_szse,,,2026-09-26T09:35:40.536125+00:00,2026-07-10,CONSERVATIVE_T1,margin_szse,300094,True
2026-07-09,AGGREGATOR|research-node|akshare@1.18.97|stock_margin_detail_szse,,,2026-09-26T09:35:40.536125+00:00,2026-07-10,CONSERVATIVE_T1,margin_szse,300199,False
2026-07-09,AGGREGATOR|research-node|akshare@1.18.97|stock_margin_detail_szse,,,2026-09-26T09:35:40.536125+00:00,2026-07-10,CONSERVATIVE_T1,margin_szse,300342,False
2026-07-09,AGGREGATOR|research-node|akshare@1.18.97|stock_margin_detail_szse,,,2026-09-26T09:35:40.536125+00:00,2026-07-10,CONSERVATIVE_T1,margin_szse,300921,False
2026-07-09,AGGREGATOR|research-node|akshare@1.18.97|stock_margin_detail_szse,,,2026-09-26T09:35:40.536125+00:00,2026-07-10,CONSERVATIVE_T1,margin_szse,300946,True
2026-07-09,AGGREGATOR|research-node|akshare@1.18.97|stock_margin_detail_szse,,,2026-09-26T09:35:40.536125+00:00,2026-07-10,CONSERVATIVE_T1,margin_szse,300977,False
2026-07-09,AGGREGATOR|research-node|akshare@1.18.97|stock_margin_detail_szse,,,2026-09-26T09:35:40.536125+00:00,2026-07-10,CONSERVATIVE_T1,margin_szse,301010,False
2026-07-09,AGGREGATOR|research-node|akshare@1.18.97|stock_margin_detail_szse,,,2026-09-26T09:35:40.536125+00:00,2026-07-10,CONSERVATIVE_T1,margin_szse,301231,False
2026-07-09,AGGREGATOR|research-node|akshare@1.18.97|stock_margin_detail_szse,,,2026-09-26T09:35:40.536125+00:00,2026-07-10,CONSERVATIVE_T1,margin_szse,301297,False
2026-07-09,AGGREGATOR|research-node|akshare@1.18.97|stock_margin_detail_szse,,,2026-09-26T09:35:40.536125+00:00,2026-07-10,CONSERVATIVE_T1,margin_szse,301353,False
2026-07-09,AGGREGATOR|research-node|akshare@1.18.97|stock_margin_detail_szse,,,2026-09-26T09:35:40.536125+00:00,2026-07-10,CONSERVATIVE_T1,margin_szse,301357,True
2026-07-09,AGGREGATOR|research-node|akshare@1.18.97|stock_margin_detail_szse,,,2026-09-26T09:35:40.536125+00:00,2026-07-10,CONSERVATIVE_T1,margin_szse,301503,False
2026-07-10,AGGREGATOR|research-node|akshare@1.18.97|stock_margin_detail_szse,,,2026-09-26T09:35:42.995388+00:00,2026-07-13,CONSERVATIVE_T1,margin_szse,000089,False
2026-07-10,AGGREGATOR|research-node|akshare@1.18.97|stock_margin_detail_szse,,,2026-09-26T09:35:42.995388+00:00,2026-07-13,CONSERVATIVE_T1,margin_szse,000539,False
2026-07-10,AGGREGATOR|research-node|akshare@1.18.97|stock_margin_detail_szse,,,2026-09-26T09:35:42.995388+00:00,2026-07-13,CONSERVATIVE_T1,margin_szse,000557,False
2026-07-10,AGGREGATOR|research-node|akshare@1.18.97|stock_margin_detail_szse,,,2026-09-26T09:35:42.995388+00:00,2026-07-13,CONSERVATIVE_T1,margin_szse,000603,False
2026-07-10,AGGREGATOR|research-node|akshare@1.18.97|stock_margin_detail_szse,,,2026-09-26T09:35:42.995388+00:00,2026-07-13,CONSERVATIVE_T1,margin_szse,000628,False
2026-07-10,AGGREGATOR|research-node|akshare@1.18.97|stock_margin_detail_szse,,,2026-09-26T09:35:42.995388+00:00,2026-07-13,CONSERVATIVE_T1,margin_szse,000685,False
2026-07-10,AGGREGATOR|research-node|akshare@1.18.97|stock_margin_detail_szse,,,2026-09-26T09:35:42.995388+00:00,2026-07-13,CONSERVATIVE_T1,margin_szse,000709,False
2026-07-10,AGGREGATOR|research-node|akshare@1.18.97|stock_margin_detail_szse,,,2026-09-26T09:35:42.995388+00:00,2026-07-13,CONSERVATIVE_T1,margin_szse,000750,False
2026-07-10,AGGREGATOR|research-node|akshare@1.18.97|stock_margin_detail_szse,,,2026-09-26T09:35:42.995388+00:00,2026-07-13,CONSERVATIVE_T1,margin_szse,000783,False
2026-07-10,AGGREGATOR|research-node|akshare@1.18.97|stock_margin_detail_szse,,,2026-09-26T09:35:42.995388+00:00,2026-07-13,CONSERVATIVE_T1,margin_szse,000825,True
2026-07-10,AGGREGATOR|research-node|akshare@1.18.97|stock_margin_detail_szse,,,2026-09-26T09:35:42.995388+00:00,2026-07-13,CONSERVATIVE_T1,margin_szse,002160,False
2026-07-10,AGGREGATOR|research-node|akshare@1.18.97|stock_margin_detail_szse,,,2026-09-26T09:35:42.995388+00:00,2026-07-13,CONSERVATIVE_T1,margin_szse,002185,False
2026-07-10,AGGREGATOR|research-node|akshare@1.18.97|stock_margin_detail_szse,,,2026-09-26T09:35:42.995388+00:00,2026-07-13,CONSERVATIVE_T1,margin_szse,002354,False
2026-07-10,AGGREGATOR|research-node|akshare@1.18.97|stock_margin_detail_szse,,,2026-09-26T09:35:42.995388+00:00,2026-07-13,CONSERVATIVE_T1,margin_szse,002440,False
2026-07-10,AGGREGATOR|research-node|akshare@1.18.97|stock_margin_detail_szse,,,2026-09-26T09:35:42.995388+00:00,2026-07-13,CONSERVATIVE_T1,margin_szse,002471,False
2026-07-10,AGGREGATOR|research-node|akshare@1.18.97|stock_margin_detail_szse,,,2026-09-26T09:35:42.995388+00:00,2026-07-13,CONSERVATIVE_T1,margin_szse,002497,False
2026-07-10,AGGREGATOR|research-node|akshare@1.18.97|stock_margin_detail_szse,,,2026-09-26T09:35:42.995388+00:00,2026-07-13,CONSERVATIVE_T1,margin_szse,002574,False
2026-07-10,AGGREGATOR|research-node|akshare@1.18.97|stock_margin_detail_szse,,,2026-09-26T09:35:42.995388+00:00,2026-07-13,CONSERVATIVE_T1,margin_szse,002695,False
2026-07-10,AGGREGATOR|research-node|akshare@1.18.97|stock_margin_detail_szse,,,2026-09-26T09:35:42.995388+00:00,2026-07-13,CONSERVATIVE_T1,margin_szse,002736,False
2026-07-10,AGGREGATOR|research-node|akshare@1.18.97|stock_margin_detail_szse,,,2026-09-26T09:35:42.995388+00:00,2026-07-13,CONSERVATIVE_T1,margin_szse,300059,False
2026-07-10,AGGREGATOR|research-node|akshare@1.18.97|stock_margin_detail_szse,,,2026-09-26T09:35:42.995388+00:00,2026-07-13,CONSERVATIVE_T1,margin_szse,300094,True
2026-07-10,AGGREGATOR|research-node|akshare@1.18.97|stock_margin_detail_szse,,,2026-09-26T09:35:42.995388+00:00,2026-07-13,CONSERVATIVE_T1,margin_szse,300199,False
2026-07-10,AGGREGATOR|research-node|akshare@1.18.97|stock_margin_detail_szse,,,2026-09-26T09:35:42.995388+00:00,2026-07-13,CONSERVATIVE_T1,margin_szse,300342,False
2026-07-10,AGGREGATOR|research-node|akshare@1.18.97|stock_margin_detail_szse,,,2026-09-26T09:35:42.995388+00:00,2026-07-13,CONSERVATIVE_T1,margin_szse,300921,False
2026-07-10,AGGREGATOR|research-node|akshare@1.18.97|stock_margin_detail_szse,,,2026-09-26T09:35:42.995388+00:00,2026-07-13,CONSERVATIVE_T1,margin_szse,300946,True
2026-07-10,AGGREGATOR|research-node|akshare@1.18.97|stock_margin_detail_szse,,,2026-09-26T09:35:42.995388+00:00,2026-07-13,CONSERVATIVE_T1,margin_szse,300977,False
2026-07-10,AGGREGATOR|research-node|akshare@1.18.97|stock_margin_detail_szse,,,2026-09-26T09:35:42.995388+00:00,2026-07-13,CONSERVATIVE_T1,margin_szse,301010,False
2026-07-10,AGGREGATOR|research-node|akshare@1.18.97|stock_margin_detail_szse,,,2026-09-26T09:35:42.995388+00:00,2026-07-13,CONSERVATIVE_T1,margin_szse,301231,False
2026-07-10,AGGREGATOR|research-node|akshare@1.18.97|stock_margin_detail_szse,,,2026-09-26T09:35:42.995388+00:00,2026-07-13,CONSERVATIVE_T1,margin_szse,301297,False
2026-07-10,AGGREGATOR|research-node|akshare@1.18.97|stock_margin_detail_szse,,,2026-09-26T09:35:42.995388+00:00,2026-07-13,CONSERVATIVE_T1,margin_szse,301353,False
2026-07-10,AGGREGATOR|research-node|akshare@1.18.97|stock_margin_detail_szse,,,2026-09-26T09:35:42.995388+00:00,2026-07-13,CONSERVATIVE_T1,margin_szse,301357,True
2026-07-10,AGGREGATOR|research-node|akshare@1.18.97|stock_margin_detail_szse,,,2026-09-26T09:35:42.995388+00:00,2026-07-13,CONSERVATIVE_T1,margin_szse,301503,False
2026-07-13,AGGREGATOR|research-node|akshare@1.18.97|stock_margin_detail_szse,,,2026-09-26T09:35:45.452041+00:00,2026-07-14,CONSERVATIVE_T1,margin_szse,000089,False
2026-07-13,AGGREGATOR|research-node|akshare@1.18.97|stock_margin_detail_szse,,,2026-09-26T09:35:45.452041+00:00,2026-07-14,CONSERVATIVE_T1,margin_szse,000539,False
2026-07-13,AGGREGATOR|research-node|akshare@1.18.97|stock_margin_detail_szse,,,2026-09-26T09:35:45.452041+00:00,2026-07-14,CONSERVATIVE_T1,margin_szse,000557,False
2026-07-13,AGGREGATOR|research-node|akshare@1.18.97|stock_margin_detail_szse,,,2026-09-26T09:35:45.452041+00:00,2026-07-14,CONSERVATIVE_T1,margin_szse,000603,False
2026-07-13,AGGREGATOR|research-node|akshare@1.18.97|stock_margin_detail_szse,,,2026-09-26T09:35:45.452041+00:00,2026-07-14,CONSERVATIVE_T1,margin_szse,000628,False
2026-07-13,AGGREGATOR|research-node|akshare@1.18.97|stock_margin_detail_szse,,,2026-09-26T09:35:45.452041+00:00,2026-07-14,CONSERVATIVE_T1,margin_szse,000685,False
2026-07-13,AGGREGATOR|research-node|akshare@1.18.97|stock_margin_detail_szse,,,2026-09-26T09:35:45.452041+00:00,2026-07-14,CONSERVATIVE_T1,margin_szse,000709,False
2026-07-13,AGGREGATOR|research-node|akshare@1.18.97|stock_margin_detail_szse,,,2026-09-26T09:35:45.452041+00:00,2026-07-14,CONSERVATIVE_T1,margin_szse,000750,False
2026-07-13,AGGREGATOR|research-node|akshare@1.18.97|stock_margin_detail_szse,,,2026-09-26T09:35:45.452041+00:00,2026-07-14,CONSERVATIVE_T1,margin_szse,000783,False
2026-07-13,AGGREGATOR|research-node|akshare@1.18.97|stock_margin_detail_szse,,,2026-09-26T09:35:45.452041+00:00,2026-07-14,CONSERVATIVE_T1,margin_szse,000825,True
2026-07-13,AGGREGATOR|research-node|akshare@1.18.97|stock_margin_detail_szse,,,2026-09-26T09:35:45.452041+00:00,2026-07-14,CONSERVATIVE_T1,margin_szse,002160,False
2026-07-13,AGGREGATOR|research-node|akshare@1.18.97|stock_margin_detail_szse,,,2026-09-26T09:35:45.452041+00:00,2026-07-14,CONSERVATIVE_T1,margin_szse,002185,False
2026-07-13,AGGREGATOR|research-node|akshare@1.18.97|stock_margin_detail_szse,,,2026-09-26T09:35:45.452041+00:00,2026-07-14,CONSERVATIVE_T1,margin_szse,002354,False
2026-07-13,AGGREGATOR|research-node|akshare@1.18.97|stock_margin_detail_szse,,,2026-09-26T09:35:45.452041+00:00,2026-07-14,CONSERVATIVE_T1,margin_szse,002440,False
2026-07-13,AGGREGATOR|research-node|akshare@1.18.97|stock_margin_detail_szse,,,2026-09-26T09:35:45.452041+00:00,2026-07-14,CONSERVATIVE_T1,margin_szse,002471,False
2026-07-13,AGGREGATOR|research-node|akshare@1.18.97|stock_margin_detail_szse,,,2026-09-26T09:35:45.452041+00:00,2026-07-14,CONSERVATIVE_T1,margin_szse,002497,False
2026-07-13,AGGREGATOR|research-node|akshare@1.18.97|stock_margin_detail_szse,,,2026-09-26T09:35:45.452041+00:00,2026-07-14,CONSERVATIVE_T1,margin_szse,002574,False
2026-07-13,AGGREGATOR|research-node|akshare@1.18.97|stock_margin_detail_szse,,,2026-09-26T09:35:45.452041+00:00,2026-07-14,CONSERVATIVE_T1,margin_szse,002695,False
2026-07-13,AGGREGATOR|research-node|akshare@1.18.97|stock_margin_detail_szse,,,2026-09-26T09:35:45.452041+00:00,2026-07-14,CONSERVATIVE_T1,margin_szse,002736,False
2026-07-13,AGGREGATOR|research-node|akshare@1.18.97|stock_margin_detail_szse,,,2026-09-26T09:35:45.452041+00:00,2026-07-14,CONSERVATIVE_T1,margin_szse,300059,False
2026-07-13,AGGREGATOR|research-node|akshare@1.18.97|stock_margin_detail_szse,,,2026-09-26T09:35:45.452041+00:00,2026-07-14,CONSERVATIVE_T1,margin_szse,300094,True
2026-07-13,AGGREGATOR|research-node|akshare@1.18.97|stock_margin_detail_szse,,,2026-09-26T09:35:45.452041+00:00,2026-07-14,CONSERVATIVE_T1,margin_szse,300199,False
2026-07-13,AGGREGATOR|research-node|akshare@1.18.97|stock_margin_detail_szse,,,2026-09-26T09:35:45.452041+00:00,2026-07-14,CONSERVATIVE_T1,margin_szse,300342,False
2026-07-13,AGGREGATOR|research-node|akshare@1.18.97|stock_margin_detail_szse,,,2026-09-26T09:35:45.452041+00:00,2026-07-14,CONSERVATIVE_T1,margin_szse,300921,False
2026-07-13,AGGREGATOR|research-node|akshare@1.18.97|stock_margin_detail_szse,,,2026-09-26T09:35:45.452041+00:00,2026-07-14,CONSERVATIVE_T1,margin_szse,300946,True
2026-07-13,AGGREGATOR|research-node|akshare@1.18.97|stock_margin_detail_szse,,,2026-09-26T09:35:45.452041+00:00,2026-07-14,CONSERVATIVE_T1,margin_szse,300977,False
2026-07-13,AGGREGATOR|research-node|akshare@1.18.97|stock_margin_detail_szse,,,2026-09-26T09:35:45.452041+00:00,2026-07-14,CONSERVATIVE_T1,margin_szse,301010,False
2026-07-13,AGGREGATOR|research-node|akshare@1.18.97|stock_margin_detail_szse,,,2026-09-26T09:35:45.452041+00:00,2026-07-14,CONSERVATIVE_T1,margin_szse,301231,False
2026-07-13,AGGREGATOR|research-node|akshare@1.18.97|stock_margin_detail_szse,,,2026-09-26T09:35:45.452041+00:00,2026-07-14,CONSERVATIVE_T1,margin_szse,301297,False
2026-07-13,AGGREGATOR|research-node|akshare@1.18.97|stock_margin_detail_szse,,,2026-09-26T09:35:45.452041+00:00,2026-07-14,CONSERVATIVE_T1,margin_szse,301353,False
2026-07-13,AGGREGATOR|research-node|akshare@1.18.97|stock_margin_detail_szse,,,2026-09-26T09:35:45.452041+00:00,2026-07-14,CONSERVATIVE_T1,margin_szse,301357,True
2026-07-13,AGGREGATOR|research-node|akshare@1.18.97|stock_margin_detail_szse,,,2026-09-26T09:35:45.452041+00:00,2026-07-14,CONSERVATIVE_T1,margin_szse,301503,False
2026-07-14,AGGREGATOR|research-node|akshare@1.18.97|stock_margin_detail_szse,,,2026-09-26T09:35:47.865975+00:00,2026-07-15,CONSERVATIVE_T1,margin_szse,000089,False
2026-07-14,AGGREGATOR|research-node|akshare@1.18.97|stock_margin_detail_szse,,,2026-09-26T09:35:47.865975+00:00,2026-07-15,CONSERVATIVE_T1,margin_szse,000539,False
2026-07-14,AGGREGATOR|research-node|akshare@1.18.97|stock_margin_detail_szse,,,2026-09-26T09:35:47.865975+00:00,2026-07-15,CONSERVATIVE_T1,margin_szse,000557,False
2026-07-14,AGGREGATOR|research-node|akshare@1.18.97|stock_margin_detail_szse,,,2026-09-26T09:35:47.865975+00:00,2026-07-15,CONSERVATIVE_T1,margin_szse,000603,False
2026-07-14,AGGREGATOR|research-node|akshare@1.18.97|stock_margin_detail_szse,,,2026-09-26T09:35:47.865975+00:00,2026-07-15,CONSERVATIVE_T1,margin_szse,000628,False
2026-07-14,AGGREGATOR|research-node|akshare@1.18.97|stock_margin_detail_szse,,,2026-09-26T09:35:47.865975+00:00,2026-07-15,CONSERVATIVE_T1,margin_szse,000685,False
2026-07-14,AGGREGATOR|research-node|akshare@1.18.97|stock_margin_detail_szse,,,2026-09-26T09:35:47.865975+00:00,2026-07-15,CONSERVATIVE_T1,margin_szse,000709,False
2026-07-14,AGGREGATOR|research-node|akshare@1.18.97|stock_margin_detail_szse,,,2026-09-26T09:35:47.865975+00:00,2026-07-15,CONSERVATIVE_T1,margin_szse,000750,False
2026-07-14,AGGREGATOR|research-node|akshare@1.18.97|stock_margin_detail_szse,,,2026-09-26T09:35:47.865975+00:00,2026-07-15,CONSERVATIVE_T1,margin_szse,000783,False
2026-07-14,AGGREGATOR|research-node|akshare@1.18.97|stock_margin_detail_szse,,,2026-09-26T09:35:47.865975+00:00,2026-07-15,CONSERVATIVE_T1,margin_szse,000825,True
2026-07-14,AGGREGATOR|research-node|akshare@1.18.97|stock_margin_detail_szse,,,2026-09-26T09:35:47.865975+00:00,2026-07-15,CONSERVATIVE_T1,margin_szse,002160,False
2026-07-14,AGGREGATOR|research-node|akshare@1.18.97|stock_margin_detail_szse,,,2026-09-26T09:35:47.865975+00:00,2026-07-15,CONSERVATIVE_T1,margin_szse,002185,False
2026-07-14,AGGREGATOR|research-node|akshare@1.18.97|stock_margin_detail_szse,,,2026-09-26T09:35:47.865975+00:00,2026-07-15,CONSERVATIVE_T1,margin_szse,002354,False
2026-07-14,AGGREGATOR|research-node|akshare@1.18.97|stock_margin_detail_szse,,,2026-09-26T09:35:47.865975+00:00,2026-07-15,CONSERVATIVE_T1,margin_szse,002440,False
2026-07-14,AGGREGATOR|research-node|akshare@1.18.97|stock_margin_detail_szse,,,2026-09-26T09:35:47.865975+00:00,2026-07-15,CONSERVATIVE_T1,margin_szse,002471,False
2026-07-14,AGGREGATOR|research-node|akshare@1.18.97|stock_margin_detail_szse,,,2026-09-26T09:35:47.865975+00:00,2026-07-15,CONSERVATIVE_T1,margin_szse,002497,False
2026-07-14,AGGREGATOR|research-node|akshare@1.18.97|stock_margin_detail_szse,,,2026-09-26T09:35:47.865975+00:00,2026-07-15,CONSERVATIVE_T1,margin_szse,002574,False
2026-07-14,AGGREGATOR|research-node|akshare@1.18.97|stock_margin_detail_szse,,,2026-09-26T09:35:47.865975+00:00,2026-07-15,CONSERVATIVE_T1,margin_szse,002695,False
2026-07-14,AGGREGATOR|research-node|akshare@1.18.97|stock_margin_detail_szse,,,2026-09-26T09:35:47.865975+00:00,2026-07-15,CONSERVATIVE_T1,margin_szse,002736,False
2026-07-14,AGGREGATOR|research-node|akshare@1.18.97|stock_margin_detail_szse,,,2026-09-26T09:35:47.865975+00:00,2026-07-15,CONSERVATIVE_T1,margin_szse,300059,False
2026-07-14,AGGREGATOR|research-node|akshare@1.18.97|stock_margin_detail_szse,,,2026-09-26T09:35:47.865975+00:00,2026-07-15,CONSERVATIVE_T1,margin_szse,300094,True
2026-07-14,AGGREGATOR|research-node|akshare@1.18.97|stock_margin_detail_szse,,,2026-09-26T09:35:47.865975+00:00,2026-07-15,CONSERVATIVE_T1,margin_szse,300199,False
2026-07-14,AGGREGATOR|research-node|akshare@1.18.97|stock_margin_detail_szse,,,2026-09-26T09:35:47.865975+00:00,2026-07-15,CONSERVATIVE_T1,margin_szse,300342,False
2026-07-14,AGGREGATOR|research-node|akshare@1.18.97|stock_margin_detail_szse,,,2026-09-26T09:35:47.865975+00:00,2026-07-15,CONSERVATIVE_T1,margin_szse,300921,False
2026-07-14,AGGREGATOR|research-node|akshare@1.18.97|stock_margin_detail_szse,,,2026-09-26T09:35:47.865975+00:00,2026-07-15,CONSERVATIVE_T1,margin_szse,300946,True
2026-07-14,AGGREGATOR|research-node|akshare@1.18.97|stock_margin_detail_szse,,,2026-09-26T09:35:47.865975+00:00,2026-07-15,CONSERVATIVE_T1,margin_szse,300977,False
2026-07-14,AGGREGATOR|research-node|akshare@1.18.97|stock_margin_detail_szse,,,2026-09-26T09:35:47.865975+00:00,2026-07-15,CONSERVATIVE_T1,margin_szse,301010,False
2026-07-14,AGGREGATOR|research-node|akshare@1.18.97|stock_margin_detail_szse,,,2026-09-26T09:35:47.865975+00:00,2026-07-15,CONSERVATIVE_T1,margin_szse,301231,False
2026-07-14,AGGREGATOR|research-node|akshare@1.18.97|stock_margin_detail_szse,,,2026-09-26T09:35:47.865975+00:00,2026-07-15,CONSERVATIVE_T1,margin_szse,301297,False
2026-07-14,AGGREGATOR|research-node|akshare@1.18.97|stock_margin_detail_szse,,,2026-09-26T09:35:47.865975+00:00,2026-07-15,CONSERVATIVE_T1,margin_szse,301353,False
2026-07-14,AGGREGATOR|research-node|akshare@1.18.97|stock_margin_detail_szse,,,2026-09-26T09:35:47.865975+00:00,2026-07-15,CONSERVATIVE_T1,margin_szse,301357,True
2026-07-14,AGGREGATOR|research-node|akshare@1.18.97|stock_margin_detail_szse,,,2026-09-26T09:35:47.865975+00:00,2026-07-15,CONSERVATIVE_T1,margin_szse,301503,False
2026-07-15,AGGREGATOR|research-node|akshare@1.18.97|stock_margin_detail_szse,,,2026-09-26T09:35:50.376453+00:00,2026-07-16,CONSERVATIVE_T1,margin_szse,000089,False
2026-07-15,AGGREGATOR|research-node|akshare@1.18.97|stock_margin_detail_szse,,,2026-09-26T09:35:50.376453+00:00,2026-07-16,CONSERVATIVE_T1,margin_szse,000539,False
2026-07-15,AGGREGATOR|research-node|akshare@1.18.97|stock_margin_detail_szse,,,2026-09-26T09:35:50.376453+00:00,2026-07-16,CONSERVATIVE_T1,margin_szse,000557,False
2026-07-15,AGGREGATOR|research-node|akshare@1.18.97|stock_margin_detail_szse,,,2026-09-26T09:35:50.376453+00:00,2026-07-16,CONSERVATIVE_T1,margin_szse,000603,False
2026-07-15,AGGREGATOR|research-node|akshare@1.18.97|stock_margin_detail_szse,,,2026-09-26T09:35:50.376453+00:00,2026-07-16,CONSERVATIVE_T1,margin_szse,000628,False
2026-07-15,AGGREGATOR|research-node|akshare@1.18.97|stock_margin_detail_szse,,,2026-09-26T09:35:50.376453+00:00,2026-07-16,CONSERVATIVE_T1,margin_szse,000685,False
2026-07-15,AGGREGATOR|research-node|akshare@1.18.97|stock_margin_detail_szse,,,2026-09-26T09:35:50.376453+00:00,2026-07-16,CONSERVATIVE_T1,margin_szse,000709,False
2026-07-15,AGGREGATOR|research-node|akshare@1.18.97|stock_margin_detail_szse,,,2026-09-26T09:35:50.376453+00:00,2026-07-16,CONSERVATIVE_T1,margin_szse,000750,False
2026-07-15,AGGREGATOR|research-node|akshare@1.18.97|stock_margin_detail_szse,,,2026-09-26T09:35:50.376453+00:00,2026-07-16,CONSERVATIVE_T1,margin_szse,000783,False
2026-07-15,AGGREGATOR|research-node|akshare@1.18.97|stock_margin_detail_szse,,,2026-09-26T09:35:50.376453+00:00,2026-07-16,CONSERVATIVE_T1,margin_szse,000825,True
2026-07-15,AGGREGATOR|research-node|akshare@1.18.97|stock_margin_detail_szse,,,2026-09-26T09:35:50.376453+00:00,2026-07-16,CONSERVATIVE_T1,margin_szse,002160,False
2026-07-15,AGGREGATOR|research-node|akshare@1.18.97|stock_margin_detail_szse,,,2026-09-26T09:35:50.376453+00:00,2026-07-16,CONSERVATIVE_T1,margin_szse,002185,False
2026-07-15,AGGREGATOR|research-node|akshare@1.18.97|stock_margin_detail_szse,,,2026-09-26T09:35:50.376453+00:00,2026-07-16,CONSERVATIVE_T1,margin_szse,002354,False
2026-07-15,AGGREGATOR|research-node|akshare@1.18.97|stock_margin_detail_szse,,,2026-09-26T09:35:50.376453+00:00,2026-07-16,CONSERVATIVE_T1,margin_szse,002440,False
2026-07-15,AGGREGATOR|research-node|akshare@1.18.97|stock_margin_detail_szse,,,2026-09-26T09:35:50.376453+00:00,2026-07-16,CONSERVATIVE_T1,margin_szse,002471,False
2026-07-15,AGGREGATOR|research-node|akshare@1.18.97|stock_margin_detail_szse,,,2026-09-26T09:35:50.376453+00:00,2026-07-16,CONSERVATIVE_T1,margin_szse,002497,False
2026-07-15,AGGREGATOR|research-node|akshare@1.18.97|stock_margin_detail_szse,,,2026-09-26T09:35:50.376453+00:00,2026-07-16,CONSERVATIVE_T1,margin_szse,002574,False
2026-07-15,AGGREGATOR|research-node|akshare@1.18.97|stock_margin_detail_szse,,,2026-09-26T09:35:50.376453+00:00,2026-07-16,CONSERVATIVE_T1,margin_szse,002695,False
2026-07-15,AGGREGATOR|research-node|akshare@1.18.97|stock_margin_detail_szse,,,2026-09-26T09:35:50.376453+00:00,2026-07-16,CONSERVATIVE_T1,margin_szse,002736,False
2026-07-15,AGGREGATOR|research-node|akshare@1.18.97|stock_margin_detail_szse,,,2026-09-26T09:35:50.376453+00:00,2026-07-16,CONSERVATIVE_T1,margin_szse,300059,False
2026-07-15,AGGREGATOR|research-node|akshare@1.18.97|stock_margin_detail_szse,,,2026-09-26T09:35:50.376453+00:00,2026-07-16,CONSERVATIVE_T1,margin_szse,300094,False
2026-07-15,AGGREGATOR|research-node|akshare@1.18.97|stock_margin_detail_szse,,,2026-09-26T09:35:50.376453+00:00,2026-07-16,CONSERVATIVE_T1,margin_szse,300199,False
2026-07-15,AGGREGATOR|research-node|akshare@1.18.97|stock_margin_detail_szse,,,2026-09-26T09:35:50.376453+00:00,2026-07-16,CONSERVATIVE_T1,margin_szse,300342,False
2026-07-15,AGGREGATOR|research-node|akshare@1.18.97|stock_margin_detail_szse,,,2026-09-26T09:35:50.376453+00:00,2026-07-16,CONSERVATIVE_T1,margin_szse,300921,False
2026-07-15,AGGREGATOR|research-node|akshare@1.18.97|stock_margin_detail_szse,,,2026-09-26T09:35:50.376453+00:00,2026-07-16,CONSERVATIVE_T1,margin_szse,300946,False
2026-07-15,AGGREGATOR|research-node|akshare@1.18.97|stock_margin_detail_szse,,,2026-09-26T09:35:50.376453+00:00,2026-07-16,CONSERVATIVE_T1,margin_szse,300977,False
2026-07-15,AGGREGATOR|research-node|akshare@1.18.97|stock_margin_detail_szse,,,2026-09-26T09:35:50.376453+00:00,2026-07-16,CONSERVATIVE_T1,margin_szse,301010,False
2026-07-15,AGGREGATOR|research-node|akshare@1.18.97|stock_margin_detail_szse,,,2026-09-26T09:35:50.376453+00:00,2026-07-16,CONSERVATIVE_T1,margin_szse,301231,False
2026-07-15,AGGREGATOR|research-node|akshare@1.18.97|stock_margin_detail_szse,,,2026-09-26T09:35:50.376453+00:00,2026-07-16,CONSERVATIVE_T1,margin_szse,301297,False
2026-07-15,AGGREGATOR|research-node|akshare@1.18.97|stock_margin_detail_szse,,,2026-09-26T09:35:50.376453+00:00,2026-07-16,CONSERVATIVE_T1,margin_szse,301353,False
2026-07-15,AGGREGATOR|research-node|akshare@1.18.97|stock_margin_detail_szse,,,2026-09-26T09:35:50.376453+00:00,2026-07-16,CONSERVATIVE_T1,margin_szse,301357,True
2026-07-15,AGGREGATOR|research-node|akshare@1.18.97|stock_margin_detail_szse,,,2026-09-26T09:35:50.376453+00:00,2026-07-16,CONSERVATIVE_T1,margin_szse,301503,False
2026-07-16,AGGREGATOR|research-node|akshare@1.18.97|stock_margin_detail_szse,,,2026-09-26T09:35:52.795933+00:00,2026-07-17,CONSERVATIVE_T1,margin_szse,000089,False
2026-07-16,AGGREGATOR|research-node|akshare@1.18.97|stock_margin_detail_szse,,,2026-09-26T09:35:52.795933+00:00,2026-07-17,CONSERVATIVE_T1,margin_szse,000539,False
2026-07-16,AGGREGATOR|research-node|akshare@1.18.97|stock_margin_detail_szse,,,2026-09-26T09:35:52.795933+00:00,2026-07-17,CONSERVATIVE_T1,margin_szse,000557,False
2026-07-16,AGGREGATOR|research-node|akshare@1.18.97|stock_margin_detail_szse,,,2026-09-26T09:35:52.795933+00:00,2026-07-17,CONSERVATIVE_T1,margin_szse,000603,False
2026-07-16,AGGREGATOR|research-node|akshare@1.18.97|stock_margin_detail_szse,,,2026-09-26T09:35:52.795933+00:00,2026-07-17,CONSERVATIVE_T1,margin_szse,000628,False
2026-07-16,AGGREGATOR|research-node|akshare@1.18.97|stock_margin_detail_szse,,,2026-09-26T09:35:52.795933+00:00,2026-07-17,CONSERVATIVE_T1,margin_szse,000685,False
2026-07-16,AGGREGATOR|research-node|akshare@1.18.97|stock_margin_detail_szse,,,2026-09-26T09:35:52.795933+00:00,2026-07-17,CONSERVATIVE_T1,margin_szse,000709,False
2026-07-16,AGGREGATOR|research-node|akshare@1.18.97|stock_margin_detail_szse,,,2026-09-26T09:35:52.795933+00:00,2026-07-17,CONSERVATIVE_T1,margin_szse,000750,False
2026-07-16,AGGREGATOR|research-node|akshare@1.18.97|stock_margin_detail_szse,,,2026-09-26T09:35:52.795933+00:00,2026-07-17,CONSERVATIVE_T1,margin_szse,000783,False
2026-07-16,AGGREGATOR|research-node|akshare@1.18.97|stock_margin_detail_szse,,,2026-09-26T09:35:52.795933+00:00,2026-07-17,CONSERVATIVE_T1,margin_szse,000825,True
2026-07-16,AGGREGATOR|research-node|akshare@1.18.97|stock_margin_detail_szse,,,2026-09-26T09:35:52.795933+00:00,2026-07-17,CONSERVATIVE_T1,margin_szse,002160,False
2026-07-16,AGGREGATOR|research-node|akshare@1.18.97|stock_margin_detail_szse,,,2026-09-26T09:35:52.795933+00:00,2026-07-17,CONSERVATIVE_T1,margin_szse,002185,False
2026-07-16,AGGREGATOR|research-node|akshare@1.18.97|stock_margin_detail_szse,,,2026-09-26T09:35:52.795933+00:00,2026-07-17,CONSERVATIVE_T1,margin_szse,002354,False
2026-07-16,AGGREGATOR|research-node|akshare@1.18.97|stock_margin_detail_szse,,,2026-09-26T09:35:52.795933+00:00,2026-07-17,CONSERVATIVE_T1,margin_szse,002440,False
2026-07-16,AGGREGATOR|research-node|akshare@1.18.97|stock_margin_detail_szse,,,2026-09-26T09:35:52.795933+00:00,2026-07-17,CONSERVATIVE_T1,margin_szse,002471,False
2026-07-16,AGGREGATOR|research-node|akshare@1.18.97|stock_margin_detail_szse,,,2026-09-26T09:35:52.795933+00:00,2026-07-17,CONSERVATIVE_T1,margin_szse,002497,False
2026-07-16,AGGREGATOR|research-node|akshare@1.18.97|stock_margin_detail_szse,,,2026-09-26T09:35:52.795933+00:00,2026-07-17,CONSERVATIVE_T1,margin_szse,002574,False
2026-07-16,AGGREGATOR|research-node|akshare@1.18.97|stock_margin_detail_szse,,,2026-09-26T09:35:52.795933+00:00,2026-07-17,CONSERVATIVE_T1,margin_szse,002695,False
2026-07-16,AGGREGATOR|research-node|akshare@1.18.97|stock_margin_detail_szse,,,2026-09-26T09:35:52.795933+00:00,2026-07-17,CONSERVATIVE_T1,margin_szse,002736,False
2026-07-16,AGGREGATOR|research-node|akshare@1.18.97|stock_margin_detail_szse,,,2026-09-26T09:35:52.795933+00:00,2026-07-17,CONSERVATIVE_T1,margin_szse,300059,False
2026-07-16,AGGREGATOR|research-node|akshare@1.18.97|stock_margin_detail_szse,,,2026-09-26T09:35:52.795933+00:00,2026-07-17,CONSERVATIVE_T1,margin_szse,300094,False
2026-07-16,AGGREGATOR|research-node|akshare@1.18.97|stock_margin_detail_szse,,,2026-09-26T09:35:52.795933+00:00,2026-07-17,CONSERVATIVE_T1,margin_szse,300199,False
2026-07-16,AGGREGATOR|research-node|akshare@1.18.97|stock_margin_detail_szse,,,2026-09-26T09:35:52.795933+00:00,2026-07-17,CONSERVATIVE_T1,margin_szse,300342,False
2026-07-16,AGGREGATOR|research-node|akshare@1.18.97|stock_margin_detail_szse,,,2026-09-26T09:35:52.795933+00:00,2026-07-17,CONSERVATIVE_T1,margin_szse,300921,False
2026-07-16,AGGREGATOR|research-node|akshare@1.18.97|stock_margin_detail_szse,,,2026-09-26T09:35:52.795933+00:00,2026-07-17,CONSERVATIVE_T1,margin_szse,300946,False
2026-07-16,AGGREGATOR|research-node|akshare@1.18.97|stock_margin_detail_szse,,,2026-09-26T09:35:52.795933+00:00,2026-07-17,CONSERVATIVE_T1,margin_szse,300977,False
2026-07-16,AGGREGATOR|research-node|akshare@1.18.97|stock_margin_detail_szse,,,2026-09-26T09:35:52.795933+00:00,2026-07-17,CONSERVATIVE_T1,margin_szse,301010,False
2026-07-16,AGGREGATOR|research-node|akshare@1.18.97|stock_margin_detail_szse,,,2026-09-26T09:35:52.795933+00:00,2026-07-17,CONSERVATIVE_T1,margin_szse,301231,False
2026-07-16,AGGREGATOR|research-node|akshare@1.18.97|stock_margin_detail_szse,,,2026-09-26T09:35:52.795933+00:00,2026-07-17,CONSERVATIVE_T1,margin_szse,301297,False
2026-07-16,AGGREGATOR|research-node|akshare@1.18.97|stock_margin_detail_szse,,,2026-09-26T09:35:52.795933+00:00,2026-07-17,CONSERVATIVE_T1,margin_szse,301353,False
2026-07-16,AGGREGATOR|research-node|akshare@1.18.97|stock_margin_detail_szse,,,2026-09-26T09:35:52.795933+00:00,2026-07-17,CONSERVATIVE_T1,margin_szse,301357,True
2026-07-16,AGGREGATOR|research-node|akshare@1.18.97|stock_margin_detail_szse,,,2026-09-26T09:35:52.795933+00:00,2026-07-17,CONSERVATIVE_T1,margin_szse,301503,False
2026-07-17,AGGREGATOR|research-node|akshare@1.18.97|stock_margin_detail_szse,,,2026-09-26T09:35:55.197844+00:00,2026-07-20,CONSERVATIVE_T1,margin_szse,000089,False
2026-07-17,AGGREGATOR|research-node|akshare@1.18.97|stock_margin_detail_szse,,,2026-09-26T09:35:55.197844+00:00,2026-07-20,CONSERVATIVE_T1,margin_szse,000539,False
2026-07-17,AGGREGATOR|research-node|akshare@1.18.97|stock_margin_detail_szse,,,2026-09-26T09:35:55.197844+00:00,2026-07-20,CONSERVATIVE_T1,margin_szse,000557,False
2026-07-17,AGGREGATOR|research-node|akshare@1.18.97|stock_margin_detail_szse,,,2026-09-26T09:35:55.197844+00:00,2026-07-20,CONSERVATIVE_T1,margin_szse,000603,False
2026-07-17,AGGREGATOR|research-node|akshare@1.18.97|stock_margin_detail_szse,,,2026-09-26T09:35:55.197844+00:00,2026-07-20,CONSERVATIVE_T1,margin_szse,000628,False
2026-07-17,AGGREGATOR|research-node|akshare@1.18.97|stock_margin_detail_szse,,,2026-09-26T09:35:55.197844+00:00,2026-07-20,CONSERVATIVE_T1,margin_szse,000685,False
2026-07-17,AGGREGATOR|research-node|akshare@1.18.97|stock_margin_detail_szse,,,2026-09-26T09:35:55.197844+00:00,2026-07-20,CONSERVATIVE_T1,margin_szse,000709,False
2026-07-17,AGGREGATOR|research-node|akshare@1.18.97|stock_margin_detail_szse,,,2026-09-26T09:35:55.197844+00:00,2026-07-20,CONSERVATIVE_T1,margin_szse,000750,False
2026-07-17,AGGREGATOR|research-node|akshare@1.18.97|stock_margin_detail_szse,,,2026-09-26T09:35:55.197844+00:00,2026-07-20,CONSERVATIVE_T1,margin_szse,000783,False
2026-07-17,AGGREGATOR|research-node|akshare@1.18.97|stock_margin_detail_szse,,,2026-09-26T09:35:55.197844+00:00,2026-07-20,CONSERVATIVE_T1,margin_szse,000825,True
2026-07-17,AGGREGATOR|research-node|akshare@1.18.97|stock_margin_detail_szse,,,2026-09-26T09:35:55.197844+00:00,2026-07-20,CONSERVATIVE_T1,margin_szse,002160,False
2026-07-17,AGGREGATOR|research-node|akshare@1.18.97|stock_margin_detail_szse,,,2026-09-26T09:35:55.197844+00:00,2026-07-20,CONSERVATIVE_T1,margin_szse,002185,False
2026-07-17,AGGREGATOR|research-node|akshare@1.18.97|stock_margin_detail_szse,,,2026-09-26T09:35:55.197844+00:00,2026-07-20,CONSERVATIVE_T1,margin_szse,002354,False
2026-07-17,AGGREGATOR|research-node|akshare@1.18.97|stock_margin_detail_szse,,,2026-09-26T09:35:55.197844+00:00,2026-07-20,CONSERVATIVE_T1,margin_szse,002440,False
2026-07-17,AGGREGATOR|research-node|akshare@1.18.97|stock_margin_detail_szse,,,2026-09-26T09:35:55.197844+00:00,2026-07-20,CONSERVATIVE_T1,margin_szse,002471,False
2026-07-17,AGGREGATOR|research-node|akshare@1.18.97|stock_margin_detail_szse,,,2026-09-26T09:35:55.197844+00:00,2026-07-20,CONSERVATIVE_T1,margin_szse,002497,False
2026-07-17,AGGREGATOR|research-node|akshare@1.18.97|stock_margin_detail_szse,,,2026-09-26T09:35:55.197844+00:00,2026-07-20,CONSERVATIVE_T1,margin_szse,002574,False
2026-07-17,AGGREGATOR|research-node|akshare@1.18.97|stock_margin_detail_szse,,,2026-09-26T09:35:55.197844+00:00,2026-07-20,CONSERVATIVE_T1,margin_szse,002695,False
2026-07-17,AGGREGATOR|research-node|akshare@1.18.97|stock_margin_detail_szse,,,2026-09-26T09:35:55.197844+00:00,2026-07-20,CONSERVATIVE_T1,margin_szse,002736,False
2026-07-17,AGGREGATOR|research-node|akshare@1.18.97|stock_margin_detail_szse,,,2026-09-26T09:35:55.197844+00:00,2026-07-20,CONSERVATIVE_T1,margin_szse,300059,False
2026-07-17,AGGREGATOR|research-node|akshare@1.18.97|stock_margin_detail_szse,,,2026-09-26T09:35:55.197844+00:00,2026-07-20,CONSERVATIVE_T1,margin_szse,300094,False
2026-07-17,AGGREGATOR|research-node|akshare@1.18.97|stock_margin_detail_szse,,,2026-09-26T09:35:55.197844+00:00,2026-07-20,CONSERVATIVE_T1,margin_szse,300199,False
2026-07-17,AGGREGATOR|research-node|akshare@1.18.97|stock_margin_detail_szse,,,2026-09-26T09:35:55.197844+00:00,2026-07-20,CONSERVATIVE_T1,margin_szse,300342,False
2026-07-17,AGGREGATOR|research-node|akshare@1.18.97|stock_margin_detail_szse,,,2026-09-26T09:35:55.197844+00:00,2026-07-20,CONSERVATIVE_T1,margin_szse,300921,False
2026-07-17,AGGREGATOR|research-node|akshare@1.18.97|stock_margin_detail_szse,,,2026-09-26T09:35:55.197844+00:00,2026-07-20,CONSERVATIVE_T1,margin_szse,300946,False
2026-07-17,AGGREGATOR|research-node|akshare@1.18.97|stock_margin_detail_szse,,,2026-09-26T09:35:55.197844+00:00,2026-07-20,CONSERVATIVE_T1,margin_szse,300977,False
2026-07-17,AGGREGATOR|research-node|akshare@1.18.97|stock_margin_detail_szse,,,2026-09-26T09:35:55.197844+00:00,2026-07-20,CONSERVATIVE_T1,margin_szse,301010,False
2026-07-17,AGGREGATOR|research-node|akshare@1.18.97|stock_margin_detail_szse,,,2026-09-26T09:35:55.197844+00:00,2026-07-20,CONSERVATIVE_T1,margin_szse,301231,False
2026-07-17,AGGREGATOR|research-node|akshare@1.18.97|stock_margin_detail_szse,,,2026-09-26T09:35:55.197844+00:00,2026-07-20,CONSERVATIVE_T1,margin_szse,301297,False
2026-07-17,AGGREGATOR|research-node|akshare@1.18.97|stock_margin_detail_szse,,,2026-09-26T09:35:55.197844+00:00,2026-07-20,CONSERVATIVE_T1,margin_szse,301353,False
2026-07-17,AGGREGATOR|research-node|akshare@1.18.97|stock_margin_detail_szse,,,2026-09-26T09:35:55.197844+00:00,2026-07-20,CONSERVATIVE_T1,margin_szse,301357,True
2026-07-17,AGGREGATOR|research-node|akshare@1.18.97|stock_margin_detail_szse,,,2026-09-26T09:35:55.197844+00:00,2026-07-20,CONSERVATIVE_T1,margin_szse,301503,False
2026-07-20,AGGREGATOR|research-node|akshare@1.18.97|stock_margin_detail_szse,,,2026-09-26T09:35:57.759567+00:00,2026-07-21,CONSERVATIVE_T1,margin_szse,000089,False
2026-07-20,AGGREGATOR|research-node|akshare@1.18.97|stock_margin_detail_szse,,,2026-09-26T09:35:57.759567+00:00,2026-07-21,CONSERVATIVE_T1,margin_szse,000539,False
2026-07-20,AGGREGATOR|research-node|akshare@1.18.97|stock_margin_detail_szse,,,2026-09-26T09:35:57.759567+00:00,2026-07-21,CONSERVATIVE_T1,margin_szse,000557,False
2026-07-20,AGGREGATOR|research-node|akshare@1.18.97|stock_margin_detail_szse,,,2026-09-26T09:35:57.759567+00:00,2026-07-21,CONSERVATIVE_T1,margin_szse,000603,False
2026-07-20,AGGREGATOR|research-node|akshare@1.18.97|stock_margin_detail_szse,,,2026-09-26T09:35:57.759567+00:00,2026-07-21,CONSERVATIVE_T1,margin_szse,000628,False
2026-07-20,AGGREGATOR|research-node|akshare@1.18.97|stock_margin_detail_szse,,,2026-09-26T09:35:57.759567+00:00,2026-07-21,CONSERVATIVE_T1,margin_szse,000685,False
2026-07-20,AGGREGATOR|research-node|akshare@1.18.97|stock_margin_detail_szse,,,2026-09-26T09:35:57.759567+00:00,2026-07-21,CONSERVATIVE_T1,margin_szse,000709,False
2026-07-20,AGGREGATOR|research-node|akshare@1.18.97|stock_margin_detail_szse,,,2026-09-26T09:35:57.759567+00:00,2026-07-21,CONSERVATIVE_T1,margin_szse,000750,False
2026-07-20,AGGREGATOR|research-node|akshare@1.18.97|stock_margin_detail_szse,,,2026-09-26T09:35:57.759567+00:00,2026-07-21,CONSERVATIVE_T1,margin_szse,000783,False
2026-07-20,AGGREGATOR|research-node|akshare@1.18.97|stock_margin_detail_szse,,,2026-09-26T09:35:57.759567+00:00,2026-07-21,CONSERVATIVE_T1,margin_szse,000825,True
2026-07-20,AGGREGATOR|research-node|akshare@1.18.97|stock_margin_detail_szse,,,2026-09-26T09:35:57.759567+00:00,2026-07-21,CONSERVATIVE_T1,margin_szse,002160,False
2026-07-20,AGGREGATOR|research-node|akshare@1.18.97|stock_margin_detail_szse,,,2026-09-26T09:35:57.759567+00:00,2026-07-21,CONSERVATIVE_T1,margin_szse,002185,False
2026-07-20,AGGREGATOR|research-node|akshare@1.18.97|stock_margin_detail_szse,,,2026-09-26T09:35:57.759567+00:00,2026-07-21,CONSERVATIVE_T1,margin_szse,002354,False
2026-07-20,AGGREGATOR|research-node|akshare@1.18.97|stock_margin_detail_szse,,,2026-09-26T09:35:57.759567+00:00,2026-07-21,CONSERVATIVE_T1,margin_szse,002440,False
2026-07-20,AGGREGATOR|research-node|akshare@1.18.97|stock_margin_detail_szse,,,2026-09-26T09:35:57.759567+00:00,2026-07-21,CONSERVATIVE_T1,margin_szse,002471,False
2026-07-20,AGGREGATOR|research-node|akshare@1.18.97|stock_margin_detail_szse,,,2026-09-26T09:35:57.759567+00:00,2026-07-21,CONSERVATIVE_T1,margin_szse,002497,False
2026-07-20,AGGREGATOR|research-node|akshare@1.18.97|stock_margin_detail_szse,,,2026-09-26T09:35:57.759567+00:00,2026-07-21,CONSERVATIVE_T1,margin_szse,002574,False
2026-07-20,AGGREGATOR|research-node|akshare@1.18.97|stock_margin_detail_szse,,,2026-09-26T09:35:57.759567+00:00,2026-07-21,CONSERVATIVE_T1,margin_szse,002695,False
2026-07-20,AGGREGATOR|research-node|akshare@1.18.97|stock_margin_detail_szse,,,2026-09-26T09:35:57.759567+00:00,2026-07-21,CONSERVATIVE_T1,margin_szse,002736,False
2026-07-20,AGGREGATOR|research-node|akshare@1.18.97|stock_margin_detail_szse,,,2026-09-26T09:35:57.759567+00:00,2026-07-21,CONSERVATIVE_T1,margin_szse,300059,False
2026-07-20,AGGREGATOR|research-node|akshare@1.18.97|stock_margin_detail_szse,,,2026-09-26T09:35:57.759567+00:00,2026-07-21,CONSERVATIVE_T1,margin_szse,300094,False
2026-07-20,AGGREGATOR|research-node|akshare@1.18.97|stock_margin_detail_szse,,,2026-09-26T09:35:57.759567+00:00,2026-07-21,CONSERVATIVE_T1,margin_szse,300199,False
2026-07-20,AGGREGATOR|research-node|akshare@1.18.97|stock_margin_detail_szse,,,2026-09-26T09:35:57.759567+00:00,2026-07-21,CONSERVATIVE_T1,margin_szse,300342,False
2026-07-20,AGGREGATOR|research-node|akshare@1.18.97|stock_margin_detail_szse,,,2026-09-26T09:35:57.759567+00:00,2026-07-21,CONSERVATIVE_T1,margin_szse,300921,False
2026-07-20,AGGREGATOR|research-node|akshare@1.18.97|stock_margin_detail_szse,,,2026-09-26T09:35:57.759567+00:00,2026-07-21,CONSERVATIVE_T1,margin_szse,300946,False
2026-07-20,AGGREGATOR|research-node|akshare@1.18.97|stock_margin_detail_szse,,,2026-09-26T09:35:57.759567+00:00,2026-07-21,CONSERVATIVE_T1,margin_szse,300977,False
2026-07-20,AGGREGATOR|research-node|akshare@1.18.97|stock_margin_detail_szse,,,2026-09-26T09:35:57.759567+00:00,2026-07-21,CONSERVATIVE_T1,margin_szse,301010,False
2026-07-20,AGGREGATOR|research-node|akshare@1.18.97|stock_margin_detail_szse,,,2026-09-26T09:35:57.759567+00:00,2026-07-21,CONSERVATIVE_T1,margin_szse,301231,False
2026-07-20,AGGREGATOR|research-node|akshare@1.18.97|stock_margin_detail_szse,,,2026-09-26T09:35:57.759567+00:00,2026-07-21,CONSERVATIVE_T1,margin_szse,301297,False
2026-07-20,AGGREGATOR|research-node|akshare@1.18.97|stock_margin_detail_szse,,,2026-09-26T09:35:57.759567+00:00,2026-07-21,CONSERVATIVE_T1,margin_szse,301353,False
2026-07-20,AGGREGATOR|research-node|akshare@1.18.97|stock_margin_detail_szse,,,2026-09-26T09:35:57.759567+00:00,2026-07-21,CONSERVATIVE_T1,margin_szse,301357,True
2026-07-20,AGGREGATOR|research-node|akshare@1.18.97|stock_margin_detail_szse,,,2026-09-26T09:35:57.759567+00:00,2026-07-21,CONSERVATIVE_T1,margin_szse,301503,False
2026-07-21,AGGREGATOR|research-node|akshare@1.18.97|stock_margin_detail_szse,,,2026-09-26T09:36:00.161802+00:00,2026-07-22,CONSERVATIVE_T1,margin_szse,000089,False
2026-07-21,AGGREGATOR|research-node|akshare@1.18.97|stock_margin_detail_szse,,,2026-09-26T09:36:00.161802+00:00,2026-07-22,CONSERVATIVE_T1,margin_szse,000539,False
2026-07-21,AGGREGATOR|research-node|akshare@1.18.97|stock_margin_detail_szse,,,2026-09-26T09:36:00.161802+00:00,2026-07-22,CONSERVATIVE_T1,margin_szse,000557,False
2026-07-21,AGGREGATOR|research-node|akshare@1.18.97|stock_margin_detail_szse,,,2026-09-26T09:36:00.161802+00:00,2026-07-22,CONSERVATIVE_T1,margin_szse,000603,False
2026-07-21,AGGREGATOR|research-node|akshare@1.18.97|stock_margin_detail_szse,,,2026-09-26T09:36:00.161802+00:00,2026-07-22,CONSERVATIVE_T1,margin_szse,000628,False
2026-07-21,AGGREGATOR|research-node|akshare@1.18.97|stock_margin_detail_szse,,,2026-09-26T09:36:00.161802+00:00,2026-07-22,CONSERVATIVE_T1,margin_szse,000685,False
2026-07-21,AGGREGATOR|research-node|akshare@1.18.97|stock_margin_detail_szse,,,2026-09-26T09:36:00.161802+00:00,2026-07-22,CONSERVATIVE_T1,margin_szse,000709,False
2026-07-21,AGGREGATOR|research-node|akshare@1.18.97|stock_margin_detail_szse,,,2026-09-26T09:36:00.161802+00:00,2026-07-22,CONSERVATIVE_T1,margin_szse,000750,False
2026-07-21,AGGREGATOR|research-node|akshare@1.18.97|stock_margin_detail_szse,,,2026-09-26T09:36:00.161802+00:00,2026-07-22,CONSERVATIVE_T1,margin_szse,000783,False
2026-07-21,AGGREGATOR|research-node|akshare@1.18.97|stock_margin_detail_szse,,,2026-09-26T09:36:00.161802+00:00,2026-07-22,CONSERVATIVE_T1,margin_szse,000825,True
2026-07-21,AGGREGATOR|research-node|akshare@1.18.97|stock_margin_detail_szse,,,2026-09-26T09:36:00.161802+00:00,2026-07-22,CONSERVATIVE_T1,margin_szse,002160,False
2026-07-21,AGGREGATOR|research-node|akshare@1.18.97|stock_margin_detail_szse,,,2026-09-26T09:36:00.161802+00:00,2026-07-22,CONSERVATIVE_T1,margin_szse,002185,False
2026-07-21,AGGREGATOR|research-node|akshare@1.18.97|stock_margin_detail_szse,,,2026-09-26T09:36:00.161802+00:00,2026-07-22,CONSERVATIVE_T1,margin_szse,002354,False
2026-07-21,AGGREGATOR|research-node|akshare@1.18.97|stock_margin_detail_szse,,,2026-09-26T09:36:00.161802+00:00,2026-07-22,CONSERVATIVE_T1,margin_szse,002440,False
2026-07-21,AGGREGATOR|research-node|akshare@1.18.97|stock_margin_detail_szse,,,2026-09-26T09:36:00.161802+00:00,2026-07-22,CONSERVATIVE_T1,margin_szse,002471,False
2026-07-21,AGGREGATOR|research-node|akshare@1.18.97|stock_margin_detail_szse,,,2026-09-26T09:36:00.161802+00:00,2026-07-22,CONSERVATIVE_T1,margin_szse,002497,False
2026-07-21,AGGREGATOR|research-node|akshare@1.18.97|stock_margin_detail_szse,,,2026-09-26T09:36:00.161802+00:00,2026-07-22,CONSERVATIVE_T1,margin_szse,002574,False
2026-07-21,AGGREGATOR|research-node|akshare@1.18.97|stock_margin_detail_szse,,,2026-09-26T09:36:00.161802+00:00,2026-07-22,CONSERVATIVE_T1,margin_szse,002695,False
2026-07-21,AGGREGATOR|research-node|akshare@1.18.97|stock_margin_detail_szse,,,2026-09-26T09:36:00.161802+00:00,2026-07-22,CONSERVATIVE_T1,margin_szse,002736,False
2026-07-21,AGGREGATOR|research-node|akshare@1.18.97|stock_margin_detail_szse,,,2026-09-26T09:36:00.161802+00:00,2026-07-22,CONSERVATIVE_T1,margin_szse,300059,False
2026-07-21,AGGREGATOR|research-node|akshare@1.18.97|stock_margin_detail_szse,,,2026-09-26T09:36:00.161802+00:00,2026-07-22,CONSERVATIVE_T1,margin_szse,300094,False
2026-07-21,AGGREGATOR|research-node|akshare@1.18.97|stock_margin_detail_szse,,,2026-09-26T09:36:00.161802+00:00,2026-07-22,CONSERVATIVE_T1,margin_szse,300199,False
2026-07-21,AGGREGATOR|research-node|akshare@1.18.97|stock_margin_detail_szse,,,2026-09-26T09:36:00.161802+00:00,2026-07-22,CONSERVATIVE_T1,margin_szse,300342,False
2026-07-21,AGGREGATOR|research-node|akshare@1.18.97|stock_margin_detail_szse,,,2026-09-26T09:36:00.161802+00:00,2026-07-22,CONSERVATIVE_T1,margin_szse,300921,False
2026-07-21,AGGREGATOR|research-node|akshare@1.18.97|stock_margin_detail_szse,,,2026-09-26T09:36:00.161802+00:00,2026-07-22,CONSERVATIVE_T1,margin_szse,300946,False
2026-07-21,AGGREGATOR|research-node|akshare@1.18.97|stock_margin_detail_szse,,,2026-09-26T09:36:00.161802+00:00,2026-07-22,CONSERVATIVE_T1,margin_szse,300977,False
2026-07-21,AGGREGATOR|research-node|akshare@1.18.97|stock_margin_detail_szse,,,2026-09-26T09:36:00.161802+00:00,2026-07-22,CONSERVATIVE_T1,margin_szse,301010,False
2026-07-21,AGGREGATOR|research-node|akshare@1.18.97|stock_margin_detail_szse,,,2026-09-26T09:36:00.161802+00:00,2026-07-22,CONSERVATIVE_T1,margin_szse,301231,False
2026-07-21,AGGREGATOR|research-node|akshare@1.18.97|stock_margin_detail_szse,,,2026-09-26T09:36:00.161802+00:00,2026-07-22,CONSERVATIVE_T1,margin_szse,301297,False
2026-07-21,AGGREGATOR|research-node|akshare@1.18.97|stock_margin_detail_szse,,,2026-09-26T09:36:00.161802+00:00,2026-07-22,CONSERVATIVE_T1,margin_szse,301353,False
2026-07-21,AGGREGATOR|research-node|akshare@1.18.97|stock_margin_detail_szse,,,2026-09-26T09:36:00.161802+00:00,2026-07-22,CONSERVATIVE_T1,margin_szse,301357,True
2026-07-21,AGGREGATOR|research-node|akshare@1.18.97|stock_margin_detail_szse,,,2026-09-26T09:36:00.161802+00:00,2026-07-22,CONSERVATIVE_T1,margin_szse,301503,False
2026-07-22,AGGREGATOR|research-node|akshare@1.18.97|stock_margin_detail_szse,,,2026-09-26T09:36:02.799162+00:00,2026-07-23,CONSERVATIVE_T1,margin_szse,000089,False
2026-07-22,AGGREGATOR|research-node|akshare@1.18.97|stock_margin_detail_szse,,,2026-09-26T09:36:02.799162+00:00,2026-07-23,CONSERVATIVE_T1,margin_szse,000539,False
2026-07-22,AGGREGATOR|research-node|akshare@1.18.97|stock_margin_detail_szse,,,2026-09-26T09:36:02.799162+00:00,2026-07-23,CONSERVATIVE_T1,margin_szse,000557,False
2026-07-22,AGGREGATOR|research-node|akshare@1.18.97|stock_margin_detail_szse,,,2026-09-26T09:36:02.799162+00:00,2026-07-23,CONSERVATIVE_T1,margin_szse,000603,False
2026-07-22,AGGREGATOR|research-node|akshare@1.18.97|stock_margin_detail_szse,,,2026-09-26T09:36:02.799162+00:00,2026-07-23,CONSERVATIVE_T1,margin_szse,000628,False
2026-07-22,AGGREGATOR|research-node|akshare@1.18.97|stock_margin_detail_szse,,,2026-09-26T09:36:02.799162+00:00,2026-07-23,CONSERVATIVE_T1,margin_szse,000685,False
2026-07-22,AGGREGATOR|research-node|akshare@1.18.97|stock_margin_detail_szse,,,2026-09-26T09:36:02.799162+00:00,2026-07-23,CONSERVATIVE_T1,margin_szse,000709,False
2026-07-22,AGGREGATOR|research-node|akshare@1.18.97|stock_margin_detail_szse,,,2026-09-26T09:36:02.799162+00:00,2026-07-23,CONSERVATIVE_T1,margin_szse,000750,False
2026-07-22,AGGREGATOR|research-node|akshare@1.18.97|stock_margin_detail_szse,,,2026-09-26T09:36:02.799162+00:00,2026-07-23,CONSERVATIVE_T1,margin_szse,000783,False
2026-07-22,AGGREGATOR|research-node|akshare@1.18.97|stock_margin_detail_szse,,,2026-09-26T09:36:02.799162+00:00,2026-07-23,CONSERVATIVE_T1,margin_szse,000825,True
2026-07-22,AGGREGATOR|research-node|akshare@1.18.97|stock_margin_detail_szse,,,2026-09-26T09:36:02.799162+00:00,2026-07-23,CONSERVATIVE_T1,margin_szse,002160,False
2026-07-22,AGGREGATOR|research-node|akshare@1.18.97|stock_margin_detail_szse,,,2026-09-26T09:36:02.799162+00:00,2026-07-23,CONSERVATIVE_T1,margin_szse,002185,False
2026-07-22,AGGREGATOR|research-node|akshare@1.18.97|stock_margin_detail_szse,,,2026-09-26T09:36:02.799162+00:00,2026-07-23,CONSERVATIVE_T1,margin_szse,002354,False
2026-07-22,AGGREGATOR|research-node|akshare@1.18.97|stock_margin_detail_szse,,,2026-09-26T09:36:02.799162+00:00,2026-07-23,CONSERVATIVE_T1,margin_szse,002440,False
2026-07-22,AGGREGATOR|research-node|akshare@1.18.97|stock_margin_detail_szse,,,2026-09-26T09:36:02.799162+00:00,2026-07-23,CONSERVATIVE_T1,margin_szse,002471,False
2026-07-22,AGGREGATOR|research-node|akshare@1.18.97|stock_margin_detail_szse,,,2026-09-26T09:36:02.799162+00:00,2026-07-23,CONSERVATIVE_T1,margin_szse,002497,False
2026-07-22,AGGREGATOR|research-node|akshare@1.18.97|stock_margin_detail_szse,,,2026-09-26T09:36:02.799162+00:00,2026-07-23,CONSERVATIVE_T1,margin_szse,002574,False
2026-07-22,AGGREGATOR|research-node|akshare@1.18.97|stock_margin_detail_szse,,,2026-09-26T09:36:02.799162+00:00,2026-07-23,CONSERVATIVE_T1,margin_szse,002695,False
2026-07-22,AGGREGATOR|research-node|akshare@1.18.97|stock_margin_detail_szse,,,2026-09-26T09:36:02.799162+00:00,2026-07-23,CONSERVATIVE_T1,margin_szse,002736,False
2026-07-22,AGGREGATOR|research-node|akshare@1.18.97|stock_margin_detail_szse,,,2026-09-26T09:36:02.799162+00:00,2026-07-23,CONSERVATIVE_T1,margin_szse,300059,False
2026-07-22,AGGREGATOR|research-node|akshare@1.18.97|stock_margin_detail_szse,,,2026-09-26T09:36:02.799162+00:00,2026-07-23,CONSERVATIVE_T1,margin_szse,300094,False
2026-07-22,AGGREGATOR|research-node|akshare@1.18.97|stock_margin_detail_szse,,,2026-09-26T09:36:02.799162+00:00,2026-07-23,CONSERVATIVE_T1,margin_szse,300199,False
2026-07-22,AGGREGATOR|research-node|akshare@1.18.97|stock_margin_detail_szse,,,2026-09-26T09:36:02.799162+00:00,2026-07-23,CONSERVATIVE_T1,margin_szse,300342,False
2026-07-22,AGGREGATOR|research-node|akshare@1.18.97|stock_margin_detail_szse,,,2026-09-26T09:36:02.799162+00:00,2026-07-23,CONSERVATIVE_T1,margin_szse,300921,False
2026-07-22,AGGREGATOR|research-node|akshare@1.18.97|stock_margin_detail_szse,,,2026-09-26T09:36:02.799162+00:00,2026-07-23,CONSERVATIVE_T1,margin_szse,300946,False
2026-07-22,AGGREGATOR|research-node|akshare@1.18.97|stock_margin_detail_szse,,,2026-09-26T09:36:02.799162+00:00,2026-07-23,CONSERVATIVE_T1,margin_szse,300977,False
2026-07-22,AGGREGATOR|research-node|akshare@1.18.97|stock_margin_detail_szse,,,2026-09-26T09:36:02.799162+00:00,2026-07-23,CONSERVATIVE_T1,margin_szse,301010,False
2026-07-22,AGGREGATOR|research-node|akshare@1.18.97|stock_margin_detail_szse,,,2026-09-26T09:36:02.799162+00:00,2026-07-23,CONSERVATIVE_T1,margin_szse,301231,False
2026-07-22,AGGREGATOR|research-node|akshare@1.18.97|stock_margin_detail_szse,,,2026-09-26T09:36:02.799162+00:00,2026-07-23,CONSERVATIVE_T1,margin_szse,301297,False
2026-07-22,AGGREGATOR|research-node|akshare@1.18.97|stock_margin_detail_szse,,,2026-09-26T09:36:02.799162+00:00,2026-07-23,CONSERVATIVE_T1,margin_szse,301353,False
2026-07-22,AGGREGATOR|research-node|akshare@1.18.97|stock_margin_detail_szse,,,2026-09-26T09:36:02.799162+00:00,2026-07-23,CONSERVATIVE_T1,margin_szse,301357,True
2026-07-22,AGGREGATOR|research-node|akshare@1.18.97|stock_margin_detail_szse,,,2026-09-26T09:36:02.799162+00:00,2026-07-23,CONSERVATIVE_T1,margin_szse,301503,False
2026-07-23,AGGREGATOR|research-node|akshare@1.18.97|stock_margin_detail_szse,,,2026-09-26T09:36:05.210893+00:00,2026-07-24,CONSERVATIVE_T1,margin_szse,000089,False
2026-07-23,AGGREGATOR|research-node|akshare@1.18.97|stock_margin_detail_szse,,,2026-09-26T09:36:05.210893+00:00,2026-07-24,CONSERVATIVE_T1,margin_szse,000539,False
2026-07-23,AGGREGATOR|research-node|akshare@1.18.97|stock_margin_detail_szse,,,2026-09-26T09:36:05.210893+00:00,2026-07-24,CONSERVATIVE_T1,margin_szse,000557,False
2026-07-23,AGGREGATOR|research-node|akshare@1.18.97|stock_margin_detail_szse,,,2026-09-26T09:36:05.210893+00:00,2026-07-24,CONSERVATIVE_T1,margin_szse,000603,False
2026-07-23,AGGREGATOR|research-node|akshare@1.18.97|stock_margin_detail_szse,,,2026-09-26T09:36:05.210893+00:00,2026-07-24,CONSERVATIVE_T1,margin_szse,000628,False
2026-07-23,AGGREGATOR|research-node|akshare@1.18.97|stock_margin_detail_szse,,,2026-09-26T09:36:05.210893+00:00,2026-07-24,CONSERVATIVE_T1,margin_szse,000685,False
2026-07-23,AGGREGATOR|research-node|akshare@1.18.97|stock_margin_detail_szse,,,2026-09-26T09:36:05.210893+00:00,2026-07-24,CONSERVATIVE_T1,margin_szse,000709,False
2026-07-23,AGGREGATOR|research-node|akshare@1.18.97|stock_margin_detail_szse,,,2026-09-26T09:36:05.210893+00:00,2026-07-24,CONSERVATIVE_T1,margin_szse,000750,False
2026-07-23,AGGREGATOR|research-node|akshare@1.18.97|stock_margin_detail_szse,,,2026-09-26T09:36:05.210893+00:00,2026-07-24,CONSERVATIVE_T1,margin_szse,000783,False
2026-07-23,AGGREGATOR|research-node|akshare@1.18.97|stock_margin_detail_szse,,,2026-09-26T09:36:05.210893+00:00,2026-07-24,CONSERVATIVE_T1,margin_szse,000825,True
2026-07-23,AGGREGATOR|research-node|akshare@1.18.97|stock_margin_detail_szse,,,2026-09-26T09:36:05.210893+00:00,2026-07-24,CONSERVATIVE_T1,margin_szse,002160,False
2026-07-23,AGGREGATOR|research-node|akshare@1.18.97|stock_margin_detail_szse,,,2026-09-26T09:36:05.210893+00:00,2026-07-24,CONSERVATIVE_T1,margin_szse,002185,False
2026-07-23,AGGREGATOR|research-node|akshare@1.18.97|stock_margin_detail_szse,,,2026-09-26T09:36:05.210893+00:00,2026-07-24,CONSERVATIVE_T1,margin_szse,002354,False
2026-07-23,AGGREGATOR|research-node|akshare@1.18.97|stock_margin_detail_szse,,,2026-09-26T09:36:05.210893+00:00,2026-07-24,CONSERVATIVE_T1,margin_szse,002440,False
2026-07-23,AGGREGATOR|research-node|akshare@1.18.97|stock_margin_detail_szse,,,2026-09-26T09:36:05.210893+00:00,2026-07-24,CONSERVATIVE_T1,margin_szse,002471,False
2026-07-23,AGGREGATOR|research-node|akshare@1.18.97|stock_margin_detail_szse,,,2026-09-26T09:36:05.210893+00:00,2026-07-24,CONSERVATIVE_T1,margin_szse,002497,False
2026-07-23,AGGREGATOR|research-node|akshare@1.18.97|stock_margin_detail_szse,,,2026-09-26T09:36:05.210893+00:00,2026-07-24,CONSERVATIVE_T1,margin_szse,002574,False
2026-07-23,AGGREGATOR|research-node|akshare@1.18.97|stock_margin_detail_szse,,,2026-09-26T09:36:05.210893+00:00,2026-07-24,CONSERVATIVE_T1,margin_szse,002695,False
2026-07-23,AGGREGATOR|research-node|akshare@1.18.97|stock_margin_detail_szse,,,2026-09-26T09:36:05.210893+00:00,2026-07-24,CONSERVATIVE_T1,margin_szse,002736,False
2026-07-23,AGGREGATOR|research-node|akshare@1.18.97|stock_margin_detail_szse,,,2026-09-26T09:36:05.210893+00:00,2026-07-24,CONSERVATIVE_T1,margin_szse,300059,False
2026-07-23,AGGREGATOR|research-node|akshare@1.18.97|stock_margin_detail_szse,,,2026-09-26T09:36:05.210893+00:00,2026-07-24,CONSERVATIVE_T1,margin_szse,300094,False
2026-07-23,AGGREGATOR|research-node|akshare@1.18.97|stock_margin_detail_szse,,,2026-09-26T09:36:05.210893+00:00,2026-07-24,CONSERVATIVE_T1,margin_szse,300199,False
2026-07-23,AGGREGATOR|research-node|akshare@1.18.97|stock_margin_detail_szse,,,2026-09-26T09:36:05.210893+00:00,2026-07-24,CONSERVATIVE_T1,margin_szse,300342,False
2026-07-23,AGGREGATOR|research-node|akshare@1.18.97|stock_margin_detail_szse,,,2026-09-26T09:36:05.210893+00:00,2026-07-24,CONSERVATIVE_T1,margin_szse,300921,False
2026-07-23,AGGREGATOR|research-node|akshare@1.18.97|stock_margin_detail_szse,,,2026-09-26T09:36:05.210893+00:00,2026-07-24,CONSERVATIVE_T1,margin_szse,300946,False
2026-07-23,AGGREGATOR|research-node|akshare@1.18.97|stock_margin_detail_szse,,,2026-09-26T09:36:05.210893+00:00,2026-07-24,CONSERVATIVE_T1,margin_szse,300977,False
2026-07-23,AGGREGATOR|research-node|akshare@1.18.97|stock_margin_detail_szse,,,2026-09-26T09:36:05.210893+00:00,2026-07-24,CONSERVATIVE_T1,margin_szse,301010,False
2026-07-23,AGGREGATOR|research-node|akshare@1.18.97|stock_margin_detail_szse,,,2026-09-26T09:36:05.210893+00:00,2026-07-24,CONSERVATIVE_T1,margin_szse,301231,False
2026-07-23,AGGREGATOR|research-node|akshare@1.18.97|stock_margin_detail_szse,,,2026-09-26T09:36:05.210893+00:00,2026-07-24,CONSERVATIVE_T1,margin_szse,301297,False
2026-07-23,AGGREGATOR|research-node|akshare@1.18.97|stock_margin_detail_szse,,,2026-09-26T09:36:05.210893+00:00,2026-07-24,CONSERVATIVE_T1,margin_szse,301353,False
2026-07-23,AGGREGATOR|research-node|akshare@1.18.97|stock_margin_detail_szse,,,2026-09-26T09:36:05.210893+00:00,2026-07-24,CONSERVATIVE_T1,margin_szse,301357,True
2026-07-23,AGGREGATOR|research-node|akshare@1.18.97|stock_margin_detail_szse,,,2026-09-26T09:36:05.210893+00:00,2026-07-24,CONSERVATIVE_T1,margin_szse,301503,False
2026-07-24,AGGREGATOR|research-node|akshare@1.18.97|stock_margin_detail_szse,,,2026-09-26T09:36:07.661280+00:00,2026-07-27,CONSERVATIVE_T1,margin_szse,000089,False
2026-07-24,AGGREGATOR|research-node|akshare@1.18.97|stock_margin_detail_szse,,,2026-09-26T09:36:07.661280+00:00,2026-07-27,CONSERVATIVE_T1,margin_szse,000539,False
2026-07-24,AGGREGATOR|research-node|akshare@1.18.97|stock_margin_detail_szse,,,2026-09-26T09:36:07.661280+00:00,2026-07-27,CONSERVATIVE_T1,margin_szse,000557,False
2026-07-24,AGGREGATOR|research-node|akshare@1.18.97|stock_margin_detail_szse,,,2026-09-26T09:36:07.661280+00:00,2026-07-27,CONSERVATIVE_T1,margin_szse,000603,False
2026-07-24,AGGREGATOR|research-node|akshare@1.18.97|stock_margin_detail_szse,,,2026-09-26T09:36:07.661280+00:00,2026-07-27,CONSERVATIVE_T1,margin_szse,000628,False
2026-07-24,AGGREGATOR|research-node|akshare@1.18.97|stock_margin_detail_szse,,,2026-09-26T09:36:07.661280+00:00,2026-07-27,CONSERVATIVE_T1,margin_szse,000685,False
2026-07-24,AGGREGATOR|research-node|akshare@1.18.97|stock_margin_detail_szse,,,2026-09-26T09:36:07.661280+00:00,2026-07-27,CONSERVATIVE_T1,margin_szse,000709,False
2026-07-24,AGGREGATOR|research-node|akshare@1.18.97|stock_margin_detail_szse,,,2026-09-26T09:36:07.661280+00:00,2026-07-27,CONSERVATIVE_T1,margin_szse,000750,False
2026-07-24,AGGREGATOR|research-node|akshare@1.18.97|stock_margin_detail_szse,,,2026-09-26T09:36:07.661280+00:00,2026-07-27,CONSERVATIVE_T1,margin_szse,000783,False
2026-07-24,AGGREGATOR|research-node|akshare@1.18.97|stock_margin_detail_szse,,,2026-09-26T09:36:07.661280+00:00,2026-07-27,CONSERVATIVE_T1,margin_szse,000825,True
2026-07-24,AGGREGATOR|research-node|akshare@1.18.97|stock_margin_detail_szse,,,2026-09-26T09:36:07.661280+00:00,2026-07-27,CONSERVATIVE_T1,margin_szse,002160,False
2026-07-24,AGGREGATOR|research-node|akshare@1.18.97|stock_margin_detail_szse,,,2026-09-26T09:36:07.661280+00:00,2026-07-27,CONSERVATIVE_T1,margin_szse,002185,False
2026-07-24,AGGREGATOR|research-node|akshare@1.18.97|stock_margin_detail_szse,,,2026-09-26T09:36:07.661280+00:00,2026-07-27,CONSERVATIVE_T1,margin_szse,002354,False
2026-07-24,AGGREGATOR|research-node|akshare@1.18.97|stock_margin_detail_szse,,,2026-09-26T09:36:07.661280+00:00,2026-07-27,CONSERVATIVE_T1,margin_szse,002440,False
2026-07-24,AGGREGATOR|research-node|akshare@1.18.97|stock_margin_detail_szse,,,2026-09-26T09:36:07.661280+00:00,2026-07-27,CONSERVATIVE_T1,margin_szse,002471,False
2026-07-24,AGGREGATOR|research-node|akshare@1.18.97|stock_margin_detail_szse,,,2026-09-26T09:36:07.661280+00:00,2026-07-27,CONSERVATIVE_T1,margin_szse,002497,False
2026-07-24,AGGREGATOR|research-node|akshare@1.18.97|stock_margin_detail_szse,,,2026-09-26T09:36:07.661280+00:00,2026-07-27,CONSERVATIVE_T1,margin_szse,002574,False
2026-07-24,AGGREGATOR|research-node|akshare@1.18.97|stock_margin_detail_szse,,,2026-09-26T09:36:07.661280+00:00,2026-07-27,CONSERVATIVE_T1,margin_szse,002695,False
2026-07-24,AGGREGATOR|research-node|akshare@1.18.97|stock_margin_detail_szse,,,2026-09-26T09:36:07.661280+00:00,2026-07-27,CONSERVATIVE_T1,margin_szse,002736,False
2026-07-24,AGGREGATOR|research-node|akshare@1.18.97|stock_margin_detail_szse,,,2026-09-26T09:36:07.661280+00:00,2026-07-27,CONSERVATIVE_T1,margin_szse,300059,False
2026-07-24,AGGREGATOR|research-node|akshare@1.18.97|stock_margin_detail_szse,,,2026-09-26T09:36:07.661280+00:00,2026-07-27,CONSERVATIVE_T1,margin_szse,300094,False
2026-07-24,AGGREGATOR|research-node|akshare@1.18.97|stock_margin_detail_szse,,,2026-09-26T09:36:07.661280+00:00,2026-07-27,CONSERVATIVE_T1,margin_szse,300199,False
2026-07-24,AGGREGATOR|research-node|akshare@1.18.97|stock_margin_detail_szse,,,2026-09-26T09:36:07.661280+00:00,2026-07-27,CONSERVATIVE_T1,margin_szse,300342,False
2026-07-24,AGGREGATOR|research-node|akshare@1.18.97|stock_margin_detail_szse,,,2026-09-26T09:36:07.661280+00:00,2026-07-27,CONSERVATIVE_T1,margin_szse,300921,False
2026-07-24,AGGREGATOR|research-node|akshare@1.18.97|stock_margin_detail_szse,,,2026-09-26T09:36:07.661280+00:00,2026-07-27,CONSERVATIVE_T1,margin_szse,300946,False
2026-07-24,AGGREGATOR|research-node|akshare@1.18.97|stock_margin_detail_szse,,,2026-09-26T09:36:07.661280+00:00,2026-07-27,CONSERVATIVE_T1,margin_szse,300977,False
2026-07-24,AGGREGATOR|research-node|akshare@1.18.97|stock_margin_detail_szse,,,2026-09-26T09:36:07.661280+00:00,2026-07-27,CONSERVATIVE_T1,margin_szse,301010,False
2026-07-24,AGGREGATOR|research-node|akshare@1.18.97|stock_margin_detail_szse,,,2026-09-26T09:36:07.661280+00:00,2026-07-27,CONSERVATIVE_T1,margin_szse,301231,False
2026-07-24,AGGREGATOR|research-node|akshare@1.18.97|stock_margin_detail_szse,,,2026-09-26T09:36:07.661280+00:00,2026-07-27,CONSERVATIVE_T1,margin_szse,301297,False
2026-07-24,AGGREGATOR|research-node|akshare@1.18.97|stock_margin_detail_szse,,,2026-09-26T09:36:07.661280+00:00,2026-07-27,CONSERVATIVE_T1,margin_szse,301353,False
2026-07-24,AGGREGATOR|research-node|akshare@1.18.97|stock_margin_detail_szse,,,2026-09-26T09:36:07.661280+00:00,2026-07-27,CONSERVATIVE_T1,margin_szse,301357,True
2026-07-24,AGGREGATOR|research-node|akshare@1.18.97|stock_margin_detail_szse,,,2026-09-26T09:36:07.661280+00:00,2026-07-27,CONSERVATIVE_T1,margin_szse,301503,False
2026-07-27,AGGREGATOR|research-node|akshare@1.18.97|stock_margin_detail_szse,,,2026-09-26T09:36:10.156749+00:00,2026-07-28,CONSERVATIVE_T1,margin_szse,000089,False
2026-07-27,AGGREGATOR|research-node|akshare@1.18.97|stock_margin_detail_szse,,,2026-09-26T09:36:10.156749+00:00,2026-07-28,CONSERVATIVE_T1,margin_szse,000539,False
2026-07-27,AGGREGATOR|research-node|akshare@1.18.97|stock_margin_detail_szse,,,2026-09-26T09:36:10.156749+00:00,2026-07-28,CONSERVATIVE_T1,margin_szse,000557,False
2026-07-27,AGGREGATOR|research-node|akshare@1.18.97|stock_margin_detail_szse,,,2026-09-26T09:36:10.156749+00:00,2026-07-28,CONSERVATIVE_T1,margin_szse,000603,False
2026-07-27,AGGREGATOR|research-node|akshare@1.18.97|stock_margin_detail_szse,,,2026-09-26T09:36:10.156749+00:00,2026-07-28,CONSERVATIVE_T1,margin_szse,000628,False
2026-07-27,AGGREGATOR|research-node|akshare@1.18.97|stock_margin_detail_szse,,,2026-09-26T09:36:10.156749+00:00,2026-07-28,CONSERVATIVE_T1,margin_szse,000685,False
2026-07-27,AGGREGATOR|research-node|akshare@1.18.97|stock_margin_detail_szse,,,2026-09-26T09:36:10.156749+00:00,2026-07-28,CONSERVATIVE_T1,margin_szse,000709,False
2026-07-27,AGGREGATOR|research-node|akshare@1.18.97|stock_margin_detail_szse,,,2026-09-26T09:36:10.156749+00:00,2026-07-28,CONSERVATIVE_T1,margin_szse,000750,False
2026-07-27,AGGREGATOR|research-node|akshare@1.18.97|stock_margin_detail_szse,,,2026-09-26T09:36:10.156749+00:00,2026-07-28,CONSERVATIVE_T1,margin_szse,000783,False
2026-07-27,AGGREGATOR|research-node|akshare@1.18.97|stock_margin_detail_szse,,,2026-09-26T09:36:10.156749+00:00,2026-07-28,CONSERVATIVE_T1,margin_szse,000825,True
2026-07-27,AGGREGATOR|research-node|akshare@1.18.97|stock_margin_detail_szse,,,2026-09-26T09:36:10.156749+00:00,2026-07-28,CONSERVATIVE_T1,margin_szse,002160,False
2026-07-27,AGGREGATOR|research-node|akshare@1.18.97|stock_margin_detail_szse,,,2026-09-26T09:36:10.156749+00:00,2026-07-28,CONSERVATIVE_T1,margin_szse,002185,False
2026-07-27,AGGREGATOR|research-node|akshare@1.18.97|stock_margin_detail_szse,,,2026-09-26T09:36:10.156749+00:00,2026-07-28,CONSERVATIVE_T1,margin_szse,002354,False
2026-07-27,AGGREGATOR|research-node|akshare@1.18.97|stock_margin_detail_szse,,,2026-09-26T09:36:10.156749+00:00,2026-07-28,CONSERVATIVE_T1,margin_szse,002440,False
2026-07-27,AGGREGATOR|research-node|akshare@1.18.97|stock_margin_detail_szse,,,2026-09-26T09:36:10.156749+00:00,2026-07-28,CONSERVATIVE_T1,margin_szse,002471,False
2026-07-27,AGGREGATOR|research-node|akshare@1.18.97|stock_margin_detail_szse,,,2026-09-26T09:36:10.156749+00:00,2026-07-28,CONSERVATIVE_T1,margin_szse,002497,False
2026-07-27,AGGREGATOR|research-node|akshare@1.18.97|stock_margin_detail_szse,,,2026-09-26T09:36:10.156749+00:00,2026-07-28,CONSERVATIVE_T1,margin_szse,002574,False
2026-07-27,AGGREGATOR|research-node|akshare@1.18.97|stock_margin_detail_szse,,,2026-09-26T09:36:10.156749+00:00,2026-07-28,CONSERVATIVE_T1,margin_szse,002695,False
2026-07-27,AGGREGATOR|research-node|akshare@1.18.97|stock_margin_detail_szse,,,2026-09-26T09:36:10.156749+00:00,2026-07-28,CONSERVATIVE_T1,margin_szse,002736,False
2026-07-27,AGGREGATOR|research-node|akshare@1.18.97|stock_margin_detail_szse,,,2026-09-26T09:36:10.156749+00:00,2026-07-28,CONSERVATIVE_T1,margin_szse,300059,False
2026-07-27,AGGREGATOR|research-node|akshare@1.18.97|stock_margin_detail_szse,,,2026-09-26T09:36:10.156749+00:00,2026-07-28,CONSERVATIVE_T1,margin_szse,300094,False
2026-07-27,AGGREGATOR|research-node|akshare@1.18.97|stock_margin_detail_szse,,,2026-09-26T09:36:10.156749+00:00,2026-07-28,CONSERVATIVE_T1,margin_szse,300199,False
2026-07-27,AGGREGATOR|research-node|akshare@1.18.97|stock_margin_detail_szse,,,2026-09-26T09:36:10.156749+00:00,2026-07-28,CONSERVATIVE_T1,margin_szse,300342,False
2026-07-27,AGGREGATOR|research-node|akshare@1.18.97|stock_margin_detail_szse,,,2026-09-26T09:36:10.156749+00:00,2026-07-28,CONSERVATIVE_T1,margin_szse,300921,False
2026-07-27,AGGREGATOR|research-node|akshare@1.18.97|stock_margin_detail_szse,,,2026-09-26T09:36:10.156749+00:00,2026-07-28,CONSERVATIVE_T1,margin_szse,300946,False
2026-07-27,AGGREGATOR|research-node|akshare@1.18.97|stock_margin_detail_szse,,,2026-09-26T09:36:10.156749+00:00,2026-07-28,CONSERVATIVE_T1,margin_szse,300977,False
2026-07-27,AGGREGATOR|research-node|akshare@1.18.97|stock_margin_detail_szse,,,2026-09-26T09:36:10.156749+00:00,2026-07-28,CONSERVATIVE_T1,margin_szse,301010,False
2026-07-27,AGGREGATOR|research-node|akshare@1.18.97|stock_margin_detail_szse,,,2026-09-26T09:36:10.156749+00:00,2026-07-28,CONSERVATIVE_T1,margin_szse,301231,False
2026-07-27,AGGREGATOR|research-node|akshare@1.18.97|stock_margin_detail_szse,,,2026-09-26T09:36:10.156749+00:00,2026-07-28,CONSERVATIVE_T1,margin_szse,301297,False
2026-07-27,AGGREGATOR|research-node|akshare@1.18.97|stock_margin_detail_szse,,,2026-09-26T09:36:10.156749+00:00,2026-07-28,CONSERVATIVE_T1,margin_szse,301353,False
2026-07-27,AGGREGATOR|research-node|akshare@1.18.97|stock_margin_detail_szse,,,2026-09-26T09:36:10.156749+00:00,2026-07-28,CONSERVATIVE_T1,margin_szse,301357,True
2026-07-27,AGGREGATOR|research-node|akshare@1.18.97|stock_margin_detail_szse,,,2026-09-26T09:36:10.156749+00:00,2026-07-28,CONSERVATIVE_T1,margin_szse,301503,False
2026-07-28,AGGREGATOR|research-node|akshare@1.18.97|stock_margin_detail_szse,,,2026-09-26T09:36:12.578004+00:00,2026-07-29,CONSERVATIVE_T1,margin_szse,000089,False
2026-07-28,AGGREGATOR|research-node|akshare@1.18.97|stock_margin_detail_szse,,,2026-09-26T09:36:12.578004+00:00,2026-07-29,CONSERVATIVE_T1,margin_szse,000539,False
2026-07-28,AGGREGATOR|research-node|akshare@1.18.97|stock_margin_detail_szse,,,2026-09-26T09:36:12.578004+00:00,2026-07-29,CONSERVATIVE_T1,margin_szse,000557,False
2026-07-28,AGGREGATOR|research-node|akshare@1.18.97|stock_margin_detail_szse,,,2026-09-26T09:36:12.578004+00:00,2026-07-29,CONSERVATIVE_T1,margin_szse,000603,False
2026-07-28,AGGREGATOR|research-node|akshare@1.18.97|stock_margin_detail_szse,,,2026-09-26T09:36:12.578004+00:00,2026-07-29,CONSERVATIVE_T1,margin_szse,000628,False
2026-07-28,AGGREGATOR|research-node|akshare@1.18.97|stock_margin_detail_szse,,,2026-09-26T09:36:12.578004+00:00,2026-07-29,CONSERVATIVE_T1,margin_szse,000685,False
2026-07-28,AGGREGATOR|research-node|akshare@1.18.97|stock_margin_detail_szse,,,2026-09-26T09:36:12.578004+00:00,2026-07-29,CONSERVATIVE_T1,margin_szse,000709,False
2026-07-28,AGGREGATOR|research-node|akshare@1.18.97|stock_margin_detail_szse,,,2026-09-26T09:36:12.578004+00:00,2026-07-29,CONSERVATIVE_T1,margin_szse,000750,False
2026-07-28,AGGREGATOR|research-node|akshare@1.18.97|stock_margin_detail_szse,,,2026-09-26T09:36:12.578004+00:00,2026-07-29,CONSERVATIVE_T1,margin_szse,000783,False
2026-07-28,AGGREGATOR|research-node|akshare@1.18.97|stock_margin_detail_szse,,,2026-09-26T09:36:12.578004+00:00,2026-07-29,CONSERVATIVE_T1,margin_szse,000825,True
2026-07-28,AGGREGATOR|research-node|akshare@1.18.97|stock_margin_detail_szse,,,2026-09-26T09:36:12.578004+00:00,2026-07-29,CONSERVATIVE_T1,margin_szse,002160,False
2026-07-28,AGGREGATOR|research-node|akshare@1.18.97|stock_margin_detail_szse,,,2026-09-26T09:36:12.578004+00:00,2026-07-29,CONSERVATIVE_T1,margin_szse,002185,False
2026-07-28,AGGREGATOR|research-node|akshare@1.18.97|stock_margin_detail_szse,,,2026-09-26T09:36:12.578004+00:00,2026-07-29,CONSERVATIVE_T1,margin_szse,002354,False
2026-07-28,AGGREGATOR|research-node|akshare@1.18.97|stock_margin_detail_szse,,,2026-09-26T09:36:12.578004+00:00,2026-07-29,CONSERVATIVE_T1,margin_szse,002440,False
2026-07-28,AGGREGATOR|research-node|akshare@1.18.97|stock_margin_detail_szse,,,2026-09-26T09:36:12.578004+00:00,2026-07-29,CONSERVATIVE_T1,margin_szse,002471,False
2026-07-28,AGGREGATOR|research-node|akshare@1.18.97|stock_margin_detail_szse,,,2026-09-26T09:36:12.578004+00:00,2026-07-29,CONSERVATIVE_T1,margin_szse,002497,False
2026-07-28,AGGREGATOR|research-node|akshare@1.18.97|stock_margin_detail_szse,,,2026-09-26T09:36:12.578004+00:00,2026-07-29,CONSERVATIVE_T1,margin_szse,002574,False
2026-07-28,AGGREGATOR|research-node|akshare@1.18.97|stock_margin_detail_szse,,,2026-09-26T09:36:12.578004+00:00,2026-07-29,CONSERVATIVE_T1,margin_szse,002695,False
2026-07-28,AGGREGATOR|research-node|akshare@1.18.97|stock_margin_detail_szse,,,2026-09-26T09:36:12.578004+00:00,2026-07-29,CONSERVATIVE_T1,margin_szse,002736,False
2026-07-28,AGGREGATOR|research-node|akshare@1.18.97|stock_margin_detail_szse,,,2026-09-26T09:36:12.578004+00:00,2026-07-29,CONSERVATIVE_T1,margin_szse,300059,False
2026-07-28,AGGREGATOR|research-node|akshare@1.18.97|stock_margin_detail_szse,,,2026-09-26T09:36:12.578004+00:00,2026-07-29,CONSERVATIVE_T1,margin_szse,300094,False
2026-07-28,AGGREGATOR|research-node|akshare@1.18.97|stock_margin_detail_szse,,,2026-09-26T09:36:12.578004+00:00,2026-07-29,CONSERVATIVE_T1,margin_szse,300199,False
2026-07-28,AGGREGATOR|research-node|akshare@1.18.97|stock_margin_detail_szse,,,2026-09-26T09:36:12.578004+00:00,2026-07-29,CONSERVATIVE_T1,margin_szse,300342,False
2026-07-28,AGGREGATOR|research-node|akshare@1.18.97|stock_margin_detail_szse,,,2026-09-26T09:36:12.578004+00:00,2026-07-29,CONSERVATIVE_T1,margin_szse,300921,False
2026-07-28,AGGREGATOR|research-node|akshare@1.18.97|stock_margin_detail_szse,,,2026-09-26T09:36:12.578004+00:00,2026-07-29,CONSERVATIVE_T1,margin_szse,300946,False
2026-07-28,AGGREGATOR|research-node|akshare@1.18.97|stock_margin_detail_szse,,,2026-09-26T09:36:12.578004+00:00,2026-07-29,CONSERVATIVE_T1,margin_szse,300977,False
2026-07-28,AGGREGATOR|research-node|akshare@1.18.97|stock_margin_detail_szse,,,2026-09-26T09:36:12.578004+00:00,2026-07-29,CONSERVATIVE_T1,margin_szse,301010,False
2026-07-28,AGGREGATOR|research-node|akshare@1.18.97|stock_margin_detail_szse,,,2026-09-26T09:36:12.578004+00:00,2026-07-29,CONSERVATIVE_T1,margin_szse,301231,False
2026-07-28,AGGREGATOR|research-node|akshare@1.18.97|stock_margin_detail_szse,,,2026-09-26T09:36:12.578004+00:00,2026-07-29,CONSERVATIVE_T1,margin_szse,301297,False
2026-07-28,AGGREGATOR|research-node|akshare@1.18.97|stock_margin_detail_szse,,,2026-09-26T09:36:12.578004+00:00,2026-07-29,CONSERVATIVE_T1,margin_szse,301353,False
2026-07-28,AGGREGATOR|research-node|akshare@1.18.97|stock_margin_detail_szse,,,2026-09-26T09:36:12.578004+00:00,2026-07-29,CONSERVATIVE_T1,margin_szse,301357,True
2026-07-28,AGGREGATOR|research-node|akshare@1.18.97|stock_margin_detail_szse,,,2026-09-26T09:36:12.578004+00:00,2026-07-29,CONSERVATIVE_T1,margin_szse,301503,False
2026-07-29,AGGREGATOR|research-node|akshare@1.18.97|stock_margin_detail_szse,,,2026-09-26T09:36:15.096887+00:00,2026-07-30,CONSERVATIVE_T1,margin_szse,000089,False
2026-07-29,AGGREGATOR|research-node|akshare@1.18.97|stock_margin_detail_szse,,,2026-09-26T09:36:15.096887+00:00,2026-07-30,CONSERVATIVE_T1,margin_szse,000539,False
2026-07-29,AGGREGATOR|research-node|akshare@1.18.97|stock_margin_detail_szse,,,2026-09-26T09:36:15.096887+00:00,2026-07-30,CONSERVATIVE_T1,margin_szse,000557,False
2026-07-29,AGGREGATOR|research-node|akshare@1.18.97|stock_margin_detail_szse,,,2026-09-26T09:36:15.096887+00:00,2026-07-30,CONSERVATIVE_T1,margin_szse,000603,False
2026-07-29,AGGREGATOR|research-node|akshare@1.18.97|stock_margin_detail_szse,,,2026-09-26T09:36:15.096887+00:00,2026-07-30,CONSERVATIVE_T1,margin_szse,000628,False
2026-07-29,AGGREGATOR|research-node|akshare@1.18.97|stock_margin_detail_szse,,,2026-09-26T09:36:15.096887+00:00,2026-07-30,CONSERVATIVE_T1,margin_szse,000685,False
2026-07-29,AGGREGATOR|research-node|akshare@1.18.97|stock_margin_detail_szse,,,2026-09-26T09:36:15.096887+00:00,2026-07-30,CONSERVATIVE_T1,margin_szse,000709,False
2026-07-29,AGGREGATOR|research-node|akshare@1.18.97|stock_margin_detail_szse,,,2026-09-26T09:36:15.096887+00:00,2026-07-30,CONSERVATIVE_T1,margin_szse,000750,False
2026-07-29,AGGREGATOR|research-node|akshare@1.18.97|stock_margin_detail_szse,,,2026-09-26T09:36:15.096887+00:00,2026-07-30,CONSERVATIVE_T1,margin_szse,000783,False
2026-07-29,AGGREGATOR|research-node|akshare@1.18.97|stock_margin_detail_szse,,,2026-09-26T09:36:15.096887+00:00,2026-07-30,CONSERVATIVE_T1,margin_szse,000825,True
2026-07-29,AGGREGATOR|research-node|akshare@1.18.97|stock_margin_detail_szse,,,2026-09-26T09:36:15.096887+00:00,2026-07-30,CONSERVATIVE_T1,margin_szse,002160,False
2026-07-29,AGGREGATOR|research-node|akshare@1.18.97|stock_margin_detail_szse,,,2026-09-26T09:36:15.096887+00:00,2026-07-30,CONSERVATIVE_T1,margin_szse,002185,False
2026-07-29,AGGREGATOR|research-node|akshare@1.18.97|stock_margin_detail_szse,,,2026-09-26T09:36:15.096887+00:00,2026-07-30,CONSERVATIVE_T1,margin_szse,002354,False
2026-07-29,AGGREGATOR|research-node|akshare@1.18.97|stock_margin_detail_szse,,,2026-09-26T09:36:15.096887+00:00,2026-07-30,CONSERVATIVE_T1,margin_szse,002440,False
2026-07-29,AGGREGATOR|research-node|akshare@1.18.97|stock_margin_detail_szse,,,2026-09-26T09:36:15.096887+00:00,2026-07-30,CONSERVATIVE_T1,margin_szse,002471,False
2026-07-29,AGGREGATOR|research-node|akshare@1.18.97|stock_margin_detail_szse,,,2026-09-26T09:36:15.096887+00:00,2026-07-30,CONSERVATIVE_T1,margin_szse,002497,False
2026-07-29,AGGREGATOR|research-node|akshare@1.18.97|stock_margin_detail_szse,,,2026-09-26T09:36:15.096887+00:00,2026-07-30,CONSERVATIVE_T1,margin_szse,002574,False
2026-07-29,AGGREGATOR|research-node|akshare@1.18.97|stock_margin_detail_szse,,,2026-09-26T09:36:15.096887+00:00,2026-07-30,CONSERVATIVE_T1,margin_szse,002695,False
2026-07-29,AGGREGATOR|research-node|akshare@1.18.97|stock_margin_detail_szse,,,2026-09-26T09:36:15.096887+00:00,2026-07-30,CONSERVATIVE_T1,margin_szse,002736,False
2026-07-29,AGGREGATOR|research-node|akshare@1.18.97|stock_margin_detail_szse,,,2026-09-26T09:36:15.096887+00:00,2026-07-30,CONSERVATIVE_T1,margin_szse,300059,False
2026-07-29,AGGREGATOR|research-node|akshare@1.18.97|stock_margin_detail_szse,,,2026-09-26T09:36:15.096887+00:00,2026-07-30,CONSERVATIVE_T1,margin_szse,300094,False
2026-07-29,AGGREGATOR|research-node|akshare@1.18.97|stock_margin_detail_szse,,,2026-09-26T09:36:15.096887+00:00,2026-07-30,CONSERVATIVE_T1,margin_szse,300199,False
2026-07-29,AGGREGATOR|research-node|akshare@1.18.97|stock_margin_detail_szse,,,2026-09-26T09:36:15.096887+00:00,2026-07-30,CONSERVATIVE_T1,margin_szse,300342,False
2026-07-29,AGGREGATOR|research-node|akshare@1.18.97|stock_margin_detail_szse,,,2026-09-26T09:36:15.096887+00:00,2026-07-30,CONSERVATIVE_T1,margin_szse,300921,False
2026-07-29,AGGREGATOR|research-node|akshare@1.18.97|stock_margin_detail_szse,,,2026-09-26T09:36:15.096887+00:00,2026-07-30,CONSERVATIVE_T1,margin_szse,300946,False
2026-07-29,AGGREGATOR|research-node|akshare@1.18.97|stock_margin_detail_szse,,,2026-09-26T09:36:15.096887+00:00,2026-07-30,CONSERVATIVE_T1,margin_szse,300977,False
2026-07-29,AGGREGATOR|research-node|akshare@1.18.97|stock_margin_detail_szse,,,2026-09-26T09:36:15.096887+00:00,2026-07-30,CONSERVATIVE_T1,margin_szse,301010,False
2026-07-29,AGGREGATOR|research-node|akshare@1.18.97|stock_margin_detail_szse,,,2026-09-26T09:36:15.096887+00:00,2026-07-30,CONSERVATIVE_T1,margin_szse,301231,False
2026-07-29,AGGREGATOR|research-node|akshare@1.18.97|stock_margin_detail_szse,,,2026-09-26T09:36:15.096887+00:00,2026-07-30,CONSERVATIVE_T1,margin_szse,301297,False
2026-07-29,AGGREGATOR|research-node|akshare@1.18.97|stock_margin_detail_szse,,,2026-09-26T09:36:15.096887+00:00,2026-07-30,CONSERVATIVE_T1,margin_szse,301353,False
2026-07-29,AGGREGATOR|research-node|akshare@1.18.97|stock_margin_detail_szse,,,2026-09-26T09:36:15.096887+00:00,2026-07-30,CONSERVATIVE_T1,margin_szse,301357,True
2026-07-29,AGGREGATOR|research-node|akshare@1.18.97|stock_margin_detail_szse,,,2026-09-26T09:36:15.096887+00:00,2026-07-30,CONSERVATIVE_T1,margin_szse,301503,False
2026-07-30,AGGREGATOR|research-node|akshare@1.18.97|stock_margin_detail_szse,,,2026-09-26T09:36:17.502694+00:00,2026-07-31,CONSERVATIVE_T1,margin_szse,000089,False
2026-07-30,AGGREGATOR|research-node|akshare@1.18.97|stock_margin_detail_szse,,,2026-09-26T09:36:17.502694+00:00,2026-07-31,CONSERVATIVE_T1,margin_szse,000539,False
2026-07-30,AGGREGATOR|research-node|akshare@1.18.97|stock_margin_detail_szse,,,2026-09-26T09:36:17.502694+00:00,2026-07-31,CONSERVATIVE_T1,margin_szse,000557,False
2026-07-30,AGGREGATOR|research-node|akshare@1.18.97|stock_margin_detail_szse,,,2026-09-26T09:36:17.502694+00:00,2026-07-31,CONSERVATIVE_T1,margin_szse,000603,False
2026-07-30,AGGREGATOR|research-node|akshare@1.18.97|stock_margin_detail_szse,,,2026-09-26T09:36:17.502694+00:00,2026-07-31,CONSERVATIVE_T1,margin_szse,000628,False
2026-07-30,AGGREGATOR|research-node|akshare@1.18.97|stock_margin_detail_szse,,,2026-09-26T09:36:17.502694+00:00,2026-07-31,CONSERVATIVE_T1,margin_szse,000685,False
2026-07-30,AGGREGATOR|research-node|akshare@1.18.97|stock_margin_detail_szse,,,2026-09-26T09:36:17.502694+00:00,2026-07-31,CONSERVATIVE_T1,margin_szse,000709,False
2026-07-30,AGGREGATOR|research-node|akshare@1.18.97|stock_margin_detail_szse,,,2026-09-26T09:36:17.502694+00:00,2026-07-31,CONSERVATIVE_T1,margin_szse,000750,False
2026-07-30,AGGREGATOR|research-node|akshare@1.18.97|stock_margin_detail_szse,,,2026-09-26T09:36:17.502694+00:00,2026-07-31,CONSERVATIVE_T1,margin_szse,000783,False
2026-07-30,AGGREGATOR|research-node|akshare@1.18.97|stock_margin_detail_szse,,,2026-09-26T09:36:17.502694+00:00,2026-07-31,CONSERVATIVE_T1,margin_szse,000825,True
2026-07-30,AGGREGATOR|research-node|akshare@1.18.97|stock_margin_detail_szse,,,2026-09-26T09:36:17.502694+00:00,2026-07-31,CONSERVATIVE_T1,margin_szse,002160,False
2026-07-30,AGGREGATOR|research-node|akshare@1.18.97|stock_margin_detail_szse,,,2026-09-26T09:36:17.502694+00:00,2026-07-31,CONSERVATIVE_T1,margin_szse,002185,False
2026-07-30,AGGREGATOR|research-node|akshare@1.18.97|stock_margin_detail_szse,,,2026-09-26T09:36:17.502694+00:00,2026-07-31,CONSERVATIVE_T1,margin_szse,002354,False
2026-07-30,AGGREGATOR|research-node|akshare@1.18.97|stock_margin_detail_szse,,,2026-09-26T09:36:17.502694+00:00,2026-07-31,CONSERVATIVE_T1,margin_szse,002440,False
2026-07-30,AGGREGATOR|research-node|akshare@1.18.97|stock_margin_detail_szse,,,2026-09-26T09:36:17.502694+00:00,2026-07-31,CONSERVATIVE_T1,margin_szse,002471,False
2026-07-30,AGGREGATOR|research-node|akshare@1.18.97|stock_margin_detail_szse,,,2026-09-26T09:36:17.502694+00:00,2026-07-31,CONSERVATIVE_T1,margin_szse,002497,False
2026-07-30,AGGREGATOR|research-node|akshare@1.18.97|stock_margin_detail_szse,,,2026-09-26T09:36:17.502694+00:00,2026-07-31,CONSERVATIVE_T1,margin_szse,002574,False
2026-07-30,AGGREGATOR|research-node|akshare@1.18.97|stock_margin_detail_szse,,,2026-09-26T09:36:17.502694+00:00,2026-07-31,CONSERVATIVE_T1,margin_szse,002695,False
2026-07-30,AGGREGATOR|research-node|akshare@1.18.97|stock_margin_detail_szse,,,2026-09-26T09:36:17.502694+00:00,2026-07-31,CONSERVATIVE_T1,margin_szse,002736,False
2026-07-30,AGGREGATOR|research-node|akshare@1.18.97|stock_margin_detail_szse,,,2026-09-26T09:36:17.502694+00:00,2026-07-31,CONSERVATIVE_T1,margin_szse,300059,False
2026-07-30,AGGREGATOR|research-node|akshare@1.18.97|stock_margin_detail_szse,,,2026-09-26T09:36:17.502694+00:00,2026-07-31,CONSERVATIVE_T1,margin_szse,300094,False
2026-07-30,AGGREGATOR|research-node|akshare@1.18.97|stock_margin_detail_szse,,,2026-09-26T09:36:17.502694+00:00,2026-07-31,CONSERVATIVE_T1,margin_szse,300199,False
2026-07-30,AGGREGATOR|research-node|akshare@1.18.97|stock_margin_detail_szse,,,2026-09-26T09:36:17.502694+00:00,2026-07-31,CONSERVATIVE_T1,margin_szse,300342,False
2026-07-30,AGGREGATOR|research-node|akshare@1.18.97|stock_margin_detail_szse,,,2026-09-26T09:36:17.502694+00:00,2026-07-31,CONSERVATIVE_T1,margin_szse,300921,False
2026-07-30,AGGREGATOR|research-node|akshare@1.18.97|stock_margin_detail_szse,,,2026-09-26T09:36:17.502694+00:00,2026-07-31,CONSERVATIVE_T1,margin_szse,300946,False
2026-07-30,AGGREGATOR|research-node|akshare@1.18.97|stock_margin_detail_szse,,,2026-09-26T09:36:17.502694+00:00,2026-07-31,CONSERVATIVE_T1,margin_szse,300977,False
2026-07-30,AGGREGATOR|research-node|akshare@1.18.97|stock_margin_detail_szse,,,2026-09-26T09:36:17.502694+00:00,2026-07-31,CONSERVATIVE_T1,margin_szse,301010,False
2026-07-30,AGGREGATOR|research-node|akshare@1.18.97|stock_margin_detail_szse,,,2026-09-26T09:36:17.502694+00:00,2026-07-31,CONSERVATIVE_T1,margin_szse,301231,False
2026-07-30,AGGREGATOR|research-node|akshare@1.18.97|stock_margin_detail_szse,,,2026-09-26T09:36:17.502694+00:00,2026-07-31,CONSERVATIVE_T1,margin_szse,301297,False
2026-07-30,AGGREGATOR|research-node|akshare@1.18.97|stock_margin_detail_szse,,,2026-09-26T09:36:17.502694+00:00,2026-07-31,CONSERVATIVE_T1,margin_szse,301353,False
2026-07-30,AGGREGATOR|research-node|akshare@1.18.97|stock_margin_detail_szse,,,2026-09-26T09:36:17.502694+00:00,2026-07-31,CONSERVATIVE_T1,margin_szse,301357,True
2026-07-30,AGGREGATOR|research-node|akshare@1.18.97|stock_margin_detail_szse,,,2026-09-26T09:36:17.502694+00:00,2026-07-31,CONSERVATIVE_T1,margin_szse,301503,False
2026-07-31,AGGREGATOR|research-node|akshare@1.18.97|stock_margin_detail_szse,,,2026-09-26T09:36:19.940586+00:00,2026-08-03,CONSERVATIVE_T1,margin_szse,000089,False
2026-07-31,AGGREGATOR|research-node|akshare@1.18.97|stock_margin_detail_szse,,,2026-09-26T09:36:19.940586+00:00,2026-08-03,CONSERVATIVE_T1,margin_szse,000539,False
2026-07-31,AGGREGATOR|research-node|akshare@1.18.97|stock_margin_detail_szse,,,2026-09-26T09:36:19.940586+00:00,2026-08-03,CONSERVATIVE_T1,margin_szse,000557,False
2026-07-31,AGGREGATOR|research-node|akshare@1.18.97|stock_margin_detail_szse,,,2026-09-26T09:36:19.940586+00:00,2026-08-03,CONSERVATIVE_T1,margin_szse,000603,False
2026-07-31,AGGREGATOR|research-node|akshare@1.18.97|stock_margin_detail_szse,,,2026-09-26T09:36:19.940586+00:00,2026-08-03,CONSERVATIVE_T1,margin_szse,000628,False
2026-07-31,AGGREGATOR|research-node|akshare@1.18.97|stock_margin_detail_szse,,,2026-09-26T09:36:19.940586+00:00,2026-08-03,CONSERVATIVE_T1,margin_szse,000685,False
2026-07-31,AGGREGATOR|research-node|akshare@1.18.97|stock_margin_detail_szse,,,2026-09-26T09:36:19.940586+00:00,2026-08-03,CONSERVATIVE_T1,margin_szse,000709,False
2026-07-31,AGGREGATOR|research-node|akshare@1.18.97|stock_margin_detail_szse,,,2026-09-26T09:36:19.940586+00:00,2026-08-03,CONSERVATIVE_T1,margin_szse,000750,False
2026-07-31,AGGREGATOR|research-node|akshare@1.18.97|stock_margin_detail_szse,,,2026-09-26T09:36:19.940586+00:00,2026-08-03,CONSERVATIVE_T1,margin_szse,000783,False
2026-07-31,AGGREGATOR|research-node|akshare@1.18.97|stock_margin_detail_szse,,,2026-09-26T09:36:19.940586+00:00,2026-08-03,CONSERVATIVE_T1,margin_szse,000825,True
2026-07-31,AGGREGATOR|research-node|akshare@1.18.97|stock_margin_detail_szse,,,2026-09-26T09:36:19.940586+00:00,2026-08-03,CONSERVATIVE_T1,margin_szse,002160,False
2026-07-31,AGGREGATOR|research-node|akshare@1.18.97|stock_margin_detail_szse,,,2026-09-26T09:36:19.940586+00:00,2026-08-03,CONSERVATIVE_T1,margin_szse,002185,False
2026-07-31,AGGREGATOR|research-node|akshare@1.18.97|stock_margin_detail_szse,,,2026-09-26T09:36:19.940586+00:00,2026-08-03,CONSERVATIVE_T1,margin_szse,002354,False
2026-07-31,AGGREGATOR|research-node|akshare@1.18.97|stock_margin_detail_szse,,,2026-09-26T09:36:19.940586+00:00,2026-08-03,CONSERVATIVE_T1,margin_szse,002440,False
2026-07-31,AGGREGATOR|research-node|akshare@1.18.97|stock_margin_detail_szse,,,2026-09-26T09:36:19.940586+00:00,2026-08-03,CONSERVATIVE_T1,margin_szse,002471,False
2026-07-31,AGGREGATOR|research-node|akshare@1.18.97|stock_margin_detail_szse,,,2026-09-26T09:36:19.940586+00:00,2026-08-03,CONSERVATIVE_T1,margin_szse,002497,False
2026-07-31,AGGREGATOR|research-node|akshare@1.18.97|stock_margin_detail_szse,,,2026-09-26T09:36:19.940586+00:00,2026-08-03,CONSERVATIVE_T1,margin_szse,002574,False
2026-07-31,AGGREGATOR|research-node|akshare@1.18.97|stock_margin_detail_szse,,,2026-09-26T09:36:19.940586+00:00,2026-08-03,CONSERVATIVE_T1,margin_szse,002695,False
2026-07-31,AGGREGATOR|research-node|akshare@1.18.97|stock_margin_detail_szse,,,2026-09-26T09:36:19.940586+00:00,2026-08-03,CONSERVATIVE_T1,margin_szse,002736,False
2026-07-31,AGGREGATOR|research-node|akshare@1.18.97|stock_margin_detail_szse,,,2026-09-26T09:36:19.940586+00:00,2026-08-03,CONSERVATIVE_T1,margin_szse,300059,False
2026-07-31,AGGREGATOR|research-node|akshare@1.18.97|stock_margin_detail_szse,,,2026-09-26T09:36:19.940586+00:00,2026-08-03,CONSERVATIVE_T1,margin_szse,300094,False
2026-07-31,AGGREGATOR|research-node|akshare@1.18.97|stock_margin_detail_szse,,,2026-09-26T09:36:19.940586+00:00,2026-08-03,CONSERVATIVE_T1,margin_szse,300199,False
2026-07-31,AGGREGATOR|research-node|akshare@1.18.97|stock_margin_detail_szse,,,2026-09-26T09:36:19.940586+00:00,2026-08-03,CONSERVATIVE_T1,margin_szse,300342,False
2026-07-31,AGGREGATOR|research-node|akshare@1.18.97|stock_margin_detail_szse,,,2026-09-26T09:36:19.940586+00:00,2026-08-03,CONSERVATIVE_T1,margin_szse,300921,False
2026-07-31,AGGREGATOR|research-node|akshare@1.18.97|stock_margin_detail_szse,,,2026-09-26T09:36:19.940586+00:00,2026-08-03,CONSERVATIVE_T1,margin_szse,300946,False
2026-07-31,AGGREGATOR|research-node|akshare@1.18.97|stock_margin_detail_szse,,,2026-09-26T09:36:19.940586+00:00,2026-08-03,CONSERVATIVE_T1,margin_szse,300977,False
2026-07-31,AGGREGATOR|research-node|akshare@1.18.97|stock_margin_detail_szse,,,2026-09-26T09:36:19.940586+00:00,2026-08-03,CONSERVATIVE_T1,margin_szse,301010,False
2026-07-31,AGGREGATOR|research-node|akshare@1.18.97|stock_margin_detail_szse,,,2026-09-26T09:36:19.940586+00:00,2026-08-03,CONSERVATIVE_T1,margin_szse,301231,False
2026-07-31,AGGREGATOR|research-node|akshare@1.18.97|stock_margin_detail_szse,,,2026-09-26T09:36:19.940586+00:00,2026-08-03,CONSERVATIVE_T1,margin_szse,301297,False
2026-07-31,AGGREGATOR|research-node|akshare@1.18.97|stock_margin_detail_szse,,,2026-09-26T09:36:19.940586+00:00,2026-08-03,CONSERVATIVE_T1,margin_szse,301353,False
2026-07-31,AGGREGATOR|research-node|akshare@1.18.97|stock_margin_detail_szse,,,2026-09-26T09:36:19.940586+00:00,2026-08-03,CONSERVATIVE_T1,margin_szse,301357,True
2026-07-31,AGGREGATOR|research-node|akshare@1.18.97|stock_margin_detail_szse,,,2026-09-26T09:36:19.940586+00:00,2026-08-03,CONSERVATIVE_T1,margin_szse,301503,False
2026-08-03,AGGREGATOR|research-node|akshare@1.18.97|stock_margin_detail_szse,,,2026-09-26T09:36:22.501410+00:00,2026-08-04,CONSERVATIVE_T1,margin_szse,000089,False
2026-08-03,AGGREGATOR|research-node|akshare@1.18.97|stock_margin_detail_szse,,,2026-09-26T09:36:22.501410+00:00,2026-08-04,CONSERVATIVE_T1,margin_szse,000539,False
2026-08-03,AGGREGATOR|research-node|akshare@1.18.97|stock_margin_detail_szse,,,2026-09-26T09:36:22.501410+00:00,2026-08-04,CONSERVATIVE_T1,margin_szse,000557,False
2026-08-03,AGGREGATOR|research-node|akshare@1.18.97|stock_margin_detail_szse,,,2026-09-26T09:36:22.501410+00:00,2026-08-04,CONSERVATIVE_T1,margin_szse,000603,False
2026-08-03,AGGREGATOR|research-node|akshare@1.18.97|stock_margin_detail_szse,,,2026-09-26T09:36:22.501410+00:00,2026-08-04,CONSERVATIVE_T1,margin_szse,000628,False
2026-08-03,AGGREGATOR|research-node|akshare@1.18.97|stock_margin_detail_szse,,,2026-09-26T09:36:22.501410+00:00,2026-08-04,CONSERVATIVE_T1,margin_szse,000685,False
2026-08-03,AGGREGATOR|research-node|akshare@1.18.97|stock_margin_detail_szse,,,2026-09-26T09:36:22.501410+00:00,2026-08-04,CONSERVATIVE_T1,margin_szse,000709,False
2026-08-03,AGGREGATOR|research-node|akshare@1.18.97|stock_margin_detail_szse,,,2026-09-26T09:36:22.501410+00:00,2026-08-04,CONSERVATIVE_T1,margin_szse,000750,False
2026-08-03,AGGREGATOR|research-node|akshare@1.18.97|stock_margin_detail_szse,,,2026-09-26T09:36:22.501410+00:00,2026-08-04,CONSERVATIVE_T1,margin_szse,000783,False
2026-08-03,AGGREGATOR|research-node|akshare@1.18.97|stock_margin_detail_szse,,,2026-09-26T09:36:22.501410+00:00,2026-08-04,CONSERVATIVE_T1,margin_szse,000825,True
2026-08-03,AGGREGATOR|research-node|akshare@1.18.97|stock_margin_detail_szse,,,2026-09-26T09:36:22.501410+00:00,2026-08-04,CONSERVATIVE_T1,margin_szse,002160,False
2026-08-03,AGGREGATOR|research-node|akshare@1.18.97|stock_margin_detail_szse,,,2026-09-26T09:36:22.501410+00:00,2026-08-04,CONSERVATIVE_T1,margin_szse,002185,False
2026-08-03,AGGREGATOR|research-node|akshare@1.18.97|stock_margin_detail_szse,,,2026-09-26T09:36:22.501410+00:00,2026-08-04,CONSERVATIVE_T1,margin_szse,002354,False
2026-08-03,AGGREGATOR|research-node|akshare@1.18.97|stock_margin_detail_szse,,,2026-09-26T09:36:22.501410+00:00,2026-08-04,CONSERVATIVE_T1,margin_szse,002440,False
2026-08-03,AGGREGATOR|research-node|akshare@1.18.97|stock_margin_detail_szse,,,2026-09-26T09:36:22.501410+00:00,2026-08-04,CONSERVATIVE_T1,margin_szse,002471,False
2026-08-03,AGGREGATOR|research-node|akshare@1.18.97|stock_margin_detail_szse,,,2026-09-26T09:36:22.501410+00:00,2026-08-04,CONSERVATIVE_T1,margin_szse,002497,False
2026-08-03,AGGREGATOR|research-node|akshare@1.18.97|stock_margin_detail_szse,,,2026-09-26T09:36:22.501410+00:00,2026-08-04,CONSERVATIVE_T1,margin_szse,002574,False
2026-08-03,AGGREGATOR|research-node|akshare@1.18.97|stock_margin_detail_szse,,,2026-09-26T09:36:22.501410+00:00,2026-08-04,CONSERVATIVE_T1,margin_szse,002695,False
2026-08-03,AGGREGATOR|research-node|akshare@1.18.97|stock_margin_detail_szse,,,2026-09-26T09:36:22.501410+00:00,2026-08-04,CONSERVATIVE_T1,margin_szse,002736,False
2026-08-03,AGGREGATOR|research-node|akshare@1.18.97|stock_margin_detail_szse,,,2026-09-26T09:36:22.501410+00:00,2026-08-04,CONSERVATIVE_T1,margin_szse,300059,False
2026-08-03,AGGREGATOR|research-node|akshare@1.18.97|stock_margin_detail_szse,,,2026-09-26T09:36:22.501410+00:00,2026-08-04,CONSERVATIVE_T1,margin_szse,300094,False
2026-08-03,AGGREGATOR|research-node|akshare@1.18.97|stock_margin_detail_szse,,,2026-09-26T09:36:22.501410+00:00,2026-08-04,CONSERVATIVE_T1,margin_szse,300199,False
2026-08-03,AGGREGATOR|research-node|akshare@1.18.97|stock_margin_detail_szse,,,2026-09-26T09:36:22.501410+00:00,2026-08-04,CONSERVATIVE_T1,margin_szse,300342,False
2026-08-03,AGGREGATOR|research-node|akshare@1.18.97|stock_margin_detail_szse,,,2026-09-26T09:36:22.501410+00:00,2026-08-04,CONSERVATIVE_T1,margin_szse,300921,False
2026-08-03,AGGREGATOR|research-node|akshare@1.18.97|stock_margin_detail_szse,,,2026-09-26T09:36:22.501410+00:00,2026-08-04,CONSERVATIVE_T1,margin_szse,300946,False
2026-08-03,AGGREGATOR|research-node|akshare@1.18.97|stock_margin_detail_szse,,,2026-09-26T09:36:22.501410+00:00,2026-08-04,CONSERVATIVE_T1,margin_szse,300977,False
2026-08-03,AGGREGATOR|research-node|akshare@1.18.97|stock_margin_detail_szse,,,2026-09-26T09:36:22.501410+00:00,2026-08-04,CONSERVATIVE_T1,margin_szse,301010,False
2026-08-03,AGGREGATOR|research-node|akshare@1.18.97|stock_margin_detail_szse,,,2026-09-26T09:36:22.501410+00:00,2026-08-04,CONSERVATIVE_T1,margin_szse,301231,False
2026-08-03,AGGREGATOR|research-node|akshare@1.18.97|stock_margin_detail_szse,,,2026-09-26T09:36:22.501410+00:00,2026-08-04,CONSERVATIVE_T1,margin_szse,301297,False
2026-08-03,AGGREGATOR|research-node|akshare@1.18.97|stock_margin_detail_szse,,,2026-09-26T09:36:22.501410+00:00,2026-08-04,CONSERVATIVE_T1,margin_szse,301353,False
2026-08-03,AGGREGATOR|research-node|akshare@1.18.97|stock_margin_detail_szse,,,2026-09-26T09:36:22.501410+00:00,2026-08-04,CONSERVATIVE_T1,margin_szse,301357,True
2026-08-03,AGGREGATOR|research-node|akshare@1.18.97|stock_margin_detail_szse,,,2026-09-26T09:36:22.501410+00:00,2026-08-04,CONSERVATIVE_T1,margin_szse,301503,False
2026-08-04,AGGREGATOR|research-node|akshare@1.18.97|stock_margin_detail_szse,,,2026-09-26T09:36:24.864128+00:00,2026-08-05,CONSERVATIVE_T1,margin_szse,000089,False
2026-08-04,AGGREGATOR|research-node|akshare@1.18.97|stock_margin_detail_szse,,,2026-09-26T09:36:24.864128+00:00,2026-08-05,CONSERVATIVE_T1,margin_szse,000539,False
2026-08-04,AGGREGATOR|research-node|akshare@1.18.97|stock_margin_detail_szse,,,2026-09-26T09:36:24.864128+00:00,2026-08-05,CONSERVATIVE_T1,margin_szse,000557,False
2026-08-04,AGGREGATOR|research-node|akshare@1.18.97|stock_margin_detail_szse,,,2026-09-26T09:36:24.864128+00:00,2026-08-05,CONSERVATIVE_T1,margin_szse,000603,False
2026-08-04,AGGREGATOR|research-node|akshare@1.18.97|stock_margin_detail_szse,,,2026-09-26T09:36:24.864128+00:00,2026-08-05,CONSERVATIVE_T1,margin_szse,000628,False
2026-08-04,AGGREGATOR|research-node|akshare@1.18.97|stock_margin_detail_szse,,,2026-09-26T09:36:24.864128+00:00,2026-08-05,CONSERVATIVE_T1,margin_szse,000685,False
2026-08-04,AGGREGATOR|research-node|akshare@1.18.97|stock_margin_detail_szse,,,2026-09-26T09:36:24.864128+00:00,2026-08-05,CONSERVATIVE_T1,margin_szse,000709,False
2026-08-04,AGGREGATOR|research-node|akshare@1.18.97|stock_margin_detail_szse,,,2026-09-26T09:36:24.864128+00:00,2026-08-05,CONSERVATIVE_T1,margin_szse,000750,False
2026-08-04,AGGREGATOR|research-node|akshare@1.18.97|stock_margin_detail_szse,,,2026-09-26T09:36:24.864128+00:00,2026-08-05,CONSERVATIVE_T1,margin_szse,000783,False
2026-08-04,AGGREGATOR|research-node|akshare@1.18.97|stock_margin_detail_szse,,,2026-09-26T09:36:24.864128+00:00,2026-08-05,CONSERVATIVE_T1,margin_szse,000825,True
2026-08-04,AGGREGATOR|research-node|akshare@1.18.97|stock_margin_detail_szse,,,2026-09-26T09:36:24.864128+00:00,2026-08-05,CONSERVATIVE_T1,margin_szse,002160,False
2026-08-04,AGGREGATOR|research-node|akshare@1.18.97|stock_margin_detail_szse,,,2026-09-26T09:36:24.864128+00:00,2026-08-05,CONSERVATIVE_T1,margin_szse,002185,False
2026-08-04,AGGREGATOR|research-node|akshare@1.18.97|stock_margin_detail_szse,,,2026-09-26T09:36:24.864128+00:00,2026-08-05,CONSERVATIVE_T1,margin_szse,002354,False
2026-08-04,AGGREGATOR|research-node|akshare@1.18.97|stock_margin_detail_szse,,,2026-09-26T09:36:24.864128+00:00,2026-08-05,CONSERVATIVE_T1,margin_szse,002440,False
2026-08-04,AGGREGATOR|research-node|akshare@1.18.97|stock_margin_detail_szse,,,2026-09-26T09:36:24.864128+00:00,2026-08-05,CONSERVATIVE_T1,margin_szse,002471,False
2026-08-04,AGGREGATOR|research-node|akshare@1.18.97|stock_margin_detail_szse,,,2026-09-26T09:36:24.864128+00:00,2026-08-05,CONSERVATIVE_T1,margin_szse,002497,False
2026-08-04,AGGREGATOR|research-node|akshare@1.18.97|stock_margin_detail_szse,,,2026-09-26T09:36:24.864128+00:00,2026-08-05,CONSERVATIVE_T1,margin_szse,002574,False
2026-08-04,AGGREGATOR|research-node|akshare@1.18.97|stock_margin_detail_szse,,,2026-09-26T09:36:24.864128+00:00,2026-08-05,CONSERVATIVE_T1,margin_szse,002695,False
2026-08-04,AGGREGATOR|research-node|akshare@1.18.97|stock_margin_detail_szse,,,2026-09-26T09:36:24.864128+00:00,2026-08-05,CONSERVATIVE_T1,margin_szse,002736,False
2026-08-04,AGGREGATOR|research-node|akshare@1.18.97|stock_margin_detail_szse,,,2026-09-26T09:36:24.864128+00:00,2026-08-05,CONSERVATIVE_T1,margin_szse,300059,False
2026-08-04,AGGREGATOR|research-node|akshare@1.18.97|stock_margin_detail_szse,,,2026-09-26T09:36:24.864128+00:00,2026-08-05,CONSERVATIVE_T1,margin_szse,300094,False
2026-08-04,AGGREGATOR|research-node|akshare@1.18.97|stock_margin_detail_szse,,,2026-09-26T09:36:24.864128+00:00,2026-08-05,CONSERVATIVE_T1,margin_szse,300199,False
2026-08-04,AGGREGATOR|research-node|akshare@1.18.97|stock_margin_detail_szse,,,2026-09-26T09:36:24.864128+00:00,2026-08-05,CONSERVATIVE_T1,margin_szse,300342,False
2026-08-04,AGGREGATOR|research-node|akshare@1.18.97|stock_margin_detail_szse,,,2026-09-26T09:36:24.864128+00:00,2026-08-05,CONSERVATIVE_T1,margin_szse,300921,False
2026-08-04,AGGREGATOR|research-node|akshare@1.18.97|stock_margin_detail_szse,,,2026-09-26T09:36:24.864128+00:00,2026-08-05,CONSERVATIVE_T1,margin_szse,300946,False
2026-08-04,AGGREGATOR|research-node|akshare@1.18.97|stock_margin_detail_szse,,,2026-09-26T09:36:24.864128+00:00,2026-08-05,CONSERVATIVE_T1,margin_szse,300977,False
2026-08-04,AGGREGATOR|research-node|akshare@1.18.97|stock_margin_detail_szse,,,2026-09-26T09:36:24.864128+00:00,2026-08-05,CONSERVATIVE_T1,margin_szse,301010,False
2026-08-04,AGGREGATOR|research-node|akshare@1.18.97|stock_margin_detail_szse,,,2026-09-26T09:36:24.864128+00:00,2026-08-05,CONSERVATIVE_T1,margin_szse,301231,False
2026-08-04,AGGREGATOR|research-node|akshare@1.18.97|stock_margin_detail_szse,,,2026-09-26T09:36:24.864128+00:00,2026-08-05,CONSERVATIVE_T1,margin_szse,301297,False
2026-08-04,AGGREGATOR|research-node|akshare@1.18.97|stock_margin_detail_szse,,,2026-09-26T09:36:24.864128+00:00,2026-08-05,CONSERVATIVE_T1,margin_szse,301353,False
2026-08-04,AGGREGATOR|research-node|akshare@1.18.97|stock_margin_detail_szse,,,2026-09-26T09:36:24.864128+00:00,2026-08-05,CONSERVATIVE_T1,margin_szse,301357,True
2026-08-04,AGGREGATOR|research-node|akshare@1.18.97|stock_margin_detail_szse,,,2026-09-26T09:36:24.864128+00:00,2026-08-05,CONSERVATIVE_T1,margin_szse,301503,False
2026-08-05,AGGREGATOR|research-node|akshare@1.18.97|stock_margin_detail_szse,,,2026-09-26T09:36:27.424446+00:00,2026-08-06,CONSERVATIVE_T1,margin_szse,000089,False
2026-08-05,AGGREGATOR|research-node|akshare@1.18.97|stock_margin_detail_szse,,,2026-09-26T09:36:27.424446+00:00,2026-08-06,CONSERVATIVE_T1,margin_szse,000539,False
2026-08-05,AGGREGATOR|research-node|akshare@1.18.97|stock_margin_detail_szse,,,2026-09-26T09:36:27.424446+00:00,2026-08-06,CONSERVATIVE_T1,margin_szse,000557,False
2026-08-05,AGGREGATOR|research-node|akshare@1.18.97|stock_margin_detail_szse,,,2026-09-26T09:36:27.424446+00:00,2026-08-06,CONSERVATIVE_T1,margin_szse,000603,False
2026-08-05,AGGREGATOR|research-node|akshare@1.18.97|stock_margin_detail_szse,,,2026-09-26T09:36:27.424446+00:00,2026-08-06,CONSERVATIVE_T1,margin_szse,000628,False
2026-08-05,AGGREGATOR|research-node|akshare@1.18.97|stock_margin_detail_szse,,,2026-09-26T09:36:27.424446+00:00,2026-08-06,CONSERVATIVE_T1,margin_szse,000685,False
2026-08-05,AGGREGATOR|research-node|akshare@1.18.97|stock_margin_detail_szse,,,2026-09-26T09:36:27.424446+00:00,2026-08-06,CONSERVATIVE_T1,margin_szse,000709,False
2026-08-05,AGGREGATOR|research-node|akshare@1.18.97|stock_margin_detail_szse,,,2026-09-26T09:36:27.424446+00:00,2026-08-06,CONSERVATIVE_T1,margin_szse,000750,False
2026-08-05,AGGREGATOR|research-node|akshare@1.18.97|stock_margin_detail_szse,,,2026-09-26T09:36:27.424446+00:00,2026-08-06,CONSERVATIVE_T1,margin_szse,000783,False
2026-08-05,AGGREGATOR|research-node|akshare@1.18.97|stock_margin_detail_szse,,,2026-09-26T09:36:27.424446+00:00,2026-08-06,CONSERVATIVE_T1,margin_szse,000825,True
2026-08-05,AGGREGATOR|research-node|akshare@1.18.97|stock_margin_detail_szse,,,2026-09-26T09:36:27.424446+00:00,2026-08-06,CONSERVATIVE_T1,margin_szse,002160,False
2026-08-05,AGGREGATOR|research-node|akshare@1.18.97|stock_margin_detail_szse,,,2026-09-26T09:36:27.424446+00:00,2026-08-06,CONSERVATIVE_T1,margin_szse,002185,False
2026-08-05,AGGREGATOR|research-node|akshare@1.18.97|stock_margin_detail_szse,,,2026-09-26T09:36:27.424446+00:00,2026-08-06,CONSERVATIVE_T1,margin_szse,002354,False
2026-08-05,AGGREGATOR|research-node|akshare@1.18.97|stock_margin_detail_szse,,,2026-09-26T09:36:27.424446+00:00,2026-08-06,CONSERVATIVE_T1,margin_szse,002440,False
2026-08-05,AGGREGATOR|research-node|akshare@1.18.97|stock_margin_detail_szse,,,2026-09-26T09:36:27.424446+00:00,2026-08-06,CONSERVATIVE_T1,margin_szse,002471,False
2026-08-05,AGGREGATOR|research-node|akshare@1.18.97|stock_margin_detail_szse,,,2026-09-26T09:36:27.424446+00:00,2026-08-06,CONSERVATIVE_T1,margin_szse,002497,False
2026-08-05,AGGREGATOR|research-node|akshare@1.18.97|stock_margin_detail_szse,,,2026-09-26T09:36:27.424446+00:00,2026-08-06,CONSERVATIVE_T1,margin_szse,002574,False
2026-08-05,AGGREGATOR|research-node|akshare@1.18.97|stock_margin_detail_szse,,,2026-09-26T09:36:27.424446+00:00,2026-08-06,CONSERVATIVE_T1,margin_szse,002695,False
2026-08-05,AGGREGATOR|research-node|akshare@1.18.97|stock_margin_detail_szse,,,2026-09-26T09:36:27.424446+00:00,2026-08-06,CONSERVATIVE_T1,margin_szse,002736,False
2026-08-05,AGGREGATOR|research-node|akshare@1.18.97|stock_margin_detail_szse,,,2026-09-26T09:36:27.424446+00:00,2026-08-06,CONSERVATIVE_T1,margin_szse,300059,False
2026-08-05,AGGREGATOR|research-node|akshare@1.18.97|stock_margin_detail_szse,,,2026-09-26T09:36:27.424446+00:00,2026-08-06,CONSERVATIVE_T1,margin_szse,300094,False
2026-08-05,AGGREGATOR|research-node|akshare@1.18.97|stock_margin_detail_szse,,,2026-09-26T09:36:27.424446+00:00,2026-08-06,CONSERVATIVE_T1,margin_szse,300199,False
2026-08-05,AGGREGATOR|research-node|akshare@1.18.97|stock_margin_detail_szse,,,2026-09-26T09:36:27.424446+00:00,2026-08-06,CONSERVATIVE_T1,margin_szse,300342,False
2026-08-05,AGGREGATOR|research-node|akshare@1.18.97|stock_margin_detail_szse,,,2026-09-26T09:36:27.424446+00:00,2026-08-06,CONSERVATIVE_T1,margin_szse,300921,False
2026-08-05,AGGREGATOR|research-node|akshare@1.18.97|stock_margin_detail_szse,,,2026-09-26T09:36:27.424446+00:00,2026-08-06,CONSERVATIVE_T1,margin_szse,300946,False
2026-08-05,AGGREGATOR|research-node|akshare@1.18.97|stock_margin_detail_szse,,,2026-09-26T09:36:27.424446+00:00,2026-08-06,CONSERVATIVE_T1,margin_szse,300977,False
2026-08-05,AGGREGATOR|research-node|akshare@1.18.97|stock_margin_detail_szse,,,2026-09-26T09:36:27.424446+00:00,2026-08-06,CONSERVATIVE_T1,margin_szse,301010,False
2026-08-05,AGGREGATOR|research-node|akshare@1.18.97|stock_margin_detail_szse,,,2026-09-26T09:36:27.424446+00:00,2026-08-06,CONSERVATIVE_T1,margin_szse,301231,False
2026-08-05,AGGREGATOR|research-node|akshare@1.18.97|stock_margin_detail_szse,,,2026-09-26T09:36:27.424446+00:00,2026-08-06,CONSERVATIVE_T1,margin_szse,301297,False
2026-08-05,AGGREGATOR|research-node|akshare@1.18.97|stock_margin_detail_szse,,,2026-09-26T09:36:27.424446+00:00,2026-08-06,CONSERVATIVE_T1,margin_szse,301353,False
2026-08-05,AGGREGATOR|research-node|akshare@1.18.97|stock_margin_detail_szse,,,2026-09-26T09:36:27.424446+00:00,2026-08-06,CONSERVATIVE_T1,margin_szse,301357,True
2026-08-05,AGGREGATOR|research-node|akshare@1.18.97|stock_margin_detail_szse,,,2026-09-26T09:36:27.424446+00:00,2026-08-06,CONSERVATIVE_T1,margin_szse,301503,False
2026-08-06,AGGREGATOR|research-node|akshare@1.18.97|stock_margin_detail_szse,,,2026-09-26T09:36:29.821139+00:00,2026-08-07,CONSERVATIVE_T1,margin_szse,000089,False
2026-08-06,AGGREGATOR|research-node|akshare@1.18.97|stock_margin_detail_szse,,,2026-09-26T09:36:29.821139+00:00,2026-08-07,CONSERVATIVE_T1,margin_szse,000539,False
2026-08-06,AGGREGATOR|research-node|akshare@1.18.97|stock_margin_detail_szse,,,2026-09-26T09:36:29.821139+00:00,2026-08-07,CONSERVATIVE_T1,margin_szse,000557,False
2026-08-06,AGGREGATOR|research-node|akshare@1.18.97|stock_margin_detail_szse,,,2026-09-26T09:36:29.821139+00:00,2026-08-07,CONSERVATIVE_T1,margin_szse,000603,False
2026-08-06,AGGREGATOR|research-node|akshare@1.18.97|stock_margin_detail_szse,,,2026-09-26T09:36:29.821139+00:00,2026-08-07,CONSERVATIVE_T1,margin_szse,000628,False
2026-08-06,AGGREGATOR|research-node|akshare@1.18.97|stock_margin_detail_szse,,,2026-09-26T09:36:29.821139+00:00,2026-08-07,CONSERVATIVE_T1,margin_szse,000685,False
2026-08-06,AGGREGATOR|research-node|akshare@1.18.97|stock_margin_detail_szse,,,2026-09-26T09:36:29.821139+00:00,2026-08-07,CONSERVATIVE_T1,margin_szse,000709,False
2026-08-06,AGGREGATOR|research-node|akshare@1.18.97|stock_margin_detail_szse,,,2026-09-26T09:36:29.821139+00:00,2026-08-07,CONSERVATIVE_T1,margin_szse,000750,False
2026-08-06,AGGREGATOR|research-node|akshare@1.18.97|stock_margin_detail_szse,,,2026-09-26T09:36:29.821139+00:00,2026-08-07,CONSERVATIVE_T1,margin_szse,000783,False
2026-08-06,AGGREGATOR|research-node|akshare@1.18.97|stock_margin_detail_szse,,,2026-09-26T09:36:29.821139+00:00,2026-08-07,CONSERVATIVE_T1,margin_szse,000825,False
2026-08-06,AGGREGATOR|research-node|akshare@1.18.97|stock_margin_detail_szse,,,2026-09-26T09:36:29.821139+00:00,2026-08-07,CONSERVATIVE_T1,margin_szse,002160,False
2026-08-06,AGGREGATOR|research-node|akshare@1.18.97|stock_margin_detail_szse,,,2026-09-26T09:36:29.821139+00:00,2026-08-07,CONSERVATIVE_T1,margin_szse,002185,False
2026-08-06,AGGREGATOR|research-node|akshare@1.18.97|stock_margin_detail_szse,,,2026-09-26T09:36:29.821139+00:00,2026-08-07,CONSERVATIVE_T1,margin_szse,002354,False
2026-08-06,AGGREGATOR|research-node|akshare@1.18.97|stock_margin_detail_szse,,,2026-09-26T09:36:29.821139+00:00,2026-08-07,CONSERVATIVE_T1,margin_szse,002440,False
2026-08-06,AGGREGATOR|research-node|akshare@1.18.97|stock_margin_detail_szse,,,2026-09-26T09:36:29.821139+00:00,2026-08-07,CONSERVATIVE_T1,margin_szse,002471,False
2026-08-06,AGGREGATOR|research-node|akshare@1.18.97|stock_margin_detail_szse,,,2026-09-26T09:36:29.821139+00:00,2026-08-07,CONSERVATIVE_T1,margin_szse,002497,False
2026-08-06,AGGREGATOR|research-node|akshare@1.18.97|stock_margin_detail_szse,,,2026-09-26T09:36:29.821139+00:00,2026-08-07,CONSERVATIVE_T1,margin_szse,002574,False
2026-08-06,AGGREGATOR|research-node|akshare@1.18.97|stock_margin_detail_szse,,,2026-09-26T09:36:29.821139+00:00,2026-08-07,CONSERVATIVE_T1,margin_szse,002695,False
2026-08-06,AGGREGATOR|research-node|akshare@1.18.97|stock_margin_detail_szse,,,2026-09-26T09:36:29.821139+00:00,2026-08-07,CONSERVATIVE_T1,margin_szse,002736,False
2026-08-06,AGGREGATOR|research-node|akshare@1.18.97|stock_margin_detail_szse,,,2026-09-26T09:36:29.821139+00:00,2026-08-07,CONSERVATIVE_T1,margin_szse,300059,False
2026-08-06,AGGREGATOR|research-node|akshare@1.18.97|stock_margin_detail_szse,,,2026-09-26T09:36:29.821139+00:00,2026-08-07,CONSERVATIVE_T1,margin_szse,300094,False
2026-08-06,AGGREGATOR|research-node|akshare@1.18.97|stock_margin_detail_szse,,,2026-09-26T09:36:29.821139+00:00,2026-08-07,CONSERVATIVE_T1,margin_szse,300199,False
2026-08-06,AGGREGATOR|research-node|akshare@1.18.97|stock_margin_detail_szse,,,2026-09-26T09:36:29.821139+00:00,2026-08-07,CONSERVATIVE_T1,margin_szse,300342,False
2026-08-06,AGGREGATOR|research-node|akshare@1.18.97|stock_margin_detail_szse,,,2026-09-26T09:36:29.821139+00:00,2026-08-07,CONSERVATIVE_T1,margin_szse,300921,False
2026-08-06,AGGREGATOR|research-node|akshare@1.18.97|stock_margin_detail_szse,,,2026-09-26T09:36:29.821139+00:00,2026-08-07,CONSERVATIVE_T1,margin_szse,300946,False
2026-08-06,AGGREGATOR|research-node|akshare@1.18.97|stock_margin_detail_szse,,,2026-09-26T09:36:29.821139+00:00,2026-08-07,CONSERVATIVE_T1,margin_szse,300977,False
2026-08-06,AGGREGATOR|research-node|akshare@1.18.97|stock_margin_detail_szse,,,2026-09-26T09:36:29.821139+00:00,2026-08-07,CONSERVATIVE_T1,margin_szse,301010,False
2026-08-06,AGGREGATOR|research-node|akshare@1.18.97|stock_margin_detail_szse,,,2026-09-26T09:36:29.821139+00:00,2026-08-07,CONSERVATIVE_T1,margin_szse,301231,False
2026-08-06,AGGREGATOR|research-node|akshare@1.18.97|stock_margin_detail_szse,,,2026-09-26T09:36:29.821139+00:00,2026-08-07,CONSERVATIVE_T1,margin_szse,301297,False
2026-08-06,AGGREGATOR|research-node|akshare@1.18.97|stock_margin_detail_szse,,,2026-09-26T09:36:29.821139+00:00,2026-08-07,CONSERVATIVE_T1,margin_szse,301353,False
2026-08-06,AGGREGATOR|research-node|akshare@1.18.97|stock_margin_detail_szse,,,2026-09-26T09:36:29.821139+00:00,2026-08-07,CONSERVATIVE_T1,margin_szse,301357,True
2026-08-06,AGGREGATOR|research-node|akshare@1.18.97|stock_margin_detail_szse,,,2026-09-26T09:36:29.821139+00:00,2026-08-07,CONSERVATIVE_T1,margin_szse,301503,False
2026-08-07,AGGREGATOR|research-node|akshare@1.18.97|stock_margin_detail_szse,,,2026-09-26T09:36:32.390441+00:00,2026-08-10,CONSERVATIVE_T1,margin_szse,000089,False
2026-08-07,AGGREGATOR|research-node|akshare@1.18.97|stock_margin_detail_szse,,,2026-09-26T09:36:32.390441+00:00,2026-08-10,CONSERVATIVE_T1,margin_szse,000539,False
2026-08-07,AGGREGATOR|research-node|akshare@1.18.97|stock_margin_detail_szse,,,2026-09-26T09:36:32.390441+00:00,2026-08-10,CONSERVATIVE_T1,margin_szse,000557,False
2026-08-07,AGGREGATOR|research-node|akshare@1.18.97|stock_margin_detail_szse,,,2026-09-26T09:36:32.390441+00:00,2026-08-10,CONSERVATIVE_T1,margin_szse,000603,False
2026-08-07,AGGREGATOR|research-node|akshare@1.18.97|stock_margin_detail_szse,,,2026-09-26T09:36:32.390441+00:00,2026-08-10,CONSERVATIVE_T1,margin_szse,000628,False
2026-08-07,AGGREGATOR|research-node|akshare@1.18.97|stock_margin_detail_szse,,,2026-09-26T09:36:32.390441+00:00,2026-08-10,CONSERVATIVE_T1,margin_szse,000685,False
2026-08-07,AGGREGATOR|research-node|akshare@1.18.97|stock_margin_detail_szse,,,2026-09-26T09:36:32.390441+00:00,2026-08-10,CONSERVATIVE_T1,margin_szse,000709,False
2026-08-07,AGGREGATOR|research-node|akshare@1.18.97|stock_margin_detail_szse,,,2026-09-26T09:36:32.390441+00:00,2026-08-10,CONSERVATIVE_T1,margin_szse,000750,False
2026-08-07,AGGREGATOR|research-node|akshare@1.18.97|stock_margin_detail_szse,,,2026-09-26T09:36:32.390441+00:00,2026-08-10,CONSERVATIVE_T1,margin_szse,000783,False
2026-08-07,AGGREGATOR|research-node|akshare@1.18.97|stock_margin_detail_szse,,,2026-09-26T09:36:32.390441+00:00,2026-08-10,CONSERVATIVE_T1,margin_szse,000825,False
2026-08-07,AGGREGATOR|research-node|akshare@1.18.97|stock_margin_detail_szse,,,2026-09-26T09:36:32.390441+00:00,2026-08-10,CONSERVATIVE_T1,margin_szse,002160,False
2026-08-07,AGGREGATOR|research-node|akshare@1.18.97|stock_margin_detail_szse,,,2026-09-26T09:36:32.390441+00:00,2026-08-10,CONSERVATIVE_T1,margin_szse,002185,False
2026-08-07,AGGREGATOR|research-node|akshare@1.18.97|stock_margin_detail_szse,,,2026-09-26T09:36:32.390441+00:00,2026-08-10,CONSERVATIVE_T1,margin_szse,002354,False
2026-08-07,AGGREGATOR|research-node|akshare@1.18.97|stock_margin_detail_szse,,,2026-09-26T09:36:32.390441+00:00,2026-08-10,CONSERVATIVE_T1,margin_szse,002440,False
2026-08-07,AGGREGATOR|research-node|akshare@1.18.97|stock_margin_detail_szse,,,2026-09-26T09:36:32.390441+00:00,2026-08-10,CONSERVATIVE_T1,margin_szse,002471,False
2026-08-07,AGGREGATOR|research-node|akshare@1.18.97|stock_margin_detail_szse,,,2026-09-26T09:36:32.390441+00:00,2026-08-10,CONSERVATIVE_T1,margin_szse,002497,False
2026-08-07,AGGREGATOR|research-node|akshare@1.18.97|stock_margin_detail_szse,,,2026-09-26T09:36:32.390441+00:00,2026-08-10,CONSERVATIVE_T1,margin_szse,002574,False
2026-08-07,AGGREGATOR|research-node|akshare@1.18.97|stock_margin_detail_szse,,,2026-09-26T09:36:32.390441+00:00,2026-08-10,CONSERVATIVE_T1,margin_szse,002695,False
2026-08-07,AGGREGATOR|research-node|akshare@1.18.97|stock_margin_detail_szse,,,2026-09-26T09:36:32.390441+00:00,2026-08-10,CONSERVATIVE_T1,margin_szse,002736,False
2026-08-07,AGGREGATOR|research-node|akshare@1.18.97|stock_margin_detail_szse,,,2026-09-26T09:36:32.390441+00:00,2026-08-10,CONSERVATIVE_T1,margin_szse,300059,False
2026-08-07,AGGREGATOR|research-node|akshare@1.18.97|stock_margin_detail_szse,,,2026-09-26T09:36:32.390441+00:00,2026-08-10,CONSERVATIVE_T1,margin_szse,300094,False
2026-08-07,AGGREGATOR|research-node|akshare@1.18.97|stock_margin_detail_szse,,,2026-09-26T09:36:32.390441+00:00,2026-08-10,CONSERVATIVE_T1,margin_szse,300199,False
2026-08-07,AGGREGATOR|research-node|akshare@1.18.97|stock_margin_detail_szse,,,2026-09-26T09:36:32.390441+00:00,2026-08-10,CONSERVATIVE_T1,margin_szse,300342,False
2026-08-07,AGGREGATOR|research-node|akshare@1.18.97|stock_margin_detail_szse,,,2026-09-26T09:36:32.390441+00:00,2026-08-10,CONSERVATIVE_T1,margin_szse,300921,False
2026-08-07,AGGREGATOR|research-node|akshare@1.18.97|stock_margin_detail_szse,,,2026-09-26T09:36:32.390441+00:00,2026-08-10,CONSERVATIVE_T1,margin_szse,300946,False
2026-08-07,AGGREGATOR|research-node|akshare@1.18.97|stock_margin_detail_szse,,,2026-09-26T09:36:32.390441+00:00,2026-08-10,CONSERVATIVE_T1,margin_szse,300977,False
2026-08-07,AGGREGATOR|research-node|akshare@1.18.97|stock_margin_detail_szse,,,2026-09-26T09:36:32.390441+00:00,2026-08-10,CONSERVATIVE_T1,margin_szse,301010,False
2026-08-07,AGGREGATOR|research-node|akshare@1.18.97|stock_margin_detail_szse,,,2026-09-26T09:36:32.390441+00:00,2026-08-10,CONSERVATIVE_T1,margin_szse,301231,False
2026-08-07,AGGREGATOR|research-node|akshare@1.18.97|stock_margin_detail_szse,,,2026-09-26T09:36:32.390441+00:00,2026-08-10,CONSERVATIVE_T1,margin_szse,301297,False
2026-08-07,AGGREGATOR|research-node|akshare@1.18.97|stock_margin_detail_szse,,,2026-09-26T09:36:32.390441+00:00,2026-08-10,CONSERVATIVE_T1,margin_szse,301353,False
2026-08-07,AGGREGATOR|research-node|akshare@1.18.97|stock_margin_detail_szse,,,2026-09-26T09:36:32.390441+00:00,2026-08-10,CONSERVATIVE_T1,margin_szse,301357,True
2026-08-07,AGGREGATOR|research-node|akshare@1.18.97|stock_margin_detail_szse,,,2026-09-26T09:36:32.390441+00:00,2026-08-10,CONSERVATIVE_T1,margin_szse,301503,False
2026-08-10,AGGREGATOR|research-node|akshare@1.18.97|stock_margin_detail_szse,,,2026-09-26T09:36:34.885714+00:00,2026-08-11,CONSERVATIVE_T1,margin_szse,000089,False
2026-08-10,AGGREGATOR|research-node|akshare@1.18.97|stock_margin_detail_szse,,,2026-09-26T09:36:34.885714+00:00,2026-08-11,CONSERVATIVE_T1,margin_szse,000539,False
2026-08-10,AGGREGATOR|research-node|akshare@1.18.97|stock_margin_detail_szse,,,2026-09-26T09:36:34.885714+00:00,2026-08-11,CONSERVATIVE_T1,margin_szse,000557,False
2026-08-10,AGGREGATOR|research-node|akshare@1.18.97|stock_margin_detail_szse,,,2026-09-26T09:36:34.885714+00:00,2026-08-11,CONSERVATIVE_T1,margin_szse,000603,False
2026-08-10,AGGREGATOR|research-node|akshare@1.18.97|stock_margin_detail_szse,,,2026-09-26T09:36:34.885714+00:00,2026-08-11,CONSERVATIVE_T1,margin_szse,000628,False
2026-08-10,AGGREGATOR|research-node|akshare@1.18.97|stock_margin_detail_szse,,,2026-09-26T09:36:34.885714+00:00,2026-08-11,CONSERVATIVE_T1,margin_szse,000685,False
2026-08-10,AGGREGATOR|research-node|akshare@1.18.97|stock_margin_detail_szse,,,2026-09-26T09:36:34.885714+00:00,2026-08-11,CONSERVATIVE_T1,margin_szse,000709,False
2026-08-10,AGGREGATOR|research-node|akshare@1.18.97|stock_margin_detail_szse,,,2026-09-26T09:36:34.885714+00:00,2026-08-11,CONSERVATIVE_T1,margin_szse,000750,False
2026-08-10,AGGREGATOR|research-node|akshare@1.18.97|stock_margin_detail_szse,,,2026-09-26T09:36:34.885714+00:00,2026-08-11,CONSERVATIVE_T1,margin_szse,000783,False
2026-08-10,AGGREGATOR|research-node|akshare@1.18.97|stock_margin_detail_szse,,,2026-09-26T09:36:34.885714+00:00,2026-08-11,CONSERVATIVE_T1,margin_szse,000825,False
2026-08-10,AGGREGATOR|research-node|akshare@1.18.97|stock_margin_detail_szse,,,2026-09-26T09:36:34.885714+00:00,2026-08-11,CONSERVATIVE_T1,margin_szse,002160,False
2026-08-10,AGGREGATOR|research-node|akshare@1.18.97|stock_margin_detail_szse,,,2026-09-26T09:36:34.885714+00:00,2026-08-11,CONSERVATIVE_T1,margin_szse,002185,False
2026-08-10,AGGREGATOR|research-node|akshare@1.18.97|stock_margin_detail_szse,,,2026-09-26T09:36:34.885714+00:00,2026-08-11,CONSERVATIVE_T1,margin_szse,002354,False
2026-08-10,AGGREGATOR|research-node|akshare@1.18.97|stock_margin_detail_szse,,,2026-09-26T09:36:34.885714+00:00,2026-08-11,CONSERVATIVE_T1,margin_szse,002440,False
2026-08-10,AGGREGATOR|research-node|akshare@1.18.97|stock_margin_detail_szse,,,2026-09-26T09:36:34.885714+00:00,2026-08-11,CONSERVATIVE_T1,margin_szse,002471,False
2026-08-10,AGGREGATOR|research-node|akshare@1.18.97|stock_margin_detail_szse,,,2026-09-26T09:36:34.885714+00:00,2026-08-11,CONSERVATIVE_T1,margin_szse,002497,False
2026-08-10,AGGREGATOR|research-node|akshare@1.18.97|stock_margin_detail_szse,,,2026-09-26T09:36:34.885714+00:00,2026-08-11,CONSERVATIVE_T1,margin_szse,002574,False
2026-08-10,AGGREGATOR|research-node|akshare@1.18.97|stock_margin_detail_szse,,,2026-09-26T09:36:34.885714+00:00,2026-08-11,CONSERVATIVE_T1,margin_szse,002695,False
2026-08-10,AGGREGATOR|research-node|akshare@1.18.97|stock_margin_detail_szse,,,2026-09-26T09:36:34.885714+00:00,2026-08-11,CONSERVATIVE_T1,margin_szse,002736,False
2026-08-10,AGGREGATOR|research-node|akshare@1.18.97|stock_margin_detail_szse,,,2026-09-26T09:36:34.885714+00:00,2026-08-11,CONSERVATIVE_T1,margin_szse,300059,False
2026-08-10,AGGREGATOR|research-node|akshare@1.18.97|stock_margin_detail_szse,,,2026-09-26T09:36:34.885714+00:00,2026-08-11,CONSERVATIVE_T1,margin_szse,300094,False
2026-08-10,AGGREGATOR|research-node|akshare@1.18.97|stock_margin_detail_szse,,,2026-09-26T09:36:34.885714+00:00,2026-08-11,CONSERVATIVE_T1,margin_szse,300199,False
2026-08-10,AGGREGATOR|research-node|akshare@1.18.97|stock_margin_detail_szse,,,2026-09-26T09:36:34.885714+00:00,2026-08-11,CONSERVATIVE_T1,margin_szse,300342,False
2026-08-10,AGGREGATOR|research-node|akshare@1.18.97|stock_margin_detail_szse,,,2026-09-26T09:36:34.885714+00:00,2026-08-11,CONSERVATIVE_T1,margin_szse,300921,False
2026-08-10,AGGREGATOR|research-node|akshare@1.18.97|stock_margin_detail_szse,,,2026-09-26T09:36:34.885714+00:00,2026-08-11,CONSERVATIVE_T1,margin_szse,300946,False
2026-08-10,AGGREGATOR|research-node|akshare@1.18.97|stock_margin_detail_szse,,,2026-09-26T09:36:34.885714+00:00,2026-08-11,CONSERVATIVE_T1,margin_szse,300977,False
2026-08-10,AGGREGATOR|research-node|akshare@1.18.97|stock_margin_detail_szse,,,2026-09-26T09:36:34.885714+00:00,2026-08-11,CONSERVATIVE_T1,margin_szse,301010,False
2026-08-10,AGGREGATOR|research-node|akshare@1.18.97|stock_margin_detail_szse,,,2026-09-26T09:36:34.885714+00:00,2026-08-11,CONSERVATIVE_T1,margin_szse,301231,False
2026-08-10,AGGREGATOR|research-node|akshare@1.18.97|stock_margin_detail_szse,,,2026-09-26T09:36:34.885714+00:00,2026-08-11,CONSERVATIVE_T1,margin_szse,301297,False
2026-08-10,AGGREGATOR|research-node|akshare@1.18.97|stock_margin_detail_szse,,,2026-09-26T09:36:34.885714+00:00,2026-08-11,CONSERVATIVE_T1,margin_szse,301353,False
2026-08-10,AGGREGATOR|research-node|akshare@1.18.97|stock_margin_detail_szse,,,2026-09-26T09:36:34.885714+00:00,2026-08-11,CONSERVATIVE_T1,margin_szse,301357,True
2026-08-10,AGGREGATOR|research-node|akshare@1.18.97|stock_margin_detail_szse,,,2026-09-26T09:36:34.885714+00:00,2026-08-11,CONSERVATIVE_T1,margin_szse,301503,False
2026-08-11,AGGREGATOR|research-node|akshare@1.18.97|stock_margin_detail_szse,,,2026-09-26T09:36:37.258575+00:00,2026-08-12,CONSERVATIVE_T1,margin_szse,000089,False
2026-08-11,AGGREGATOR|research-node|akshare@1.18.97|stock_margin_detail_szse,,,2026-09-26T09:36:37.258575+00:00,2026-08-12,CONSERVATIVE_T1,margin_szse,000539,False
2026-08-11,AGGREGATOR|research-node|akshare@1.18.97|stock_margin_detail_szse,,,2026-09-26T09:36:37.258575+00:00,2026-08-12,CONSERVATIVE_T1,margin_szse,000557,False
2026-08-11,AGGREGATOR|research-node|akshare@1.18.97|stock_margin_detail_szse,,,2026-09-26T09:36:37.258575+00:00,2026-08-12,CONSERVATIVE_T1,margin_szse,000603,False
2026-08-11,AGGREGATOR|research-node|akshare@1.18.97|stock_margin_detail_szse,,,2026-09-26T09:36:37.258575+00:00,2026-08-12,CONSERVATIVE_T1,margin_szse,000628,False
2026-08-11,AGGREGATOR|research-node|akshare@1.18.97|stock_margin_detail_szse,,,2026-09-26T09:36:37.258575+00:00,2026-08-12,CONSERVATIVE_T1,margin_szse,000685,False
2026-08-11,AGGREGATOR|research-node|akshare@1.18.97|stock_margin_detail_szse,,,2026-09-26T09:36:37.258575+00:00,2026-08-12,CONSERVATIVE_T1,margin_szse,000709,False
2026-08-11,AGGREGATOR|research-node|akshare@1.18.97|stock_margin_detail_szse,,,2026-09-26T09:36:37.258575+00:00,2026-08-12,CONSERVATIVE_T1,margin_szse,000750,False
2026-08-11,AGGREGATOR|research-node|akshare@1.18.97|stock_margin_detail_szse,,,2026-09-26T09:36:37.258575+00:00,2026-08-12,CONSERVATIVE_T1,margin_szse,000783,False
2026-08-11,AGGREGATOR|research-node|akshare@1.18.97|stock_margin_detail_szse,,,2026-09-26T09:36:37.258575+00:00,2026-08-12,CONSERVATIVE_T1,margin_szse,000825,False
2026-08-11,AGGREGATOR|research-node|akshare@1.18.97|stock_margin_detail_szse,,,2026-09-26T09:36:37.258575+00:00,2026-08-12,CONSERVATIVE_T1,margin_szse,002160,False
2026-08-11,AGGREGATOR|research-node|akshare@1.18.97|stock_margin_detail_szse,,,2026-09-26T09:36:37.258575+00:00,2026-08-12,CONSERVATIVE_T1,margin_szse,002185,False
2026-08-11,AGGREGATOR|research-node|akshare@1.18.97|stock_margin_detail_szse,,,2026-09-26T09:36:37.258575+00:00,2026-08-12,CONSERVATIVE_T1,margin_szse,002354,False
2026-08-11,AGGREGATOR|research-node|akshare@1.18.97|stock_margin_detail_szse,,,2026-09-26T09:36:37.258575+00:00,2026-08-12,CONSERVATIVE_T1,margin_szse,002440,False
2026-08-11,AGGREGATOR|research-node|akshare@1.18.97|stock_margin_detail_szse,,,2026-09-26T09:36:37.258575+00:00,2026-08-12,CONSERVATIVE_T1,margin_szse,002471,False
2026-08-11,AGGREGATOR|research-node|akshare@1.18.97|stock_margin_detail_szse,,,2026-09-26T09:36:37.258575+00:00,2026-08-12,CONSERVATIVE_T1,margin_szse,002497,False
2026-08-11,AGGREGATOR|research-node|akshare@1.18.97|stock_margin_detail_szse,,,2026-09-26T09:36:37.258575+00:00,2026-08-12,CONSERVATIVE_T1,margin_szse,002574,False
2026-08-11,AGGREGATOR|research-node|akshare@1.18.97|stock_margin_detail_szse,,,2026-09-26T09:36:37.258575+00:00,2026-08-12,CONSERVATIVE_T1,margin_szse,002695,False
2026-08-11,AGGREGATOR|research-node|akshare@1.18.97|stock_margin_detail_szse,,,2026-09-26T09:36:37.258575+00:00,2026-08-12,CONSERVATIVE_T1,margin_szse,002736,False
2026-08-11,AGGREGATOR|research-node|akshare@1.18.97|stock_margin_detail_szse,,,2026-09-26T09:36:37.258575+00:00,2026-08-12,CONSERVATIVE_T1,margin_szse,300059,False
2026-08-11,AGGREGATOR|research-node|akshare@1.18.97|stock_margin_detail_szse,,,2026-09-26T09:36:37.258575+00:00,2026-08-12,CONSERVATIVE_T1,margin_szse,300094,False
2026-08-11,AGGREGATOR|research-node|akshare@1.18.97|stock_margin_detail_szse,,,2026-09-26T09:36:37.258575+00:00,2026-08-12,CONSERVATIVE_T1,margin_szse,300199,False
2026-08-11,AGGREGATOR|research-node|akshare@1.18.97|stock_margin_detail_szse,,,2026-09-26T09:36:37.258575+00:00,2026-08-12,CONSERVATIVE_T1,margin_szse,300342,False
2026-08-11,AGGREGATOR|research-node|akshare@1.18.97|stock_margin_detail_szse,,,2026-09-26T09:36:37.258575+00:00,2026-08-12,CONSERVATIVE_T1,margin_szse,300921,False
2026-08-11,AGGREGATOR|research-node|akshare@1.18.97|stock_margin_detail_szse,,,2026-09-26T09:36:37.258575+00:00,2026-08-12,CONSERVATIVE_T1,margin_szse,300946,False
2026-08-11,AGGREGATOR|research-node|akshare@1.18.97|stock_margin_detail_szse,,,2026-09-26T09:36:37.258575+00:00,2026-08-12,CONSERVATIVE_T1,margin_szse,300977,False
2026-08-11,AGGREGATOR|research-node|akshare@1.18.97|stock_margin_detail_szse,,,2026-09-26T09:36:37.258575+00:00,2026-08-12,CONSERVATIVE_T1,margin_szse,301010,False
2026-08-11,AGGREGATOR|research-node|akshare@1.18.97|stock_margin_detail_szse,,,2026-09-26T09:36:37.258575+00:00,2026-08-12,CONSERVATIVE_T1,margin_szse,301231,False
2026-08-11,AGGREGATOR|research-node|akshare@1.18.97|stock_margin_detail_szse,,,2026-09-26T09:36:37.258575+00:00,2026-08-12,CONSERVATIVE_T1,margin_szse,301297,False
2026-08-11,AGGREGATOR|research-node|akshare@1.18.97|stock_margin_detail_szse,,,2026-09-26T09:36:37.258575+00:00,2026-08-12,CONSERVATIVE_T1,margin_szse,301353,False
2026-08-11,AGGREGATOR|research-node|akshare@1.18.97|stock_margin_detail_szse,,,2026-09-26T09:36:37.258575+00:00,2026-08-12,CONSERVATIVE_T1,margin_szse,301357,True
2026-08-11,AGGREGATOR|research-node|akshare@1.18.97|stock_margin_detail_szse,,,2026-09-26T09:36:37.258575+00:00,2026-08-12,CONSERVATIVE_T1,margin_szse,301503,False
2026-08-12,AGGREGATOR|research-node|akshare@1.18.97|stock_margin_detail_szse,,,2026-09-26T09:36:39.807827+00:00,2026-08-13,CONSERVATIVE_T1,margin_szse,000089,False
2026-08-12,AGGREGATOR|research-node|akshare@1.18.97|stock_margin_detail_szse,,,2026-09-26T09:36:39.807827+00:00,2026-08-13,CONSERVATIVE_T1,margin_szse,000539,False
2026-08-12,AGGREGATOR|research-node|akshare@1.18.97|stock_margin_detail_szse,,,2026-09-26T09:36:39.807827+00:00,2026-08-13,CONSERVATIVE_T1,margin_szse,000557,False
2026-08-12,AGGREGATOR|research-node|akshare@1.18.97|stock_margin_detail_szse,,,2026-09-26T09:36:39.807827+00:00,2026-08-13,CONSERVATIVE_T1,margin_szse,000603,False
2026-08-12,AGGREGATOR|research-node|akshare@1.18.97|stock_margin_detail_szse,,,2026-09-26T09:36:39.807827+00:00,2026-08-13,CONSERVATIVE_T1,margin_szse,000628,False
2026-08-12,AGGREGATOR|research-node|akshare@1.18.97|stock_margin_detail_szse,,,2026-09-26T09:36:39.807827+00:00,2026-08-13,CONSERVATIVE_T1,margin_szse,000685,False
2026-08-12,AGGREGATOR|research-node|akshare@1.18.97|stock_margin_detail_szse,,,2026-09-26T09:36:39.807827+00:00,2026-08-13,CONSERVATIVE_T1,margin_szse,000709,False
2026-08-12,AGGREGATOR|research-node|akshare@1.18.97|stock_margin_detail_szse,,,2026-09-26T09:36:39.807827+00:00,2026-08-13,CONSERVATIVE_T1,margin_szse,000750,False
2026-08-12,AGGREGATOR|research-node|akshare@1.18.97|stock_margin_detail_szse,,,2026-09-26T09:36:39.807827+00:00,2026-08-13,CONSERVATIVE_T1,margin_szse,000783,False
2026-08-12,AGGREGATOR|research-node|akshare@1.18.97|stock_margin_detail_szse,,,2026-09-26T09:36:39.807827+00:00,2026-08-13,CONSERVATIVE_T1,margin_szse,000825,False
2026-08-12,AGGREGATOR|research-node|akshare@1.18.97|stock_margin_detail_szse,,,2026-09-26T09:36:39.807827+00:00,2026-08-13,CONSERVATIVE_T1,margin_szse,002160,False
2026-08-12,AGGREGATOR|research-node|akshare@1.18.97|stock_margin_detail_szse,,,2026-09-26T09:36:39.807827+00:00,2026-08-13,CONSERVATIVE_T1,margin_szse,002185,False
2026-08-12,AGGREGATOR|research-node|akshare@1.18.97|stock_margin_detail_szse,,,2026-09-26T09:36:39.807827+00:00,2026-08-13,CONSERVATIVE_T1,margin_szse,002354,False
2026-08-12,AGGREGATOR|research-node|akshare@1.18.97|stock_margin_detail_szse,,,2026-09-26T09:36:39.807827+00:00,2026-08-13,CONSERVATIVE_T1,margin_szse,002440,False
2026-08-12,AGGREGATOR|research-node|akshare@1.18.97|stock_margin_detail_szse,,,2026-09-26T09:36:39.807827+00:00,2026-08-13,CONSERVATIVE_T1,margin_szse,002471,False
2026-08-12,AGGREGATOR|research-node|akshare@1.18.97|stock_margin_detail_szse,,,2026-09-26T09:36:39.807827+00:00,2026-08-13,CONSERVATIVE_T1,margin_szse,002497,False
2026-08-12,AGGREGATOR|research-node|akshare@1.18.97|stock_margin_detail_szse,,,2026-09-26T09:36:39.807827+00:00,2026-08-13,CONSERVATIVE_T1,margin_szse,002574,False
2026-08-12,AGGREGATOR|research-node|akshare@1.18.97|stock_margin_detail_szse,,,2026-09-26T09:36:39.807827+00:00,2026-08-13,CONSERVATIVE_T1,margin_szse,002695,False
2026-08-12,AGGREGATOR|research-node|akshare@1.18.97|stock_margin_detail_szse,,,2026-09-26T09:36:39.807827+00:00,2026-08-13,CONSERVATIVE_T1,margin_szse,002736,False
2026-08-12,AGGREGATOR|research-node|akshare@1.18.97|stock_margin_detail_szse,,,2026-09-26T09:36:39.807827+00:00,2026-08-13,CONSERVATIVE_T1,margin_szse,300059,False
2026-08-12,AGGREGATOR|research-node|akshare@1.18.97|stock_margin_detail_szse,,,2026-09-26T09:36:39.807827+00:00,2026-08-13,CONSERVATIVE_T1,margin_szse,300094,False
2026-08-12,AGGREGATOR|research-node|akshare@1.18.97|stock_margin_detail_szse,,,2026-09-26T09:36:39.807827+00:00,2026-08-13,CONSERVATIVE_T1,margin_szse,300199,False
2026-08-12,AGGREGATOR|research-node|akshare@1.18.97|stock_margin_detail_szse,,,2026-09-26T09:36:39.807827+00:00,2026-08-13,CONSERVATIVE_T1,margin_szse,300342,False
2026-08-12,AGGREGATOR|research-node|akshare@1.18.97|stock_margin_detail_szse,,,2026-09-26T09:36:39.807827+00:00,2026-08-13,CONSERVATIVE_T1,margin_szse,300921,False
2026-08-12,AGGREGATOR|research-node|akshare@1.18.97|stock_margin_detail_szse,,,2026-09-26T09:36:39.807827+00:00,2026-08-13,CONSERVATIVE_T1,margin_szse,300946,False
2026-08-12,AGGREGATOR|research-node|akshare@1.18.97|stock_margin_detail_szse,,,2026-09-26T09:36:39.807827+00:00,2026-08-13,CONSERVATIVE_T1,margin_szse,300977,False
2026-08-12,AGGREGATOR|research-node|akshare@1.18.97|stock_margin_detail_szse,,,2026-09-26T09:36:39.807827+00:00,2026-08-13,CONSERVATIVE_T1,margin_szse,301010,False
2026-08-12,AGGREGATOR|research-node|akshare@1.18.97|stock_margin_detail_szse,,,2026-09-26T09:36:39.807827+00:00,2026-08-13,CONSERVATIVE_T1,margin_szse,301231,False
2026-08-12,AGGREGATOR|research-node|akshare@1.18.97|stock_margin_detail_szse,,,2026-09-26T09:36:39.807827+00:00,2026-08-13,CONSERVATIVE_T1,margin_szse,301297,False
2026-08-12,AGGREGATOR|research-node|akshare@1.18.97|stock_margin_detail_szse,,,2026-09-26T09:36:39.807827+00:00,2026-08-13,CONSERVATIVE_T1,margin_szse,301353,False
2026-08-12,AGGREGATOR|research-node|akshare@1.18.97|stock_margin_detail_szse,,,2026-09-26T09:36:39.807827+00:00,2026-08-13,CONSERVATIVE_T1,margin_szse,301357,True
2026-08-12,AGGREGATOR|research-node|akshare@1.18.97|stock_margin_detail_szse,,,2026-09-26T09:36:39.807827+00:00,2026-08-13,CONSERVATIVE_T1,margin_szse,301503,False
2026-08-13,AGGREGATOR|research-node|akshare@1.18.97|stock_margin_detail_szse,,,2026-09-26T09:36:42.271752+00:00,2026-08-14,CONSERVATIVE_T1,margin_szse,000089,False
2026-08-13,AGGREGATOR|research-node|akshare@1.18.97|stock_margin_detail_szse,,,2026-09-26T09:36:42.271752+00:00,2026-08-14,CONSERVATIVE_T1,margin_szse,000539,False
2026-08-13,AGGREGATOR|research-node|akshare@1.18.97|stock_margin_detail_szse,,,2026-09-26T09:36:42.271752+00:00,2026-08-14,CONSERVATIVE_T1,margin_szse,000557,False
2026-08-13,AGGREGATOR|research-node|akshare@1.18.97|stock_margin_detail_szse,,,2026-09-26T09:36:42.271752+00:00,2026-08-14,CONSERVATIVE_T1,margin_szse,000603,False
2026-08-13,AGGREGATOR|research-node|akshare@1.18.97|stock_margin_detail_szse,,,2026-09-26T09:36:42.271752+00:00,2026-08-14,CONSERVATIVE_T1,margin_szse,000628,False
2026-08-13,AGGREGATOR|research-node|akshare@1.18.97|stock_margin_detail_szse,,,2026-09-26T09:36:42.271752+00:00,2026-08-14,CONSERVATIVE_T1,margin_szse,000685,False
2026-08-13,AGGREGATOR|research-node|akshare@1.18.97|stock_margin_detail_szse,,,2026-09-26T09:36:42.271752+00:00,2026-08-14,CONSERVATIVE_T1,margin_szse,000709,False
2026-08-13,AGGREGATOR|research-node|akshare@1.18.97|stock_margin_detail_szse,,,2026-09-26T09:36:42.271752+00:00,2026-08-14,CONSERVATIVE_T1,margin_szse,000750,False
2026-08-13,AGGREGATOR|research-node|akshare@1.18.97|stock_margin_detail_szse,,,2026-09-26T09:36:42.271752+00:00,2026-08-14,CONSERVATIVE_T1,margin_szse,000783,False
2026-08-13,AGGREGATOR|research-node|akshare@1.18.97|stock_margin_detail_szse,,,2026-09-26T09:36:42.271752+00:00,2026-08-14,CONSERVATIVE_T1,margin_szse,000825,False
2026-08-13,AGGREGATOR|research-node|akshare@1.18.97|stock_margin_detail_szse,,,2026-09-26T09:36:42.271752+00:00,2026-08-14,CONSERVATIVE_T1,margin_szse,002160,False
2026-08-13,AGGREGATOR|research-node|akshare@1.18.97|stock_margin_detail_szse,,,2026-09-26T09:36:42.271752+00:00,2026-08-14,CONSERVATIVE_T1,margin_szse,002185,False
2026-08-13,AGGREGATOR|research-node|akshare@1.18.97|stock_margin_detail_szse,,,2026-09-26T09:36:42.271752+00:00,2026-08-14,CONSERVATIVE_T1,margin_szse,002354,False
2026-08-13,AGGREGATOR|research-node|akshare@1.18.97|stock_margin_detail_szse,,,2026-09-26T09:36:42.271752+00:00,2026-08-14,CONSERVATIVE_T1,margin_szse,002440,False
2026-08-13,AGGREGATOR|research-node|akshare@1.18.97|stock_margin_detail_szse,,,2026-09-26T09:36:42.271752+00:00,2026-08-14,CONSERVATIVE_T1,margin_szse,002471,False
2026-08-13,AGGREGATOR|research-node|akshare@1.18.97|stock_margin_detail_szse,,,2026-09-26T09:36:42.271752+00:00,2026-08-14,CONSERVATIVE_T1,margin_szse,002497,False
2026-08-13,AGGREGATOR|research-node|akshare@1.18.97|stock_margin_detail_szse,,,2026-09-26T09:36:42.271752+00:00,2026-08-14,CONSERVATIVE_T1,margin_szse,002574,False
2026-08-13,AGGREGATOR|research-node|akshare@1.18.97|stock_margin_detail_szse,,,2026-09-26T09:36:42.271752+00:00,2026-08-14,CONSERVATIVE_T1,margin_szse,002695,False
2026-08-13,AGGREGATOR|research-node|akshare@1.18.97|stock_margin_detail_szse,,,2026-09-26T09:36:42.271752+00:00,2026-08-14,CONSERVATIVE_T1,margin_szse,002736,False
2026-08-13,AGGREGATOR|research-node|akshare@1.18.97|stock_margin_detail_szse,,,2026-09-26T09:36:42.271752+00:00,2026-08-14,CONSERVATIVE_T1,margin_szse,300059,False
2026-08-13,AGGREGATOR|research-node|akshare@1.18.97|stock_margin_detail_szse,,,2026-09-26T09:36:42.271752+00:00,2026-08-14,CONSERVATIVE_T1,margin_szse,300094,False
2026-08-13,AGGREGATOR|research-node|akshare@1.18.97|stock_margin_detail_szse,,,2026-09-26T09:36:42.271752+00:00,2026-08-14,CONSERVATIVE_T1,margin_szse,300199,False
2026-08-13,AGGREGATOR|research-node|akshare@1.18.97|stock_margin_detail_szse,,,2026-09-26T09:36:42.271752+00:00,2026-08-14,CONSERVATIVE_T1,margin_szse,300342,False
2026-08-13,AGGREGATOR|research-node|akshare@1.18.97|stock_margin_detail_szse,,,2026-09-26T09:36:42.271752+00:00,2026-08-14,CONSERVATIVE_T1,margin_szse,300921,False
2026-08-13,AGGREGATOR|research-node|akshare@1.18.97|stock_margin_detail_szse,,,2026-09-26T09:36:42.271752+00:00,2026-08-14,CONSERVATIVE_T1,margin_szse,300946,False
2026-08-13,AGGREGATOR|research-node|akshare@1.18.97|stock_margin_detail_szse,,,2026-09-26T09:36:42.271752+00:00,2026-08-14,CONSERVATIVE_T1,margin_szse,300977,False
2026-08-13,AGGREGATOR|research-node|akshare@1.18.97|stock_margin_detail_szse,,,2026-09-26T09:36:42.271752+00:00,2026-08-14,CONSERVATIVE_T1,margin_szse,301010,False
2026-08-13,AGGREGATOR|research-node|akshare@1.18.97|stock_margin_detail_szse,,,2026-09-26T09:36:42.271752+00:00,2026-08-14,CONSERVATIVE_T1,margin_szse,301231,False
2026-08-13,AGGREGATOR|research-node|akshare@1.18.97|stock_margin_detail_szse,,,2026-09-26T09:36:42.271752+00:00,2026-08-14,CONSERVATIVE_T1,margin_szse,301297,False
2026-08-13,AGGREGATOR|research-node|akshare@1.18.97|stock_margin_detail_szse,,,2026-09-26T09:36:42.271752+00:00,2026-08-14,CONSERVATIVE_T1,margin_szse,301353,False
2026-08-13,AGGREGATOR|research-node|akshare@1.18.97|stock_margin_detail_szse,,,2026-09-26T09:36:42.271752+00:00,2026-08-14,CONSERVATIVE_T1,margin_szse,301357,True
2026-08-13,AGGREGATOR|research-node|akshare@1.18.97|stock_margin_detail_szse,,,2026-09-26T09:36:42.271752+00:00,2026-08-14,CONSERVATIVE_T1,margin_szse,301503,False
2026-08-14,AGGREGATOR|research-node|akshare@1.18.97|stock_margin_detail_szse,,,2026-09-26T09:36:44.669012+00:00,2026-08-17,CONSERVATIVE_T1,margin_szse,000089,False
2026-08-14,AGGREGATOR|research-node|akshare@1.18.97|stock_margin_detail_szse,,,2026-09-26T09:36:44.669012+00:00,2026-08-17,CONSERVATIVE_T1,margin_szse,000539,False
2026-08-14,AGGREGATOR|research-node|akshare@1.18.97|stock_margin_detail_szse,,,2026-09-26T09:36:44.669012+00:00,2026-08-17,CONSERVATIVE_T1,margin_szse,000557,False
2026-08-14,AGGREGATOR|research-node|akshare@1.18.97|stock_margin_detail_szse,,,2026-09-26T09:36:44.669012+00:00,2026-08-17,CONSERVATIVE_T1,margin_szse,000603,False
2026-08-14,AGGREGATOR|research-node|akshare@1.18.97|stock_margin_detail_szse,,,2026-09-26T09:36:44.669012+00:00,2026-08-17,CONSERVATIVE_T1,margin_szse,000628,False
2026-08-14,AGGREGATOR|research-node|akshare@1.18.97|stock_margin_detail_szse,,,2026-09-26T09:36:44.669012+00:00,2026-08-17,CONSERVATIVE_T1,margin_szse,000685,False
2026-08-14,AGGREGATOR|research-node|akshare@1.18.97|stock_margin_detail_szse,,,2026-09-26T09:36:44.669012+00:00,2026-08-17,CONSERVATIVE_T1,margin_szse,000709,False
2026-08-14,AGGREGATOR|research-node|akshare@1.18.97|stock_margin_detail_szse,,,2026-09-26T09:36:44.669012+00:00,2026-08-17,CONSERVATIVE_T1,margin_szse,000750,False
2026-08-14,AGGREGATOR|research-node|akshare@1.18.97|stock_margin_detail_szse,,,2026-09-26T09:36:44.669012+00:00,2026-08-17,CONSERVATIVE_T1,margin_szse,000783,False
2026-08-14,AGGREGATOR|research-node|akshare@1.18.97|stock_margin_detail_szse,,,2026-09-26T09:36:44.669012+00:00,2026-08-17,CONSERVATIVE_T1,margin_szse,000825,False
2026-08-14,AGGREGATOR|research-node|akshare@1.18.97|stock_margin_detail_szse,,,2026-09-26T09:36:44.669012+00:00,2026-08-17,CONSERVATIVE_T1,margin_szse,002160,False
2026-08-14,AGGREGATOR|research-node|akshare@1.18.97|stock_margin_detail_szse,,,2026-09-26T09:36:44.669012+00:00,2026-08-17,CONSERVATIVE_T1,margin_szse,002185,False
2026-08-14,AGGREGATOR|research-node|akshare@1.18.97|stock_margin_detail_szse,,,2026-09-26T09:36:44.669012+00:00,2026-08-17,CONSERVATIVE_T1,margin_szse,002354,False
2026-08-14,AGGREGATOR|research-node|akshare@1.18.97|stock_margin_detail_szse,,,2026-09-26T09:36:44.669012+00:00,2026-08-17,CONSERVATIVE_T1,margin_szse,002440,False
2026-08-14,AGGREGATOR|research-node|akshare@1.18.97|stock_margin_detail_szse,,,2026-09-26T09:36:44.669012+00:00,2026-08-17,CONSERVATIVE_T1,margin_szse,002471,False
2026-08-14,AGGREGATOR|research-node|akshare@1.18.97|stock_margin_detail_szse,,,2026-09-26T09:36:44.669012+00:00,2026-08-17,CONSERVATIVE_T1,margin_szse,002497,False
2026-08-14,AGGREGATOR|research-node|akshare@1.18.97|stock_margin_detail_szse,,,2026-09-26T09:36:44.669012+00:00,2026-08-17,CONSERVATIVE_T1,margin_szse,002574,False
2026-08-14,AGGREGATOR|research-node|akshare@1.18.97|stock_margin_detail_szse,,,2026-09-26T09:36:44.669012+00:00,2026-08-17,CONSERVATIVE_T1,margin_szse,002695,False
2026-08-14,AGGREGATOR|research-node|akshare@1.18.97|stock_margin_detail_szse,,,2026-09-26T09:36:44.669012+00:00,2026-08-17,CONSERVATIVE_T1,margin_szse,002736,False
2026-08-14,AGGREGATOR|research-node|akshare@1.18.97|stock_margin_detail_szse,,,2026-09-26T09:36:44.669012+00:00,2026-08-17,CONSERVATIVE_T1,margin_szse,300059,False
2026-08-14,AGGREGATOR|research-node|akshare@1.18.97|stock_margin_detail_szse,,,2026-09-26T09:36:44.669012+00:00,2026-08-17,CONSERVATIVE_T1,margin_szse,300094,False
2026-08-14,AGGREGATOR|research-node|akshare@1.18.97|stock_margin_detail_szse,,,2026-09-26T09:36:44.669012+00:00,2026-08-17,CONSERVATIVE_T1,margin_szse,300199,False
2026-08-14,AGGREGATOR|research-node|akshare@1.18.97|stock_margin_detail_szse,,,2026-09-26T09:36:44.669012+00:00,2026-08-17,CONSERVATIVE_T1,margin_szse,300342,False
2026-08-14,AGGREGATOR|research-node|akshare@1.18.97|stock_margin_detail_szse,,,2026-09-26T09:36:44.669012+00:00,2026-08-17,CONSERVATIVE_T1,margin_szse,300921,False
2026-08-14,AGGREGATOR|research-node|akshare@1.18.97|stock_margin_detail_szse,,,2026-09-26T09:36:44.669012+00:00,2026-08-17,CONSERVATIVE_T1,margin_szse,300946,False
2026-08-14,AGGREGATOR|research-node|akshare@1.18.97|stock_margin_detail_szse,,,2026-09-26T09:36:44.669012+00:00,2026-08-17,CONSERVATIVE_T1,margin_szse,300977,False
2026-08-14,AGGREGATOR|research-node|akshare@1.18.97|stock_margin_detail_szse,,,2026-09-26T09:36:44.669012+00:00,2026-08-17,CONSERVATIVE_T1,margin_szse,301010,False
2026-08-14,AGGREGATOR|research-node|akshare@1.18.97|stock_margin_detail_szse,,,2026-09-26T09:36:44.669012+00:00,2026-08-17,CONSERVATIVE_T1,margin_szse,301231,False
2026-08-14,AGGREGATOR|research-node|akshare@1.18.97|stock_margin_detail_szse,,,2026-09-26T09:36:44.669012+00:00,2026-08-17,CONSERVATIVE_T1,margin_szse,301297,False
2026-08-14,AGGREGATOR|research-node|akshare@1.18.97|stock_margin_detail_szse,,,2026-09-26T09:36:44.669012+00:00,2026-08-17,CONSERVATIVE_T1,margin_szse,301353,False
2026-08-14,AGGREGATOR|research-node|akshare@1.18.97|stock_margin_detail_szse,,,2026-09-26T09:36:44.669012+00:00,2026-08-17,CONSERVATIVE_T1,margin_szse,301357,True
2026-08-14,AGGREGATOR|research-node|akshare@1.18.97|stock_margin_detail_szse,,,2026-09-26T09:36:44.669012+00:00,2026-08-17,CONSERVATIVE_T1,margin_szse,301503,False
2026-08-17,AGGREGATOR|research-node|akshare@1.18.97|stock_margin_detail_szse,,,2026-09-26T09:36:47.126835+00:00,2026-08-18,CONSERVATIVE_T1,margin_szse,000089,False
2026-08-17,AGGREGATOR|research-node|akshare@1.18.97|stock_margin_detail_szse,,,2026-09-26T09:36:47.126835+00:00,2026-08-18,CONSERVATIVE_T1,margin_szse,000539,False
2026-08-17,AGGREGATOR|research-node|akshare@1.18.97|stock_margin_detail_szse,,,2026-09-26T09:36:47.126835+00:00,2026-08-18,CONSERVATIVE_T1,margin_szse,000557,False
2026-08-17,AGGREGATOR|research-node|akshare@1.18.97|stock_margin_detail_szse,,,2026-09-26T09:36:47.126835+00:00,2026-08-18,CONSERVATIVE_T1,margin_szse,000603,False
2026-08-17,AGGREGATOR|research-node|akshare@1.18.97|stock_margin_detail_szse,,,2026-09-26T09:36:47.126835+00:00,2026-08-18,CONSERVATIVE_T1,margin_szse,000628,False
2026-08-17,AGGREGATOR|research-node|akshare@1.18.97|stock_margin_detail_szse,,,2026-09-26T09:36:47.126835+00:00,2026-08-18,CONSERVATIVE_T1,margin_szse,000685,False
2026-08-17,AGGREGATOR|research-node|akshare@1.18.97|stock_margin_detail_szse,,,2026-09-26T09:36:47.126835+00:00,2026-08-18,CONSERVATIVE_T1,margin_szse,000709,False
2026-08-17,AGGREGATOR|research-node|akshare@1.18.97|stock_margin_detail_szse,,,2026-09-26T09:36:47.126835+00:00,2026-08-18,CONSERVATIVE_T1,margin_szse,000750,False
2026-08-17,AGGREGATOR|research-node|akshare@1.18.97|stock_margin_detail_szse,,,2026-09-26T09:36:47.126835+00:00,2026-08-18,CONSERVATIVE_T1,margin_szse,000783,False
2026-08-17,AGGREGATOR|research-node|akshare@1.18.97|stock_margin_detail_szse,,,2026-09-26T09:36:47.126835+00:00,2026-08-18,CONSERVATIVE_T1,margin_szse,000825,False
2026-08-17,AGGREGATOR|research-node|akshare@1.18.97|stock_margin_detail_szse,,,2026-09-26T09:36:47.126835+00:00,2026-08-18,CONSERVATIVE_T1,margin_szse,002160,False
2026-08-17,AGGREGATOR|research-node|akshare@1.18.97|stock_margin_detail_szse,,,2026-09-26T09:36:47.126835+00:00,2026-08-18,CONSERVATIVE_T1,margin_szse,002185,False
2026-08-17,AGGREGATOR|research-node|akshare@1.18.97|stock_margin_detail_szse,,,2026-09-26T09:36:47.126835+00:00,2026-08-18,CONSERVATIVE_T1,margin_szse,002354,False
2026-08-17,AGGREGATOR|research-node|akshare@1.18.97|stock_margin_detail_szse,,,2026-09-26T09:36:47.126835+00:00,2026-08-18,CONSERVATIVE_T1,margin_szse,002440,False
2026-08-17,AGGREGATOR|research-node|akshare@1.18.97|stock_margin_detail_szse,,,2026-09-26T09:36:47.126835+00:00,2026-08-18,CONSERVATIVE_T1,margin_szse,002471,False
2026-08-17,AGGREGATOR|research-node|akshare@1.18.97|stock_margin_detail_szse,,,2026-09-26T09:36:47.126835+00:00,2026-08-18,CONSERVATIVE_T1,margin_szse,002497,False
2026-08-17,AGGREGATOR|research-node|akshare@1.18.97|stock_margin_detail_szse,,,2026-09-26T09:36:47.126835+00:00,2026-08-18,CONSERVATIVE_T1,margin_szse,002574,False
2026-08-17,AGGREGATOR|research-node|akshare@1.18.97|stock_margin_detail_szse,,,2026-09-26T09:36:47.126835+00:00,2026-08-18,CONSERVATIVE_T1,margin_szse,002695,False
2026-08-17,AGGREGATOR|research-node|akshare@1.18.97|stock_margin_detail_szse,,,2026-09-26T09:36:47.126835+00:00,2026-08-18,CONSERVATIVE_T1,margin_szse,002736,False
2026-08-17,AGGREGATOR|research-node|akshare@1.18.97|stock_margin_detail_szse,,,2026-09-26T09:36:47.126835+00:00,2026-08-18,CONSERVATIVE_T1,margin_szse,300059,False
2026-08-17,AGGREGATOR|research-node|akshare@1.18.97|stock_margin_detail_szse,,,2026-09-26T09:36:47.126835+00:00,2026-08-18,CONSERVATIVE_T1,margin_szse,300094,False
2026-08-17,AGGREGATOR|research-node|akshare@1.18.97|stock_margin_detail_szse,,,2026-09-26T09:36:47.126835+00:00,2026-08-18,CONSERVATIVE_T1,margin_szse,300199,False
2026-08-17,AGGREGATOR|research-node|akshare@1.18.97|stock_margin_detail_szse,,,2026-09-26T09:36:47.126835+00:00,2026-08-18,CONSERVATIVE_T1,margin_szse,300342,False
2026-08-17,AGGREGATOR|research-node|akshare@1.18.97|stock_margin_detail_szse,,,2026-09-26T09:36:47.126835+00:00,2026-08-18,CONSERVATIVE_T1,margin_szse,300921,False
2026-08-17,AGGREGATOR|research-node|akshare@1.18.97|stock_margin_detail_szse,,,2026-09-26T09:36:47.126835+00:00,2026-08-18,CONSERVATIVE_T1,margin_szse,300946,False
2026-08-17,AGGREGATOR|research-node|akshare@1.18.97|stock_margin_detail_szse,,,2026-09-26T09:36:47.126835+00:00,2026-08-18,CONSERVATIVE_T1,margin_szse,300977,False
2026-08-17,AGGREGATOR|research-node|akshare@1.18.97|stock_margin_detail_szse,,,2026-09-26T09:36:47.126835+00:00,2026-08-18,CONSERVATIVE_T1,margin_szse,301010,False
2026-08-17,AGGREGATOR|research-node|akshare@1.18.97|stock_margin_detail_szse,,,2026-09-26T09:36:47.126835+00:00,2026-08-18,CONSERVATIVE_T1,margin_szse,301231,False
2026-08-17,AGGREGATOR|research-node|akshare@1.18.97|stock_margin_detail_szse,,,2026-09-26T09:36:47.126835+00:00,2026-08-18,CONSERVATIVE_T1,margin_szse,301297,False
2026-08-17,AGGREGATOR|research-node|akshare@1.18.97|stock_margin_detail_szse,,,2026-09-26T09:36:47.126835+00:00,2026-08-18,CONSERVATIVE_T1,margin_szse,301353,False
2026-08-17,AGGREGATOR|research-node|akshare@1.18.97|stock_margin_detail_szse,,,2026-09-26T09:36:47.126835+00:00,2026-08-18,CONSERVATIVE_T1,margin_szse,301357,True
2026-08-17,AGGREGATOR|research-node|akshare@1.18.97|stock_margin_detail_szse,,,2026-09-26T09:36:47.126835+00:00,2026-08-18,CONSERVATIVE_T1,margin_szse,301503,False
2026-08-18,AGGREGATOR|research-node|akshare@1.18.97|stock_margin_detail_szse,,,2026-09-26T09:36:49.448392+00:00,2026-08-19,CONSERVATIVE_T1,margin_szse,000089,False
2026-08-18,AGGREGATOR|research-node|akshare@1.18.97|stock_margin_detail_szse,,,2026-09-26T09:36:49.448392+00:00,2026-08-19,CONSERVATIVE_T1,margin_szse,000539,False
2026-08-18,AGGREGATOR|research-node|akshare@1.18.97|stock_margin_detail_szse,,,2026-09-26T09:36:49.448392+00:00,2026-08-19,CONSERVATIVE_T1,margin_szse,000557,False
2026-08-18,AGGREGATOR|research-node|akshare@1.18.97|stock_margin_detail_szse,,,2026-09-26T09:36:49.448392+00:00,2026-08-19,CONSERVATIVE_T1,margin_szse,000603,False
2026-08-18,AGGREGATOR|research-node|akshare@1.18.97|stock_margin_detail_szse,,,2026-09-26T09:36:49.448392+00:00,2026-08-19,CONSERVATIVE_T1,margin_szse,000628,False
2026-08-18,AGGREGATOR|research-node|akshare@1.18.97|stock_margin_detail_szse,,,2026-09-26T09:36:49.448392+00:00,2026-08-19,CONSERVATIVE_T1,margin_szse,000685,False
2026-08-18,AGGREGATOR|research-node|akshare@1.18.97|stock_margin_detail_szse,,,2026-09-26T09:36:49.448392+00:00,2026-08-19,CONSERVATIVE_T1,margin_szse,000709,False
2026-08-18,AGGREGATOR|research-node|akshare@1.18.97|stock_margin_detail_szse,,,2026-09-26T09:36:49.448392+00:00,2026-08-19,CONSERVATIVE_T1,margin_szse,000750,False
2026-08-18,AGGREGATOR|research-node|akshare@1.18.97|stock_margin_detail_szse,,,2026-09-26T09:36:49.448392+00:00,2026-08-19,CONSERVATIVE_T1,margin_szse,000783,False
2026-08-18,AGGREGATOR|research-node|akshare@1.18.97|stock_margin_detail_szse,,,2026-09-26T09:36:49.448392+00:00,2026-08-19,CONSERVATIVE_T1,margin_szse,000825,False
2026-08-18,AGGREGATOR|research-node|akshare@1.18.97|stock_margin_detail_szse,,,2026-09-26T09:36:49.448392+00:00,2026-08-19,CONSERVATIVE_T1,margin_szse,002160,False
2026-08-18,AGGREGATOR|research-node|akshare@1.18.97|stock_margin_detail_szse,,,2026-09-26T09:36:49.448392+00:00,2026-08-19,CONSERVATIVE_T1,margin_szse,002185,False
2026-08-18,AGGREGATOR|research-node|akshare@1.18.97|stock_margin_detail_szse,,,2026-09-26T09:36:49.448392+00:00,2026-08-19,CONSERVATIVE_T1,margin_szse,002354,False
2026-08-18,AGGREGATOR|research-node|akshare@1.18.97|stock_margin_detail_szse,,,2026-09-26T09:36:49.448392+00:00,2026-08-19,CONSERVATIVE_T1,margin_szse,002440,False
2026-08-18,AGGREGATOR|research-node|akshare@1.18.97|stock_margin_detail_szse,,,2026-09-26T09:36:49.448392+00:00,2026-08-19,CONSERVATIVE_T1,margin_szse,002471,False
2026-08-18,AGGREGATOR|research-node|akshare@1.18.97|stock_margin_detail_szse,,,2026-09-26T09:36:49.448392+00:00,2026-08-19,CONSERVATIVE_T1,margin_szse,002497,False
2026-08-18,AGGREGATOR|research-node|akshare@1.18.97|stock_margin_detail_szse,,,2026-09-26T09:36:49.448392+00:00,2026-08-19,CONSERVATIVE_T1,margin_szse,002574,False
2026-08-18,AGGREGATOR|research-node|akshare@1.18.97|stock_margin_detail_szse,,,2026-09-26T09:36:49.448392+00:00,2026-08-19,CONSERVATIVE_T1,margin_szse,002695,False
2026-08-18,AGGREGATOR|research-node|akshare@1.18.97|stock_margin_detail_szse,,,2026-09-26T09:36:49.448392+00:00,2026-08-19,CONSERVATIVE_T1,margin_szse,002736,False
2026-08-18,AGGREGATOR|research-node|akshare@1.18.97|stock_margin_detail_szse,,,2026-09-26T09:36:49.448392+00:00,2026-08-19,CONSERVATIVE_T1,margin_szse,300059,False
2026-08-18,AGGREGATOR|research-node|akshare@1.18.97|stock_margin_detail_szse,,,2026-09-26T09:36:49.448392+00:00,2026-08-19,CONSERVATIVE_T1,margin_szse,300094,False
2026-08-18,AGGREGATOR|research-node|akshare@1.18.97|stock_margin_detail_szse,,,2026-09-26T09:36:49.448392+00:00,2026-08-19,CONSERVATIVE_T1,margin_szse,300199,False
2026-08-18,AGGREGATOR|research-node|akshare@1.18.97|stock_margin_detail_szse,,,2026-09-26T09:36:49.448392+00:00,2026-08-19,CONSERVATIVE_T1,margin_szse,300342,False
2026-08-18,AGGREGATOR|research-node|akshare@1.18.97|stock_margin_detail_szse,,,2026-09-26T09:36:49.448392+00:00,2026-08-19,CONSERVATIVE_T1,margin_szse,300921,False
2026-08-18,AGGREGATOR|research-node|akshare@1.18.97|stock_margin_detail_szse,,,2026-09-26T09:36:49.448392+00:00,2026-08-19,CONSERVATIVE_T1,margin_szse,300946,False
2026-08-18,AGGREGATOR|research-node|akshare@1.18.97|stock_margin_detail_szse,,,2026-09-26T09:36:49.448392+00:00,2026-08-19,CONSERVATIVE_T1,margin_szse,300977,False
2026-08-18,AGGREGATOR|research-node|akshare@1.18.97|stock_margin_detail_szse,,,2026-09-26T09:36:49.448392+00:00,2026-08-19,CONSERVATIVE_T1,margin_szse,301010,False
2026-08-18,AGGREGATOR|research-node|akshare@1.18.97|stock_margin_detail_szse,,,2026-09-26T09:36:49.448392+00:00,2026-08-19,CONSERVATIVE_T1,margin_szse,301231,False
2026-08-18,AGGREGATOR|research-node|akshare@1.18.97|stock_margin_detail_szse,,,2026-09-26T09:36:49.448392+00:00,2026-08-19,CONSERVATIVE_T1,margin_szse,301297,False
2026-08-18,AGGREGATOR|research-node|akshare@1.18.97|stock_margin_detail_szse,,,2026-09-26T09:36:49.448392+00:00,2026-08-19,CONSERVATIVE_T1,margin_szse,301353,False
2026-08-18,AGGREGATOR|research-node|akshare@1.18.97|stock_margin_detail_szse,,,2026-09-26T09:36:49.448392+00:00,2026-08-19,CONSERVATIVE_T1,margin_szse,301357,True
2026-08-18,AGGREGATOR|research-node|akshare@1.18.97|stock_margin_detail_szse,,,2026-09-26T09:36:49.448392+00:00,2026-08-19,CONSERVATIVE_T1,margin_szse,301503,False
2026-08-19,AGGREGATOR|research-node|akshare@1.18.97|stock_margin_detail_szse,,,2026-09-26T09:36:52.081400+00:00,2026-08-20,CONSERVATIVE_T1,margin_szse,000089,False
2026-08-19,AGGREGATOR|research-node|akshare@1.18.97|stock_margin_detail_szse,,,2026-09-26T09:36:52.081400+00:00,2026-08-20,CONSERVATIVE_T1,margin_szse,000539,False
2026-08-19,AGGREGATOR|research-node|akshare@1.18.97|stock_margin_detail_szse,,,2026-09-26T09:36:52.081400+00:00,2026-08-20,CONSERVATIVE_T1,margin_szse,000557,False
2026-08-19,AGGREGATOR|research-node|akshare@1.18.97|stock_margin_detail_szse,,,2026-09-26T09:36:52.081400+00:00,2026-08-20,CONSERVATIVE_T1,margin_szse,000603,False
2026-08-19,AGGREGATOR|research-node|akshare@1.18.97|stock_margin_detail_szse,,,2026-09-26T09:36:52.081400+00:00,2026-08-20,CONSERVATIVE_T1,margin_szse,000628,False
2026-08-19,AGGREGATOR|research-node|akshare@1.18.97|stock_margin_detail_szse,,,2026-09-26T09:36:52.081400+00:00,2026-08-20,CONSERVATIVE_T1,margin_szse,000685,False
2026-08-19,AGGREGATOR|research-node|akshare@1.18.97|stock_margin_detail_szse,,,2026-09-26T09:36:52.081400+00:00,2026-08-20,CONSERVATIVE_T1,margin_szse,000709,False
2026-08-19,AGGREGATOR|research-node|akshare@1.18.97|stock_margin_detail_szse,,,2026-09-26T09:36:52.081400+00:00,2026-08-20,CONSERVATIVE_T1,margin_szse,000750,False
2026-08-19,AGGREGATOR|research-node|akshare@1.18.97|stock_margin_detail_szse,,,2026-09-26T09:36:52.081400+00:00,2026-08-20,CONSERVATIVE_T1,margin_szse,000783,False
2026-08-19,AGGREGATOR|research-node|akshare@1.18.97|stock_margin_detail_szse,,,2026-09-26T09:36:52.081400+00:00,2026-08-20,CONSERVATIVE_T1,margin_szse,000825,False
2026-08-19,AGGREGATOR|research-node|akshare@1.18.97|stock_margin_detail_szse,,,2026-09-26T09:36:52.081400+00:00,2026-08-20,CONSERVATIVE_T1,margin_szse,002160,False
2026-08-19,AGGREGATOR|research-node|akshare@1.18.97|stock_margin_detail_szse,,,2026-09-26T09:36:52.081400+00:00,2026-08-20,CONSERVATIVE_T1,margin_szse,002185,False
2026-08-19,AGGREGATOR|research-node|akshare@1.18.97|stock_margin_detail_szse,,,2026-09-26T09:36:52.081400+00:00,2026-08-20,CONSERVATIVE_T1,margin_szse,002354,False
2026-08-19,AGGREGATOR|research-node|akshare@1.18.97|stock_margin_detail_szse,,,2026-09-26T09:36:52.081400+00:00,2026-08-20,CONSERVATIVE_T1,margin_szse,002440,False
2026-08-19,AGGREGATOR|research-node|akshare@1.18.97|stock_margin_detail_szse,,,2026-09-26T09:36:52.081400+00:00,2026-08-20,CONSERVATIVE_T1,margin_szse,002471,False
2026-08-19,AGGREGATOR|research-node|akshare@1.18.97|stock_margin_detail_szse,,,2026-09-26T09:36:52.081400+00:00,2026-08-20,CONSERVATIVE_T1,margin_szse,002497,False
2026-08-19,AGGREGATOR|research-node|akshare@1.18.97|stock_margin_detail_szse,,,2026-09-26T09:36:52.081400+00:00,2026-08-20,CONSERVATIVE_T1,margin_szse,002574,False
2026-08-19,AGGREGATOR|research-node|akshare@1.18.97|stock_margin_detail_szse,,,2026-09-26T09:36:52.081400+00:00,2026-08-20,CONSERVATIVE_T1,margin_szse,002695,False
2026-08-19,AGGREGATOR|research-node|akshare@1.18.97|stock_margin_detail_szse,,,2026-09-26T09:36:52.081400+00:00,2026-08-20,CONSERVATIVE_T1,margin_szse,002736,False
2026-08-19,AGGREGATOR|research-node|akshare@1.18.97|stock_margin_detail_szse,,,2026-09-26T09:36:52.081400+00:00,2026-08-20,CONSERVATIVE_T1,margin_szse,300059,False
2026-08-19,AGGREGATOR|research-node|akshare@1.18.97|stock_margin_detail_szse,,,2026-09-26T09:36:52.081400+00:00,2026-08-20,CONSERVATIVE_T1,margin_szse,300094,False
2026-08-19,AGGREGATOR|research-node|akshare@1.18.97|stock_margin_detail_szse,,,2026-09-26T09:36:52.081400+00:00,2026-08-20,CONSERVATIVE_T1,margin_szse,300199,False
2026-08-19,AGGREGATOR|research-node|akshare@1.18.97|stock_margin_detail_szse,,,2026-09-26T09:36:52.081400+00:00,2026-08-20,CONSERVATIVE_T1,margin_szse,300342,False
2026-08-19,AGGREGATOR|research-node|akshare@1.18.97|stock_margin_detail_szse,,,2026-09-26T09:36:52.081400+00:00,2026-08-20,CONSERVATIVE_T1,margin_szse,300921,False
2026-08-19,AGGREGATOR|research-node|akshare@1.18.97|stock_margin_detail_szse,,,2026-09-26T09:36:52.081400+00:00,2026-08-20,CONSERVATIVE_T1,margin_szse,300946,False
2026-08-19,AGGREGATOR|research-node|akshare@1.18.97|stock_margin_detail_szse,,,2026-09-26T09:36:52.081400+00:00,2026-08-20,CONSERVATIVE_T1,margin_szse,300977,False
2026-08-19,AGGREGATOR|research-node|akshare@1.18.97|stock_margin_detail_szse,,,2026-09-26T09:36:52.081400+00:00,2026-08-20,CONSERVATIVE_T1,margin_szse,301010,False
2026-08-19,AGGREGATOR|research-node|akshare@1.18.97|stock_margin_detail_szse,,,2026-09-26T09:36:52.081400+00:00,2026-08-20,CONSERVATIVE_T1,margin_szse,301231,False
2026-08-19,AGGREGATOR|research-node|akshare@1.18.97|stock_margin_detail_szse,,,2026-09-26T09:36:52.081400+00:00,2026-08-20,CONSERVATIVE_T1,margin_szse,301297,False
2026-08-19,AGGREGATOR|research-node|akshare@1.18.97|stock_margin_detail_szse,,,2026-09-26T09:36:52.081400+00:00,2026-08-20,CONSERVATIVE_T1,margin_szse,301353,False
2026-08-19,AGGREGATOR|research-node|akshare@1.18.97|stock_margin_detail_szse,,,2026-09-26T09:36:52.081400+00:00,2026-08-20,CONSERVATIVE_T1,margin_szse,301357,True
2026-08-19,AGGREGATOR|research-node|akshare@1.18.97|stock_margin_detail_szse,,,2026-09-26T09:36:52.081400+00:00,2026-08-20,CONSERVATIVE_T1,margin_szse,301503,False
2026-08-20,AGGREGATOR|research-node|akshare@1.18.97|stock_margin_detail_szse,,,2026-09-26T09:36:54.382793+00:00,2026-08-21,CONSERVATIVE_T1,margin_szse,000089,False
2026-08-20,AGGREGATOR|research-node|akshare@1.18.97|stock_margin_detail_szse,,,2026-09-26T09:36:54.382793+00:00,2026-08-21,CONSERVATIVE_T1,margin_szse,000539,False
2026-08-20,AGGREGATOR|research-node|akshare@1.18.97|stock_margin_detail_szse,,,2026-09-26T09:36:54.382793+00:00,2026-08-21,CONSERVATIVE_T1,margin_szse,000557,False
2026-08-20,AGGREGATOR|research-node|akshare@1.18.97|stock_margin_detail_szse,,,2026-09-26T09:36:54.382793+00:00,2026-08-21,CONSERVATIVE_T1,margin_szse,000603,False
2026-08-20,AGGREGATOR|research-node|akshare@1.18.97|stock_margin_detail_szse,,,2026-09-26T09:36:54.382793+00:00,2026-08-21,CONSERVATIVE_T1,margin_szse,000628,False
2026-08-20,AGGREGATOR|research-node|akshare@1.18.97|stock_margin_detail_szse,,,2026-09-26T09:36:54.382793+00:00,2026-08-21,CONSERVATIVE_T1,margin_szse,000685,False
2026-08-20,AGGREGATOR|research-node|akshare@1.18.97|stock_margin_detail_szse,,,2026-09-26T09:36:54.382793+00:00,2026-08-21,CONSERVATIVE_T1,margin_szse,000709,False
2026-08-20,AGGREGATOR|research-node|akshare@1.18.97|stock_margin_detail_szse,,,2026-09-26T09:36:54.382793+00:00,2026-08-21,CONSERVATIVE_T1,margin_szse,000750,False
2026-08-20,AGGREGATOR|research-node|akshare@1.18.97|stock_margin_detail_szse,,,2026-09-26T09:36:54.382793+00:00,2026-08-21,CONSERVATIVE_T1,margin_szse,000783,False
2026-08-20,AGGREGATOR|research-node|akshare@1.18.97|stock_margin_detail_szse,,,2026-09-26T09:36:54.382793+00:00,2026-08-21,CONSERVATIVE_T1,margin_szse,000825,False
2026-08-20,AGGREGATOR|research-node|akshare@1.18.97|stock_margin_detail_szse,,,2026-09-26T09:36:54.382793+00:00,2026-08-21,CONSERVATIVE_T1,margin_szse,002160,False
2026-08-20,AGGREGATOR|research-node|akshare@1.18.97|stock_margin_detail_szse,,,2026-09-26T09:36:54.382793+00:00,2026-08-21,CONSERVATIVE_T1,margin_szse,002185,False
2026-08-20,AGGREGATOR|research-node|akshare@1.18.97|stock_margin_detail_szse,,,2026-09-26T09:36:54.382793+00:00,2026-08-21,CONSERVATIVE_T1,margin_szse,002354,False
2026-08-20,AGGREGATOR|research-node|akshare@1.18.97|stock_margin_detail_szse,,,2026-09-26T09:36:54.382793+00:00,2026-08-21,CONSERVATIVE_T1,margin_szse,002440,False
2026-08-20,AGGREGATOR|research-node|akshare@1.18.97|stock_margin_detail_szse,,,2026-09-26T09:36:54.382793+00:00,2026-08-21,CONSERVATIVE_T1,margin_szse,002471,False
2026-08-20,AGGREGATOR|research-node|akshare@1.18.97|stock_margin_detail_szse,,,2026-09-26T09:36:54.382793+00:00,2026-08-21,CONSERVATIVE_T1,margin_szse,002497,False
2026-08-20,AGGREGATOR|research-node|akshare@1.18.97|stock_margin_detail_szse,,,2026-09-26T09:36:54.382793+00:00,2026-08-21,CONSERVATIVE_T1,margin_szse,002574,False
2026-08-20,AGGREGATOR|research-node|akshare@1.18.97|stock_margin_detail_szse,,,2026-09-26T09:36:54.382793+00:00,2026-08-21,CONSERVATIVE_T1,margin_szse,002695,False
2026-08-20,AGGREGATOR|research-node|akshare@1.18.97|stock_margin_detail_szse,,,2026-09-26T09:36:54.382793+00:00,2026-08-21,CONSERVATIVE_T1,margin_szse,002736,False
2026-08-20,AGGREGATOR|research-node|akshare@1.18.97|stock_margin_detail_szse,,,2026-09-26T09:36:54.382793+00:00,2026-08-21,CONSERVATIVE_T1,margin_szse,300059,False
2026-08-20,AGGREGATOR|research-node|akshare@1.18.97|stock_margin_detail_szse,,,2026-09-26T09:36:54.382793+00:00,2026-08-21,CONSERVATIVE_T1,margin_szse,300094,False
2026-08-20,AGGREGATOR|research-node|akshare@1.18.97|stock_margin_detail_szse,,,2026-09-26T09:36:54.382793+00:00,2026-08-21,CONSERVATIVE_T1,margin_szse,300199,False
2026-08-20,AGGREGATOR|research-node|akshare@1.18.97|stock_margin_detail_szse,,,2026-09-26T09:36:54.382793+00:00,2026-08-21,CONSERVATIVE_T1,margin_szse,300342,False
2026-08-20,AGGREGATOR|research-node|akshare@1.18.97|stock_margin_detail_szse,,,2026-09-26T09:36:54.382793+00:00,2026-08-21,CONSERVATIVE_T1,margin_szse,300921,False
2026-08-20,AGGREGATOR|research-node|akshare@1.18.97|stock_margin_detail_szse,,,2026-09-26T09:36:54.382793+00:00,2026-08-21,CONSERVATIVE_T1,margin_szse,300946,False
2026-08-20,AGGREGATOR|research-node|akshare@1.18.97|stock_margin_detail_szse,,,2026-09-26T09:36:54.382793+00:00,2026-08-21,CONSERVATIVE_T1,margin_szse,300977,False
2026-08-20,AGGREGATOR|research-node|akshare@1.18.97|stock_margin_detail_szse,,,2026-09-26T09:36:54.382793+00:00,2026-08-21,CONSERVATIVE_T1,margin_szse,301010,False
2026-08-20,AGGREGATOR|research-node|akshare@1.18.97|stock_margin_detail_szse,,,2026-09-26T09:36:54.382793+00:00,2026-08-21,CONSERVATIVE_T1,margin_szse,301231,False
2026-08-20,AGGREGATOR|research-node|akshare@1.18.97|stock_margin_detail_szse,,,2026-09-26T09:36:54.382793+00:00,2026-08-21,CONSERVATIVE_T1,margin_szse,301297,False
2026-08-20,AGGREGATOR|research-node|akshare@1.18.97|stock_margin_detail_szse,,,2026-09-26T09:36:54.382793+00:00,2026-08-21,CONSERVATIVE_T1,margin_szse,301353,False
2026-08-20,AGGREGATOR|research-node|akshare@1.18.97|stock_margin_detail_szse,,,2026-09-26T09:36:54.382793+00:00,2026-08-21,CONSERVATIVE_T1,margin_szse,301357,True
2026-08-20,AGGREGATOR|research-node|akshare@1.18.97|stock_margin_detail_szse,,,2026-09-26T09:36:54.382793+00:00,2026-08-21,CONSERVATIVE_T1,margin_szse,301503,False
2026-08-21,AGGREGATOR|research-node|akshare@1.18.97|stock_margin_detail_szse,,,2026-09-26T09:36:56.751915+00:00,2026-08-24,CONSERVATIVE_T1,margin_szse,000089,False
2026-08-21,AGGREGATOR|research-node|akshare@1.18.97|stock_margin_detail_szse,,,2026-09-26T09:36:56.751915+00:00,2026-08-24,CONSERVATIVE_T1,margin_szse,000539,False
2026-08-21,AGGREGATOR|research-node|akshare@1.18.97|stock_margin_detail_szse,,,2026-09-26T09:36:56.751915+00:00,2026-08-24,CONSERVATIVE_T1,margin_szse,000557,False
2026-08-21,AGGREGATOR|research-node|akshare@1.18.97|stock_margin_detail_szse,,,2026-09-26T09:36:56.751915+00:00,2026-08-24,CONSERVATIVE_T1,margin_szse,000603,False
2026-08-21,AGGREGATOR|research-node|akshare@1.18.97|stock_margin_detail_szse,,,2026-09-26T09:36:56.751915+00:00,2026-08-24,CONSERVATIVE_T1,margin_szse,000628,False
2026-08-21,AGGREGATOR|research-node|akshare@1.18.97|stock_margin_detail_szse,,,2026-09-26T09:36:56.751915+00:00,2026-08-24,CONSERVATIVE_T1,margin_szse,000685,False
2026-08-21,AGGREGATOR|research-node|akshare@1.18.97|stock_margin_detail_szse,,,2026-09-26T09:36:56.751915+00:00,2026-08-24,CONSERVATIVE_T1,margin_szse,000709,False
2026-08-21,AGGREGATOR|research-node|akshare@1.18.97|stock_margin_detail_szse,,,2026-09-26T09:36:56.751915+00:00,2026-08-24,CONSERVATIVE_T1,margin_szse,000750,False
2026-08-21,AGGREGATOR|research-node|akshare@1.18.97|stock_margin_detail_szse,,,2026-09-26T09:36:56.751915+00:00,2026-08-24,CONSERVATIVE_T1,margin_szse,000783,False
2026-08-21,AGGREGATOR|research-node|akshare@1.18.97|stock_margin_detail_szse,,,2026-09-26T09:36:56.751915+00:00,2026-08-24,CONSERVATIVE_T1,margin_szse,000825,False
2026-08-21,AGGREGATOR|research-node|akshare@1.18.97|stock_margin_detail_szse,,,2026-09-26T09:36:56.751915+00:00,2026-08-24,CONSERVATIVE_T1,margin_szse,002160,False
2026-08-21,AGGREGATOR|research-node|akshare@1.18.97|stock_margin_detail_szse,,,2026-09-26T09:36:56.751915+00:00,2026-08-24,CONSERVATIVE_T1,margin_szse,002185,False
2026-08-21,AGGREGATOR|research-node|akshare@1.18.97|stock_margin_detail_szse,,,2026-09-26T09:36:56.751915+00:00,2026-08-24,CONSERVATIVE_T1,margin_szse,002354,False
2026-08-21,AGGREGATOR|research-node|akshare@1.18.97|stock_margin_detail_szse,,,2026-09-26T09:36:56.751915+00:00,2026-08-24,CONSERVATIVE_T1,margin_szse,002440,False
2026-08-21,AGGREGATOR|research-node|akshare@1.18.97|stock_margin_detail_szse,,,2026-09-26T09:36:56.751915+00:00,2026-08-24,CONSERVATIVE_T1,margin_szse,002471,False
2026-08-21,AGGREGATOR|research-node|akshare@1.18.97|stock_margin_detail_szse,,,2026-09-26T09:36:56.751915+00:00,2026-08-24,CONSERVATIVE_T1,margin_szse,002497,False
2026-08-21,AGGREGATOR|research-node|akshare@1.18.97|stock_margin_detail_szse,,,2026-09-26T09:36:56.751915+00:00,2026-08-24,CONSERVATIVE_T1,margin_szse,002574,False
2026-08-21,AGGREGATOR|research-node|akshare@1.18.97|stock_margin_detail_szse,,,2026-09-26T09:36:56.751915+00:00,2026-08-24,CONSERVATIVE_T1,margin_szse,002695,False
2026-08-21,AGGREGATOR|research-node|akshare@1.18.97|stock_margin_detail_szse,,,2026-09-26T09:36:56.751915+00:00,2026-08-24,CONSERVATIVE_T1,margin_szse,002736,False
2026-08-21,AGGREGATOR|research-node|akshare@1.18.97|stock_margin_detail_szse,,,2026-09-26T09:36:56.751915+00:00,2026-08-24,CONSERVATIVE_T1,margin_szse,300059,False
2026-08-21,AGGREGATOR|research-node|akshare@1.18.97|stock_margin_detail_szse,,,2026-09-26T09:36:56.751915+00:00,2026-08-24,CONSERVATIVE_T1,margin_szse,300094,False
2026-08-21,AGGREGATOR|research-node|akshare@1.18.97|stock_margin_detail_szse,,,2026-09-26T09:36:56.751915+00:00,2026-08-24,CONSERVATIVE_T1,margin_szse,300199,False
2026-08-21,AGGREGATOR|research-node|akshare@1.18.97|stock_margin_detail_szse,,,2026-09-26T09:36:56.751915+00:00,2026-08-24,CONSERVATIVE_T1,margin_szse,300342,False
2026-08-21,AGGREGATOR|research-node|akshare@1.18.97|stock_margin_detail_szse,,,2026-09-26T09:36:56.751915+00:00,2026-08-24,CONSERVATIVE_T1,margin_szse,300921,False
2026-08-21,AGGREGATOR|research-node|akshare@1.18.97|stock_margin_detail_szse,,,2026-09-26T09:36:56.751915+00:00,2026-08-24,CONSERVATIVE_T1,margin_szse,300946,False
2026-08-21,AGGREGATOR|research-node|akshare@1.18.97|stock_margin_detail_szse,,,2026-09-26T09:36:56.751915+00:00,2026-08-24,CONSERVATIVE_T1,margin_szse,300977,False
2026-08-21,AGGREGATOR|research-node|akshare@1.18.97|stock_margin_detail_szse,,,2026-09-26T09:36:56.751915+00:00,2026-08-24,CONSERVATIVE_T1,margin_szse,301010,False
2026-08-21,AGGREGATOR|research-node|akshare@1.18.97|stock_margin_detail_szse,,,2026-09-26T09:36:56.751915+00:00,2026-08-24,CONSERVATIVE_T1,margin_szse,301231,False
2026-08-21,AGGREGATOR|research-node|akshare@1.18.97|stock_margin_detail_szse,,,2026-09-26T09:36:56.751915+00:00,2026-08-24,CONSERVATIVE_T1,margin_szse,301297,False
2026-08-21,AGGREGATOR|research-node|akshare@1.18.97|stock_margin_detail_szse,,,2026-09-26T09:36:56.751915+00:00,2026-08-24,CONSERVATIVE_T1,margin_szse,301353,False
2026-08-21,AGGREGATOR|research-node|akshare@1.18.97|stock_margin_detail_szse,,,2026-09-26T09:36:56.751915+00:00,2026-08-24,CONSERVATIVE_T1,margin_szse,301357,False
2026-08-21,AGGREGATOR|research-node|akshare@1.18.97|stock_margin_detail_szse,,,2026-09-26T09:36:56.751915+00:00,2026-08-24,CONSERVATIVE_T1,margin_szse,301503,False
2026-08-24,AGGREGATOR|research-node|akshare@1.18.97|stock_margin_detail_szse,,,2026-09-26T09:36:59.145901+00:00,2026-08-25,CONSERVATIVE_T1,margin_szse,000089,False
2026-08-24,AGGREGATOR|research-node|akshare@1.18.97|stock_margin_detail_szse,,,2026-09-26T09:36:59.145901+00:00,2026-08-25,CONSERVATIVE_T1,margin_szse,000539,False
2026-08-24,AGGREGATOR|research-node|akshare@1.18.97|stock_margin_detail_szse,,,2026-09-26T09:36:59.145901+00:00,2026-08-25,CONSERVATIVE_T1,margin_szse,000557,False
2026-08-24,AGGREGATOR|research-node|akshare@1.18.97|stock_margin_detail_szse,,,2026-09-26T09:36:59.145901+00:00,2026-08-25,CONSERVATIVE_T1,margin_szse,000603,False
2026-08-24,AGGREGATOR|research-node|akshare@1.18.97|stock_margin_detail_szse,,,2026-09-26T09:36:59.145901+00:00,2026-08-25,CONSERVATIVE_T1,margin_szse,000628,False
2026-08-24,AGGREGATOR|research-node|akshare@1.18.97|stock_margin_detail_szse,,,2026-09-26T09:36:59.145901+00:00,2026-08-25,CONSERVATIVE_T1,margin_szse,000685,False
2026-08-24,AGGREGATOR|research-node|akshare@1.18.97|stock_margin_detail_szse,,,2026-09-26T09:36:59.145901+00:00,2026-08-25,CONSERVATIVE_T1,margin_szse,000709,False
2026-08-24,AGGREGATOR|research-node|akshare@1.18.97|stock_margin_detail_szse,,,2026-09-26T09:36:59.145901+00:00,2026-08-25,CONSERVATIVE_T1,margin_szse,000750,False
2026-08-24,AGGREGATOR|research-node|akshare@1.18.97|stock_margin_detail_szse,,,2026-09-26T09:36:59.145901+00:00,2026-08-25,CONSERVATIVE_T1,margin_szse,000783,False
2026-08-24,AGGREGATOR|research-node|akshare@1.18.97|stock_margin_detail_szse,,,2026-09-26T09:36:59.145901+00:00,2026-08-25,CONSERVATIVE_T1,margin_szse,000825,False
2026-08-24,AGGREGATOR|research-node|akshare@1.18.97|stock_margin_detail_szse,,,2026-09-26T09:36:59.145901+00:00,2026-08-25,CONSERVATIVE_T1,margin_szse,002160,False
2026-08-24,AGGREGATOR|research-node|akshare@1.18.97|stock_margin_detail_szse,,,2026-09-26T09:36:59.145901+00:00,2026-08-25,CONSERVATIVE_T1,margin_szse,002185,False
2026-08-24,AGGREGATOR|research-node|akshare@1.18.97|stock_margin_detail_szse,,,2026-09-26T09:36:59.145901+00:00,2026-08-25,CONSERVATIVE_T1,margin_szse,002354,False
2026-08-24,AGGREGATOR|research-node|akshare@1.18.97|stock_margin_detail_szse,,,2026-09-26T09:36:59.145901+00:00,2026-08-25,CONSERVATIVE_T1,margin_szse,002440,False
2026-08-24,AGGREGATOR|research-node|akshare@1.18.97|stock_margin_detail_szse,,,2026-09-26T09:36:59.145901+00:00,2026-08-25,CONSERVATIVE_T1,margin_szse,002471,False
2026-08-24,AGGREGATOR|research-node|akshare@1.18.97|stock_margin_detail_szse,,,2026-09-26T09:36:59.145901+00:00,2026-08-25,CONSERVATIVE_T1,margin_szse,002497,False
2026-08-24,AGGREGATOR|research-node|akshare@1.18.97|stock_margin_detail_szse,,,2026-09-26T09:36:59.145901+00:00,2026-08-25,CONSERVATIVE_T1,margin_szse,002574,False
2026-08-24,AGGREGATOR|research-node|akshare@1.18.97|stock_margin_detail_szse,,,2026-09-26T09:36:59.145901+00:00,2026-08-25,CONSERVATIVE_T1,margin_szse,002695,False
2026-08-24,AGGREGATOR|research-node|akshare@1.18.97|stock_margin_detail_szse,,,2026-09-26T09:36:59.145901+00:00,2026-08-25,CONSERVATIVE_T1,margin_szse,002736,False
2026-08-24,AGGREGATOR|research-node|akshare@1.18.97|stock_margin_detail_szse,,,2026-09-26T09:36:59.145901+00:00,2026-08-25,CONSERVATIVE_T1,margin_szse,300059,False
2026-08-24,AGGREGATOR|research-node|akshare@1.18.97|stock_margin_detail_szse,,,2026-09-26T09:36:59.145901+00:00,2026-08-25,CONSERVATIVE_T1,margin_szse,300094,False
2026-08-24,AGGREGATOR|research-node|akshare@1.18.97|stock_margin_detail_szse,,,2026-09-26T09:36:59.145901+00:00,2026-08-25,CONSERVATIVE_T1,margin_szse,300199,False
2026-08-24,AGGREGATOR|research-node|akshare@1.18.97|stock_margin_detail_szse,,,2026-09-26T09:36:59.145901+00:00,2026-08-25,CONSERVATIVE_T1,margin_szse,300342,False
2026-08-24,AGGREGATOR|research-node|akshare@1.18.97|stock_margin_detail_szse,,,2026-09-26T09:36:59.145901+00:00,2026-08-25,CONSERVATIVE_T1,margin_szse,300921,False
2026-08-24,AGGREGATOR|research-node|akshare@1.18.97|stock_margin_detail_szse,,,2026-09-26T09:36:59.145901+00:00,2026-08-25,CONSERVATIVE_T1,margin_szse,300946,False
2026-08-24,AGGREGATOR|research-node|akshare@1.18.97|stock_margin_detail_szse,,,2026-09-26T09:36:59.145901+00:00,2026-08-25,CONSERVATIVE_T1,margin_szse,300977,False
2026-08-24,AGGREGATOR|research-node|akshare@1.18.97|stock_margin_detail_szse,,,2026-09-26T09:36:59.145901+00:00,2026-08-25,CONSERVATIVE_T1,margin_szse,301010,False
2026-08-24,AGGREGATOR|research-node|akshare@1.18.97|stock_margin_detail_szse,,,2026-09-26T09:36:59.145901+00:00,2026-08-25,CONSERVATIVE_T1,margin_szse,301231,False
2026-08-24,AGGREGATOR|research-node|akshare@1.18.97|stock_margin_detail_szse,,,2026-09-26T09:36:59.145901+00:00,2026-08-25,CONSERVATIVE_T1,margin_szse,301297,False
2026-08-24,AGGREGATOR|research-node|akshare@1.18.97|stock_margin_detail_szse,,,2026-09-26T09:36:59.145901+00:00,2026-08-25,CONSERVATIVE_T1,margin_szse,301353,False
2026-08-24,AGGREGATOR|research-node|akshare@1.18.97|stock_margin_detail_szse,,,2026-09-26T09:36:59.145901+00:00,2026-08-25,CONSERVATIVE_T1,margin_szse,301357,False
2026-08-24,AGGREGATOR|research-node|akshare@1.18.97|stock_margin_detail_szse,,,2026-09-26T09:36:59.145901+00:00,2026-08-25,CONSERVATIVE_T1,margin_szse,301503,False
2026-08-25,AGGREGATOR|research-node|akshare@1.18.97|stock_margin_detail_szse,,,2026-09-26T09:37:01.542212+00:00,2026-08-26,CONSERVATIVE_T1,margin_szse,000089,False
2026-08-25,AGGREGATOR|research-node|akshare@1.18.97|stock_margin_detail_szse,,,2026-09-26T09:37:01.542212+00:00,2026-08-26,CONSERVATIVE_T1,margin_szse,000539,False
2026-08-25,AGGREGATOR|research-node|akshare@1.18.97|stock_margin_detail_szse,,,2026-09-26T09:37:01.542212+00:00,2026-08-26,CONSERVATIVE_T1,margin_szse,000557,False
2026-08-25,AGGREGATOR|research-node|akshare@1.18.97|stock_margin_detail_szse,,,2026-09-26T09:37:01.542212+00:00,2026-08-26,CONSERVATIVE_T1,margin_szse,000603,False
2026-08-25,AGGREGATOR|research-node|akshare@1.18.97|stock_margin_detail_szse,,,2026-09-26T09:37:01.542212+00:00,2026-08-26,CONSERVATIVE_T1,margin_szse,000628,False
2026-08-25,AGGREGATOR|research-node|akshare@1.18.97|stock_margin_detail_szse,,,2026-09-26T09:37:01.542212+00:00,2026-08-26,CONSERVATIVE_T1,margin_szse,000685,False
2026-08-25,AGGREGATOR|research-node|akshare@1.18.97|stock_margin_detail_szse,,,2026-09-26T09:37:01.542212+00:00,2026-08-26,CONSERVATIVE_T1,margin_szse,000709,False
2026-08-25,AGGREGATOR|research-node|akshare@1.18.97|stock_margin_detail_szse,,,2026-09-26T09:37:01.542212+00:00,2026-08-26,CONSERVATIVE_T1,margin_szse,000750,False
2026-08-25,AGGREGATOR|research-node|akshare@1.18.97|stock_margin_detail_szse,,,2026-09-26T09:37:01.542212+00:00,2026-08-26,CONSERVATIVE_T1,margin_szse,000783,False
2026-08-25,AGGREGATOR|research-node|akshare@1.18.97|stock_margin_detail_szse,,,2026-09-26T09:37:01.542212+00:00,2026-08-26,CONSERVATIVE_T1,margin_szse,000825,False
2026-08-25,AGGREGATOR|research-node|akshare@1.18.97|stock_margin_detail_szse,,,2026-09-26T09:37:01.542212+00:00,2026-08-26,CONSERVATIVE_T1,margin_szse,002160,False
2026-08-25,AGGREGATOR|research-node|akshare@1.18.97|stock_margin_detail_szse,,,2026-09-26T09:37:01.542212+00:00,2026-08-26,CONSERVATIVE_T1,margin_szse,002185,False
2026-08-25,AGGREGATOR|research-node|akshare@1.18.97|stock_margin_detail_szse,,,2026-09-26T09:37:01.542212+00:00,2026-08-26,CONSERVATIVE_T1,margin_szse,002354,False
2026-08-25,AGGREGATOR|research-node|akshare@1.18.97|stock_margin_detail_szse,,,2026-09-26T09:37:01.542212+00:00,2026-08-26,CONSERVATIVE_T1,margin_szse,002440,False
2026-08-25,AGGREGATOR|research-node|akshare@1.18.97|stock_margin_detail_szse,,,2026-09-26T09:37:01.542212+00:00,2026-08-26,CONSERVATIVE_T1,margin_szse,002471,False
2026-08-25,AGGREGATOR|research-node|akshare@1.18.97|stock_margin_detail_szse,,,2026-09-26T09:37:01.542212+00:00,2026-08-26,CONSERVATIVE_T1,margin_szse,002497,False
2026-08-25,AGGREGATOR|research-node|akshare@1.18.97|stock_margin_detail_szse,,,2026-09-26T09:37:01.542212+00:00,2026-08-26,CONSERVATIVE_T1,margin_szse,002574,False
2026-08-25,AGGREGATOR|research-node|akshare@1.18.97|stock_margin_detail_szse,,,2026-09-26T09:37:01.542212+00:00,2026-08-26,CONSERVATIVE_T1,margin_szse,002695,False
2026-08-25,AGGREGATOR|research-node|akshare@1.18.97|stock_margin_detail_szse,,,2026-09-26T09:37:01.542212+00:00,2026-08-26,CONSERVATIVE_T1,margin_szse,002736,False
2026-08-25,AGGREGATOR|research-node|akshare@1.18.97|stock_margin_detail_szse,,,2026-09-26T09:37:01.542212+00:00,2026-08-26,CONSERVATIVE_T1,margin_szse,300059,False
2026-08-25,AGGREGATOR|research-node|akshare@1.18.97|stock_margin_detail_szse,,,2026-09-26T09:37:01.542212+00:00,2026-08-26,CONSERVATIVE_T1,margin_szse,300094,False
2026-08-25,AGGREGATOR|research-node|akshare@1.18.97|stock_margin_detail_szse,,,2026-09-26T09:37:01.542212+00:00,2026-08-26,CONSERVATIVE_T1,margin_szse,300199,False
2026-08-25,AGGREGATOR|research-node|akshare@1.18.97|stock_margin_detail_szse,,,2026-09-26T09:37:01.542212+00:00,2026-08-26,CONSERVATIVE_T1,margin_szse,300342,False
2026-08-25,AGGREGATOR|research-node|akshare@1.18.97|stock_margin_detail_szse,,,2026-09-26T09:37:01.542212+00:00,2026-08-26,CONSERVATIVE_T1,margin_szse,300921,False
2026-08-25,AGGREGATOR|research-node|akshare@1.18.97|stock_margin_detail_szse,,,2026-09-26T09:37:01.542212+00:00,2026-08-26,CONSERVATIVE_T1,margin_szse,300946,False
2026-08-25,AGGREGATOR|research-node|akshare@1.18.97|stock_margin_detail_szse,,,2026-09-26T09:37:01.542212+00:00,2026-08-26,CONSERVATIVE_T1,margin_szse,300977,False
2026-08-25,AGGREGATOR|research-node|akshare@1.18.97|stock_margin_detail_szse,,,2026-09-26T09:37:01.542212+00:00,2026-08-26,CONSERVATIVE_T1,margin_szse,301010,False
2026-08-25,AGGREGATOR|research-node|akshare@1.18.97|stock_margin_detail_szse,,,2026-09-26T09:37:01.542212+00:00,2026-08-26,CONSERVATIVE_T1,margin_szse,301231,False
2026-08-25,AGGREGATOR|research-node|akshare@1.18.97|stock_margin_detail_szse,,,2026-09-26T09:37:01.542212+00:00,2026-08-26,CONSERVATIVE_T1,margin_szse,301297,False
2026-08-25,AGGREGATOR|research-node|akshare@1.18.97|stock_margin_detail_szse,,,2026-09-26T09:37:01.542212+00:00,2026-08-26,CONSERVATIVE_T1,margin_szse,301353,False
2026-08-25,AGGREGATOR|research-node|akshare@1.18.97|stock_margin_detail_szse,,,2026-09-26T09:37:01.542212+00:00,2026-08-26,CONSERVATIVE_T1,margin_szse,301357,False
2026-08-25,AGGREGATOR|research-node|akshare@1.18.97|stock_margin_detail_szse,,,2026-09-26T09:37:01.542212+00:00,2026-08-26,CONSERVATIVE_T1,margin_szse,301503,False
2026-08-26,AGGREGATOR|research-node|akshare@1.18.97|stock_margin_detail_szse,,,2026-09-26T09:37:03.919256+00:00,2026-08-27,CONSERVATIVE_T1,margin_szse,000089,False
2026-08-26,AGGREGATOR|research-node|akshare@1.18.97|stock_margin_detail_szse,,,2026-09-26T09:37:03.919256+00:00,2026-08-27,CONSERVATIVE_T1,margin_szse,000539,False
2026-08-26,AGGREGATOR|research-node|akshare@1.18.97|stock_margin_detail_szse,,,2026-09-26T09:37:03.919256+00:00,2026-08-27,CONSERVATIVE_T1,margin_szse,000557,False
2026-08-26,AGGREGATOR|research-node|akshare@1.18.97|stock_margin_detail_szse,,,2026-09-26T09:37:03.919256+00:00,2026-08-27,CONSERVATIVE_T1,margin_szse,000603,False
2026-08-26,AGGREGATOR|research-node|akshare@1.18.97|stock_margin_detail_szse,,,2026-09-26T09:37:03.919256+00:00,2026-08-27,CONSERVATIVE_T1,margin_szse,000628,False
2026-08-26,AGGREGATOR|research-node|akshare@1.18.97|stock_margin_detail_szse,,,2026-09-26T09:37:03.919256+00:00,2026-08-27,CONSERVATIVE_T1,margin_szse,000685,False
2026-08-26,AGGREGATOR|research-node|akshare@1.18.97|stock_margin_detail_szse,,,2026-09-26T09:37:03.919256+00:00,2026-08-27,CONSERVATIVE_T1,margin_szse,000709,False
2026-08-26,AGGREGATOR|research-node|akshare@1.18.97|stock_margin_detail_szse,,,2026-09-26T09:37:03.919256+00:00,2026-08-27,CONSERVATIVE_T1,margin_szse,000750,False
2026-08-26,AGGREGATOR|research-node|akshare@1.18.97|stock_margin_detail_szse,,,2026-09-26T09:37:03.919256+00:00,2026-08-27,CONSERVATIVE_T1,margin_szse,000783,False
2026-08-26,AGGREGATOR|research-node|akshare@1.18.97|stock_margin_detail_szse,,,2026-09-26T09:37:03.919256+00:00,2026-08-27,CONSERVATIVE_T1,margin_szse,000825,False
2026-08-26,AGGREGATOR|research-node|akshare@1.18.97|stock_margin_detail_szse,,,2026-09-26T09:37:03.919256+00:00,2026-08-27,CONSERVATIVE_T1,margin_szse,002160,False
2026-08-26,AGGREGATOR|research-node|akshare@1.18.97|stock_margin_detail_szse,,,2026-09-26T09:37:03.919256+00:00,2026-08-27,CONSERVATIVE_T1,margin_szse,002185,False
2026-08-26,AGGREGATOR|research-node|akshare@1.18.97|stock_margin_detail_szse,,,2026-09-26T09:37:03.919256+00:00,2026-08-27,CONSERVATIVE_T1,margin_szse,002354,False
2026-08-26,AGGREGATOR|research-node|akshare@1.18.97|stock_margin_detail_szse,,,2026-09-26T09:37:03.919256+00:00,2026-08-27,CONSERVATIVE_T1,margin_szse,002440,False
2026-08-26,AGGREGATOR|research-node|akshare@1.18.97|stock_margin_detail_szse,,,2026-09-26T09:37:03.919256+00:00,2026-08-27,CONSERVATIVE_T1,margin_szse,002471,False
2026-08-26,AGGREGATOR|research-node|akshare@1.18.97|stock_margin_detail_szse,,,2026-09-26T09:37:03.919256+00:00,2026-08-27,CONSERVATIVE_T1,margin_szse,002497,False
2026-08-26,AGGREGATOR|research-node|akshare@1.18.97|stock_margin_detail_szse,,,2026-09-26T09:37:03.919256+00:00,2026-08-27,CONSERVATIVE_T1,margin_szse,002574,False
2026-08-26,AGGREGATOR|research-node|akshare@1.18.97|stock_margin_detail_szse,,,2026-09-26T09:37:03.919256+00:00,2026-08-27,CONSERVATIVE_T1,margin_szse,002695,False
2026-08-26,AGGREGATOR|research-node|akshare@1.18.97|stock_margin_detail_szse,,,2026-09-26T09:37:03.919256+00:00,2026-08-27,CONSERVATIVE_T1,margin_szse,002736,False
2026-08-26,AGGREGATOR|research-node|akshare@1.18.97|stock_margin_detail_szse,,,2026-09-26T09:37:03.919256+00:00,2026-08-27,CONSERVATIVE_T1,margin_szse,300059,False
2026-08-26,AGGREGATOR|research-node|akshare@1.18.97|stock_margin_detail_szse,,,2026-09-26T09:37:03.919256+00:00,2026-08-27,CONSERVATIVE_T1,margin_szse,300094,False
2026-08-26,AGGREGATOR|research-node|akshare@1.18.97|stock_margin_detail_szse,,,2026-09-26T09:37:03.919256+00:00,2026-08-27,CONSERVATIVE_T1,margin_szse,300199,False
2026-08-26,AGGREGATOR|research-node|akshare@1.18.97|stock_margin_detail_szse,,,2026-09-26T09:37:03.919256+00:00,2026-08-27,CONSERVATIVE_T1,margin_szse,300342,False
2026-08-26,AGGREGATOR|research-node|akshare@1.18.97|stock_margin_detail_szse,,,2026-09-26T09:37:03.919256+00:00,2026-08-27,CONSERVATIVE_T1,margin_szse,300921,False
2026-08-26,AGGREGATOR|research-node|akshare@1.18.97|stock_margin_detail_szse,,,2026-09-26T09:37:03.919256+00:00,2026-08-27,CONSERVATIVE_T1,margin_szse,300946,False
2026-08-26,AGGREGATOR|research-node|akshare@1.18.97|stock_margin_detail_szse,,,2026-09-26T09:37:03.919256+00:00,2026-08-27,CONSERVATIVE_T1,margin_szse,300977,False
2026-08-26,AGGREGATOR|research-node|akshare@1.18.97|stock_margin_detail_szse,,,2026-09-26T09:37:03.919256+00:00,2026-08-27,CONSERVATIVE_T1,margin_szse,301010,False
2026-08-26,AGGREGATOR|research-node|akshare@1.18.97|stock_margin_detail_szse,,,2026-09-26T09:37:03.919256+00:00,2026-08-27,CONSERVATIVE_T1,margin_szse,301231,False
2026-08-26,AGGREGATOR|research-node|akshare@1.18.97|stock_margin_detail_szse,,,2026-09-26T09:37:03.919256+00:00,2026-08-27,CONSERVATIVE_T1,margin_szse,301297,False
2026-08-26,AGGREGATOR|research-node|akshare@1.18.97|stock_margin_detail_szse,,,2026-09-26T09:37:03.919256+00:00,2026-08-27,CONSERVATIVE_T1,margin_szse,301353,False
2026-08-26,AGGREGATOR|research-node|akshare@1.18.97|stock_margin_detail_szse,,,2026-09-26T09:37:03.919256+00:00,2026-08-27,CONSERVATIVE_T1,margin_szse,301357,False
2026-08-26,AGGREGATOR|research-node|akshare@1.18.97|stock_margin_detail_szse,,,2026-09-26T09:37:03.919256+00:00,2026-08-27,CONSERVATIVE_T1,margin_szse,301503,False
2026-08-27,AGGREGATOR|research-node|akshare@1.18.97|stock_margin_detail_szse,,,2026-09-26T09:37:06.307679+00:00,2026-08-28,CONSERVATIVE_T1,margin_szse,000089,False
2026-08-27,AGGREGATOR|research-node|akshare@1.18.97|stock_margin_detail_szse,,,2026-09-26T09:37:06.307679+00:00,2026-08-28,CONSERVATIVE_T1,margin_szse,000539,False
2026-08-27,AGGREGATOR|research-node|akshare@1.18.97|stock_margin_detail_szse,,,2026-09-26T09:37:06.307679+00:00,2026-08-28,CONSERVATIVE_T1,margin_szse,000557,False
2026-08-27,AGGREGATOR|research-node|akshare@1.18.97|stock_margin_detail_szse,,,2026-09-26T09:37:06.307679+00:00,2026-08-28,CONSERVATIVE_T1,margin_szse,000603,False
2026-08-27,AGGREGATOR|research-node|akshare@1.18.97|stock_margin_detail_szse,,,2026-09-26T09:37:06.307679+00:00,2026-08-28,CONSERVATIVE_T1,margin_szse,000628,False
2026-08-27,AGGREGATOR|research-node|akshare@1.18.97|stock_margin_detail_szse,,,2026-09-26T09:37:06.307679+00:00,2026-08-28,CONSERVATIVE_T1,margin_szse,000685,False
2026-08-27,AGGREGATOR|research-node|akshare@1.18.97|stock_margin_detail_szse,,,2026-09-26T09:37:06.307679+00:00,2026-08-28,CONSERVATIVE_T1,margin_szse,000709,False
2026-08-27,AGGREGATOR|research-node|akshare@1.18.97|stock_margin_detail_szse,,,2026-09-26T09:37:06.307679+00:00,2026-08-28,CONSERVATIVE_T1,margin_szse,000750,False
2026-08-27,AGGREGATOR|research-node|akshare@1.18.97|stock_margin_detail_szse,,,2026-09-26T09:37:06.307679+00:00,2026-08-28,CONSERVATIVE_T1,margin_szse,000783,False
2026-08-27,AGGREGATOR|research-node|akshare@1.18.97|stock_margin_detail_szse,,,2026-09-26T09:37:06.307679+00:00,2026-08-28,CONSERVATIVE_T1,margin_szse,000825,False
2026-08-27,AGGREGATOR|research-node|akshare@1.18.97|stock_margin_detail_szse,,,2026-09-26T09:37:06.307679+00:00,2026-08-28,CONSERVATIVE_T1,margin_szse,002160,False
2026-08-27,AGGREGATOR|research-node|akshare@1.18.97|stock_margin_detail_szse,,,2026-09-26T09:37:06.307679+00:00,2026-08-28,CONSERVATIVE_T1,margin_szse,002185,False
2026-08-27,AGGREGATOR|research-node|akshare@1.18.97|stock_margin_detail_szse,,,2026-09-26T09:37:06.307679+00:00,2026-08-28,CONSERVATIVE_T1,margin_szse,002354,False
2026-08-27,AGGREGATOR|research-node|akshare@1.18.97|stock_margin_detail_szse,,,2026-09-26T09:37:06.307679+00:00,2026-08-28,CONSERVATIVE_T1,margin_szse,002440,False
2026-08-27,AGGREGATOR|research-node|akshare@1.18.97|stock_margin_detail_szse,,,2026-09-26T09:37:06.307679+00:00,2026-08-28,CONSERVATIVE_T1,margin_szse,002471,False
2026-08-27,AGGREGATOR|research-node|akshare@1.18.97|stock_margin_detail_szse,,,2026-09-26T09:37:06.307679+00:00,2026-08-28,CONSERVATIVE_T1,margin_szse,002497,False
2026-08-27,AGGREGATOR|research-node|akshare@1.18.97|stock_margin_detail_szse,,,2026-09-26T09:37:06.307679+00:00,2026-08-28,CONSERVATIVE_T1,margin_szse,002574,False
2026-08-27,AGGREGATOR|research-node|akshare@1.18.97|stock_margin_detail_szse,,,2026-09-26T09:37:06.307679+00:00,2026-08-28,CONSERVATIVE_T1,margin_szse,002695,False
2026-08-27,AGGREGATOR|research-node|akshare@1.18.97|stock_margin_detail_szse,,,2026-09-26T09:37:06.307679+00:00,2026-08-28,CONSERVATIVE_T1,margin_szse,002736,False
2026-08-27,AGGREGATOR|research-node|akshare@1.18.97|stock_margin_detail_szse,,,2026-09-26T09:37:06.307679+00:00,2026-08-28,CONSERVATIVE_T1,margin_szse,300059,False
2026-08-27,AGGREGATOR|research-node|akshare@1.18.97|stock_margin_detail_szse,,,2026-09-26T09:37:06.307679+00:00,2026-08-28,CONSERVATIVE_T1,margin_szse,300094,False
2026-08-27,AGGREGATOR|research-node|akshare@1.18.97|stock_margin_detail_szse,,,2026-09-26T09:37:06.307679+00:00,2026-08-28,CONSERVATIVE_T1,margin_szse,300199,False
2026-08-27,AGGREGATOR|research-node|akshare@1.18.97|stock_margin_detail_szse,,,2026-09-26T09:37:06.307679+00:00,2026-08-28,CONSERVATIVE_T1,margin_szse,300342,False
2026-08-27,AGGREGATOR|research-node|akshare@1.18.97|stock_margin_detail_szse,,,2026-09-26T09:37:06.307679+00:00,2026-08-28,CONSERVATIVE_T1,margin_szse,300921,False
2026-08-27,AGGREGATOR|research-node|akshare@1.18.97|stock_margin_detail_szse,,,2026-09-26T09:37:06.307679+00:00,2026-08-28,CONSERVATIVE_T1,margin_szse,300946,False
2026-08-27,AGGREGATOR|research-node|akshare@1.18.97|stock_margin_detail_szse,,,2026-09-26T09:37:06.307679+00:00,2026-08-28,CONSERVATIVE_T1,margin_szse,300977,False
2026-08-27,AGGREGATOR|research-node|akshare@1.18.97|stock_margin_detail_szse,,,2026-09-26T09:37:06.307679+00:00,2026-08-28,CONSERVATIVE_T1,margin_szse,301010,False
2026-08-27,AGGREGATOR|research-node|akshare@1.18.97|stock_margin_detail_szse,,,2026-09-26T09:37:06.307679+00:00,2026-08-28,CONSERVATIVE_T1,margin_szse,301231,False
2026-08-27,AGGREGATOR|research-node|akshare@1.18.97|stock_margin_detail_szse,,,2026-09-26T09:37:06.307679+00:00,2026-08-28,CONSERVATIVE_T1,margin_szse,301297,False
2026-08-27,AGGREGATOR|research-node|akshare@1.18.97|stock_margin_detail_szse,,,2026-09-26T09:37:06.307679+00:00,2026-08-28,CONSERVATIVE_T1,margin_szse,301353,False
2026-08-27,AGGREGATOR|research-node|akshare@1.18.97|stock_margin_detail_szse,,,2026-09-26T09:37:06.307679+00:00,2026-08-28,CONSERVATIVE_T1,margin_szse,301357,False
2026-08-27,AGGREGATOR|research-node|akshare@1.18.97|stock_margin_detail_szse,,,2026-09-26T09:37:06.307679+00:00,2026-08-28,CONSERVATIVE_T1,margin_szse,301503,False
2026-08-28,AGGREGATOR|research-node|akshare@1.18.97|stock_margin_detail_szse,,,2026-09-26T09:37:08.655191+00:00,2026-08-31,CONSERVATIVE_T1,margin_szse,000089,False
2026-08-28,AGGREGATOR|research-node|akshare@1.18.97|stock_margin_detail_szse,,,2026-09-26T09:37:08.655191+00:00,2026-08-31,CONSERVATIVE_T1,margin_szse,000539,False
2026-08-28,AGGREGATOR|research-node|akshare@1.18.97|stock_margin_detail_szse,,,2026-09-26T09:37:08.655191+00:00,2026-08-31,CONSERVATIVE_T1,margin_szse,000557,False
2026-08-28,AGGREGATOR|research-node|akshare@1.18.97|stock_margin_detail_szse,,,2026-09-26T09:37:08.655191+00:00,2026-08-31,CONSERVATIVE_T1,margin_szse,000603,False
2026-08-28,AGGREGATOR|research-node|akshare@1.18.97|stock_margin_detail_szse,,,2026-09-26T09:37:08.655191+00:00,2026-08-31,CONSERVATIVE_T1,margin_szse,000628,False
2026-08-28,AGGREGATOR|research-node|akshare@1.18.97|stock_margin_detail_szse,,,2026-09-26T09:37:08.655191+00:00,2026-08-31,CONSERVATIVE_T1,margin_szse,000685,False
2026-08-28,AGGREGATOR|research-node|akshare@1.18.97|stock_margin_detail_szse,,,2026-09-26T09:37:08.655191+00:00,2026-08-31,CONSERVATIVE_T1,margin_szse,000709,False
2026-08-28,AGGREGATOR|research-node|akshare@1.18.97|stock_margin_detail_szse,,,2026-09-26T09:37:08.655191+00:00,2026-08-31,CONSERVATIVE_T1,margin_szse,000750,False
2026-08-28,AGGREGATOR|research-node|akshare@1.18.97|stock_margin_detail_szse,,,2026-09-26T09:37:08.655191+00:00,2026-08-31,CONSERVATIVE_T1,margin_szse,000783,False
2026-08-28,AGGREGATOR|research-node|akshare@1.18.97|stock_margin_detail_szse,,,2026-09-26T09:37:08.655191+00:00,2026-08-31,CONSERVATIVE_T1,margin_szse,000825,False
2026-08-28,AGGREGATOR|research-node|akshare@1.18.97|stock_margin_detail_szse,,,2026-09-26T09:37:08.655191+00:00,2026-08-31,CONSERVATIVE_T1,margin_szse,002160,False
2026-08-28,AGGREGATOR|research-node|akshare@1.18.97|stock_margin_detail_szse,,,2026-09-26T09:37:08.655191+00:00,2026-08-31,CONSERVATIVE_T1,margin_szse,002185,False
2026-08-28,AGGREGATOR|research-node|akshare@1.18.97|stock_margin_detail_szse,,,2026-09-26T09:37:08.655191+00:00,2026-08-31,CONSERVATIVE_T1,margin_szse,002354,False
2026-08-28,AGGREGATOR|research-node|akshare@1.18.97|stock_margin_detail_szse,,,2026-09-26T09:37:08.655191+00:00,2026-08-31,CONSERVATIVE_T1,margin_szse,002440,False
2026-08-28,AGGREGATOR|research-node|akshare@1.18.97|stock_margin_detail_szse,,,2026-09-26T09:37:08.655191+00:00,2026-08-31,CONSERVATIVE_T1,margin_szse,002471,False
2026-08-28,AGGREGATOR|research-node|akshare@1.18.97|stock_margin_detail_szse,,,2026-09-26T09:37:08.655191+00:00,2026-08-31,CONSERVATIVE_T1,margin_szse,002497,False
2026-08-28,AGGREGATOR|research-node|akshare@1.18.97|stock_margin_detail_szse,,,2026-09-26T09:37:08.655191+00:00,2026-08-31,CONSERVATIVE_T1,margin_szse,002574,False
2026-08-28,AGGREGATOR|research-node|akshare@1.18.97|stock_margin_detail_szse,,,2026-09-26T09:37:08.655191+00:00,2026-08-31,CONSERVATIVE_T1,margin_szse,002695,False
2026-08-28,AGGREGATOR|research-node|akshare@1.18.97|stock_margin_detail_szse,,,2026-09-26T09:37:08.655191+00:00,2026-08-31,CONSERVATIVE_T1,margin_szse,002736,False
2026-08-28,AGGREGATOR|research-node|akshare@1.18.97|stock_margin_detail_szse,,,2026-09-26T09:37:08.655191+00:00,2026-08-31,CONSERVATIVE_T1,margin_szse,300059,False
2026-08-28,AGGREGATOR|research-node|akshare@1.18.97|stock_margin_detail_szse,,,2026-09-26T09:37:08.655191+00:00,2026-08-31,CONSERVATIVE_T1,margin_szse,300094,False
2026-08-28,AGGREGATOR|research-node|akshare@1.18.97|stock_margin_detail_szse,,,2026-09-26T09:37:08.655191+00:00,2026-08-31,CONSERVATIVE_T1,margin_szse,300199,False
2026-08-28,AGGREGATOR|research-node|akshare@1.18.97|stock_margin_detail_szse,,,2026-09-26T09:37:08.655191+00:00,2026-08-31,CONSERVATIVE_T1,margin_szse,300342,False
2026-08-28,AGGREGATOR|research-node|akshare@1.18.97|stock_margin_detail_szse,,,2026-09-26T09:37:08.655191+00:00,2026-08-31,CONSERVATIVE_T1,margin_szse,300921,False
2026-08-28,AGGREGATOR|research-node|akshare@1.18.97|stock_margin_detail_szse,,,2026-09-26T09:37:08.655191+00:00,2026-08-31,CONSERVATIVE_T1,margin_szse,300946,False
2026-08-28,AGGREGATOR|research-node|akshare@1.18.97|stock_margin_detail_szse,,,2026-09-26T09:37:08.655191+00:00,2026-08-31,CONSERVATIVE_T1,margin_szse,300977,False
2026-08-28,AGGREGATOR|research-node|akshare@1.18.97|stock_margin_detail_szse,,,2026-09-26T09:37:08.655191+00:00,2026-08-31,CONSERVATIVE_T1,margin_szse,301010,False
2026-08-28,AGGREGATOR|research-node|akshare@1.18.97|stock_margin_detail_szse,,,2026-09-26T09:37:08.655191+00:00,2026-08-31,CONSERVATIVE_T1,margin_szse,301231,False
2026-08-28,AGGREGATOR|research-node|akshare@1.18.97|stock_margin_detail_szse,,,2026-09-26T09:37:08.655191+00:00,2026-08-31,CONSERVATIVE_T1,margin_szse,301297,False
2026-08-28,AGGREGATOR|research-node|akshare@1.18.97|stock_margin_detail_szse,,,2026-09-26T09:37:08.655191+00:00,2026-08-31,CONSERVATIVE_T1,margin_szse,301353,False
2026-08-28,AGGREGATOR|research-node|akshare@1.18.97|stock_margin_detail_szse,,,2026-09-26T09:37:08.655191+00:00,2026-08-31,CONSERVATIVE_T1,margin_szse,301357,False
2026-08-28,AGGREGATOR|research-node|akshare@1.18.97|stock_margin_detail_szse,,,2026-09-26T09:37:08.655191+00:00,2026-08-31,CONSERVATIVE_T1,margin_szse,301503,False
2026-08-31,AGGREGATOR|research-node|akshare@1.18.97|stock_margin_detail_szse,,,2026-09-26T09:37:10.980085+00:00,2026-09-01,CONSERVATIVE_T1,margin_szse,000089,False
2026-08-31,AGGREGATOR|research-node|akshare@1.18.97|stock_margin_detail_szse,,,2026-09-26T09:37:10.980085+00:00,2026-09-01,CONSERVATIVE_T1,margin_szse,000539,False
2026-08-31,AGGREGATOR|research-node|akshare@1.18.97|stock_margin_detail_szse,,,2026-09-26T09:37:10.980085+00:00,2026-09-01,CONSERVATIVE_T1,margin_szse,000557,False
2026-08-31,AGGREGATOR|research-node|akshare@1.18.97|stock_margin_detail_szse,,,2026-09-26T09:37:10.980085+00:00,2026-09-01,CONSERVATIVE_T1,margin_szse,000603,False
2026-08-31,AGGREGATOR|research-node|akshare@1.18.97|stock_margin_detail_szse,,,2026-09-26T09:37:10.980085+00:00,2026-09-01,CONSERVATIVE_T1,margin_szse,000628,False
2026-08-31,AGGREGATOR|research-node|akshare@1.18.97|stock_margin_detail_szse,,,2026-09-26T09:37:10.980085+00:00,2026-09-01,CONSERVATIVE_T1,margin_szse,000685,False
2026-08-31,AGGREGATOR|research-node|akshare@1.18.97|stock_margin_detail_szse,,,2026-09-26T09:37:10.980085+00:00,2026-09-01,CONSERVATIVE_T1,margin_szse,000709,False
2026-08-31,AGGREGATOR|research-node|akshare@1.18.97|stock_margin_detail_szse,,,2026-09-26T09:37:10.980085+00:00,2026-09-01,CONSERVATIVE_T1,margin_szse,000750,False
2026-08-31,AGGREGATOR|research-node|akshare@1.18.97|stock_margin_detail_szse,,,2026-09-26T09:37:10.980085+00:00,2026-09-01,CONSERVATIVE_T1,margin_szse,000783,False
2026-08-31,AGGREGATOR|research-node|akshare@1.18.97|stock_margin_detail_szse,,,2026-09-26T09:37:10.980085+00:00,2026-09-01,CONSERVATIVE_T1,margin_szse,000825,False
2026-08-31,AGGREGATOR|research-node|akshare@1.18.97|stock_margin_detail_szse,,,2026-09-26T09:37:10.980085+00:00,2026-09-01,CONSERVATIVE_T1,margin_szse,002160,False
2026-08-31,AGGREGATOR|research-node|akshare@1.18.97|stock_margin_detail_szse,,,2026-09-26T09:37:10.980085+00:00,2026-09-01,CONSERVATIVE_T1,margin_szse,002185,False
2026-08-31,AGGREGATOR|research-node|akshare@1.18.97|stock_margin_detail_szse,,,2026-09-26T09:37:10.980085+00:00,2026-09-01,CONSERVATIVE_T1,margin_szse,002354,False
2026-08-31,AGGREGATOR|research-node|akshare@1.18.97|stock_margin_detail_szse,,,2026-09-26T09:37:10.980085+00:00,2026-09-01,CONSERVATIVE_T1,margin_szse,002440,False
2026-08-31,AGGREGATOR|research-node|akshare@1.18.97|stock_margin_detail_szse,,,2026-09-26T09:37:10.980085+00:00,2026-09-01,CONSERVATIVE_T1,margin_szse,002471,False
2026-08-31,AGGREGATOR|research-node|akshare@1.18.97|stock_margin_detail_szse,,,2026-09-26T09:37:10.980085+00:00,2026-09-01,CONSERVATIVE_T1,margin_szse,002497,False
2026-08-31,AGGREGATOR|research-node|akshare@1.18.97|stock_margin_detail_szse,,,2026-09-26T09:37:10.980085+00:00,2026-09-01,CONSERVATIVE_T1,margin_szse,002574,False
2026-08-31,AGGREGATOR|research-node|akshare@1.18.97|stock_margin_detail_szse,,,2026-09-26T09:37:10.980085+00:00,2026-09-01,CONSERVATIVE_T1,margin_szse,002695,False
2026-08-31,AGGREGATOR|research-node|akshare@1.18.97|stock_margin_detail_szse,,,2026-09-26T09:37:10.980085+00:00,2026-09-01,CONSERVATIVE_T1,margin_szse,002736,False
2026-08-31,AGGREGATOR|research-node|akshare@1.18.97|stock_margin_detail_szse,,,2026-09-26T09:37:10.980085+00:00,2026-09-01,CONSERVATIVE_T1,margin_szse,300059,False
2026-08-31,AGGREGATOR|research-node|akshare@1.18.97|stock_margin_detail_szse,,,2026-09-26T09:37:10.980085+00:00,2026-09-01,CONSERVATIVE_T1,margin_szse,300094,False
2026-08-31,AGGREGATOR|research-node|akshare@1.18.97|stock_margin_detail_szse,,,2026-09-26T09:37:10.980085+00:00,2026-09-01,CONSERVATIVE_T1,margin_szse,300199,False
2026-08-31,AGGREGATOR|research-node|akshare@1.18.97|stock_margin_detail_szse,,,2026-09-26T09:37:10.980085+00:00,2026-09-01,CONSERVATIVE_T1,margin_szse,300342,False
2026-08-31,AGGREGATOR|research-node|akshare@1.18.97|stock_margin_detail_szse,,,2026-09-26T09:37:10.980085+00:00,2026-09-01,CONSERVATIVE_T1,margin_szse,300921,False
2026-08-31,AGGREGATOR|research-node|akshare@1.18.97|stock_margin_detail_szse,,,2026-09-26T09:37:10.980085+00:00,2026-09-01,CONSERVATIVE_T1,margin_szse,300946,False
2026-08-31,AGGREGATOR|research-node|akshare@1.18.97|stock_margin_detail_szse,,,2026-09-26T09:37:10.980085+00:00,2026-09-01,CONSERVATIVE_T1,margin_szse,300977,False
2026-08-31,AGGREGATOR|research-node|akshare@1.18.97|stock_margin_detail_szse,,,2026-09-26T09:37:10.980085+00:00,2026-09-01,CONSERVATIVE_T1,margin_szse,301010,False
2026-08-31,AGGREGATOR|research-node|akshare@1.18.97|stock_margin_detail_szse,,,2026-09-26T09:37:10.980085+00:00,2026-09-01,CONSERVATIVE_T1,margin_szse,301231,False
2026-08-31,AGGREGATOR|research-node|akshare@1.18.97|stock_margin_detail_szse,,,2026-09-26T09:37:10.980085+00:00,2026-09-01,CONSERVATIVE_T1,margin_szse,301297,False
2026-08-31,AGGREGATOR|research-node|akshare@1.18.97|stock_margin_detail_szse,,,2026-09-26T09:37:10.980085+00:00,2026-09-01,CONSERVATIVE_T1,margin_szse,301353,False
2026-08-31,AGGREGATOR|research-node|akshare@1.18.97|stock_margin_detail_szse,,,2026-09-26T09:37:10.980085+00:00,2026-09-01,CONSERVATIVE_T1,margin_szse,301357,False
2026-08-31,AGGREGATOR|research-node|akshare@1.18.97|stock_margin_detail_szse,,,2026-09-26T09:37:10.980085+00:00,2026-09-01,CONSERVATIVE_T1,margin_szse,301503,False
2026-09-01,AGGREGATOR|research-node|akshare@1.18.97|stock_margin_detail_szse,,,2026-09-26T09:37:13.299174+00:00,2026-09-02,CONSERVATIVE_T1,margin_szse,000089,False
2026-09-01,AGGREGATOR|research-node|akshare@1.18.97|stock_margin_detail_szse,,,2026-09-26T09:37:13.299174+00:00,2026-09-02,CONSERVATIVE_T1,margin_szse,000539,False
2026-09-01,AGGREGATOR|research-node|akshare@1.18.97|stock_margin_detail_szse,,,2026-09-26T09:37:13.299174+00:00,2026-09-02,CONSERVATIVE_T1,margin_szse,000557,False
2026-09-01,AGGREGATOR|research-node|akshare@1.18.97|stock_margin_detail_szse,,,2026-09-26T09:37:13.299174+00:00,2026-09-02,CONSERVATIVE_T1,margin_szse,000603,False
2026-09-01,AGGREGATOR|research-node|akshare@1.18.97|stock_margin_detail_szse,,,2026-09-26T09:37:13.299174+00:00,2026-09-02,CONSERVATIVE_T1,margin_szse,000628,False
2026-09-01,AGGREGATOR|research-node|akshare@1.18.97|stock_margin_detail_szse,,,2026-09-26T09:37:13.299174+00:00,2026-09-02,CONSERVATIVE_T1,margin_szse,000685,False
2026-09-01,AGGREGATOR|research-node|akshare@1.18.97|stock_margin_detail_szse,,,2026-09-26T09:37:13.299174+00:00,2026-09-02,CONSERVATIVE_T1,margin_szse,000709,False
2026-09-01,AGGREGATOR|research-node|akshare@1.18.97|stock_margin_detail_szse,,,2026-09-26T09:37:13.299174+00:00,2026-09-02,CONSERVATIVE_T1,margin_szse,000750,False
2026-09-01,AGGREGATOR|research-node|akshare@1.18.97|stock_margin_detail_szse,,,2026-09-26T09:37:13.299174+00:00,2026-09-02,CONSERVATIVE_T1,margin_szse,000783,False
2026-09-01,AGGREGATOR|research-node|akshare@1.18.97|stock_margin_detail_szse,,,2026-09-26T09:37:13.299174+00:00,2026-09-02,CONSERVATIVE_T1,margin_szse,000825,False
2026-09-01,AGGREGATOR|research-node|akshare@1.18.97|stock_margin_detail_szse,,,2026-09-26T09:37:13.299174+00:00,2026-09-02,CONSERVATIVE_T1,margin_szse,002160,False
2026-09-01,AGGREGATOR|research-node|akshare@1.18.97|stock_margin_detail_szse,,,2026-09-26T09:37:13.299174+00:00,2026-09-02,CONSERVATIVE_T1,margin_szse,002185,False
2026-09-01,AGGREGATOR|research-node|akshare@1.18.97|stock_margin_detail_szse,,,2026-09-26T09:37:13.299174+00:00,2026-09-02,CONSERVATIVE_T1,margin_szse,002354,False
2026-09-01,AGGREGATOR|research-node|akshare@1.18.97|stock_margin_detail_szse,,,2026-09-26T09:37:13.299174+00:00,2026-09-02,CONSERVATIVE_T1,margin_szse,002440,False
2026-09-01,AGGREGATOR|research-node|akshare@1.18.97|stock_margin_detail_szse,,,2026-09-26T09:37:13.299174+00:00,2026-09-02,CONSERVATIVE_T1,margin_szse,002471,False
2026-09-01,AGGREGATOR|research-node|akshare@1.18.97|stock_margin_detail_szse,,,2026-09-26T09:37:13.299174+00:00,2026-09-02,CONSERVATIVE_T1,margin_szse,002497,False
2026-09-01,AGGREGATOR|research-node|akshare@1.18.97|stock_margin_detail_szse,,,2026-09-26T09:37:13.299174+00:00,2026-09-02,CONSERVATIVE_T1,margin_szse,002574,False
2026-09-01,AGGREGATOR|research-node|akshare@1.18.97|stock_margin_detail_szse,,,2026-09-26T09:37:13.299174+00:00,2026-09-02,CONSERVATIVE_T1,margin_szse,002695,False
2026-09-01,AGGREGATOR|research-node|akshare@1.18.97|stock_margin_detail_szse,,,2026-09-26T09:37:13.299174+00:00,2026-09-02,CONSERVATIVE_T1,margin_szse,002736,False
2026-09-01,AGGREGATOR|research-node|akshare@1.18.97|stock_margin_detail_szse,,,2026-09-26T09:37:13.299174+00:00,2026-09-02,CONSERVATIVE_T1,margin_szse,300059,False
2026-09-01,AGGREGATOR|research-node|akshare@1.18.97|stock_margin_detail_szse,,,2026-09-26T09:37:13.299174+00:00,2026-09-02,CONSERVATIVE_T1,margin_szse,300094,False
2026-09-01,AGGREGATOR|research-node|akshare@1.18.97|stock_margin_detail_szse,,,2026-09-26T09:37:13.299174+00:00,2026-09-02,CONSERVATIVE_T1,margin_szse,300199,False
2026-09-01,AGGREGATOR|research-node|akshare@1.18.97|stock_margin_detail_szse,,,2026-09-26T09:37:13.299174+00:00,2026-09-02,CONSERVATIVE_T1,margin_szse,300342,False
2026-09-01,AGGREGATOR|research-node|akshare@1.18.97|stock_margin_detail_szse,,,2026-09-26T09:37:13.299174+00:00,2026-09-02,CONSERVATIVE_T1,margin_szse,300921,False
2026-09-01,AGGREGATOR|research-node|akshare@1.18.97|stock_margin_detail_szse,,,2026-09-26T09:37:13.299174+00:00,2026-09-02,CONSERVATIVE_T1,margin_szse,300946,False
2026-09-01,AGGREGATOR|research-node|akshare@1.18.97|stock_margin_detail_szse,,,2026-09-26T09:37:13.299174+00:00,2026-09-02,CONSERVATIVE_T1,margin_szse,300977,False
2026-09-01,AGGREGATOR|research-node|akshare@1.18.97|stock_margin_detail_szse,,,2026-09-26T09:37:13.299174+00:00,2026-09-02,CONSERVATIVE_T1,margin_szse,301010,False
2026-09-01,AGGREGATOR|research-node|akshare@1.18.97|stock_margin_detail_szse,,,2026-09-26T09:37:13.299174+00:00,2026-09-02,CONSERVATIVE_T1,margin_szse,301231,False
2026-09-01,AGGREGATOR|research-node|akshare@1.18.97|stock_margin_detail_szse,,,2026-09-26T09:37:13.299174+00:00,2026-09-02,CONSERVATIVE_T1,margin_szse,301297,False
2026-09-01,AGGREGATOR|research-node|akshare@1.18.97|stock_margin_detail_szse,,,2026-09-26T09:37:13.299174+00:00,2026-09-02,CONSERVATIVE_T1,margin_szse,301353,False
2026-09-01,AGGREGATOR|research-node|akshare@1.18.97|stock_margin_detail_szse,,,2026-09-26T09:37:13.299174+00:00,2026-09-02,CONSERVATIVE_T1,margin_szse,301357,False
2026-09-01,AGGREGATOR|research-node|akshare@1.18.97|stock_margin_detail_szse,,,2026-09-26T09:37:13.299174+00:00,2026-09-02,CONSERVATIVE_T1,margin_szse,301503,False
2026-09-02,AGGREGATOR|research-node|akshare@1.18.97|stock_margin_detail_szse,,,2026-09-26T09:37:15.664210+00:00,2026-09-03,CONSERVATIVE_T1,margin_szse,000089,False
2026-09-02,AGGREGATOR|research-node|akshare@1.18.97|stock_margin_detail_szse,,,2026-09-26T09:37:15.664210+00:00,2026-09-03,CONSERVATIVE_T1,margin_szse,000539,False
2026-09-02,AGGREGATOR|research-node|akshare@1.18.97|stock_margin_detail_szse,,,2026-09-26T09:37:15.664210+00:00,2026-09-03,CONSERVATIVE_T1,margin_szse,000557,False
2026-09-02,AGGREGATOR|research-node|akshare@1.18.97|stock_margin_detail_szse,,,2026-09-26T09:37:15.664210+00:00,2026-09-03,CONSERVATIVE_T1,margin_szse,000603,False
2026-09-02,AGGREGATOR|research-node|akshare@1.18.97|stock_margin_detail_szse,,,2026-09-26T09:37:15.664210+00:00,2026-09-03,CONSERVATIVE_T1,margin_szse,000628,False
2026-09-02,AGGREGATOR|research-node|akshare@1.18.97|stock_margin_detail_szse,,,2026-09-26T09:37:15.664210+00:00,2026-09-03,CONSERVATIVE_T1,margin_szse,000685,False
2026-09-02,AGGREGATOR|research-node|akshare@1.18.97|stock_margin_detail_szse,,,2026-09-26T09:37:15.664210+00:00,2026-09-03,CONSERVATIVE_T1,margin_szse,000709,False
2026-09-02,AGGREGATOR|research-node|akshare@1.18.97|stock_margin_detail_szse,,,2026-09-26T09:37:15.664210+00:00,2026-09-03,CONSERVATIVE_T1,margin_szse,000750,False
2026-09-02,AGGREGATOR|research-node|akshare@1.18.97|stock_margin_detail_szse,,,2026-09-26T09:37:15.664210+00:00,2026-09-03,CONSERVATIVE_T1,margin_szse,000783,False
2026-09-02,AGGREGATOR|research-node|akshare@1.18.97|stock_margin_detail_szse,,,2026-09-26T09:37:15.664210+00:00,2026-09-03,CONSERVATIVE_T1,margin_szse,000825,False
2026-09-02,AGGREGATOR|research-node|akshare@1.18.97|stock_margin_detail_szse,,,2026-09-26T09:37:15.664210+00:00,2026-09-03,CONSERVATIVE_T1,margin_szse,002160,False
2026-09-02,AGGREGATOR|research-node|akshare@1.18.97|stock_margin_detail_szse,,,2026-09-26T09:37:15.664210+00:00,2026-09-03,CONSERVATIVE_T1,margin_szse,002185,False
2026-09-02,AGGREGATOR|research-node|akshare@1.18.97|stock_margin_detail_szse,,,2026-09-26T09:37:15.664210+00:00,2026-09-03,CONSERVATIVE_T1,margin_szse,002354,False
2026-09-02,AGGREGATOR|research-node|akshare@1.18.97|stock_margin_detail_szse,,,2026-09-26T09:37:15.664210+00:00,2026-09-03,CONSERVATIVE_T1,margin_szse,002440,False
2026-09-02,AGGREGATOR|research-node|akshare@1.18.97|stock_margin_detail_szse,,,2026-09-26T09:37:15.664210+00:00,2026-09-03,CONSERVATIVE_T1,margin_szse,002471,False
2026-09-02,AGGREGATOR|research-node|akshare@1.18.97|stock_margin_detail_szse,,,2026-09-26T09:37:15.664210+00:00,2026-09-03,CONSERVATIVE_T1,margin_szse,002497,False
2026-09-02,AGGREGATOR|research-node|akshare@1.18.97|stock_margin_detail_szse,,,2026-09-26T09:37:15.664210+00:00,2026-09-03,CONSERVATIVE_T1,margin_szse,002574,False
2026-09-02,AGGREGATOR|research-node|akshare@1.18.97|stock_margin_detail_szse,,,2026-09-26T09:37:15.664210+00:00,2026-09-03,CONSERVATIVE_T1,margin_szse,002695,False
2026-09-02,AGGREGATOR|research-node|akshare@1.18.97|stock_margin_detail_szse,,,2026-09-26T09:37:15.664210+00:00,2026-09-03,CONSERVATIVE_T1,margin_szse,002736,False
2026-09-02,AGGREGATOR|research-node|akshare@1.18.97|stock_margin_detail_szse,,,2026-09-26T09:37:15.664210+00:00,2026-09-03,CONSERVATIVE_T1,margin_szse,300059,False
2026-09-02,AGGREGATOR|research-node|akshare@1.18.97|stock_margin_detail_szse,,,2026-09-26T09:37:15.664210+00:00,2026-09-03,CONSERVATIVE_T1,margin_szse,300094,False
2026-09-02,AGGREGATOR|research-node|akshare@1.18.97|stock_margin_detail_szse,,,2026-09-26T09:37:15.664210+00:00,2026-09-03,CONSERVATIVE_T1,margin_szse,300199,False
2026-09-02,AGGREGATOR|research-node|akshare@1.18.97|stock_margin_detail_szse,,,2026-09-26T09:37:15.664210+00:00,2026-09-03,CONSERVATIVE_T1,margin_szse,300342,False
2026-09-02,AGGREGATOR|research-node|akshare@1.18.97|stock_margin_detail_szse,,,2026-09-26T09:37:15.664210+00:00,2026-09-03,CONSERVATIVE_T1,margin_szse,300921,False
2026-09-02,AGGREGATOR|research-node|akshare@1.18.97|stock_margin_detail_szse,,,2026-09-26T09:37:15.664210+00:00,2026-09-03,CONSERVATIVE_T1,margin_szse,300946,False
2026-09-02,AGGREGATOR|research-node|akshare@1.18.97|stock_margin_detail_szse,,,2026-09-26T09:37:15.664210+00:00,2026-09-03,CONSERVATIVE_T1,margin_szse,300977,False
2026-09-02,AGGREGATOR|research-node|akshare@1.18.97|stock_margin_detail_szse,,,2026-09-26T09:37:15.664210+00:00,2026-09-03,CONSERVATIVE_T1,margin_szse,301010,False
2026-09-02,AGGREGATOR|research-node|akshare@1.18.97|stock_margin_detail_szse,,,2026-09-26T09:37:15.664210+00:00,2026-09-03,CONSERVATIVE_T1,margin_szse,301231,False
2026-09-02,AGGREGATOR|research-node|akshare@1.18.97|stock_margin_detail_szse,,,2026-09-26T09:37:15.664210+00:00,2026-09-03,CONSERVATIVE_T1,margin_szse,301297,False
2026-09-02,AGGREGATOR|research-node|akshare@1.18.97|stock_margin_detail_szse,,,2026-09-26T09:37:15.664210+00:00,2026-09-03,CONSERVATIVE_T1,margin_szse,301353,False
2026-09-02,AGGREGATOR|research-node|akshare@1.18.97|stock_margin_detail_szse,,,2026-09-26T09:37:15.664210+00:00,2026-09-03,CONSERVATIVE_T1,margin_szse,301357,False
2026-09-02,AGGREGATOR|research-node|akshare@1.18.97|stock_margin_detail_szse,,,2026-09-26T09:37:15.664210+00:00,2026-09-03,CONSERVATIVE_T1,margin_szse,301503,False
2026-09-03,AGGREGATOR|research-node|akshare@1.18.97|stock_margin_detail_szse,,,2026-09-26T09:37:18.026847+00:00,2026-09-04,CONSERVATIVE_T1,margin_szse,000089,False
2026-09-03,AGGREGATOR|research-node|akshare@1.18.97|stock_margin_detail_szse,,,2026-09-26T09:37:18.026847+00:00,2026-09-04,CONSERVATIVE_T1,margin_szse,000539,False
2026-09-03,AGGREGATOR|research-node|akshare@1.18.97|stock_margin_detail_szse,,,2026-09-26T09:37:18.026847+00:00,2026-09-04,CONSERVATIVE_T1,margin_szse,000557,False
2026-09-03,AGGREGATOR|research-node|akshare@1.18.97|stock_margin_detail_szse,,,2026-09-26T09:37:18.026847+00:00,2026-09-04,CONSERVATIVE_T1,margin_szse,000603,False
2026-09-03,AGGREGATOR|research-node|akshare@1.18.97|stock_margin_detail_szse,,,2026-09-26T09:37:18.026847+00:00,2026-09-04,CONSERVATIVE_T1,margin_szse,000628,False
2026-09-03,AGGREGATOR|research-node|akshare@1.18.97|stock_margin_detail_szse,,,2026-09-26T09:37:18.026847+00:00,2026-09-04,CONSERVATIVE_T1,margin_szse,000685,False
2026-09-03,AGGREGATOR|research-node|akshare@1.18.97|stock_margin_detail_szse,,,2026-09-26T09:37:18.026847+00:00,2026-09-04,CONSERVATIVE_T1,margin_szse,000709,False
2026-09-03,AGGREGATOR|research-node|akshare@1.18.97|stock_margin_detail_szse,,,2026-09-26T09:37:18.026847+00:00,2026-09-04,CONSERVATIVE_T1,margin_szse,000750,False
2026-09-03,AGGREGATOR|research-node|akshare@1.18.97|stock_margin_detail_szse,,,2026-09-26T09:37:18.026847+00:00,2026-09-04,CONSERVATIVE_T1,margin_szse,000783,False
2026-09-03,AGGREGATOR|research-node|akshare@1.18.97|stock_margin_detail_szse,,,2026-09-26T09:37:18.026847+00:00,2026-09-04,CONSERVATIVE_T1,margin_szse,000825,False
2026-09-03,AGGREGATOR|research-node|akshare@1.18.97|stock_margin_detail_szse,,,2026-09-26T09:37:18.026847+00:00,2026-09-04,CONSERVATIVE_T1,margin_szse,002160,False
2026-09-03,AGGREGATOR|research-node|akshare@1.18.97|stock_margin_detail_szse,,,2026-09-26T09:37:18.026847+00:00,2026-09-04,CONSERVATIVE_T1,margin_szse,002185,False
2026-09-03,AGGREGATOR|research-node|akshare@1.18.97|stock_margin_detail_szse,,,2026-09-26T09:37:18.026847+00:00,2026-09-04,CONSERVATIVE_T1,margin_szse,002354,False
2026-09-03,AGGREGATOR|research-node|akshare@1.18.97|stock_margin_detail_szse,,,2026-09-26T09:37:18.026847+00:00,2026-09-04,CONSERVATIVE_T1,margin_szse,002440,False
2026-09-03,AGGREGATOR|research-node|akshare@1.18.97|stock_margin_detail_szse,,,2026-09-26T09:37:18.026847+00:00,2026-09-04,CONSERVATIVE_T1,margin_szse,002471,False
2026-09-03,AGGREGATOR|research-node|akshare@1.18.97|stock_margin_detail_szse,,,2026-09-26T09:37:18.026847+00:00,2026-09-04,CONSERVATIVE_T1,margin_szse,002497,False
2026-09-03,AGGREGATOR|research-node|akshare@1.18.97|stock_margin_detail_szse,,,2026-09-26T09:37:18.026847+00:00,2026-09-04,CONSERVATIVE_T1,margin_szse,002574,False
2026-09-03,AGGREGATOR|research-node|akshare@1.18.97|stock_margin_detail_szse,,,2026-09-26T09:37:18.026847+00:00,2026-09-04,CONSERVATIVE_T1,margin_szse,002695,False
2026-09-03,AGGREGATOR|research-node|akshare@1.18.97|stock_margin_detail_szse,,,2026-09-26T09:37:18.026847+00:00,2026-09-04,CONSERVATIVE_T1,margin_szse,002736,False
2026-09-03,AGGREGATOR|research-node|akshare@1.18.97|stock_margin_detail_szse,,,2026-09-26T09:37:18.026847+00:00,2026-09-04,CONSERVATIVE_T1,margin_szse,300059,False
2026-09-03,AGGREGATOR|research-node|akshare@1.18.97|stock_margin_detail_szse,,,2026-09-26T09:37:18.026847+00:00,2026-09-04,CONSERVATIVE_T1,margin_szse,300094,False
2026-09-03,AGGREGATOR|research-node|akshare@1.18.97|stock_margin_detail_szse,,,2026-09-26T09:37:18.026847+00:00,2026-09-04,CONSERVATIVE_T1,margin_szse,300199,False
2026-09-03,AGGREGATOR|research-node|akshare@1.18.97|stock_margin_detail_szse,,,2026-09-26T09:37:18.026847+00:00,2026-09-04,CONSERVATIVE_T1,margin_szse,300342,False
2026-09-03,AGGREGATOR|research-node|akshare@1.18.97|stock_margin_detail_szse,,,2026-09-26T09:37:18.026847+00:00,2026-09-04,CONSERVATIVE_T1,margin_szse,300921,False
2026-09-03,AGGREGATOR|research-node|akshare@1.18.97|stock_margin_detail_szse,,,2026-09-26T09:37:18.026847+00:00,2026-09-04,CONSERVATIVE_T1,margin_szse,300946,False
2026-09-03,AGGREGATOR|research-node|akshare@1.18.97|stock_margin_detail_szse,,,2026-09-26T09:37:18.026847+00:00,2026-09-04,CONSERVATIVE_T1,margin_szse,300977,False
2026-09-03,AGGREGATOR|research-node|akshare@1.18.97|stock_margin_detail_szse,,,2026-09-26T09:37:18.026847+00:00,2026-09-04,CONSERVATIVE_T1,margin_szse,301010,False
2026-09-03,AGGREGATOR|research-node|akshare@1.18.97|stock_margin_detail_szse,,,2026-09-26T09:37:18.026847+00:00,2026-09-04,CONSERVATIVE_T1,margin_szse,301231,False
2026-09-03,AGGREGATOR|research-node|akshare@1.18.97|stock_margin_detail_szse,,,2026-09-26T09:37:18.026847+00:00,2026-09-04,CONSERVATIVE_T1,margin_szse,301297,False
2026-09-03,AGGREGATOR|research-node|akshare@1.18.97|stock_margin_detail_szse,,,2026-09-26T09:37:18.026847+00:00,2026-09-04,CONSERVATIVE_T1,margin_szse,301353,False
2026-09-03,AGGREGATOR|research-node|akshare@1.18.97|stock_margin_detail_szse,,,2026-09-26T09:37:18.026847+00:00,2026-09-04,CONSERVATIVE_T1,margin_szse,301357,False
2026-09-03,AGGREGATOR|research-node|akshare@1.18.97|stock_margin_detail_szse,,,2026-09-26T09:37:18.026847+00:00,2026-09-04,CONSERVATIVE_T1,margin_szse,301503,False
2026-09-04,AGGREGATOR|research-node|akshare@1.18.97|stock_margin_detail_szse,,,2026-09-26T09:37:20.388514+00:00,2026-09-07,CONSERVATIVE_T1,margin_szse,000089,False
2026-09-04,AGGREGATOR|research-node|akshare@1.18.97|stock_margin_detail_szse,,,2026-09-26T09:37:20.388514+00:00,2026-09-07,CONSERVATIVE_T1,margin_szse,000539,False
2026-09-04,AGGREGATOR|research-node|akshare@1.18.97|stock_margin_detail_szse,,,2026-09-26T09:37:20.388514+00:00,2026-09-07,CONSERVATIVE_T1,margin_szse,000557,False
2026-09-04,AGGREGATOR|research-node|akshare@1.18.97|stock_margin_detail_szse,,,2026-09-26T09:37:20.388514+00:00,2026-09-07,CONSERVATIVE_T1,margin_szse,000603,False
2026-09-04,AGGREGATOR|research-node|akshare@1.18.97|stock_margin_detail_szse,,,2026-09-26T09:37:20.388514+00:00,2026-09-07,CONSERVATIVE_T1,margin_szse,000628,False
2026-09-04,AGGREGATOR|research-node|akshare@1.18.97|stock_margin_detail_szse,,,2026-09-26T09:37:20.388514+00:00,2026-09-07,CONSERVATIVE_T1,margin_szse,000685,False
2026-09-04,AGGREGATOR|research-node|akshare@1.18.97|stock_margin_detail_szse,,,2026-09-26T09:37:20.388514+00:00,2026-09-07,CONSERVATIVE_T1,margin_szse,000709,False
2026-09-04,AGGREGATOR|research-node|akshare@1.18.97|stock_margin_detail_szse,,,2026-09-26T09:37:20.388514+00:00,2026-09-07,CONSERVATIVE_T1,margin_szse,000750,False
2026-09-04,AGGREGATOR|research-node|akshare@1.18.97|stock_margin_detail_szse,,,2026-09-26T09:37:20.388514+00:00,2026-09-07,CONSERVATIVE_T1,margin_szse,000783,False
2026-09-04,AGGREGATOR|research-node|akshare@1.18.97|stock_margin_detail_szse,,,2026-09-26T09:37:20.388514+00:00,2026-09-07,CONSERVATIVE_T1,margin_szse,000825,False
2026-09-04,AGGREGATOR|research-node|akshare@1.18.97|stock_margin_detail_szse,,,2026-09-26T09:37:20.388514+00:00,2026-09-07,CONSERVATIVE_T1,margin_szse,002160,False
2026-09-04,AGGREGATOR|research-node|akshare@1.18.97|stock_margin_detail_szse,,,2026-09-26T09:37:20.388514+00:00,2026-09-07,CONSERVATIVE_T1,margin_szse,002185,False
2026-09-04,AGGREGATOR|research-node|akshare@1.18.97|stock_margin_detail_szse,,,2026-09-26T09:37:20.388514+00:00,2026-09-07,CONSERVATIVE_T1,margin_szse,002354,False
2026-09-04,AGGREGATOR|research-node|akshare@1.18.97|stock_margin_detail_szse,,,2026-09-26T09:37:20.388514+00:00,2026-09-07,CONSERVATIVE_T1,margin_szse,002440,False
2026-09-04,AGGREGATOR|research-node|akshare@1.18.97|stock_margin_detail_szse,,,2026-09-26T09:37:20.388514+00:00,2026-09-07,CONSERVATIVE_T1,margin_szse,002471,False
2026-09-04,AGGREGATOR|research-node|akshare@1.18.97|stock_margin_detail_szse,,,2026-09-26T09:37:20.388514+00:00,2026-09-07,CONSERVATIVE_T1,margin_szse,002497,False
2026-09-04,AGGREGATOR|research-node|akshare@1.18.97|stock_margin_detail_szse,,,2026-09-26T09:37:20.388514+00:00,2026-09-07,CONSERVATIVE_T1,margin_szse,002574,False
2026-09-04,AGGREGATOR|research-node|akshare@1.18.97|stock_margin_detail_szse,,,2026-09-26T09:37:20.388514+00:00,2026-09-07,CONSERVATIVE_T1,margin_szse,002695,False
2026-09-04,AGGREGATOR|research-node|akshare@1.18.97|stock_margin_detail_szse,,,2026-09-26T09:37:20.388514+00:00,2026-09-07,CONSERVATIVE_T1,margin_szse,002736,False
2026-09-04,AGGREGATOR|research-node|akshare@1.18.97|stock_margin_detail_szse,,,2026-09-26T09:37:20.388514+00:00,2026-09-07,CONSERVATIVE_T1,margin_szse,300059,False
2026-09-04,AGGREGATOR|research-node|akshare@1.18.97|stock_margin_detail_szse,,,2026-09-26T09:37:20.388514+00:00,2026-09-07,CONSERVATIVE_T1,margin_szse,300094,False
2026-09-04,AGGREGATOR|research-node|akshare@1.18.97|stock_margin_detail_szse,,,2026-09-26T09:37:20.388514+00:00,2026-09-07,CONSERVATIVE_T1,margin_szse,300199,False
2026-09-04,AGGREGATOR|research-node|akshare@1.18.97|stock_margin_detail_szse,,,2026-09-26T09:37:20.388514+00:00,2026-09-07,CONSERVATIVE_T1,margin_szse,300342,False
2026-09-04,AGGREGATOR|research-node|akshare@1.18.97|stock_margin_detail_szse,,,2026-09-26T09:37:20.388514+00:00,2026-09-07,CONSERVATIVE_T1,margin_szse,300921,False
2026-09-04,AGGREGATOR|research-node|akshare@1.18.97|stock_margin_detail_szse,,,2026-09-26T09:37:20.388514+00:00,2026-09-07,CONSERVATIVE_T1,margin_szse,300946,False
2026-09-04,AGGREGATOR|research-node|akshare@1.18.97|stock_margin_detail_szse,,,2026-09-26T09:37:20.388514+00:00,2026-09-07,CONSERVATIVE_T1,margin_szse,300977,False
2026-09-04,AGGREGATOR|research-node|akshare@1.18.97|stock_margin_detail_szse,,,2026-09-26T09:37:20.388514+00:00,2026-09-07,CONSERVATIVE_T1,margin_szse,301010,False
2026-09-04,AGGREGATOR|research-node|akshare@1.18.97|stock_margin_detail_szse,,,2026-09-26T09:37:20.388514+00:00,2026-09-07,CONSERVATIVE_T1,margin_szse,301231,False
2026-09-04,AGGREGATOR|research-node|akshare@1.18.97|stock_margin_detail_szse,,,2026-09-26T09:37:20.388514+00:00,2026-09-07,CONSERVATIVE_T1,margin_szse,301297,False
2026-09-04,AGGREGATOR|research-node|akshare@1.18.97|stock_margin_detail_szse,,,2026-09-26T09:37:20.388514+00:00,2026-09-07,CONSERVATIVE_T1,margin_szse,301353,False
2026-09-04,AGGREGATOR|research-node|akshare@1.18.97|stock_margin_detail_szse,,,2026-09-26T09:37:20.388514+00:00,2026-09-07,CONSERVATIVE_T1,margin_szse,301357,False
2026-09-04,AGGREGATOR|research-node|akshare@1.18.97|stock_margin_detail_szse,,,2026-09-26T09:37:20.388514+00:00,2026-09-07,CONSERVATIVE_T1,margin_szse,301503,False
2026-09-07,AGGREGATOR|research-node|akshare@1.18.97|stock_margin_detail_szse,,,2026-09-26T09:37:22.681971+00:00,2026-09-08,CONSERVATIVE_T1,margin_szse,000089,False
2026-09-07,AGGREGATOR|research-node|akshare@1.18.97|stock_margin_detail_szse,,,2026-09-26T09:37:22.681971+00:00,2026-09-08,CONSERVATIVE_T1,margin_szse,000539,False
2026-09-07,AGGREGATOR|research-node|akshare@1.18.97|stock_margin_detail_szse,,,2026-09-26T09:37:22.681971+00:00,2026-09-08,CONSERVATIVE_T1,margin_szse,000557,False
2026-09-07,AGGREGATOR|research-node|akshare@1.18.97|stock_margin_detail_szse,,,2026-09-26T09:37:22.681971+00:00,2026-09-08,CONSERVATIVE_T1,margin_szse,000603,False
2026-09-07,AGGREGATOR|research-node|akshare@1.18.97|stock_margin_detail_szse,,,2026-09-26T09:37:22.681971+00:00,2026-09-08,CONSERVATIVE_T1,margin_szse,000628,False
2026-09-07,AGGREGATOR|research-node|akshare@1.18.97|stock_margin_detail_szse,,,2026-09-26T09:37:22.681971+00:00,2026-09-08,CONSERVATIVE_T1,margin_szse,000685,False
2026-09-07,AGGREGATOR|research-node|akshare@1.18.97|stock_margin_detail_szse,,,2026-09-26T09:37:22.681971+00:00,2026-09-08,CONSERVATIVE_T1,margin_szse,000709,False
2026-09-07,AGGREGATOR|research-node|akshare@1.18.97|stock_margin_detail_szse,,,2026-09-26T09:37:22.681971+00:00,2026-09-08,CONSERVATIVE_T1,margin_szse,000750,False
2026-09-07,AGGREGATOR|research-node|akshare@1.18.97|stock_margin_detail_szse,,,2026-09-26T09:37:22.681971+00:00,2026-09-08,CONSERVATIVE_T1,margin_szse,000783,False
2026-09-07,AGGREGATOR|research-node|akshare@1.18.97|stock_margin_detail_szse,,,2026-09-26T09:37:22.681971+00:00,2026-09-08,CONSERVATIVE_T1,margin_szse,000825,False
2026-09-07,AGGREGATOR|research-node|akshare@1.18.97|stock_margin_detail_szse,,,2026-09-26T09:37:22.681971+00:00,2026-09-08,CONSERVATIVE_T1,margin_szse,002160,False
2026-09-07,AGGREGATOR|research-node|akshare@1.18.97|stock_margin_detail_szse,,,2026-09-26T09:37:22.681971+00:00,2026-09-08,CONSERVATIVE_T1,margin_szse,002185,False
2026-09-07,AGGREGATOR|research-node|akshare@1.18.97|stock_margin_detail_szse,,,2026-09-26T09:37:22.681971+00:00,2026-09-08,CONSERVATIVE_T1,margin_szse,002354,False
2026-09-07,AGGREGATOR|research-node|akshare@1.18.97|stock_margin_detail_szse,,,2026-09-26T09:37:22.681971+00:00,2026-09-08,CONSERVATIVE_T1,margin_szse,002440,False
2026-09-07,AGGREGATOR|research-node|akshare@1.18.97|stock_margin_detail_szse,,,2026-09-26T09:37:22.681971+00:00,2026-09-08,CONSERVATIVE_T1,margin_szse,002471,False
2026-09-07,AGGREGATOR|research-node|akshare@1.18.97|stock_margin_detail_szse,,,2026-09-26T09:37:22.681971+00:00,2026-09-08,CONSERVATIVE_T1,margin_szse,002497,False
2026-09-07,AGGREGATOR|research-node|akshare@1.18.97|stock_margin_detail_szse,,,2026-09-26T09:37:22.681971+00:00,2026-09-08,CONSERVATIVE_T1,margin_szse,002574,False
2026-09-07,AGGREGATOR|research-node|akshare@1.18.97|stock_margin_detail_szse,,,2026-09-26T09:37:22.681971+00:00,2026-09-08,CONSERVATIVE_T1,margin_szse,002695,False
2026-09-07,AGGREGATOR|research-node|akshare@1.18.97|stock_margin_detail_szse,,,2026-09-26T09:37:22.681971+00:00,2026-09-08,CONSERVATIVE_T1,margin_szse,002736,False
2026-09-07,AGGREGATOR|research-node|akshare@1.18.97|stock_margin_detail_szse,,,2026-09-26T09:37:22.681971+00:00,2026-09-08,CONSERVATIVE_T1,margin_szse,300059,False
2026-09-07,AGGREGATOR|research-node|akshare@1.18.97|stock_margin_detail_szse,,,2026-09-26T09:37:22.681971+00:00,2026-09-08,CONSERVATIVE_T1,margin_szse,300094,False
2026-09-07,AGGREGATOR|research-node|akshare@1.18.97|stock_margin_detail_szse,,,2026-09-26T09:37:22.681971+00:00,2026-09-08,CONSERVATIVE_T1,margin_szse,300199,False
2026-09-07,AGGREGATOR|research-node|akshare@1.18.97|stock_margin_detail_szse,,,2026-09-26T09:37:22.681971+00:00,2026-09-08,CONSERVATIVE_T1,margin_szse,300342,False
2026-09-07,AGGREGATOR|research-node|akshare@1.18.97|stock_margin_detail_szse,,,2026-09-26T09:37:22.681971+00:00,2026-09-08,CONSERVATIVE_T1,margin_szse,300921,False
2026-09-07,AGGREGATOR|research-node|akshare@1.18.97|stock_margin_detail_szse,,,2026-09-26T09:37:22.681971+00:00,2026-09-08,CONSERVATIVE_T1,margin_szse,300946,False
2026-09-07,AGGREGATOR|research-node|akshare@1.18.97|stock_margin_detail_szse,,,2026-09-26T09:37:22.681971+00:00,2026-09-08,CONSERVATIVE_T1,margin_szse,300977,False
2026-09-07,AGGREGATOR|research-node|akshare@1.18.97|stock_margin_detail_szse,,,2026-09-26T09:37:22.681971+00:00,2026-09-08,CONSERVATIVE_T1,margin_szse,301010,False
2026-09-07,AGGREGATOR|research-node|akshare@1.18.97|stock_margin_detail_szse,,,2026-09-26T09:37:22.681971+00:00,2026-09-08,CONSERVATIVE_T1,margin_szse,301231,False
2026-09-07,AGGREGATOR|research-node|akshare@1.18.97|stock_margin_detail_szse,,,2026-09-26T09:37:22.681971+00:00,2026-09-08,CONSERVATIVE_T1,margin_szse,301297,False
2026-09-07,AGGREGATOR|research-node|akshare@1.18.97|stock_margin_detail_szse,,,2026-09-26T09:37:22.681971+00:00,2026-09-08,CONSERVATIVE_T1,margin_szse,301353,False
2026-09-07,AGGREGATOR|research-node|akshare@1.18.97|stock_margin_detail_szse,,,2026-09-26T09:37:22.681971+00:00,2026-09-08,CONSERVATIVE_T1,margin_szse,301357,False
2026-09-07,AGGREGATOR|research-node|akshare@1.18.97|stock_margin_detail_szse,,,2026-09-26T09:37:22.681971+00:00,2026-09-08,CONSERVATIVE_T1,margin_szse,301503,False
2026-09-08,AGGREGATOR|research-node|akshare@1.18.97|stock_margin_detail_szse,,,2026-09-26T09:37:25.063172+00:00,2026-09-09,CONSERVATIVE_T1,margin_szse,000089,False
2026-09-08,AGGREGATOR|research-node|akshare@1.18.97|stock_margin_detail_szse,,,2026-09-26T09:37:25.063172+00:00,2026-09-09,CONSERVATIVE_T1,margin_szse,000539,False
2026-09-08,AGGREGATOR|research-node|akshare@1.18.97|stock_margin_detail_szse,,,2026-09-26T09:37:25.063172+00:00,2026-09-09,CONSERVATIVE_T1,margin_szse,000557,False
2026-09-08,AGGREGATOR|research-node|akshare@1.18.97|stock_margin_detail_szse,,,2026-09-26T09:37:25.063172+00:00,2026-09-09,CONSERVATIVE_T1,margin_szse,000603,False
2026-09-08,AGGREGATOR|research-node|akshare@1.18.97|stock_margin_detail_szse,,,2026-09-26T09:37:25.063172+00:00,2026-09-09,CONSERVATIVE_T1,margin_szse,000628,False
2026-09-08,AGGREGATOR|research-node|akshare@1.18.97|stock_margin_detail_szse,,,2026-09-26T09:37:25.063172+00:00,2026-09-09,CONSERVATIVE_T1,margin_szse,000685,False
2026-09-08,AGGREGATOR|research-node|akshare@1.18.97|stock_margin_detail_szse,,,2026-09-26T09:37:25.063172+00:00,2026-09-09,CONSERVATIVE_T1,margin_szse,000709,False
2026-09-08,AGGREGATOR|research-node|akshare@1.18.97|stock_margin_detail_szse,,,2026-09-26T09:37:25.063172+00:00,2026-09-09,CONSERVATIVE_T1,margin_szse,000750,False
2026-09-08,AGGREGATOR|research-node|akshare@1.18.97|stock_margin_detail_szse,,,2026-09-26T09:37:25.063172+00:00,2026-09-09,CONSERVATIVE_T1,margin_szse,000783,False
2026-09-08,AGGREGATOR|research-node|akshare@1.18.97|stock_margin_detail_szse,,,2026-09-26T09:37:25.063172+00:00,2026-09-09,CONSERVATIVE_T1,margin_szse,000825,False
2026-09-08,AGGREGATOR|research-node|akshare@1.18.97|stock_margin_detail_szse,,,2026-09-26T09:37:25.063172+00:00,2026-09-09,CONSERVATIVE_T1,margin_szse,002160,False
2026-09-08,AGGREGATOR|research-node|akshare@1.18.97|stock_margin_detail_szse,,,2026-09-26T09:37:25.063172+00:00,2026-09-09,CONSERVATIVE_T1,margin_szse,002185,False
2026-09-08,AGGREGATOR|research-node|akshare@1.18.97|stock_margin_detail_szse,,,2026-09-26T09:37:25.063172+00:00,2026-09-09,CONSERVATIVE_T1,margin_szse,002354,False
2026-09-08,AGGREGATOR|research-node|akshare@1.18.97|stock_margin_detail_szse,,,2026-09-26T09:37:25.063172+00:00,2026-09-09,CONSERVATIVE_T1,margin_szse,002440,False
2026-09-08,AGGREGATOR|research-node|akshare@1.18.97|stock_margin_detail_szse,,,2026-09-26T09:37:25.063172+00:00,2026-09-09,CONSERVATIVE_T1,margin_szse,002471,False
2026-09-08,AGGREGATOR|research-node|akshare@1.18.97|stock_margin_detail_szse,,,2026-09-26T09:37:25.063172+00:00,2026-09-09,CONSERVATIVE_T1,margin_szse,002497,False
2026-09-08,AGGREGATOR|research-node|akshare@1.18.97|stock_margin_detail_szse,,,2026-09-26T09:37:25.063172+00:00,2026-09-09,CONSERVATIVE_T1,margin_szse,002574,False
2026-09-08,AGGREGATOR|research-node|akshare@1.18.97|stock_margin_detail_szse,,,2026-09-26T09:37:25.063172+00:00,2026-09-09,CONSERVATIVE_T1,margin_szse,002695,False
2026-09-08,AGGREGATOR|research-node|akshare@1.18.97|stock_margin_detail_szse,,,2026-09-26T09:37:25.063172+00:00,2026-09-09,CONSERVATIVE_T1,margin_szse,002736,False
2026-09-08,AGGREGATOR|research-node|akshare@1.18.97|stock_margin_detail_szse,,,2026-09-26T09:37:25.063172+00:00,2026-09-09,CONSERVATIVE_T1,margin_szse,300059,False
2026-09-08,AGGREGATOR|research-node|akshare@1.18.97|stock_margin_detail_szse,,,2026-09-26T09:37:25.063172+00:00,2026-09-09,CONSERVATIVE_T1,margin_szse,300094,False
2026-09-08,AGGREGATOR|research-node|akshare@1.18.97|stock_margin_detail_szse,,,2026-09-26T09:37:25.063172+00:00,2026-09-09,CONSERVATIVE_T1,margin_szse,300199,False
2026-09-08,AGGREGATOR|research-node|akshare@1.18.97|stock_margin_detail_szse,,,2026-09-26T09:37:25.063172+00:00,2026-09-09,CONSERVATIVE_T1,margin_szse,300342,False
2026-09-08,AGGREGATOR|research-node|akshare@1.18.97|stock_margin_detail_szse,,,2026-09-26T09:37:25.063172+00:00,2026-09-09,CONSERVATIVE_T1,margin_szse,300921,False
2026-09-08,AGGREGATOR|research-node|akshare@1.18.97|stock_margin_detail_szse,,,2026-09-26T09:37:25.063172+00:00,2026-09-09,CONSERVATIVE_T1,margin_szse,300946,False
2026-09-08,AGGREGATOR|research-node|akshare@1.18.97|stock_margin_detail_szse,,,2026-09-26T09:37:25.063172+00:00,2026-09-09,CONSERVATIVE_T1,margin_szse,300977,False
2026-09-08,AGGREGATOR|research-node|akshare@1.18.97|stock_margin_detail_szse,,,2026-09-26T09:37:25.063172+00:00,2026-09-09,CONSERVATIVE_T1,margin_szse,301010,False
2026-09-08,AGGREGATOR|research-node|akshare@1.18.97|stock_margin_detail_szse,,,2026-09-26T09:37:25.063172+00:00,2026-09-09,CONSERVATIVE_T1,margin_szse,301231,False
2026-09-08,AGGREGATOR|research-node|akshare@1.18.97|stock_margin_detail_szse,,,2026-09-26T09:37:25.063172+00:00,2026-09-09,CONSERVATIVE_T1,margin_szse,301297,False
2026-09-08,AGGREGATOR|research-node|akshare@1.18.97|stock_margin_detail_szse,,,2026-09-26T09:37:25.063172+00:00,2026-09-09,CONSERVATIVE_T1,margin_szse,301353,False
2026-09-08,AGGREGATOR|research-node|akshare@1.18.97|stock_margin_detail_szse,,,2026-09-26T09:37:25.063172+00:00,2026-09-09,CONSERVATIVE_T1,margin_szse,301357,False
2026-09-08,AGGREGATOR|research-node|akshare@1.18.97|stock_margin_detail_szse,,,2026-09-26T09:37:25.063172+00:00,2026-09-09,CONSERVATIVE_T1,margin_szse,301503,False
2026-09-09,AGGREGATOR|research-node|akshare@1.18.97|stock_margin_detail_szse,,,2026-09-26T09:37:27.464041+00:00,2026-09-10,CONSERVATIVE_T1,margin_szse,000089,False
2026-09-09,AGGREGATOR|research-node|akshare@1.18.97|stock_margin_detail_szse,,,2026-09-26T09:37:27.464041+00:00,2026-09-10,CONSERVATIVE_T1,margin_szse,000539,False
2026-09-09,AGGREGATOR|research-node|akshare@1.18.97|stock_margin_detail_szse,,,2026-09-26T09:37:27.464041+00:00,2026-09-10,CONSERVATIVE_T1,margin_szse,000557,False
2026-09-09,AGGREGATOR|research-node|akshare@1.18.97|stock_margin_detail_szse,,,2026-09-26T09:37:27.464041+00:00,2026-09-10,CONSERVATIVE_T1,margin_szse,000603,False
2026-09-09,AGGREGATOR|research-node|akshare@1.18.97|stock_margin_detail_szse,,,2026-09-26T09:37:27.464041+00:00,2026-09-10,CONSERVATIVE_T1,margin_szse,000628,False
2026-09-09,AGGREGATOR|research-node|akshare@1.18.97|stock_margin_detail_szse,,,2026-09-26T09:37:27.464041+00:00,2026-09-10,CONSERVATIVE_T1,margin_szse,000685,False
2026-09-09,AGGREGATOR|research-node|akshare@1.18.97|stock_margin_detail_szse,,,2026-09-26T09:37:27.464041+00:00,2026-09-10,CONSERVATIVE_T1,margin_szse,000709,False
2026-09-09,AGGREGATOR|research-node|akshare@1.18.97|stock_margin_detail_szse,,,2026-09-26T09:37:27.464041+00:00,2026-09-10,CONSERVATIVE_T1,margin_szse,000750,False
2026-09-09,AGGREGATOR|research-node|akshare@1.18.97|stock_margin_detail_szse,,,2026-09-26T09:37:27.464041+00:00,2026-09-10,CONSERVATIVE_T1,margin_szse,000783,False
2026-09-09,AGGREGATOR|research-node|akshare@1.18.97|stock_margin_detail_szse,,,2026-09-26T09:37:27.464041+00:00,2026-09-10,CONSERVATIVE_T1,margin_szse,000825,False
2026-09-09,AGGREGATOR|research-node|akshare@1.18.97|stock_margin_detail_szse,,,2026-09-26T09:37:27.464041+00:00,2026-09-10,CONSERVATIVE_T1,margin_szse,002160,False
2026-09-09,AGGREGATOR|research-node|akshare@1.18.97|stock_margin_detail_szse,,,2026-09-26T09:37:27.464041+00:00,2026-09-10,CONSERVATIVE_T1,margin_szse,002185,False
2026-09-09,AGGREGATOR|research-node|akshare@1.18.97|stock_margin_detail_szse,,,2026-09-26T09:37:27.464041+00:00,2026-09-10,CONSERVATIVE_T1,margin_szse,002354,False
2026-09-09,AGGREGATOR|research-node|akshare@1.18.97|stock_margin_detail_szse,,,2026-09-26T09:37:27.464041+00:00,2026-09-10,CONSERVATIVE_T1,margin_szse,002440,False
2026-09-09,AGGREGATOR|research-node|akshare@1.18.97|stock_margin_detail_szse,,,2026-09-26T09:37:27.464041+00:00,2026-09-10,CONSERVATIVE_T1,margin_szse,002471,False
2026-09-09,AGGREGATOR|research-node|akshare@1.18.97|stock_margin_detail_szse,,,2026-09-26T09:37:27.464041+00:00,2026-09-10,CONSERVATIVE_T1,margin_szse,002497,False
2026-09-09,AGGREGATOR|research-node|akshare@1.18.97|stock_margin_detail_szse,,,2026-09-26T09:37:27.464041+00:00,2026-09-10,CONSERVATIVE_T1,margin_szse,002574,False
2026-09-09,AGGREGATOR|research-node|akshare@1.18.97|stock_margin_detail_szse,,,2026-09-26T09:37:27.464041+00:00,2026-09-10,CONSERVATIVE_T1,margin_szse,002695,False
2026-09-09,AGGREGATOR|research-node|akshare@1.18.97|stock_margin_detail_szse,,,2026-09-26T09:37:27.464041+00:00,2026-09-10,CONSERVATIVE_T1,margin_szse,002736,False
2026-09-09,AGGREGATOR|research-node|akshare@1.18.97|stock_margin_detail_szse,,,2026-09-26T09:37:27.464041+00:00,2026-09-10,CONSERVATIVE_T1,margin_szse,300059,False
2026-09-09,AGGREGATOR|research-node|akshare@1.18.97|stock_margin_detail_szse,,,2026-09-26T09:37:27.464041+00:00,2026-09-10,CONSERVATIVE_T1,margin_szse,300094,False
2026-09-09,AGGREGATOR|research-node|akshare@1.18.97|stock_margin_detail_szse,,,2026-09-26T09:37:27.464041+00:00,2026-09-10,CONSERVATIVE_T1,margin_szse,300199,False
2026-09-09,AGGREGATOR|research-node|akshare@1.18.97|stock_margin_detail_szse,,,2026-09-26T09:37:27.464041+00:00,2026-09-10,CONSERVATIVE_T1,margin_szse,300342,False
2026-09-09,AGGREGATOR|research-node|akshare@1.18.97|stock_margin_detail_szse,,,2026-09-26T09:37:27.464041+00:00,2026-09-10,CONSERVATIVE_T1,margin_szse,300921,False
2026-09-09,AGGREGATOR|research-node|akshare@1.18.97|stock_margin_detail_szse,,,2026-09-26T09:37:27.464041+00:00,2026-09-10,CONSERVATIVE_T1,margin_szse,300946,False
2026-09-09,AGGREGATOR|research-node|akshare@1.18.97|stock_margin_detail_szse,,,2026-09-26T09:37:27.464041+00:00,2026-09-10,CONSERVATIVE_T1,margin_szse,300977,False
2026-09-09,AGGREGATOR|research-node|akshare@1.18.97|stock_margin_detail_szse,,,2026-09-26T09:37:27.464041+00:00,2026-09-10,CONSERVATIVE_T1,margin_szse,301010,False
2026-09-09,AGGREGATOR|research-node|akshare@1.18.97|stock_margin_detail_szse,,,2026-09-26T09:37:27.464041+00:00,2026-09-10,CONSERVATIVE_T1,margin_szse,301231,False
2026-09-09,AGGREGATOR|research-node|akshare@1.18.97|stock_margin_detail_szse,,,2026-09-26T09:37:27.464041+00:00,2026-09-10,CONSERVATIVE_T1,margin_szse,301297,False
2026-09-09,AGGREGATOR|research-node|akshare@1.18.97|stock_margin_detail_szse,,,2026-09-26T09:37:27.464041+00:00,2026-09-10,CONSERVATIVE_T1,margin_szse,301353,False
2026-09-09,AGGREGATOR|research-node|akshare@1.18.97|stock_margin_detail_szse,,,2026-09-26T09:37:27.464041+00:00,2026-09-10,CONSERVATIVE_T1,margin_szse,301357,False
2026-09-09,AGGREGATOR|research-node|akshare@1.18.97|stock_margin_detail_szse,,,2026-09-26T09:37:27.464041+00:00,2026-09-10,CONSERVATIVE_T1,margin_szse,301503,False
2026-09-10,AGGREGATOR|research-node|akshare@1.18.97|stock_margin_detail_szse,,,2026-09-26T09:37:29.851108+00:00,2026-09-11,CONSERVATIVE_T1,margin_szse,000089,False
2026-09-10,AGGREGATOR|research-node|akshare@1.18.97|stock_margin_detail_szse,,,2026-09-26T09:37:29.851108+00:00,2026-09-11,CONSERVATIVE_T1,margin_szse,000539,False
2026-09-10,AGGREGATOR|research-node|akshare@1.18.97|stock_margin_detail_szse,,,2026-09-26T09:37:29.851108+00:00,2026-09-11,CONSERVATIVE_T1,margin_szse,000557,False
2026-09-10,AGGREGATOR|research-node|akshare@1.18.97|stock_margin_detail_szse,,,2026-09-26T09:37:29.851108+00:00,2026-09-11,CONSERVATIVE_T1,margin_szse,000603,False
2026-09-10,AGGREGATOR|research-node|akshare@1.18.97|stock_margin_detail_szse,,,2026-09-26T09:37:29.851108+00:00,2026-09-11,CONSERVATIVE_T1,margin_szse,000628,False
2026-09-10,AGGREGATOR|research-node|akshare@1.18.97|stock_margin_detail_szse,,,2026-09-26T09:37:29.851108+00:00,2026-09-11,CONSERVATIVE_T1,margin_szse,000685,False
2026-09-10,AGGREGATOR|research-node|akshare@1.18.97|stock_margin_detail_szse,,,2026-09-26T09:37:29.851108+00:00,2026-09-11,CONSERVATIVE_T1,margin_szse,000709,False
2026-09-10,AGGREGATOR|research-node|akshare@1.18.97|stock_margin_detail_szse,,,2026-09-26T09:37:29.851108+00:00,2026-09-11,CONSERVATIVE_T1,margin_szse,000750,False
2026-09-10,AGGREGATOR|research-node|akshare@1.18.97|stock_margin_detail_szse,,,2026-09-26T09:37:29.851108+00:00,2026-09-11,CONSERVATIVE_T1,margin_szse,000783,False
2026-09-10,AGGREGATOR|research-node|akshare@1.18.97|stock_margin_detail_szse,,,2026-09-26T09:37:29.851108+00:00,2026-09-11,CONSERVATIVE_T1,margin_szse,000825,False
2026-09-10,AGGREGATOR|research-node|akshare@1.18.97|stock_margin_detail_szse,,,2026-09-26T09:37:29.851108+00:00,2026-09-11,CONSERVATIVE_T1,margin_szse,002160,False
2026-09-10,AGGREGATOR|research-node|akshare@1.18.97|stock_margin_detail_szse,,,2026-09-26T09:37:29.851108+00:00,2026-09-11,CONSERVATIVE_T1,margin_szse,002185,False
2026-09-10,AGGREGATOR|research-node|akshare@1.18.97|stock_margin_detail_szse,,,2026-09-26T09:37:29.851108+00:00,2026-09-11,CONSERVATIVE_T1,margin_szse,002354,False
2026-09-10,AGGREGATOR|research-node|akshare@1.18.97|stock_margin_detail_szse,,,2026-09-26T09:37:29.851108+00:00,2026-09-11,CONSERVATIVE_T1,margin_szse,002440,False
2026-09-10,AGGREGATOR|research-node|akshare@1.18.97|stock_margin_detail_szse,,,2026-09-26T09:37:29.851108+00:00,2026-09-11,CONSERVATIVE_T1,margin_szse,002471,False
2026-09-10,AGGREGATOR|research-node|akshare@1.18.97|stock_margin_detail_szse,,,2026-09-26T09:37:29.851108+00:00,2026-09-11,CONSERVATIVE_T1,margin_szse,002497,False
2026-09-10,AGGREGATOR|research-node|akshare@1.18.97|stock_margin_detail_szse,,,2026-09-26T09:37:29.851108+00:00,2026-09-11,CONSERVATIVE_T1,margin_szse,002574,False
2026-09-10,AGGREGATOR|research-node|akshare@1.18.97|stock_margin_detail_szse,,,2026-09-26T09:37:29.851108+00:00,2026-09-11,CONSERVATIVE_T1,margin_szse,002695,False
2026-09-10,AGGREGATOR|research-node|akshare@1.18.97|stock_margin_detail_szse,,,2026-09-26T09:37:29.851108+00:00,2026-09-11,CONSERVATIVE_T1,margin_szse,002736,False
2026-09-10,AGGREGATOR|research-node|akshare@1.18.97|stock_margin_detail_szse,,,2026-09-26T09:37:29.851108+00:00,2026-09-11,CONSERVATIVE_T1,margin_szse,300059,False
2026-09-10,AGGREGATOR|research-node|akshare@1.18.97|stock_margin_detail_szse,,,2026-09-26T09:37:29.851108+00:00,2026-09-11,CONSERVATIVE_T1,margin_szse,300094,False
2026-09-10,AGGREGATOR|research-node|akshare@1.18.97|stock_margin_detail_szse,,,2026-09-26T09:37:29.851108+00:00,2026-09-11,CONSERVATIVE_T1,margin_szse,300199,False
2026-09-10,AGGREGATOR|research-node|akshare@1.18.97|stock_margin_detail_szse,,,2026-09-26T09:37:29.851108+00:00,2026-09-11,CONSERVATIVE_T1,margin_szse,300342,False
2026-09-10,AGGREGATOR|research-node|akshare@1.18.97|stock_margin_detail_szse,,,2026-09-26T09:37:29.851108+00:00,2026-09-11,CONSERVATIVE_T1,margin_szse,300921,False
2026-09-10,AGGREGATOR|research-node|akshare@1.18.97|stock_margin_detail_szse,,,2026-09-26T09:37:29.851108+00:00,2026-09-11,CONSERVATIVE_T1,margin_szse,300946,False
2026-09-10,AGGREGATOR|research-node|akshare@1.18.97|stock_margin_detail_szse,,,2026-09-26T09:37:29.851108+00:00,2026-09-11,CONSERVATIVE_T1,margin_szse,300977,False
2026-09-10,AGGREGATOR|research-node|akshare@1.18.97|stock_margin_detail_szse,,,2026-09-26T09:37:29.851108+00:00,2026-09-11,CONSERVATIVE_T1,margin_szse,301010,False
2026-09-10,AGGREGATOR|research-node|akshare@1.18.97|stock_margin_detail_szse,,,2026-09-26T09:37:29.851108+00:00,2026-09-11,CONSERVATIVE_T1,margin_szse,301231,False
2026-09-10,AGGREGATOR|research-node|akshare@1.18.97|stock_margin_detail_szse,,,2026-09-26T09:37:29.851108+00:00,2026-09-11,CONSERVATIVE_T1,margin_szse,301297,False
2026-09-10,AGGREGATOR|research-node|akshare@1.18.97|stock_margin_detail_szse,,,2026-09-26T09:37:29.851108+00:00,2026-09-11,CONSERVATIVE_T1,margin_szse,301353,False
2026-09-10,AGGREGATOR|research-node|akshare@1.18.97|stock_margin_detail_szse,,,2026-09-26T09:37:29.851108+00:00,2026-09-11,CONSERVATIVE_T1,margin_szse,301357,False
2026-09-10,AGGREGATOR|research-node|akshare@1.18.97|stock_margin_detail_szse,,,2026-09-26T09:37:29.851108+00:00,2026-09-11,CONSERVATIVE_T1,margin_szse,301503,False
2026-09-11,AGGREGATOR|research-node|akshare@1.18.97|stock_margin_detail_szse,,,2026-09-26T09:37:32.229216+00:00,2026-09-14,CONSERVATIVE_T1,margin_szse,000089,False
2026-09-11,AGGREGATOR|research-node|akshare@1.18.97|stock_margin_detail_szse,,,2026-09-26T09:37:32.229216+00:00,2026-09-14,CONSERVATIVE_T1,margin_szse,000539,False
2026-09-11,AGGREGATOR|research-node|akshare@1.18.97|stock_margin_detail_szse,,,2026-09-26T09:37:32.229216+00:00,2026-09-14,CONSERVATIVE_T1,margin_szse,000557,False
2026-09-11,AGGREGATOR|research-node|akshare@1.18.97|stock_margin_detail_szse,,,2026-09-26T09:37:32.229216+00:00,2026-09-14,CONSERVATIVE_T1,margin_szse,000603,False
2026-09-11,AGGREGATOR|research-node|akshare@1.18.97|stock_margin_detail_szse,,,2026-09-26T09:37:32.229216+00:00,2026-09-14,CONSERVATIVE_T1,margin_szse,000628,False
2026-09-11,AGGREGATOR|research-node|akshare@1.18.97|stock_margin_detail_szse,,,2026-09-26T09:37:32.229216+00:00,2026-09-14,CONSERVATIVE_T1,margin_szse,000685,False
2026-09-11,AGGREGATOR|research-node|akshare@1.18.97|stock_margin_detail_szse,,,2026-09-26T09:37:32.229216+00:00,2026-09-14,CONSERVATIVE_T1,margin_szse,000709,False
2026-09-11,AGGREGATOR|research-node|akshare@1.18.97|stock_margin_detail_szse,,,2026-09-26T09:37:32.229216+00:00,2026-09-14,CONSERVATIVE_T1,margin_szse,000750,False
2026-09-11,AGGREGATOR|research-node|akshare@1.18.97|stock_margin_detail_szse,,,2026-09-26T09:37:32.229216+00:00,2026-09-14,CONSERVATIVE_T1,margin_szse,000783,False
2026-09-11,AGGREGATOR|research-node|akshare@1.18.97|stock_margin_detail_szse,,,2026-09-26T09:37:32.229216+00:00,2026-09-14,CONSERVATIVE_T1,margin_szse,000825,False
2026-09-11,AGGREGATOR|research-node|akshare@1.18.97|stock_margin_detail_szse,,,2026-09-26T09:37:32.229216+00:00,2026-09-14,CONSERVATIVE_T1,margin_szse,002160,False
2026-09-11,AGGREGATOR|research-node|akshare@1.18.97|stock_margin_detail_szse,,,2026-09-26T09:37:32.229216+00:00,2026-09-14,CONSERVATIVE_T1,margin_szse,002185,False
2026-09-11,AGGREGATOR|research-node|akshare@1.18.97|stock_margin_detail_szse,,,2026-09-26T09:37:32.229216+00:00,2026-09-14,CONSERVATIVE_T1,margin_szse,002354,False
2026-09-11,AGGREGATOR|research-node|akshare@1.18.97|stock_margin_detail_szse,,,2026-09-26T09:37:32.229216+00:00,2026-09-14,CONSERVATIVE_T1,margin_szse,002440,False
2026-09-11,AGGREGATOR|research-node|akshare@1.18.97|stock_margin_detail_szse,,,2026-09-26T09:37:32.229216+00:00,2026-09-14,CONSERVATIVE_T1,margin_szse,002471,False
2026-09-11,AGGREGATOR|research-node|akshare@1.18.97|stock_margin_detail_szse,,,2026-09-26T09:37:32.229216+00:00,2026-09-14,CONSERVATIVE_T1,margin_szse,002497,False
2026-09-11,AGGREGATOR|research-node|akshare@1.18.97|stock_margin_detail_szse,,,2026-09-26T09:37:32.229216+00:00,2026-09-14,CONSERVATIVE_T1,margin_szse,002574,False
2026-09-11,AGGREGATOR|research-node|akshare@1.18.97|stock_margin_detail_szse,,,2026-09-26T09:37:32.229216+00:00,2026-09-14,CONSERVATIVE_T1,margin_szse,002695,False
2026-09-11,AGGREGATOR|research-node|akshare@1.18.97|stock_margin_detail_szse,,,2026-09-26T09:37:32.229216+00:00,2026-09-14,CONSERVATIVE_T1,margin_szse,002736,False
2026-09-11,AGGREGATOR|research-node|akshare@1.18.97|stock_margin_detail_szse,,,2026-09-26T09:37:32.229216+00:00,2026-09-14,CONSERVATIVE_T1,margin_szse,300059,False
2026-09-11,AGGREGATOR|research-node|akshare@1.18.97|stock_margin_detail_szse,,,2026-09-26T09:37:32.229216+00:00,2026-09-14,CONSERVATIVE_T1,margin_szse,300094,False
2026-09-11,AGGREGATOR|research-node|akshare@1.18.97|stock_margin_detail_szse,,,2026-09-26T09:37:32.229216+00:00,2026-09-14,CONSERVATIVE_T1,margin_szse,300199,False
2026-09-11,AGGREGATOR|research-node|akshare@1.18.97|stock_margin_detail_szse,,,2026-09-26T09:37:32.229216+00:00,2026-09-14,CONSERVATIVE_T1,margin_szse,300342,False
2026-09-11,AGGREGATOR|research-node|akshare@1.18.97|stock_margin_detail_szse,,,2026-09-26T09:37:32.229216+00:00,2026-09-14,CONSERVATIVE_T1,margin_szse,300921,False
2026-09-11,AGGREGATOR|research-node|akshare@1.18.97|stock_margin_detail_szse,,,2026-09-26T09:37:32.229216+00:00,2026-09-14,CONSERVATIVE_T1,margin_szse,300946,False
2026-09-11,AGGREGATOR|research-node|akshare@1.18.97|stock_margin_detail_szse,,,2026-09-26T09:37:32.229216+00:00,2026-09-14,CONSERVATIVE_T1,margin_szse,300977,False
2026-09-11,AGGREGATOR|research-node|akshare@1.18.97|stock_margin_detail_szse,,,2026-09-26T09:37:32.229216+00:00,2026-09-14,CONSERVATIVE_T1,margin_szse,301010,False
2026-09-11,AGGREGATOR|research-node|akshare@1.18.97|stock_margin_detail_szse,,,2026-09-26T09:37:32.229216+00:00,2026-09-14,CONSERVATIVE_T1,margin_szse,301231,False
2026-09-11,AGGREGATOR|research-node|akshare@1.18.97|stock_margin_detail_szse,,,2026-09-26T09:37:32.229216+00:00,2026-09-14,CONSERVATIVE_T1,margin_szse,301297,False
2026-09-11,AGGREGATOR|research-node|akshare@1.18.97|stock_margin_detail_szse,,,2026-09-26T09:37:32.229216+00:00,2026-09-14,CONSERVATIVE_T1,margin_szse,301353,False
2026-09-11,AGGREGATOR|research-node|akshare@1.18.97|stock_margin_detail_szse,,,2026-09-26T09:37:32.229216+00:00,2026-09-14,CONSERVATIVE_T1,margin_szse,301357,False
2026-09-11,AGGREGATOR|research-node|akshare@1.18.97|stock_margin_detail_szse,,,2026-09-26T09:37:32.229216+00:00,2026-09-14,CONSERVATIVE_T1,margin_szse,301503,False
2026-09-14,AGGREGATOR|research-node|akshare@1.18.97|stock_margin_detail_szse,,,2026-09-26T09:37:34.539973+00:00,2026-09-15,CONSERVATIVE_T1,margin_szse,000089,False
2026-09-14,AGGREGATOR|research-node|akshare@1.18.97|stock_margin_detail_szse,,,2026-09-26T09:37:34.539973+00:00,2026-09-15,CONSERVATIVE_T1,margin_szse,000539,False
2026-09-14,AGGREGATOR|research-node|akshare@1.18.97|stock_margin_detail_szse,,,2026-09-26T09:37:34.539973+00:00,2026-09-15,CONSERVATIVE_T1,margin_szse,000557,False
2026-09-14,AGGREGATOR|research-node|akshare@1.18.97|stock_margin_detail_szse,,,2026-09-26T09:37:34.539973+00:00,2026-09-15,CONSERVATIVE_T1,margin_szse,000603,False
2026-09-14,AGGREGATOR|research-node|akshare@1.18.97|stock_margin_detail_szse,,,2026-09-26T09:37:34.539973+00:00,2026-09-15,CONSERVATIVE_T1,margin_szse,000628,False
2026-09-14,AGGREGATOR|research-node|akshare@1.18.97|stock_margin_detail_szse,,,2026-09-26T09:37:34.539973+00:00,2026-09-15,CONSERVATIVE_T1,margin_szse,000685,False
2026-09-14,AGGREGATOR|research-node|akshare@1.18.97|stock_margin_detail_szse,,,2026-09-26T09:37:34.539973+00:00,2026-09-15,CONSERVATIVE_T1,margin_szse,000709,False
2026-09-14,AGGREGATOR|research-node|akshare@1.18.97|stock_margin_detail_szse,,,2026-09-26T09:37:34.539973+00:00,2026-09-15,CONSERVATIVE_T1,margin_szse,000750,False
2026-09-14,AGGREGATOR|research-node|akshare@1.18.97|stock_margin_detail_szse,,,2026-09-26T09:37:34.539973+00:00,2026-09-15,CONSERVATIVE_T1,margin_szse,000783,False
2026-09-14,AGGREGATOR|research-node|akshare@1.18.97|stock_margin_detail_szse,,,2026-09-26T09:37:34.539973+00:00,2026-09-15,CONSERVATIVE_T1,margin_szse,000825,False
2026-09-14,AGGREGATOR|research-node|akshare@1.18.97|stock_margin_detail_szse,,,2026-09-26T09:37:34.539973+00:00,2026-09-15,CONSERVATIVE_T1,margin_szse,002160,False
2026-09-14,AGGREGATOR|research-node|akshare@1.18.97|stock_margin_detail_szse,,,2026-09-26T09:37:34.539973+00:00,2026-09-15,CONSERVATIVE_T1,margin_szse,002185,False
2026-09-14,AGGREGATOR|research-node|akshare@1.18.97|stock_margin_detail_szse,,,2026-09-26T09:37:34.539973+00:00,2026-09-15,CONSERVATIVE_T1,margin_szse,002354,False
2026-09-14,AGGREGATOR|research-node|akshare@1.18.97|stock_margin_detail_szse,,,2026-09-26T09:37:34.539973+00:00,2026-09-15,CONSERVATIVE_T1,margin_szse,002440,False
2026-09-14,AGGREGATOR|research-node|akshare@1.18.97|stock_margin_detail_szse,,,2026-09-26T09:37:34.539973+00:00,2026-09-15,CONSERVATIVE_T1,margin_szse,002471,False
2026-09-14,AGGREGATOR|research-node|akshare@1.18.97|stock_margin_detail_szse,,,2026-09-26T09:37:34.539973+00:00,2026-09-15,CONSERVATIVE_T1,margin_szse,002497,False
2026-09-14,AGGREGATOR|research-node|akshare@1.18.97|stock_margin_detail_szse,,,2026-09-26T09:37:34.539973+00:00,2026-09-15,CONSERVATIVE_T1,margin_szse,002574,False
2026-09-14,AGGREGATOR|research-node|akshare@1.18.97|stock_margin_detail_szse,,,2026-09-26T09:37:34.539973+00:00,2026-09-15,CONSERVATIVE_T1,margin_szse,002695,False
2026-09-14,AGGREGATOR|research-node|akshare@1.18.97|stock_margin_detail_szse,,,2026-09-26T09:37:34.539973+00:00,2026-09-15,CONSERVATIVE_T1,margin_szse,002736,False
2026-09-14,AGGREGATOR|research-node|akshare@1.18.97|stock_margin_detail_szse,,,2026-09-26T09:37:34.539973+00:00,2026-09-15,CONSERVATIVE_T1,margin_szse,300059,False
2026-09-14,AGGREGATOR|research-node|akshare@1.18.97|stock_margin_detail_szse,,,2026-09-26T09:37:34.539973+00:00,2026-09-15,CONSERVATIVE_T1,margin_szse,300094,False
2026-09-14,AGGREGATOR|research-node|akshare@1.18.97|stock_margin_detail_szse,,,2026-09-26T09:37:34.539973+00:00,2026-09-15,CONSERVATIVE_T1,margin_szse,300199,False
2026-09-14,AGGREGATOR|research-node|akshare@1.18.97|stock_margin_detail_szse,,,2026-09-26T09:37:34.539973+00:00,2026-09-15,CONSERVATIVE_T1,margin_szse,300342,False
2026-09-14,AGGREGATOR|research-node|akshare@1.18.97|stock_margin_detail_szse,,,2026-09-26T09:37:34.539973+00:00,2026-09-15,CONSERVATIVE_T1,margin_szse,300921,False
2026-09-14,AGGREGATOR|research-node|akshare@1.18.97|stock_margin_detail_szse,,,2026-09-26T09:37:34.539973+00:00,2026-09-15,CONSERVATIVE_T1,margin_szse,300946,False
2026-09-14,AGGREGATOR|research-node|akshare@1.18.97|stock_margin_detail_szse,,,2026-09-26T09:37:34.539973+00:00,2026-09-15,CONSERVATIVE_T1,margin_szse,300977,False
2026-09-14,AGGREGATOR|research-node|akshare@1.18.97|stock_margin_detail_szse,,,2026-09-26T09:37:34.539973+00:00,2026-09-15,CONSERVATIVE_T1,margin_szse,301010,False
2026-09-14,AGGREGATOR|research-node|akshare@1.18.97|stock_margin_detail_szse,,,2026-09-26T09:37:34.539973+00:00,2026-09-15,CONSERVATIVE_T1,margin_szse,301231,False
2026-09-14,AGGREGATOR|research-node|akshare@1.18.97|stock_margin_detail_szse,,,2026-09-26T09:37:34.539973+00:00,2026-09-15,CONSERVATIVE_T1,margin_szse,301297,False
2026-09-14,AGGREGATOR|research-node|akshare@1.18.97|stock_margin_detail_szse,,,2026-09-26T09:37:34.539973+00:00,2026-09-15,CONSERVATIVE_T1,margin_szse,301353,False
2026-09-14,AGGREGATOR|research-node|akshare@1.18.97|stock_margin_detail_szse,,,2026-09-26T09:37:34.539973+00:00,2026-09-15,CONSERVATIVE_T1,margin_szse,301357,False
2026-09-14,AGGREGATOR|research-node|akshare@1.18.97|stock_margin_detail_szse,,,2026-09-26T09:37:34.539973+00:00,2026-09-15,CONSERVATIVE_T1,margin_szse,301503,False
2026-09-15,AGGREGATOR|research-node|akshare@1.18.97|stock_margin_detail_szse,,,2026-09-26T09:37:36.856430+00:00,2026-09-16,CONSERVATIVE_T1,margin_szse,000089,False
2026-09-15,AGGREGATOR|research-node|akshare@1.18.97|stock_margin_detail_szse,,,2026-09-26T09:37:36.856430+00:00,2026-09-16,CONSERVATIVE_T1,margin_szse,000539,False
2026-09-15,AGGREGATOR|research-node|akshare@1.18.97|stock_margin_detail_szse,,,2026-09-26T09:37:36.856430+00:00,2026-09-16,CONSERVATIVE_T1,margin_szse,000557,False
2026-09-15,AGGREGATOR|research-node|akshare@1.18.97|stock_margin_detail_szse,,,2026-09-26T09:37:36.856430+00:00,2026-09-16,CONSERVATIVE_T1,margin_szse,000603,False
2026-09-15,AGGREGATOR|research-node|akshare@1.18.97|stock_margin_detail_szse,,,2026-09-26T09:37:36.856430+00:00,2026-09-16,CONSERVATIVE_T1,margin_szse,000628,False
2026-09-15,AGGREGATOR|research-node|akshare@1.18.97|stock_margin_detail_szse,,,2026-09-26T09:37:36.856430+00:00,2026-09-16,CONSERVATIVE_T1,margin_szse,000685,False
2026-09-15,AGGREGATOR|research-node|akshare@1.18.97|stock_margin_detail_szse,,,2026-09-26T09:37:36.856430+00:00,2026-09-16,CONSERVATIVE_T1,margin_szse,000709,False
2026-09-15,AGGREGATOR|research-node|akshare@1.18.97|stock_margin_detail_szse,,,2026-09-26T09:37:36.856430+00:00,2026-09-16,CONSERVATIVE_T1,margin_szse,000750,False
2026-09-15,AGGREGATOR|research-node|akshare@1.18.97|stock_margin_detail_szse,,,2026-09-26T09:37:36.856430+00:00,2026-09-16,CONSERVATIVE_T1,margin_szse,000783,False
2026-09-15,AGGREGATOR|research-node|akshare@1.18.97|stock_margin_detail_szse,,,2026-09-26T09:37:36.856430+00:00,2026-09-16,CONSERVATIVE_T1,margin_szse,000825,False
2026-09-15,AGGREGATOR|research-node|akshare@1.18.97|stock_margin_detail_szse,,,2026-09-26T09:37:36.856430+00:00,2026-09-16,CONSERVATIVE_T1,margin_szse,002160,False
2026-09-15,AGGREGATOR|research-node|akshare@1.18.97|stock_margin_detail_szse,,,2026-09-26T09:37:36.856430+00:00,2026-09-16,CONSERVATIVE_T1,margin_szse,002185,False
2026-09-15,AGGREGATOR|research-node|akshare@1.18.97|stock_margin_detail_szse,,,2026-09-26T09:37:36.856430+00:00,2026-09-16,CONSERVATIVE_T1,margin_szse,002354,False
2026-09-15,AGGREGATOR|research-node|akshare@1.18.97|stock_margin_detail_szse,,,2026-09-26T09:37:36.856430+00:00,2026-09-16,CONSERVATIVE_T1,margin_szse,002440,False
2026-09-15,AGGREGATOR|research-node|akshare@1.18.97|stock_margin_detail_szse,,,2026-09-26T09:37:36.856430+00:00,2026-09-16,CONSERVATIVE_T1,margin_szse,002471,False
2026-09-15,AGGREGATOR|research-node|akshare@1.18.97|stock_margin_detail_szse,,,2026-09-26T09:37:36.856430+00:00,2026-09-16,CONSERVATIVE_T1,margin_szse,002497,False
2026-09-15,AGGREGATOR|research-node|akshare@1.18.97|stock_margin_detail_szse,,,2026-09-26T09:37:36.856430+00:00,2026-09-16,CONSERVATIVE_T1,margin_szse,002574,False
2026-09-15,AGGREGATOR|research-node|akshare@1.18.97|stock_margin_detail_szse,,,2026-09-26T09:37:36.856430+00:00,2026-09-16,CONSERVATIVE_T1,margin_szse,002695,False
2026-09-15,AGGREGATOR|research-node|akshare@1.18.97|stock_margin_detail_szse,,,2026-09-26T09:37:36.856430+00:00,2026-09-16,CONSERVATIVE_T1,margin_szse,002736,False
2026-09-15,AGGREGATOR|research-node|akshare@1.18.97|stock_margin_detail_szse,,,2026-09-26T09:37:36.856430+00:00,2026-09-16,CONSERVATIVE_T1,margin_szse,300059,False
2026-09-15,AGGREGATOR|research-node|akshare@1.18.97|stock_margin_detail_szse,,,2026-09-26T09:37:36.856430+00:00,2026-09-16,CONSERVATIVE_T1,margin_szse,300094,False
2026-09-15,AGGREGATOR|research-node|akshare@1.18.97|stock_margin_detail_szse,,,2026-09-26T09:37:36.856430+00:00,2026-09-16,CONSERVATIVE_T1,margin_szse,300199,False
2026-09-15,AGGREGATOR|research-node|akshare@1.18.97|stock_margin_detail_szse,,,2026-09-26T09:37:36.856430+00:00,2026-09-16,CONSERVATIVE_T1,margin_szse,300342,False
2026-09-15,AGGREGATOR|research-node|akshare@1.18.97|stock_margin_detail_szse,,,2026-09-26T09:37:36.856430+00:00,2026-09-16,CONSERVATIVE_T1,margin_szse,300921,False
2026-09-15,AGGREGATOR|research-node|akshare@1.18.97|stock_margin_detail_szse,,,2026-09-26T09:37:36.856430+00:00,2026-09-16,CONSERVATIVE_T1,margin_szse,300946,False
2026-09-15,AGGREGATOR|research-node|akshare@1.18.97|stock_margin_detail_szse,,,2026-09-26T09:37:36.856430+00:00,2026-09-16,CONSERVATIVE_T1,margin_szse,300977,False
2026-09-15,AGGREGATOR|research-node|akshare@1.18.97|stock_margin_detail_szse,,,2026-09-26T09:37:36.856430+00:00,2026-09-16,CONSERVATIVE_T1,margin_szse,301010,False
2026-09-15,AGGREGATOR|research-node|akshare@1.18.97|stock_margin_detail_szse,,,2026-09-26T09:37:36.856430+00:00,2026-09-16,CONSERVATIVE_T1,margin_szse,301231,False
2026-09-15,AGGREGATOR|research-node|akshare@1.18.97|stock_margin_detail_szse,,,2026-09-26T09:37:36.856430+00:00,2026-09-16,CONSERVATIVE_T1,margin_szse,301297,False
2026-09-15,AGGREGATOR|research-node|akshare@1.18.97|stock_margin_detail_szse,,,2026-09-26T09:37:36.856430+00:00,2026-09-16,CONSERVATIVE_T1,margin_szse,301353,False
2026-09-15,AGGREGATOR|research-node|akshare@1.18.97|stock_margin_detail_szse,,,2026-09-26T09:37:36.856430+00:00,2026-09-16,CONSERVATIVE_T1,margin_szse,301357,False
2026-09-15,AGGREGATOR|research-node|akshare@1.18.97|stock_margin_detail_szse,,,2026-09-26T09:37:36.856430+00:00,2026-09-16,CONSERVATIVE_T1,margin_szse,301503,False
2026-09-16,AGGREGATOR|research-node|akshare@1.18.97|stock_margin_detail_szse,,,2026-09-26T09:37:39.245769+00:00,2026-09-17,CONSERVATIVE_T1,margin_szse,000089,False
2026-09-16,AGGREGATOR|research-node|akshare@1.18.97|stock_margin_detail_szse,,,2026-09-26T09:37:39.245769+00:00,2026-09-17,CONSERVATIVE_T1,margin_szse,000539,False
2026-09-16,AGGREGATOR|research-node|akshare@1.18.97|stock_margin_detail_szse,,,2026-09-26T09:37:39.245769+00:00,2026-09-17,CONSERVATIVE_T1,margin_szse,000557,False
2026-09-16,AGGREGATOR|research-node|akshare@1.18.97|stock_margin_detail_szse,,,2026-09-26T09:37:39.245769+00:00,2026-09-17,CONSERVATIVE_T1,margin_szse,000603,False
2026-09-16,AGGREGATOR|research-node|akshare@1.18.97|stock_margin_detail_szse,,,2026-09-26T09:37:39.245769+00:00,2026-09-17,CONSERVATIVE_T1,margin_szse,000628,False
2026-09-16,AGGREGATOR|research-node|akshare@1.18.97|stock_margin_detail_szse,,,2026-09-26T09:37:39.245769+00:00,2026-09-17,CONSERVATIVE_T1,margin_szse,000685,False
2026-09-16,AGGREGATOR|research-node|akshare@1.18.97|stock_margin_detail_szse,,,2026-09-26T09:37:39.245769+00:00,2026-09-17,CONSERVATIVE_T1,margin_szse,000709,False
2026-09-16,AGGREGATOR|research-node|akshare@1.18.97|stock_margin_detail_szse,,,2026-09-26T09:37:39.245769+00:00,2026-09-17,CONSERVATIVE_T1,margin_szse,000750,False
2026-09-16,AGGREGATOR|research-node|akshare@1.18.97|stock_margin_detail_szse,,,2026-09-26T09:37:39.245769+00:00,2026-09-17,CONSERVATIVE_T1,margin_szse,000783,False
2026-09-16,AGGREGATOR|research-node|akshare@1.18.97|stock_margin_detail_szse,,,2026-09-26T09:37:39.245769+00:00,2026-09-17,CONSERVATIVE_T1,margin_szse,000825,False
2026-09-16,AGGREGATOR|research-node|akshare@1.18.97|stock_margin_detail_szse,,,2026-09-26T09:37:39.245769+00:00,2026-09-17,CONSERVATIVE_T1,margin_szse,002160,False
2026-09-16,AGGREGATOR|research-node|akshare@1.18.97|stock_margin_detail_szse,,,2026-09-26T09:37:39.245769+00:00,2026-09-17,CONSERVATIVE_T1,margin_szse,002185,False
2026-09-16,AGGREGATOR|research-node|akshare@1.18.97|stock_margin_detail_szse,,,2026-09-26T09:37:39.245769+00:00,2026-09-17,CONSERVATIVE_T1,margin_szse,002354,False
2026-09-16,AGGREGATOR|research-node|akshare@1.18.97|stock_margin_detail_szse,,,2026-09-26T09:37:39.245769+00:00,2026-09-17,CONSERVATIVE_T1,margin_szse,002440,False
2026-09-16,AGGREGATOR|research-node|akshare@1.18.97|stock_margin_detail_szse,,,2026-09-26T09:37:39.245769+00:00,2026-09-17,CONSERVATIVE_T1,margin_szse,002471,False
2026-09-16,AGGREGATOR|research-node|akshare@1.18.97|stock_margin_detail_szse,,,2026-09-26T09:37:39.245769+00:00,2026-09-17,CONSERVATIVE_T1,margin_szse,002497,False
2026-09-16,AGGREGATOR|research-node|akshare@1.18.97|stock_margin_detail_szse,,,2026-09-26T09:37:39.245769+00:00,2026-09-17,CONSERVATIVE_T1,margin_szse,002574,False
2026-09-16,AGGREGATOR|research-node|akshare@1.18.97|stock_margin_detail_szse,,,2026-09-26T09:37:39.245769+00:00,2026-09-17,CONSERVATIVE_T1,margin_szse,002695,False
2026-09-16,AGGREGATOR|research-node|akshare@1.18.97|stock_margin_detail_szse,,,2026-09-26T09:37:39.245769+00:00,2026-09-17,CONSERVATIVE_T1,margin_szse,002736,False
2026-09-16,AGGREGATOR|research-node|akshare@1.18.97|stock_margin_detail_szse,,,2026-09-26T09:37:39.245769+00:00,2026-09-17,CONSERVATIVE_T1,margin_szse,300059,False
2026-09-16,AGGREGATOR|research-node|akshare@1.18.97|stock_margin_detail_szse,,,2026-09-26T09:37:39.245769+00:00,2026-09-17,CONSERVATIVE_T1,margin_szse,300094,False
2026-09-16,AGGREGATOR|research-node|akshare@1.18.97|stock_margin_detail_szse,,,2026-09-26T09:37:39.245769+00:00,2026-09-17,CONSERVATIVE_T1,margin_szse,300199,False
2026-09-16,AGGREGATOR|research-node|akshare@1.18.97|stock_margin_detail_szse,,,2026-09-26T09:37:39.245769+00:00,2026-09-17,CONSERVATIVE_T1,margin_szse,300342,False
2026-09-16,AGGREGATOR|research-node|akshare@1.18.97|stock_margin_detail_szse,,,2026-09-26T09:37:39.245769+00:00,2026-09-17,CONSERVATIVE_T1,margin_szse,300921,False
2026-09-16,AGGREGATOR|research-node|akshare@1.18.97|stock_margin_detail_szse,,,2026-09-26T09:37:39.245769+00:00,2026-09-17,CONSERVATIVE_T1,margin_szse,300946,False
2026-09-16,AGGREGATOR|research-node|akshare@1.18.97|stock_margin_detail_szse,,,2026-09-26T09:37:39.245769+00:00,2026-09-17,CONSERVATIVE_T1,margin_szse,300977,False
2026-09-16,AGGREGATOR|research-node|akshare@1.18.97|stock_margin_detail_szse,,,2026-09-26T09:37:39.245769+00:00,2026-09-17,CONSERVATIVE_T1,margin_szse,301010,False
2026-09-16,AGGREGATOR|research-node|akshare@1.18.97|stock_margin_detail_szse,,,2026-09-26T09:37:39.245769+00:00,2026-09-17,CONSERVATIVE_T1,margin_szse,301231,False
2026-09-16,AGGREGATOR|research-node|akshare@1.18.97|stock_margin_detail_szse,,,2026-09-26T09:37:39.245769+00:00,2026-09-17,CONSERVATIVE_T1,margin_szse,301297,False
2026-09-16,AGGREGATOR|research-node|akshare@1.18.97|stock_margin_detail_szse,,,2026-09-26T09:37:39.245769+00:00,2026-09-17,CONSERVATIVE_T1,margin_szse,301353,False
2026-09-16,AGGREGATOR|research-node|akshare@1.18.97|stock_margin_detail_szse,,,2026-09-26T09:37:39.245769+00:00,2026-09-17,CONSERVATIVE_T1,margin_szse,301357,False
2026-09-16,AGGREGATOR|research-node|akshare@1.18.97|stock_margin_detail_szse,,,2026-09-26T09:37:39.245769+00:00,2026-09-17,CONSERVATIVE_T1,margin_szse,301503,False
2026-09-17,AGGREGATOR|research-node|akshare@1.18.97|stock_margin_detail_szse,,,2026-09-26T09:37:41.605630+00:00,2026-09-18,CONSERVATIVE_T1,margin_szse,000089,False
2026-09-17,AGGREGATOR|research-node|akshare@1.18.97|stock_margin_detail_szse,,,2026-09-26T09:37:41.605630+00:00,2026-09-18,CONSERVATIVE_T1,margin_szse,000539,False
2026-09-17,AGGREGATOR|research-node|akshare@1.18.97|stock_margin_detail_szse,,,2026-09-26T09:37:41.605630+00:00,2026-09-18,CONSERVATIVE_T1,margin_szse,000557,False
2026-09-17,AGGREGATOR|research-node|akshare@1.18.97|stock_margin_detail_szse,,,2026-09-26T09:37:41.605630+00:00,2026-09-18,CONSERVATIVE_T1,margin_szse,000603,False
2026-09-17,AGGREGATOR|research-node|akshare@1.18.97|stock_margin_detail_szse,,,2026-09-26T09:37:41.605630+00:00,2026-09-18,CONSERVATIVE_T1,margin_szse,000628,False
2026-09-17,AGGREGATOR|research-node|akshare@1.18.97|stock_margin_detail_szse,,,2026-09-26T09:37:41.605630+00:00,2026-09-18,CONSERVATIVE_T1,margin_szse,000685,False
2026-09-17,AGGREGATOR|research-node|akshare@1.18.97|stock_margin_detail_szse,,,2026-09-26T09:37:41.605630+00:00,2026-09-18,CONSERVATIVE_T1,margin_szse,000709,False
2026-09-17,AGGREGATOR|research-node|akshare@1.18.97|stock_margin_detail_szse,,,2026-09-26T09:37:41.605630+00:00,2026-09-18,CONSERVATIVE_T1,margin_szse,000750,False
2026-09-17,AGGREGATOR|research-node|akshare@1.18.97|stock_margin_detail_szse,,,2026-09-26T09:37:41.605630+00:00,2026-09-18,CONSERVATIVE_T1,margin_szse,000783,False
2026-09-17,AGGREGATOR|research-node|akshare@1.18.97|stock_margin_detail_szse,,,2026-09-26T09:37:41.605630+00:00,2026-09-18,CONSERVATIVE_T1,margin_szse,000825,False
2026-09-17,AGGREGATOR|research-node|akshare@1.18.97|stock_margin_detail_szse,,,2026-09-26T09:37:41.605630+00:00,2026-09-18,CONSERVATIVE_T1,margin_szse,002160,False
2026-09-17,AGGREGATOR|research-node|akshare@1.18.97|stock_margin_detail_szse,,,2026-09-26T09:37:41.605630+00:00,2026-09-18,CONSERVATIVE_T1,margin_szse,002185,False
2026-09-17,AGGREGATOR|research-node|akshare@1.18.97|stock_margin_detail_szse,,,2026-09-26T09:37:41.605630+00:00,2026-09-18,CONSERVATIVE_T1,margin_szse,002354,False
2026-09-17,AGGREGATOR|research-node|akshare@1.18.97|stock_margin_detail_szse,,,2026-09-26T09:37:41.605630+00:00,2026-09-18,CONSERVATIVE_T1,margin_szse,002440,False
2026-09-17,AGGREGATOR|research-node|akshare@1.18.97|stock_margin_detail_szse,,,2026-09-26T09:37:41.605630+00:00,2026-09-18,CONSERVATIVE_T1,margin_szse,002471,False
2026-09-17,AGGREGATOR|research-node|akshare@1.18.97|stock_margin_detail_szse,,,2026-09-26T09:37:41.605630+00:00,2026-09-18,CONSERVATIVE_T1,margin_szse,002497,False
2026-09-17,AGGREGATOR|research-node|akshare@1.18.97|stock_margin_detail_szse,,,2026-09-26T09:37:41.605630+00:00,2026-09-18,CONSERVATIVE_T1,margin_szse,002574,False
2026-09-17,AGGREGATOR|research-node|akshare@1.18.97|stock_margin_detail_szse,,,2026-09-26T09:37:41.605630+00:00,2026-09-18,CONSERVATIVE_T1,margin_szse,002695,False
2026-09-17,AGGREGATOR|research-node|akshare@1.18.97|stock_margin_detail_szse,,,2026-09-26T09:37:41.605630+00:00,2026-09-18,CONSERVATIVE_T1,margin_szse,002736,False
2026-09-17,AGGREGATOR|research-node|akshare@1.18.97|stock_margin_detail_szse,,,2026-09-26T09:37:41.605630+00:00,2026-09-18,CONSERVATIVE_T1,margin_szse,300059,False
2026-09-17,AGGREGATOR|research-node|akshare@1.18.97|stock_margin_detail_szse,,,2026-09-26T09:37:41.605630+00:00,2026-09-18,CONSERVATIVE_T1,margin_szse,300094,False
2026-09-17,AGGREGATOR|research-node|akshare@1.18.97|stock_margin_detail_szse,,,2026-09-26T09:37:41.605630+00:00,2026-09-18,CONSERVATIVE_T1,margin_szse,300199,False
2026-09-17,AGGREGATOR|research-node|akshare@1.18.97|stock_margin_detail_szse,,,2026-09-26T09:37:41.605630+00:00,2026-09-18,CONSERVATIVE_T1,margin_szse,300342,False
2026-09-17,AGGREGATOR|research-node|akshare@1.18.97|stock_margin_detail_szse,,,2026-09-26T09:37:41.605630+00:00,2026-09-18,CONSERVATIVE_T1,margin_szse,300921,False
2026-09-17,AGGREGATOR|research-node|akshare@1.18.97|stock_margin_detail_szse,,,2026-09-26T09:37:41.605630+00:00,2026-09-18,CONSERVATIVE_T1,margin_szse,300946,False
2026-09-17,AGGREGATOR|research-node|akshare@1.18.97|stock_margin_detail_szse,,,2026-09-26T09:37:41.605630+00:00,2026-09-18,CONSERVATIVE_T1,margin_szse,300977,False
2026-09-17,AGGREGATOR|research-node|akshare@1.18.97|stock_margin_detail_szse,,,2026-09-26T09:37:41.605630+00:00,2026-09-18,CONSERVATIVE_T1,margin_szse,301010,False
2026-09-17,AGGREGATOR|research-node|akshare@1.18.97|stock_margin_detail_szse,,,2026-09-26T09:37:41.605630+00:00,2026-09-18,CONSERVATIVE_T1,margin_szse,301231,False
2026-09-17,AGGREGATOR|research-node|akshare@1.18.97|stock_margin_detail_szse,,,2026-09-26T09:37:41.605630+00:00,2026-09-18,CONSERVATIVE_T1,margin_szse,301297,False
2026-09-17,AGGREGATOR|research-node|akshare@1.18.97|stock_margin_detail_szse,,,2026-09-26T09:37:41.605630+00:00,2026-09-18,CONSERVATIVE_T1,margin_szse,301353,False
2026-09-17,AGGREGATOR|research-node|akshare@1.18.97|stock_margin_detail_szse,,,2026-09-26T09:37:41.605630+00:00,2026-09-18,CONSERVATIVE_T1,margin_szse,301357,False
2026-09-17,AGGREGATOR|research-node|akshare@1.18.97|stock_margin_detail_szse,,,2026-09-26T09:37:41.605630+00:00,2026-09-18,CONSERVATIVE_T1,margin_szse,301503,False
2026-07-21,AGGREGATOR|research-node|akshare@1.18.97|stock_lhb_detail_em,2026-07-21,,2026-09-26T09:38:27.673750+00:00,2026-07-22,CONSERVATIVE_T1,lhb,000078,True
2026-07-21,AGGREGATOR|research-node|akshare@1.18.97|stock_lhb_detail_em,2026-07-21,,2026-09-26T09:38:27.673750+00:00,2026-07-22,CONSERVATIVE_T1,lhb,000078,True
2026-07-14,AGGREGATOR|research-node|akshare@1.18.97|stock_lhb_detail_em,2026-07-14,,2026-09-26T09:38:27.673750+00:00,2026-07-15,CONSERVATIVE_T1,lhb,000078,True
2026-07-13,AGGREGATOR|research-node|akshare@1.18.97|stock_lhb_detail_em,2026-07-13,,2026-09-26T09:38:27.673750+00:00,2026-07-14,CONSERVATIVE_T1,lhb,000078,True
2026-07-10,AGGREGATOR|research-node|akshare@1.18.97|stock_lhb_detail_em,2026-07-10,,2026-09-26T09:38:27.673750+00:00,2026-07-13,CONSERVATIVE_T1,lhb,000078,True
2026-07-09,AGGREGATOR|research-node|akshare@1.18.97|stock_lhb_detail_em,2026-07-09,,2026-09-26T09:38:27.673750+00:00,2026-07-10,CONSERVATIVE_T1,lhb,000078,True
2026-07-07,AGGREGATOR|research-node|akshare@1.18.97|stock_lhb_detail_em,2026-07-07,,2026-09-26T09:38:27.673750+00:00,2026-07-08,CONSERVATIVE_T1,lhb,000078,True
2026-07-02,AGGREGATOR|research-node|akshare@1.18.97|stock_lhb_detail_em,2026-07-02,,2026-09-26T09:38:27.673750+00:00,2026-07-03,CONSERVATIVE_T1,lhb,000078,True
2026-07-24,AGGREGATOR|research-node|akshare@1.18.97|stock_lhb_detail_em,2026-07-24,,2026-09-26T09:38:27.673750+00:00,2026-07-27,CONSERVATIVE_T1,lhb,000539,False
2026-07-22,AGGREGATOR|research-node|akshare@1.18.97|stock_lhb_detail_em,2026-07-22,,2026-09-26T09:38:27.673750+00:00,2026-07-23,CONSERVATIVE_T1,lhb,000539,False
2026-07-20,AGGREGATOR|research-node|akshare@1.18.97|stock_lhb_detail_em,2026-07-20,,2026-09-26T09:38:27.673750+00:00,2026-07-21,CONSERVATIVE_T1,lhb,000539,False
2026-07-23,AGGREGATOR|research-node|akshare@1.18.97|stock_lhb_detail_em,2026-07-23,,2026-09-26T09:38:27.673750+00:00,2026-07-24,CONSERVATIVE_T1,lhb,000603,False
2026-07-23,AGGREGATOR|research-node|akshare@1.18.97|stock_lhb_detail_em,2026-07-23,,2026-09-26T09:38:27.673750+00:00,2026-07-24,CONSERVATIVE_T1,lhb,000603,False
2026-07-22,AGGREGATOR|research-node|akshare@1.18.97|stock_lhb_detail_em,2026-07-22,,2026-09-26T09:38:27.673750+00:00,2026-07-23,CONSERVATIVE_T1,lhb,000603,False
2026-07-09,AGGREGATOR|research-node|akshare@1.18.97|stock_lhb_detail_em,2026-07-09,,2026-09-26T09:38:27.673750+00:00,2026-07-10,CONSERVATIVE_T1,lhb,000628,False
2026-07-30,AGGREGATOR|research-node|akshare@1.18.97|stock_lhb_detail_em,2026-07-30,,2026-09-26T09:38:27.673750+00:00,2026-07-31,CONSERVATIVE_T1,lhb,002185,False
2026-07-20,AGGREGATOR|research-node|akshare@1.18.97|stock_lhb_detail_em,2026-07-20,,2026-09-26T09:38:27.673750+00:00,2026-07-21,CONSERVATIVE_T1,lhb,002185,False
2026-07-16,AGGREGATOR|research-node|akshare@1.18.97|stock_lhb_detail_em,2026-07-16,,2026-09-26T09:38:27.673750+00:00,2026-07-17,CONSERVATIVE_T1,lhb,002185,False
2026-07-15,AGGREGATOR|research-node|akshare@1.18.97|stock_lhb_detail_em,2026-07-15,,2026-09-26T09:38:27.673750+00:00,2026-07-16,CONSERVATIVE_T1,lhb,002185,False
2026-07-14,AGGREGATOR|research-node|akshare@1.18.97|stock_lhb_detail_em,2026-07-14,,2026-09-26T09:38:27.673750+00:00,2026-07-15,CONSERVATIVE_T1,lhb,002185,False
2026-07-13,AGGREGATOR|research-node|akshare@1.18.97|stock_lhb_detail_em,2026-07-13,,2026-09-26T09:38:27.673750+00:00,2026-07-14,CONSERVATIVE_T1,lhb,002185,False
2026-07-09,AGGREGATOR|research-node|akshare@1.18.97|stock_lhb_detail_em,2026-07-09,,2026-09-26T09:38:27.673750+00:00,2026-07-10,CONSERVATIVE_T1,lhb,002185,False
2026-07-09,AGGREGATOR|research-node|akshare@1.18.97|stock_lhb_detail_em,2026-07-09,,2026-09-26T09:38:27.673750+00:00,2026-07-10,CONSERVATIVE_T1,lhb,002185,False
2026-07-07,AGGREGATOR|research-node|akshare@1.18.97|stock_lhb_detail_em,2026-07-07,,2026-09-26T09:38:27.673750+00:00,2026-07-08,CONSERVATIVE_T1,lhb,002185,False
2026-07-16,AGGREGATOR|research-node|akshare@1.18.97|stock_lhb_detail_em,2026-07-16,,2026-09-26T09:38:27.673750+00:00,2026-07-17,CONSERVATIVE_T1,lhb,002354,False
2026-07-13,AGGREGATOR|research-node|akshare@1.18.97|stock_lhb_detail_em,2026-07-13,,2026-09-26T09:38:27.673750+00:00,2026-07-14,CONSERVATIVE_T1,lhb,002354,False
2026-07-10,AGGREGATOR|research-node|akshare@1.18.97|stock_lhb_detail_em,2026-07-10,,2026-09-26T09:38:27.673750+00:00,2026-07-13,CONSERVATIVE_T1,lhb,002354,False
2026-07-07,AGGREGATOR|research-node|akshare@1.18.97|stock_lhb_detail_em,2026-07-07,,2026-09-26T09:38:27.673750+00:00,2026-07-08,CONSERVATIVE_T1,lhb,002354,False
2026-07-06,AGGREGATOR|research-node|akshare@1.18.97|stock_lhb_detail_em,2026-07-06,,2026-09-26T09:38:27.673750+00:00,2026-07-07,CONSERVATIVE_T1,lhb,002354,False
2026-07-06,AGGREGATOR|research-node|akshare@1.18.97|stock_lhb_detail_em,2026-07-06,,2026-09-26T09:38:27.673750+00:00,2026-07-07,CONSERVATIVE_T1,lhb,002354,False
2026-07-03,AGGREGATOR|research-node|akshare@1.18.97|stock_lhb_detail_em,2026-07-03,,2026-09-26T09:38:27.673750+00:00,2026-07-06,CONSERVATIVE_T1,lhb,002354,False
2026-07-01,AGGREGATOR|research-node|akshare@1.18.97|stock_lhb_detail_em,2026-07-01,,2026-09-26T09:38:27.673750+00:00,2026-07-02,CONSERVATIVE_T1,lhb,002354,False
2026-07-24,AGGREGATOR|research-node|akshare@1.18.97|stock_lhb_detail_em,2026-07-24,,2026-09-26T09:38:27.673750+00:00,2026-07-27,CONSERVATIVE_T1,lhb,002440,False
2026-07-20,AGGREGATOR|research-node|akshare@1.18.97|stock_lhb_detail_em,2026-07-20,,2026-09-26T09:38:27.673750+00:00,2026-07-21,CONSERVATIVE_T1,lhb,002440,False
2026-07-10,AGGREGATOR|research-node|akshare@1.18.97|stock_lhb_detail_em,2026-07-10,,2026-09-26T09:38:27.673750+00:00,2026-07-13,CONSERVATIVE_T1,lhb,002497,False
2026-07-08,AGGREGATOR|research-node|akshare@1.18.97|stock_lhb_detail_em,2026-07-08,,2026-09-26T09:38:27.673750+00:00,2026-07-09,CONSERVATIVE_T1,lhb,002497,False
2026-07-21,AGGREGATOR|research-node|akshare@1.18.97|stock_lhb_detail_em,2026-07-21,,2026-09-26T09:38:27.673750+00:00,2026-07-22,CONSERVATIVE_T1,lhb,002695,False
2026-07-13,AGGREGATOR|research-node|akshare@1.18.97|stock_lhb_detail_em,2026-07-13,,2026-09-26T09:38:27.673750+00:00,2026-07-14,CONSERVATIVE_T1,lhb,300147,False
2026-07-14,AGGREGATOR|research-node|akshare@1.18.97|stock_lhb_detail_em,2026-07-14,,2026-09-26T09:38:27.673750+00:00,2026-07-15,CONSERVATIVE_T1,lhb,300209,True
2026-07-20,AGGREGATOR|research-node|akshare@1.18.97|stock_lhb_detail_em,2026-07-20,,2026-09-26T09:38:27.673750+00:00,2026-07-21,CONSERVATIVE_T1,lhb,300368,False
2026-07-20,AGGREGATOR|research-node|akshare@1.18.97|stock_lhb_detail_em,2026-07-20,,2026-09-26T09:38:27.673750+00:00,2026-07-21,CONSERVATIVE_T1,lhb,300368,False
2026-07-30,AGGREGATOR|research-node|akshare@1.18.97|stock_lhb_detail_em,2026-07-30,,2026-09-26T09:38:27.673750+00:00,2026-07-31,CONSERVATIVE_T1,lhb,300489,False
2026-07-24,AGGREGATOR|research-node|akshare@1.18.97|stock_lhb_detail_em,2026-07-24,,2026-09-26T09:38:27.673750+00:00,2026-07-27,CONSERVATIVE_T1,lhb,301357,True
2026-07-23,AGGREGATOR|research-node|akshare@1.18.97|stock_lhb_detail_em,2026-07-23,,2026-09-26T09:38:27.673750+00:00,2026-07-24,CONSERVATIVE_T1,lhb,301357,True
2026-07-01,AGGREGATOR|research-node|akshare@1.18.97|stock_lhb_detail_em,2026-07-01,,2026-09-26T09:38:27.673750+00:00,2026-07-02,CONSERVATIVE_T1,lhb,600113,False
2026-07-13,AGGREGATOR|research-node|akshare@1.18.97|stock_lhb_detail_em,2026-07-13,,2026-09-26T09:38:27.673750+00:00,2026-07-14,CONSERVATIVE_T1,lhb,600629,True
2026-07-13,AGGREGATOR|research-node|akshare@1.18.97|stock_lhb_detail_em,2026-07-13,,2026-09-26T09:38:27.673750+00:00,2026-07-14,CONSERVATIVE_T1,lhb,600629,True
2026-07-30,AGGREGATOR|research-node|akshare@1.18.97|stock_lhb_detail_em,2026-07-30,,2026-09-26T09:38:27.673750+00:00,2026-07-31,CONSERVATIVE_T1,lhb,601869,False
2026-07-08,AGGREGATOR|research-node|akshare@1.18.97|stock_lhb_detail_em,2026-07-08,,2026-09-26T09:38:27.673750+00:00,2026-07-09,CONSERVATIVE_T1,lhb,603618,False
2026-07-06,AGGREGATOR|research-node|akshare@1.18.97|stock_lhb_detail_em,2026-07-06,,2026-09-26T09:38:27.673750+00:00,2026-07-07,CONSERVATIVE_T1,lhb,603618,False
2026-07-08,AGGREGATOR|research-node|akshare@1.18.97|stock_lhb_detail_em,2026-07-08,,2026-09-26T09:38:27.673750+00:00,2026-07-09,CONSERVATIVE_T1,lhb,603667,True
2026-07-31,AGGREGATOR|research-node|akshare@1.18.97|stock_lhb_detail_em,2026-07-31,,2026-09-26T09:38:27.673750+00:00,2026-08-03,CONSERVATIVE_T1,lhb,603823,False
2026-07-29,AGGREGATOR|research-node|akshare@1.18.97|stock_lhb_detail_em,2026-07-29,,2026-09-26T09:38:27.673750+00:00,2026-07-30,CONSERVATIVE_T1,lhb,603823,False
2026-07-29,AGGREGATOR|research-node|akshare@1.18.97|stock_lhb_detail_em,2026-07-29,,2026-09-26T09:38:27.673750+00:00,2026-07-30,CONSERVATIVE_T1,lhb,603823,False
2026-07-27,AGGREGATOR|research-node|akshare@1.18.97|stock_lhb_detail_em,2026-07-27,,2026-09-26T09:38:27.673750+00:00,2026-07-28,CONSERVATIVE_T1,lhb,603823,False
2026-07-23,AGGREGATOR|research-node|akshare@1.18.97|stock_lhb_detail_em,2026-07-23,,2026-09-26T09:38:27.673750+00:00,2026-07-24,CONSERVATIVE_T1,lhb,603823,False
2026-07-20,AGGREGATOR|research-node|akshare@1.18.97|stock_lhb_detail_em,2026-07-20,,2026-09-26T09:38:27.673750+00:00,2026-07-21,CONSERVATIVE_T1,lhb,603823,False
2026-07-07,AGGREGATOR|research-node|akshare@1.18.97|stock_lhb_detail_em,2026-07-07,,2026-09-26T09:38:27.673750+00:00,2026-07-08,CONSERVATIVE_T1,lhb,603823,False
2026-07-07,AGGREGATOR|research-node|akshare@1.18.97|stock_lhb_detail_em,2026-07-07,,2026-09-26T09:38:27.673750+00:00,2026-07-08,CONSERVATIVE_T1,lhb,603823,False
2026-07-02,AGGREGATOR|research-node|akshare@1.18.97|stock_lhb_detail_em,2026-07-02,,2026-09-26T09:38:27.673750+00:00,2026-07-03,CONSERVATIVE_T1,lhb,603823,False
2026-07-17,AGGREGATOR|research-node|akshare@1.18.97|stock_lhb_detail_em,2026-07-17,,2026-09-26T09:38:27.673750+00:00,2026-07-20,CONSERVATIVE_T1,lhb,688218,False
2026-07-30,AGGREGATOR|research-node|akshare@1.18.97|stock_lhb_detail_em,2026-07-30,,2026-09-26T09:38:27.673750+00:00,2026-07-31,CONSERVATIVE_T1,lhb,688498,False
2026-07-28,AGGREGATOR|research-node|akshare@1.18.97|stock_lhb_detail_em,2026-07-28,,2026-09-26T09:38:27.673750+00:00,2026-07-29,CONSERVATIVE_T1,lhb,688498,False
2026-08-31,AGGREGATOR|research-node|akshare@1.18.97|stock_lhb_detail_em,2026-08-31,,2026-09-26T09:39:25.290885+00:00,2026-09-01,CONSERVATIVE_T1,lhb,000078,True
2026-08-25,AGGREGATOR|research-node|akshare@1.18.97|stock_lhb_detail_em,2026-08-25,,2026-09-26T09:39:25.290885+00:00,2026-08-26,CONSERVATIVE_T1,lhb,000603,False
2026-08-24,AGGREGATOR|research-node|akshare@1.18.97|stock_lhb_detail_em,2026-08-24,,2026-09-26T09:39:25.290885+00:00,2026-08-25,CONSERVATIVE_T1,lhb,000603,False
2026-08-21,AGGREGATOR|research-node|akshare@1.18.97|stock_lhb_detail_em,2026-08-21,,2026-09-26T09:39:25.290885+00:00,2026-08-24,CONSERVATIVE_T1,lhb,000603,False
2026-08-07,AGGREGATOR|research-node|akshare@1.18.97|stock_lhb_detail_em,2026-08-07,,2026-09-26T09:39:25.290885+00:00,2026-08-10,CONSERVATIVE_T1,lhb,000603,False
2026-08-07,AGGREGATOR|research-node|akshare@1.18.97|stock_lhb_detail_em,2026-08-07,,2026-09-26T09:39:25.290885+00:00,2026-08-10,CONSERVATIVE_T1,lhb,000603,False
2026-08-24,AGGREGATOR|research-node|akshare@1.18.97|stock_lhb_detail_em,2026-08-24,,2026-09-26T09:39:25.290885+00:00,2026-08-25,CONSERVATIVE_T1,lhb,000628,False
2026-08-31,AGGREGATOR|research-node|akshare@1.18.97|stock_lhb_detail_em,2026-08-31,,2026-09-26T09:39:25.290885+00:00,2026-09-01,CONSERVATIVE_T1,lhb,002354,False
2026-08-13,AGGREGATOR|research-node|akshare@1.18.97|stock_lhb_detail_em,2026-08-13,,2026-09-26T09:39:25.290885+00:00,2026-08-14,CONSERVATIVE_T1,lhb,002354,False
2026-08-12,AGGREGATOR|research-node|akshare@1.18.97|stock_lhb_detail_em,2026-08-12,,2026-09-26T09:39:25.290885+00:00,2026-08-13,CONSERVATIVE_T1,lhb,002354,False
2026-08-10,AGGREGATOR|research-node|akshare@1.18.97|stock_lhb_detail_em,2026-08-10,,2026-09-26T09:39:25.290885+00:00,2026-08-11,CONSERVATIVE_T1,lhb,002354,False
2026-08-06,AGGREGATOR|research-node|akshare@1.18.97|stock_lhb_detail_em,2026-08-06,,2026-09-26T09:39:25.290885+00:00,2026-08-07,CONSERVATIVE_T1,lhb,002354,False
2026-08-05,AGGREGATOR|research-node|akshare@1.18.97|stock_lhb_detail_em,2026-08-05,,2026-09-26T09:39:25.290885+00:00,2026-08-06,CONSERVATIVE_T1,lhb,002354,False
2026-08-04,AGGREGATOR|research-node|akshare@1.18.97|stock_lhb_detail_em,2026-08-04,,2026-09-26T09:39:25.290885+00:00,2026-08-05,CONSERVATIVE_T1,lhb,002354,False
2026-08-04,AGGREGATOR|research-node|akshare@1.18.97|stock_lhb_detail_em,2026-08-04,,2026-09-26T09:39:25.290885+00:00,2026-08-05,CONSERVATIVE_T1,lhb,002354,False
2026-08-04,AGGREGATOR|research-node|akshare@1.18.97|stock_lhb_detail_em,2026-08-04,,2026-09-26T09:39:25.290885+00:00,2026-08-05,CONSERVATIVE_T1,lhb,002354,False
2026-08-03,AGGREGATOR|research-node|akshare@1.18.97|stock_lhb_detail_em,2026-08-03,,2026-09-26T09:39:25.290885+00:00,2026-08-04,CONSERVATIVE_T1,lhb,002354,False
2026-08-04,AGGREGATOR|research-node|akshare@1.18.97|stock_lhb_detail_em,2026-08-04,,2026-09-26T09:39:25.290885+00:00,2026-08-05,CONSERVATIVE_T1,lhb,300209,True
2026-08-27,AGGREGATOR|research-node|akshare@1.18.97|stock_lhb_detail_em,2026-08-27,,2026-09-26T09:39:25.290885+00:00,2026-08-28,CONSERVATIVE_T1,lhb,300368,False
2026-08-06,AGGREGATOR|research-node|akshare@1.18.97|stock_lhb_detail_em,2026-08-06,,2026-09-26T09:39:25.290885+00:00,2026-08-07,CONSERVATIVE_T1,lhb,300489,False
2026-08-04,AGGREGATOR|research-node|akshare@1.18.97|stock_lhb_detail_em,2026-08-04,,2026-09-26T09:39:25.290885+00:00,2026-08-05,CONSERVATIVE_T1,lhb,300489,False
2026-08-10,AGGREGATOR|research-node|akshare@1.18.97|stock_lhb_detail_em,2026-08-10,,2026-09-26T09:39:25.290885+00:00,2026-08-11,CONSERVATIVE_T1,lhb,301357,True
2026-08-05,AGGREGATOR|research-node|akshare@1.18.97|stock_lhb_detail_em,2026-08-05,,2026-09-26T09:39:25.290885+00:00,2026-08-06,CONSERVATIVE_T1,lhb,600629,False
2026-08-25,AGGREGATOR|research-node|akshare@1.18.97|stock_lhb_detail_em,2026-08-25,,2026-09-26T09:39:25.290885+00:00,2026-08-26,CONSERVATIVE_T1,lhb,601869,False
2026-08-06,AGGREGATOR|research-node|akshare@1.18.97|stock_lhb_detail_em,2026-08-06,,2026-09-26T09:39:25.290885+00:00,2026-08-07,CONSERVATIVE_T1,lhb,601869,False
2026-08-05,AGGREGATOR|research-node|akshare@1.18.97|stock_lhb_detail_em,2026-08-05,,2026-09-26T09:39:25.290885+00:00,2026-08-06,CONSERVATIVE_T1,lhb,601869,False
2026-08-25,AGGREGATOR|research-node|akshare@1.18.97|stock_lhb_detail_em,2026-08-25,,2026-09-26T09:39:25.290885+00:00,2026-08-26,CONSERVATIVE_T1,lhb,603226,False
2026-08-17,AGGREGATOR|research-node|akshare@1.18.97|stock_lhb_detail_em,2026-08-17,,2026-09-26T09:39:25.290885+00:00,2026-08-18,CONSERVATIVE_T1,lhb,603226,False
2026-08-24,AGGREGATOR|research-node|akshare@1.18.97|stock_lhb_detail_em,2026-08-24,,2026-09-26T09:39:25.290885+00:00,2026-08-25,CONSERVATIVE_T1,lhb,603333,False
2026-08-21,AGGREGATOR|research-node|akshare@1.18.97|stock_lhb_detail_em,2026-08-21,,2026-09-26T09:39:25.290885+00:00,2026-08-24,CONSERVATIVE_T1,lhb,603333,False
2026-08-27,AGGREGATOR|research-node|akshare@1.18.97|stock_lhb_detail_em,2026-08-27,,2026-09-26T09:39:25.290885+00:00,2026-08-28,CONSERVATIVE_T1,lhb,603618,False
2026-08-14,AGGREGATOR|research-node|akshare@1.18.97|stock_lhb_detail_em,2026-08-14,,2026-09-26T09:39:25.290885+00:00,2026-08-17,CONSERVATIVE_T1,lhb,603618,False
2026-08-05,AGGREGATOR|research-node|akshare@1.18.97|stock_lhb_detail_em,2026-08-05,,2026-09-26T09:39:25.290885+00:00,2026-08-06,CONSERVATIVE_T1,lhb,603618,False
2026-08-25,AGGREGATOR|research-node|akshare@1.18.97|stock_lhb_detail_em,2026-08-25,,2026-09-26T09:39:25.290885+00:00,2026-08-26,CONSERVATIVE_T1,lhb,603823,False
2026-08-24,AGGREGATOR|research-node|akshare@1.18.97|stock_lhb_detail_em,2026-08-24,,2026-09-26T09:39:25.290885+00:00,2026-08-25,CONSERVATIVE_T1,lhb,603823,False
2026-08-21,AGGREGATOR|research-node|akshare@1.18.97|stock_lhb_detail_em,2026-08-21,,2026-09-26T09:39:25.290885+00:00,2026-08-24,CONSERVATIVE_T1,lhb,603823,False
2026-08-21,AGGREGATOR|research-node|akshare@1.18.97|stock_lhb_detail_em,2026-08-21,,2026-09-26T09:39:25.290885+00:00,2026-08-24,CONSERVATIVE_T1,lhb,603823,False
2026-08-05,AGGREGATOR|research-node|akshare@1.18.97|stock_lhb_detail_em,2026-08-05,,2026-09-26T09:39:25.290885+00:00,2026-08-06,CONSERVATIVE_T1,lhb,603823,False
2026-08-03,AGGREGATOR|research-node|akshare@1.18.97|stock_lhb_detail_em,2026-08-03,,2026-09-26T09:39:25.290885+00:00,2026-08-04,CONSERVATIVE_T1,lhb,603823,False
2026-08-19,AGGREGATOR|research-node|akshare@1.18.97|stock_lhb_detail_em,2026-08-19,,2026-09-26T09:39:25.290885+00:00,2026-08-20,CONSERVATIVE_T1,lhb,688218,False
2026-09-02,AGGREGATOR|research-node|akshare@1.18.97|stock_lhb_detail_em,2026-09-02,,2026-09-26T09:39:33.991704+00:00,2026-09-03,CONSERVATIVE_T1,lhb,000628,False
2026-09-07,AGGREGATOR|research-node|akshare@1.18.97|stock_lhb_detail_em,2026-09-07,,2026-09-26T09:39:33.991704+00:00,2026-09-08,CONSERVATIVE_T1,lhb,002354,False
2026-09-04,AGGREGATOR|research-node|akshare@1.18.97|stock_lhb_detail_em,2026-09-04,,2026-09-26T09:39:33.991704+00:00,2026-09-07,CONSERVATIVE_T1,lhb,002354,False
2026-09-01,AGGREGATOR|research-node|akshare@1.18.97|stock_lhb_detail_em,2026-09-01,,2026-09-26T09:39:33.991704+00:00,2026-09-02,CONSERVATIVE_T1,lhb,002354,False
2026-09-14,AGGREGATOR|research-node|akshare@1.18.97|stock_lhb_detail_em,2026-09-14,,2026-09-26T09:39:33.991704+00:00,2026-09-15,CONSERVATIVE_T1,lhb,603618,False
2026-09-09,AGGREGATOR|research-node|akshare@1.18.97|stock_lhb_detail_em,2026-09-09,,2026-09-26T09:39:33.991704+00:00,2026-09-10,CONSERVATIVE_T1,lhb,603823,False
2026-09-08,AGGREGATOR|research-node|akshare@1.18.97|stock_lhb_detail_em,2026-09-08,,2026-09-26T09:39:33.991704+00:00,2026-09-09,CONSERVATIVE_T1,lhb,603823,False
2026-09-07,AGGREGATOR|research-node|akshare@1.18.97|stock_lhb_detail_em,2026-09-07,,2026-09-26T09:39:33.991704+00:00,2026-09-08,CONSERVATIVE_T1,lhb,688498,False
2026-07-14,AGGREGATOR|research-node|akshare@1.18.97|stock_dzjy_mrmx,2026-07-14,,2026-09-26T09:39:37.952145+00:00,2026-07-15,CONSERVATIVE_T1,dzjy,002391,False
2026-07-09,AGGREGATOR|research-node|akshare@1.18.97|stock_dzjy_mrmx,2026-07-09,,2026-09-26T09:39:37.952145+00:00,2026-07-10,CONSERVATIVE_T1,dzjy,300059,False
2026-07-23,AGGREGATOR|research-node|akshare@1.18.97|stock_dzjy_mrmx,2026-07-23,,2026-09-26T09:39:37.952145+00:00,2026-07-24,CONSERVATIVE_T1,dzjy,301297,False
2026-07-03,AGGREGATOR|research-node|akshare@1.18.97|stock_dzjy_mrmx,2026-07-03,,2026-09-26T09:39:37.952145+00:00,2026-07-06,CONSERVATIVE_T1,dzjy,600196,True
2026-07-21,AGGREGATOR|research-node|akshare@1.18.97|stock_dzjy_mrmx,2026-07-21,,2026-09-26T09:39:37.952145+00:00,2026-07-22,CONSERVATIVE_T1,dzjy,600459,False
2026-07-23,AGGREGATOR|research-node|akshare@1.18.97|stock_dzjy_mrmx,2026-07-23,,2026-09-26T09:39:37.952145+00:00,2026-07-24,CONSERVATIVE_T1,dzjy,600459,False
2026-07-07,AGGREGATOR|research-node|akshare@1.18.97|stock_dzjy_mrmx,2026-07-07,,2026-09-26T09:39:37.952145+00:00,2026-07-08,CONSERVATIVE_T1,dzjy,600598,False
2026-07-30,AGGREGATOR|research-node|akshare@1.18.97|stock_dzjy_mrmx,2026-07-30,,2026-09-26T09:39:37.952145+00:00,2026-07-31,CONSERVATIVE_T1,dzjy,600928,False
2026-07-02,AGGREGATOR|research-node|akshare@1.18.97|stock_dzjy_mrmx,2026-07-02,,2026-09-26T09:39:37.952145+00:00,2026-07-03,CONSERVATIVE_T1,dzjy,601328,False
2026-07-07,AGGREGATOR|research-node|akshare@1.18.97|stock_dzjy_mrmx,2026-07-07,,2026-09-26T09:39:37.952145+00:00,2026-07-08,CONSERVATIVE_T1,dzjy,601328,False
2026-07-28,AGGREGATOR|research-node|akshare@1.18.97|stock_dzjy_mrmx,2026-07-28,,2026-09-26T09:39:37.952145+00:00,2026-07-29,CONSERVATIVE_T1,dzjy,601985,False
2026-07-09,AGGREGATOR|research-node|akshare@1.18.97|stock_dzjy_mrmx,2026-07-09,,2026-09-26T09:39:37.952145+00:00,2026-07-10,CONSERVATIVE_T1,dzjy,601988,False
2026-07-01,AGGREGATOR|research-node|akshare@1.18.97|stock_dzjy_mrmx,2026-07-01,,2026-09-26T09:39:37.952145+00:00,2026-07-02,CONSERVATIVE_T1,dzjy,603226,False
2026-07-31,AGGREGATOR|research-node|akshare@1.18.97|stock_dzjy_mrmx,2026-07-31,,2026-09-26T09:39:37.952145+00:00,2026-08-03,CONSERVATIVE_T1,dzjy,603226,False
2026-07-31,AGGREGATOR|research-node|akshare@1.18.97|stock_dzjy_mrmx,2026-07-31,,2026-09-26T09:39:37.952145+00:00,2026-08-03,CONSERVATIVE_T1,dzjy,603226,False
2026-07-27,AGGREGATOR|research-node|akshare@1.18.97|stock_dzjy_mrmx,2026-07-27,,2026-09-26T09:39:37.952145+00:00,2026-07-28,CONSERVATIVE_T1,dzjy,603226,False
2026-07-27,AGGREGATOR|research-node|akshare@1.18.97|stock_dzjy_mrmx,2026-07-27,,2026-09-26T09:39:37.952145+00:00,2026-07-28,CONSERVATIVE_T1,dzjy,603226,False
2026-07-27,AGGREGATOR|research-node|akshare@1.18.97|stock_dzjy_mrmx,2026-07-27,,2026-09-26T09:39:37.952145+00:00,2026-07-28,CONSERVATIVE_T1,dzjy,603226,False
2026-07-24,AGGREGATOR|research-node|akshare@1.18.97|stock_dzjy_mrmx,2026-07-24,,2026-09-26T09:39:37.952145+00:00,2026-07-27,CONSERVATIVE_T1,dzjy,603226,False
2026-07-23,AGGREGATOR|research-node|akshare@1.18.97|stock_dzjy_mrmx,2026-07-23,,2026-09-26T09:39:37.952145+00:00,2026-07-24,CONSERVATIVE_T1,dzjy,603226,False
2026-07-22,AGGREGATOR|research-node|akshare@1.18.97|stock_dzjy_mrmx,2026-07-22,,2026-09-26T09:39:37.952145+00:00,2026-07-23,CONSERVATIVE_T1,dzjy,603226,False
2026-07-06,AGGREGATOR|research-node|akshare@1.18.97|stock_dzjy_mrmx,2026-07-06,,2026-09-26T09:39:37.952145+00:00,2026-07-07,CONSERVATIVE_T1,dzjy,603226,False
2026-07-01,AGGREGATOR|research-node|akshare@1.18.97|stock_dzjy_mrmx,2026-07-01,,2026-09-26T09:39:37.952145+00:00,2026-07-02,CONSERVATIVE_T1,dzjy,603226,False
2026-07-01,AGGREGATOR|research-node|akshare@1.18.97|stock_dzjy_mrmx,2026-07-01,,2026-09-26T09:39:37.952145+00:00,2026-07-02,CONSERVATIVE_T1,dzjy,603226,False
2026-07-23,AGGREGATOR|research-node|akshare@1.18.97|stock_dzjy_mrmx,2026-07-23,,2026-09-26T09:39:37.952145+00:00,2026-07-24,CONSERVATIVE_T1,dzjy,603618,False
2026-07-31,AGGREGATOR|research-node|akshare@1.18.97|stock_dzjy_mrmx,2026-07-31,,2026-09-26T09:39:37.952145+00:00,2026-08-03,CONSERVATIVE_T1,dzjy,603618,False
2026-07-31,AGGREGATOR|research-node|akshare@1.18.97|stock_dzjy_mrmx,2026-07-31,,2026-09-26T09:39:37.952145+00:00,2026-08-03,CONSERVATIVE_T1,dzjy,603618,False
2026-07-31,AGGREGATOR|research-node|akshare@1.18.97|stock_dzjy_mrmx,2026-07-31,,2026-09-26T09:39:37.952145+00:00,2026-08-03,CONSERVATIVE_T1,dzjy,603618,False
2026-07-31,AGGREGATOR|research-node|akshare@1.18.97|stock_dzjy_mrmx,2026-07-31,,2026-09-26T09:39:37.952145+00:00,2026-08-03,CONSERVATIVE_T1,dzjy,603618,False
2026-07-31,AGGREGATOR|research-node|akshare@1.18.97|stock_dzjy_mrmx,2026-07-31,,2026-09-26T09:39:37.952145+00:00,2026-08-03,CONSERVATIVE_T1,dzjy,603618,False
2026-07-31,AGGREGATOR|research-node|akshare@1.18.97|stock_dzjy_mrmx,2026-07-31,,2026-09-26T09:39:37.952145+00:00,2026-08-03,CONSERVATIVE_T1,dzjy,603618,False
2026-07-31,AGGREGATOR|research-node|akshare@1.18.97|stock_dzjy_mrmx,2026-07-31,,2026-09-26T09:39:37.952145+00:00,2026-08-03,CONSERVATIVE_T1,dzjy,603618,False
2026-07-31,AGGREGATOR|research-node|akshare@1.18.97|stock_dzjy_mrmx,2026-07-31,,2026-09-26T09:39:37.952145+00:00,2026-08-03,CONSERVATIVE_T1,dzjy,603618,False
2026-07-31,AGGREGATOR|research-node|akshare@1.18.97|stock_dzjy_mrmx,2026-07-31,,2026-09-26T09:39:37.952145+00:00,2026-08-03,CONSERVATIVE_T1,dzjy,603618,False
2026-07-31,AGGREGATOR|research-node|akshare@1.18.97|stock_dzjy_mrmx,2026-07-31,,2026-09-26T09:39:37.952145+00:00,2026-08-03,CONSERVATIVE_T1,dzjy,603618,False
2026-07-31,AGGREGATOR|research-node|akshare@1.18.97|stock_dzjy_mrmx,2026-07-31,,2026-09-26T09:39:37.952145+00:00,2026-08-03,CONSERVATIVE_T1,dzjy,603618,False
2026-07-31,AGGREGATOR|research-node|akshare@1.18.97|stock_dzjy_mrmx,2026-07-31,,2026-09-26T09:39:37.952145+00:00,2026-08-03,CONSERVATIVE_T1,dzjy,603618,False
2026-07-27,AGGREGATOR|research-node|akshare@1.18.97|stock_dzjy_mrmx,2026-07-27,,2026-09-26T09:39:37.952145+00:00,2026-07-28,CONSERVATIVE_T1,dzjy,603618,False
2026-07-27,AGGREGATOR|research-node|akshare@1.18.97|stock_dzjy_mrmx,2026-07-27,,2026-09-26T09:39:37.952145+00:00,2026-07-28,CONSERVATIVE_T1,dzjy,603618,False
2026-07-27,AGGREGATOR|research-node|akshare@1.18.97|stock_dzjy_mrmx,2026-07-27,,2026-09-26T09:39:37.952145+00:00,2026-07-28,CONSERVATIVE_T1,dzjy,603618,False
2026-07-27,AGGREGATOR|research-node|akshare@1.18.97|stock_dzjy_mrmx,2026-07-27,,2026-09-26T09:39:37.952145+00:00,2026-07-28,CONSERVATIVE_T1,dzjy,603618,False
2026-07-27,AGGREGATOR|research-node|akshare@1.18.97|stock_dzjy_mrmx,2026-07-27,,2026-09-26T09:39:37.952145+00:00,2026-07-28,CONSERVATIVE_T1,dzjy,603618,False
2026-07-27,AGGREGATOR|research-node|akshare@1.18.97|stock_dzjy_mrmx,2026-07-27,,2026-09-26T09:39:37.952145+00:00,2026-07-28,CONSERVATIVE_T1,dzjy,603618,False
2026-07-27,AGGREGATOR|research-node|akshare@1.18.97|stock_dzjy_mrmx,2026-07-27,,2026-09-26T09:39:37.952145+00:00,2026-07-28,CONSERVATIVE_T1,dzjy,603618,False
2026-07-27,AGGREGATOR|research-node|akshare@1.18.97|stock_dzjy_mrmx,2026-07-27,,2026-09-26T09:39:37.952145+00:00,2026-07-28,CONSERVATIVE_T1,dzjy,603618,False
2026-07-27,AGGREGATOR|research-node|akshare@1.18.97|stock_dzjy_mrmx,2026-07-27,,2026-09-26T09:39:37.952145+00:00,2026-07-28,CONSERVATIVE_T1,dzjy,603618,False
2026-07-27,AGGREGATOR|research-node|akshare@1.18.97|stock_dzjy_mrmx,2026-07-27,,2026-09-26T09:39:37.952145+00:00,2026-07-28,CONSERVATIVE_T1,dzjy,603618,False
2026-07-23,AGGREGATOR|research-node|akshare@1.18.97|stock_dzjy_mrmx,2026-07-23,,2026-09-26T09:39:37.952145+00:00,2026-07-24,CONSERVATIVE_T1,dzjy,603618,False
2026-07-23,AGGREGATOR|research-node|akshare@1.18.97|stock_dzjy_mrmx,2026-07-23,,2026-09-26T09:39:37.952145+00:00,2026-07-24,CONSERVATIVE_T1,dzjy,603618,False
2026-07-23,AGGREGATOR|research-node|akshare@1.18.97|stock_dzjy_mrmx,2026-07-23,,2026-09-26T09:39:37.952145+00:00,2026-07-24,CONSERVATIVE_T1,dzjy,603618,False
2026-07-23,AGGREGATOR|research-node|akshare@1.18.97|stock_dzjy_mrmx,2026-07-23,,2026-09-26T09:39:37.952145+00:00,2026-07-24,CONSERVATIVE_T1,dzjy,603618,False
2026-07-23,AGGREGATOR|research-node|akshare@1.18.97|stock_dzjy_mrmx,2026-07-23,,2026-09-26T09:39:37.952145+00:00,2026-07-24,CONSERVATIVE_T1,dzjy,603618,False
2026-07-23,AGGREGATOR|research-node|akshare@1.18.97|stock_dzjy_mrmx,2026-07-23,,2026-09-26T09:39:37.952145+00:00,2026-07-24,CONSERVATIVE_T1,dzjy,603618,False
2026-07-23,AGGREGATOR|research-node|akshare@1.18.97|stock_dzjy_mrmx,2026-07-23,,2026-09-26T09:39:37.952145+00:00,2026-07-24,CONSERVATIVE_T1,dzjy,603618,False
2026-07-23,AGGREGATOR|research-node|akshare@1.18.97|stock_dzjy_mrmx,2026-07-23,,2026-09-26T09:39:37.952145+00:00,2026-07-24,CONSERVATIVE_T1,dzjy,603618,False
2026-07-23,AGGREGATOR|research-node|akshare@1.18.97|stock_dzjy_mrmx,2026-07-23,,2026-09-26T09:39:37.952145+00:00,2026-07-24,CONSERVATIVE_T1,dzjy,603618,False
2026-07-23,AGGREGATOR|research-node|akshare@1.18.97|stock_dzjy_mrmx,2026-07-23,,2026-09-26T09:39:37.952145+00:00,2026-07-24,CONSERVATIVE_T1,dzjy,603618,False
2026-07-23,AGGREGATOR|research-node|akshare@1.18.97|stock_dzjy_mrmx,2026-07-23,,2026-09-26T09:39:37.952145+00:00,2026-07-24,CONSERVATIVE_T1,dzjy,603618,False
2026-07-23,AGGREGATOR|research-node|akshare@1.18.97|stock_dzjy_mrmx,2026-07-23,,2026-09-26T09:39:37.952145+00:00,2026-07-24,CONSERVATIVE_T1,dzjy,603618,False
2026-07-23,AGGREGATOR|research-node|akshare@1.18.97|stock_dzjy_mrmx,2026-07-23,,2026-09-26T09:39:37.952145+00:00,2026-07-24,CONSERVATIVE_T1,dzjy,603618,False
2026-07-23,AGGREGATOR|research-node|akshare@1.18.97|stock_dzjy_mrmx,2026-07-23,,2026-09-26T09:39:37.952145+00:00,2026-07-24,CONSERVATIVE_T1,dzjy,603618,False
2026-07-23,AGGREGATOR|research-node|akshare@1.18.97|stock_dzjy_mrmx,2026-07-23,,2026-09-26T09:39:37.952145+00:00,2026-07-24,CONSERVATIVE_T1,dzjy,603618,False
2026-07-23,AGGREGATOR|research-node|akshare@1.18.97|stock_dzjy_mrmx,2026-07-23,,2026-09-26T09:39:37.952145+00:00,2026-07-24,CONSERVATIVE_T1,dzjy,603618,False
2026-07-23,AGGREGATOR|research-node|akshare@1.18.97|stock_dzjy_mrmx,2026-07-23,,2026-09-26T09:39:37.952145+00:00,2026-07-24,CONSERVATIVE_T1,dzjy,603618,False
2026-07-23,AGGREGATOR|research-node|akshare@1.18.97|stock_dzjy_mrmx,2026-07-23,,2026-09-26T09:39:37.952145+00:00,2026-07-24,CONSERVATIVE_T1,dzjy,603618,False
2026-07-23,AGGREGATOR|research-node|akshare@1.18.97|stock_dzjy_mrmx,2026-07-23,,2026-09-26T09:39:37.952145+00:00,2026-07-24,CONSERVATIVE_T1,dzjy,603618,False
2026-07-23,AGGREGATOR|research-node|akshare@1.18.97|stock_dzjy_mrmx,2026-07-23,,2026-09-26T09:39:37.952145+00:00,2026-07-24,CONSERVATIVE_T1,dzjy,603618,False
2026-07-23,AGGREGATOR|research-node|akshare@1.18.97|stock_dzjy_mrmx,2026-07-23,,2026-09-26T09:39:37.952145+00:00,2026-07-24,CONSERVATIVE_T1,dzjy,603618,False
2026-07-23,AGGREGATOR|research-node|akshare@1.18.97|stock_dzjy_mrmx,2026-07-23,,2026-09-26T09:39:37.952145+00:00,2026-07-24,CONSERVATIVE_T1,dzjy,603618,False
2026-07-03,AGGREGATOR|research-node|akshare@1.18.97|stock_dzjy_mrmx,2026-07-03,,2026-09-26T09:39:37.952145+00:00,2026-07-06,CONSERVATIVE_T1,dzjy,688521,False
2026-07-09,AGGREGATOR|research-node|akshare@1.18.97|stock_dzjy_mrmx,2026-07-09,,2026-09-26T09:39:37.952145+00:00,2026-07-10,CONSERVATIVE_T1,dzjy,688521,False
2026-07-08,AGGREGATOR|research-node|akshare@1.18.97|stock_dzjy_mrmx,2026-07-08,,2026-09-26T09:39:37.952145+00:00,2026-07-09,CONSERVATIVE_T1,dzjy,688521,False
2026-07-08,AGGREGATOR|research-node|akshare@1.18.97|stock_dzjy_mrmx,2026-07-08,,2026-09-26T09:39:37.952145+00:00,2026-07-09,CONSERVATIVE_T1,dzjy,688521,False
2026-07-08,AGGREGATOR|research-node|akshare@1.18.97|stock_dzjy_mrmx,2026-07-08,,2026-09-26T09:39:37.952145+00:00,2026-07-09,CONSERVATIVE_T1,dzjy,688521,False
2026-07-08,AGGREGATOR|research-node|akshare@1.18.97|stock_dzjy_mrmx,2026-07-08,,2026-09-26T09:39:37.952145+00:00,2026-07-09,CONSERVATIVE_T1,dzjy,688521,False
2026-07-08,AGGREGATOR|research-node|akshare@1.18.97|stock_dzjy_mrmx,2026-07-08,,2026-09-26T09:39:37.952145+00:00,2026-07-09,CONSERVATIVE_T1,dzjy,688521,False
2026-07-08,AGGREGATOR|research-node|akshare@1.18.97|stock_dzjy_mrmx,2026-07-08,,2026-09-26T09:39:37.952145+00:00,2026-07-09,CONSERVATIVE_T1,dzjy,688521,False
2026-07-08,AGGREGATOR|research-node|akshare@1.18.97|stock_dzjy_mrmx,2026-07-08,,2026-09-26T09:39:37.952145+00:00,2026-07-09,CONSERVATIVE_T1,dzjy,688521,False
2026-07-08,AGGREGATOR|research-node|akshare@1.18.97|stock_dzjy_mrmx,2026-07-08,,2026-09-26T09:39:37.952145+00:00,2026-07-09,CONSERVATIVE_T1,dzjy,688521,False
2026-07-08,AGGREGATOR|research-node|akshare@1.18.97|stock_dzjy_mrmx,2026-07-08,,2026-09-26T09:39:37.952145+00:00,2026-07-09,CONSERVATIVE_T1,dzjy,688521,False
2026-07-08,AGGREGATOR|research-node|akshare@1.18.97|stock_dzjy_mrmx,2026-07-08,,2026-09-26T09:39:37.952145+00:00,2026-07-09,CONSERVATIVE_T1,dzjy,688521,False
2026-07-08,AGGREGATOR|research-node|akshare@1.18.97|stock_dzjy_mrmx,2026-07-08,,2026-09-26T09:39:37.952145+00:00,2026-07-09,CONSERVATIVE_T1,dzjy,688521,False
2026-07-08,AGGREGATOR|research-node|akshare@1.18.97|stock_dzjy_mrmx,2026-07-08,,2026-09-26T09:39:37.952145+00:00,2026-07-09,CONSERVATIVE_T1,dzjy,688521,False
2026-07-07,AGGREGATOR|research-node|akshare@1.18.97|stock_dzjy_mrmx,2026-07-07,,2026-09-26T09:39:37.952145+00:00,2026-07-08,CONSERVATIVE_T1,dzjy,688521,False
2026-07-07,AGGREGATOR|research-node|akshare@1.18.97|stock_dzjy_mrmx,2026-07-07,,2026-09-26T09:39:37.952145+00:00,2026-07-08,CONSERVATIVE_T1,dzjy,688521,False
2026-07-07,AGGREGATOR|research-node|akshare@1.18.97|stock_dzjy_mrmx,2026-07-07,,2026-09-26T09:39:37.952145+00:00,2026-07-08,CONSERVATIVE_T1,dzjy,688521,False
2026-07-07,AGGREGATOR|research-node|akshare@1.18.97|stock_dzjy_mrmx,2026-07-07,,2026-09-26T09:39:37.952145+00:00,2026-07-08,CONSERVATIVE_T1,dzjy,688521,False
2026-07-07,AGGREGATOR|research-node|akshare@1.18.97|stock_dzjy_mrmx,2026-07-07,,2026-09-26T09:39:37.952145+00:00,2026-07-08,CONSERVATIVE_T1,dzjy,688521,False
2026-07-07,AGGREGATOR|research-node|akshare@1.18.97|stock_dzjy_mrmx,2026-07-07,,2026-09-26T09:39:37.952145+00:00,2026-07-08,CONSERVATIVE_T1,dzjy,688521,False
2026-07-07,AGGREGATOR|research-node|akshare@1.18.97|stock_dzjy_mrmx,2026-07-07,,2026-09-26T09:39:37.952145+00:00,2026-07-08,CONSERVATIVE_T1,dzjy,688521,False
2026-07-03,AGGREGATOR|research-node|akshare@1.18.97|stock_dzjy_mrmx,2026-07-03,,2026-09-26T09:39:37.952145+00:00,2026-07-06,CONSERVATIVE_T1,dzjy,688521,False
2026-07-03,AGGREGATOR|research-node|akshare@1.18.97|stock_dzjy_mrmx,2026-07-03,,2026-09-26T09:39:37.952145+00:00,2026-07-06,CONSERVATIVE_T1,dzjy,688521,False
2026-07-03,AGGREGATOR|research-node|akshare@1.18.97|stock_dzjy_mrmx,2026-07-03,,2026-09-26T09:39:37.952145+00:00,2026-07-06,CONSERVATIVE_T1,dzjy,688521,False
2026-07-03,AGGREGATOR|research-node|akshare@1.18.97|stock_dzjy_mrmx,2026-07-03,,2026-09-26T09:39:37.952145+00:00,2026-07-06,CONSERVATIVE_T1,dzjy,688521,False
2026-07-03,AGGREGATOR|research-node|akshare@1.18.97|stock_dzjy_mrmx,2026-07-03,,2026-09-26T09:39:37.952145+00:00,2026-07-06,CONSERVATIVE_T1,dzjy,688521,False
2026-07-03,AGGREGATOR|research-node|akshare@1.18.97|stock_dzjy_mrmx,2026-07-03,,2026-09-26T09:39:37.952145+00:00,2026-07-06,CONSERVATIVE_T1,dzjy,688521,False
2026-07-03,AGGREGATOR|research-node|akshare@1.18.97|stock_dzjy_mrmx,2026-07-03,,2026-09-26T09:39:37.952145+00:00,2026-07-06,CONSERVATIVE_T1,dzjy,688521,False
2026-07-03,AGGREGATOR|research-node|akshare@1.18.97|stock_dzjy_mrmx,2026-07-03,,2026-09-26T09:39:37.952145+00:00,2026-07-06,CONSERVATIVE_T1,dzjy,688521,False
2026-07-03,AGGREGATOR|research-node|akshare@1.18.97|stock_dzjy_mrmx,2026-07-03,,2026-09-26T09:39:37.952145+00:00,2026-07-06,CONSERVATIVE_T1,dzjy,688521,False
2026-07-03,AGGREGATOR|research-node|akshare@1.18.97|stock_dzjy_mrmx,2026-07-03,,2026-09-26T09:39:37.952145+00:00,2026-07-06,CONSERVATIVE_T1,dzjy,688521,False
2026-07-03,AGGREGATOR|research-node|akshare@1.18.97|stock_dzjy_mrmx,2026-07-03,,2026-09-26T09:39:37.952145+00:00,2026-07-06,CONSERVATIVE_T1,dzjy,688521,False
2026-08-06,AGGREGATOR|research-node|akshare@1.18.97|stock_dzjy_mrmx,2026-08-06,,2026-09-26T09:39:41.829207+00:00,2026-08-07,CONSERVATIVE_T1,dzjy,002391,False
2026-08-21,AGGREGATOR|research-node|akshare@1.18.97|stock_dzjy_mrmx,2026-08-21,,2026-09-26T09:39:41.829207+00:00,2026-08-24,CONSERVATIVE_T1,dzjy,002391,False
2026-08-10,AGGREGATOR|research-node|akshare@1.18.97|stock_dzjy_mrmx,2026-08-10,,2026-09-26T09:39:41.829207+00:00,2026-08-11,CONSERVATIVE_T1,dzjy,301297,False
2026-08-19,AGGREGATOR|research-node|akshare@1.18.97|stock_dzjy_mrmx,2026-08-19,,2026-09-26T09:39:41.829207+00:00,2026-08-20,CONSERVATIVE_T1,dzjy,301297,False
2026-08-11,AGGREGATOR|research-node|akshare@1.18.97|stock_dzjy_mrmx,2026-08-11,,2026-09-26T09:39:41.829207+00:00,2026-08-12,CONSERVATIVE_T1,dzjy,301297,False
2026-08-17,AGGREGATOR|research-node|akshare@1.18.97|stock_dzjy_mrmx,2026-08-17,,2026-09-26T09:39:41.829207+00:00,2026-08-18,CONSERVATIVE_T1,dzjy,600567,False
2026-08-06,AGGREGATOR|research-node|akshare@1.18.97|stock_dzjy_mrmx,2026-08-06,,2026-09-26T09:39:41.829207+00:00,2026-08-07,CONSERVATIVE_T1,dzjy,601328,False
2026-08-17,AGGREGATOR|research-node|akshare@1.18.97|stock_dzjy_mrmx,2026-08-17,,2026-09-26T09:39:41.829207+00:00,2026-08-18,CONSERVATIVE_T1,dzjy,601869,False
2026-08-04,AGGREGATOR|research-node|akshare@1.18.97|stock_dzjy_mrmx,2026-08-04,,2026-09-26T09:39:41.829207+00:00,2026-08-05,CONSERVATIVE_T1,dzjy,603226,False
2026-08-31,AGGREGATOR|research-node|akshare@1.18.97|stock_dzjy_mrmx,2026-08-31,,2026-09-26T09:39:41.829207+00:00,2026-09-01,CONSERVATIVE_T1,dzjy,603226,False
2026-08-28,AGGREGATOR|research-node|akshare@1.18.97|stock_dzjy_mrmx,2026-08-28,,2026-09-26T09:39:41.829207+00:00,2026-08-31,CONSERVATIVE_T1,dzjy,603226,False
2026-08-12,AGGREGATOR|research-node|akshare@1.18.97|stock_dzjy_mrmx,2026-08-12,,2026-09-26T09:39:41.829207+00:00,2026-08-13,CONSERVATIVE_T1,dzjy,603226,False
2026-08-04,AGGREGATOR|research-node|akshare@1.18.97|stock_dzjy_mrmx,2026-08-04,,2026-09-26T09:39:41.829207+00:00,2026-08-05,CONSERVATIVE_T1,dzjy,603226,False
2026-08-04,AGGREGATOR|research-node|akshare@1.18.97|stock_dzjy_mrmx,2026-08-04,,2026-09-26T09:39:41.829207+00:00,2026-08-05,CONSERVATIVE_T1,dzjy,603226,False
2026-08-03,AGGREGATOR|research-node|akshare@1.18.97|stock_dzjy_mrmx,2026-08-03,,2026-09-26T09:39:41.829207+00:00,2026-08-04,CONSERVATIVE_T1,dzjy,603258,False
2026-08-03,AGGREGATOR|research-node|akshare@1.18.97|stock_dzjy_mrmx,2026-08-03,,2026-09-26T09:39:41.829207+00:00,2026-08-04,CONSERVATIVE_T1,dzjy,603618,False
2026-08-03,AGGREGATOR|research-node|akshare@1.18.97|stock_dzjy_mrmx,2026-08-03,,2026-09-26T09:39:41.829207+00:00,2026-08-04,CONSERVATIVE_T1,dzjy,603618,False
2026-08-03,AGGREGATOR|research-node|akshare@1.18.97|stock_dzjy_mrmx,2026-08-03,,2026-09-26T09:39:41.829207+00:00,2026-08-04,CONSERVATIVE_T1,dzjy,603618,False
2026-08-03,AGGREGATOR|research-node|akshare@1.18.97|stock_dzjy_mrmx,2026-08-03,,2026-09-26T09:39:41.829207+00:00,2026-08-04,CONSERVATIVE_T1,dzjy,603618,False
2026-08-03,AGGREGATOR|research-node|akshare@1.18.97|stock_dzjy_mrmx,2026-08-03,,2026-09-26T09:39:41.829207+00:00,2026-08-04,CONSERVATIVE_T1,dzjy,603618,False
2026-08-03,AGGREGATOR|research-node|akshare@1.18.97|stock_dzjy_mrmx,2026-08-03,,2026-09-26T09:39:41.829207+00:00,2026-08-04,CONSERVATIVE_T1,dzjy,603618,False
2026-08-03,AGGREGATOR|research-node|akshare@1.18.97|stock_dzjy_mrmx,2026-08-03,,2026-09-26T09:39:41.829207+00:00,2026-08-04,CONSERVATIVE_T1,dzjy,603618,False
2026-08-03,AGGREGATOR|research-node|akshare@1.18.97|stock_dzjy_mrmx,2026-08-03,,2026-09-26T09:39:41.829207+00:00,2026-08-04,CONSERVATIVE_T1,dzjy,603618,False
2026-08-03,AGGREGATOR|research-node|akshare@1.18.97|stock_dzjy_mrmx,2026-08-03,,2026-09-26T09:39:41.829207+00:00,2026-08-04,CONSERVATIVE_T1,dzjy,603618,False
2026-08-03,AGGREGATOR|research-node|akshare@1.18.97|stock_dzjy_mrmx,2026-08-03,,2026-09-26T09:39:41.829207+00:00,2026-08-04,CONSERVATIVE_T1,dzjy,603618,False
2026-08-03,AGGREGATOR|research-node|akshare@1.18.97|stock_dzjy_mrmx,2026-08-03,,2026-09-26T09:39:41.829207+00:00,2026-08-04,CONSERVATIVE_T1,dzjy,603618,False
2026-08-03,AGGREGATOR|research-node|akshare@1.18.97|stock_dzjy_mrmx,2026-08-03,,2026-09-26T09:39:41.829207+00:00,2026-08-04,CONSERVATIVE_T1,dzjy,603618,False
2026-08-03,AGGREGATOR|research-node|akshare@1.18.97|stock_dzjy_mrmx,2026-08-03,,2026-09-26T09:39:41.829207+00:00,2026-08-04,CONSERVATIVE_T1,dzjy,603618,False
2026-08-03,AGGREGATOR|research-node|akshare@1.18.97|stock_dzjy_mrmx,2026-08-03,,2026-09-26T09:39:41.829207+00:00,2026-08-04,CONSERVATIVE_T1,dzjy,603618,False
2026-09-07,AGGREGATOR|research-node|akshare@1.18.97|stock_dzjy_mrmx,2026-09-07,,2026-09-26T09:39:47.747431+00:00,2026-09-08,CONSERVATIVE_T1,dzjy,300059,False
2026-09-07,AGGREGATOR|research-node|akshare@1.18.97|stock_dzjy_mrmx,2026-09-07,,2026-09-26T09:39:47.747431+00:00,2026-09-08,CONSERVATIVE_T1,dzjy,300342,False
2026-09-07,AGGREGATOR|research-node|akshare@1.18.97|stock_dzjy_mrmx,2026-09-07,,2026-09-26T09:39:47.747431+00:00,2026-09-08,CONSERVATIVE_T1,dzjy,301297,False
2026-09-17,AGGREGATOR|research-node|akshare@1.18.97|stock_dzjy_mrmx,2026-09-17,,2026-09-26T09:39:47.747431+00:00,2026-09-18,CONSERVATIVE_T1,dzjy,301297,False
2026-09-16,AGGREGATOR|research-node|akshare@1.18.97|stock_dzjy_mrmx,2026-09-16,,2026-09-26T09:39:47.747431+00:00,2026-09-17,CONSERVATIVE_T1,dzjy,301297,False
2026-09-15,AGGREGATOR|research-node|akshare@1.18.97|stock_dzjy_mrmx,2026-09-15,,2026-09-26T09:39:47.747431+00:00,2026-09-16,CONSERVATIVE_T1,dzjy,301297,False
2026-09-14,AGGREGATOR|research-node|akshare@1.18.97|stock_dzjy_mrmx,2026-09-14,,2026-09-26T09:39:47.747431+00:00,2026-09-15,CONSERVATIVE_T1,dzjy,301297,False
2026-09-11,AGGREGATOR|research-node|akshare@1.18.97|stock_dzjy_mrmx,2026-09-11,,2026-09-26T09:39:47.747431+00:00,2026-09-14,CONSERVATIVE_T1,dzjy,301297,False
2026-09-10,AGGREGATOR|research-node|akshare@1.18.97|stock_dzjy_mrmx,2026-09-10,,2026-09-26T09:39:47.747431+00:00,2026-09-11,CONSERVATIVE_T1,dzjy,301297,False
2026-09-09,AGGREGATOR|research-node|akshare@1.18.97|stock_dzjy_mrmx,2026-09-09,,2026-09-26T09:39:47.747431+00:00,2026-09-10,CONSERVATIVE_T1,dzjy,301297,False
2026-09-08,AGGREGATOR|research-node|akshare@1.18.97|stock_dzjy_mrmx,2026-09-08,,2026-09-26T09:39:47.747431+00:00,2026-09-09,CONSERVATIVE_T1,dzjy,301297,False
2026-09-08,AGGREGATOR|research-node|akshare@1.18.97|stock_dzjy_mrmx,2026-09-08,,2026-09-26T09:39:47.747431+00:00,2026-09-09,CONSERVATIVE_T1,dzjy,301297,False
2026-09-11,AGGREGATOR|research-node|akshare@1.18.97|stock_dzjy_mrmx,2026-09-11,,2026-09-26T09:39:47.747431+00:00,2026-09-14,CONSERVATIVE_T1,dzjy,603226,False
2026-09-11,AGGREGATOR|research-node|akshare@1.18.97|stock_dzjy_mrmx,2026-09-11,,2026-09-26T09:39:47.747431+00:00,2026-09-14,CONSERVATIVE_T1,dzjy,603226,False
2026-09-11,AGGREGATOR|research-node|akshare@1.18.97|stock_dzjy_mrmx,2026-09-11,,2026-09-26T09:39:47.747431+00:00,2026-09-14,CONSERVATIVE_T1,dzjy,603226,False
2026-09-11,AGGREGATOR|research-node|akshare@1.18.97|stock_dzjy_mrmx,2026-09-11,,2026-09-26T09:39:47.747431+00:00,2026-09-14,CONSERVATIVE_T1,dzjy,603226,False
2026-09-11,AGGREGATOR|research-node|akshare@1.18.97|stock_dzjy_mrmx,2026-09-11,,2026-09-26T09:39:47.747431+00:00,2026-09-14,CONSERVATIVE_T1,dzjy,603226,False
2026-09-11,AGGREGATOR|research-node|akshare@1.18.97|stock_dzjy_mrmx,2026-09-11,,2026-09-26T09:39:47.747431+00:00,2026-09-14,CONSERVATIVE_T1,dzjy,603226,False
2026-09-11,AGGREGATOR|research-node|akshare@1.18.97|stock_dzjy_mrmx,2026-09-11,,2026-09-26T09:39:47.747431+00:00,2026-09-14,CONSERVATIVE_T1,dzjy,603226,False
2026-09-10,AGGREGATOR|research-node|akshare@1.18.97|stock_dzjy_mrmx,2026-09-10,,2026-09-26T09:39:47.747431+00:00,2026-09-11,CONSERVATIVE_T1,dzjy,688498,False
2026-09-11,AGGREGATOR|research-node|akshare@1.18.97|stock_dzjy_mrmx,2026-09-11,,2026-09-26T09:39:47.747431+00:00,2026-09-14,CONSERVATIVE_T1,dzjy,688498,False
