observation_date,source,source_record_date,publication_date,retrieved_at,available_date,availability_basis,endpoint,stock_code,in_case_window
2024-01-02,AGGREGATOR|research-node|akshare@1.18.97|stock_margin_detail_sse,2024-01-02,,2026-09-26T08:06:45.631878+00:00,2024-01-03,CONSERVATIVE_T1,margin_sse,600196,True
2024-01-02,AGGREGATOR|research-node|akshare@1.18.97|stock_margin_detail_sse,2024-01-02,,2026-09-26T08:06:45.631878+00:00,2024-01-03,CONSERVATIVE_T1,margin_sse,600269,True
2024-01-02,AGGREGATOR|research-node|akshare@1.18.97|stock_margin_detail_sse,2024-01-02,,2026-09-26T08:06:45.631878+00:00,2024-01-03,CONSERVATIVE_T1,margin_sse,600377,True
2024-01-02,AGGREGATOR|research-node|akshare@1.18.97|stock_margin_detail_sse,2024-01-02,,2026-09-26T08:06:45.631878+00:00,2024-01-03,CONSERVATIVE_T1,margin_sse,600567,True
2024-01-02,AGGREGATOR|research-node|akshare@1.18.97|stock_margin_detail_sse,2024-01-02,,2026-09-26T08:06:45.631878+00:00,2024-01-03,CONSERVATIVE_T1,margin_sse,600598,True
2024-01-02,AGGREGATOR|research-node|akshare@1.18.97|stock_margin_detail_sse,2024-01-02,,2026-09-26T08:06:45.631878+00:00,2024-01-03,CONSERVATIVE_T1,margin_sse,600694,True
2024-01-02,AGGREGATOR|research-node|akshare@1.18.97|stock_margin_detail_sse,2024-01-02,,2026-09-26T08:06:45.631878+00:00,2024-01-03,CONSERVATIVE_T1,margin_sse,601298,True
2024-01-02,AGGREGATOR|research-node|akshare@1.18.97|stock_margin_detail_sse,2024-01-02,,2026-09-26T08:06:45.631878+00:00,2024-01-03,CONSERVATIVE_T1,margin_sse,601328,True
2024-01-02,AGGREGATOR|research-node|akshare@1.18.97|stock_margin_detail_sse,2024-01-02,,2026-09-26T08:06:45.631878+00:00,2024-01-03,CONSERVATIVE_T1,margin_sse,601869,True
2024-01-02,AGGREGATOR|research-node|akshare@1.18.97|stock_margin_detail_sse,2024-01-02,,2026-09-26T08:06:45.631878+00:00,2024-01-03,CONSERVATIVE_T1,margin_sse,601985,True
2024-01-02,AGGREGATOR|research-node|akshare@1.18.97|stock_margin_detail_sse,2024-01-02,,2026-09-26T08:06:45.631878+00:00,2024-01-03,CONSERVATIVE_T1,margin_sse,601988,True
2024-01-02,AGGREGATOR|research-node|akshare@1.18.97|stock_margin_detail_sse,2024-01-02,,2026-09-26T08:06:45.631878+00:00,2024-01-03,CONSERVATIVE_T1,margin_sse,601992,True
2024-01-02,AGGREGATOR|research-node|akshare@1.18.97|stock_margin_detail_sse,2024-01-02,,2026-09-26T08:06:45.631878+00:00,2024-01-03,CONSERVATIVE_T1,margin_sse,688498,True
2024-01-02,AGGREGATOR|research-node|akshare@1.18.97|stock_margin_detail_sse,2024-01-02,,2026-09-26T08:06:45.631878+00:00,2024-01-03,CONSERVATIVE_T1,margin_sse,688521,True
2024-01-03,AGGREGATOR|research-node|akshare@1.18.97|stock_margin_detail_sse,2024-01-03,,2026-09-26T08:06:49.907280+00:00,2024-01-04,CONSERVATIVE_T1,margin_sse,600196,True
2024-01-03,AGGREGATOR|research-node|akshare@1.18.97|stock_margin_detail_sse,2024-01-03,,2026-09-26T08:06:49.907280+00:00,2024-01-04,CONSERVATIVE_T1,margin_sse,600269,True
2024-01-03,AGGREGATOR|research-node|akshare@1.18.97|stock_margin_detail_sse,2024-01-03,,2026-09-26T08:06:49.907280+00:00,2024-01-04,CONSERVATIVE_T1,margin_sse,600377,True
2024-01-03,AGGREGATOR|research-node|akshare@1.18.97|stock_margin_detail_sse,2024-01-03,,2026-09-26T08:06:49.907280+00:00,2024-01-04,CONSERVATIVE_T1,margin_sse,600567,True
2024-01-03,AGGREGATOR|research-node|akshare@1.18.97|stock_margin_detail_sse,2024-01-03,,2026-09-26T08:06:49.907280+00:00,2024-01-04,CONSERVATIVE_T1,margin_sse,600598,True
2024-01-03,AGGREGATOR|research-node|akshare@1.18.97|stock_margin_detail_sse,2024-01-03,,2026-09-26T08:06:49.907280+00:00,2024-01-04,CONSERVATIVE_T1,margin_sse,600694,True
2024-01-03,AGGREGATOR|research-node|akshare@1.18.97|stock_margin_detail_sse,2024-01-03,,2026-09-26T08:06:49.907280+00:00,2024-01-04,CONSERVATIVE_T1,margin_sse,601298,True
2024-01-03,AGGREGATOR|research-node|akshare@1.18.97|stock_margin_detail_sse,2024-01-03,,2026-09-26T08:06:49.907280+00:00,2024-01-04,CONSERVATIVE_T1,margin_sse,601328,True
2024-01-03,AGGREGATOR|research-node|akshare@1.18.97|stock_margin_detail_sse,2024-01-03,,2026-09-26T08:06:49.907280+00:00,2024-01-04,CONSERVATIVE_T1,margin_sse,601869,True
2024-01-03,AGGREGATOR|research-node|akshare@1.18.97|stock_margin_detail_sse,2024-01-03,,2026-09-26T08:06:49.907280+00:00,2024-01-04,CONSERVATIVE_T1,margin_sse,601985,True
2024-01-03,AGGREGATOR|research-node|akshare@1.18.97|stock_margin_detail_sse,2024-01-03,,2026-09-26T08:06:49.907280+00:00,2024-01-04,CONSERVATIVE_T1,margin_sse,601988,True
2024-01-03,AGGREGATOR|research-node|akshare@1.18.97|stock_margin_detail_sse,2024-01-03,,2026-09-26T08:06:49.907280+00:00,2024-01-04,CONSERVATIVE_T1,margin_sse,601992,True
2024-01-03,AGGREGATOR|research-node|akshare@1.18.97|stock_margin_detail_sse,2024-01-03,,2026-09-26T08:06:49.907280+00:00,2024-01-04,CONSERVATIVE_T1,margin_sse,688498,True
2024-01-03,AGGREGATOR|research-node|akshare@1.18.97|stock_margin_detail_sse,2024-01-03,,2026-09-26T08:06:49.907280+00:00,2024-01-04,CONSERVATIVE_T1,margin_sse,688521,True
2024-01-04,AGGREGATOR|research-node|akshare@1.18.97|stock_margin_detail_sse,2024-01-04,,2026-09-26T08:06:54.152050+00:00,2024-01-05,CONSERVATIVE_T1,margin_sse,600196,True
2024-01-04,AGGREGATOR|research-node|akshare@1.18.97|stock_margin_detail_sse,2024-01-04,,2026-09-26T08:06:54.152050+00:00,2024-01-05,CONSERVATIVE_T1,margin_sse,600269,True
2024-01-04,AGGREGATOR|research-node|akshare@1.18.97|stock_margin_detail_sse,2024-01-04,,2026-09-26T08:06:54.152050+00:00,2024-01-05,CONSERVATIVE_T1,margin_sse,600377,True
2024-01-04,AGGREGATOR|research-node|akshare@1.18.97|stock_margin_detail_sse,2024-01-04,,2026-09-26T08:06:54.152050+00:00,2024-01-05,CONSERVATIVE_T1,margin_sse,600567,True
2024-01-04,AGGREGATOR|research-node|akshare@1.18.97|stock_margin_detail_sse,2024-01-04,,2026-09-26T08:06:54.152050+00:00,2024-01-05,CONSERVATIVE_T1,margin_sse,600598,True
2024-01-04,AGGREGATOR|research-node|akshare@1.18.97|stock_margin_detail_sse,2024-01-04,,2026-09-26T08:06:54.152050+00:00,2024-01-05,CONSERVATIVE_T1,margin_sse,600694,True
2024-01-04,AGGREGATOR|research-node|akshare@1.18.97|stock_margin_detail_sse,2024-01-04,,2026-09-26T08:06:54.152050+00:00,2024-01-05,CONSERVATIVE_T1,margin_sse,601298,True
2024-01-04,AGGREGATOR|research-node|akshare@1.18.97|stock_margin_detail_sse,2024-01-04,,2026-09-26T08:06:54.152050+00:00,2024-01-05,CONSERVATIVE_T1,margin_sse,601328,True
2024-01-04,AGGREGATOR|research-node|akshare@1.18.97|stock_margin_detail_sse,2024-01-04,,2026-09-26T08:06:54.152050+00:00,2024-01-05,CONSERVATIVE_T1,margin_sse,601869,True
2024-01-04,AGGREGATOR|research-node|akshare@1.18.97|stock_margin_detail_sse,2024-01-04,,2026-09-26T08:06:54.152050+00:00,2024-01-05,CONSERVATIVE_T1,margin_sse,601985,True
2024-01-04,AGGREGATOR|research-node|akshare@1.18.97|stock_margin_detail_sse,2024-01-04,,2026-09-26T08:06:54.152050+00:00,2024-01-05,CONSERVATIVE_T1,margin_sse,601988,True
2024-01-04,AGGREGATOR|research-node|akshare@1.18.97|stock_margin_detail_sse,2024-01-04,,2026-09-26T08:06:54.152050+00:00,2024-01-05,CONSERVATIVE_T1,margin_sse,601992,True
2024-01-04,AGGREGATOR|research-node|akshare@1.18.97|stock_margin_detail_sse,2024-01-04,,2026-09-26T08:06:54.152050+00:00,2024-01-05,CONSERVATIVE_T1,margin_sse,688498,True
2024-01-04,AGGREGATOR|research-node|akshare@1.18.97|stock_margin_detail_sse,2024-01-04,,2026-09-26T08:06:54.152050+00:00,2024-01-05,CONSERVATIVE_T1,margin_sse,688521,True
2024-01-05,AGGREGATOR|research-node|akshare@1.18.97|stock_margin_detail_sse,2024-01-05,,2026-09-26T08:06:58.474347+00:00,2024-01-08,CONSERVATIVE_T1,margin_sse,600196,True
2024-01-05,AGGREGATOR|research-node|akshare@1.18.97|stock_margin_detail_sse,2024-01-05,,2026-09-26T08:06:58.474347+00:00,2024-01-08,CONSERVATIVE_T1,margin_sse,600269,True
2024-01-05,AGGREGATOR|research-node|akshare@1.18.97|stock_margin_detail_sse,2024-01-05,,2026-09-26T08:06:58.474347+00:00,2024-01-08,CONSERVATIVE_T1,margin_sse,600377,True
2024-01-05,AGGREGATOR|research-node|akshare@1.18.97|stock_margin_detail_sse,2024-01-05,,2026-09-26T08:06:58.474347+00:00,2024-01-08,CONSERVATIVE_T1,margin_sse,600567,True
2024-01-05,AGGREGATOR|research-node|akshare@1.18.97|stock_margin_detail_sse,2024-01-05,,2026-09-26T08:06:58.474347+00:00,2024-01-08,CONSERVATIVE_T1,margin_sse,600598,True
2024-01-05,AGGREGATOR|research-node|akshare@1.18.97|stock_margin_detail_sse,2024-01-05,,2026-09-26T08:06:58.474347+00:00,2024-01-08,CONSERVATIVE_T1,margin_sse,600694,True
2024-01-05,AGGREGATOR|research-node|akshare@1.18.97|stock_margin_detail_sse,2024-01-05,,2026-09-26T08:06:58.474347+00:00,2024-01-08,CONSERVATIVE_T1,margin_sse,601298,True
2024-01-05,AGGREGATOR|research-node|akshare@1.18.97|stock_margin_detail_sse,2024-01-05,,2026-09-26T08:06:58.474347+00:00,2024-01-08,CONSERVATIVE_T1,margin_sse,601328,True
2024-01-05,AGGREGATOR|research-node|akshare@1.18.97|stock_margin_detail_sse,2024-01-05,,2026-09-26T08:06:58.474347+00:00,2024-01-08,CONSERVATIVE_T1,margin_sse,601869,True
2024-01-05,AGGREGATOR|research-node|akshare@1.18.97|stock_margin_detail_sse,2024-01-05,,2026-09-26T08:06:58.474347+00:00,2024-01-08,CONSERVATIVE_T1,margin_sse,601985,True
2024-01-05,AGGREGATOR|research-node|akshare@1.18.97|stock_margin_detail_sse,2024-01-05,,2026-09-26T08:06:58.474347+00:00,2024-01-08,CONSERVATIVE_T1,margin_sse,601988,True
2024-01-05,AGGREGATOR|research-node|akshare@1.18.97|stock_margin_detail_sse,2024-01-05,,2026-09-26T08:06:58.474347+00:00,2024-01-08,CONSERVATIVE_T1,margin_sse,601992,True
2024-01-05,AGGREGATOR|research-node|akshare@1.18.97|stock_margin_detail_sse,2024-01-05,,2026-09-26T08:06:58.474347+00:00,2024-01-08,CONSERVATIVE_T1,margin_sse,688498,True
2024-01-05,AGGREGATOR|research-node|akshare@1.18.97|stock_margin_detail_sse,2024-01-05,,2026-09-26T08:06:58.474347+00:00,2024-01-08,CONSERVATIVE_T1,margin_sse,688521,True
2024-01-08,AGGREGATOR|research-node|akshare@1.18.97|stock_margin_detail_sse,2024-01-08,,2026-09-26T08:07:02.861149+00:00,2024-01-09,CONSERVATIVE_T1,margin_sse,600196,True
2024-01-08,AGGREGATOR|research-node|akshare@1.18.97|stock_margin_detail_sse,2024-01-08,,2026-09-26T08:07:02.861149+00:00,2024-01-09,CONSERVATIVE_T1,margin_sse,600269,True
2024-01-08,AGGREGATOR|research-node|akshare@1.18.97|stock_margin_detail_sse,2024-01-08,,2026-09-26T08:07:02.861149+00:00,2024-01-09,CONSERVATIVE_T1,margin_sse,600377,True
2024-01-08,AGGREGATOR|research-node|akshare@1.18.97|stock_margin_detail_sse,2024-01-08,,2026-09-26T08:07:02.861149+00:00,2024-01-09,CONSERVATIVE_T1,margin_sse,600567,True
2024-01-08,AGGREGATOR|research-node|akshare@1.18.97|stock_margin_detail_sse,2024-01-08,,2026-09-26T08:07:02.861149+00:00,2024-01-09,CONSERVATIVE_T1,margin_sse,600598,True
2024-01-08,AGGREGATOR|research-node|akshare@1.18.97|stock_margin_detail_sse,2024-01-08,,2026-09-26T08:07:02.861149+00:00,2024-01-09,CONSERVATIVE_T1,margin_sse,600694,True
2024-01-08,AGGREGATOR|research-node|akshare@1.18.97|stock_margin_detail_sse,2024-01-08,,2026-09-26T08:07:02.861149+00:00,2024-01-09,CONSERVATIVE_T1,margin_sse,601298,True
2024-01-08,AGGREGATOR|research-node|akshare@1.18.97|stock_margin_detail_sse,2024-01-08,,2026-09-26T08:07:02.861149+00:00,2024-01-09,CONSERVATIVE_T1,margin_sse,601328,True
2024-01-08,AGGREGATOR|research-node|akshare@1.18.97|stock_margin_detail_sse,2024-01-08,,2026-09-26T08:07:02.861149+00:00,2024-01-09,CONSERVATIVE_T1,margin_sse,601869,True
2024-01-08,AGGREGATOR|research-node|akshare@1.18.97|stock_margin_detail_sse,2024-01-08,,2026-09-26T08:07:02.861149+00:00,2024-01-09,CONSERVATIVE_T1,margin_sse,601985,True
2024-01-08,AGGREGATOR|research-node|akshare@1.18.97|stock_margin_detail_sse,2024-01-08,,2026-09-26T08:07:02.861149+00:00,2024-01-09,CONSERVATIVE_T1,margin_sse,601988,True
2024-01-08,AGGREGATOR|research-node|akshare@1.18.97|stock_margin_detail_sse,2024-01-08,,2026-09-26T08:07:02.861149+00:00,2024-01-09,CONSERVATIVE_T1,margin_sse,601992,True
2024-01-08,AGGREGATOR|research-node|akshare@1.18.97|stock_margin_detail_sse,2024-01-08,,2026-09-26T08:07:02.861149+00:00,2024-01-09,CONSERVATIVE_T1,margin_sse,688498,True
2024-01-08,AGGREGATOR|research-node|akshare@1.18.97|stock_margin_detail_sse,2024-01-08,,2026-09-26T08:07:02.861149+00:00,2024-01-09,CONSERVATIVE_T1,margin_sse,688521,True
2024-01-09,AGGREGATOR|research-node|akshare@1.18.97|stock_margin_detail_sse,2024-01-09,,2026-09-26T08:07:07.177952+00:00,2024-01-10,CONSERVATIVE_T1,margin_sse,600196,True
2024-01-09,AGGREGATOR|research-node|akshare@1.18.97|stock_margin_detail_sse,2024-01-09,,2026-09-26T08:07:07.177952+00:00,2024-01-10,CONSERVATIVE_T1,margin_sse,600269,True
2024-01-09,AGGREGATOR|research-node|akshare@1.18.97|stock_margin_detail_sse,2024-01-09,,2026-09-26T08:07:07.177952+00:00,2024-01-10,CONSERVATIVE_T1,margin_sse,600377,True
2024-01-09,AGGREGATOR|research-node|akshare@1.18.97|stock_margin_detail_sse,2024-01-09,,2026-09-26T08:07:07.177952+00:00,2024-01-10,CONSERVATIVE_T1,margin_sse,600567,True
2024-01-09,AGGREGATOR|research-node|akshare@1.18.97|stock_margin_detail_sse,2024-01-09,,2026-09-26T08:07:07.177952+00:00,2024-01-10,CONSERVATIVE_T1,margin_sse,600598,True
2024-01-09,AGGREGATOR|research-node|akshare@1.18.97|stock_margin_detail_sse,2024-01-09,,2026-09-26T08:07:07.177952+00:00,2024-01-10,CONSERVATIVE_T1,margin_sse,600694,True
2024-01-09,AGGREGATOR|research-node|akshare@1.18.97|stock_margin_detail_sse,2024-01-09,,2026-09-26T08:07:07.177952+00:00,2024-01-10,CONSERVATIVE_T1,margin_sse,601298,True
2024-01-09,AGGREGATOR|research-node|akshare@1.18.97|stock_margin_detail_sse,2024-01-09,,2026-09-26T08:07:07.177952+00:00,2024-01-10,CONSERVATIVE_T1,margin_sse,601328,True
2024-01-09,AGGREGATOR|research-node|akshare@1.18.97|stock_margin_detail_sse,2024-01-09,,2026-09-26T08:07:07.177952+00:00,2024-01-10,CONSERVATIVE_T1,margin_sse,601869,True
2024-01-09,AGGREGATOR|research-node|akshare@1.18.97|stock_margin_detail_sse,2024-01-09,,2026-09-26T08:07:07.177952+00:00,2024-01-10,CONSERVATIVE_T1,margin_sse,601985,True
2024-01-09,AGGREGATOR|research-node|akshare@1.18.97|stock_margin_detail_sse,2024-01-09,,2026-09-26T08:07:07.177952+00:00,2024-01-10,CONSERVATIVE_T1,margin_sse,601988,True
2024-01-09,AGGREGATOR|research-node|akshare@1.18.97|stock_margin_detail_sse,2024-01-09,,2026-09-26T08:07:07.177952+00:00,2024-01-10,CONSERVATIVE_T1,margin_sse,601992,True
2024-01-09,AGGREGATOR|research-node|akshare@1.18.97|stock_margin_detail_sse,2024-01-09,,2026-09-26T08:07:07.177952+00:00,2024-01-10,CONSERVATIVE_T1,margin_sse,688498,True
2024-01-09,AGGREGATOR|research-node|akshare@1.18.97|stock_margin_detail_sse,2024-01-09,,2026-09-26T08:07:07.177952+00:00,2024-01-10,CONSERVATIVE_T1,margin_sse,688521,True
2024-01-10,AGGREGATOR|research-node|akshare@1.18.97|stock_margin_detail_sse,2024-01-10,,2026-09-26T08:07:11.596786+00:00,2024-01-11,CONSERVATIVE_T1,margin_sse,600196,True
2024-01-10,AGGREGATOR|research-node|akshare@1.18.97|stock_margin_detail_sse,2024-01-10,,2026-09-26T08:07:11.596786+00:00,2024-01-11,CONSERVATIVE_T1,margin_sse,600269,True
2024-01-10,AGGREGATOR|research-node|akshare@1.18.97|stock_margin_detail_sse,2024-01-10,,2026-09-26T08:07:11.596786+00:00,2024-01-11,CONSERVATIVE_T1,margin_sse,600377,True
2024-01-10,AGGREGATOR|research-node|akshare@1.18.97|stock_margin_detail_sse,2024-01-10,,2026-09-26T08:07:11.596786+00:00,2024-01-11,CONSERVATIVE_T1,margin_sse,600567,True
2024-01-10,AGGREGATOR|research-node|akshare@1.18.97|stock_margin_detail_sse,2024-01-10,,2026-09-26T08:07:11.596786+00:00,2024-01-11,CONSERVATIVE_T1,margin_sse,600598,True
2024-01-10,AGGREGATOR|research-node|akshare@1.18.97|stock_margin_detail_sse,2024-01-10,,2026-09-26T08:07:11.596786+00:00,2024-01-11,CONSERVATIVE_T1,margin_sse,600694,True
2024-01-10,AGGREGATOR|research-node|akshare@1.18.97|stock_margin_detail_sse,2024-01-10,,2026-09-26T08:07:11.596786+00:00,2024-01-11,CONSERVATIVE_T1,margin_sse,601298,True
2024-01-10,AGGREGATOR|research-node|akshare@1.18.97|stock_margin_detail_sse,2024-01-10,,2026-09-26T08:07:11.596786+00:00,2024-01-11,CONSERVATIVE_T1,margin_sse,601328,True
2024-01-10,AGGREGATOR|research-node|akshare@1.18.97|stock_margin_detail_sse,2024-01-10,,2026-09-26T08:07:11.596786+00:00,2024-01-11,CONSERVATIVE_T1,margin_sse,601869,True
2024-01-10,AGGREGATOR|research-node|akshare@1.18.97|stock_margin_detail_sse,2024-01-10,,2026-09-26T08:07:11.596786+00:00,2024-01-11,CONSERVATIVE_T1,margin_sse,601985,True
2024-01-10,AGGREGATOR|research-node|akshare@1.18.97|stock_margin_detail_sse,2024-01-10,,2026-09-26T08:07:11.596786+00:00,2024-01-11,CONSERVATIVE_T1,margin_sse,601988,True
2024-01-10,AGGREGATOR|research-node|akshare@1.18.97|stock_margin_detail_sse,2024-01-10,,2026-09-26T08:07:11.596786+00:00,2024-01-11,CONSERVATIVE_T1,margin_sse,601992,True
2024-01-10,AGGREGATOR|research-node|akshare@1.18.97|stock_margin_detail_sse,2024-01-10,,2026-09-26T08:07:11.596786+00:00,2024-01-11,CONSERVATIVE_T1,margin_sse,688498,True
2024-01-10,AGGREGATOR|research-node|akshare@1.18.97|stock_margin_detail_sse,2024-01-10,,2026-09-26T08:07:11.596786+00:00,2024-01-11,CONSERVATIVE_T1,margin_sse,688521,True
2024-01-11,AGGREGATOR|research-node|akshare@1.18.97|stock_margin_detail_sse,2024-01-11,,2026-09-26T08:07:15.967927+00:00,2024-01-12,CONSERVATIVE_T1,margin_sse,600196,True
2024-01-11,AGGREGATOR|research-node|akshare@1.18.97|stock_margin_detail_sse,2024-01-11,,2026-09-26T08:07:15.967927+00:00,2024-01-12,CONSERVATIVE_T1,margin_sse,600269,True
2024-01-11,AGGREGATOR|research-node|akshare@1.18.97|stock_margin_detail_sse,2024-01-11,,2026-09-26T08:07:15.967927+00:00,2024-01-12,CONSERVATIVE_T1,margin_sse,600377,True
2024-01-11,AGGREGATOR|research-node|akshare@1.18.97|stock_margin_detail_sse,2024-01-11,,2026-09-26T08:07:15.967927+00:00,2024-01-12,CONSERVATIVE_T1,margin_sse,600567,True
2024-01-11,AGGREGATOR|research-node|akshare@1.18.97|stock_margin_detail_sse,2024-01-11,,2026-09-26T08:07:15.967927+00:00,2024-01-12,CONSERVATIVE_T1,margin_sse,600598,True
2024-01-11,AGGREGATOR|research-node|akshare@1.18.97|stock_margin_detail_sse,2024-01-11,,2026-09-26T08:07:15.967927+00:00,2024-01-12,CONSERVATIVE_T1,margin_sse,600694,True
2024-01-11,AGGREGATOR|research-node|akshare@1.18.97|stock_margin_detail_sse,2024-01-11,,2026-09-26T08:07:15.967927+00:00,2024-01-12,CONSERVATIVE_T1,margin_sse,601298,True
2024-01-11,AGGREGATOR|research-node|akshare@1.18.97|stock_margin_detail_sse,2024-01-11,,2026-09-26T08:07:15.967927+00:00,2024-01-12,CONSERVATIVE_T1,margin_sse,601328,True
2024-01-11,AGGREGATOR|research-node|akshare@1.18.97|stock_margin_detail_sse,2024-01-11,,2026-09-26T08:07:15.967927+00:00,2024-01-12,CONSERVATIVE_T1,margin_sse,601869,True
2024-01-11,AGGREGATOR|research-node|akshare@1.18.97|stock_margin_detail_sse,2024-01-11,,2026-09-26T08:07:15.967927+00:00,2024-01-12,CONSERVATIVE_T1,margin_sse,601985,True
2024-01-11,AGGREGATOR|research-node|akshare@1.18.97|stock_margin_detail_sse,2024-01-11,,2026-09-26T08:07:15.967927+00:00,2024-01-12,CONSERVATIVE_T1,margin_sse,601988,True
2024-01-11,AGGREGATOR|research-node|akshare@1.18.97|stock_margin_detail_sse,2024-01-11,,2026-09-26T08:07:15.967927+00:00,2024-01-12,CONSERVATIVE_T1,margin_sse,601992,True
2024-01-11,AGGREGATOR|research-node|akshare@1.18.97|stock_margin_detail_sse,2024-01-11,,2026-09-26T08:07:15.967927+00:00,2024-01-12,CONSERVATIVE_T1,margin_sse,688498,True
2024-01-11,AGGREGATOR|research-node|akshare@1.18.97|stock_margin_detail_sse,2024-01-11,,2026-09-26T08:07:15.967927+00:00,2024-01-12,CONSERVATIVE_T1,margin_sse,688521,True
2024-01-12,AGGREGATOR|research-node|akshare@1.18.97|stock_margin_detail_sse,2024-01-12,,2026-09-26T08:07:20.333968+00:00,2024-01-15,CONSERVATIVE_T1,margin_sse,600196,True
2024-01-12,AGGREGATOR|research-node|akshare@1.18.97|stock_margin_detail_sse,2024-01-12,,2026-09-26T08:07:20.333968+00:00,2024-01-15,CONSERVATIVE_T1,margin_sse,600269,True
2024-01-12,AGGREGATOR|research-node|akshare@1.18.97|stock_margin_detail_sse,2024-01-12,,2026-09-26T08:07:20.333968+00:00,2024-01-15,CONSERVATIVE_T1,margin_sse,600377,True
2024-01-12,AGGREGATOR|research-node|akshare@1.18.97|stock_margin_detail_sse,2024-01-12,,2026-09-26T08:07:20.333968+00:00,2024-01-15,CONSERVATIVE_T1,margin_sse,600567,True
2024-01-12,AGGREGATOR|research-node|akshare@1.18.97|stock_margin_detail_sse,2024-01-12,,2026-09-26T08:07:20.333968+00:00,2024-01-15,CONSERVATIVE_T1,margin_sse,600598,True
2024-01-12,AGGREGATOR|research-node|akshare@1.18.97|stock_margin_detail_sse,2024-01-12,,2026-09-26T08:07:20.333968+00:00,2024-01-15,CONSERVATIVE_T1,margin_sse,600694,True
2024-01-12,AGGREGATOR|research-node|akshare@1.18.97|stock_margin_detail_sse,2024-01-12,,2026-09-26T08:07:20.333968+00:00,2024-01-15,CONSERVATIVE_T1,margin_sse,601298,True
2024-01-12,AGGREGATOR|research-node|akshare@1.18.97|stock_margin_detail_sse,2024-01-12,,2026-09-26T08:07:20.333968+00:00,2024-01-15,CONSERVATIVE_T1,margin_sse,601328,True
2024-01-12,AGGREGATOR|research-node|akshare@1.18.97|stock_margin_detail_sse,2024-01-12,,2026-09-26T08:07:20.333968+00:00,2024-01-15,CONSERVATIVE_T1,margin_sse,601869,True
2024-01-12,AGGREGATOR|research-node|akshare@1.18.97|stock_margin_detail_sse,2024-01-12,,2026-09-26T08:07:20.333968+00:00,2024-01-15,CONSERVATIVE_T1,margin_sse,601985,True
2024-01-12,AGGREGATOR|research-node|akshare@1.18.97|stock_margin_detail_sse,2024-01-12,,2026-09-26T08:07:20.333968+00:00,2024-01-15,CONSERVATIVE_T1,margin_sse,601988,True
2024-01-12,AGGREGATOR|research-node|akshare@1.18.97|stock_margin_detail_sse,2024-01-12,,2026-09-26T08:07:20.333968+00:00,2024-01-15,CONSERVATIVE_T1,margin_sse,601992,True
2024-01-12,AGGREGATOR|research-node|akshare@1.18.97|stock_margin_detail_sse,2024-01-12,,2026-09-26T08:07:20.333968+00:00,2024-01-15,CONSERVATIVE_T1,margin_sse,688498,True
2024-01-12,AGGREGATOR|research-node|akshare@1.18.97|stock_margin_detail_sse,2024-01-12,,2026-09-26T08:07:20.333968+00:00,2024-01-15,CONSERVATIVE_T1,margin_sse,688521,True
2024-01-15,AGGREGATOR|research-node|akshare@1.18.97|stock_margin_detail_sse,2024-01-15,,2026-09-26T08:07:24.640518+00:00,2024-01-16,CONSERVATIVE_T1,margin_sse,600196,True
2024-01-15,AGGREGATOR|research-node|akshare@1.18.97|stock_margin_detail_sse,2024-01-15,,2026-09-26T08:07:24.640518+00:00,2024-01-16,CONSERVATIVE_T1,margin_sse,600269,True
2024-01-15,AGGREGATOR|research-node|akshare@1.18.97|stock_margin_detail_sse,2024-01-15,,2026-09-26T08:07:24.640518+00:00,2024-01-16,CONSERVATIVE_T1,margin_sse,600377,True
2024-01-15,AGGREGATOR|research-node|akshare@1.18.97|stock_margin_detail_sse,2024-01-15,,2026-09-26T08:07:24.640518+00:00,2024-01-16,CONSERVATIVE_T1,margin_sse,600567,True
2024-01-15,AGGREGATOR|research-node|akshare@1.18.97|stock_margin_detail_sse,2024-01-15,,2026-09-26T08:07:24.640518+00:00,2024-01-16,CONSERVATIVE_T1,margin_sse,600598,True
2024-01-15,AGGREGATOR|research-node|akshare@1.18.97|stock_margin_detail_sse,2024-01-15,,2026-09-26T08:07:24.640518+00:00,2024-01-16,CONSERVATIVE_T1,margin_sse,600694,True
2024-01-15,AGGREGATOR|research-node|akshare@1.18.97|stock_margin_detail_sse,2024-01-15,,2026-09-26T08:07:24.640518+00:00,2024-01-16,CONSERVATIVE_T1,margin_sse,601298,True
2024-01-15,AGGREGATOR|research-node|akshare@1.18.97|stock_margin_detail_sse,2024-01-15,,2026-09-26T08:07:24.640518+00:00,2024-01-16,CONSERVATIVE_T1,margin_sse,601328,True
2024-01-15,AGGREGATOR|research-node|akshare@1.18.97|stock_margin_detail_sse,2024-01-15,,2026-09-26T08:07:24.640518+00:00,2024-01-16,CONSERVATIVE_T1,margin_sse,601869,True
2024-01-15,AGGREGATOR|research-node|akshare@1.18.97|stock_margin_detail_sse,2024-01-15,,2026-09-26T08:07:24.640518+00:00,2024-01-16,CONSERVATIVE_T1,margin_sse,601985,True
2024-01-15,AGGREGATOR|research-node|akshare@1.18.97|stock_margin_detail_sse,2024-01-15,,2026-09-26T08:07:24.640518+00:00,2024-01-16,CONSERVATIVE_T1,margin_sse,601988,True
2024-01-15,AGGREGATOR|research-node|akshare@1.18.97|stock_margin_detail_sse,2024-01-15,,2026-09-26T08:07:24.640518+00:00,2024-01-16,CONSERVATIVE_T1,margin_sse,601992,True
2024-01-15,AGGREGATOR|research-node|akshare@1.18.97|stock_margin_detail_sse,2024-01-15,,2026-09-26T08:07:24.640518+00:00,2024-01-16,CONSERVATIVE_T1,margin_sse,688498,True
2024-01-15,AGGREGATOR|research-node|akshare@1.18.97|stock_margin_detail_sse,2024-01-15,,2026-09-26T08:07:24.640518+00:00,2024-01-16,CONSERVATIVE_T1,margin_sse,688521,True
2024-01-16,AGGREGATOR|research-node|akshare@1.18.97|stock_margin_detail_sse,2024-01-16,,2026-09-26T08:07:29.002235+00:00,2024-01-17,CONSERVATIVE_T1,margin_sse,600196,True
2024-01-16,AGGREGATOR|research-node|akshare@1.18.97|stock_margin_detail_sse,2024-01-16,,2026-09-26T08:07:29.002235+00:00,2024-01-17,CONSERVATIVE_T1,margin_sse,600269,True
2024-01-16,AGGREGATOR|research-node|akshare@1.18.97|stock_margin_detail_sse,2024-01-16,,2026-09-26T08:07:29.002235+00:00,2024-01-17,CONSERVATIVE_T1,margin_sse,600377,True
2024-01-16,AGGREGATOR|research-node|akshare@1.18.97|stock_margin_detail_sse,2024-01-16,,2026-09-26T08:07:29.002235+00:00,2024-01-17,CONSERVATIVE_T1,margin_sse,600567,True
2024-01-16,AGGREGATOR|research-node|akshare@1.18.97|stock_margin_detail_sse,2024-01-16,,2026-09-26T08:07:29.002235+00:00,2024-01-17,CONSERVATIVE_T1,margin_sse,600598,True
2024-01-16,AGGREGATOR|research-node|akshare@1.18.97|stock_margin_detail_sse,2024-01-16,,2026-09-26T08:07:29.002235+00:00,2024-01-17,CONSERVATIVE_T1,margin_sse,600694,True
2024-01-16,AGGREGATOR|research-node|akshare@1.18.97|stock_margin_detail_sse,2024-01-16,,2026-09-26T08:07:29.002235+00:00,2024-01-17,CONSERVATIVE_T1,margin_sse,601298,True
2024-01-16,AGGREGATOR|research-node|akshare@1.18.97|stock_margin_detail_sse,2024-01-16,,2026-09-26T08:07:29.002235+00:00,2024-01-17,CONSERVATIVE_T1,margin_sse,601328,True
2024-01-16,AGGREGATOR|research-node|akshare@1.18.97|stock_margin_detail_sse,2024-01-16,,2026-09-26T08:07:29.002235+00:00,2024-01-17,CONSERVATIVE_T1,margin_sse,601869,True
2024-01-16,AGGREGATOR|research-node|akshare@1.18.97|stock_margin_detail_sse,2024-01-16,,2026-09-26T08:07:29.002235+00:00,2024-01-17,CONSERVATIVE_T1,margin_sse,601985,True
2024-01-16,AGGREGATOR|research-node|akshare@1.18.97|stock_margin_detail_sse,2024-01-16,,2026-09-26T08:07:29.002235+00:00,2024-01-17,CONSERVATIVE_T1,margin_sse,601988,True
2024-01-16,AGGREGATOR|research-node|akshare@1.18.97|stock_margin_detail_sse,2024-01-16,,2026-09-26T08:07:29.002235+00:00,2024-01-17,CONSERVATIVE_T1,margin_sse,601992,True
2024-01-16,AGGREGATOR|research-node|akshare@1.18.97|stock_margin_detail_sse,2024-01-16,,2026-09-26T08:07:29.002235+00:00,2024-01-17,CONSERVATIVE_T1,margin_sse,688498,True
2024-01-16,AGGREGATOR|research-node|akshare@1.18.97|stock_margin_detail_sse,2024-01-16,,2026-09-26T08:07:29.002235+00:00,2024-01-17,CONSERVATIVE_T1,margin_sse,688521,True
2024-01-17,AGGREGATOR|research-node|akshare@1.18.97|stock_margin_detail_sse,2024-01-17,,2026-09-26T08:07:33.399764+00:00,2024-01-18,CONSERVATIVE_T1,margin_sse,600196,True
2024-01-17,AGGREGATOR|research-node|akshare@1.18.97|stock_margin_detail_sse,2024-01-17,,2026-09-26T08:07:33.399764+00:00,2024-01-18,CONSERVATIVE_T1,margin_sse,600269,True
2024-01-17,AGGREGATOR|research-node|akshare@1.18.97|stock_margin_detail_sse,2024-01-17,,2026-09-26T08:07:33.399764+00:00,2024-01-18,CONSERVATIVE_T1,margin_sse,600377,True
2024-01-17,AGGREGATOR|research-node|akshare@1.18.97|stock_margin_detail_sse,2024-01-17,,2026-09-26T08:07:33.399764+00:00,2024-01-18,CONSERVATIVE_T1,margin_sse,600567,True
2024-01-17,AGGREGATOR|research-node|akshare@1.18.97|stock_margin_detail_sse,2024-01-17,,2026-09-26T08:07:33.399764+00:00,2024-01-18,CONSERVATIVE_T1,margin_sse,600598,True
2024-01-17,AGGREGATOR|research-node|akshare@1.18.97|stock_margin_detail_sse,2024-01-17,,2026-09-26T08:07:33.399764+00:00,2024-01-18,CONSERVATIVE_T1,margin_sse,600694,True
2024-01-17,AGGREGATOR|research-node|akshare@1.18.97|stock_margin_detail_sse,2024-01-17,,2026-09-26T08:07:33.399764+00:00,2024-01-18,CONSERVATIVE_T1,margin_sse,601298,True
2024-01-17,AGGREGATOR|research-node|akshare@1.18.97|stock_margin_detail_sse,2024-01-17,,2026-09-26T08:07:33.399764+00:00,2024-01-18,CONSERVATIVE_T1,margin_sse,601328,True
2024-01-17,AGGREGATOR|research-node|akshare@1.18.97|stock_margin_detail_sse,2024-01-17,,2026-09-26T08:07:33.399764+00:00,2024-01-18,CONSERVATIVE_T1,margin_sse,601869,True
2024-01-17,AGGREGATOR|research-node|akshare@1.18.97|stock_margin_detail_sse,2024-01-17,,2026-09-26T08:07:33.399764+00:00,2024-01-18,CONSERVATIVE_T1,margin_sse,601985,True
2024-01-17,AGGREGATOR|research-node|akshare@1.18.97|stock_margin_detail_sse,2024-01-17,,2026-09-26T08:07:33.399764+00:00,2024-01-18,CONSERVATIVE_T1,margin_sse,601988,True
2024-01-17,AGGREGATOR|research-node|akshare@1.18.97|stock_margin_detail_sse,2024-01-17,,2026-09-26T08:07:33.399764+00:00,2024-01-18,CONSERVATIVE_T1,margin_sse,601992,True
2024-01-17,AGGREGATOR|research-node|akshare@1.18.97|stock_margin_detail_sse,2024-01-17,,2026-09-26T08:07:33.399764+00:00,2024-01-18,CONSERVATIVE_T1,margin_sse,688498,True
2024-01-17,AGGREGATOR|research-node|akshare@1.18.97|stock_margin_detail_sse,2024-01-17,,2026-09-26T08:07:33.399764+00:00,2024-01-18,CONSERVATIVE_T1,margin_sse,688521,True
2024-01-18,AGGREGATOR|research-node|akshare@1.18.97|stock_margin_detail_sse,2024-01-18,,2026-09-26T08:07:37.755701+00:00,2024-01-19,CONSERVATIVE_T1,margin_sse,600196,True
2024-01-18,AGGREGATOR|research-node|akshare@1.18.97|stock_margin_detail_sse,2024-01-18,,2026-09-26T08:07:37.755701+00:00,2024-01-19,CONSERVATIVE_T1,margin_sse,600269,True
2024-01-18,AGGREGATOR|research-node|akshare@1.18.97|stock_margin_detail_sse,2024-01-18,,2026-09-26T08:07:37.755701+00:00,2024-01-19,CONSERVATIVE_T1,margin_sse,600377,True
2024-01-18,AGGREGATOR|research-node|akshare@1.18.97|stock_margin_detail_sse,2024-01-18,,2026-09-26T08:07:37.755701+00:00,2024-01-19,CONSERVATIVE_T1,margin_sse,600567,True
2024-01-18,AGGREGATOR|research-node|akshare@1.18.97|stock_margin_detail_sse,2024-01-18,,2026-09-26T08:07:37.755701+00:00,2024-01-19,CONSERVATIVE_T1,margin_sse,600598,True
2024-01-18,AGGREGATOR|research-node|akshare@1.18.97|stock_margin_detail_sse,2024-01-18,,2026-09-26T08:07:37.755701+00:00,2024-01-19,CONSERVATIVE_T1,margin_sse,600694,True
2024-01-18,AGGREGATOR|research-node|akshare@1.18.97|stock_margin_detail_sse,2024-01-18,,2026-09-26T08:07:37.755701+00:00,2024-01-19,CONSERVATIVE_T1,margin_sse,601298,True
2024-01-18,AGGREGATOR|research-node|akshare@1.18.97|stock_margin_detail_sse,2024-01-18,,2026-09-26T08:07:37.755701+00:00,2024-01-19,CONSERVATIVE_T1,margin_sse,601328,True
2024-01-18,AGGREGATOR|research-node|akshare@1.18.97|stock_margin_detail_sse,2024-01-18,,2026-09-26T08:07:37.755701+00:00,2024-01-19,CONSERVATIVE_T1,margin_sse,601869,True
2024-01-18,AGGREGATOR|research-node|akshare@1.18.97|stock_margin_detail_sse,2024-01-18,,2026-09-26T08:07:37.755701+00:00,2024-01-19,CONSERVATIVE_T1,margin_sse,601985,True
2024-01-18,AGGREGATOR|research-node|akshare@1.18.97|stock_margin_detail_sse,2024-01-18,,2026-09-26T08:07:37.755701+00:00,2024-01-19,CONSERVATIVE_T1,margin_sse,601988,True
2024-01-18,AGGREGATOR|research-node|akshare@1.18.97|stock_margin_detail_sse,2024-01-18,,2026-09-26T08:07:37.755701+00:00,2024-01-19,CONSERVATIVE_T1,margin_sse,601992,True
2024-01-18,AGGREGATOR|research-node|akshare@1.18.97|stock_margin_detail_sse,2024-01-18,,2026-09-26T08:07:37.755701+00:00,2024-01-19,CONSERVATIVE_T1,margin_sse,688498,True
2024-01-18,AGGREGATOR|research-node|akshare@1.18.97|stock_margin_detail_sse,2024-01-18,,2026-09-26T08:07:37.755701+00:00,2024-01-19,CONSERVATIVE_T1,margin_sse,688521,True
2024-01-19,AGGREGATOR|research-node|akshare@1.18.97|stock_margin_detail_sse,2024-01-19,,2026-09-26T08:07:42.188058+00:00,2024-01-22,CONSERVATIVE_T1,margin_sse,600196,True
2024-01-19,AGGREGATOR|research-node|akshare@1.18.97|stock_margin_detail_sse,2024-01-19,,2026-09-26T08:07:42.188058+00:00,2024-01-22,CONSERVATIVE_T1,margin_sse,600269,True
2024-01-19,AGGREGATOR|research-node|akshare@1.18.97|stock_margin_detail_sse,2024-01-19,,2026-09-26T08:07:42.188058+00:00,2024-01-22,CONSERVATIVE_T1,margin_sse,600377,True
2024-01-19,AGGREGATOR|research-node|akshare@1.18.97|stock_margin_detail_sse,2024-01-19,,2026-09-26T08:07:42.188058+00:00,2024-01-22,CONSERVATIVE_T1,margin_sse,600567,True
2024-01-19,AGGREGATOR|research-node|akshare@1.18.97|stock_margin_detail_sse,2024-01-19,,2026-09-26T08:07:42.188058+00:00,2024-01-22,CONSERVATIVE_T1,margin_sse,600598,True
2024-01-19,AGGREGATOR|research-node|akshare@1.18.97|stock_margin_detail_sse,2024-01-19,,2026-09-26T08:07:42.188058+00:00,2024-01-22,CONSERVATIVE_T1,margin_sse,600694,True
2024-01-19,AGGREGATOR|research-node|akshare@1.18.97|stock_margin_detail_sse,2024-01-19,,2026-09-26T08:07:42.188058+00:00,2024-01-22,CONSERVATIVE_T1,margin_sse,601298,True
2024-01-19,AGGREGATOR|research-node|akshare@1.18.97|stock_margin_detail_sse,2024-01-19,,2026-09-26T08:07:42.188058+00:00,2024-01-22,CONSERVATIVE_T1,margin_sse,601328,True
2024-01-19,AGGREGATOR|research-node|akshare@1.18.97|stock_margin_detail_sse,2024-01-19,,2026-09-26T08:07:42.188058+00:00,2024-01-22,CONSERVATIVE_T1,margin_sse,601869,True
2024-01-19,AGGREGATOR|research-node|akshare@1.18.97|stock_margin_detail_sse,2024-01-19,,2026-09-26T08:07:42.188058+00:00,2024-01-22,CONSERVATIVE_T1,margin_sse,601985,True
2024-01-19,AGGREGATOR|research-node|akshare@1.18.97|stock_margin_detail_sse,2024-01-19,,2026-09-26T08:07:42.188058+00:00,2024-01-22,CONSERVATIVE_T1,margin_sse,601988,True
2024-01-19,AGGREGATOR|research-node|akshare@1.18.97|stock_margin_detail_sse,2024-01-19,,2026-09-26T08:07:42.188058+00:00,2024-01-22,CONSERVATIVE_T1,margin_sse,601992,True
2024-01-19,AGGREGATOR|research-node|akshare@1.18.97|stock_margin_detail_sse,2024-01-19,,2026-09-26T08:07:42.188058+00:00,2024-01-22,CONSERVATIVE_T1,margin_sse,688498,True
2024-01-19,AGGREGATOR|research-node|akshare@1.18.97|stock_margin_detail_sse,2024-01-19,,2026-09-26T08:07:42.188058+00:00,2024-01-22,CONSERVATIVE_T1,margin_sse,688521,True
2024-01-22,AGGREGATOR|research-node|akshare@1.18.97|stock_margin_detail_sse,2024-01-22,,2026-09-26T08:07:46.776005+00:00,2024-01-23,CONSERVATIVE_T1,margin_sse,600196,True
2024-01-22,AGGREGATOR|research-node|akshare@1.18.97|stock_margin_detail_sse,2024-01-22,,2026-09-26T08:07:46.776005+00:00,2024-01-23,CONSERVATIVE_T1,margin_sse,600269,True
2024-01-22,AGGREGATOR|research-node|akshare@1.18.97|stock_margin_detail_sse,2024-01-22,,2026-09-26T08:07:46.776005+00:00,2024-01-23,CONSERVATIVE_T1,margin_sse,600377,True
2024-01-22,AGGREGATOR|research-node|akshare@1.18.97|stock_margin_detail_sse,2024-01-22,,2026-09-26T08:07:46.776005+00:00,2024-01-23,CONSERVATIVE_T1,margin_sse,600567,True
2024-01-22,AGGREGATOR|research-node|akshare@1.18.97|stock_margin_detail_sse,2024-01-22,,2026-09-26T08:07:46.776005+00:00,2024-01-23,CONSERVATIVE_T1,margin_sse,600598,True
2024-01-22,AGGREGATOR|research-node|akshare@1.18.97|stock_margin_detail_sse,2024-01-22,,2026-09-26T08:07:46.776005+00:00,2024-01-23,CONSERVATIVE_T1,margin_sse,600694,True
2024-01-22,AGGREGATOR|research-node|akshare@1.18.97|stock_margin_detail_sse,2024-01-22,,2026-09-26T08:07:46.776005+00:00,2024-01-23,CONSERVATIVE_T1,margin_sse,601298,True
2024-01-22,AGGREGATOR|research-node|akshare@1.18.97|stock_margin_detail_sse,2024-01-22,,2026-09-26T08:07:46.776005+00:00,2024-01-23,CONSERVATIVE_T1,margin_sse,601328,True
2024-01-22,AGGREGATOR|research-node|akshare@1.18.97|stock_margin_detail_sse,2024-01-22,,2026-09-26T08:07:46.776005+00:00,2024-01-23,CONSERVATIVE_T1,margin_sse,601869,True
2024-01-22,AGGREGATOR|research-node|akshare@1.18.97|stock_margin_detail_sse,2024-01-22,,2026-09-26T08:07:46.776005+00:00,2024-01-23,CONSERVATIVE_T1,margin_sse,601985,True
2024-01-22,AGGREGATOR|research-node|akshare@1.18.97|stock_margin_detail_sse,2024-01-22,,2026-09-26T08:07:46.776005+00:00,2024-01-23,CONSERVATIVE_T1,margin_sse,601988,True
2024-01-22,AGGREGATOR|research-node|akshare@1.18.97|stock_margin_detail_sse,2024-01-22,,2026-09-26T08:07:46.776005+00:00,2024-01-23,CONSERVATIVE_T1,margin_sse,601992,True
2024-01-22,AGGREGATOR|research-node|akshare@1.18.97|stock_margin_detail_sse,2024-01-22,,2026-09-26T08:07:46.776005+00:00,2024-01-23,CONSERVATIVE_T1,margin_sse,688498,True
2024-01-22,AGGREGATOR|research-node|akshare@1.18.97|stock_margin_detail_sse,2024-01-22,,2026-09-26T08:07:46.776005+00:00,2024-01-23,CONSERVATIVE_T1,margin_sse,688521,True
2024-01-23,AGGREGATOR|research-node|akshare@1.18.97|stock_margin_detail_sse,2024-01-23,,2026-09-26T08:07:51.202970+00:00,2024-01-24,CONSERVATIVE_T1,margin_sse,600196,True
2024-01-23,AGGREGATOR|research-node|akshare@1.18.97|stock_margin_detail_sse,2024-01-23,,2026-09-26T08:07:51.202970+00:00,2024-01-24,CONSERVATIVE_T1,margin_sse,600269,True
2024-01-23,AGGREGATOR|research-node|akshare@1.18.97|stock_margin_detail_sse,2024-01-23,,2026-09-26T08:07:51.202970+00:00,2024-01-24,CONSERVATIVE_T1,margin_sse,600377,True
2024-01-23,AGGREGATOR|research-node|akshare@1.18.97|stock_margin_detail_sse,2024-01-23,,2026-09-26T08:07:51.202970+00:00,2024-01-24,CONSERVATIVE_T1,margin_sse,600567,True
2024-01-23,AGGREGATOR|research-node|akshare@1.18.97|stock_margin_detail_sse,2024-01-23,,2026-09-26T08:07:51.202970+00:00,2024-01-24,CONSERVATIVE_T1,margin_sse,600598,True
2024-01-23,AGGREGATOR|research-node|akshare@1.18.97|stock_margin_detail_sse,2024-01-23,,2026-09-26T08:07:51.202970+00:00,2024-01-24,CONSERVATIVE_T1,margin_sse,600694,True
2024-01-23,AGGREGATOR|research-node|akshare@1.18.97|stock_margin_detail_sse,2024-01-23,,2026-09-26T08:07:51.202970+00:00,2024-01-24,CONSERVATIVE_T1,margin_sse,601298,True
2024-01-23,AGGREGATOR|research-node|akshare@1.18.97|stock_margin_detail_sse,2024-01-23,,2026-09-26T08:07:51.202970+00:00,2024-01-24,CONSERVATIVE_T1,margin_sse,601328,True
2024-01-23,AGGREGATOR|research-node|akshare@1.18.97|stock_margin_detail_sse,2024-01-23,,2026-09-26T08:07:51.202970+00:00,2024-01-24,CONSERVATIVE_T1,margin_sse,601869,True
2024-01-23,AGGREGATOR|research-node|akshare@1.18.97|stock_margin_detail_sse,2024-01-23,,2026-09-26T08:07:51.202970+00:00,2024-01-24,CONSERVATIVE_T1,margin_sse,601985,True
2024-01-23,AGGREGATOR|research-node|akshare@1.18.97|stock_margin_detail_sse,2024-01-23,,2026-09-26T08:07:51.202970+00:00,2024-01-24,CONSERVATIVE_T1,margin_sse,601988,True
2024-01-23,AGGREGATOR|research-node|akshare@1.18.97|stock_margin_detail_sse,2024-01-23,,2026-09-26T08:07:51.202970+00:00,2024-01-24,CONSERVATIVE_T1,margin_sse,601992,True
2024-01-23,AGGREGATOR|research-node|akshare@1.18.97|stock_margin_detail_sse,2024-01-23,,2026-09-26T08:07:51.202970+00:00,2024-01-24,CONSERVATIVE_T1,margin_sse,688498,True
2024-01-23,AGGREGATOR|research-node|akshare@1.18.97|stock_margin_detail_sse,2024-01-23,,2026-09-26T08:07:51.202970+00:00,2024-01-24,CONSERVATIVE_T1,margin_sse,688521,True
2024-01-24,AGGREGATOR|research-node|akshare@1.18.97|stock_margin_detail_sse,2024-01-24,,2026-09-26T08:07:55.669857+00:00,2024-01-25,CONSERVATIVE_T1,margin_sse,600196,True
2024-01-24,AGGREGATOR|research-node|akshare@1.18.97|stock_margin_detail_sse,2024-01-24,,2026-09-26T08:07:55.669857+00:00,2024-01-25,CONSERVATIVE_T1,margin_sse,600269,True
2024-01-24,AGGREGATOR|research-node|akshare@1.18.97|stock_margin_detail_sse,2024-01-24,,2026-09-26T08:07:55.669857+00:00,2024-01-25,CONSERVATIVE_T1,margin_sse,600377,True
2024-01-24,AGGREGATOR|research-node|akshare@1.18.97|stock_margin_detail_sse,2024-01-24,,2026-09-26T08:07:55.669857+00:00,2024-01-25,CONSERVATIVE_T1,margin_sse,600567,True
2024-01-24,AGGREGATOR|research-node|akshare@1.18.97|stock_margin_detail_sse,2024-01-24,,2026-09-26T08:07:55.669857+00:00,2024-01-25,CONSERVATIVE_T1,margin_sse,600598,True
2024-01-24,AGGREGATOR|research-node|akshare@1.18.97|stock_margin_detail_sse,2024-01-24,,2026-09-26T08:07:55.669857+00:00,2024-01-25,CONSERVATIVE_T1,margin_sse,600694,True
2024-01-24,AGGREGATOR|research-node|akshare@1.18.97|stock_margin_detail_sse,2024-01-24,,2026-09-26T08:07:55.669857+00:00,2024-01-25,CONSERVATIVE_T1,margin_sse,601298,True
2024-01-24,AGGREGATOR|research-node|akshare@1.18.97|stock_margin_detail_sse,2024-01-24,,2026-09-26T08:07:55.669857+00:00,2024-01-25,CONSERVATIVE_T1,margin_sse,601328,True
2024-01-24,AGGREGATOR|research-node|akshare@1.18.97|stock_margin_detail_sse,2024-01-24,,2026-09-26T08:07:55.669857+00:00,2024-01-25,CONSERVATIVE_T1,margin_sse,601869,True
2024-01-24,AGGREGATOR|research-node|akshare@1.18.97|stock_margin_detail_sse,2024-01-24,,2026-09-26T08:07:55.669857+00:00,2024-01-25,CONSERVATIVE_T1,margin_sse,601985,True
2024-01-24,AGGREGATOR|research-node|akshare@1.18.97|stock_margin_detail_sse,2024-01-24,,2026-09-26T08:07:55.669857+00:00,2024-01-25,CONSERVATIVE_T1,margin_sse,601988,True
2024-01-24,AGGREGATOR|research-node|akshare@1.18.97|stock_margin_detail_sse,2024-01-24,,2026-09-26T08:07:55.669857+00:00,2024-01-25,CONSERVATIVE_T1,margin_sse,601992,True
2024-01-24,AGGREGATOR|research-node|akshare@1.18.97|stock_margin_detail_sse,2024-01-24,,2026-09-26T08:07:55.669857+00:00,2024-01-25,CONSERVATIVE_T1,margin_sse,688498,True
2024-01-24,AGGREGATOR|research-node|akshare@1.18.97|stock_margin_detail_sse,2024-01-24,,2026-09-26T08:07:55.669857+00:00,2024-01-25,CONSERVATIVE_T1,margin_sse,688521,True
2024-01-25,AGGREGATOR|research-node|akshare@1.18.97|stock_margin_detail_sse,2024-01-25,,2026-09-26T08:08:00.072466+00:00,2024-01-26,CONSERVATIVE_T1,margin_sse,600196,True
2024-01-25,AGGREGATOR|research-node|akshare@1.18.97|stock_margin_detail_sse,2024-01-25,,2026-09-26T08:08:00.072466+00:00,2024-01-26,CONSERVATIVE_T1,margin_sse,600269,True
2024-01-25,AGGREGATOR|research-node|akshare@1.18.97|stock_margin_detail_sse,2024-01-25,,2026-09-26T08:08:00.072466+00:00,2024-01-26,CONSERVATIVE_T1,margin_sse,600377,True
2024-01-25,AGGREGATOR|research-node|akshare@1.18.97|stock_margin_detail_sse,2024-01-25,,2026-09-26T08:08:00.072466+00:00,2024-01-26,CONSERVATIVE_T1,margin_sse,600567,True
2024-01-25,AGGREGATOR|research-node|akshare@1.18.97|stock_margin_detail_sse,2024-01-25,,2026-09-26T08:08:00.072466+00:00,2024-01-26,CONSERVATIVE_T1,margin_sse,600598,True
2024-01-25,AGGREGATOR|research-node|akshare@1.18.97|stock_margin_detail_sse,2024-01-25,,2026-09-26T08:08:00.072466+00:00,2024-01-26,CONSERVATIVE_T1,margin_sse,600694,True
2024-01-25,AGGREGATOR|research-node|akshare@1.18.97|stock_margin_detail_sse,2024-01-25,,2026-09-26T08:08:00.072466+00:00,2024-01-26,CONSERVATIVE_T1,margin_sse,601298,True
2024-01-25,AGGREGATOR|research-node|akshare@1.18.97|stock_margin_detail_sse,2024-01-25,,2026-09-26T08:08:00.072466+00:00,2024-01-26,CONSERVATIVE_T1,margin_sse,601328,True
2024-01-25,AGGREGATOR|research-node|akshare@1.18.97|stock_margin_detail_sse,2024-01-25,,2026-09-26T08:08:00.072466+00:00,2024-01-26,CONSERVATIVE_T1,margin_sse,601869,True
2024-01-25,AGGREGATOR|research-node|akshare@1.18.97|stock_margin_detail_sse,2024-01-25,,2026-09-26T08:08:00.072466+00:00,2024-01-26,CONSERVATIVE_T1,margin_sse,601985,True
2024-01-25,AGGREGATOR|research-node|akshare@1.18.97|stock_margin_detail_sse,2024-01-25,,2026-09-26T08:08:00.072466+00:00,2024-01-26,CONSERVATIVE_T1,margin_sse,601988,True
2024-01-25,AGGREGATOR|research-node|akshare@1.18.97|stock_margin_detail_sse,2024-01-25,,2026-09-26T08:08:00.072466+00:00,2024-01-26,CONSERVATIVE_T1,margin_sse,601992,True
2024-01-25,AGGREGATOR|research-node|akshare@1.18.97|stock_margin_detail_sse,2024-01-25,,2026-09-26T08:08:00.072466+00:00,2024-01-26,CONSERVATIVE_T1,margin_sse,688498,True
2024-01-25,AGGREGATOR|research-node|akshare@1.18.97|stock_margin_detail_sse,2024-01-25,,2026-09-26T08:08:00.072466+00:00,2024-01-26,CONSERVATIVE_T1,margin_sse,688521,True
2024-01-26,AGGREGATOR|research-node|akshare@1.18.97|stock_margin_detail_sse,2024-01-26,,2026-09-26T08:08:04.510907+00:00,2024-01-29,CONSERVATIVE_T1,margin_sse,600196,True
2024-01-26,AGGREGATOR|research-node|akshare@1.18.97|stock_margin_detail_sse,2024-01-26,,2026-09-26T08:08:04.510907+00:00,2024-01-29,CONSERVATIVE_T1,margin_sse,600269,True
2024-01-26,AGGREGATOR|research-node|akshare@1.18.97|stock_margin_detail_sse,2024-01-26,,2026-09-26T08:08:04.510907+00:00,2024-01-29,CONSERVATIVE_T1,margin_sse,600377,True
2024-01-26,AGGREGATOR|research-node|akshare@1.18.97|stock_margin_detail_sse,2024-01-26,,2026-09-26T08:08:04.510907+00:00,2024-01-29,CONSERVATIVE_T1,margin_sse,600567,True
2024-01-26,AGGREGATOR|research-node|akshare@1.18.97|stock_margin_detail_sse,2024-01-26,,2026-09-26T08:08:04.510907+00:00,2024-01-29,CONSERVATIVE_T1,margin_sse,600598,True
2024-01-26,AGGREGATOR|research-node|akshare@1.18.97|stock_margin_detail_sse,2024-01-26,,2026-09-26T08:08:04.510907+00:00,2024-01-29,CONSERVATIVE_T1,margin_sse,600694,True
2024-01-26,AGGREGATOR|research-node|akshare@1.18.97|stock_margin_detail_sse,2024-01-26,,2026-09-26T08:08:04.510907+00:00,2024-01-29,CONSERVATIVE_T1,margin_sse,601298,True
2024-01-26,AGGREGATOR|research-node|akshare@1.18.97|stock_margin_detail_sse,2024-01-26,,2026-09-26T08:08:04.510907+00:00,2024-01-29,CONSERVATIVE_T1,margin_sse,601328,True
2024-01-26,AGGREGATOR|research-node|akshare@1.18.97|stock_margin_detail_sse,2024-01-26,,2026-09-26T08:08:04.510907+00:00,2024-01-29,CONSERVATIVE_T1,margin_sse,601869,True
2024-01-26,AGGREGATOR|research-node|akshare@1.18.97|stock_margin_detail_sse,2024-01-26,,2026-09-26T08:08:04.510907+00:00,2024-01-29,CONSERVATIVE_T1,margin_sse,601985,True
2024-01-26,AGGREGATOR|research-node|akshare@1.18.97|stock_margin_detail_sse,2024-01-26,,2026-09-26T08:08:04.510907+00:00,2024-01-29,CONSERVATIVE_T1,margin_sse,601988,True
2024-01-26,AGGREGATOR|research-node|akshare@1.18.97|stock_margin_detail_sse,2024-01-26,,2026-09-26T08:08:04.510907+00:00,2024-01-29,CONSERVATIVE_T1,margin_sse,601992,True
2024-01-26,AGGREGATOR|research-node|akshare@1.18.97|stock_margin_detail_sse,2024-01-26,,2026-09-26T08:08:04.510907+00:00,2024-01-29,CONSERVATIVE_T1,margin_sse,688498,True
2024-01-26,AGGREGATOR|research-node|akshare@1.18.97|stock_margin_detail_sse,2024-01-26,,2026-09-26T08:08:04.510907+00:00,2024-01-29,CONSERVATIVE_T1,margin_sse,688521,True
2024-01-29,AGGREGATOR|research-node|akshare@1.18.97|stock_margin_detail_sse,2024-01-29,,2026-09-26T08:08:08.903316+00:00,2024-01-30,CONSERVATIVE_T1,margin_sse,600196,True
2024-01-29,AGGREGATOR|research-node|akshare@1.18.97|stock_margin_detail_sse,2024-01-29,,2026-09-26T08:08:08.903316+00:00,2024-01-30,CONSERVATIVE_T1,margin_sse,600269,True
2024-01-29,AGGREGATOR|research-node|akshare@1.18.97|stock_margin_detail_sse,2024-01-29,,2026-09-26T08:08:08.903316+00:00,2024-01-30,CONSERVATIVE_T1,margin_sse,600377,True
2024-01-29,AGGREGATOR|research-node|akshare@1.18.97|stock_margin_detail_sse,2024-01-29,,2026-09-26T08:08:08.903316+00:00,2024-01-30,CONSERVATIVE_T1,margin_sse,600567,True
2024-01-29,AGGREGATOR|research-node|akshare@1.18.97|stock_margin_detail_sse,2024-01-29,,2026-09-26T08:08:08.903316+00:00,2024-01-30,CONSERVATIVE_T1,margin_sse,600598,True
2024-01-29,AGGREGATOR|research-node|akshare@1.18.97|stock_margin_detail_sse,2024-01-29,,2026-09-26T08:08:08.903316+00:00,2024-01-30,CONSERVATIVE_T1,margin_sse,600694,True
2024-01-29,AGGREGATOR|research-node|akshare@1.18.97|stock_margin_detail_sse,2024-01-29,,2026-09-26T08:08:08.903316+00:00,2024-01-30,CONSERVATIVE_T1,margin_sse,601298,True
2024-01-29,AGGREGATOR|research-node|akshare@1.18.97|stock_margin_detail_sse,2024-01-29,,2026-09-26T08:08:08.903316+00:00,2024-01-30,CONSERVATIVE_T1,margin_sse,601328,True
2024-01-29,AGGREGATOR|research-node|akshare@1.18.97|stock_margin_detail_sse,2024-01-29,,2026-09-26T08:08:08.903316+00:00,2024-01-30,CONSERVATIVE_T1,margin_sse,601869,True
2024-01-29,AGGREGATOR|research-node|akshare@1.18.97|stock_margin_detail_sse,2024-01-29,,2026-09-26T08:08:08.903316+00:00,2024-01-30,CONSERVATIVE_T1,margin_sse,601985,True
2024-01-29,AGGREGATOR|research-node|akshare@1.18.97|stock_margin_detail_sse,2024-01-29,,2026-09-26T08:08:08.903316+00:00,2024-01-30,CONSERVATIVE_T1,margin_sse,601988,True
2024-01-29,AGGREGATOR|research-node|akshare@1.18.97|stock_margin_detail_sse,2024-01-29,,2026-09-26T08:08:08.903316+00:00,2024-01-30,CONSERVATIVE_T1,margin_sse,601992,True
2024-01-29,AGGREGATOR|research-node|akshare@1.18.97|stock_margin_detail_sse,2024-01-29,,2026-09-26T08:08:08.903316+00:00,2024-01-30,CONSERVATIVE_T1,margin_sse,688498,True
2024-01-29,AGGREGATOR|research-node|akshare@1.18.97|stock_margin_detail_sse,2024-01-29,,2026-09-26T08:08:08.903316+00:00,2024-01-30,CONSERVATIVE_T1,margin_sse,688521,True
2024-01-30,AGGREGATOR|research-node|akshare@1.18.97|stock_margin_detail_sse,2024-01-30,,2026-09-26T08:08:13.303825+00:00,2024-01-31,CONSERVATIVE_T1,margin_sse,600196,True
2024-01-30,AGGREGATOR|research-node|akshare@1.18.97|stock_margin_detail_sse,2024-01-30,,2026-09-26T08:08:13.303825+00:00,2024-01-31,CONSERVATIVE_T1,margin_sse,600269,True
2024-01-30,AGGREGATOR|research-node|akshare@1.18.97|stock_margin_detail_sse,2024-01-30,,2026-09-26T08:08:13.303825+00:00,2024-01-31,CONSERVATIVE_T1,margin_sse,600377,True
2024-01-30,AGGREGATOR|research-node|akshare@1.18.97|stock_margin_detail_sse,2024-01-30,,2026-09-26T08:08:13.303825+00:00,2024-01-31,CONSERVATIVE_T1,margin_sse,600567,True
2024-01-30,AGGREGATOR|research-node|akshare@1.18.97|stock_margin_detail_sse,2024-01-30,,2026-09-26T08:08:13.303825+00:00,2024-01-31,CONSERVATIVE_T1,margin_sse,600598,True
2024-01-30,AGGREGATOR|research-node|akshare@1.18.97|stock_margin_detail_sse,2024-01-30,,2026-09-26T08:08:13.303825+00:00,2024-01-31,CONSERVATIVE_T1,margin_sse,600694,True
2024-01-30,AGGREGATOR|research-node|akshare@1.18.97|stock_margin_detail_sse,2024-01-30,,2026-09-26T08:08:13.303825+00:00,2024-01-31,CONSERVATIVE_T1,margin_sse,601298,True
2024-01-30,AGGREGATOR|research-node|akshare@1.18.97|stock_margin_detail_sse,2024-01-30,,2026-09-26T08:08:13.303825+00:00,2024-01-31,CONSERVATIVE_T1,margin_sse,601328,True
2024-01-30,AGGREGATOR|research-node|akshare@1.18.97|stock_margin_detail_sse,2024-01-30,,2026-09-26T08:08:13.303825+00:00,2024-01-31,CONSERVATIVE_T1,margin_sse,601869,True
2024-01-30,AGGREGATOR|research-node|akshare@1.18.97|stock_margin_detail_sse,2024-01-30,,2026-09-26T08:08:13.303825+00:00,2024-01-31,CONSERVATIVE_T1,margin_sse,601985,True
2024-01-30,AGGREGATOR|research-node|akshare@1.18.97|stock_margin_detail_sse,2024-01-30,,2026-09-26T08:08:13.303825+00:00,2024-01-31,CONSERVATIVE_T1,margin_sse,601988,True
2024-01-30,AGGREGATOR|research-node|akshare@1.18.97|stock_margin_detail_sse,2024-01-30,,2026-09-26T08:08:13.303825+00:00,2024-01-31,CONSERVATIVE_T1,margin_sse,601992,True
2024-01-30,AGGREGATOR|research-node|akshare@1.18.97|stock_margin_detail_sse,2024-01-30,,2026-09-26T08:08:13.303825+00:00,2024-01-31,CONSERVATIVE_T1,margin_sse,688498,True
2024-01-30,AGGREGATOR|research-node|akshare@1.18.97|stock_margin_detail_sse,2024-01-30,,2026-09-26T08:08:13.303825+00:00,2024-01-31,CONSERVATIVE_T1,margin_sse,688521,True
2024-01-31,AGGREGATOR|research-node|akshare@1.18.97|stock_margin_detail_sse,2024-01-31,,2026-09-26T08:08:17.728045+00:00,2024-02-01,CONSERVATIVE_T1,margin_sse,600196,True
2024-01-31,AGGREGATOR|research-node|akshare@1.18.97|stock_margin_detail_sse,2024-01-31,,2026-09-26T08:08:17.728045+00:00,2024-02-01,CONSERVATIVE_T1,margin_sse,600269,True
2024-01-31,AGGREGATOR|research-node|akshare@1.18.97|stock_margin_detail_sse,2024-01-31,,2026-09-26T08:08:17.728045+00:00,2024-02-01,CONSERVATIVE_T1,margin_sse,600377,True
2024-01-31,AGGREGATOR|research-node|akshare@1.18.97|stock_margin_detail_sse,2024-01-31,,2026-09-26T08:08:17.728045+00:00,2024-02-01,CONSERVATIVE_T1,margin_sse,600567,True
2024-01-31,AGGREGATOR|research-node|akshare@1.18.97|stock_margin_detail_sse,2024-01-31,,2026-09-26T08:08:17.728045+00:00,2024-02-01,CONSERVATIVE_T1,margin_sse,600598,True
2024-01-31,AGGREGATOR|research-node|akshare@1.18.97|stock_margin_detail_sse,2024-01-31,,2026-09-26T08:08:17.728045+00:00,2024-02-01,CONSERVATIVE_T1,margin_sse,600694,True
2024-01-31,AGGREGATOR|research-node|akshare@1.18.97|stock_margin_detail_sse,2024-01-31,,2026-09-26T08:08:17.728045+00:00,2024-02-01,CONSERVATIVE_T1,margin_sse,601298,True
2024-01-31,AGGREGATOR|research-node|akshare@1.18.97|stock_margin_detail_sse,2024-01-31,,2026-09-26T08:08:17.728045+00:00,2024-02-01,CONSERVATIVE_T1,margin_sse,601328,True
2024-01-31,AGGREGATOR|research-node|akshare@1.18.97|stock_margin_detail_sse,2024-01-31,,2026-09-26T08:08:17.728045+00:00,2024-02-01,CONSERVATIVE_T1,margin_sse,601869,True
2024-01-31,AGGREGATOR|research-node|akshare@1.18.97|stock_margin_detail_sse,2024-01-31,,2026-09-26T08:08:17.728045+00:00,2024-02-01,CONSERVATIVE_T1,margin_sse,601985,True
2024-01-31,AGGREGATOR|research-node|akshare@1.18.97|stock_margin_detail_sse,2024-01-31,,2026-09-26T08:08:17.728045+00:00,2024-02-01,CONSERVATIVE_T1,margin_sse,601988,True
2024-01-31,AGGREGATOR|research-node|akshare@1.18.97|stock_margin_detail_sse,2024-01-31,,2026-09-26T08:08:17.728045+00:00,2024-02-01,CONSERVATIVE_T1,margin_sse,601992,True
2024-01-31,AGGREGATOR|research-node|akshare@1.18.97|stock_margin_detail_sse,2024-01-31,,2026-09-26T08:08:17.728045+00:00,2024-02-01,CONSERVATIVE_T1,margin_sse,688498,True
2024-01-31,AGGREGATOR|research-node|akshare@1.18.97|stock_margin_detail_sse,2024-01-31,,2026-09-26T08:08:17.728045+00:00,2024-02-01,CONSERVATIVE_T1,margin_sse,688521,True
2024-02-01,AGGREGATOR|research-node|akshare@1.18.97|stock_margin_detail_sse,2024-02-01,,2026-09-26T08:08:22.124974+00:00,2024-02-02,CONSERVATIVE_T1,margin_sse,600196,True
2024-02-01,AGGREGATOR|research-node|akshare@1.18.97|stock_margin_detail_sse,2024-02-01,,2026-09-26T08:08:22.124974+00:00,2024-02-02,CONSERVATIVE_T1,margin_sse,600269,True
2024-02-01,AGGREGATOR|research-node|akshare@1.18.97|stock_margin_detail_sse,2024-02-01,,2026-09-26T08:08:22.124974+00:00,2024-02-02,CONSERVATIVE_T1,margin_sse,600377,True
2024-02-01,AGGREGATOR|research-node|akshare@1.18.97|stock_margin_detail_sse,2024-02-01,,2026-09-26T08:08:22.124974+00:00,2024-02-02,CONSERVATIVE_T1,margin_sse,600567,True
2024-02-01,AGGREGATOR|research-node|akshare@1.18.97|stock_margin_detail_sse,2024-02-01,,2026-09-26T08:08:22.124974+00:00,2024-02-02,CONSERVATIVE_T1,margin_sse,600598,True
2024-02-01,AGGREGATOR|research-node|akshare@1.18.97|stock_margin_detail_sse,2024-02-01,,2026-09-26T08:08:22.124974+00:00,2024-02-02,CONSERVATIVE_T1,margin_sse,600694,True
2024-02-01,AGGREGATOR|research-node|akshare@1.18.97|stock_margin_detail_sse,2024-02-01,,2026-09-26T08:08:22.124974+00:00,2024-02-02,CONSERVATIVE_T1,margin_sse,601298,True
2024-02-01,AGGREGATOR|research-node|akshare@1.18.97|stock_margin_detail_sse,2024-02-01,,2026-09-26T08:08:22.124974+00:00,2024-02-02,CONSERVATIVE_T1,margin_sse,601328,True
2024-02-01,AGGREGATOR|research-node|akshare@1.18.97|stock_margin_detail_sse,2024-02-01,,2026-09-26T08:08:22.124974+00:00,2024-02-02,CONSERVATIVE_T1,margin_sse,601869,True
2024-02-01,AGGREGATOR|research-node|akshare@1.18.97|stock_margin_detail_sse,2024-02-01,,2026-09-26T08:08:22.124974+00:00,2024-02-02,CONSERVATIVE_T1,margin_sse,601985,True
2024-02-01,AGGREGATOR|research-node|akshare@1.18.97|stock_margin_detail_sse,2024-02-01,,2026-09-26T08:08:22.124974+00:00,2024-02-02,CONSERVATIVE_T1,margin_sse,601988,True
2024-02-01,AGGREGATOR|research-node|akshare@1.18.97|stock_margin_detail_sse,2024-02-01,,2026-09-26T08:08:22.124974+00:00,2024-02-02,CONSERVATIVE_T1,margin_sse,601992,True
2024-02-01,AGGREGATOR|research-node|akshare@1.18.97|stock_margin_detail_sse,2024-02-01,,2026-09-26T08:08:22.124974+00:00,2024-02-02,CONSERVATIVE_T1,margin_sse,688498,True
2024-02-01,AGGREGATOR|research-node|akshare@1.18.97|stock_margin_detail_sse,2024-02-01,,2026-09-26T08:08:22.124974+00:00,2024-02-02,CONSERVATIVE_T1,margin_sse,688521,True
2024-02-02,AGGREGATOR|research-node|akshare@1.18.97|stock_margin_detail_sse,2024-02-02,,2026-09-26T08:08:26.535859+00:00,2024-02-05,CONSERVATIVE_T1,margin_sse,600196,True
2024-02-02,AGGREGATOR|research-node|akshare@1.18.97|stock_margin_detail_sse,2024-02-02,,2026-09-26T08:08:26.535859+00:00,2024-02-05,CONSERVATIVE_T1,margin_sse,600269,True
2024-02-02,AGGREGATOR|research-node|akshare@1.18.97|stock_margin_detail_sse,2024-02-02,,2026-09-26T08:08:26.535859+00:00,2024-02-05,CONSERVATIVE_T1,margin_sse,600377,True
2024-02-02,AGGREGATOR|research-node|akshare@1.18.97|stock_margin_detail_sse,2024-02-02,,2026-09-26T08:08:26.535859+00:00,2024-02-05,CONSERVATIVE_T1,margin_sse,600567,True
2024-02-02,AGGREGATOR|research-node|akshare@1.18.97|stock_margin_detail_sse,2024-02-02,,2026-09-26T08:08:26.535859+00:00,2024-02-05,CONSERVATIVE_T1,margin_sse,600598,True
2024-02-02,AGGREGATOR|research-node|akshare@1.18.97|stock_margin_detail_sse,2024-02-02,,2026-09-26T08:08:26.535859+00:00,2024-02-05,CONSERVATIVE_T1,margin_sse,600694,True
2024-02-02,AGGREGATOR|research-node|akshare@1.18.97|stock_margin_detail_sse,2024-02-02,,2026-09-26T08:08:26.535859+00:00,2024-02-05,CONSERVATIVE_T1,margin_sse,601298,True
2024-02-02,AGGREGATOR|research-node|akshare@1.18.97|stock_margin_detail_sse,2024-02-02,,2026-09-26T08:08:26.535859+00:00,2024-02-05,CONSERVATIVE_T1,margin_sse,601328,True
2024-02-02,AGGREGATOR|research-node|akshare@1.18.97|stock_margin_detail_sse,2024-02-02,,2026-09-26T08:08:26.535859+00:00,2024-02-05,CONSERVATIVE_T1,margin_sse,601869,True
2024-02-02,AGGREGATOR|research-node|akshare@1.18.97|stock_margin_detail_sse,2024-02-02,,2026-09-26T08:08:26.535859+00:00,2024-02-05,CONSERVATIVE_T1,margin_sse,601985,True
2024-02-02,AGGREGATOR|research-node|akshare@1.18.97|stock_margin_detail_sse,2024-02-02,,2026-09-26T08:08:26.535859+00:00,2024-02-05,CONSERVATIVE_T1,margin_sse,601988,True
2024-02-02,AGGREGATOR|research-node|akshare@1.18.97|stock_margin_detail_sse,2024-02-02,,2026-09-26T08:08:26.535859+00:00,2024-02-05,CONSERVATIVE_T1,margin_sse,601992,True
2024-02-02,AGGREGATOR|research-node|akshare@1.18.97|stock_margin_detail_sse,2024-02-02,,2026-09-26T08:08:26.535859+00:00,2024-02-05,CONSERVATIVE_T1,margin_sse,688498,True
2024-02-02,AGGREGATOR|research-node|akshare@1.18.97|stock_margin_detail_sse,2024-02-02,,2026-09-26T08:08:26.535859+00:00,2024-02-05,CONSERVATIVE_T1,margin_sse,688521,True
2024-02-05,AGGREGATOR|research-node|akshare@1.18.97|stock_margin_detail_sse,2024-02-05,,2026-09-26T08:08:30.884007+00:00,2024-02-06,CONSERVATIVE_T1,margin_sse,600196,True
2024-02-05,AGGREGATOR|research-node|akshare@1.18.97|stock_margin_detail_sse,2024-02-05,,2026-09-26T08:08:30.884007+00:00,2024-02-06,CONSERVATIVE_T1,margin_sse,600269,True
2024-02-05,AGGREGATOR|research-node|akshare@1.18.97|stock_margin_detail_sse,2024-02-05,,2026-09-26T08:08:30.884007+00:00,2024-02-06,CONSERVATIVE_T1,margin_sse,600377,True
2024-02-05,AGGREGATOR|research-node|akshare@1.18.97|stock_margin_detail_sse,2024-02-05,,2026-09-26T08:08:30.884007+00:00,2024-02-06,CONSERVATIVE_T1,margin_sse,600567,True
2024-02-05,AGGREGATOR|research-node|akshare@1.18.97|stock_margin_detail_sse,2024-02-05,,2026-09-26T08:08:30.884007+00:00,2024-02-06,CONSERVATIVE_T1,margin_sse,600598,True
2024-02-05,AGGREGATOR|research-node|akshare@1.18.97|stock_margin_detail_sse,2024-02-05,,2026-09-26T08:08:30.884007+00:00,2024-02-06,CONSERVATIVE_T1,margin_sse,600694,True
2024-02-05,AGGREGATOR|research-node|akshare@1.18.97|stock_margin_detail_sse,2024-02-05,,2026-09-26T08:08:30.884007+00:00,2024-02-06,CONSERVATIVE_T1,margin_sse,601298,True
2024-02-05,AGGREGATOR|research-node|akshare@1.18.97|stock_margin_detail_sse,2024-02-05,,2026-09-26T08:08:30.884007+00:00,2024-02-06,CONSERVATIVE_T1,margin_sse,601328,True
2024-02-05,AGGREGATOR|research-node|akshare@1.18.97|stock_margin_detail_sse,2024-02-05,,2026-09-26T08:08:30.884007+00:00,2024-02-06,CONSERVATIVE_T1,margin_sse,601869,True
2024-02-05,AGGREGATOR|research-node|akshare@1.18.97|stock_margin_detail_sse,2024-02-05,,2026-09-26T08:08:30.884007+00:00,2024-02-06,CONSERVATIVE_T1,margin_sse,601985,True
2024-02-05,AGGREGATOR|research-node|akshare@1.18.97|stock_margin_detail_sse,2024-02-05,,2026-09-26T08:08:30.884007+00:00,2024-02-06,CONSERVATIVE_T1,margin_sse,601988,True
2024-02-05,AGGREGATOR|research-node|akshare@1.18.97|stock_margin_detail_sse,2024-02-05,,2026-09-26T08:08:30.884007+00:00,2024-02-06,CONSERVATIVE_T1,margin_sse,601992,True
2024-02-05,AGGREGATOR|research-node|akshare@1.18.97|stock_margin_detail_sse,2024-02-05,,2026-09-26T08:08:30.884007+00:00,2024-02-06,CONSERVATIVE_T1,margin_sse,688498,True
2024-02-05,AGGREGATOR|research-node|akshare@1.18.97|stock_margin_detail_sse,2024-02-05,,2026-09-26T08:08:30.884007+00:00,2024-02-06,CONSERVATIVE_T1,margin_sse,688521,True
2024-02-06,AGGREGATOR|research-node|akshare@1.18.97|stock_margin_detail_sse,2024-02-06,,2026-09-26T08:08:35.295500+00:00,2024-02-07,CONSERVATIVE_T1,margin_sse,600196,True
2024-02-06,AGGREGATOR|research-node|akshare@1.18.97|stock_margin_detail_sse,2024-02-06,,2026-09-26T08:08:35.295500+00:00,2024-02-07,CONSERVATIVE_T1,margin_sse,600269,True
2024-02-06,AGGREGATOR|research-node|akshare@1.18.97|stock_margin_detail_sse,2024-02-06,,2026-09-26T08:08:35.295500+00:00,2024-02-07,CONSERVATIVE_T1,margin_sse,600377,True
2024-02-06,AGGREGATOR|research-node|akshare@1.18.97|stock_margin_detail_sse,2024-02-06,,2026-09-26T08:08:35.295500+00:00,2024-02-07,CONSERVATIVE_T1,margin_sse,600567,True
2024-02-06,AGGREGATOR|research-node|akshare@1.18.97|stock_margin_detail_sse,2024-02-06,,2026-09-26T08:08:35.295500+00:00,2024-02-07,CONSERVATIVE_T1,margin_sse,600598,True
2024-02-06,AGGREGATOR|research-node|akshare@1.18.97|stock_margin_detail_sse,2024-02-06,,2026-09-26T08:08:35.295500+00:00,2024-02-07,CONSERVATIVE_T1,margin_sse,600694,True
2024-02-06,AGGREGATOR|research-node|akshare@1.18.97|stock_margin_detail_sse,2024-02-06,,2026-09-26T08:08:35.295500+00:00,2024-02-07,CONSERVATIVE_T1,margin_sse,601298,True
2024-02-06,AGGREGATOR|research-node|akshare@1.18.97|stock_margin_detail_sse,2024-02-06,,2026-09-26T08:08:35.295500+00:00,2024-02-07,CONSERVATIVE_T1,margin_sse,601328,True
2024-02-06,AGGREGATOR|research-node|akshare@1.18.97|stock_margin_detail_sse,2024-02-06,,2026-09-26T08:08:35.295500+00:00,2024-02-07,CONSERVATIVE_T1,margin_sse,601869,True
2024-02-06,AGGREGATOR|research-node|akshare@1.18.97|stock_margin_detail_sse,2024-02-06,,2026-09-26T08:08:35.295500+00:00,2024-02-07,CONSERVATIVE_T1,margin_sse,601985,True
2024-02-06,AGGREGATOR|research-node|akshare@1.18.97|stock_margin_detail_sse,2024-02-06,,2026-09-26T08:08:35.295500+00:00,2024-02-07,CONSERVATIVE_T1,margin_sse,601988,True
2024-02-06,AGGREGATOR|research-node|akshare@1.18.97|stock_margin_detail_sse,2024-02-06,,2026-09-26T08:08:35.295500+00:00,2024-02-07,CONSERVATIVE_T1,margin_sse,601992,True
2024-02-06,AGGREGATOR|research-node|akshare@1.18.97|stock_margin_detail_sse,2024-02-06,,2026-09-26T08:08:35.295500+00:00,2024-02-07,CONSERVATIVE_T1,margin_sse,688498,True
2024-02-06,AGGREGATOR|research-node|akshare@1.18.97|stock_margin_detail_sse,2024-02-06,,2026-09-26T08:08:35.295500+00:00,2024-02-07,CONSERVATIVE_T1,margin_sse,688521,True
2024-02-07,AGGREGATOR|research-node|akshare@1.18.97|stock_margin_detail_sse,2024-02-07,,2026-09-26T08:08:39.747974+00:00,2024-02-08,CONSERVATIVE_T1,margin_sse,600196,True
2024-02-07,AGGREGATOR|research-node|akshare@1.18.97|stock_margin_detail_sse,2024-02-07,,2026-09-26T08:08:39.747974+00:00,2024-02-08,CONSERVATIVE_T1,margin_sse,600269,True
2024-02-07,AGGREGATOR|research-node|akshare@1.18.97|stock_margin_detail_sse,2024-02-07,,2026-09-26T08:08:39.747974+00:00,2024-02-08,CONSERVATIVE_T1,margin_sse,600377,True
2024-02-07,AGGREGATOR|research-node|akshare@1.18.97|stock_margin_detail_sse,2024-02-07,,2026-09-26T08:08:39.747974+00:00,2024-02-08,CONSERVATIVE_T1,margin_sse,600567,True
2024-02-07,AGGREGATOR|research-node|akshare@1.18.97|stock_margin_detail_sse,2024-02-07,,2026-09-26T08:08:39.747974+00:00,2024-02-08,CONSERVATIVE_T1,margin_sse,600598,True
2024-02-07,AGGREGATOR|research-node|akshare@1.18.97|stock_margin_detail_sse,2024-02-07,,2026-09-26T08:08:39.747974+00:00,2024-02-08,CONSERVATIVE_T1,margin_sse,600694,True
2024-02-07,AGGREGATOR|research-node|akshare@1.18.97|stock_margin_detail_sse,2024-02-07,,2026-09-26T08:08:39.747974+00:00,2024-02-08,CONSERVATIVE_T1,margin_sse,601298,True
2024-02-07,AGGREGATOR|research-node|akshare@1.18.97|stock_margin_detail_sse,2024-02-07,,2026-09-26T08:08:39.747974+00:00,2024-02-08,CONSERVATIVE_T1,margin_sse,601328,True
2024-02-07,AGGREGATOR|research-node|akshare@1.18.97|stock_margin_detail_sse,2024-02-07,,2026-09-26T08:08:39.747974+00:00,2024-02-08,CONSERVATIVE_T1,margin_sse,601869,True
2024-02-07,AGGREGATOR|research-node|akshare@1.18.97|stock_margin_detail_sse,2024-02-07,,2026-09-26T08:08:39.747974+00:00,2024-02-08,CONSERVATIVE_T1,margin_sse,601985,True
2024-02-07,AGGREGATOR|research-node|akshare@1.18.97|stock_margin_detail_sse,2024-02-07,,2026-09-26T08:08:39.747974+00:00,2024-02-08,CONSERVATIVE_T1,margin_sse,601988,True
2024-02-07,AGGREGATOR|research-node|akshare@1.18.97|stock_margin_detail_sse,2024-02-07,,2026-09-26T08:08:39.747974+00:00,2024-02-08,CONSERVATIVE_T1,margin_sse,601992,True
2024-02-07,AGGREGATOR|research-node|akshare@1.18.97|stock_margin_detail_sse,2024-02-07,,2026-09-26T08:08:39.747974+00:00,2024-02-08,CONSERVATIVE_T1,margin_sse,688498,True
2024-02-07,AGGREGATOR|research-node|akshare@1.18.97|stock_margin_detail_sse,2024-02-07,,2026-09-26T08:08:39.747974+00:00,2024-02-08,CONSERVATIVE_T1,margin_sse,688521,True
2024-02-08,AGGREGATOR|research-node|akshare@1.18.97|stock_margin_detail_sse,2024-02-08,,2026-09-26T08:08:44.107121+00:00,2024-02-19,CONSERVATIVE_T1,margin_sse,600196,True
2024-02-08,AGGREGATOR|research-node|akshare@1.18.97|stock_margin_detail_sse,2024-02-08,,2026-09-26T08:08:44.107121+00:00,2024-02-19,CONSERVATIVE_T1,margin_sse,600269,True
2024-02-08,AGGREGATOR|research-node|akshare@1.18.97|stock_margin_detail_sse,2024-02-08,,2026-09-26T08:08:44.107121+00:00,2024-02-19,CONSERVATIVE_T1,margin_sse,600377,True
2024-02-08,AGGREGATOR|research-node|akshare@1.18.97|stock_margin_detail_sse,2024-02-08,,2026-09-26T08:08:44.107121+00:00,2024-02-19,CONSERVATIVE_T1,margin_sse,600567,True
2024-02-08,AGGREGATOR|research-node|akshare@1.18.97|stock_margin_detail_sse,2024-02-08,,2026-09-26T08:08:44.107121+00:00,2024-02-19,CONSERVATIVE_T1,margin_sse,600598,True
2024-02-08,AGGREGATOR|research-node|akshare@1.18.97|stock_margin_detail_sse,2024-02-08,,2026-09-26T08:08:44.107121+00:00,2024-02-19,CONSERVATIVE_T1,margin_sse,600694,True
2024-02-08,AGGREGATOR|research-node|akshare@1.18.97|stock_margin_detail_sse,2024-02-08,,2026-09-26T08:08:44.107121+00:00,2024-02-19,CONSERVATIVE_T1,margin_sse,601298,True
2024-02-08,AGGREGATOR|research-node|akshare@1.18.97|stock_margin_detail_sse,2024-02-08,,2026-09-26T08:08:44.107121+00:00,2024-02-19,CONSERVATIVE_T1,margin_sse,601328,True
2024-02-08,AGGREGATOR|research-node|akshare@1.18.97|stock_margin_detail_sse,2024-02-08,,2026-09-26T08:08:44.107121+00:00,2024-02-19,CONSERVATIVE_T1,margin_sse,601869,True
2024-02-08,AGGREGATOR|research-node|akshare@1.18.97|stock_margin_detail_sse,2024-02-08,,2026-09-26T08:08:44.107121+00:00,2024-02-19,CONSERVATIVE_T1,margin_sse,601985,True
2024-02-08,AGGREGATOR|research-node|akshare@1.18.97|stock_margin_detail_sse,2024-02-08,,2026-09-26T08:08:44.107121+00:00,2024-02-19,CONSERVATIVE_T1,margin_sse,601988,True
2024-02-08,AGGREGATOR|research-node|akshare@1.18.97|stock_margin_detail_sse,2024-02-08,,2026-09-26T08:08:44.107121+00:00,2024-02-19,CONSERVATIVE_T1,margin_sse,601992,True
2024-02-08,AGGREGATOR|research-node|akshare@1.18.97|stock_margin_detail_sse,2024-02-08,,2026-09-26T08:08:44.107121+00:00,2024-02-19,CONSERVATIVE_T1,margin_sse,688498,True
2024-02-08,AGGREGATOR|research-node|akshare@1.18.97|stock_margin_detail_sse,2024-02-08,,2026-09-26T08:08:44.107121+00:00,2024-02-19,CONSERVATIVE_T1,margin_sse,688521,True
2024-02-19,AGGREGATOR|research-node|akshare@1.18.97|stock_margin_detail_sse,2024-02-19,,2026-09-26T08:08:48.764474+00:00,2024-02-20,CONSERVATIVE_T1,margin_sse,600196,True
2024-02-19,AGGREGATOR|research-node|akshare@1.18.97|stock_margin_detail_sse,2024-02-19,,2026-09-26T08:08:48.764474+00:00,2024-02-20,CONSERVATIVE_T1,margin_sse,600269,True
2024-02-19,AGGREGATOR|research-node|akshare@1.18.97|stock_margin_detail_sse,2024-02-19,,2026-09-26T08:08:48.764474+00:00,2024-02-20,CONSERVATIVE_T1,margin_sse,600377,True
2024-02-19,AGGREGATOR|research-node|akshare@1.18.97|stock_margin_detail_sse,2024-02-19,,2026-09-26T08:08:48.764474+00:00,2024-02-20,CONSERVATIVE_T1,margin_sse,600567,True
2024-02-19,AGGREGATOR|research-node|akshare@1.18.97|stock_margin_detail_sse,2024-02-19,,2026-09-26T08:08:48.764474+00:00,2024-02-20,CONSERVATIVE_T1,margin_sse,600598,True
2024-02-19,AGGREGATOR|research-node|akshare@1.18.97|stock_margin_detail_sse,2024-02-19,,2026-09-26T08:08:48.764474+00:00,2024-02-20,CONSERVATIVE_T1,margin_sse,600694,True
2024-02-19,AGGREGATOR|research-node|akshare@1.18.97|stock_margin_detail_sse,2024-02-19,,2026-09-26T08:08:48.764474+00:00,2024-02-20,CONSERVATIVE_T1,margin_sse,601298,True
2024-02-19,AGGREGATOR|research-node|akshare@1.18.97|stock_margin_detail_sse,2024-02-19,,2026-09-26T08:08:48.764474+00:00,2024-02-20,CONSERVATIVE_T1,margin_sse,601328,True
2024-02-19,AGGREGATOR|research-node|akshare@1.18.97|stock_margin_detail_sse,2024-02-19,,2026-09-26T08:08:48.764474+00:00,2024-02-20,CONSERVATIVE_T1,margin_sse,601869,True
2024-02-19,AGGREGATOR|research-node|akshare@1.18.97|stock_margin_detail_sse,2024-02-19,,2026-09-26T08:08:48.764474+00:00,2024-02-20,CONSERVATIVE_T1,margin_sse,601985,True
2024-02-19,AGGREGATOR|research-node|akshare@1.18.97|stock_margin_detail_sse,2024-02-19,,2026-09-26T08:08:48.764474+00:00,2024-02-20,CONSERVATIVE_T1,margin_sse,601988,True
2024-02-19,AGGREGATOR|research-node|akshare@1.18.97|stock_margin_detail_sse,2024-02-19,,2026-09-26T08:08:48.764474+00:00,2024-02-20,CONSERVATIVE_T1,margin_sse,601992,True
2024-02-19,AGGREGATOR|research-node|akshare@1.18.97|stock_margin_detail_sse,2024-02-19,,2026-09-26T08:08:48.764474+00:00,2024-02-20,CONSERVATIVE_T1,margin_sse,688498,True
2024-02-19,AGGREGATOR|research-node|akshare@1.18.97|stock_margin_detail_sse,2024-02-19,,2026-09-26T08:08:48.764474+00:00,2024-02-20,CONSERVATIVE_T1,margin_sse,688521,True
2024-02-20,AGGREGATOR|research-node|akshare@1.18.97|stock_margin_detail_sse,2024-02-20,,2026-09-26T08:08:53.107986+00:00,2024-02-21,CONSERVATIVE_T1,margin_sse,600196,True
2024-02-20,AGGREGATOR|research-node|akshare@1.18.97|stock_margin_detail_sse,2024-02-20,,2026-09-26T08:08:53.107986+00:00,2024-02-21,CONSERVATIVE_T1,margin_sse,600269,True
2024-02-20,AGGREGATOR|research-node|akshare@1.18.97|stock_margin_detail_sse,2024-02-20,,2026-09-26T08:08:53.107986+00:00,2024-02-21,CONSERVATIVE_T1,margin_sse,600377,True
2024-02-20,AGGREGATOR|research-node|akshare@1.18.97|stock_margin_detail_sse,2024-02-20,,2026-09-26T08:08:53.107986+00:00,2024-02-21,CONSERVATIVE_T1,margin_sse,600567,True
2024-02-20,AGGREGATOR|research-node|akshare@1.18.97|stock_margin_detail_sse,2024-02-20,,2026-09-26T08:08:53.107986+00:00,2024-02-21,CONSERVATIVE_T1,margin_sse,600598,True
2024-02-20,AGGREGATOR|research-node|akshare@1.18.97|stock_margin_detail_sse,2024-02-20,,2026-09-26T08:08:53.107986+00:00,2024-02-21,CONSERVATIVE_T1,margin_sse,600694,True
2024-02-20,AGGREGATOR|research-node|akshare@1.18.97|stock_margin_detail_sse,2024-02-20,,2026-09-26T08:08:53.107986+00:00,2024-02-21,CONSERVATIVE_T1,margin_sse,601298,True
2024-02-20,AGGREGATOR|research-node|akshare@1.18.97|stock_margin_detail_sse,2024-02-20,,2026-09-26T08:08:53.107986+00:00,2024-02-21,CONSERVATIVE_T1,margin_sse,601328,True
2024-02-20,AGGREGATOR|research-node|akshare@1.18.97|stock_margin_detail_sse,2024-02-20,,2026-09-26T08:08:53.107986+00:00,2024-02-21,CONSERVATIVE_T1,margin_sse,601869,True
2024-02-20,AGGREGATOR|research-node|akshare@1.18.97|stock_margin_detail_sse,2024-02-20,,2026-09-26T08:08:53.107986+00:00,2024-02-21,CONSERVATIVE_T1,margin_sse,601985,True
2024-02-20,AGGREGATOR|research-node|akshare@1.18.97|stock_margin_detail_sse,2024-02-20,,2026-09-26T08:08:53.107986+00:00,2024-02-21,CONSERVATIVE_T1,margin_sse,601988,True
2024-02-20,AGGREGATOR|research-node|akshare@1.18.97|stock_margin_detail_sse,2024-02-20,,2026-09-26T08:08:53.107986+00:00,2024-02-21,CONSERVATIVE_T1,margin_sse,601992,True
2024-02-20,AGGREGATOR|research-node|akshare@1.18.97|stock_margin_detail_sse,2024-02-20,,2026-09-26T08:08:53.107986+00:00,2024-02-21,CONSERVATIVE_T1,margin_sse,688498,True
2024-02-20,AGGREGATOR|research-node|akshare@1.18.97|stock_margin_detail_sse,2024-02-20,,2026-09-26T08:08:53.107986+00:00,2024-02-21,CONSERVATIVE_T1,margin_sse,688521,True
2024-02-21,AGGREGATOR|research-node|akshare@1.18.97|stock_margin_detail_sse,2024-02-21,,2026-09-26T08:08:57.478896+00:00,2024-02-22,CONSERVATIVE_T1,margin_sse,600196,True
2024-02-21,AGGREGATOR|research-node|akshare@1.18.97|stock_margin_detail_sse,2024-02-21,,2026-09-26T08:08:57.478896+00:00,2024-02-22,CONSERVATIVE_T1,margin_sse,600269,True
2024-02-21,AGGREGATOR|research-node|akshare@1.18.97|stock_margin_detail_sse,2024-02-21,,2026-09-26T08:08:57.478896+00:00,2024-02-22,CONSERVATIVE_T1,margin_sse,600377,True
2024-02-21,AGGREGATOR|research-node|akshare@1.18.97|stock_margin_detail_sse,2024-02-21,,2026-09-26T08:08:57.478896+00:00,2024-02-22,CONSERVATIVE_T1,margin_sse,600567,True
2024-02-21,AGGREGATOR|research-node|akshare@1.18.97|stock_margin_detail_sse,2024-02-21,,2026-09-26T08:08:57.478896+00:00,2024-02-22,CONSERVATIVE_T1,margin_sse,600598,True
2024-02-21,AGGREGATOR|research-node|akshare@1.18.97|stock_margin_detail_sse,2024-02-21,,2026-09-26T08:08:57.478896+00:00,2024-02-22,CONSERVATIVE_T1,margin_sse,600694,True
2024-02-21,AGGREGATOR|research-node|akshare@1.18.97|stock_margin_detail_sse,2024-02-21,,2026-09-26T08:08:57.478896+00:00,2024-02-22,CONSERVATIVE_T1,margin_sse,601298,True
2024-02-21,AGGREGATOR|research-node|akshare@1.18.97|stock_margin_detail_sse,2024-02-21,,2026-09-26T08:08:57.478896+00:00,2024-02-22,CONSERVATIVE_T1,margin_sse,601328,True
2024-02-21,AGGREGATOR|research-node|akshare@1.18.97|stock_margin_detail_sse,2024-02-21,,2026-09-26T08:08:57.478896+00:00,2024-02-22,CONSERVATIVE_T1,margin_sse,601869,True
2024-02-21,AGGREGATOR|research-node|akshare@1.18.97|stock_margin_detail_sse,2024-02-21,,2026-09-26T08:08:57.478896+00:00,2024-02-22,CONSERVATIVE_T1,margin_sse,601985,True
2024-02-21,AGGREGATOR|research-node|akshare@1.18.97|stock_margin_detail_sse,2024-02-21,,2026-09-26T08:08:57.478896+00:00,2024-02-22,CONSERVATIVE_T1,margin_sse,601988,True
2024-02-21,AGGREGATOR|research-node|akshare@1.18.97|stock_margin_detail_sse,2024-02-21,,2026-09-26T08:08:57.478896+00:00,2024-02-22,CONSERVATIVE_T1,margin_sse,601992,True
2024-02-21,AGGREGATOR|research-node|akshare@1.18.97|stock_margin_detail_sse,2024-02-21,,2026-09-26T08:08:57.478896+00:00,2024-02-22,CONSERVATIVE_T1,margin_sse,688498,True
2024-02-21,AGGREGATOR|research-node|akshare@1.18.97|stock_margin_detail_sse,2024-02-21,,2026-09-26T08:08:57.478896+00:00,2024-02-22,CONSERVATIVE_T1,margin_sse,688521,True
2024-02-22,AGGREGATOR|research-node|akshare@1.18.97|stock_margin_detail_sse,2024-02-22,,2026-09-26T08:09:01.889552+00:00,2024-02-23,CONSERVATIVE_T1,margin_sse,600196,True
2024-02-22,AGGREGATOR|research-node|akshare@1.18.97|stock_margin_detail_sse,2024-02-22,,2026-09-26T08:09:01.889552+00:00,2024-02-23,CONSERVATIVE_T1,margin_sse,600269,True
2024-02-22,AGGREGATOR|research-node|akshare@1.18.97|stock_margin_detail_sse,2024-02-22,,2026-09-26T08:09:01.889552+00:00,2024-02-23,CONSERVATIVE_T1,margin_sse,600377,True
2024-02-22,AGGREGATOR|research-node|akshare@1.18.97|stock_margin_detail_sse,2024-02-22,,2026-09-26T08:09:01.889552+00:00,2024-02-23,CONSERVATIVE_T1,margin_sse,600567,True
2024-02-22,AGGREGATOR|research-node|akshare@1.18.97|stock_margin_detail_sse,2024-02-22,,2026-09-26T08:09:01.889552+00:00,2024-02-23,CONSERVATIVE_T1,margin_sse,600598,True
2024-02-22,AGGREGATOR|research-node|akshare@1.18.97|stock_margin_detail_sse,2024-02-22,,2026-09-26T08:09:01.889552+00:00,2024-02-23,CONSERVATIVE_T1,margin_sse,600694,True
2024-02-22,AGGREGATOR|research-node|akshare@1.18.97|stock_margin_detail_sse,2024-02-22,,2026-09-26T08:09:01.889552+00:00,2024-02-23,CONSERVATIVE_T1,margin_sse,601298,True
2024-02-22,AGGREGATOR|research-node|akshare@1.18.97|stock_margin_detail_sse,2024-02-22,,2026-09-26T08:09:01.889552+00:00,2024-02-23,CONSERVATIVE_T1,margin_sse,601328,True
2024-02-22,AGGREGATOR|research-node|akshare@1.18.97|stock_margin_detail_sse,2024-02-22,,2026-09-26T08:09:01.889552+00:00,2024-02-23,CONSERVATIVE_T1,margin_sse,601869,True
2024-02-22,AGGREGATOR|research-node|akshare@1.18.97|stock_margin_detail_sse,2024-02-22,,2026-09-26T08:09:01.889552+00:00,2024-02-23,CONSERVATIVE_T1,margin_sse,601985,True
2024-02-22,AGGREGATOR|research-node|akshare@1.18.97|stock_margin_detail_sse,2024-02-22,,2026-09-26T08:09:01.889552+00:00,2024-02-23,CONSERVATIVE_T1,margin_sse,601988,True
2024-02-22,AGGREGATOR|research-node|akshare@1.18.97|stock_margin_detail_sse,2024-02-22,,2026-09-26T08:09:01.889552+00:00,2024-02-23,CONSERVATIVE_T1,margin_sse,601992,True
2024-02-22,AGGREGATOR|research-node|akshare@1.18.97|stock_margin_detail_sse,2024-02-22,,2026-09-26T08:09:01.889552+00:00,2024-02-23,CONSERVATIVE_T1,margin_sse,688498,True
2024-02-22,AGGREGATOR|research-node|akshare@1.18.97|stock_margin_detail_sse,2024-02-22,,2026-09-26T08:09:01.889552+00:00,2024-02-23,CONSERVATIVE_T1,margin_sse,688521,True
2024-02-23,AGGREGATOR|research-node|akshare@1.18.97|stock_margin_detail_sse,2024-02-23,,2026-09-26T08:09:06.265124+00:00,2024-02-26,CONSERVATIVE_T1,margin_sse,600196,True
2024-02-23,AGGREGATOR|research-node|akshare@1.18.97|stock_margin_detail_sse,2024-02-23,,2026-09-26T08:09:06.265124+00:00,2024-02-26,CONSERVATIVE_T1,margin_sse,600269,True
2024-02-23,AGGREGATOR|research-node|akshare@1.18.97|stock_margin_detail_sse,2024-02-23,,2026-09-26T08:09:06.265124+00:00,2024-02-26,CONSERVATIVE_T1,margin_sse,600377,True
2024-02-23,AGGREGATOR|research-node|akshare@1.18.97|stock_margin_detail_sse,2024-02-23,,2026-09-26T08:09:06.265124+00:00,2024-02-26,CONSERVATIVE_T1,margin_sse,600567,True
2024-02-23,AGGREGATOR|research-node|akshare@1.18.97|stock_margin_detail_sse,2024-02-23,,2026-09-26T08:09:06.265124+00:00,2024-02-26,CONSERVATIVE_T1,margin_sse,600598,True
2024-02-23,AGGREGATOR|research-node|akshare@1.18.97|stock_margin_detail_sse,2024-02-23,,2026-09-26T08:09:06.265124+00:00,2024-02-26,CONSERVATIVE_T1,margin_sse,600694,True
2024-02-23,AGGREGATOR|research-node|akshare@1.18.97|stock_margin_detail_sse,2024-02-23,,2026-09-26T08:09:06.265124+00:00,2024-02-26,CONSERVATIVE_T1,margin_sse,601298,True
2024-02-23,AGGREGATOR|research-node|akshare@1.18.97|stock_margin_detail_sse,2024-02-23,,2026-09-26T08:09:06.265124+00:00,2024-02-26,CONSERVATIVE_T1,margin_sse,601328,True
2024-02-23,AGGREGATOR|research-node|akshare@1.18.97|stock_margin_detail_sse,2024-02-23,,2026-09-26T08:09:06.265124+00:00,2024-02-26,CONSERVATIVE_T1,margin_sse,601869,True
2024-02-23,AGGREGATOR|research-node|akshare@1.18.97|stock_margin_detail_sse,2024-02-23,,2026-09-26T08:09:06.265124+00:00,2024-02-26,CONSERVATIVE_T1,margin_sse,601985,True
2024-02-23,AGGREGATOR|research-node|akshare@1.18.97|stock_margin_detail_sse,2024-02-23,,2026-09-26T08:09:06.265124+00:00,2024-02-26,CONSERVATIVE_T1,margin_sse,601988,True
2024-02-23,AGGREGATOR|research-node|akshare@1.18.97|stock_margin_detail_sse,2024-02-23,,2026-09-26T08:09:06.265124+00:00,2024-02-26,CONSERVATIVE_T1,margin_sse,601992,True
2024-02-23,AGGREGATOR|research-node|akshare@1.18.97|stock_margin_detail_sse,2024-02-23,,2026-09-26T08:09:06.265124+00:00,2024-02-26,CONSERVATIVE_T1,margin_sse,688498,True
2024-02-23,AGGREGATOR|research-node|akshare@1.18.97|stock_margin_detail_sse,2024-02-23,,2026-09-26T08:09:06.265124+00:00,2024-02-26,CONSERVATIVE_T1,margin_sse,688521,True
2024-02-26,AGGREGATOR|research-node|akshare@1.18.97|stock_margin_detail_sse,2024-02-26,,2026-09-26T08:09:10.663159+00:00,2024-02-27,CONSERVATIVE_T1,margin_sse,600196,True
2024-02-26,AGGREGATOR|research-node|akshare@1.18.97|stock_margin_detail_sse,2024-02-26,,2026-09-26T08:09:10.663159+00:00,2024-02-27,CONSERVATIVE_T1,margin_sse,600269,True
2024-02-26,AGGREGATOR|research-node|akshare@1.18.97|stock_margin_detail_sse,2024-02-26,,2026-09-26T08:09:10.663159+00:00,2024-02-27,CONSERVATIVE_T1,margin_sse,600377,True
2024-02-26,AGGREGATOR|research-node|akshare@1.18.97|stock_margin_detail_sse,2024-02-26,,2026-09-26T08:09:10.663159+00:00,2024-02-27,CONSERVATIVE_T1,margin_sse,600567,True
2024-02-26,AGGREGATOR|research-node|akshare@1.18.97|stock_margin_detail_sse,2024-02-26,,2026-09-26T08:09:10.663159+00:00,2024-02-27,CONSERVATIVE_T1,margin_sse,600598,True
2024-02-26,AGGREGATOR|research-node|akshare@1.18.97|stock_margin_detail_sse,2024-02-26,,2026-09-26T08:09:10.663159+00:00,2024-02-27,CONSERVATIVE_T1,margin_sse,600694,True
2024-02-26,AGGREGATOR|research-node|akshare@1.18.97|stock_margin_detail_sse,2024-02-26,,2026-09-26T08:09:10.663159+00:00,2024-02-27,CONSERVATIVE_T1,margin_sse,601298,True
2024-02-26,AGGREGATOR|research-node|akshare@1.18.97|stock_margin_detail_sse,2024-02-26,,2026-09-26T08:09:10.663159+00:00,2024-02-27,CONSERVATIVE_T1,margin_sse,601328,True
2024-02-26,AGGREGATOR|research-node|akshare@1.18.97|stock_margin_detail_sse,2024-02-26,,2026-09-26T08:09:10.663159+00:00,2024-02-27,CONSERVATIVE_T1,margin_sse,601869,True
2024-02-26,AGGREGATOR|research-node|akshare@1.18.97|stock_margin_detail_sse,2024-02-26,,2026-09-26T08:09:10.663159+00:00,2024-02-27,CONSERVATIVE_T1,margin_sse,601985,True
2024-02-26,AGGREGATOR|research-node|akshare@1.18.97|stock_margin_detail_sse,2024-02-26,,2026-09-26T08:09:10.663159+00:00,2024-02-27,CONSERVATIVE_T1,margin_sse,601988,True
2024-02-26,AGGREGATOR|research-node|akshare@1.18.97|stock_margin_detail_sse,2024-02-26,,2026-09-26T08:09:10.663159+00:00,2024-02-27,CONSERVATIVE_T1,margin_sse,601992,True
2024-02-26,AGGREGATOR|research-node|akshare@1.18.97|stock_margin_detail_sse,2024-02-26,,2026-09-26T08:09:10.663159+00:00,2024-02-27,CONSERVATIVE_T1,margin_sse,688498,True
2024-02-26,AGGREGATOR|research-node|akshare@1.18.97|stock_margin_detail_sse,2024-02-26,,2026-09-26T08:09:10.663159+00:00,2024-02-27,CONSERVATIVE_T1,margin_sse,688521,True
2024-02-27,AGGREGATOR|research-node|akshare@1.18.97|stock_margin_detail_sse,2024-02-27,,2026-09-26T08:09:15.036554+00:00,2024-02-28,CONSERVATIVE_T1,margin_sse,600196,True
2024-02-27,AGGREGATOR|research-node|akshare@1.18.97|stock_margin_detail_sse,2024-02-27,,2026-09-26T08:09:15.036554+00:00,2024-02-28,CONSERVATIVE_T1,margin_sse,600269,True
2024-02-27,AGGREGATOR|research-node|akshare@1.18.97|stock_margin_detail_sse,2024-02-27,,2026-09-26T08:09:15.036554+00:00,2024-02-28,CONSERVATIVE_T1,margin_sse,600377,True
2024-02-27,AGGREGATOR|research-node|akshare@1.18.97|stock_margin_detail_sse,2024-02-27,,2026-09-26T08:09:15.036554+00:00,2024-02-28,CONSERVATIVE_T1,margin_sse,600567,True
2024-02-27,AGGREGATOR|research-node|akshare@1.18.97|stock_margin_detail_sse,2024-02-27,,2026-09-26T08:09:15.036554+00:00,2024-02-28,CONSERVATIVE_T1,margin_sse,600598,True
2024-02-27,AGGREGATOR|research-node|akshare@1.18.97|stock_margin_detail_sse,2024-02-27,,2026-09-26T08:09:15.036554+00:00,2024-02-28,CONSERVATIVE_T1,margin_sse,600694,True
2024-02-27,AGGREGATOR|research-node|akshare@1.18.97|stock_margin_detail_sse,2024-02-27,,2026-09-26T08:09:15.036554+00:00,2024-02-28,CONSERVATIVE_T1,margin_sse,601298,True
2024-02-27,AGGREGATOR|research-node|akshare@1.18.97|stock_margin_detail_sse,2024-02-27,,2026-09-26T08:09:15.036554+00:00,2024-02-28,CONSERVATIVE_T1,margin_sse,601328,True
2024-02-27,AGGREGATOR|research-node|akshare@1.18.97|stock_margin_detail_sse,2024-02-27,,2026-09-26T08:09:15.036554+00:00,2024-02-28,CONSERVATIVE_T1,margin_sse,601869,True
2024-02-27,AGGREGATOR|research-node|akshare@1.18.97|stock_margin_detail_sse,2024-02-27,,2026-09-26T08:09:15.036554+00:00,2024-02-28,CONSERVATIVE_T1,margin_sse,601985,True
2024-02-27,AGGREGATOR|research-node|akshare@1.18.97|stock_margin_detail_sse,2024-02-27,,2026-09-26T08:09:15.036554+00:00,2024-02-28,CONSERVATIVE_T1,margin_sse,601988,True
2024-02-27,AGGREGATOR|research-node|akshare@1.18.97|stock_margin_detail_sse,2024-02-27,,2026-09-26T08:09:15.036554+00:00,2024-02-28,CONSERVATIVE_T1,margin_sse,601992,True
2024-02-27,AGGREGATOR|research-node|akshare@1.18.97|stock_margin_detail_sse,2024-02-27,,2026-09-26T08:09:15.036554+00:00,2024-02-28,CONSERVATIVE_T1,margin_sse,688498,True
2024-02-27,AGGREGATOR|research-node|akshare@1.18.97|stock_margin_detail_sse,2024-02-27,,2026-09-26T08:09:15.036554+00:00,2024-02-28,CONSERVATIVE_T1,margin_sse,688521,True
2024-02-28,AGGREGATOR|research-node|akshare@1.18.97|stock_margin_detail_sse,2024-02-28,,2026-09-26T08:09:19.401122+00:00,2024-02-29,CONSERVATIVE_T1,margin_sse,600196,True
2024-02-28,AGGREGATOR|research-node|akshare@1.18.97|stock_margin_detail_sse,2024-02-28,,2026-09-26T08:09:19.401122+00:00,2024-02-29,CONSERVATIVE_T1,margin_sse,600269,True
2024-02-28,AGGREGATOR|research-node|akshare@1.18.97|stock_margin_detail_sse,2024-02-28,,2026-09-26T08:09:19.401122+00:00,2024-02-29,CONSERVATIVE_T1,margin_sse,600377,True
2024-02-28,AGGREGATOR|research-node|akshare@1.18.97|stock_margin_detail_sse,2024-02-28,,2026-09-26T08:09:19.401122+00:00,2024-02-29,CONSERVATIVE_T1,margin_sse,600567,True
2024-02-28,AGGREGATOR|research-node|akshare@1.18.97|stock_margin_detail_sse,2024-02-28,,2026-09-26T08:09:19.401122+00:00,2024-02-29,CONSERVATIVE_T1,margin_sse,600598,True
2024-02-28,AGGREGATOR|research-node|akshare@1.18.97|stock_margin_detail_sse,2024-02-28,,2026-09-26T08:09:19.401122+00:00,2024-02-29,CONSERVATIVE_T1,margin_sse,600694,True
2024-02-28,AGGREGATOR|research-node|akshare@1.18.97|stock_margin_detail_sse,2024-02-28,,2026-09-26T08:09:19.401122+00:00,2024-02-29,CONSERVATIVE_T1,margin_sse,601298,True
2024-02-28,AGGREGATOR|research-node|akshare@1.18.97|stock_margin_detail_sse,2024-02-28,,2026-09-26T08:09:19.401122+00:00,2024-02-29,CONSERVATIVE_T1,margin_sse,601328,True
2024-02-28,AGGREGATOR|research-node|akshare@1.18.97|stock_margin_detail_sse,2024-02-28,,2026-09-26T08:09:19.401122+00:00,2024-02-29,CONSERVATIVE_T1,margin_sse,601869,True
2024-02-28,AGGREGATOR|research-node|akshare@1.18.97|stock_margin_detail_sse,2024-02-28,,2026-09-26T08:09:19.401122+00:00,2024-02-29,CONSERVATIVE_T1,margin_sse,601985,True
2024-02-28,AGGREGATOR|research-node|akshare@1.18.97|stock_margin_detail_sse,2024-02-28,,2026-09-26T08:09:19.401122+00:00,2024-02-29,CONSERVATIVE_T1,margin_sse,601988,True
2024-02-28,AGGREGATOR|research-node|akshare@1.18.97|stock_margin_detail_sse,2024-02-28,,2026-09-26T08:09:19.401122+00:00,2024-02-29,CONSERVATIVE_T1,margin_sse,601992,True
2024-02-28,AGGREGATOR|research-node|akshare@1.18.97|stock_margin_detail_sse,2024-02-28,,2026-09-26T08:09:19.401122+00:00,2024-02-29,CONSERVATIVE_T1,margin_sse,688498,True
2024-02-28,AGGREGATOR|research-node|akshare@1.18.97|stock_margin_detail_sse,2024-02-28,,2026-09-26T08:09:19.401122+00:00,2024-02-29,CONSERVATIVE_T1,margin_sse,688521,True
2024-02-29,AGGREGATOR|research-node|akshare@1.18.97|stock_margin_detail_sse,2024-02-29,,2026-09-26T08:09:23.770245+00:00,2024-03-01,CONSERVATIVE_T1,margin_sse,600196,True
2024-02-29,AGGREGATOR|research-node|akshare@1.18.97|stock_margin_detail_sse,2024-02-29,,2026-09-26T08:09:23.770245+00:00,2024-03-01,CONSERVATIVE_T1,margin_sse,600269,True
2024-02-29,AGGREGATOR|research-node|akshare@1.18.97|stock_margin_detail_sse,2024-02-29,,2026-09-26T08:09:23.770245+00:00,2024-03-01,CONSERVATIVE_T1,margin_sse,600377,True
2024-02-29,AGGREGATOR|research-node|akshare@1.18.97|stock_margin_detail_sse,2024-02-29,,2026-09-26T08:09:23.770245+00:00,2024-03-01,CONSERVATIVE_T1,margin_sse,600567,True
2024-02-29,AGGREGATOR|research-node|akshare@1.18.97|stock_margin_detail_sse,2024-02-29,,2026-09-26T08:09:23.770245+00:00,2024-03-01,CONSERVATIVE_T1,margin_sse,600598,True
2024-02-29,AGGREGATOR|research-node|akshare@1.18.97|stock_margin_detail_sse,2024-02-29,,2026-09-26T08:09:23.770245+00:00,2024-03-01,CONSERVATIVE_T1,margin_sse,600694,True
2024-02-29,AGGREGATOR|research-node|akshare@1.18.97|stock_margin_detail_sse,2024-02-29,,2026-09-26T08:09:23.770245+00:00,2024-03-01,CONSERVATIVE_T1,margin_sse,601298,True
2024-02-29,AGGREGATOR|research-node|akshare@1.18.97|stock_margin_detail_sse,2024-02-29,,2026-09-26T08:09:23.770245+00:00,2024-03-01,CONSERVATIVE_T1,margin_sse,601328,True
2024-02-29,AGGREGATOR|research-node|akshare@1.18.97|stock_margin_detail_sse,2024-02-29,,2026-09-26T08:09:23.770245+00:00,2024-03-01,CONSERVATIVE_T1,margin_sse,601869,True
2024-02-29,AGGREGATOR|research-node|akshare@1.18.97|stock_margin_detail_sse,2024-02-29,,2026-09-26T08:09:23.770245+00:00,2024-03-01,CONSERVATIVE_T1,margin_sse,601985,True
2024-02-29,AGGREGATOR|research-node|akshare@1.18.97|stock_margin_detail_sse,2024-02-29,,2026-09-26T08:09:23.770245+00:00,2024-03-01,CONSERVATIVE_T1,margin_sse,601988,True
2024-02-29,AGGREGATOR|research-node|akshare@1.18.97|stock_margin_detail_sse,2024-02-29,,2026-09-26T08:09:23.770245+00:00,2024-03-01,CONSERVATIVE_T1,margin_sse,601992,True
2024-02-29,AGGREGATOR|research-node|akshare@1.18.97|stock_margin_detail_sse,2024-02-29,,2026-09-26T08:09:23.770245+00:00,2024-03-01,CONSERVATIVE_T1,margin_sse,688498,True
2024-03-01,AGGREGATOR|research-node|akshare@1.18.97|stock_margin_detail_sse,2024-03-01,,2026-09-26T08:09:28.111185+00:00,2024-03-04,CONSERVATIVE_T1,margin_sse,600196,True
2024-03-01,AGGREGATOR|research-node|akshare@1.18.97|stock_margin_detail_sse,2024-03-01,,2026-09-26T08:09:28.111185+00:00,2024-03-04,CONSERVATIVE_T1,margin_sse,600269,True
2024-03-01,AGGREGATOR|research-node|akshare@1.18.97|stock_margin_detail_sse,2024-03-01,,2026-09-26T08:09:28.111185+00:00,2024-03-04,CONSERVATIVE_T1,margin_sse,600377,True
2024-03-01,AGGREGATOR|research-node|akshare@1.18.97|stock_margin_detail_sse,2024-03-01,,2026-09-26T08:09:28.111185+00:00,2024-03-04,CONSERVATIVE_T1,margin_sse,600567,True
2024-03-01,AGGREGATOR|research-node|akshare@1.18.97|stock_margin_detail_sse,2024-03-01,,2026-09-26T08:09:28.111185+00:00,2024-03-04,CONSERVATIVE_T1,margin_sse,600598,True
2024-03-01,AGGREGATOR|research-node|akshare@1.18.97|stock_margin_detail_sse,2024-03-01,,2026-09-26T08:09:28.111185+00:00,2024-03-04,CONSERVATIVE_T1,margin_sse,600694,True
2024-03-01,AGGREGATOR|research-node|akshare@1.18.97|stock_margin_detail_sse,2024-03-01,,2026-09-26T08:09:28.111185+00:00,2024-03-04,CONSERVATIVE_T1,margin_sse,601298,True
2024-03-01,AGGREGATOR|research-node|akshare@1.18.97|stock_margin_detail_sse,2024-03-01,,2026-09-26T08:09:28.111185+00:00,2024-03-04,CONSERVATIVE_T1,margin_sse,601328,True
2024-03-01,AGGREGATOR|research-node|akshare@1.18.97|stock_margin_detail_sse,2024-03-01,,2026-09-26T08:09:28.111185+00:00,2024-03-04,CONSERVATIVE_T1,margin_sse,601869,True
2024-03-01,AGGREGATOR|research-node|akshare@1.18.97|stock_margin_detail_sse,2024-03-01,,2026-09-26T08:09:28.111185+00:00,2024-03-04,CONSERVATIVE_T1,margin_sse,601985,True
2024-03-01,AGGREGATOR|research-node|akshare@1.18.97|stock_margin_detail_sse,2024-03-01,,2026-09-26T08:09:28.111185+00:00,2024-03-04,CONSERVATIVE_T1,margin_sse,601988,True
2024-03-01,AGGREGATOR|research-node|akshare@1.18.97|stock_margin_detail_sse,2024-03-01,,2026-09-26T08:09:28.111185+00:00,2024-03-04,CONSERVATIVE_T1,margin_sse,601992,True
2024-03-01,AGGREGATOR|research-node|akshare@1.18.97|stock_margin_detail_sse,2024-03-01,,2026-09-26T08:09:28.111185+00:00,2024-03-04,CONSERVATIVE_T1,margin_sse,688498,True
2024-03-04,AGGREGATOR|research-node|akshare@1.18.97|stock_margin_detail_sse,2024-03-04,,2026-09-26T08:09:32.462776+00:00,2024-03-05,CONSERVATIVE_T1,margin_sse,600196,True
2024-03-04,AGGREGATOR|research-node|akshare@1.18.97|stock_margin_detail_sse,2024-03-04,,2026-09-26T08:09:32.462776+00:00,2024-03-05,CONSERVATIVE_T1,margin_sse,600269,True
2024-03-04,AGGREGATOR|research-node|akshare@1.18.97|stock_margin_detail_sse,2024-03-04,,2026-09-26T08:09:32.462776+00:00,2024-03-05,CONSERVATIVE_T1,margin_sse,600377,True
2024-03-04,AGGREGATOR|research-node|akshare@1.18.97|stock_margin_detail_sse,2024-03-04,,2026-09-26T08:09:32.462776+00:00,2024-03-05,CONSERVATIVE_T1,margin_sse,600567,True
2024-03-04,AGGREGATOR|research-node|akshare@1.18.97|stock_margin_detail_sse,2024-03-04,,2026-09-26T08:09:32.462776+00:00,2024-03-05,CONSERVATIVE_T1,margin_sse,600598,True
2024-03-04,AGGREGATOR|research-node|akshare@1.18.97|stock_margin_detail_sse,2024-03-04,,2026-09-26T08:09:32.462776+00:00,2024-03-05,CONSERVATIVE_T1,margin_sse,600694,True
2024-03-04,AGGREGATOR|research-node|akshare@1.18.97|stock_margin_detail_sse,2024-03-04,,2026-09-26T08:09:32.462776+00:00,2024-03-05,CONSERVATIVE_T1,margin_sse,601298,True
2024-03-04,AGGREGATOR|research-node|akshare@1.18.97|stock_margin_detail_sse,2024-03-04,,2026-09-26T08:09:32.462776+00:00,2024-03-05,CONSERVATIVE_T1,margin_sse,601328,True
2024-03-04,AGGREGATOR|research-node|akshare@1.18.97|stock_margin_detail_sse,2024-03-04,,2026-09-26T08:09:32.462776+00:00,2024-03-05,CONSERVATIVE_T1,margin_sse,601869,True
2024-03-04,AGGREGATOR|research-node|akshare@1.18.97|stock_margin_detail_sse,2024-03-04,,2026-09-26T08:09:32.462776+00:00,2024-03-05,CONSERVATIVE_T1,margin_sse,601985,True
2024-03-04,AGGREGATOR|research-node|akshare@1.18.97|stock_margin_detail_sse,2024-03-04,,2026-09-26T08:09:32.462776+00:00,2024-03-05,CONSERVATIVE_T1,margin_sse,601988,True
2024-03-04,AGGREGATOR|research-node|akshare@1.18.97|stock_margin_detail_sse,2024-03-04,,2026-09-26T08:09:32.462776+00:00,2024-03-05,CONSERVATIVE_T1,margin_sse,601992,True
2024-03-04,AGGREGATOR|research-node|akshare@1.18.97|stock_margin_detail_sse,2024-03-04,,2026-09-26T08:09:32.462776+00:00,2024-03-05,CONSERVATIVE_T1,margin_sse,688498,True
2024-03-05,AGGREGATOR|research-node|akshare@1.18.97|stock_margin_detail_sse,2024-03-05,,2026-09-26T08:09:36.771978+00:00,2024-03-06,CONSERVATIVE_T1,margin_sse,600196,True
2024-03-05,AGGREGATOR|research-node|akshare@1.18.97|stock_margin_detail_sse,2024-03-05,,2026-09-26T08:09:36.771978+00:00,2024-03-06,CONSERVATIVE_T1,margin_sse,600269,True
2024-03-05,AGGREGATOR|research-node|akshare@1.18.97|stock_margin_detail_sse,2024-03-05,,2026-09-26T08:09:36.771978+00:00,2024-03-06,CONSERVATIVE_T1,margin_sse,600377,True
2024-03-05,AGGREGATOR|research-node|akshare@1.18.97|stock_margin_detail_sse,2024-03-05,,2026-09-26T08:09:36.771978+00:00,2024-03-06,CONSERVATIVE_T1,margin_sse,600567,True
2024-03-05,AGGREGATOR|research-node|akshare@1.18.97|stock_margin_detail_sse,2024-03-05,,2026-09-26T08:09:36.771978+00:00,2024-03-06,CONSERVATIVE_T1,margin_sse,600598,True
2024-03-05,AGGREGATOR|research-node|akshare@1.18.97|stock_margin_detail_sse,2024-03-05,,2026-09-26T08:09:36.771978+00:00,2024-03-06,CONSERVATIVE_T1,margin_sse,600694,True
2024-03-05,AGGREGATOR|research-node|akshare@1.18.97|stock_margin_detail_sse,2024-03-05,,2026-09-26T08:09:36.771978+00:00,2024-03-06,CONSERVATIVE_T1,margin_sse,601298,True
2024-03-05,AGGREGATOR|research-node|akshare@1.18.97|stock_margin_detail_sse,2024-03-05,,2026-09-26T08:09:36.771978+00:00,2024-03-06,CONSERVATIVE_T1,margin_sse,601328,True
2024-03-05,AGGREGATOR|research-node|akshare@1.18.97|stock_margin_detail_sse,2024-03-05,,2026-09-26T08:09:36.771978+00:00,2024-03-06,CONSERVATIVE_T1,margin_sse,601869,True
2024-03-05,AGGREGATOR|research-node|akshare@1.18.97|stock_margin_detail_sse,2024-03-05,,2026-09-26T08:09:36.771978+00:00,2024-03-06,CONSERVATIVE_T1,margin_sse,601985,True
2024-03-05,AGGREGATOR|research-node|akshare@1.18.97|stock_margin_detail_sse,2024-03-05,,2026-09-26T08:09:36.771978+00:00,2024-03-06,CONSERVATIVE_T1,margin_sse,601988,True
2024-03-05,AGGREGATOR|research-node|akshare@1.18.97|stock_margin_detail_sse,2024-03-05,,2026-09-26T08:09:36.771978+00:00,2024-03-06,CONSERVATIVE_T1,margin_sse,601992,True
2024-03-05,AGGREGATOR|research-node|akshare@1.18.97|stock_margin_detail_sse,2024-03-05,,2026-09-26T08:09:36.771978+00:00,2024-03-06,CONSERVATIVE_T1,margin_sse,688498,True
2024-03-06,AGGREGATOR|research-node|akshare@1.18.97|stock_margin_detail_sse,2024-03-06,,2026-09-26T08:09:41.201191+00:00,2024-03-07,CONSERVATIVE_T1,margin_sse,600196,True
2024-03-06,AGGREGATOR|research-node|akshare@1.18.97|stock_margin_detail_sse,2024-03-06,,2026-09-26T08:09:41.201191+00:00,2024-03-07,CONSERVATIVE_T1,margin_sse,600269,True
2024-03-06,AGGREGATOR|research-node|akshare@1.18.97|stock_margin_detail_sse,2024-03-06,,2026-09-26T08:09:41.201191+00:00,2024-03-07,CONSERVATIVE_T1,margin_sse,600377,True
2024-03-06,AGGREGATOR|research-node|akshare@1.18.97|stock_margin_detail_sse,2024-03-06,,2026-09-26T08:09:41.201191+00:00,2024-03-07,CONSERVATIVE_T1,margin_sse,600567,True
2024-03-06,AGGREGATOR|research-node|akshare@1.18.97|stock_margin_detail_sse,2024-03-06,,2026-09-26T08:09:41.201191+00:00,2024-03-07,CONSERVATIVE_T1,margin_sse,600598,True
2024-03-06,AGGREGATOR|research-node|akshare@1.18.97|stock_margin_detail_sse,2024-03-06,,2026-09-26T08:09:41.201191+00:00,2024-03-07,CONSERVATIVE_T1,margin_sse,600694,True
2024-03-06,AGGREGATOR|research-node|akshare@1.18.97|stock_margin_detail_sse,2024-03-06,,2026-09-26T08:09:41.201191+00:00,2024-03-07,CONSERVATIVE_T1,margin_sse,601298,True
2024-03-06,AGGREGATOR|research-node|akshare@1.18.97|stock_margin_detail_sse,2024-03-06,,2026-09-26T08:09:41.201191+00:00,2024-03-07,CONSERVATIVE_T1,margin_sse,601328,True
2024-03-06,AGGREGATOR|research-node|akshare@1.18.97|stock_margin_detail_sse,2024-03-06,,2026-09-26T08:09:41.201191+00:00,2024-03-07,CONSERVATIVE_T1,margin_sse,601869,True
2024-03-06,AGGREGATOR|research-node|akshare@1.18.97|stock_margin_detail_sse,2024-03-06,,2026-09-26T08:09:41.201191+00:00,2024-03-07,CONSERVATIVE_T1,margin_sse,601985,True
2024-03-06,AGGREGATOR|research-node|akshare@1.18.97|stock_margin_detail_sse,2024-03-06,,2026-09-26T08:09:41.201191+00:00,2024-03-07,CONSERVATIVE_T1,margin_sse,601988,True
2024-03-06,AGGREGATOR|research-node|akshare@1.18.97|stock_margin_detail_sse,2024-03-06,,2026-09-26T08:09:41.201191+00:00,2024-03-07,CONSERVATIVE_T1,margin_sse,601992,True
2024-03-06,AGGREGATOR|research-node|akshare@1.18.97|stock_margin_detail_sse,2024-03-06,,2026-09-26T08:09:41.201191+00:00,2024-03-07,CONSERVATIVE_T1,margin_sse,688498,True
2024-03-07,AGGREGATOR|research-node|akshare@1.18.97|stock_margin_detail_sse,2024-03-07,,2026-09-26T08:09:45.664205+00:00,2024-03-08,CONSERVATIVE_T1,margin_sse,600196,True
2024-03-07,AGGREGATOR|research-node|akshare@1.18.97|stock_margin_detail_sse,2024-03-07,,2026-09-26T08:09:45.664205+00:00,2024-03-08,CONSERVATIVE_T1,margin_sse,600269,True
2024-03-07,AGGREGATOR|research-node|akshare@1.18.97|stock_margin_detail_sse,2024-03-07,,2026-09-26T08:09:45.664205+00:00,2024-03-08,CONSERVATIVE_T1,margin_sse,600377,True
2024-03-07,AGGREGATOR|research-node|akshare@1.18.97|stock_margin_detail_sse,2024-03-07,,2026-09-26T08:09:45.664205+00:00,2024-03-08,CONSERVATIVE_T1,margin_sse,600567,True
2024-03-07,AGGREGATOR|research-node|akshare@1.18.97|stock_margin_detail_sse,2024-03-07,,2026-09-26T08:09:45.664205+00:00,2024-03-08,CONSERVATIVE_T1,margin_sse,600598,True
2024-03-07,AGGREGATOR|research-node|akshare@1.18.97|stock_margin_detail_sse,2024-03-07,,2026-09-26T08:09:45.664205+00:00,2024-03-08,CONSERVATIVE_T1,margin_sse,600694,True
2024-03-07,AGGREGATOR|research-node|akshare@1.18.97|stock_margin_detail_sse,2024-03-07,,2026-09-26T08:09:45.664205+00:00,2024-03-08,CONSERVATIVE_T1,margin_sse,601298,True
2024-03-07,AGGREGATOR|research-node|akshare@1.18.97|stock_margin_detail_sse,2024-03-07,,2026-09-26T08:09:45.664205+00:00,2024-03-08,CONSERVATIVE_T1,margin_sse,601328,True
2024-03-07,AGGREGATOR|research-node|akshare@1.18.97|stock_margin_detail_sse,2024-03-07,,2026-09-26T08:09:45.664205+00:00,2024-03-08,CONSERVATIVE_T1,margin_sse,601869,True
2024-03-07,AGGREGATOR|research-node|akshare@1.18.97|stock_margin_detail_sse,2024-03-07,,2026-09-26T08:09:45.664205+00:00,2024-03-08,CONSERVATIVE_T1,margin_sse,601985,True
2024-03-07,AGGREGATOR|research-node|akshare@1.18.97|stock_margin_detail_sse,2024-03-07,,2026-09-26T08:09:45.664205+00:00,2024-03-08,CONSERVATIVE_T1,margin_sse,601988,True
2024-03-07,AGGREGATOR|research-node|akshare@1.18.97|stock_margin_detail_sse,2024-03-07,,2026-09-26T08:09:45.664205+00:00,2024-03-08,CONSERVATIVE_T1,margin_sse,601992,True
2024-03-07,AGGREGATOR|research-node|akshare@1.18.97|stock_margin_detail_sse,2024-03-07,,2026-09-26T08:09:45.664205+00:00,2024-03-08,CONSERVATIVE_T1,margin_sse,688498,True
2024-03-08,AGGREGATOR|research-node|akshare@1.18.97|stock_margin_detail_sse,2024-03-08,,2026-09-26T08:09:50.211272+00:00,2024-03-11,CONSERVATIVE_T1,margin_sse,600196,True
2024-03-08,AGGREGATOR|research-node|akshare@1.18.97|stock_margin_detail_sse,2024-03-08,,2026-09-26T08:09:50.211272+00:00,2024-03-11,CONSERVATIVE_T1,margin_sse,600269,True
2024-03-08,AGGREGATOR|research-node|akshare@1.18.97|stock_margin_detail_sse,2024-03-08,,2026-09-26T08:09:50.211272+00:00,2024-03-11,CONSERVATIVE_T1,margin_sse,600377,True
2024-03-08,AGGREGATOR|research-node|akshare@1.18.97|stock_margin_detail_sse,2024-03-08,,2026-09-26T08:09:50.211272+00:00,2024-03-11,CONSERVATIVE_T1,margin_sse,600567,True
2024-03-08,AGGREGATOR|research-node|akshare@1.18.97|stock_margin_detail_sse,2024-03-08,,2026-09-26T08:09:50.211272+00:00,2024-03-11,CONSERVATIVE_T1,margin_sse,600598,True
2024-03-08,AGGREGATOR|research-node|akshare@1.18.97|stock_margin_detail_sse,2024-03-08,,2026-09-26T08:09:50.211272+00:00,2024-03-11,CONSERVATIVE_T1,margin_sse,600694,True
2024-03-08,AGGREGATOR|research-node|akshare@1.18.97|stock_margin_detail_sse,2024-03-08,,2026-09-26T08:09:50.211272+00:00,2024-03-11,CONSERVATIVE_T1,margin_sse,601298,True
2024-03-08,AGGREGATOR|research-node|akshare@1.18.97|stock_margin_detail_sse,2024-03-08,,2026-09-26T08:09:50.211272+00:00,2024-03-11,CONSERVATIVE_T1,margin_sse,601328,True
2024-03-08,AGGREGATOR|research-node|akshare@1.18.97|stock_margin_detail_sse,2024-03-08,,2026-09-26T08:09:50.211272+00:00,2024-03-11,CONSERVATIVE_T1,margin_sse,601869,True
2024-03-08,AGGREGATOR|research-node|akshare@1.18.97|stock_margin_detail_sse,2024-03-08,,2026-09-26T08:09:50.211272+00:00,2024-03-11,CONSERVATIVE_T1,margin_sse,601985,True
2024-03-08,AGGREGATOR|research-node|akshare@1.18.97|stock_margin_detail_sse,2024-03-08,,2026-09-26T08:09:50.211272+00:00,2024-03-11,CONSERVATIVE_T1,margin_sse,601988,True
2024-03-08,AGGREGATOR|research-node|akshare@1.18.97|stock_margin_detail_sse,2024-03-08,,2026-09-26T08:09:50.211272+00:00,2024-03-11,CONSERVATIVE_T1,margin_sse,601992,True
2024-03-08,AGGREGATOR|research-node|akshare@1.18.97|stock_margin_detail_sse,2024-03-08,,2026-09-26T08:09:50.211272+00:00,2024-03-11,CONSERVATIVE_T1,margin_sse,688498,True
2024-03-11,AGGREGATOR|research-node|akshare@1.18.97|stock_margin_detail_sse,2024-03-11,,2026-09-26T08:09:54.593204+00:00,2024-03-12,CONSERVATIVE_T1,margin_sse,600196,True
2024-03-11,AGGREGATOR|research-node|akshare@1.18.97|stock_margin_detail_sse,2024-03-11,,2026-09-26T08:09:54.593204+00:00,2024-03-12,CONSERVATIVE_T1,margin_sse,600269,True
2024-03-11,AGGREGATOR|research-node|akshare@1.18.97|stock_margin_detail_sse,2024-03-11,,2026-09-26T08:09:54.593204+00:00,2024-03-12,CONSERVATIVE_T1,margin_sse,600377,True
2024-03-11,AGGREGATOR|research-node|akshare@1.18.97|stock_margin_detail_sse,2024-03-11,,2026-09-26T08:09:54.593204+00:00,2024-03-12,CONSERVATIVE_T1,margin_sse,600567,True
2024-03-11,AGGREGATOR|research-node|akshare@1.18.97|stock_margin_detail_sse,2024-03-11,,2026-09-26T08:09:54.593204+00:00,2024-03-12,CONSERVATIVE_T1,margin_sse,600598,True
2024-03-11,AGGREGATOR|research-node|akshare@1.18.97|stock_margin_detail_sse,2024-03-11,,2026-09-26T08:09:54.593204+00:00,2024-03-12,CONSERVATIVE_T1,margin_sse,600694,True
2024-03-11,AGGREGATOR|research-node|akshare@1.18.97|stock_margin_detail_sse,2024-03-11,,2026-09-26T08:09:54.593204+00:00,2024-03-12,CONSERVATIVE_T1,margin_sse,601298,True
2024-03-11,AGGREGATOR|research-node|akshare@1.18.97|stock_margin_detail_sse,2024-03-11,,2026-09-26T08:09:54.593204+00:00,2024-03-12,CONSERVATIVE_T1,margin_sse,601328,True
2024-03-11,AGGREGATOR|research-node|akshare@1.18.97|stock_margin_detail_sse,2024-03-11,,2026-09-26T08:09:54.593204+00:00,2024-03-12,CONSERVATIVE_T1,margin_sse,601869,True
2024-03-11,AGGREGATOR|research-node|akshare@1.18.97|stock_margin_detail_sse,2024-03-11,,2026-09-26T08:09:54.593204+00:00,2024-03-12,CONSERVATIVE_T1,margin_sse,601985,True
2024-03-11,AGGREGATOR|research-node|akshare@1.18.97|stock_margin_detail_sse,2024-03-11,,2026-09-26T08:09:54.593204+00:00,2024-03-12,CONSERVATIVE_T1,margin_sse,601988,True
2024-03-11,AGGREGATOR|research-node|akshare@1.18.97|stock_margin_detail_sse,2024-03-11,,2026-09-26T08:09:54.593204+00:00,2024-03-12,CONSERVATIVE_T1,margin_sse,601992,True
2024-03-11,AGGREGATOR|research-node|akshare@1.18.97|stock_margin_detail_sse,2024-03-11,,2026-09-26T08:09:54.593204+00:00,2024-03-12,CONSERVATIVE_T1,margin_sse,688498,True
2024-03-12,AGGREGATOR|research-node|akshare@1.18.97|stock_margin_detail_sse,2024-03-12,,2026-09-26T08:09:58.987240+00:00,2024-03-13,CONSERVATIVE_T1,margin_sse,600196,True
2024-03-12,AGGREGATOR|research-node|akshare@1.18.97|stock_margin_detail_sse,2024-03-12,,2026-09-26T08:09:58.987240+00:00,2024-03-13,CONSERVATIVE_T1,margin_sse,600269,True
2024-03-12,AGGREGATOR|research-node|akshare@1.18.97|stock_margin_detail_sse,2024-03-12,,2026-09-26T08:09:58.987240+00:00,2024-03-13,CONSERVATIVE_T1,margin_sse,600377,True
2024-03-12,AGGREGATOR|research-node|akshare@1.18.97|stock_margin_detail_sse,2024-03-12,,2026-09-26T08:09:58.987240+00:00,2024-03-13,CONSERVATIVE_T1,margin_sse,600567,True
2024-03-12,AGGREGATOR|research-node|akshare@1.18.97|stock_margin_detail_sse,2024-03-12,,2026-09-26T08:09:58.987240+00:00,2024-03-13,CONSERVATIVE_T1,margin_sse,600598,True
2024-03-12,AGGREGATOR|research-node|akshare@1.18.97|stock_margin_detail_sse,2024-03-12,,2026-09-26T08:09:58.987240+00:00,2024-03-13,CONSERVATIVE_T1,margin_sse,600694,True
2024-03-12,AGGREGATOR|research-node|akshare@1.18.97|stock_margin_detail_sse,2024-03-12,,2026-09-26T08:09:58.987240+00:00,2024-03-13,CONSERVATIVE_T1,margin_sse,601298,True
2024-03-12,AGGREGATOR|research-node|akshare@1.18.97|stock_margin_detail_sse,2024-03-12,,2026-09-26T08:09:58.987240+00:00,2024-03-13,CONSERVATIVE_T1,margin_sse,601328,True
2024-03-12,AGGREGATOR|research-node|akshare@1.18.97|stock_margin_detail_sse,2024-03-12,,2026-09-26T08:09:58.987240+00:00,2024-03-13,CONSERVATIVE_T1,margin_sse,601869,True
2024-03-12,AGGREGATOR|research-node|akshare@1.18.97|stock_margin_detail_sse,2024-03-12,,2026-09-26T08:09:58.987240+00:00,2024-03-13,CONSERVATIVE_T1,margin_sse,601985,True
2024-03-12,AGGREGATOR|research-node|akshare@1.18.97|stock_margin_detail_sse,2024-03-12,,2026-09-26T08:09:58.987240+00:00,2024-03-13,CONSERVATIVE_T1,margin_sse,601988,True
2024-03-12,AGGREGATOR|research-node|akshare@1.18.97|stock_margin_detail_sse,2024-03-12,,2026-09-26T08:09:58.987240+00:00,2024-03-13,CONSERVATIVE_T1,margin_sse,601992,True
2024-03-12,AGGREGATOR|research-node|akshare@1.18.97|stock_margin_detail_sse,2024-03-12,,2026-09-26T08:09:58.987240+00:00,2024-03-13,CONSERVATIVE_T1,margin_sse,688498,True
2024-03-13,AGGREGATOR|research-node|akshare@1.18.97|stock_margin_detail_sse,2024-03-13,,2026-09-26T08:10:03.442249+00:00,2024-03-14,CONSERVATIVE_T1,margin_sse,600196,True
2024-03-13,AGGREGATOR|research-node|akshare@1.18.97|stock_margin_detail_sse,2024-03-13,,2026-09-26T08:10:03.442249+00:00,2024-03-14,CONSERVATIVE_T1,margin_sse,600269,True
2024-03-13,AGGREGATOR|research-node|akshare@1.18.97|stock_margin_detail_sse,2024-03-13,,2026-09-26T08:10:03.442249+00:00,2024-03-14,CONSERVATIVE_T1,margin_sse,600377,True
2024-03-13,AGGREGATOR|research-node|akshare@1.18.97|stock_margin_detail_sse,2024-03-13,,2026-09-26T08:10:03.442249+00:00,2024-03-14,CONSERVATIVE_T1,margin_sse,600567,True
2024-03-13,AGGREGATOR|research-node|akshare@1.18.97|stock_margin_detail_sse,2024-03-13,,2026-09-26T08:10:03.442249+00:00,2024-03-14,CONSERVATIVE_T1,margin_sse,600598,True
2024-03-13,AGGREGATOR|research-node|akshare@1.18.97|stock_margin_detail_sse,2024-03-13,,2026-09-26T08:10:03.442249+00:00,2024-03-14,CONSERVATIVE_T1,margin_sse,600694,True
2024-03-13,AGGREGATOR|research-node|akshare@1.18.97|stock_margin_detail_sse,2024-03-13,,2026-09-26T08:10:03.442249+00:00,2024-03-14,CONSERVATIVE_T1,margin_sse,601298,True
2024-03-13,AGGREGATOR|research-node|akshare@1.18.97|stock_margin_detail_sse,2024-03-13,,2026-09-26T08:10:03.442249+00:00,2024-03-14,CONSERVATIVE_T1,margin_sse,601328,True
2024-03-13,AGGREGATOR|research-node|akshare@1.18.97|stock_margin_detail_sse,2024-03-13,,2026-09-26T08:10:03.442249+00:00,2024-03-14,CONSERVATIVE_T1,margin_sse,601869,True
2024-03-13,AGGREGATOR|research-node|akshare@1.18.97|stock_margin_detail_sse,2024-03-13,,2026-09-26T08:10:03.442249+00:00,2024-03-14,CONSERVATIVE_T1,margin_sse,601985,True
2024-03-13,AGGREGATOR|research-node|akshare@1.18.97|stock_margin_detail_sse,2024-03-13,,2026-09-26T08:10:03.442249+00:00,2024-03-14,CONSERVATIVE_T1,margin_sse,601988,True
2024-03-13,AGGREGATOR|research-node|akshare@1.18.97|stock_margin_detail_sse,2024-03-13,,2026-09-26T08:10:03.442249+00:00,2024-03-14,CONSERVATIVE_T1,margin_sse,601992,True
2024-03-13,AGGREGATOR|research-node|akshare@1.18.97|stock_margin_detail_sse,2024-03-13,,2026-09-26T08:10:03.442249+00:00,2024-03-14,CONSERVATIVE_T1,margin_sse,688498,True
2024-03-14,AGGREGATOR|research-node|akshare@1.18.97|stock_margin_detail_sse,2024-03-14,,2026-09-26T08:10:07.824062+00:00,2024-03-15,CONSERVATIVE_T1,margin_sse,600196,True
2024-03-14,AGGREGATOR|research-node|akshare@1.18.97|stock_margin_detail_sse,2024-03-14,,2026-09-26T08:10:07.824062+00:00,2024-03-15,CONSERVATIVE_T1,margin_sse,600269,True
2024-03-14,AGGREGATOR|research-node|akshare@1.18.97|stock_margin_detail_sse,2024-03-14,,2026-09-26T08:10:07.824062+00:00,2024-03-15,CONSERVATIVE_T1,margin_sse,600377,True
2024-03-14,AGGREGATOR|research-node|akshare@1.18.97|stock_margin_detail_sse,2024-03-14,,2026-09-26T08:10:07.824062+00:00,2024-03-15,CONSERVATIVE_T1,margin_sse,600567,True
2024-03-14,AGGREGATOR|research-node|akshare@1.18.97|stock_margin_detail_sse,2024-03-14,,2026-09-26T08:10:07.824062+00:00,2024-03-15,CONSERVATIVE_T1,margin_sse,600598,True
2024-03-14,AGGREGATOR|research-node|akshare@1.18.97|stock_margin_detail_sse,2024-03-14,,2026-09-26T08:10:07.824062+00:00,2024-03-15,CONSERVATIVE_T1,margin_sse,600694,True
2024-03-14,AGGREGATOR|research-node|akshare@1.18.97|stock_margin_detail_sse,2024-03-14,,2026-09-26T08:10:07.824062+00:00,2024-03-15,CONSERVATIVE_T1,margin_sse,601298,True
2024-03-14,AGGREGATOR|research-node|akshare@1.18.97|stock_margin_detail_sse,2024-03-14,,2026-09-26T08:10:07.824062+00:00,2024-03-15,CONSERVATIVE_T1,margin_sse,601328,True
2024-03-14,AGGREGATOR|research-node|akshare@1.18.97|stock_margin_detail_sse,2024-03-14,,2026-09-26T08:10:07.824062+00:00,2024-03-15,CONSERVATIVE_T1,margin_sse,601869,True
2024-03-14,AGGREGATOR|research-node|akshare@1.18.97|stock_margin_detail_sse,2024-03-14,,2026-09-26T08:10:07.824062+00:00,2024-03-15,CONSERVATIVE_T1,margin_sse,601985,True
2024-03-14,AGGREGATOR|research-node|akshare@1.18.97|stock_margin_detail_sse,2024-03-14,,2026-09-26T08:10:07.824062+00:00,2024-03-15,CONSERVATIVE_T1,margin_sse,601988,True
2024-03-14,AGGREGATOR|research-node|akshare@1.18.97|stock_margin_detail_sse,2024-03-14,,2026-09-26T08:10:07.824062+00:00,2024-03-15,CONSERVATIVE_T1,margin_sse,601992,True
2024-03-14,AGGREGATOR|research-node|akshare@1.18.97|stock_margin_detail_sse,2024-03-14,,2026-09-26T08:10:07.824062+00:00,2024-03-15,CONSERVATIVE_T1,margin_sse,688498,True
2024-03-15,AGGREGATOR|research-node|akshare@1.18.97|stock_margin_detail_sse,2024-03-15,,2026-09-26T08:10:12.239989+00:00,2024-03-18,CONSERVATIVE_T1,margin_sse,600196,True
2024-03-15,AGGREGATOR|research-node|akshare@1.18.97|stock_margin_detail_sse,2024-03-15,,2026-09-26T08:10:12.239989+00:00,2024-03-18,CONSERVATIVE_T1,margin_sse,600269,True
2024-03-15,AGGREGATOR|research-node|akshare@1.18.97|stock_margin_detail_sse,2024-03-15,,2026-09-26T08:10:12.239989+00:00,2024-03-18,CONSERVATIVE_T1,margin_sse,600377,True
2024-03-15,AGGREGATOR|research-node|akshare@1.18.97|stock_margin_detail_sse,2024-03-15,,2026-09-26T08:10:12.239989+00:00,2024-03-18,CONSERVATIVE_T1,margin_sse,600567,True
2024-03-15,AGGREGATOR|research-node|akshare@1.18.97|stock_margin_detail_sse,2024-03-15,,2026-09-26T08:10:12.239989+00:00,2024-03-18,CONSERVATIVE_T1,margin_sse,600598,True
2024-03-15,AGGREGATOR|research-node|akshare@1.18.97|stock_margin_detail_sse,2024-03-15,,2026-09-26T08:10:12.239989+00:00,2024-03-18,CONSERVATIVE_T1,margin_sse,600694,True
2024-03-15,AGGREGATOR|research-node|akshare@1.18.97|stock_margin_detail_sse,2024-03-15,,2026-09-26T08:10:12.239989+00:00,2024-03-18,CONSERVATIVE_T1,margin_sse,601298,True
2024-03-15,AGGREGATOR|research-node|akshare@1.18.97|stock_margin_detail_sse,2024-03-15,,2026-09-26T08:10:12.239989+00:00,2024-03-18,CONSERVATIVE_T1,margin_sse,601328,True
2024-03-15,AGGREGATOR|research-node|akshare@1.18.97|stock_margin_detail_sse,2024-03-15,,2026-09-26T08:10:12.239989+00:00,2024-03-18,CONSERVATIVE_T1,margin_sse,601869,True
2024-03-15,AGGREGATOR|research-node|akshare@1.18.97|stock_margin_detail_sse,2024-03-15,,2026-09-26T08:10:12.239989+00:00,2024-03-18,CONSERVATIVE_T1,margin_sse,601985,True
2024-03-15,AGGREGATOR|research-node|akshare@1.18.97|stock_margin_detail_sse,2024-03-15,,2026-09-26T08:10:12.239989+00:00,2024-03-18,CONSERVATIVE_T1,margin_sse,601988,True
2024-03-15,AGGREGATOR|research-node|akshare@1.18.97|stock_margin_detail_sse,2024-03-15,,2026-09-26T08:10:12.239989+00:00,2024-03-18,CONSERVATIVE_T1,margin_sse,601992,True
2024-03-15,AGGREGATOR|research-node|akshare@1.18.97|stock_margin_detail_sse,2024-03-15,,2026-09-26T08:10:12.239989+00:00,2024-03-18,CONSERVATIVE_T1,margin_sse,688498,True
2024-03-18,AGGREGATOR|research-node|akshare@1.18.97|stock_margin_detail_sse,2024-03-18,,2026-09-26T08:10:16.632539+00:00,2024-03-19,CONSERVATIVE_T1,margin_sse,600196,True
2024-03-18,AGGREGATOR|research-node|akshare@1.18.97|stock_margin_detail_sse,2024-03-18,,2026-09-26T08:10:16.632539+00:00,2024-03-19,CONSERVATIVE_T1,margin_sse,600269,True
2024-03-18,AGGREGATOR|research-node|akshare@1.18.97|stock_margin_detail_sse,2024-03-18,,2026-09-26T08:10:16.632539+00:00,2024-03-19,CONSERVATIVE_T1,margin_sse,600377,True
2024-03-18,AGGREGATOR|research-node|akshare@1.18.97|stock_margin_detail_sse,2024-03-18,,2026-09-26T08:10:16.632539+00:00,2024-03-19,CONSERVATIVE_T1,margin_sse,600567,True
2024-03-18,AGGREGATOR|research-node|akshare@1.18.97|stock_margin_detail_sse,2024-03-18,,2026-09-26T08:10:16.632539+00:00,2024-03-19,CONSERVATIVE_T1,margin_sse,600598,True
2024-03-18,AGGREGATOR|research-node|akshare@1.18.97|stock_margin_detail_sse,2024-03-18,,2026-09-26T08:10:16.632539+00:00,2024-03-19,CONSERVATIVE_T1,margin_sse,600694,True
2024-03-18,AGGREGATOR|research-node|akshare@1.18.97|stock_margin_detail_sse,2024-03-18,,2026-09-26T08:10:16.632539+00:00,2024-03-19,CONSERVATIVE_T1,margin_sse,601298,True
2024-03-18,AGGREGATOR|research-node|akshare@1.18.97|stock_margin_detail_sse,2024-03-18,,2026-09-26T08:10:16.632539+00:00,2024-03-19,CONSERVATIVE_T1,margin_sse,601328,True
2024-03-18,AGGREGATOR|research-node|akshare@1.18.97|stock_margin_detail_sse,2024-03-18,,2026-09-26T08:10:16.632539+00:00,2024-03-19,CONSERVATIVE_T1,margin_sse,601869,True
2024-03-18,AGGREGATOR|research-node|akshare@1.18.97|stock_margin_detail_sse,2024-03-18,,2026-09-26T08:10:16.632539+00:00,2024-03-19,CONSERVATIVE_T1,margin_sse,601985,True
2024-03-18,AGGREGATOR|research-node|akshare@1.18.97|stock_margin_detail_sse,2024-03-18,,2026-09-26T08:10:16.632539+00:00,2024-03-19,CONSERVATIVE_T1,margin_sse,601988,True
2024-03-18,AGGREGATOR|research-node|akshare@1.18.97|stock_margin_detail_sse,2024-03-18,,2026-09-26T08:10:16.632539+00:00,2024-03-19,CONSERVATIVE_T1,margin_sse,601992,True
2024-03-18,AGGREGATOR|research-node|akshare@1.18.97|stock_margin_detail_sse,2024-03-18,,2026-09-26T08:10:16.632539+00:00,2024-03-19,CONSERVATIVE_T1,margin_sse,688498,True
2024-03-19,AGGREGATOR|research-node|akshare@1.18.97|stock_margin_detail_sse,2024-03-19,,2026-09-26T08:10:21.005350+00:00,2024-03-20,CONSERVATIVE_T1,margin_sse,600196,True
2024-03-19,AGGREGATOR|research-node|akshare@1.18.97|stock_margin_detail_sse,2024-03-19,,2026-09-26T08:10:21.005350+00:00,2024-03-20,CONSERVATIVE_T1,margin_sse,600269,True
2024-03-19,AGGREGATOR|research-node|akshare@1.18.97|stock_margin_detail_sse,2024-03-19,,2026-09-26T08:10:21.005350+00:00,2024-03-20,CONSERVATIVE_T1,margin_sse,600377,True
2024-03-19,AGGREGATOR|research-node|akshare@1.18.97|stock_margin_detail_sse,2024-03-19,,2026-09-26T08:10:21.005350+00:00,2024-03-20,CONSERVATIVE_T1,margin_sse,600567,True
2024-03-19,AGGREGATOR|research-node|akshare@1.18.97|stock_margin_detail_sse,2024-03-19,,2026-09-26T08:10:21.005350+00:00,2024-03-20,CONSERVATIVE_T1,margin_sse,600598,True
2024-03-19,AGGREGATOR|research-node|akshare@1.18.97|stock_margin_detail_sse,2024-03-19,,2026-09-26T08:10:21.005350+00:00,2024-03-20,CONSERVATIVE_T1,margin_sse,600694,True
2024-03-19,AGGREGATOR|research-node|akshare@1.18.97|stock_margin_detail_sse,2024-03-19,,2026-09-26T08:10:21.005350+00:00,2024-03-20,CONSERVATIVE_T1,margin_sse,601298,True
2024-03-19,AGGREGATOR|research-node|akshare@1.18.97|stock_margin_detail_sse,2024-03-19,,2026-09-26T08:10:21.005350+00:00,2024-03-20,CONSERVATIVE_T1,margin_sse,601328,True
2024-03-19,AGGREGATOR|research-node|akshare@1.18.97|stock_margin_detail_sse,2024-03-19,,2026-09-26T08:10:21.005350+00:00,2024-03-20,CONSERVATIVE_T1,margin_sse,601869,True
2024-03-19,AGGREGATOR|research-node|akshare@1.18.97|stock_margin_detail_sse,2024-03-19,,2026-09-26T08:10:21.005350+00:00,2024-03-20,CONSERVATIVE_T1,margin_sse,601985,True
2024-03-19,AGGREGATOR|research-node|akshare@1.18.97|stock_margin_detail_sse,2024-03-19,,2026-09-26T08:10:21.005350+00:00,2024-03-20,CONSERVATIVE_T1,margin_sse,601988,True
2024-03-19,AGGREGATOR|research-node|akshare@1.18.97|stock_margin_detail_sse,2024-03-19,,2026-09-26T08:10:21.005350+00:00,2024-03-20,CONSERVATIVE_T1,margin_sse,601992,True
2024-03-19,AGGREGATOR|research-node|akshare@1.18.97|stock_margin_detail_sse,2024-03-19,,2026-09-26T08:10:21.005350+00:00,2024-03-20,CONSERVATIVE_T1,margin_sse,688498,True
2024-03-20,AGGREGATOR|research-node|akshare@1.18.97|stock_margin_detail_sse,2024-03-20,,2026-09-26T08:10:25.422880+00:00,2024-03-21,CONSERVATIVE_T1,margin_sse,600196,True
2024-03-20,AGGREGATOR|research-node|akshare@1.18.97|stock_margin_detail_sse,2024-03-20,,2026-09-26T08:10:25.422880+00:00,2024-03-21,CONSERVATIVE_T1,margin_sse,600269,True
2024-03-20,AGGREGATOR|research-node|akshare@1.18.97|stock_margin_detail_sse,2024-03-20,,2026-09-26T08:10:25.422880+00:00,2024-03-21,CONSERVATIVE_T1,margin_sse,600377,True
2024-03-20,AGGREGATOR|research-node|akshare@1.18.97|stock_margin_detail_sse,2024-03-20,,2026-09-26T08:10:25.422880+00:00,2024-03-21,CONSERVATIVE_T1,margin_sse,600567,True
2024-03-20,AGGREGATOR|research-node|akshare@1.18.97|stock_margin_detail_sse,2024-03-20,,2026-09-26T08:10:25.422880+00:00,2024-03-21,CONSERVATIVE_T1,margin_sse,600598,True
2024-03-20,AGGREGATOR|research-node|akshare@1.18.97|stock_margin_detail_sse,2024-03-20,,2026-09-26T08:10:25.422880+00:00,2024-03-21,CONSERVATIVE_T1,margin_sse,600694,True
2024-03-20,AGGREGATOR|research-node|akshare@1.18.97|stock_margin_detail_sse,2024-03-20,,2026-09-26T08:10:25.422880+00:00,2024-03-21,CONSERVATIVE_T1,margin_sse,601298,True
2024-03-20,AGGREGATOR|research-node|akshare@1.18.97|stock_margin_detail_sse,2024-03-20,,2026-09-26T08:10:25.422880+00:00,2024-03-21,CONSERVATIVE_T1,margin_sse,601328,True
2024-03-20,AGGREGATOR|research-node|akshare@1.18.97|stock_margin_detail_sse,2024-03-20,,2026-09-26T08:10:25.422880+00:00,2024-03-21,CONSERVATIVE_T1,margin_sse,601869,True
2024-03-20,AGGREGATOR|research-node|akshare@1.18.97|stock_margin_detail_sse,2024-03-20,,2026-09-26T08:10:25.422880+00:00,2024-03-21,CONSERVATIVE_T1,margin_sse,601985,True
2024-03-20,AGGREGATOR|research-node|akshare@1.18.97|stock_margin_detail_sse,2024-03-20,,2026-09-26T08:10:25.422880+00:00,2024-03-21,CONSERVATIVE_T1,margin_sse,601988,True
2024-03-20,AGGREGATOR|research-node|akshare@1.18.97|stock_margin_detail_sse,2024-03-20,,2026-09-26T08:10:25.422880+00:00,2024-03-21,CONSERVATIVE_T1,margin_sse,601992,True
2024-03-20,AGGREGATOR|research-node|akshare@1.18.97|stock_margin_detail_sse,2024-03-20,,2026-09-26T08:10:25.422880+00:00,2024-03-21,CONSERVATIVE_T1,margin_sse,688498,True
2024-03-21,AGGREGATOR|research-node|akshare@1.18.97|stock_margin_detail_sse,2024-03-21,,2026-09-26T08:10:29.781524+00:00,2024-03-22,CONSERVATIVE_T1,margin_sse,600196,True
2024-03-21,AGGREGATOR|research-node|akshare@1.18.97|stock_margin_detail_sse,2024-03-21,,2026-09-26T08:10:29.781524+00:00,2024-03-22,CONSERVATIVE_T1,margin_sse,600269,True
2024-03-21,AGGREGATOR|research-node|akshare@1.18.97|stock_margin_detail_sse,2024-03-21,,2026-09-26T08:10:29.781524+00:00,2024-03-22,CONSERVATIVE_T1,margin_sse,600377,True
2024-03-21,AGGREGATOR|research-node|akshare@1.18.97|stock_margin_detail_sse,2024-03-21,,2026-09-26T08:10:29.781524+00:00,2024-03-22,CONSERVATIVE_T1,margin_sse,600567,True
2024-03-21,AGGREGATOR|research-node|akshare@1.18.97|stock_margin_detail_sse,2024-03-21,,2026-09-26T08:10:29.781524+00:00,2024-03-22,CONSERVATIVE_T1,margin_sse,600598,True
2024-03-21,AGGREGATOR|research-node|akshare@1.18.97|stock_margin_detail_sse,2024-03-21,,2026-09-26T08:10:29.781524+00:00,2024-03-22,CONSERVATIVE_T1,margin_sse,600694,True
2024-03-21,AGGREGATOR|research-node|akshare@1.18.97|stock_margin_detail_sse,2024-03-21,,2026-09-26T08:10:29.781524+00:00,2024-03-22,CONSERVATIVE_T1,margin_sse,601298,True
2024-03-21,AGGREGATOR|research-node|akshare@1.18.97|stock_margin_detail_sse,2024-03-21,,2026-09-26T08:10:29.781524+00:00,2024-03-22,CONSERVATIVE_T1,margin_sse,601328,True
2024-03-21,AGGREGATOR|research-node|akshare@1.18.97|stock_margin_detail_sse,2024-03-21,,2026-09-26T08:10:29.781524+00:00,2024-03-22,CONSERVATIVE_T1,margin_sse,601869,True
2024-03-21,AGGREGATOR|research-node|akshare@1.18.97|stock_margin_detail_sse,2024-03-21,,2026-09-26T08:10:29.781524+00:00,2024-03-22,CONSERVATIVE_T1,margin_sse,601985,True
2024-03-21,AGGREGATOR|research-node|akshare@1.18.97|stock_margin_detail_sse,2024-03-21,,2026-09-26T08:10:29.781524+00:00,2024-03-22,CONSERVATIVE_T1,margin_sse,601988,True
2024-03-21,AGGREGATOR|research-node|akshare@1.18.97|stock_margin_detail_sse,2024-03-21,,2026-09-26T08:10:29.781524+00:00,2024-03-22,CONSERVATIVE_T1,margin_sse,601992,True
2024-03-21,AGGREGATOR|research-node|akshare@1.18.97|stock_margin_detail_sse,2024-03-21,,2026-09-26T08:10:29.781524+00:00,2024-03-22,CONSERVATIVE_T1,margin_sse,688498,True
2024-03-22,AGGREGATOR|research-node|akshare@1.18.97|stock_margin_detail_sse,2024-03-22,,2026-09-26T08:10:34.198125+00:00,2024-03-25,CONSERVATIVE_T1,margin_sse,600196,True
2024-03-22,AGGREGATOR|research-node|akshare@1.18.97|stock_margin_detail_sse,2024-03-22,,2026-09-26T08:10:34.198125+00:00,2024-03-25,CONSERVATIVE_T1,margin_sse,600269,True
2024-03-22,AGGREGATOR|research-node|akshare@1.18.97|stock_margin_detail_sse,2024-03-22,,2026-09-26T08:10:34.198125+00:00,2024-03-25,CONSERVATIVE_T1,margin_sse,600377,True
2024-03-22,AGGREGATOR|research-node|akshare@1.18.97|stock_margin_detail_sse,2024-03-22,,2026-09-26T08:10:34.198125+00:00,2024-03-25,CONSERVATIVE_T1,margin_sse,600567,True
2024-03-22,AGGREGATOR|research-node|akshare@1.18.97|stock_margin_detail_sse,2024-03-22,,2026-09-26T08:10:34.198125+00:00,2024-03-25,CONSERVATIVE_T1,margin_sse,600598,True
2024-03-22,AGGREGATOR|research-node|akshare@1.18.97|stock_margin_detail_sse,2024-03-22,,2026-09-26T08:10:34.198125+00:00,2024-03-25,CONSERVATIVE_T1,margin_sse,600694,True
2024-03-22,AGGREGATOR|research-node|akshare@1.18.97|stock_margin_detail_sse,2024-03-22,,2026-09-26T08:10:34.198125+00:00,2024-03-25,CONSERVATIVE_T1,margin_sse,601298,True
2024-03-22,AGGREGATOR|research-node|akshare@1.18.97|stock_margin_detail_sse,2024-03-22,,2026-09-26T08:10:34.198125+00:00,2024-03-25,CONSERVATIVE_T1,margin_sse,601328,True
2024-03-22,AGGREGATOR|research-node|akshare@1.18.97|stock_margin_detail_sse,2024-03-22,,2026-09-26T08:10:34.198125+00:00,2024-03-25,CONSERVATIVE_T1,margin_sse,601869,True
2024-03-22,AGGREGATOR|research-node|akshare@1.18.97|stock_margin_detail_sse,2024-03-22,,2026-09-26T08:10:34.198125+00:00,2024-03-25,CONSERVATIVE_T1,margin_sse,601985,True
2024-03-22,AGGREGATOR|research-node|akshare@1.18.97|stock_margin_detail_sse,2024-03-22,,2026-09-26T08:10:34.198125+00:00,2024-03-25,CONSERVATIVE_T1,margin_sse,601988,True
2024-03-22,AGGREGATOR|research-node|akshare@1.18.97|stock_margin_detail_sse,2024-03-22,,2026-09-26T08:10:34.198125+00:00,2024-03-25,CONSERVATIVE_T1,margin_sse,601992,True
2024-03-22,AGGREGATOR|research-node|akshare@1.18.97|stock_margin_detail_sse,2024-03-22,,2026-09-26T08:10:34.198125+00:00,2024-03-25,CONSERVATIVE_T1,margin_sse,688498,True
2024-03-25,AGGREGATOR|research-node|akshare@1.18.97|stock_margin_detail_sse,2024-03-25,,2026-09-26T08:10:38.625977+00:00,2024-03-26,CONSERVATIVE_T1,margin_sse,600196,True
2024-03-25,AGGREGATOR|research-node|akshare@1.18.97|stock_margin_detail_sse,2024-03-25,,2026-09-26T08:10:38.625977+00:00,2024-03-26,CONSERVATIVE_T1,margin_sse,600269,True
2024-03-25,AGGREGATOR|research-node|akshare@1.18.97|stock_margin_detail_sse,2024-03-25,,2026-09-26T08:10:38.625977+00:00,2024-03-26,CONSERVATIVE_T1,margin_sse,600377,True
2024-03-25,AGGREGATOR|research-node|akshare@1.18.97|stock_margin_detail_sse,2024-03-25,,2026-09-26T08:10:38.625977+00:00,2024-03-26,CONSERVATIVE_T1,margin_sse,600567,True
2024-03-25,AGGREGATOR|research-node|akshare@1.18.97|stock_margin_detail_sse,2024-03-25,,2026-09-26T08:10:38.625977+00:00,2024-03-26,CONSERVATIVE_T1,margin_sse,600598,True
2024-03-25,AGGREGATOR|research-node|akshare@1.18.97|stock_margin_detail_sse,2024-03-25,,2026-09-26T08:10:38.625977+00:00,2024-03-26,CONSERVATIVE_T1,margin_sse,600694,True
2024-03-25,AGGREGATOR|research-node|akshare@1.18.97|stock_margin_detail_sse,2024-03-25,,2026-09-26T08:10:38.625977+00:00,2024-03-26,CONSERVATIVE_T1,margin_sse,601298,True
2024-03-25,AGGREGATOR|research-node|akshare@1.18.97|stock_margin_detail_sse,2024-03-25,,2026-09-26T08:10:38.625977+00:00,2024-03-26,CONSERVATIVE_T1,margin_sse,601328,True
2024-03-25,AGGREGATOR|research-node|akshare@1.18.97|stock_margin_detail_sse,2024-03-25,,2026-09-26T08:10:38.625977+00:00,2024-03-26,CONSERVATIVE_T1,margin_sse,601869,True
2024-03-25,AGGREGATOR|research-node|akshare@1.18.97|stock_margin_detail_sse,2024-03-25,,2026-09-26T08:10:38.625977+00:00,2024-03-26,CONSERVATIVE_T1,margin_sse,601985,True
2024-03-25,AGGREGATOR|research-node|akshare@1.18.97|stock_margin_detail_sse,2024-03-25,,2026-09-26T08:10:38.625977+00:00,2024-03-26,CONSERVATIVE_T1,margin_sse,601988,True
2024-03-25,AGGREGATOR|research-node|akshare@1.18.97|stock_margin_detail_sse,2024-03-25,,2026-09-26T08:10:38.625977+00:00,2024-03-26,CONSERVATIVE_T1,margin_sse,601992,True
2024-03-25,AGGREGATOR|research-node|akshare@1.18.97|stock_margin_detail_sse,2024-03-25,,2026-09-26T08:10:38.625977+00:00,2024-03-26,CONSERVATIVE_T1,margin_sse,688498,True
2024-03-26,AGGREGATOR|research-node|akshare@1.18.97|stock_margin_detail_sse,2024-03-26,,2026-09-26T08:10:43.064215+00:00,2024-03-27,CONSERVATIVE_T1,margin_sse,600196,True
2024-03-26,AGGREGATOR|research-node|akshare@1.18.97|stock_margin_detail_sse,2024-03-26,,2026-09-26T08:10:43.064215+00:00,2024-03-27,CONSERVATIVE_T1,margin_sse,600269,True
2024-03-26,AGGREGATOR|research-node|akshare@1.18.97|stock_margin_detail_sse,2024-03-26,,2026-09-26T08:10:43.064215+00:00,2024-03-27,CONSERVATIVE_T1,margin_sse,600377,True
2024-03-26,AGGREGATOR|research-node|akshare@1.18.97|stock_margin_detail_sse,2024-03-26,,2026-09-26T08:10:43.064215+00:00,2024-03-27,CONSERVATIVE_T1,margin_sse,600567,True
2024-03-26,AGGREGATOR|research-node|akshare@1.18.97|stock_margin_detail_sse,2024-03-26,,2026-09-26T08:10:43.064215+00:00,2024-03-27,CONSERVATIVE_T1,margin_sse,600598,True
2024-03-26,AGGREGATOR|research-node|akshare@1.18.97|stock_margin_detail_sse,2024-03-26,,2026-09-26T08:10:43.064215+00:00,2024-03-27,CONSERVATIVE_T1,margin_sse,600694,True
2024-03-26,AGGREGATOR|research-node|akshare@1.18.97|stock_margin_detail_sse,2024-03-26,,2026-09-26T08:10:43.064215+00:00,2024-03-27,CONSERVATIVE_T1,margin_sse,601298,True
2024-03-26,AGGREGATOR|research-node|akshare@1.18.97|stock_margin_detail_sse,2024-03-26,,2026-09-26T08:10:43.064215+00:00,2024-03-27,CONSERVATIVE_T1,margin_sse,601328,True
2024-03-26,AGGREGATOR|research-node|akshare@1.18.97|stock_margin_detail_sse,2024-03-26,,2026-09-26T08:10:43.064215+00:00,2024-03-27,CONSERVATIVE_T1,margin_sse,601869,True
2024-03-26,AGGREGATOR|research-node|akshare@1.18.97|stock_margin_detail_sse,2024-03-26,,2026-09-26T08:10:43.064215+00:00,2024-03-27,CONSERVATIVE_T1,margin_sse,601985,True
2024-03-26,AGGREGATOR|research-node|akshare@1.18.97|stock_margin_detail_sse,2024-03-26,,2026-09-26T08:10:43.064215+00:00,2024-03-27,CONSERVATIVE_T1,margin_sse,601988,True
2024-03-26,AGGREGATOR|research-node|akshare@1.18.97|stock_margin_detail_sse,2024-03-26,,2026-09-26T08:10:43.064215+00:00,2024-03-27,CONSERVATIVE_T1,margin_sse,601992,True
2024-03-26,AGGREGATOR|research-node|akshare@1.18.97|stock_margin_detail_sse,2024-03-26,,2026-09-26T08:10:43.064215+00:00,2024-03-27,CONSERVATIVE_T1,margin_sse,688498,True
2024-03-27,AGGREGATOR|research-node|akshare@1.18.97|stock_margin_detail_sse,2024-03-27,,2026-09-26T08:10:47.401000+00:00,2024-03-28,CONSERVATIVE_T1,margin_sse,600196,True
2024-03-27,AGGREGATOR|research-node|akshare@1.18.97|stock_margin_detail_sse,2024-03-27,,2026-09-26T08:10:47.401000+00:00,2024-03-28,CONSERVATIVE_T1,margin_sse,600269,True
2024-03-27,AGGREGATOR|research-node|akshare@1.18.97|stock_margin_detail_sse,2024-03-27,,2026-09-26T08:10:47.401000+00:00,2024-03-28,CONSERVATIVE_T1,margin_sse,600377,True
2024-03-27,AGGREGATOR|research-node|akshare@1.18.97|stock_margin_detail_sse,2024-03-27,,2026-09-26T08:10:47.401000+00:00,2024-03-28,CONSERVATIVE_T1,margin_sse,600567,True
2024-03-27,AGGREGATOR|research-node|akshare@1.18.97|stock_margin_detail_sse,2024-03-27,,2026-09-26T08:10:47.401000+00:00,2024-03-28,CONSERVATIVE_T1,margin_sse,600598,True
2024-03-27,AGGREGATOR|research-node|akshare@1.18.97|stock_margin_detail_sse,2024-03-27,,2026-09-26T08:10:47.401000+00:00,2024-03-28,CONSERVATIVE_T1,margin_sse,600694,True
2024-03-27,AGGREGATOR|research-node|akshare@1.18.97|stock_margin_detail_sse,2024-03-27,,2026-09-26T08:10:47.401000+00:00,2024-03-28,CONSERVATIVE_T1,margin_sse,601298,True
2024-03-27,AGGREGATOR|research-node|akshare@1.18.97|stock_margin_detail_sse,2024-03-27,,2026-09-26T08:10:47.401000+00:00,2024-03-28,CONSERVATIVE_T1,margin_sse,601328,True
2024-03-27,AGGREGATOR|research-node|akshare@1.18.97|stock_margin_detail_sse,2024-03-27,,2026-09-26T08:10:47.401000+00:00,2024-03-28,CONSERVATIVE_T1,margin_sse,601869,True
2024-03-27,AGGREGATOR|research-node|akshare@1.18.97|stock_margin_detail_sse,2024-03-27,,2026-09-26T08:10:47.401000+00:00,2024-03-28,CONSERVATIVE_T1,margin_sse,601985,True
2024-03-27,AGGREGATOR|research-node|akshare@1.18.97|stock_margin_detail_sse,2024-03-27,,2026-09-26T08:10:47.401000+00:00,2024-03-28,CONSERVATIVE_T1,margin_sse,601988,True
2024-03-27,AGGREGATOR|research-node|akshare@1.18.97|stock_margin_detail_sse,2024-03-27,,2026-09-26T08:10:47.401000+00:00,2024-03-28,CONSERVATIVE_T1,margin_sse,601992,True
2024-03-27,AGGREGATOR|research-node|akshare@1.18.97|stock_margin_detail_sse,2024-03-27,,2026-09-26T08:10:47.401000+00:00,2024-03-28,CONSERVATIVE_T1,margin_sse,688498,True
2024-03-28,AGGREGATOR|research-node|akshare@1.18.97|stock_margin_detail_sse,2024-03-28,,2026-09-26T08:10:51.985452+00:00,2024-03-29,CONSERVATIVE_T1,margin_sse,600196,True
2024-03-28,AGGREGATOR|research-node|akshare@1.18.97|stock_margin_detail_sse,2024-03-28,,2026-09-26T08:10:51.985452+00:00,2024-03-29,CONSERVATIVE_T1,margin_sse,600269,True
2024-03-28,AGGREGATOR|research-node|akshare@1.18.97|stock_margin_detail_sse,2024-03-28,,2026-09-26T08:10:51.985452+00:00,2024-03-29,CONSERVATIVE_T1,margin_sse,600377,True
2024-03-28,AGGREGATOR|research-node|akshare@1.18.97|stock_margin_detail_sse,2024-03-28,,2026-09-26T08:10:51.985452+00:00,2024-03-29,CONSERVATIVE_T1,margin_sse,600567,True
2024-03-28,AGGREGATOR|research-node|akshare@1.18.97|stock_margin_detail_sse,2024-03-28,,2026-09-26T08:10:51.985452+00:00,2024-03-29,CONSERVATIVE_T1,margin_sse,600598,True
2024-03-28,AGGREGATOR|research-node|akshare@1.18.97|stock_margin_detail_sse,2024-03-28,,2026-09-26T08:10:51.985452+00:00,2024-03-29,CONSERVATIVE_T1,margin_sse,600694,True
2024-03-28,AGGREGATOR|research-node|akshare@1.18.97|stock_margin_detail_sse,2024-03-28,,2026-09-26T08:10:51.985452+00:00,2024-03-29,CONSERVATIVE_T1,margin_sse,601298,True
2024-03-28,AGGREGATOR|research-node|akshare@1.18.97|stock_margin_detail_sse,2024-03-28,,2026-09-26T08:10:51.985452+00:00,2024-03-29,CONSERVATIVE_T1,margin_sse,601328,True
2024-03-28,AGGREGATOR|research-node|akshare@1.18.97|stock_margin_detail_sse,2024-03-28,,2026-09-26T08:10:51.985452+00:00,2024-03-29,CONSERVATIVE_T1,margin_sse,601869,True
2024-03-28,AGGREGATOR|research-node|akshare@1.18.97|stock_margin_detail_sse,2024-03-28,,2026-09-26T08:10:51.985452+00:00,2024-03-29,CONSERVATIVE_T1,margin_sse,601985,True
2024-03-28,AGGREGATOR|research-node|akshare@1.18.97|stock_margin_detail_sse,2024-03-28,,2026-09-26T08:10:51.985452+00:00,2024-03-29,CONSERVATIVE_T1,margin_sse,601988,True
2024-03-28,AGGREGATOR|research-node|akshare@1.18.97|stock_margin_detail_sse,2024-03-28,,2026-09-26T08:10:51.985452+00:00,2024-03-29,CONSERVATIVE_T1,margin_sse,601992,True
2024-03-28,AGGREGATOR|research-node|akshare@1.18.97|stock_margin_detail_sse,2024-03-28,,2026-09-26T08:10:51.985452+00:00,2024-03-29,CONSERVATIVE_T1,margin_sse,688498,True
2024-03-29,AGGREGATOR|research-node|akshare@1.18.97|stock_margin_detail_sse,2024-03-29,,2026-09-26T08:10:56.377549+00:00,2024-04-01,CONSERVATIVE_T1,margin_sse,600196,True
2024-03-29,AGGREGATOR|research-node|akshare@1.18.97|stock_margin_detail_sse,2024-03-29,,2026-09-26T08:10:56.377549+00:00,2024-04-01,CONSERVATIVE_T1,margin_sse,600269,True
2024-03-29,AGGREGATOR|research-node|akshare@1.18.97|stock_margin_detail_sse,2024-03-29,,2026-09-26T08:10:56.377549+00:00,2024-04-01,CONSERVATIVE_T1,margin_sse,600377,True
2024-03-29,AGGREGATOR|research-node|akshare@1.18.97|stock_margin_detail_sse,2024-03-29,,2026-09-26T08:10:56.377549+00:00,2024-04-01,CONSERVATIVE_T1,margin_sse,600567,True
2024-03-29,AGGREGATOR|research-node|akshare@1.18.97|stock_margin_detail_sse,2024-03-29,,2026-09-26T08:10:56.377549+00:00,2024-04-01,CONSERVATIVE_T1,margin_sse,600598,True
2024-03-29,AGGREGATOR|research-node|akshare@1.18.97|stock_margin_detail_sse,2024-03-29,,2026-09-26T08:10:56.377549+00:00,2024-04-01,CONSERVATIVE_T1,margin_sse,600694,True
2024-03-29,AGGREGATOR|research-node|akshare@1.18.97|stock_margin_detail_sse,2024-03-29,,2026-09-26T08:10:56.377549+00:00,2024-04-01,CONSERVATIVE_T1,margin_sse,601298,True
2024-03-29,AGGREGATOR|research-node|akshare@1.18.97|stock_margin_detail_sse,2024-03-29,,2026-09-26T08:10:56.377549+00:00,2024-04-01,CONSERVATIVE_T1,margin_sse,601328,True
2024-03-29,AGGREGATOR|research-node|akshare@1.18.97|stock_margin_detail_sse,2024-03-29,,2026-09-26T08:10:56.377549+00:00,2024-04-01,CONSERVATIVE_T1,margin_sse,601869,True
2024-03-29,AGGREGATOR|research-node|akshare@1.18.97|stock_margin_detail_sse,2024-03-29,,2026-09-26T08:10:56.377549+00:00,2024-04-01,CONSERVATIVE_T1,margin_sse,601985,True
2024-03-29,AGGREGATOR|research-node|akshare@1.18.97|stock_margin_detail_sse,2024-03-29,,2026-09-26T08:10:56.377549+00:00,2024-04-01,CONSERVATIVE_T1,margin_sse,601988,True
2024-03-29,AGGREGATOR|research-node|akshare@1.18.97|stock_margin_detail_sse,2024-03-29,,2026-09-26T08:10:56.377549+00:00,2024-04-01,CONSERVATIVE_T1,margin_sse,601992,True
2024-03-29,AGGREGATOR|research-node|akshare@1.18.97|stock_margin_detail_sse,2024-03-29,,2026-09-26T08:10:56.377549+00:00,2024-04-01,CONSERVATIVE_T1,margin_sse,688498,True
2024-04-01,AGGREGATOR|research-node|akshare@1.18.97|stock_margin_detail_sse,2024-04-01,,2026-09-26T08:11:00.764463+00:00,2024-04-02,CONSERVATIVE_T1,margin_sse,600196,True
2024-04-01,AGGREGATOR|research-node|akshare@1.18.97|stock_margin_detail_sse,2024-04-01,,2026-09-26T08:11:00.764463+00:00,2024-04-02,CONSERVATIVE_T1,margin_sse,600269,True
2024-04-01,AGGREGATOR|research-node|akshare@1.18.97|stock_margin_detail_sse,2024-04-01,,2026-09-26T08:11:00.764463+00:00,2024-04-02,CONSERVATIVE_T1,margin_sse,600377,True
2024-04-01,AGGREGATOR|research-node|akshare@1.18.97|stock_margin_detail_sse,2024-04-01,,2026-09-26T08:11:00.764463+00:00,2024-04-02,CONSERVATIVE_T1,margin_sse,600567,True
2024-04-01,AGGREGATOR|research-node|akshare@1.18.97|stock_margin_detail_sse,2024-04-01,,2026-09-26T08:11:00.764463+00:00,2024-04-02,CONSERVATIVE_T1,margin_sse,600598,True
2024-04-01,AGGREGATOR|research-node|akshare@1.18.97|stock_margin_detail_sse,2024-04-01,,2026-09-26T08:11:00.764463+00:00,2024-04-02,CONSERVATIVE_T1,margin_sse,600694,True
2024-04-01,AGGREGATOR|research-node|akshare@1.18.97|stock_margin_detail_sse,2024-04-01,,2026-09-26T08:11:00.764463+00:00,2024-04-02,CONSERVATIVE_T1,margin_sse,601298,True
2024-04-01,AGGREGATOR|research-node|akshare@1.18.97|stock_margin_detail_sse,2024-04-01,,2026-09-26T08:11:00.764463+00:00,2024-04-02,CONSERVATIVE_T1,margin_sse,601328,True
2024-04-01,AGGREGATOR|research-node|akshare@1.18.97|stock_margin_detail_sse,2024-04-01,,2026-09-26T08:11:00.764463+00:00,2024-04-02,CONSERVATIVE_T1,margin_sse,601869,True
2024-04-01,AGGREGATOR|research-node|akshare@1.18.97|stock_margin_detail_sse,2024-04-01,,2026-09-26T08:11:00.764463+00:00,2024-04-02,CONSERVATIVE_T1,margin_sse,601985,True
2024-04-01,AGGREGATOR|research-node|akshare@1.18.97|stock_margin_detail_sse,2024-04-01,,2026-09-26T08:11:00.764463+00:00,2024-04-02,CONSERVATIVE_T1,margin_sse,601988,True
2024-04-01,AGGREGATOR|research-node|akshare@1.18.97|stock_margin_detail_sse,2024-04-01,,2026-09-26T08:11:00.764463+00:00,2024-04-02,CONSERVATIVE_T1,margin_sse,601992,True
2024-04-01,AGGREGATOR|research-node|akshare@1.18.97|stock_margin_detail_sse,2024-04-01,,2026-09-26T08:11:00.764463+00:00,2024-04-02,CONSERVATIVE_T1,margin_sse,688498,True
2024-04-02,AGGREGATOR|research-node|akshare@1.18.97|stock_margin_detail_sse,2024-04-02,,2026-09-26T08:11:05.140715+00:00,2024-04-03,CONSERVATIVE_T1,margin_sse,600196,True
2024-04-02,AGGREGATOR|research-node|akshare@1.18.97|stock_margin_detail_sse,2024-04-02,,2026-09-26T08:11:05.140715+00:00,2024-04-03,CONSERVATIVE_T1,margin_sse,600269,True
2024-04-02,AGGREGATOR|research-node|akshare@1.18.97|stock_margin_detail_sse,2024-04-02,,2026-09-26T08:11:05.140715+00:00,2024-04-03,CONSERVATIVE_T1,margin_sse,600377,True
2024-04-02,AGGREGATOR|research-node|akshare@1.18.97|stock_margin_detail_sse,2024-04-02,,2026-09-26T08:11:05.140715+00:00,2024-04-03,CONSERVATIVE_T1,margin_sse,600567,True
2024-04-02,AGGREGATOR|research-node|akshare@1.18.97|stock_margin_detail_sse,2024-04-02,,2026-09-26T08:11:05.140715+00:00,2024-04-03,CONSERVATIVE_T1,margin_sse,600598,True
2024-04-02,AGGREGATOR|research-node|akshare@1.18.97|stock_margin_detail_sse,2024-04-02,,2026-09-26T08:11:05.140715+00:00,2024-04-03,CONSERVATIVE_T1,margin_sse,600694,True
2024-04-02,AGGREGATOR|research-node|akshare@1.18.97|stock_margin_detail_sse,2024-04-02,,2026-09-26T08:11:05.140715+00:00,2024-04-03,CONSERVATIVE_T1,margin_sse,601298,True
2024-04-02,AGGREGATOR|research-node|akshare@1.18.97|stock_margin_detail_sse,2024-04-02,,2026-09-26T08:11:05.140715+00:00,2024-04-03,CONSERVATIVE_T1,margin_sse,601328,True
2024-04-02,AGGREGATOR|research-node|akshare@1.18.97|stock_margin_detail_sse,2024-04-02,,2026-09-26T08:11:05.140715+00:00,2024-04-03,CONSERVATIVE_T1,margin_sse,601869,True
2024-04-02,AGGREGATOR|research-node|akshare@1.18.97|stock_margin_detail_sse,2024-04-02,,2026-09-26T08:11:05.140715+00:00,2024-04-03,CONSERVATIVE_T1,margin_sse,601985,True
2024-04-02,AGGREGATOR|research-node|akshare@1.18.97|stock_margin_detail_sse,2024-04-02,,2026-09-26T08:11:05.140715+00:00,2024-04-03,CONSERVATIVE_T1,margin_sse,601988,True
2024-04-02,AGGREGATOR|research-node|akshare@1.18.97|stock_margin_detail_sse,2024-04-02,,2026-09-26T08:11:05.140715+00:00,2024-04-03,CONSERVATIVE_T1,margin_sse,601992,True
2024-04-02,AGGREGATOR|research-node|akshare@1.18.97|stock_margin_detail_sse,2024-04-02,,2026-09-26T08:11:05.140715+00:00,2024-04-03,CONSERVATIVE_T1,margin_sse,688498,True
2024-04-03,AGGREGATOR|research-node|akshare@1.18.97|stock_margin_detail_sse,2024-04-03,,2026-09-26T08:11:09.522801+00:00,2024-04-08,CONSERVATIVE_T1,margin_sse,600196,True
2024-04-03,AGGREGATOR|research-node|akshare@1.18.97|stock_margin_detail_sse,2024-04-03,,2026-09-26T08:11:09.522801+00:00,2024-04-08,CONSERVATIVE_T1,margin_sse,600269,True
2024-04-03,AGGREGATOR|research-node|akshare@1.18.97|stock_margin_detail_sse,2024-04-03,,2026-09-26T08:11:09.522801+00:00,2024-04-08,CONSERVATIVE_T1,margin_sse,600377,True
2024-04-03,AGGREGATOR|research-node|akshare@1.18.97|stock_margin_detail_sse,2024-04-03,,2026-09-26T08:11:09.522801+00:00,2024-04-08,CONSERVATIVE_T1,margin_sse,600567,True
2024-04-03,AGGREGATOR|research-node|akshare@1.18.97|stock_margin_detail_sse,2024-04-03,,2026-09-26T08:11:09.522801+00:00,2024-04-08,CONSERVATIVE_T1,margin_sse,600598,True
2024-04-03,AGGREGATOR|research-node|akshare@1.18.97|stock_margin_detail_sse,2024-04-03,,2026-09-26T08:11:09.522801+00:00,2024-04-08,CONSERVATIVE_T1,margin_sse,600694,True
2024-04-03,AGGREGATOR|research-node|akshare@1.18.97|stock_margin_detail_sse,2024-04-03,,2026-09-26T08:11:09.522801+00:00,2024-04-08,CONSERVATIVE_T1,margin_sse,601298,True
2024-04-03,AGGREGATOR|research-node|akshare@1.18.97|stock_margin_detail_sse,2024-04-03,,2026-09-26T08:11:09.522801+00:00,2024-04-08,CONSERVATIVE_T1,margin_sse,601328,True
2024-04-03,AGGREGATOR|research-node|akshare@1.18.97|stock_margin_detail_sse,2024-04-03,,2026-09-26T08:11:09.522801+00:00,2024-04-08,CONSERVATIVE_T1,margin_sse,601869,True
2024-04-03,AGGREGATOR|research-node|akshare@1.18.97|stock_margin_detail_sse,2024-04-03,,2026-09-26T08:11:09.522801+00:00,2024-04-08,CONSERVATIVE_T1,margin_sse,601985,True
2024-04-03,AGGREGATOR|research-node|akshare@1.18.97|stock_margin_detail_sse,2024-04-03,,2026-09-26T08:11:09.522801+00:00,2024-04-08,CONSERVATIVE_T1,margin_sse,601988,True
2024-04-03,AGGREGATOR|research-node|akshare@1.18.97|stock_margin_detail_sse,2024-04-03,,2026-09-26T08:11:09.522801+00:00,2024-04-08,CONSERVATIVE_T1,margin_sse,601992,True
2024-04-03,AGGREGATOR|research-node|akshare@1.18.97|stock_margin_detail_sse,2024-04-03,,2026-09-26T08:11:09.522801+00:00,2024-04-08,CONSERVATIVE_T1,margin_sse,688498,True
2024-04-08,AGGREGATOR|research-node|akshare@1.18.97|stock_margin_detail_sse,2024-04-08,,2026-09-26T08:11:13.960589+00:00,2024-04-09,CONSERVATIVE_T1,margin_sse,600196,True
2024-04-08,AGGREGATOR|research-node|akshare@1.18.97|stock_margin_detail_sse,2024-04-08,,2026-09-26T08:11:13.960589+00:00,2024-04-09,CONSERVATIVE_T1,margin_sse,600269,True
2024-04-08,AGGREGATOR|research-node|akshare@1.18.97|stock_margin_detail_sse,2024-04-08,,2026-09-26T08:11:13.960589+00:00,2024-04-09,CONSERVATIVE_T1,margin_sse,600377,True
2024-04-08,AGGREGATOR|research-node|akshare@1.18.97|stock_margin_detail_sse,2024-04-08,,2026-09-26T08:11:13.960589+00:00,2024-04-09,CONSERVATIVE_T1,margin_sse,600567,True
2024-04-08,AGGREGATOR|research-node|akshare@1.18.97|stock_margin_detail_sse,2024-04-08,,2026-09-26T08:11:13.960589+00:00,2024-04-09,CONSERVATIVE_T1,margin_sse,600598,True
2024-04-08,AGGREGATOR|research-node|akshare@1.18.97|stock_margin_detail_sse,2024-04-08,,2026-09-26T08:11:13.960589+00:00,2024-04-09,CONSERVATIVE_T1,margin_sse,600694,True
2024-04-08,AGGREGATOR|research-node|akshare@1.18.97|stock_margin_detail_sse,2024-04-08,,2026-09-26T08:11:13.960589+00:00,2024-04-09,CONSERVATIVE_T1,margin_sse,601298,True
2024-04-08,AGGREGATOR|research-node|akshare@1.18.97|stock_margin_detail_sse,2024-04-08,,2026-09-26T08:11:13.960589+00:00,2024-04-09,CONSERVATIVE_T1,margin_sse,601328,True
2024-04-08,AGGREGATOR|research-node|akshare@1.18.97|stock_margin_detail_sse,2024-04-08,,2026-09-26T08:11:13.960589+00:00,2024-04-09,CONSERVATIVE_T1,margin_sse,601869,True
2024-04-08,AGGREGATOR|research-node|akshare@1.18.97|stock_margin_detail_sse,2024-04-08,,2026-09-26T08:11:13.960589+00:00,2024-04-09,CONSERVATIVE_T1,margin_sse,601985,True
2024-04-08,AGGREGATOR|research-node|akshare@1.18.97|stock_margin_detail_sse,2024-04-08,,2026-09-26T08:11:13.960589+00:00,2024-04-09,CONSERVATIVE_T1,margin_sse,601988,True
2024-04-08,AGGREGATOR|research-node|akshare@1.18.97|stock_margin_detail_sse,2024-04-08,,2026-09-26T08:11:13.960589+00:00,2024-04-09,CONSERVATIVE_T1,margin_sse,601992,True
2024-04-08,AGGREGATOR|research-node|akshare@1.18.97|stock_margin_detail_sse,2024-04-08,,2026-09-26T08:11:13.960589+00:00,2024-04-09,CONSERVATIVE_T1,margin_sse,688498,True
2024-04-09,AGGREGATOR|research-node|akshare@1.18.97|stock_margin_detail_sse,2024-04-09,,2026-09-26T08:11:18.294635+00:00,2024-04-10,CONSERVATIVE_T1,margin_sse,600196,True
2024-04-09,AGGREGATOR|research-node|akshare@1.18.97|stock_margin_detail_sse,2024-04-09,,2026-09-26T08:11:18.294635+00:00,2024-04-10,CONSERVATIVE_T1,margin_sse,600269,True
2024-04-09,AGGREGATOR|research-node|akshare@1.18.97|stock_margin_detail_sse,2024-04-09,,2026-09-26T08:11:18.294635+00:00,2024-04-10,CONSERVATIVE_T1,margin_sse,600377,True
2024-04-09,AGGREGATOR|research-node|akshare@1.18.97|stock_margin_detail_sse,2024-04-09,,2026-09-26T08:11:18.294635+00:00,2024-04-10,CONSERVATIVE_T1,margin_sse,600567,True
2024-04-09,AGGREGATOR|research-node|akshare@1.18.97|stock_margin_detail_sse,2024-04-09,,2026-09-26T08:11:18.294635+00:00,2024-04-10,CONSERVATIVE_T1,margin_sse,600598,True
2024-04-09,AGGREGATOR|research-node|akshare@1.18.97|stock_margin_detail_sse,2024-04-09,,2026-09-26T08:11:18.294635+00:00,2024-04-10,CONSERVATIVE_T1,margin_sse,600694,True
2024-04-09,AGGREGATOR|research-node|akshare@1.18.97|stock_margin_detail_sse,2024-04-09,,2026-09-26T08:11:18.294635+00:00,2024-04-10,CONSERVATIVE_T1,margin_sse,601298,True
2024-04-09,AGGREGATOR|research-node|akshare@1.18.97|stock_margin_detail_sse,2024-04-09,,2026-09-26T08:11:18.294635+00:00,2024-04-10,CONSERVATIVE_T1,margin_sse,601328,True
2024-04-09,AGGREGATOR|research-node|akshare@1.18.97|stock_margin_detail_sse,2024-04-09,,2026-09-26T08:11:18.294635+00:00,2024-04-10,CONSERVATIVE_T1,margin_sse,601869,True
2024-04-09,AGGREGATOR|research-node|akshare@1.18.97|stock_margin_detail_sse,2024-04-09,,2026-09-26T08:11:18.294635+00:00,2024-04-10,CONSERVATIVE_T1,margin_sse,601985,True
2024-04-09,AGGREGATOR|research-node|akshare@1.18.97|stock_margin_detail_sse,2024-04-09,,2026-09-26T08:11:18.294635+00:00,2024-04-10,CONSERVATIVE_T1,margin_sse,601988,True
2024-04-09,AGGREGATOR|research-node|akshare@1.18.97|stock_margin_detail_sse,2024-04-09,,2026-09-26T08:11:18.294635+00:00,2024-04-10,CONSERVATIVE_T1,margin_sse,601992,True
2024-04-09,AGGREGATOR|research-node|akshare@1.18.97|stock_margin_detail_sse,2024-04-09,,2026-09-26T08:11:18.294635+00:00,2024-04-10,CONSERVATIVE_T1,margin_sse,688498,True
2024-04-10,AGGREGATOR|research-node|akshare@1.18.97|stock_margin_detail_sse,2024-04-10,,2026-09-26T08:11:22.671276+00:00,2024-04-11,CONSERVATIVE_T1,margin_sse,600196,True
2024-04-10,AGGREGATOR|research-node|akshare@1.18.97|stock_margin_detail_sse,2024-04-10,,2026-09-26T08:11:22.671276+00:00,2024-04-11,CONSERVATIVE_T1,margin_sse,600269,True
2024-04-10,AGGREGATOR|research-node|akshare@1.18.97|stock_margin_detail_sse,2024-04-10,,2026-09-26T08:11:22.671276+00:00,2024-04-11,CONSERVATIVE_T1,margin_sse,600377,True
2024-04-10,AGGREGATOR|research-node|akshare@1.18.97|stock_margin_detail_sse,2024-04-10,,2026-09-26T08:11:22.671276+00:00,2024-04-11,CONSERVATIVE_T1,margin_sse,600567,True
2024-04-10,AGGREGATOR|research-node|akshare@1.18.97|stock_margin_detail_sse,2024-04-10,,2026-09-26T08:11:22.671276+00:00,2024-04-11,CONSERVATIVE_T1,margin_sse,600598,True
2024-04-10,AGGREGATOR|research-node|akshare@1.18.97|stock_margin_detail_sse,2024-04-10,,2026-09-26T08:11:22.671276+00:00,2024-04-11,CONSERVATIVE_T1,margin_sse,600694,True
2024-04-10,AGGREGATOR|research-node|akshare@1.18.97|stock_margin_detail_sse,2024-04-10,,2026-09-26T08:11:22.671276+00:00,2024-04-11,CONSERVATIVE_T1,margin_sse,601298,True
2024-04-10,AGGREGATOR|research-node|akshare@1.18.97|stock_margin_detail_sse,2024-04-10,,2026-09-26T08:11:22.671276+00:00,2024-04-11,CONSERVATIVE_T1,margin_sse,601328,True
2024-04-10,AGGREGATOR|research-node|akshare@1.18.97|stock_margin_detail_sse,2024-04-10,,2026-09-26T08:11:22.671276+00:00,2024-04-11,CONSERVATIVE_T1,margin_sse,601869,True
2024-04-10,AGGREGATOR|research-node|akshare@1.18.97|stock_margin_detail_sse,2024-04-10,,2026-09-26T08:11:22.671276+00:00,2024-04-11,CONSERVATIVE_T1,margin_sse,601985,True
2024-04-10,AGGREGATOR|research-node|akshare@1.18.97|stock_margin_detail_sse,2024-04-10,,2026-09-26T08:11:22.671276+00:00,2024-04-11,CONSERVATIVE_T1,margin_sse,601988,True
2024-04-10,AGGREGATOR|research-node|akshare@1.18.97|stock_margin_detail_sse,2024-04-10,,2026-09-26T08:11:22.671276+00:00,2024-04-11,CONSERVATIVE_T1,margin_sse,601992,True
2024-04-10,AGGREGATOR|research-node|akshare@1.18.97|stock_margin_detail_sse,2024-04-10,,2026-09-26T08:11:22.671276+00:00,2024-04-11,CONSERVATIVE_T1,margin_sse,688498,True
2024-04-11,AGGREGATOR|research-node|akshare@1.18.97|stock_margin_detail_sse,2024-04-11,,2026-09-26T08:11:27.040732+00:00,2024-04-12,CONSERVATIVE_T1,margin_sse,600196,True
2024-04-11,AGGREGATOR|research-node|akshare@1.18.97|stock_margin_detail_sse,2024-04-11,,2026-09-26T08:11:27.040732+00:00,2024-04-12,CONSERVATIVE_T1,margin_sse,600269,True
2024-04-11,AGGREGATOR|research-node|akshare@1.18.97|stock_margin_detail_sse,2024-04-11,,2026-09-26T08:11:27.040732+00:00,2024-04-12,CONSERVATIVE_T1,margin_sse,600377,True
2024-04-11,AGGREGATOR|research-node|akshare@1.18.97|stock_margin_detail_sse,2024-04-11,,2026-09-26T08:11:27.040732+00:00,2024-04-12,CONSERVATIVE_T1,margin_sse,600567,True
2024-04-11,AGGREGATOR|research-node|akshare@1.18.97|stock_margin_detail_sse,2024-04-11,,2026-09-26T08:11:27.040732+00:00,2024-04-12,CONSERVATIVE_T1,margin_sse,600598,True
2024-04-11,AGGREGATOR|research-node|akshare@1.18.97|stock_margin_detail_sse,2024-04-11,,2026-09-26T08:11:27.040732+00:00,2024-04-12,CONSERVATIVE_T1,margin_sse,600694,True
2024-04-11,AGGREGATOR|research-node|akshare@1.18.97|stock_margin_detail_sse,2024-04-11,,2026-09-26T08:11:27.040732+00:00,2024-04-12,CONSERVATIVE_T1,margin_sse,601298,True
2024-04-11,AGGREGATOR|research-node|akshare@1.18.97|stock_margin_detail_sse,2024-04-11,,2026-09-26T08:11:27.040732+00:00,2024-04-12,CONSERVATIVE_T1,margin_sse,601328,True
2024-04-11,AGGREGATOR|research-node|akshare@1.18.97|stock_margin_detail_sse,2024-04-11,,2026-09-26T08:11:27.040732+00:00,2024-04-12,CONSERVATIVE_T1,margin_sse,601869,True
2024-04-11,AGGREGATOR|research-node|akshare@1.18.97|stock_margin_detail_sse,2024-04-11,,2026-09-26T08:11:27.040732+00:00,2024-04-12,CONSERVATIVE_T1,margin_sse,601985,True
2024-04-11,AGGREGATOR|research-node|akshare@1.18.97|stock_margin_detail_sse,2024-04-11,,2026-09-26T08:11:27.040732+00:00,2024-04-12,CONSERVATIVE_T1,margin_sse,601988,True
2024-04-11,AGGREGATOR|research-node|akshare@1.18.97|stock_margin_detail_sse,2024-04-11,,2026-09-26T08:11:27.040732+00:00,2024-04-12,CONSERVATIVE_T1,margin_sse,601992,True
2024-04-11,AGGREGATOR|research-node|akshare@1.18.97|stock_margin_detail_sse,2024-04-11,,2026-09-26T08:11:27.040732+00:00,2024-04-12,CONSERVATIVE_T1,margin_sse,688498,True
2024-04-12,AGGREGATOR|research-node|akshare@1.18.97|stock_margin_detail_sse,2024-04-12,,2026-09-26T08:11:31.434108+00:00,2024-04-15,CONSERVATIVE_T1,margin_sse,600196,True
2024-04-12,AGGREGATOR|research-node|akshare@1.18.97|stock_margin_detail_sse,2024-04-12,,2026-09-26T08:11:31.434108+00:00,2024-04-15,CONSERVATIVE_T1,margin_sse,600269,True
2024-04-12,AGGREGATOR|research-node|akshare@1.18.97|stock_margin_detail_sse,2024-04-12,,2026-09-26T08:11:31.434108+00:00,2024-04-15,CONSERVATIVE_T1,margin_sse,600377,True
2024-04-12,AGGREGATOR|research-node|akshare@1.18.97|stock_margin_detail_sse,2024-04-12,,2026-09-26T08:11:31.434108+00:00,2024-04-15,CONSERVATIVE_T1,margin_sse,600567,True
2024-04-12,AGGREGATOR|research-node|akshare@1.18.97|stock_margin_detail_sse,2024-04-12,,2026-09-26T08:11:31.434108+00:00,2024-04-15,CONSERVATIVE_T1,margin_sse,600598,True
2024-04-12,AGGREGATOR|research-node|akshare@1.18.97|stock_margin_detail_sse,2024-04-12,,2026-09-26T08:11:31.434108+00:00,2024-04-15,CONSERVATIVE_T1,margin_sse,600694,True
2024-04-12,AGGREGATOR|research-node|akshare@1.18.97|stock_margin_detail_sse,2024-04-12,,2026-09-26T08:11:31.434108+00:00,2024-04-15,CONSERVATIVE_T1,margin_sse,601298,True
2024-04-12,AGGREGATOR|research-node|akshare@1.18.97|stock_margin_detail_sse,2024-04-12,,2026-09-26T08:11:31.434108+00:00,2024-04-15,CONSERVATIVE_T1,margin_sse,601328,True
2024-04-12,AGGREGATOR|research-node|akshare@1.18.97|stock_margin_detail_sse,2024-04-12,,2026-09-26T08:11:31.434108+00:00,2024-04-15,CONSERVATIVE_T1,margin_sse,601869,True
2024-04-12,AGGREGATOR|research-node|akshare@1.18.97|stock_margin_detail_sse,2024-04-12,,2026-09-26T08:11:31.434108+00:00,2024-04-15,CONSERVATIVE_T1,margin_sse,601985,True
2024-04-12,AGGREGATOR|research-node|akshare@1.18.97|stock_margin_detail_sse,2024-04-12,,2026-09-26T08:11:31.434108+00:00,2024-04-15,CONSERVATIVE_T1,margin_sse,601988,True
2024-04-12,AGGREGATOR|research-node|akshare@1.18.97|stock_margin_detail_sse,2024-04-12,,2026-09-26T08:11:31.434108+00:00,2024-04-15,CONSERVATIVE_T1,margin_sse,601992,True
2024-04-12,AGGREGATOR|research-node|akshare@1.18.97|stock_margin_detail_sse,2024-04-12,,2026-09-26T08:11:31.434108+00:00,2024-04-15,CONSERVATIVE_T1,margin_sse,688498,True
2024-04-15,AGGREGATOR|research-node|akshare@1.18.97|stock_margin_detail_sse,2024-04-15,,2026-09-26T08:11:35.863997+00:00,2024-04-16,CONSERVATIVE_T1,margin_sse,600196,True
2024-04-15,AGGREGATOR|research-node|akshare@1.18.97|stock_margin_detail_sse,2024-04-15,,2026-09-26T08:11:35.863997+00:00,2024-04-16,CONSERVATIVE_T1,margin_sse,600269,True
2024-04-15,AGGREGATOR|research-node|akshare@1.18.97|stock_margin_detail_sse,2024-04-15,,2026-09-26T08:11:35.863997+00:00,2024-04-16,CONSERVATIVE_T1,margin_sse,600377,True
2024-04-15,AGGREGATOR|research-node|akshare@1.18.97|stock_margin_detail_sse,2024-04-15,,2026-09-26T08:11:35.863997+00:00,2024-04-16,CONSERVATIVE_T1,margin_sse,600567,True
2024-04-15,AGGREGATOR|research-node|akshare@1.18.97|stock_margin_detail_sse,2024-04-15,,2026-09-26T08:11:35.863997+00:00,2024-04-16,CONSERVATIVE_T1,margin_sse,600598,True
2024-04-15,AGGREGATOR|research-node|akshare@1.18.97|stock_margin_detail_sse,2024-04-15,,2026-09-26T08:11:35.863997+00:00,2024-04-16,CONSERVATIVE_T1,margin_sse,600694,True
2024-04-15,AGGREGATOR|research-node|akshare@1.18.97|stock_margin_detail_sse,2024-04-15,,2026-09-26T08:11:35.863997+00:00,2024-04-16,CONSERVATIVE_T1,margin_sse,601298,True
2024-04-15,AGGREGATOR|research-node|akshare@1.18.97|stock_margin_detail_sse,2024-04-15,,2026-09-26T08:11:35.863997+00:00,2024-04-16,CONSERVATIVE_T1,margin_sse,601328,True
2024-04-15,AGGREGATOR|research-node|akshare@1.18.97|stock_margin_detail_sse,2024-04-15,,2026-09-26T08:11:35.863997+00:00,2024-04-16,CONSERVATIVE_T1,margin_sse,601869,True
2024-04-15,AGGREGATOR|research-node|akshare@1.18.97|stock_margin_detail_sse,2024-04-15,,2026-09-26T08:11:35.863997+00:00,2024-04-16,CONSERVATIVE_T1,margin_sse,601985,True
2024-04-15,AGGREGATOR|research-node|akshare@1.18.97|stock_margin_detail_sse,2024-04-15,,2026-09-26T08:11:35.863997+00:00,2024-04-16,CONSERVATIVE_T1,margin_sse,601988,True
2024-04-15,AGGREGATOR|research-node|akshare@1.18.97|stock_margin_detail_sse,2024-04-15,,2026-09-26T08:11:35.863997+00:00,2024-04-16,CONSERVATIVE_T1,margin_sse,601992,True
2024-04-15,AGGREGATOR|research-node|akshare@1.18.97|stock_margin_detail_sse,2024-04-15,,2026-09-26T08:11:35.863997+00:00,2024-04-16,CONSERVATIVE_T1,margin_sse,688498,True
2024-04-16,AGGREGATOR|research-node|akshare@1.18.97|stock_margin_detail_sse,2024-04-16,,2026-09-26T08:11:40.234158+00:00,2024-04-17,CONSERVATIVE_T1,margin_sse,600196,True
2024-04-16,AGGREGATOR|research-node|akshare@1.18.97|stock_margin_detail_sse,2024-04-16,,2026-09-26T08:11:40.234158+00:00,2024-04-17,CONSERVATIVE_T1,margin_sse,600269,True
2024-04-16,AGGREGATOR|research-node|akshare@1.18.97|stock_margin_detail_sse,2024-04-16,,2026-09-26T08:11:40.234158+00:00,2024-04-17,CONSERVATIVE_T1,margin_sse,600377,True
2024-04-16,AGGREGATOR|research-node|akshare@1.18.97|stock_margin_detail_sse,2024-04-16,,2026-09-26T08:11:40.234158+00:00,2024-04-17,CONSERVATIVE_T1,margin_sse,600567,True
2024-04-16,AGGREGATOR|research-node|akshare@1.18.97|stock_margin_detail_sse,2024-04-16,,2026-09-26T08:11:40.234158+00:00,2024-04-17,CONSERVATIVE_T1,margin_sse,600598,True
2024-04-16,AGGREGATOR|research-node|akshare@1.18.97|stock_margin_detail_sse,2024-04-16,,2026-09-26T08:11:40.234158+00:00,2024-04-17,CONSERVATIVE_T1,margin_sse,600694,True
2024-04-16,AGGREGATOR|research-node|akshare@1.18.97|stock_margin_detail_sse,2024-04-16,,2026-09-26T08:11:40.234158+00:00,2024-04-17,CONSERVATIVE_T1,margin_sse,601298,True
2024-04-16,AGGREGATOR|research-node|akshare@1.18.97|stock_margin_detail_sse,2024-04-16,,2026-09-26T08:11:40.234158+00:00,2024-04-17,CONSERVATIVE_T1,margin_sse,601328,True
2024-04-16,AGGREGATOR|research-node|akshare@1.18.97|stock_margin_detail_sse,2024-04-16,,2026-09-26T08:11:40.234158+00:00,2024-04-17,CONSERVATIVE_T1,margin_sse,601869,True
2024-04-16,AGGREGATOR|research-node|akshare@1.18.97|stock_margin_detail_sse,2024-04-16,,2026-09-26T08:11:40.234158+00:00,2024-04-17,CONSERVATIVE_T1,margin_sse,601985,True
2024-04-16,AGGREGATOR|research-node|akshare@1.18.97|stock_margin_detail_sse,2024-04-16,,2026-09-26T08:11:40.234158+00:00,2024-04-17,CONSERVATIVE_T1,margin_sse,601988,True
2024-04-16,AGGREGATOR|research-node|akshare@1.18.97|stock_margin_detail_sse,2024-04-16,,2026-09-26T08:11:40.234158+00:00,2024-04-17,CONSERVATIVE_T1,margin_sse,601992,True
2024-04-16,AGGREGATOR|research-node|akshare@1.18.97|stock_margin_detail_sse,2024-04-16,,2026-09-26T08:11:40.234158+00:00,2024-04-17,CONSERVATIVE_T1,margin_sse,688498,True
2024-04-17,AGGREGATOR|research-node|akshare@1.18.97|stock_margin_detail_sse,2024-04-17,,2026-09-26T08:11:44.664470+00:00,2024-04-18,CONSERVATIVE_T1,margin_sse,600196,True
2024-04-17,AGGREGATOR|research-node|akshare@1.18.97|stock_margin_detail_sse,2024-04-17,,2026-09-26T08:11:44.664470+00:00,2024-04-18,CONSERVATIVE_T1,margin_sse,600269,True
2024-04-17,AGGREGATOR|research-node|akshare@1.18.97|stock_margin_detail_sse,2024-04-17,,2026-09-26T08:11:44.664470+00:00,2024-04-18,CONSERVATIVE_T1,margin_sse,600377,True
2024-04-17,AGGREGATOR|research-node|akshare@1.18.97|stock_margin_detail_sse,2024-04-17,,2026-09-26T08:11:44.664470+00:00,2024-04-18,CONSERVATIVE_T1,margin_sse,600567,True
2024-04-17,AGGREGATOR|research-node|akshare@1.18.97|stock_margin_detail_sse,2024-04-17,,2026-09-26T08:11:44.664470+00:00,2024-04-18,CONSERVATIVE_T1,margin_sse,600598,True
2024-04-17,AGGREGATOR|research-node|akshare@1.18.97|stock_margin_detail_sse,2024-04-17,,2026-09-26T08:11:44.664470+00:00,2024-04-18,CONSERVATIVE_T1,margin_sse,600694,True
2024-04-17,AGGREGATOR|research-node|akshare@1.18.97|stock_margin_detail_sse,2024-04-17,,2026-09-26T08:11:44.664470+00:00,2024-04-18,CONSERVATIVE_T1,margin_sse,601298,True
2024-04-17,AGGREGATOR|research-node|akshare@1.18.97|stock_margin_detail_sse,2024-04-17,,2026-09-26T08:11:44.664470+00:00,2024-04-18,CONSERVATIVE_T1,margin_sse,601328,True
2024-04-17,AGGREGATOR|research-node|akshare@1.18.97|stock_margin_detail_sse,2024-04-17,,2026-09-26T08:11:44.664470+00:00,2024-04-18,CONSERVATIVE_T1,margin_sse,601869,True
2024-04-17,AGGREGATOR|research-node|akshare@1.18.97|stock_margin_detail_sse,2024-04-17,,2026-09-26T08:11:44.664470+00:00,2024-04-18,CONSERVATIVE_T1,margin_sse,601985,True
2024-04-17,AGGREGATOR|research-node|akshare@1.18.97|stock_margin_detail_sse,2024-04-17,,2026-09-26T08:11:44.664470+00:00,2024-04-18,CONSERVATIVE_T1,margin_sse,601988,True
2024-04-17,AGGREGATOR|research-node|akshare@1.18.97|stock_margin_detail_sse,2024-04-17,,2026-09-26T08:11:44.664470+00:00,2024-04-18,CONSERVATIVE_T1,margin_sse,601992,True
2024-04-17,AGGREGATOR|research-node|akshare@1.18.97|stock_margin_detail_sse,2024-04-17,,2026-09-26T08:11:44.664470+00:00,2024-04-18,CONSERVATIVE_T1,margin_sse,688498,True
2024-04-18,AGGREGATOR|research-node|akshare@1.18.97|stock_margin_detail_sse,2024-04-18,,2026-09-26T08:11:49.058804+00:00,2024-04-19,CONSERVATIVE_T1,margin_sse,600196,True
2024-04-18,AGGREGATOR|research-node|akshare@1.18.97|stock_margin_detail_sse,2024-04-18,,2026-09-26T08:11:49.058804+00:00,2024-04-19,CONSERVATIVE_T1,margin_sse,600269,True
2024-04-18,AGGREGATOR|research-node|akshare@1.18.97|stock_margin_detail_sse,2024-04-18,,2026-09-26T08:11:49.058804+00:00,2024-04-19,CONSERVATIVE_T1,margin_sse,600377,True
2024-04-18,AGGREGATOR|research-node|akshare@1.18.97|stock_margin_detail_sse,2024-04-18,,2026-09-26T08:11:49.058804+00:00,2024-04-19,CONSERVATIVE_T1,margin_sse,600567,True
2024-04-18,AGGREGATOR|research-node|akshare@1.18.97|stock_margin_detail_sse,2024-04-18,,2026-09-26T08:11:49.058804+00:00,2024-04-19,CONSERVATIVE_T1,margin_sse,600598,True
2024-04-18,AGGREGATOR|research-node|akshare@1.18.97|stock_margin_detail_sse,2024-04-18,,2026-09-26T08:11:49.058804+00:00,2024-04-19,CONSERVATIVE_T1,margin_sse,600694,True
2024-04-18,AGGREGATOR|research-node|akshare@1.18.97|stock_margin_detail_sse,2024-04-18,,2026-09-26T08:11:49.058804+00:00,2024-04-19,CONSERVATIVE_T1,margin_sse,601298,True
2024-04-18,AGGREGATOR|research-node|akshare@1.18.97|stock_margin_detail_sse,2024-04-18,,2026-09-26T08:11:49.058804+00:00,2024-04-19,CONSERVATIVE_T1,margin_sse,601328,True
2024-04-18,AGGREGATOR|research-node|akshare@1.18.97|stock_margin_detail_sse,2024-04-18,,2026-09-26T08:11:49.058804+00:00,2024-04-19,CONSERVATIVE_T1,margin_sse,601869,True
2024-04-18,AGGREGATOR|research-node|akshare@1.18.97|stock_margin_detail_sse,2024-04-18,,2026-09-26T08:11:49.058804+00:00,2024-04-19,CONSERVATIVE_T1,margin_sse,601985,True
2024-04-18,AGGREGATOR|research-node|akshare@1.18.97|stock_margin_detail_sse,2024-04-18,,2026-09-26T08:11:49.058804+00:00,2024-04-19,CONSERVATIVE_T1,margin_sse,601988,True
2024-04-18,AGGREGATOR|research-node|akshare@1.18.97|stock_margin_detail_sse,2024-04-18,,2026-09-26T08:11:49.058804+00:00,2024-04-19,CONSERVATIVE_T1,margin_sse,601992,True
2024-04-18,AGGREGATOR|research-node|akshare@1.18.97|stock_margin_detail_sse,2024-04-18,,2026-09-26T08:11:49.058804+00:00,2024-04-19,CONSERVATIVE_T1,margin_sse,688498,True
2024-04-19,AGGREGATOR|research-node|akshare@1.18.97|stock_margin_detail_sse,2024-04-19,,2026-09-26T08:11:53.690816+00:00,2024-04-22,CONSERVATIVE_T1,margin_sse,600196,True
2024-04-19,AGGREGATOR|research-node|akshare@1.18.97|stock_margin_detail_sse,2024-04-19,,2026-09-26T08:11:53.690816+00:00,2024-04-22,CONSERVATIVE_T1,margin_sse,600269,True
2024-04-19,AGGREGATOR|research-node|akshare@1.18.97|stock_margin_detail_sse,2024-04-19,,2026-09-26T08:11:53.690816+00:00,2024-04-22,CONSERVATIVE_T1,margin_sse,600377,True
2024-04-19,AGGREGATOR|research-node|akshare@1.18.97|stock_margin_detail_sse,2024-04-19,,2026-09-26T08:11:53.690816+00:00,2024-04-22,CONSERVATIVE_T1,margin_sse,600567,True
2024-04-19,AGGREGATOR|research-node|akshare@1.18.97|stock_margin_detail_sse,2024-04-19,,2026-09-26T08:11:53.690816+00:00,2024-04-22,CONSERVATIVE_T1,margin_sse,600598,True
2024-04-19,AGGREGATOR|research-node|akshare@1.18.97|stock_margin_detail_sse,2024-04-19,,2026-09-26T08:11:53.690816+00:00,2024-04-22,CONSERVATIVE_T1,margin_sse,600694,True
2024-04-19,AGGREGATOR|research-node|akshare@1.18.97|stock_margin_detail_sse,2024-04-19,,2026-09-26T08:11:53.690816+00:00,2024-04-22,CONSERVATIVE_T1,margin_sse,601298,True
2024-04-19,AGGREGATOR|research-node|akshare@1.18.97|stock_margin_detail_sse,2024-04-19,,2026-09-26T08:11:53.690816+00:00,2024-04-22,CONSERVATIVE_T1,margin_sse,601328,True
2024-04-19,AGGREGATOR|research-node|akshare@1.18.97|stock_margin_detail_sse,2024-04-19,,2026-09-26T08:11:53.690816+00:00,2024-04-22,CONSERVATIVE_T1,margin_sse,601869,True
2024-04-19,AGGREGATOR|research-node|akshare@1.18.97|stock_margin_detail_sse,2024-04-19,,2026-09-26T08:11:53.690816+00:00,2024-04-22,CONSERVATIVE_T1,margin_sse,601985,True
2024-04-19,AGGREGATOR|research-node|akshare@1.18.97|stock_margin_detail_sse,2024-04-19,,2026-09-26T08:11:53.690816+00:00,2024-04-22,CONSERVATIVE_T1,margin_sse,601988,True
2024-04-19,AGGREGATOR|research-node|akshare@1.18.97|stock_margin_detail_sse,2024-04-19,,2026-09-26T08:11:53.690816+00:00,2024-04-22,CONSERVATIVE_T1,margin_sse,601992,True
2024-04-19,AGGREGATOR|research-node|akshare@1.18.97|stock_margin_detail_sse,2024-04-19,,2026-09-26T08:11:53.690816+00:00,2024-04-22,CONSERVATIVE_T1,margin_sse,688498,True
2024-04-22,AGGREGATOR|research-node|akshare@1.18.97|stock_margin_detail_sse,2024-04-22,,2026-09-26T08:11:58.068748+00:00,2024-04-23,CONSERVATIVE_T1,margin_sse,600196,True
2024-04-22,AGGREGATOR|research-node|akshare@1.18.97|stock_margin_detail_sse,2024-04-22,,2026-09-26T08:11:58.068748+00:00,2024-04-23,CONSERVATIVE_T1,margin_sse,600269,True
2024-04-22,AGGREGATOR|research-node|akshare@1.18.97|stock_margin_detail_sse,2024-04-22,,2026-09-26T08:11:58.068748+00:00,2024-04-23,CONSERVATIVE_T1,margin_sse,600377,True
2024-04-22,AGGREGATOR|research-node|akshare@1.18.97|stock_margin_detail_sse,2024-04-22,,2026-09-26T08:11:58.068748+00:00,2024-04-23,CONSERVATIVE_T1,margin_sse,600567,True
2024-04-22,AGGREGATOR|research-node|akshare@1.18.97|stock_margin_detail_sse,2024-04-22,,2026-09-26T08:11:58.068748+00:00,2024-04-23,CONSERVATIVE_T1,margin_sse,600598,True
2024-04-22,AGGREGATOR|research-node|akshare@1.18.97|stock_margin_detail_sse,2024-04-22,,2026-09-26T08:11:58.068748+00:00,2024-04-23,CONSERVATIVE_T1,margin_sse,600694,True
2024-04-22,AGGREGATOR|research-node|akshare@1.18.97|stock_margin_detail_sse,2024-04-22,,2026-09-26T08:11:58.068748+00:00,2024-04-23,CONSERVATIVE_T1,margin_sse,601298,True
2024-04-22,AGGREGATOR|research-node|akshare@1.18.97|stock_margin_detail_sse,2024-04-22,,2026-09-26T08:11:58.068748+00:00,2024-04-23,CONSERVATIVE_T1,margin_sse,601328,True
2024-04-22,AGGREGATOR|research-node|akshare@1.18.97|stock_margin_detail_sse,2024-04-22,,2026-09-26T08:11:58.068748+00:00,2024-04-23,CONSERVATIVE_T1,margin_sse,601869,True
2024-04-22,AGGREGATOR|research-node|akshare@1.18.97|stock_margin_detail_sse,2024-04-22,,2026-09-26T08:11:58.068748+00:00,2024-04-23,CONSERVATIVE_T1,margin_sse,601985,True
2024-04-22,AGGREGATOR|research-node|akshare@1.18.97|stock_margin_detail_sse,2024-04-22,,2026-09-26T08:11:58.068748+00:00,2024-04-23,CONSERVATIVE_T1,margin_sse,601988,True
2024-04-22,AGGREGATOR|research-node|akshare@1.18.97|stock_margin_detail_sse,2024-04-22,,2026-09-26T08:11:58.068748+00:00,2024-04-23,CONSERVATIVE_T1,margin_sse,601992,True
2024-04-22,AGGREGATOR|research-node|akshare@1.18.97|stock_margin_detail_sse,2024-04-22,,2026-09-26T08:11:58.068748+00:00,2024-04-23,CONSERVATIVE_T1,margin_sse,688498,True
2024-04-23,AGGREGATOR|research-node|akshare@1.18.97|stock_margin_detail_sse,2024-04-23,,2026-09-26T08:12:02.492411+00:00,2024-04-24,CONSERVATIVE_T1,margin_sse,600196,True
2024-04-23,AGGREGATOR|research-node|akshare@1.18.97|stock_margin_detail_sse,2024-04-23,,2026-09-26T08:12:02.492411+00:00,2024-04-24,CONSERVATIVE_T1,margin_sse,600269,True
2024-04-23,AGGREGATOR|research-node|akshare@1.18.97|stock_margin_detail_sse,2024-04-23,,2026-09-26T08:12:02.492411+00:00,2024-04-24,CONSERVATIVE_T1,margin_sse,600377,True
2024-04-23,AGGREGATOR|research-node|akshare@1.18.97|stock_margin_detail_sse,2024-04-23,,2026-09-26T08:12:02.492411+00:00,2024-04-24,CONSERVATIVE_T1,margin_sse,600567,True
2024-04-23,AGGREGATOR|research-node|akshare@1.18.97|stock_margin_detail_sse,2024-04-23,,2026-09-26T08:12:02.492411+00:00,2024-04-24,CONSERVATIVE_T1,margin_sse,600598,True
2024-04-23,AGGREGATOR|research-node|akshare@1.18.97|stock_margin_detail_sse,2024-04-23,,2026-09-26T08:12:02.492411+00:00,2024-04-24,CONSERVATIVE_T1,margin_sse,600694,True
2024-04-23,AGGREGATOR|research-node|akshare@1.18.97|stock_margin_detail_sse,2024-04-23,,2026-09-26T08:12:02.492411+00:00,2024-04-24,CONSERVATIVE_T1,margin_sse,601298,True
2024-04-23,AGGREGATOR|research-node|akshare@1.18.97|stock_margin_detail_sse,2024-04-23,,2026-09-26T08:12:02.492411+00:00,2024-04-24,CONSERVATIVE_T1,margin_sse,601328,True
2024-04-23,AGGREGATOR|research-node|akshare@1.18.97|stock_margin_detail_sse,2024-04-23,,2026-09-26T08:12:02.492411+00:00,2024-04-24,CONSERVATIVE_T1,margin_sse,601869,True
2024-04-23,AGGREGATOR|research-node|akshare@1.18.97|stock_margin_detail_sse,2024-04-23,,2026-09-26T08:12:02.492411+00:00,2024-04-24,CONSERVATIVE_T1,margin_sse,601985,True
2024-04-23,AGGREGATOR|research-node|akshare@1.18.97|stock_margin_detail_sse,2024-04-23,,2026-09-26T08:12:02.492411+00:00,2024-04-24,CONSERVATIVE_T1,margin_sse,601988,True
2024-04-23,AGGREGATOR|research-node|akshare@1.18.97|stock_margin_detail_sse,2024-04-23,,2026-09-26T08:12:02.492411+00:00,2024-04-24,CONSERVATIVE_T1,margin_sse,601992,True
2024-04-23,AGGREGATOR|research-node|akshare@1.18.97|stock_margin_detail_sse,2024-04-23,,2026-09-26T08:12:02.492411+00:00,2024-04-24,CONSERVATIVE_T1,margin_sse,688498,True
2024-04-24,AGGREGATOR|research-node|akshare@1.18.97|stock_margin_detail_sse,2024-04-24,,2026-09-26T08:12:06.906042+00:00,2024-04-25,CONSERVATIVE_T1,margin_sse,600196,True
2024-04-24,AGGREGATOR|research-node|akshare@1.18.97|stock_margin_detail_sse,2024-04-24,,2026-09-26T08:12:06.906042+00:00,2024-04-25,CONSERVATIVE_T1,margin_sse,600269,True
2024-04-24,AGGREGATOR|research-node|akshare@1.18.97|stock_margin_detail_sse,2024-04-24,,2026-09-26T08:12:06.906042+00:00,2024-04-25,CONSERVATIVE_T1,margin_sse,600377,True
2024-04-24,AGGREGATOR|research-node|akshare@1.18.97|stock_margin_detail_sse,2024-04-24,,2026-09-26T08:12:06.906042+00:00,2024-04-25,CONSERVATIVE_T1,margin_sse,600567,True
2024-04-24,AGGREGATOR|research-node|akshare@1.18.97|stock_margin_detail_sse,2024-04-24,,2026-09-26T08:12:06.906042+00:00,2024-04-25,CONSERVATIVE_T1,margin_sse,600598,True
2024-04-24,AGGREGATOR|research-node|akshare@1.18.97|stock_margin_detail_sse,2024-04-24,,2026-09-26T08:12:06.906042+00:00,2024-04-25,CONSERVATIVE_T1,margin_sse,600694,True
2024-04-24,AGGREGATOR|research-node|akshare@1.18.97|stock_margin_detail_sse,2024-04-24,,2026-09-26T08:12:06.906042+00:00,2024-04-25,CONSERVATIVE_T1,margin_sse,601298,True
2024-04-24,AGGREGATOR|research-node|akshare@1.18.97|stock_margin_detail_sse,2024-04-24,,2026-09-26T08:12:06.906042+00:00,2024-04-25,CONSERVATIVE_T1,margin_sse,601328,True
2024-04-24,AGGREGATOR|research-node|akshare@1.18.97|stock_margin_detail_sse,2024-04-24,,2026-09-26T08:12:06.906042+00:00,2024-04-25,CONSERVATIVE_T1,margin_sse,601869,True
2024-04-24,AGGREGATOR|research-node|akshare@1.18.97|stock_margin_detail_sse,2024-04-24,,2026-09-26T08:12:06.906042+00:00,2024-04-25,CONSERVATIVE_T1,margin_sse,601985,True
2024-04-24,AGGREGATOR|research-node|akshare@1.18.97|stock_margin_detail_sse,2024-04-24,,2026-09-26T08:12:06.906042+00:00,2024-04-25,CONSERVATIVE_T1,margin_sse,601988,True
2024-04-24,AGGREGATOR|research-node|akshare@1.18.97|stock_margin_detail_sse,2024-04-24,,2026-09-26T08:12:06.906042+00:00,2024-04-25,CONSERVATIVE_T1,margin_sse,601992,True
2024-04-24,AGGREGATOR|research-node|akshare@1.18.97|stock_margin_detail_sse,2024-04-24,,2026-09-26T08:12:06.906042+00:00,2024-04-25,CONSERVATIVE_T1,margin_sse,688498,True
2024-04-25,AGGREGATOR|research-node|akshare@1.18.97|stock_margin_detail_sse,2024-04-25,,2026-09-26T08:12:11.267041+00:00,2024-04-26,CONSERVATIVE_T1,margin_sse,600196,True
2024-04-25,AGGREGATOR|research-node|akshare@1.18.97|stock_margin_detail_sse,2024-04-25,,2026-09-26T08:12:11.267041+00:00,2024-04-26,CONSERVATIVE_T1,margin_sse,600269,True
2024-04-25,AGGREGATOR|research-node|akshare@1.18.97|stock_margin_detail_sse,2024-04-25,,2026-09-26T08:12:11.267041+00:00,2024-04-26,CONSERVATIVE_T1,margin_sse,600377,True
2024-04-25,AGGREGATOR|research-node|akshare@1.18.97|stock_margin_detail_sse,2024-04-25,,2026-09-26T08:12:11.267041+00:00,2024-04-26,CONSERVATIVE_T1,margin_sse,600567,True
2024-04-25,AGGREGATOR|research-node|akshare@1.18.97|stock_margin_detail_sse,2024-04-25,,2026-09-26T08:12:11.267041+00:00,2024-04-26,CONSERVATIVE_T1,margin_sse,600598,True
2024-04-25,AGGREGATOR|research-node|akshare@1.18.97|stock_margin_detail_sse,2024-04-25,,2026-09-26T08:12:11.267041+00:00,2024-04-26,CONSERVATIVE_T1,margin_sse,600694,True
2024-04-25,AGGREGATOR|research-node|akshare@1.18.97|stock_margin_detail_sse,2024-04-25,,2026-09-26T08:12:11.267041+00:00,2024-04-26,CONSERVATIVE_T1,margin_sse,601298,True
2024-04-25,AGGREGATOR|research-node|akshare@1.18.97|stock_margin_detail_sse,2024-04-25,,2026-09-26T08:12:11.267041+00:00,2024-04-26,CONSERVATIVE_T1,margin_sse,601328,True
2024-04-25,AGGREGATOR|research-node|akshare@1.18.97|stock_margin_detail_sse,2024-04-25,,2026-09-26T08:12:11.267041+00:00,2024-04-26,CONSERVATIVE_T1,margin_sse,601869,True
2024-04-25,AGGREGATOR|research-node|akshare@1.18.97|stock_margin_detail_sse,2024-04-25,,2026-09-26T08:12:11.267041+00:00,2024-04-26,CONSERVATIVE_T1,margin_sse,601985,True
2024-04-25,AGGREGATOR|research-node|akshare@1.18.97|stock_margin_detail_sse,2024-04-25,,2026-09-26T08:12:11.267041+00:00,2024-04-26,CONSERVATIVE_T1,margin_sse,601988,True
2024-04-25,AGGREGATOR|research-node|akshare@1.18.97|stock_margin_detail_sse,2024-04-25,,2026-09-26T08:12:11.267041+00:00,2024-04-26,CONSERVATIVE_T1,margin_sse,601992,True
2024-04-25,AGGREGATOR|research-node|akshare@1.18.97|stock_margin_detail_sse,2024-04-25,,2026-09-26T08:12:11.267041+00:00,2024-04-26,CONSERVATIVE_T1,margin_sse,688498,True
2024-04-26,AGGREGATOR|research-node|akshare@1.18.97|stock_margin_detail_sse,2024-04-26,,2026-09-26T08:12:15.665395+00:00,2024-04-29,CONSERVATIVE_T1,margin_sse,600196,True
2024-04-26,AGGREGATOR|research-node|akshare@1.18.97|stock_margin_detail_sse,2024-04-26,,2026-09-26T08:12:15.665395+00:00,2024-04-29,CONSERVATIVE_T1,margin_sse,600269,True
2024-04-26,AGGREGATOR|research-node|akshare@1.18.97|stock_margin_detail_sse,2024-04-26,,2026-09-26T08:12:15.665395+00:00,2024-04-29,CONSERVATIVE_T1,margin_sse,600377,True
2024-04-26,AGGREGATOR|research-node|akshare@1.18.97|stock_margin_detail_sse,2024-04-26,,2026-09-26T08:12:15.665395+00:00,2024-04-29,CONSERVATIVE_T1,margin_sse,600567,True
2024-04-26,AGGREGATOR|research-node|akshare@1.18.97|stock_margin_detail_sse,2024-04-26,,2026-09-26T08:12:15.665395+00:00,2024-04-29,CONSERVATIVE_T1,margin_sse,600598,True
2024-04-26,AGGREGATOR|research-node|akshare@1.18.97|stock_margin_detail_sse,2024-04-26,,2026-09-26T08:12:15.665395+00:00,2024-04-29,CONSERVATIVE_T1,margin_sse,600694,True
2024-04-26,AGGREGATOR|research-node|akshare@1.18.97|stock_margin_detail_sse,2024-04-26,,2026-09-26T08:12:15.665395+00:00,2024-04-29,CONSERVATIVE_T1,margin_sse,601298,True
2024-04-26,AGGREGATOR|research-node|akshare@1.18.97|stock_margin_detail_sse,2024-04-26,,2026-09-26T08:12:15.665395+00:00,2024-04-29,CONSERVATIVE_T1,margin_sse,601328,True
2024-04-26,AGGREGATOR|research-node|akshare@1.18.97|stock_margin_detail_sse,2024-04-26,,2026-09-26T08:12:15.665395+00:00,2024-04-29,CONSERVATIVE_T1,margin_sse,601869,True
2024-04-26,AGGREGATOR|research-node|akshare@1.18.97|stock_margin_detail_sse,2024-04-26,,2026-09-26T08:12:15.665395+00:00,2024-04-29,CONSERVATIVE_T1,margin_sse,601985,True
2024-04-26,AGGREGATOR|research-node|akshare@1.18.97|stock_margin_detail_sse,2024-04-26,,2026-09-26T08:12:15.665395+00:00,2024-04-29,CONSERVATIVE_T1,margin_sse,601988,True
2024-04-26,AGGREGATOR|research-node|akshare@1.18.97|stock_margin_detail_sse,2024-04-26,,2026-09-26T08:12:15.665395+00:00,2024-04-29,CONSERVATIVE_T1,margin_sse,601992,True
2024-04-26,AGGREGATOR|research-node|akshare@1.18.97|stock_margin_detail_sse,2024-04-26,,2026-09-26T08:12:15.665395+00:00,2024-04-29,CONSERVATIVE_T1,margin_sse,688498,True
2024-04-29,AGGREGATOR|research-node|akshare@1.18.97|stock_margin_detail_sse,2024-04-29,,2026-09-26T08:12:20.014750+00:00,2024-04-30,CONSERVATIVE_T1,margin_sse,600196,True
2024-04-29,AGGREGATOR|research-node|akshare@1.18.97|stock_margin_detail_sse,2024-04-29,,2026-09-26T08:12:20.014750+00:00,2024-04-30,CONSERVATIVE_T1,margin_sse,600269,True
2024-04-29,AGGREGATOR|research-node|akshare@1.18.97|stock_margin_detail_sse,2024-04-29,,2026-09-26T08:12:20.014750+00:00,2024-04-30,CONSERVATIVE_T1,margin_sse,600377,True
2024-04-29,AGGREGATOR|research-node|akshare@1.18.97|stock_margin_detail_sse,2024-04-29,,2026-09-26T08:12:20.014750+00:00,2024-04-30,CONSERVATIVE_T1,margin_sse,600567,True
2024-04-29,AGGREGATOR|research-node|akshare@1.18.97|stock_margin_detail_sse,2024-04-29,,2026-09-26T08:12:20.014750+00:00,2024-04-30,CONSERVATIVE_T1,margin_sse,600598,True
2024-04-29,AGGREGATOR|research-node|akshare@1.18.97|stock_margin_detail_sse,2024-04-29,,2026-09-26T08:12:20.014750+00:00,2024-04-30,CONSERVATIVE_T1,margin_sse,600694,True
2024-04-29,AGGREGATOR|research-node|akshare@1.18.97|stock_margin_detail_sse,2024-04-29,,2026-09-26T08:12:20.014750+00:00,2024-04-30,CONSERVATIVE_T1,margin_sse,601298,True
2024-04-29,AGGREGATOR|research-node|akshare@1.18.97|stock_margin_detail_sse,2024-04-29,,2026-09-26T08:12:20.014750+00:00,2024-04-30,CONSERVATIVE_T1,margin_sse,601328,True
2024-04-29,AGGREGATOR|research-node|akshare@1.18.97|stock_margin_detail_sse,2024-04-29,,2026-09-26T08:12:20.014750+00:00,2024-04-30,CONSERVATIVE_T1,margin_sse,601869,True
2024-04-29,AGGREGATOR|research-node|akshare@1.18.97|stock_margin_detail_sse,2024-04-29,,2026-09-26T08:12:20.014750+00:00,2024-04-30,CONSERVATIVE_T1,margin_sse,601985,True
2024-04-29,AGGREGATOR|research-node|akshare@1.18.97|stock_margin_detail_sse,2024-04-29,,2026-09-26T08:12:20.014750+00:00,2024-04-30,CONSERVATIVE_T1,margin_sse,601988,True
2024-04-29,AGGREGATOR|research-node|akshare@1.18.97|stock_margin_detail_sse,2024-04-29,,2026-09-26T08:12:20.014750+00:00,2024-04-30,CONSERVATIVE_T1,margin_sse,601992,True
2024-04-29,AGGREGATOR|research-node|akshare@1.18.97|stock_margin_detail_sse,2024-04-29,,2026-09-26T08:12:20.014750+00:00,2024-04-30,CONSERVATIVE_T1,margin_sse,688498,True
2024-04-30,AGGREGATOR|research-node|akshare@1.18.97|stock_margin_detail_sse,2024-04-30,,2026-09-26T08:12:24.373894+00:00,2024-05-06,CONSERVATIVE_T1,margin_sse,600196,True
2024-04-30,AGGREGATOR|research-node|akshare@1.18.97|stock_margin_detail_sse,2024-04-30,,2026-09-26T08:12:24.373894+00:00,2024-05-06,CONSERVATIVE_T1,margin_sse,600269,True
2024-04-30,AGGREGATOR|research-node|akshare@1.18.97|stock_margin_detail_sse,2024-04-30,,2026-09-26T08:12:24.373894+00:00,2024-05-06,CONSERVATIVE_T1,margin_sse,600377,True
2024-04-30,AGGREGATOR|research-node|akshare@1.18.97|stock_margin_detail_sse,2024-04-30,,2026-09-26T08:12:24.373894+00:00,2024-05-06,CONSERVATIVE_T1,margin_sse,600567,True
2024-04-30,AGGREGATOR|research-node|akshare@1.18.97|stock_margin_detail_sse,2024-04-30,,2026-09-26T08:12:24.373894+00:00,2024-05-06,CONSERVATIVE_T1,margin_sse,600598,True
2024-04-30,AGGREGATOR|research-node|akshare@1.18.97|stock_margin_detail_sse,2024-04-30,,2026-09-26T08:12:24.373894+00:00,2024-05-06,CONSERVATIVE_T1,margin_sse,600694,True
2024-04-30,AGGREGATOR|research-node|akshare@1.18.97|stock_margin_detail_sse,2024-04-30,,2026-09-26T08:12:24.373894+00:00,2024-05-06,CONSERVATIVE_T1,margin_sse,601298,True
2024-04-30,AGGREGATOR|research-node|akshare@1.18.97|stock_margin_detail_sse,2024-04-30,,2026-09-26T08:12:24.373894+00:00,2024-05-06,CONSERVATIVE_T1,margin_sse,601328,True
2024-04-30,AGGREGATOR|research-node|akshare@1.18.97|stock_margin_detail_sse,2024-04-30,,2026-09-26T08:12:24.373894+00:00,2024-05-06,CONSERVATIVE_T1,margin_sse,601869,True
2024-04-30,AGGREGATOR|research-node|akshare@1.18.97|stock_margin_detail_sse,2024-04-30,,2026-09-26T08:12:24.373894+00:00,2024-05-06,CONSERVATIVE_T1,margin_sse,601985,True
2024-04-30,AGGREGATOR|research-node|akshare@1.18.97|stock_margin_detail_sse,2024-04-30,,2026-09-26T08:12:24.373894+00:00,2024-05-06,CONSERVATIVE_T1,margin_sse,601988,True
2024-04-30,AGGREGATOR|research-node|akshare@1.18.97|stock_margin_detail_sse,2024-04-30,,2026-09-26T08:12:24.373894+00:00,2024-05-06,CONSERVATIVE_T1,margin_sse,601992,True
2024-04-30,AGGREGATOR|research-node|akshare@1.18.97|stock_margin_detail_sse,2024-04-30,,2026-09-26T08:12:24.373894+00:00,2024-05-06,CONSERVATIVE_T1,margin_sse,688498,True
2024-05-06,AGGREGATOR|research-node|akshare@1.18.97|stock_margin_detail_sse,2024-05-06,,2026-09-26T08:12:28.791292+00:00,2024-05-07,CONSERVATIVE_T1,margin_sse,600196,True
2024-05-06,AGGREGATOR|research-node|akshare@1.18.97|stock_margin_detail_sse,2024-05-06,,2026-09-26T08:12:28.791292+00:00,2024-05-07,CONSERVATIVE_T1,margin_sse,600269,True
2024-05-06,AGGREGATOR|research-node|akshare@1.18.97|stock_margin_detail_sse,2024-05-06,,2026-09-26T08:12:28.791292+00:00,2024-05-07,CONSERVATIVE_T1,margin_sse,600377,True
2024-05-06,AGGREGATOR|research-node|akshare@1.18.97|stock_margin_detail_sse,2024-05-06,,2026-09-26T08:12:28.791292+00:00,2024-05-07,CONSERVATIVE_T1,margin_sse,600567,True
2024-05-06,AGGREGATOR|research-node|akshare@1.18.97|stock_margin_detail_sse,2024-05-06,,2026-09-26T08:12:28.791292+00:00,2024-05-07,CONSERVATIVE_T1,margin_sse,600598,True
2024-05-06,AGGREGATOR|research-node|akshare@1.18.97|stock_margin_detail_sse,2024-05-06,,2026-09-26T08:12:28.791292+00:00,2024-05-07,CONSERVATIVE_T1,margin_sse,600694,True
2024-05-06,AGGREGATOR|research-node|akshare@1.18.97|stock_margin_detail_sse,2024-05-06,,2026-09-26T08:12:28.791292+00:00,2024-05-07,CONSERVATIVE_T1,margin_sse,601298,True
2024-05-06,AGGREGATOR|research-node|akshare@1.18.97|stock_margin_detail_sse,2024-05-06,,2026-09-26T08:12:28.791292+00:00,2024-05-07,CONSERVATIVE_T1,margin_sse,601328,True
2024-05-06,AGGREGATOR|research-node|akshare@1.18.97|stock_margin_detail_sse,2024-05-06,,2026-09-26T08:12:28.791292+00:00,2024-05-07,CONSERVATIVE_T1,margin_sse,601869,True
2024-05-06,AGGREGATOR|research-node|akshare@1.18.97|stock_margin_detail_sse,2024-05-06,,2026-09-26T08:12:28.791292+00:00,2024-05-07,CONSERVATIVE_T1,margin_sse,601985,True
2024-05-06,AGGREGATOR|research-node|akshare@1.18.97|stock_margin_detail_sse,2024-05-06,,2026-09-26T08:12:28.791292+00:00,2024-05-07,CONSERVATIVE_T1,margin_sse,601988,True
2024-05-06,AGGREGATOR|research-node|akshare@1.18.97|stock_margin_detail_sse,2024-05-06,,2026-09-26T08:12:28.791292+00:00,2024-05-07,CONSERVATIVE_T1,margin_sse,601992,True
2024-05-06,AGGREGATOR|research-node|akshare@1.18.97|stock_margin_detail_sse,2024-05-06,,2026-09-26T08:12:28.791292+00:00,2024-05-07,CONSERVATIVE_T1,margin_sse,688498,True
2024-05-07,AGGREGATOR|research-node|akshare@1.18.97|stock_margin_detail_sse,2024-05-07,,2026-09-26T08:12:33.173072+00:00,2024-05-08,CONSERVATIVE_T1,margin_sse,600196,True
2024-05-07,AGGREGATOR|research-node|akshare@1.18.97|stock_margin_detail_sse,2024-05-07,,2026-09-26T08:12:33.173072+00:00,2024-05-08,CONSERVATIVE_T1,margin_sse,600269,True
2024-05-07,AGGREGATOR|research-node|akshare@1.18.97|stock_margin_detail_sse,2024-05-07,,2026-09-26T08:12:33.173072+00:00,2024-05-08,CONSERVATIVE_T1,margin_sse,600377,True
2024-05-07,AGGREGATOR|research-node|akshare@1.18.97|stock_margin_detail_sse,2024-05-07,,2026-09-26T08:12:33.173072+00:00,2024-05-08,CONSERVATIVE_T1,margin_sse,600567,True
2024-05-07,AGGREGATOR|research-node|akshare@1.18.97|stock_margin_detail_sse,2024-05-07,,2026-09-26T08:12:33.173072+00:00,2024-05-08,CONSERVATIVE_T1,margin_sse,600598,True
2024-05-07,AGGREGATOR|research-node|akshare@1.18.97|stock_margin_detail_sse,2024-05-07,,2026-09-26T08:12:33.173072+00:00,2024-05-08,CONSERVATIVE_T1,margin_sse,600694,True
2024-05-07,AGGREGATOR|research-node|akshare@1.18.97|stock_margin_detail_sse,2024-05-07,,2026-09-26T08:12:33.173072+00:00,2024-05-08,CONSERVATIVE_T1,margin_sse,601298,True
2024-05-07,AGGREGATOR|research-node|akshare@1.18.97|stock_margin_detail_sse,2024-05-07,,2026-09-26T08:12:33.173072+00:00,2024-05-08,CONSERVATIVE_T1,margin_sse,601328,True
2024-05-07,AGGREGATOR|research-node|akshare@1.18.97|stock_margin_detail_sse,2024-05-07,,2026-09-26T08:12:33.173072+00:00,2024-05-08,CONSERVATIVE_T1,margin_sse,601869,True
2024-05-07,AGGREGATOR|research-node|akshare@1.18.97|stock_margin_detail_sse,2024-05-07,,2026-09-26T08:12:33.173072+00:00,2024-05-08,CONSERVATIVE_T1,margin_sse,601985,True
2024-05-07,AGGREGATOR|research-node|akshare@1.18.97|stock_margin_detail_sse,2024-05-07,,2026-09-26T08:12:33.173072+00:00,2024-05-08,CONSERVATIVE_T1,margin_sse,601988,True
2024-05-07,AGGREGATOR|research-node|akshare@1.18.97|stock_margin_detail_sse,2024-05-07,,2026-09-26T08:12:33.173072+00:00,2024-05-08,CONSERVATIVE_T1,margin_sse,601992,True
2024-05-07,AGGREGATOR|research-node|akshare@1.18.97|stock_margin_detail_sse,2024-05-07,,2026-09-26T08:12:33.173072+00:00,2024-05-08,CONSERVATIVE_T1,margin_sse,688498,True
2024-05-08,AGGREGATOR|research-node|akshare@1.18.97|stock_margin_detail_sse,2024-05-08,,2026-09-26T08:12:37.532667+00:00,2024-05-09,CONSERVATIVE_T1,margin_sse,600196,True
2024-05-08,AGGREGATOR|research-node|akshare@1.18.97|stock_margin_detail_sse,2024-05-08,,2026-09-26T08:12:37.532667+00:00,2024-05-09,CONSERVATIVE_T1,margin_sse,600269,True
2024-05-08,AGGREGATOR|research-node|akshare@1.18.97|stock_margin_detail_sse,2024-05-08,,2026-09-26T08:12:37.532667+00:00,2024-05-09,CONSERVATIVE_T1,margin_sse,600377,True
2024-05-08,AGGREGATOR|research-node|akshare@1.18.97|stock_margin_detail_sse,2024-05-08,,2026-09-26T08:12:37.532667+00:00,2024-05-09,CONSERVATIVE_T1,margin_sse,600567,True
2024-05-08,AGGREGATOR|research-node|akshare@1.18.97|stock_margin_detail_sse,2024-05-08,,2026-09-26T08:12:37.532667+00:00,2024-05-09,CONSERVATIVE_T1,margin_sse,600598,True
2024-05-08,AGGREGATOR|research-node|akshare@1.18.97|stock_margin_detail_sse,2024-05-08,,2026-09-26T08:12:37.532667+00:00,2024-05-09,CONSERVATIVE_T1,margin_sse,600694,True
2024-05-08,AGGREGATOR|research-node|akshare@1.18.97|stock_margin_detail_sse,2024-05-08,,2026-09-26T08:12:37.532667+00:00,2024-05-09,CONSERVATIVE_T1,margin_sse,601298,True
2024-05-08,AGGREGATOR|research-node|akshare@1.18.97|stock_margin_detail_sse,2024-05-08,,2026-09-26T08:12:37.532667+00:00,2024-05-09,CONSERVATIVE_T1,margin_sse,601328,True
2024-05-08,AGGREGATOR|research-node|akshare@1.18.97|stock_margin_detail_sse,2024-05-08,,2026-09-26T08:12:37.532667+00:00,2024-05-09,CONSERVATIVE_T1,margin_sse,601869,True
2024-05-08,AGGREGATOR|research-node|akshare@1.18.97|stock_margin_detail_sse,2024-05-08,,2026-09-26T08:12:37.532667+00:00,2024-05-09,CONSERVATIVE_T1,margin_sse,601985,True
2024-05-08,AGGREGATOR|research-node|akshare@1.18.97|stock_margin_detail_sse,2024-05-08,,2026-09-26T08:12:37.532667+00:00,2024-05-09,CONSERVATIVE_T1,margin_sse,601988,True
2024-05-08,AGGREGATOR|research-node|akshare@1.18.97|stock_margin_detail_sse,2024-05-08,,2026-09-26T08:12:37.532667+00:00,2024-05-09,CONSERVATIVE_T1,margin_sse,601992,True
2024-05-08,AGGREGATOR|research-node|akshare@1.18.97|stock_margin_detail_sse,2024-05-08,,2026-09-26T08:12:37.532667+00:00,2024-05-09,CONSERVATIVE_T1,margin_sse,688498,True
2024-05-09,AGGREGATOR|research-node|akshare@1.18.97|stock_margin_detail_sse,2024-05-09,,2026-09-26T08:12:41.916499+00:00,2024-05-10,CONSERVATIVE_T1,margin_sse,600196,True
2024-05-09,AGGREGATOR|research-node|akshare@1.18.97|stock_margin_detail_sse,2024-05-09,,2026-09-26T08:12:41.916499+00:00,2024-05-10,CONSERVATIVE_T1,margin_sse,600269,True
2024-05-09,AGGREGATOR|research-node|akshare@1.18.97|stock_margin_detail_sse,2024-05-09,,2026-09-26T08:12:41.916499+00:00,2024-05-10,CONSERVATIVE_T1,margin_sse,600377,True
2024-05-09,AGGREGATOR|research-node|akshare@1.18.97|stock_margin_detail_sse,2024-05-09,,2026-09-26T08:12:41.916499+00:00,2024-05-10,CONSERVATIVE_T1,margin_sse,600567,True
2024-05-09,AGGREGATOR|research-node|akshare@1.18.97|stock_margin_detail_sse,2024-05-09,,2026-09-26T08:12:41.916499+00:00,2024-05-10,CONSERVATIVE_T1,margin_sse,600598,True
2024-05-09,AGGREGATOR|research-node|akshare@1.18.97|stock_margin_detail_sse,2024-05-09,,2026-09-26T08:12:41.916499+00:00,2024-05-10,CONSERVATIVE_T1,margin_sse,600694,True
2024-05-09,AGGREGATOR|research-node|akshare@1.18.97|stock_margin_detail_sse,2024-05-09,,2026-09-26T08:12:41.916499+00:00,2024-05-10,CONSERVATIVE_T1,margin_sse,601298,True
2024-05-09,AGGREGATOR|research-node|akshare@1.18.97|stock_margin_detail_sse,2024-05-09,,2026-09-26T08:12:41.916499+00:00,2024-05-10,CONSERVATIVE_T1,margin_sse,601328,True
2024-05-09,AGGREGATOR|research-node|akshare@1.18.97|stock_margin_detail_sse,2024-05-09,,2026-09-26T08:12:41.916499+00:00,2024-05-10,CONSERVATIVE_T1,margin_sse,601869,True
2024-05-09,AGGREGATOR|research-node|akshare@1.18.97|stock_margin_detail_sse,2024-05-09,,2026-09-26T08:12:41.916499+00:00,2024-05-10,CONSERVATIVE_T1,margin_sse,601985,True
2024-05-09,AGGREGATOR|research-node|akshare@1.18.97|stock_margin_detail_sse,2024-05-09,,2026-09-26T08:12:41.916499+00:00,2024-05-10,CONSERVATIVE_T1,margin_sse,601988,True
2024-05-09,AGGREGATOR|research-node|akshare@1.18.97|stock_margin_detail_sse,2024-05-09,,2026-09-26T08:12:41.916499+00:00,2024-05-10,CONSERVATIVE_T1,margin_sse,601992,True
2024-05-09,AGGREGATOR|research-node|akshare@1.18.97|stock_margin_detail_sse,2024-05-09,,2026-09-26T08:12:41.916499+00:00,2024-05-10,CONSERVATIVE_T1,margin_sse,688498,True
2024-05-10,AGGREGATOR|research-node|akshare@1.18.97|stock_margin_detail_sse,2024-05-10,,2026-09-26T08:12:46.386119+00:00,2024-05-13,CONSERVATIVE_T1,margin_sse,600196,True
2024-05-10,AGGREGATOR|research-node|akshare@1.18.97|stock_margin_detail_sse,2024-05-10,,2026-09-26T08:12:46.386119+00:00,2024-05-13,CONSERVATIVE_T1,margin_sse,600269,True
2024-05-10,AGGREGATOR|research-node|akshare@1.18.97|stock_margin_detail_sse,2024-05-10,,2026-09-26T08:12:46.386119+00:00,2024-05-13,CONSERVATIVE_T1,margin_sse,600377,True
2024-05-10,AGGREGATOR|research-node|akshare@1.18.97|stock_margin_detail_sse,2024-05-10,,2026-09-26T08:12:46.386119+00:00,2024-05-13,CONSERVATIVE_T1,margin_sse,600567,True
2024-05-10,AGGREGATOR|research-node|akshare@1.18.97|stock_margin_detail_sse,2024-05-10,,2026-09-26T08:12:46.386119+00:00,2024-05-13,CONSERVATIVE_T1,margin_sse,600598,True
2024-05-10,AGGREGATOR|research-node|akshare@1.18.97|stock_margin_detail_sse,2024-05-10,,2026-09-26T08:12:46.386119+00:00,2024-05-13,CONSERVATIVE_T1,margin_sse,600694,True
2024-05-10,AGGREGATOR|research-node|akshare@1.18.97|stock_margin_detail_sse,2024-05-10,,2026-09-26T08:12:46.386119+00:00,2024-05-13,CONSERVATIVE_T1,margin_sse,601298,True
2024-05-10,AGGREGATOR|research-node|akshare@1.18.97|stock_margin_detail_sse,2024-05-10,,2026-09-26T08:12:46.386119+00:00,2024-05-13,CONSERVATIVE_T1,margin_sse,601328,True
2024-05-10,AGGREGATOR|research-node|akshare@1.18.97|stock_margin_detail_sse,2024-05-10,,2026-09-26T08:12:46.386119+00:00,2024-05-13,CONSERVATIVE_T1,margin_sse,601869,True
2024-05-10,AGGREGATOR|research-node|akshare@1.18.97|stock_margin_detail_sse,2024-05-10,,2026-09-26T08:12:46.386119+00:00,2024-05-13,CONSERVATIVE_T1,margin_sse,601985,True
2024-05-10,AGGREGATOR|research-node|akshare@1.18.97|stock_margin_detail_sse,2024-05-10,,2026-09-26T08:12:46.386119+00:00,2024-05-13,CONSERVATIVE_T1,margin_sse,601988,True
2024-05-10,AGGREGATOR|research-node|akshare@1.18.97|stock_margin_detail_sse,2024-05-10,,2026-09-26T08:12:46.386119+00:00,2024-05-13,CONSERVATIVE_T1,margin_sse,601992,True
2024-05-10,AGGREGATOR|research-node|akshare@1.18.97|stock_margin_detail_sse,2024-05-10,,2026-09-26T08:12:46.386119+00:00,2024-05-13,CONSERVATIVE_T1,margin_sse,688498,True
2024-05-13,AGGREGATOR|research-node|akshare@1.18.97|stock_margin_detail_sse,2024-05-13,,2026-09-26T08:12:50.905265+00:00,2024-05-14,CONSERVATIVE_T1,margin_sse,600196,True
2024-05-13,AGGREGATOR|research-node|akshare@1.18.97|stock_margin_detail_sse,2024-05-13,,2026-09-26T08:12:50.905265+00:00,2024-05-14,CONSERVATIVE_T1,margin_sse,600269,True
2024-05-13,AGGREGATOR|research-node|akshare@1.18.97|stock_margin_detail_sse,2024-05-13,,2026-09-26T08:12:50.905265+00:00,2024-05-14,CONSERVATIVE_T1,margin_sse,600377,True
2024-05-13,AGGREGATOR|research-node|akshare@1.18.97|stock_margin_detail_sse,2024-05-13,,2026-09-26T08:12:50.905265+00:00,2024-05-14,CONSERVATIVE_T1,margin_sse,600567,True
2024-05-13,AGGREGATOR|research-node|akshare@1.18.97|stock_margin_detail_sse,2024-05-13,,2026-09-26T08:12:50.905265+00:00,2024-05-14,CONSERVATIVE_T1,margin_sse,600598,True
2024-05-13,AGGREGATOR|research-node|akshare@1.18.97|stock_margin_detail_sse,2024-05-13,,2026-09-26T08:12:50.905265+00:00,2024-05-14,CONSERVATIVE_T1,margin_sse,600694,True
2024-05-13,AGGREGATOR|research-node|akshare@1.18.97|stock_margin_detail_sse,2024-05-13,,2026-09-26T08:12:50.905265+00:00,2024-05-14,CONSERVATIVE_T1,margin_sse,601298,True
2024-05-13,AGGREGATOR|research-node|akshare@1.18.97|stock_margin_detail_sse,2024-05-13,,2026-09-26T08:12:50.905265+00:00,2024-05-14,CONSERVATIVE_T1,margin_sse,601328,True
2024-05-13,AGGREGATOR|research-node|akshare@1.18.97|stock_margin_detail_sse,2024-05-13,,2026-09-26T08:12:50.905265+00:00,2024-05-14,CONSERVATIVE_T1,margin_sse,601869,True
2024-05-13,AGGREGATOR|research-node|akshare@1.18.97|stock_margin_detail_sse,2024-05-13,,2026-09-26T08:12:50.905265+00:00,2024-05-14,CONSERVATIVE_T1,margin_sse,601985,True
2024-05-13,AGGREGATOR|research-node|akshare@1.18.97|stock_margin_detail_sse,2024-05-13,,2026-09-26T08:12:50.905265+00:00,2024-05-14,CONSERVATIVE_T1,margin_sse,601988,True
2024-05-13,AGGREGATOR|research-node|akshare@1.18.97|stock_margin_detail_sse,2024-05-13,,2026-09-26T08:12:50.905265+00:00,2024-05-14,CONSERVATIVE_T1,margin_sse,601992,True
2024-05-13,AGGREGATOR|research-node|akshare@1.18.97|stock_margin_detail_sse,2024-05-13,,2026-09-26T08:12:50.905265+00:00,2024-05-14,CONSERVATIVE_T1,margin_sse,688498,True
2024-05-14,AGGREGATOR|research-node|akshare@1.18.97|stock_margin_detail_sse,2024-05-14,,2026-09-26T08:12:55.352002+00:00,2024-05-15,CONSERVATIVE_T1,margin_sse,600196,True
2024-05-14,AGGREGATOR|research-node|akshare@1.18.97|stock_margin_detail_sse,2024-05-14,,2026-09-26T08:12:55.352002+00:00,2024-05-15,CONSERVATIVE_T1,margin_sse,600269,True
2024-05-14,AGGREGATOR|research-node|akshare@1.18.97|stock_margin_detail_sse,2024-05-14,,2026-09-26T08:12:55.352002+00:00,2024-05-15,CONSERVATIVE_T1,margin_sse,600377,True
2024-05-14,AGGREGATOR|research-node|akshare@1.18.97|stock_margin_detail_sse,2024-05-14,,2026-09-26T08:12:55.352002+00:00,2024-05-15,CONSERVATIVE_T1,margin_sse,600567,True
2024-05-14,AGGREGATOR|research-node|akshare@1.18.97|stock_margin_detail_sse,2024-05-14,,2026-09-26T08:12:55.352002+00:00,2024-05-15,CONSERVATIVE_T1,margin_sse,600598,True
2024-05-14,AGGREGATOR|research-node|akshare@1.18.97|stock_margin_detail_sse,2024-05-14,,2026-09-26T08:12:55.352002+00:00,2024-05-15,CONSERVATIVE_T1,margin_sse,600694,True
2024-05-14,AGGREGATOR|research-node|akshare@1.18.97|stock_margin_detail_sse,2024-05-14,,2026-09-26T08:12:55.352002+00:00,2024-05-15,CONSERVATIVE_T1,margin_sse,601298,True
2024-05-14,AGGREGATOR|research-node|akshare@1.18.97|stock_margin_detail_sse,2024-05-14,,2026-09-26T08:12:55.352002+00:00,2024-05-15,CONSERVATIVE_T1,margin_sse,601328,True
2024-05-14,AGGREGATOR|research-node|akshare@1.18.97|stock_margin_detail_sse,2024-05-14,,2026-09-26T08:12:55.352002+00:00,2024-05-15,CONSERVATIVE_T1,margin_sse,601869,True
2024-05-14,AGGREGATOR|research-node|akshare@1.18.97|stock_margin_detail_sse,2024-05-14,,2026-09-26T08:12:55.352002+00:00,2024-05-15,CONSERVATIVE_T1,margin_sse,601985,True
2024-05-14,AGGREGATOR|research-node|akshare@1.18.97|stock_margin_detail_sse,2024-05-14,,2026-09-26T08:12:55.352002+00:00,2024-05-15,CONSERVATIVE_T1,margin_sse,601988,True
2024-05-14,AGGREGATOR|research-node|akshare@1.18.97|stock_margin_detail_sse,2024-05-14,,2026-09-26T08:12:55.352002+00:00,2024-05-15,CONSERVATIVE_T1,margin_sse,601992,True
2024-05-14,AGGREGATOR|research-node|akshare@1.18.97|stock_margin_detail_sse,2024-05-14,,2026-09-26T08:12:55.352002+00:00,2024-05-15,CONSERVATIVE_T1,margin_sse,688498,True
2024-05-15,AGGREGATOR|research-node|akshare@1.18.97|stock_margin_detail_sse,2024-05-15,,2026-09-26T08:12:59.758636+00:00,2024-05-16,CONSERVATIVE_T1,margin_sse,600196,True
2024-05-15,AGGREGATOR|research-node|akshare@1.18.97|stock_margin_detail_sse,2024-05-15,,2026-09-26T08:12:59.758636+00:00,2024-05-16,CONSERVATIVE_T1,margin_sse,600269,True
2024-05-15,AGGREGATOR|research-node|akshare@1.18.97|stock_margin_detail_sse,2024-05-15,,2026-09-26T08:12:59.758636+00:00,2024-05-16,CONSERVATIVE_T1,margin_sse,600377,True
2024-05-15,AGGREGATOR|research-node|akshare@1.18.97|stock_margin_detail_sse,2024-05-15,,2026-09-26T08:12:59.758636+00:00,2024-05-16,CONSERVATIVE_T1,margin_sse,600567,True
2024-05-15,AGGREGATOR|research-node|akshare@1.18.97|stock_margin_detail_sse,2024-05-15,,2026-09-26T08:12:59.758636+00:00,2024-05-16,CONSERVATIVE_T1,margin_sse,600598,True
2024-05-15,AGGREGATOR|research-node|akshare@1.18.97|stock_margin_detail_sse,2024-05-15,,2026-09-26T08:12:59.758636+00:00,2024-05-16,CONSERVATIVE_T1,margin_sse,600694,True
2024-05-15,AGGREGATOR|research-node|akshare@1.18.97|stock_margin_detail_sse,2024-05-15,,2026-09-26T08:12:59.758636+00:00,2024-05-16,CONSERVATIVE_T1,margin_sse,601298,True
2024-05-15,AGGREGATOR|research-node|akshare@1.18.97|stock_margin_detail_sse,2024-05-15,,2026-09-26T08:12:59.758636+00:00,2024-05-16,CONSERVATIVE_T1,margin_sse,601328,True
2024-05-15,AGGREGATOR|research-node|akshare@1.18.97|stock_margin_detail_sse,2024-05-15,,2026-09-26T08:12:59.758636+00:00,2024-05-16,CONSERVATIVE_T1,margin_sse,601869,True
2024-05-15,AGGREGATOR|research-node|akshare@1.18.97|stock_margin_detail_sse,2024-05-15,,2026-09-26T08:12:59.758636+00:00,2024-05-16,CONSERVATIVE_T1,margin_sse,601985,True
2024-05-15,AGGREGATOR|research-node|akshare@1.18.97|stock_margin_detail_sse,2024-05-15,,2026-09-26T08:12:59.758636+00:00,2024-05-16,CONSERVATIVE_T1,margin_sse,601988,True
2024-05-15,AGGREGATOR|research-node|akshare@1.18.97|stock_margin_detail_sse,2024-05-15,,2026-09-26T08:12:59.758636+00:00,2024-05-16,CONSERVATIVE_T1,margin_sse,601992,True
2024-05-15,AGGREGATOR|research-node|akshare@1.18.97|stock_margin_detail_sse,2024-05-15,,2026-09-26T08:12:59.758636+00:00,2024-05-16,CONSERVATIVE_T1,margin_sse,688498,True
2024-05-16,AGGREGATOR|research-node|akshare@1.18.97|stock_margin_detail_sse,2024-05-16,,2026-09-26T08:13:04.093995+00:00,2024-05-17,CONSERVATIVE_T1,margin_sse,600196,True
2024-05-16,AGGREGATOR|research-node|akshare@1.18.97|stock_margin_detail_sse,2024-05-16,,2026-09-26T08:13:04.093995+00:00,2024-05-17,CONSERVATIVE_T1,margin_sse,600269,True
2024-05-16,AGGREGATOR|research-node|akshare@1.18.97|stock_margin_detail_sse,2024-05-16,,2026-09-26T08:13:04.093995+00:00,2024-05-17,CONSERVATIVE_T1,margin_sse,600377,True
2024-05-16,AGGREGATOR|research-node|akshare@1.18.97|stock_margin_detail_sse,2024-05-16,,2026-09-26T08:13:04.093995+00:00,2024-05-17,CONSERVATIVE_T1,margin_sse,600567,True
2024-05-16,AGGREGATOR|research-node|akshare@1.18.97|stock_margin_detail_sse,2024-05-16,,2026-09-26T08:13:04.093995+00:00,2024-05-17,CONSERVATIVE_T1,margin_sse,600598,True
2024-05-16,AGGREGATOR|research-node|akshare@1.18.97|stock_margin_detail_sse,2024-05-16,,2026-09-26T08:13:04.093995+00:00,2024-05-17,CONSERVATIVE_T1,margin_sse,600694,True
2024-05-16,AGGREGATOR|research-node|akshare@1.18.97|stock_margin_detail_sse,2024-05-16,,2026-09-26T08:13:04.093995+00:00,2024-05-17,CONSERVATIVE_T1,margin_sse,601298,True
2024-05-16,AGGREGATOR|research-node|akshare@1.18.97|stock_margin_detail_sse,2024-05-16,,2026-09-26T08:13:04.093995+00:00,2024-05-17,CONSERVATIVE_T1,margin_sse,601328,True
2024-05-16,AGGREGATOR|research-node|akshare@1.18.97|stock_margin_detail_sse,2024-05-16,,2026-09-26T08:13:04.093995+00:00,2024-05-17,CONSERVATIVE_T1,margin_sse,601869,True
2024-05-16,AGGREGATOR|research-node|akshare@1.18.97|stock_margin_detail_sse,2024-05-16,,2026-09-26T08:13:04.093995+00:00,2024-05-17,CONSERVATIVE_T1,margin_sse,601985,True
2024-05-16,AGGREGATOR|research-node|akshare@1.18.97|stock_margin_detail_sse,2024-05-16,,2026-09-26T08:13:04.093995+00:00,2024-05-17,CONSERVATIVE_T1,margin_sse,601988,True
2024-05-16,AGGREGATOR|research-node|akshare@1.18.97|stock_margin_detail_sse,2024-05-16,,2026-09-26T08:13:04.093995+00:00,2024-05-17,CONSERVATIVE_T1,margin_sse,601992,True
2024-05-16,AGGREGATOR|research-node|akshare@1.18.97|stock_margin_detail_sse,2024-05-16,,2026-09-26T08:13:04.093995+00:00,2024-05-17,CONSERVATIVE_T1,margin_sse,688498,True
2024-05-17,AGGREGATOR|research-node|akshare@1.18.97|stock_margin_detail_sse,2024-05-17,,2026-09-26T08:13:08.451498+00:00,2024-05-20,CONSERVATIVE_T1,margin_sse,600196,True
2024-05-17,AGGREGATOR|research-node|akshare@1.18.97|stock_margin_detail_sse,2024-05-17,,2026-09-26T08:13:08.451498+00:00,2024-05-20,CONSERVATIVE_T1,margin_sse,600269,True
2024-05-17,AGGREGATOR|research-node|akshare@1.18.97|stock_margin_detail_sse,2024-05-17,,2026-09-26T08:13:08.451498+00:00,2024-05-20,CONSERVATIVE_T1,margin_sse,600377,True
2024-05-17,AGGREGATOR|research-node|akshare@1.18.97|stock_margin_detail_sse,2024-05-17,,2026-09-26T08:13:08.451498+00:00,2024-05-20,CONSERVATIVE_T1,margin_sse,600567,True
2024-05-17,AGGREGATOR|research-node|akshare@1.18.97|stock_margin_detail_sse,2024-05-17,,2026-09-26T08:13:08.451498+00:00,2024-05-20,CONSERVATIVE_T1,margin_sse,600598,True
2024-05-17,AGGREGATOR|research-node|akshare@1.18.97|stock_margin_detail_sse,2024-05-17,,2026-09-26T08:13:08.451498+00:00,2024-05-20,CONSERVATIVE_T1,margin_sse,600694,True
2024-05-17,AGGREGATOR|research-node|akshare@1.18.97|stock_margin_detail_sse,2024-05-17,,2026-09-26T08:13:08.451498+00:00,2024-05-20,CONSERVATIVE_T1,margin_sse,601298,True
2024-05-17,AGGREGATOR|research-node|akshare@1.18.97|stock_margin_detail_sse,2024-05-17,,2026-09-26T08:13:08.451498+00:00,2024-05-20,CONSERVATIVE_T1,margin_sse,601328,True
2024-05-17,AGGREGATOR|research-node|akshare@1.18.97|stock_margin_detail_sse,2024-05-17,,2026-09-26T08:13:08.451498+00:00,2024-05-20,CONSERVATIVE_T1,margin_sse,601869,True
2024-05-17,AGGREGATOR|research-node|akshare@1.18.97|stock_margin_detail_sse,2024-05-17,,2026-09-26T08:13:08.451498+00:00,2024-05-20,CONSERVATIVE_T1,margin_sse,601985,True
2024-05-17,AGGREGATOR|research-node|akshare@1.18.97|stock_margin_detail_sse,2024-05-17,,2026-09-26T08:13:08.451498+00:00,2024-05-20,CONSERVATIVE_T1,margin_sse,601988,True
2024-05-17,AGGREGATOR|research-node|akshare@1.18.97|stock_margin_detail_sse,2024-05-17,,2026-09-26T08:13:08.451498+00:00,2024-05-20,CONSERVATIVE_T1,margin_sse,601992,True
2024-05-17,AGGREGATOR|research-node|akshare@1.18.97|stock_margin_detail_sse,2024-05-17,,2026-09-26T08:13:08.451498+00:00,2024-05-20,CONSERVATIVE_T1,margin_sse,688498,True
2024-05-20,AGGREGATOR|research-node|akshare@1.18.97|stock_margin_detail_sse,2024-05-20,,2026-09-26T08:13:12.809195+00:00,2024-05-21,CONSERVATIVE_T1,margin_sse,600196,True
2024-05-20,AGGREGATOR|research-node|akshare@1.18.97|stock_margin_detail_sse,2024-05-20,,2026-09-26T08:13:12.809195+00:00,2024-05-21,CONSERVATIVE_T1,margin_sse,600269,True
2024-05-20,AGGREGATOR|research-node|akshare@1.18.97|stock_margin_detail_sse,2024-05-20,,2026-09-26T08:13:12.809195+00:00,2024-05-21,CONSERVATIVE_T1,margin_sse,600377,True
2024-05-20,AGGREGATOR|research-node|akshare@1.18.97|stock_margin_detail_sse,2024-05-20,,2026-09-26T08:13:12.809195+00:00,2024-05-21,CONSERVATIVE_T1,margin_sse,600567,True
2024-05-20,AGGREGATOR|research-node|akshare@1.18.97|stock_margin_detail_sse,2024-05-20,,2026-09-26T08:13:12.809195+00:00,2024-05-21,CONSERVATIVE_T1,margin_sse,600598,True
2024-05-20,AGGREGATOR|research-node|akshare@1.18.97|stock_margin_detail_sse,2024-05-20,,2026-09-26T08:13:12.809195+00:00,2024-05-21,CONSERVATIVE_T1,margin_sse,600694,True
2024-05-20,AGGREGATOR|research-node|akshare@1.18.97|stock_margin_detail_sse,2024-05-20,,2026-09-26T08:13:12.809195+00:00,2024-05-21,CONSERVATIVE_T1,margin_sse,601298,True
2024-05-20,AGGREGATOR|research-node|akshare@1.18.97|stock_margin_detail_sse,2024-05-20,,2026-09-26T08:13:12.809195+00:00,2024-05-21,CONSERVATIVE_T1,margin_sse,601328,True
2024-05-20,AGGREGATOR|research-node|akshare@1.18.97|stock_margin_detail_sse,2024-05-20,,2026-09-26T08:13:12.809195+00:00,2024-05-21,CONSERVATIVE_T1,margin_sse,601869,True
2024-05-20,AGGREGATOR|research-node|akshare@1.18.97|stock_margin_detail_sse,2024-05-20,,2026-09-26T08:13:12.809195+00:00,2024-05-21,CONSERVATIVE_T1,margin_sse,601985,True
2024-05-20,AGGREGATOR|research-node|akshare@1.18.97|stock_margin_detail_sse,2024-05-20,,2026-09-26T08:13:12.809195+00:00,2024-05-21,CONSERVATIVE_T1,margin_sse,601988,True
2024-05-20,AGGREGATOR|research-node|akshare@1.18.97|stock_margin_detail_sse,2024-05-20,,2026-09-26T08:13:12.809195+00:00,2024-05-21,CONSERVATIVE_T1,margin_sse,601992,True
2024-05-20,AGGREGATOR|research-node|akshare@1.18.97|stock_margin_detail_sse,2024-05-20,,2026-09-26T08:13:12.809195+00:00,2024-05-21,CONSERVATIVE_T1,margin_sse,688498,True
2024-05-21,AGGREGATOR|research-node|akshare@1.18.97|stock_margin_detail_sse,2024-05-21,,2026-09-26T08:13:17.173805+00:00,2024-05-22,CONSERVATIVE_T1,margin_sse,600196,True
2024-05-21,AGGREGATOR|research-node|akshare@1.18.97|stock_margin_detail_sse,2024-05-21,,2026-09-26T08:13:17.173805+00:00,2024-05-22,CONSERVATIVE_T1,margin_sse,600269,True
2024-05-21,AGGREGATOR|research-node|akshare@1.18.97|stock_margin_detail_sse,2024-05-21,,2026-09-26T08:13:17.173805+00:00,2024-05-22,CONSERVATIVE_T1,margin_sse,600377,True
2024-05-21,AGGREGATOR|research-node|akshare@1.18.97|stock_margin_detail_sse,2024-05-21,,2026-09-26T08:13:17.173805+00:00,2024-05-22,CONSERVATIVE_T1,margin_sse,600567,True
2024-05-21,AGGREGATOR|research-node|akshare@1.18.97|stock_margin_detail_sse,2024-05-21,,2026-09-26T08:13:17.173805+00:00,2024-05-22,CONSERVATIVE_T1,margin_sse,600598,True
2024-05-21,AGGREGATOR|research-node|akshare@1.18.97|stock_margin_detail_sse,2024-05-21,,2026-09-26T08:13:17.173805+00:00,2024-05-22,CONSERVATIVE_T1,margin_sse,600694,True
2024-05-21,AGGREGATOR|research-node|akshare@1.18.97|stock_margin_detail_sse,2024-05-21,,2026-09-26T08:13:17.173805+00:00,2024-05-22,CONSERVATIVE_T1,margin_sse,601298,True
2024-05-21,AGGREGATOR|research-node|akshare@1.18.97|stock_margin_detail_sse,2024-05-21,,2026-09-26T08:13:17.173805+00:00,2024-05-22,CONSERVATIVE_T1,margin_sse,601328,True
2024-05-21,AGGREGATOR|research-node|akshare@1.18.97|stock_margin_detail_sse,2024-05-21,,2026-09-26T08:13:17.173805+00:00,2024-05-22,CONSERVATIVE_T1,margin_sse,601869,True
2024-05-21,AGGREGATOR|research-node|akshare@1.18.97|stock_margin_detail_sse,2024-05-21,,2026-09-26T08:13:17.173805+00:00,2024-05-22,CONSERVATIVE_T1,margin_sse,601985,True
2024-05-21,AGGREGATOR|research-node|akshare@1.18.97|stock_margin_detail_sse,2024-05-21,,2026-09-26T08:13:17.173805+00:00,2024-05-22,CONSERVATIVE_T1,margin_sse,601988,True
2024-05-21,AGGREGATOR|research-node|akshare@1.18.97|stock_margin_detail_sse,2024-05-21,,2026-09-26T08:13:17.173805+00:00,2024-05-22,CONSERVATIVE_T1,margin_sse,601992,True
2024-05-21,AGGREGATOR|research-node|akshare@1.18.97|stock_margin_detail_sse,2024-05-21,,2026-09-26T08:13:17.173805+00:00,2024-05-22,CONSERVATIVE_T1,margin_sse,688498,True
2024-05-22,AGGREGATOR|research-node|akshare@1.18.97|stock_margin_detail_sse,2024-05-22,,2026-09-26T08:13:21.760126+00:00,2024-05-23,CONSERVATIVE_T1,margin_sse,600196,True
2024-05-22,AGGREGATOR|research-node|akshare@1.18.97|stock_margin_detail_sse,2024-05-22,,2026-09-26T08:13:21.760126+00:00,2024-05-23,CONSERVATIVE_T1,margin_sse,600269,True
2024-05-22,AGGREGATOR|research-node|akshare@1.18.97|stock_margin_detail_sse,2024-05-22,,2026-09-26T08:13:21.760126+00:00,2024-05-23,CONSERVATIVE_T1,margin_sse,600377,True
2024-05-22,AGGREGATOR|research-node|akshare@1.18.97|stock_margin_detail_sse,2024-05-22,,2026-09-26T08:13:21.760126+00:00,2024-05-23,CONSERVATIVE_T1,margin_sse,600567,True
2024-05-22,AGGREGATOR|research-node|akshare@1.18.97|stock_margin_detail_sse,2024-05-22,,2026-09-26T08:13:21.760126+00:00,2024-05-23,CONSERVATIVE_T1,margin_sse,600598,True
2024-05-22,AGGREGATOR|research-node|akshare@1.18.97|stock_margin_detail_sse,2024-05-22,,2026-09-26T08:13:21.760126+00:00,2024-05-23,CONSERVATIVE_T1,margin_sse,600694,True
2024-05-22,AGGREGATOR|research-node|akshare@1.18.97|stock_margin_detail_sse,2024-05-22,,2026-09-26T08:13:21.760126+00:00,2024-05-23,CONSERVATIVE_T1,margin_sse,601298,True
2024-05-22,AGGREGATOR|research-node|akshare@1.18.97|stock_margin_detail_sse,2024-05-22,,2026-09-26T08:13:21.760126+00:00,2024-05-23,CONSERVATIVE_T1,margin_sse,601328,True
2024-05-22,AGGREGATOR|research-node|akshare@1.18.97|stock_margin_detail_sse,2024-05-22,,2026-09-26T08:13:21.760126+00:00,2024-05-23,CONSERVATIVE_T1,margin_sse,601869,True
2024-05-22,AGGREGATOR|research-node|akshare@1.18.97|stock_margin_detail_sse,2024-05-22,,2026-09-26T08:13:21.760126+00:00,2024-05-23,CONSERVATIVE_T1,margin_sse,601985,True
2024-05-22,AGGREGATOR|research-node|akshare@1.18.97|stock_margin_detail_sse,2024-05-22,,2026-09-26T08:13:21.760126+00:00,2024-05-23,CONSERVATIVE_T1,margin_sse,601988,True
2024-05-22,AGGREGATOR|research-node|akshare@1.18.97|stock_margin_detail_sse,2024-05-22,,2026-09-26T08:13:21.760126+00:00,2024-05-23,CONSERVATIVE_T1,margin_sse,601992,True
2024-05-22,AGGREGATOR|research-node|akshare@1.18.97|stock_margin_detail_sse,2024-05-22,,2026-09-26T08:13:21.760126+00:00,2024-05-23,CONSERVATIVE_T1,margin_sse,688498,True
2024-05-23,AGGREGATOR|research-node|akshare@1.18.97|stock_margin_detail_sse,2024-05-23,,2026-09-26T08:13:26.132914+00:00,2024-05-24,CONSERVATIVE_T1,margin_sse,600196,True
2024-05-23,AGGREGATOR|research-node|akshare@1.18.97|stock_margin_detail_sse,2024-05-23,,2026-09-26T08:13:26.132914+00:00,2024-05-24,CONSERVATIVE_T1,margin_sse,600269,True
2024-05-23,AGGREGATOR|research-node|akshare@1.18.97|stock_margin_detail_sse,2024-05-23,,2026-09-26T08:13:26.132914+00:00,2024-05-24,CONSERVATIVE_T1,margin_sse,600567,True
2024-05-23,AGGREGATOR|research-node|akshare@1.18.97|stock_margin_detail_sse,2024-05-23,,2026-09-26T08:13:26.132914+00:00,2024-05-24,CONSERVATIVE_T1,margin_sse,600598,True
2024-05-23,AGGREGATOR|research-node|akshare@1.18.97|stock_margin_detail_sse,2024-05-23,,2026-09-26T08:13:26.132914+00:00,2024-05-24,CONSERVATIVE_T1,margin_sse,600694,True
2024-05-23,AGGREGATOR|research-node|akshare@1.18.97|stock_margin_detail_sse,2024-05-23,,2026-09-26T08:13:26.132914+00:00,2024-05-24,CONSERVATIVE_T1,margin_sse,601328,True
2024-05-23,AGGREGATOR|research-node|akshare@1.18.97|stock_margin_detail_sse,2024-05-23,,2026-09-26T08:13:26.132914+00:00,2024-05-24,CONSERVATIVE_T1,margin_sse,601869,True
2024-05-23,AGGREGATOR|research-node|akshare@1.18.97|stock_margin_detail_sse,2024-05-23,,2026-09-26T08:13:26.132914+00:00,2024-05-24,CONSERVATIVE_T1,margin_sse,601985,True
2024-05-23,AGGREGATOR|research-node|akshare@1.18.97|stock_margin_detail_sse,2024-05-23,,2026-09-26T08:13:26.132914+00:00,2024-05-24,CONSERVATIVE_T1,margin_sse,601992,True
2024-05-23,AGGREGATOR|research-node|akshare@1.18.97|stock_margin_detail_sse,2024-05-23,,2026-09-26T08:13:26.132914+00:00,2024-05-24,CONSERVATIVE_T1,margin_sse,688498,True
2024-05-24,AGGREGATOR|research-node|akshare@1.18.97|stock_margin_detail_sse,2024-05-24,,2026-09-26T08:13:30.544362+00:00,2024-05-27,CONSERVATIVE_T1,margin_sse,600196,True
2024-05-24,AGGREGATOR|research-node|akshare@1.18.97|stock_margin_detail_sse,2024-05-24,,2026-09-26T08:13:30.544362+00:00,2024-05-27,CONSERVATIVE_T1,margin_sse,600269,True
2024-05-24,AGGREGATOR|research-node|akshare@1.18.97|stock_margin_detail_sse,2024-05-24,,2026-09-26T08:13:30.544362+00:00,2024-05-27,CONSERVATIVE_T1,margin_sse,600567,True
2024-05-24,AGGREGATOR|research-node|akshare@1.18.97|stock_margin_detail_sse,2024-05-24,,2026-09-26T08:13:30.544362+00:00,2024-05-27,CONSERVATIVE_T1,margin_sse,600598,True
2024-05-24,AGGREGATOR|research-node|akshare@1.18.97|stock_margin_detail_sse,2024-05-24,,2026-09-26T08:13:30.544362+00:00,2024-05-27,CONSERVATIVE_T1,margin_sse,600694,True
2024-05-24,AGGREGATOR|research-node|akshare@1.18.97|stock_margin_detail_sse,2024-05-24,,2026-09-26T08:13:30.544362+00:00,2024-05-27,CONSERVATIVE_T1,margin_sse,601328,True
2024-05-24,AGGREGATOR|research-node|akshare@1.18.97|stock_margin_detail_sse,2024-05-24,,2026-09-26T08:13:30.544362+00:00,2024-05-27,CONSERVATIVE_T1,margin_sse,601869,True
2024-05-24,AGGREGATOR|research-node|akshare@1.18.97|stock_margin_detail_sse,2024-05-24,,2026-09-26T08:13:30.544362+00:00,2024-05-27,CONSERVATIVE_T1,margin_sse,601985,True
2024-05-24,AGGREGATOR|research-node|akshare@1.18.97|stock_margin_detail_sse,2024-05-24,,2026-09-26T08:13:30.544362+00:00,2024-05-27,CONSERVATIVE_T1,margin_sse,601992,True
2024-05-24,AGGREGATOR|research-node|akshare@1.18.97|stock_margin_detail_sse,2024-05-24,,2026-09-26T08:13:30.544362+00:00,2024-05-27,CONSERVATIVE_T1,margin_sse,688498,True
2024-05-27,AGGREGATOR|research-node|akshare@1.18.97|stock_margin_detail_sse,2024-05-27,,2026-09-26T08:13:34.958292+00:00,2024-05-28,CONSERVATIVE_T1,margin_sse,600196,True
2024-05-27,AGGREGATOR|research-node|akshare@1.18.97|stock_margin_detail_sse,2024-05-27,,2026-09-26T08:13:34.958292+00:00,2024-05-28,CONSERVATIVE_T1,margin_sse,600269,True
2024-05-27,AGGREGATOR|research-node|akshare@1.18.97|stock_margin_detail_sse,2024-05-27,,2026-09-26T08:13:34.958292+00:00,2024-05-28,CONSERVATIVE_T1,margin_sse,600567,True
2024-05-27,AGGREGATOR|research-node|akshare@1.18.97|stock_margin_detail_sse,2024-05-27,,2026-09-26T08:13:34.958292+00:00,2024-05-28,CONSERVATIVE_T1,margin_sse,600598,True
2024-05-27,AGGREGATOR|research-node|akshare@1.18.97|stock_margin_detail_sse,2024-05-27,,2026-09-26T08:13:34.958292+00:00,2024-05-28,CONSERVATIVE_T1,margin_sse,600694,True
2024-05-27,AGGREGATOR|research-node|akshare@1.18.97|stock_margin_detail_sse,2024-05-27,,2026-09-26T08:13:34.958292+00:00,2024-05-28,CONSERVATIVE_T1,margin_sse,601328,True
2024-05-27,AGGREGATOR|research-node|akshare@1.18.97|stock_margin_detail_sse,2024-05-27,,2026-09-26T08:13:34.958292+00:00,2024-05-28,CONSERVATIVE_T1,margin_sse,601869,True
2024-05-27,AGGREGATOR|research-node|akshare@1.18.97|stock_margin_detail_sse,2024-05-27,,2026-09-26T08:13:34.958292+00:00,2024-05-28,CONSERVATIVE_T1,margin_sse,601985,True
2024-05-27,AGGREGATOR|research-node|akshare@1.18.97|stock_margin_detail_sse,2024-05-27,,2026-09-26T08:13:34.958292+00:00,2024-05-28,CONSERVATIVE_T1,margin_sse,601992,True
2024-05-27,AGGREGATOR|research-node|akshare@1.18.97|stock_margin_detail_sse,2024-05-27,,2026-09-26T08:13:34.958292+00:00,2024-05-28,CONSERVATIVE_T1,margin_sse,688498,True
2024-05-28,AGGREGATOR|research-node|akshare@1.18.97|stock_margin_detail_sse,2024-05-28,,2026-09-26T08:13:39.320604+00:00,2024-05-29,CONSERVATIVE_T1,margin_sse,600196,True
2024-05-28,AGGREGATOR|research-node|akshare@1.18.97|stock_margin_detail_sse,2024-05-28,,2026-09-26T08:13:39.320604+00:00,2024-05-29,CONSERVATIVE_T1,margin_sse,600269,True
2024-05-28,AGGREGATOR|research-node|akshare@1.18.97|stock_margin_detail_sse,2024-05-28,,2026-09-26T08:13:39.320604+00:00,2024-05-29,CONSERVATIVE_T1,margin_sse,600567,True
2024-05-28,AGGREGATOR|research-node|akshare@1.18.97|stock_margin_detail_sse,2024-05-28,,2026-09-26T08:13:39.320604+00:00,2024-05-29,CONSERVATIVE_T1,margin_sse,600598,True
2024-05-28,AGGREGATOR|research-node|akshare@1.18.97|stock_margin_detail_sse,2024-05-28,,2026-09-26T08:13:39.320604+00:00,2024-05-29,CONSERVATIVE_T1,margin_sse,600694,True
2024-05-28,AGGREGATOR|research-node|akshare@1.18.97|stock_margin_detail_sse,2024-05-28,,2026-09-26T08:13:39.320604+00:00,2024-05-29,CONSERVATIVE_T1,margin_sse,601328,True
2024-05-28,AGGREGATOR|research-node|akshare@1.18.97|stock_margin_detail_sse,2024-05-28,,2026-09-26T08:13:39.320604+00:00,2024-05-29,CONSERVATIVE_T1,margin_sse,601869,True
2024-05-28,AGGREGATOR|research-node|akshare@1.18.97|stock_margin_detail_sse,2024-05-28,,2026-09-26T08:13:39.320604+00:00,2024-05-29,CONSERVATIVE_T1,margin_sse,601985,True
2024-05-28,AGGREGATOR|research-node|akshare@1.18.97|stock_margin_detail_sse,2024-05-28,,2026-09-26T08:13:39.320604+00:00,2024-05-29,CONSERVATIVE_T1,margin_sse,601992,True
2024-05-28,AGGREGATOR|research-node|akshare@1.18.97|stock_margin_detail_sse,2024-05-28,,2026-09-26T08:13:39.320604+00:00,2024-05-29,CONSERVATIVE_T1,margin_sse,688498,True
2024-05-29,AGGREGATOR|research-node|akshare@1.18.97|stock_margin_detail_sse,2024-05-29,,2026-09-26T08:13:43.675871+00:00,2024-05-30,CONSERVATIVE_T1,margin_sse,600196,True
2024-05-29,AGGREGATOR|research-node|akshare@1.18.97|stock_margin_detail_sse,2024-05-29,,2026-09-26T08:13:43.675871+00:00,2024-05-30,CONSERVATIVE_T1,margin_sse,600269,True
2024-05-29,AGGREGATOR|research-node|akshare@1.18.97|stock_margin_detail_sse,2024-05-29,,2026-09-26T08:13:43.675871+00:00,2024-05-30,CONSERVATIVE_T1,margin_sse,600567,True
2024-05-29,AGGREGATOR|research-node|akshare@1.18.97|stock_margin_detail_sse,2024-05-29,,2026-09-26T08:13:43.675871+00:00,2024-05-30,CONSERVATIVE_T1,margin_sse,600598,True
2024-05-29,AGGREGATOR|research-node|akshare@1.18.97|stock_margin_detail_sse,2024-05-29,,2026-09-26T08:13:43.675871+00:00,2024-05-30,CONSERVATIVE_T1,margin_sse,600694,True
2024-05-29,AGGREGATOR|research-node|akshare@1.18.97|stock_margin_detail_sse,2024-05-29,,2026-09-26T08:13:43.675871+00:00,2024-05-30,CONSERVATIVE_T1,margin_sse,601328,True
2024-05-29,AGGREGATOR|research-node|akshare@1.18.97|stock_margin_detail_sse,2024-05-29,,2026-09-26T08:13:43.675871+00:00,2024-05-30,CONSERVATIVE_T1,margin_sse,601869,True
2024-05-29,AGGREGATOR|research-node|akshare@1.18.97|stock_margin_detail_sse,2024-05-29,,2026-09-26T08:13:43.675871+00:00,2024-05-30,CONSERVATIVE_T1,margin_sse,601985,True
2024-05-29,AGGREGATOR|research-node|akshare@1.18.97|stock_margin_detail_sse,2024-05-29,,2026-09-26T08:13:43.675871+00:00,2024-05-30,CONSERVATIVE_T1,margin_sse,601992,True
2024-05-29,AGGREGATOR|research-node|akshare@1.18.97|stock_margin_detail_sse,2024-05-29,,2026-09-26T08:13:43.675871+00:00,2024-05-30,CONSERVATIVE_T1,margin_sse,688498,True
2024-05-30,AGGREGATOR|research-node|akshare@1.18.97|stock_margin_detail_sse,2024-05-30,,2026-09-26T08:13:48.037830+00:00,2024-05-31,CONSERVATIVE_T1,margin_sse,600196,True
2024-05-30,AGGREGATOR|research-node|akshare@1.18.97|stock_margin_detail_sse,2024-05-30,,2026-09-26T08:13:48.037830+00:00,2024-05-31,CONSERVATIVE_T1,margin_sse,600269,True
2024-05-30,AGGREGATOR|research-node|akshare@1.18.97|stock_margin_detail_sse,2024-05-30,,2026-09-26T08:13:48.037830+00:00,2024-05-31,CONSERVATIVE_T1,margin_sse,600567,True
2024-05-30,AGGREGATOR|research-node|akshare@1.18.97|stock_margin_detail_sse,2024-05-30,,2026-09-26T08:13:48.037830+00:00,2024-05-31,CONSERVATIVE_T1,margin_sse,600598,True
2024-05-30,AGGREGATOR|research-node|akshare@1.18.97|stock_margin_detail_sse,2024-05-30,,2026-09-26T08:13:48.037830+00:00,2024-05-31,CONSERVATIVE_T1,margin_sse,600694,True
2024-05-30,AGGREGATOR|research-node|akshare@1.18.97|stock_margin_detail_sse,2024-05-30,,2026-09-26T08:13:48.037830+00:00,2024-05-31,CONSERVATIVE_T1,margin_sse,601328,True
2024-05-30,AGGREGATOR|research-node|akshare@1.18.97|stock_margin_detail_sse,2024-05-30,,2026-09-26T08:13:48.037830+00:00,2024-05-31,CONSERVATIVE_T1,margin_sse,601869,True
2024-05-30,AGGREGATOR|research-node|akshare@1.18.97|stock_margin_detail_sse,2024-05-30,,2026-09-26T08:13:48.037830+00:00,2024-05-31,CONSERVATIVE_T1,margin_sse,601985,True
2024-05-30,AGGREGATOR|research-node|akshare@1.18.97|stock_margin_detail_sse,2024-05-30,,2026-09-26T08:13:48.037830+00:00,2024-05-31,CONSERVATIVE_T1,margin_sse,601992,True
2024-05-30,AGGREGATOR|research-node|akshare@1.18.97|stock_margin_detail_sse,2024-05-30,,2026-09-26T08:13:48.037830+00:00,2024-05-31,CONSERVATIVE_T1,margin_sse,688498,True
2024-05-31,AGGREGATOR|research-node|akshare@1.18.97|stock_margin_detail_sse,2024-05-31,,2026-09-26T08:13:52.430545+00:00,2024-06-03,CONSERVATIVE_T1,margin_sse,600196,True
2024-05-31,AGGREGATOR|research-node|akshare@1.18.97|stock_margin_detail_sse,2024-05-31,,2026-09-26T08:13:52.430545+00:00,2024-06-03,CONSERVATIVE_T1,margin_sse,600269,True
2024-05-31,AGGREGATOR|research-node|akshare@1.18.97|stock_margin_detail_sse,2024-05-31,,2026-09-26T08:13:52.430545+00:00,2024-06-03,CONSERVATIVE_T1,margin_sse,600567,True
2024-05-31,AGGREGATOR|research-node|akshare@1.18.97|stock_margin_detail_sse,2024-05-31,,2026-09-26T08:13:52.430545+00:00,2024-06-03,CONSERVATIVE_T1,margin_sse,600598,True
2024-05-31,AGGREGATOR|research-node|akshare@1.18.97|stock_margin_detail_sse,2024-05-31,,2026-09-26T08:13:52.430545+00:00,2024-06-03,CONSERVATIVE_T1,margin_sse,600694,True
2024-05-31,AGGREGATOR|research-node|akshare@1.18.97|stock_margin_detail_sse,2024-05-31,,2026-09-26T08:13:52.430545+00:00,2024-06-03,CONSERVATIVE_T1,margin_sse,601328,True
2024-05-31,AGGREGATOR|research-node|akshare@1.18.97|stock_margin_detail_sse,2024-05-31,,2026-09-26T08:13:52.430545+00:00,2024-06-03,CONSERVATIVE_T1,margin_sse,601869,True
2024-05-31,AGGREGATOR|research-node|akshare@1.18.97|stock_margin_detail_sse,2024-05-31,,2026-09-26T08:13:52.430545+00:00,2024-06-03,CONSERVATIVE_T1,margin_sse,601985,True
2024-05-31,AGGREGATOR|research-node|akshare@1.18.97|stock_margin_detail_sse,2024-05-31,,2026-09-26T08:13:52.430545+00:00,2024-06-03,CONSERVATIVE_T1,margin_sse,601992,True
2024-05-31,AGGREGATOR|research-node|akshare@1.18.97|stock_margin_detail_sse,2024-05-31,,2026-09-26T08:13:52.430545+00:00,2024-06-03,CONSERVATIVE_T1,margin_sse,688498,True
2024-06-03,AGGREGATOR|research-node|akshare@1.18.97|stock_margin_detail_sse,2024-06-03,,2026-09-26T08:13:56.778494+00:00,2024-06-04,CONSERVATIVE_T1,margin_sse,600196,True
2024-06-03,AGGREGATOR|research-node|akshare@1.18.97|stock_margin_detail_sse,2024-06-03,,2026-09-26T08:13:56.778494+00:00,2024-06-04,CONSERVATIVE_T1,margin_sse,600269,True
2024-06-03,AGGREGATOR|research-node|akshare@1.18.97|stock_margin_detail_sse,2024-06-03,,2026-09-26T08:13:56.778494+00:00,2024-06-04,CONSERVATIVE_T1,margin_sse,600567,True
2024-06-03,AGGREGATOR|research-node|akshare@1.18.97|stock_margin_detail_sse,2024-06-03,,2026-09-26T08:13:56.778494+00:00,2024-06-04,CONSERVATIVE_T1,margin_sse,600598,True
2024-06-03,AGGREGATOR|research-node|akshare@1.18.97|stock_margin_detail_sse,2024-06-03,,2026-09-26T08:13:56.778494+00:00,2024-06-04,CONSERVATIVE_T1,margin_sse,600694,True
2024-06-03,AGGREGATOR|research-node|akshare@1.18.97|stock_margin_detail_sse,2024-06-03,,2026-09-26T08:13:56.778494+00:00,2024-06-04,CONSERVATIVE_T1,margin_sse,601328,True
2024-06-03,AGGREGATOR|research-node|akshare@1.18.97|stock_margin_detail_sse,2024-06-03,,2026-09-26T08:13:56.778494+00:00,2024-06-04,CONSERVATIVE_T1,margin_sse,601869,True
2024-06-03,AGGREGATOR|research-node|akshare@1.18.97|stock_margin_detail_sse,2024-06-03,,2026-09-26T08:13:56.778494+00:00,2024-06-04,CONSERVATIVE_T1,margin_sse,601985,True
2024-06-03,AGGREGATOR|research-node|akshare@1.18.97|stock_margin_detail_sse,2024-06-03,,2026-09-26T08:13:56.778494+00:00,2024-06-04,CONSERVATIVE_T1,margin_sse,601992,True
2024-06-03,AGGREGATOR|research-node|akshare@1.18.97|stock_margin_detail_sse,2024-06-03,,2026-09-26T08:13:56.778494+00:00,2024-06-04,CONSERVATIVE_T1,margin_sse,688498,True
2024-06-04,AGGREGATOR|research-node|akshare@1.18.97|stock_margin_detail_sse,2024-06-04,,2026-09-26T08:14:01.154811+00:00,2024-06-05,CONSERVATIVE_T1,margin_sse,600196,True
2024-06-04,AGGREGATOR|research-node|akshare@1.18.97|stock_margin_detail_sse,2024-06-04,,2026-09-26T08:14:01.154811+00:00,2024-06-05,CONSERVATIVE_T1,margin_sse,600269,True
2024-06-04,AGGREGATOR|research-node|akshare@1.18.97|stock_margin_detail_sse,2024-06-04,,2026-09-26T08:14:01.154811+00:00,2024-06-05,CONSERVATIVE_T1,margin_sse,600567,True
2024-06-04,AGGREGATOR|research-node|akshare@1.18.97|stock_margin_detail_sse,2024-06-04,,2026-09-26T08:14:01.154811+00:00,2024-06-05,CONSERVATIVE_T1,margin_sse,600598,True
2024-06-04,AGGREGATOR|research-node|akshare@1.18.97|stock_margin_detail_sse,2024-06-04,,2026-09-26T08:14:01.154811+00:00,2024-06-05,CONSERVATIVE_T1,margin_sse,600694,True
2024-06-04,AGGREGATOR|research-node|akshare@1.18.97|stock_margin_detail_sse,2024-06-04,,2026-09-26T08:14:01.154811+00:00,2024-06-05,CONSERVATIVE_T1,margin_sse,601328,True
2024-06-04,AGGREGATOR|research-node|akshare@1.18.97|stock_margin_detail_sse,2024-06-04,,2026-09-26T08:14:01.154811+00:00,2024-06-05,CONSERVATIVE_T1,margin_sse,601869,True
2024-06-04,AGGREGATOR|research-node|akshare@1.18.97|stock_margin_detail_sse,2024-06-04,,2026-09-26T08:14:01.154811+00:00,2024-06-05,CONSERVATIVE_T1,margin_sse,601985,True
2024-06-04,AGGREGATOR|research-node|akshare@1.18.97|stock_margin_detail_sse,2024-06-04,,2026-09-26T08:14:01.154811+00:00,2024-06-05,CONSERVATIVE_T1,margin_sse,601992,True
2024-06-04,AGGREGATOR|research-node|akshare@1.18.97|stock_margin_detail_sse,2024-06-04,,2026-09-26T08:14:01.154811+00:00,2024-06-05,CONSERVATIVE_T1,margin_sse,688498,True
2024-06-05,AGGREGATOR|research-node|akshare@1.18.97|stock_margin_detail_sse,2024-06-05,,2026-09-26T08:14:05.544446+00:00,2024-06-06,CONSERVATIVE_T1,margin_sse,600196,True
2024-06-05,AGGREGATOR|research-node|akshare@1.18.97|stock_margin_detail_sse,2024-06-05,,2026-09-26T08:14:05.544446+00:00,2024-06-06,CONSERVATIVE_T1,margin_sse,600269,True
2024-06-05,AGGREGATOR|research-node|akshare@1.18.97|stock_margin_detail_sse,2024-06-05,,2026-09-26T08:14:05.544446+00:00,2024-06-06,CONSERVATIVE_T1,margin_sse,600567,True
2024-06-05,AGGREGATOR|research-node|akshare@1.18.97|stock_margin_detail_sse,2024-06-05,,2026-09-26T08:14:05.544446+00:00,2024-06-06,CONSERVATIVE_T1,margin_sse,600598,True
2024-06-05,AGGREGATOR|research-node|akshare@1.18.97|stock_margin_detail_sse,2024-06-05,,2026-09-26T08:14:05.544446+00:00,2024-06-06,CONSERVATIVE_T1,margin_sse,600694,True
2024-06-05,AGGREGATOR|research-node|akshare@1.18.97|stock_margin_detail_sse,2024-06-05,,2026-09-26T08:14:05.544446+00:00,2024-06-06,CONSERVATIVE_T1,margin_sse,601328,True
2024-06-05,AGGREGATOR|research-node|akshare@1.18.97|stock_margin_detail_sse,2024-06-05,,2026-09-26T08:14:05.544446+00:00,2024-06-06,CONSERVATIVE_T1,margin_sse,601869,True
2024-06-05,AGGREGATOR|research-node|akshare@1.18.97|stock_margin_detail_sse,2024-06-05,,2026-09-26T08:14:05.544446+00:00,2024-06-06,CONSERVATIVE_T1,margin_sse,601985,True
2024-06-05,AGGREGATOR|research-node|akshare@1.18.97|stock_margin_detail_sse,2024-06-05,,2026-09-26T08:14:05.544446+00:00,2024-06-06,CONSERVATIVE_T1,margin_sse,601992,True
2024-06-05,AGGREGATOR|research-node|akshare@1.18.97|stock_margin_detail_sse,2024-06-05,,2026-09-26T08:14:05.544446+00:00,2024-06-06,CONSERVATIVE_T1,margin_sse,688498,True
2024-06-06,AGGREGATOR|research-node|akshare@1.18.97|stock_margin_detail_sse,2024-06-06,,2026-09-26T08:14:09.710732+00:00,2024-06-07,CONSERVATIVE_T1,margin_sse,600196,True
2024-06-06,AGGREGATOR|research-node|akshare@1.18.97|stock_margin_detail_sse,2024-06-06,,2026-09-26T08:14:09.710732+00:00,2024-06-07,CONSERVATIVE_T1,margin_sse,600269,True
2024-06-06,AGGREGATOR|research-node|akshare@1.18.97|stock_margin_detail_sse,2024-06-06,,2026-09-26T08:14:09.710732+00:00,2024-06-07,CONSERVATIVE_T1,margin_sse,600567,True
2024-06-06,AGGREGATOR|research-node|akshare@1.18.97|stock_margin_detail_sse,2024-06-06,,2026-09-26T08:14:09.710732+00:00,2024-06-07,CONSERVATIVE_T1,margin_sse,600598,True
2024-06-06,AGGREGATOR|research-node|akshare@1.18.97|stock_margin_detail_sse,2024-06-06,,2026-09-26T08:14:09.710732+00:00,2024-06-07,CONSERVATIVE_T1,margin_sse,600694,True
2024-06-06,AGGREGATOR|research-node|akshare@1.18.97|stock_margin_detail_sse,2024-06-06,,2026-09-26T08:14:09.710732+00:00,2024-06-07,CONSERVATIVE_T1,margin_sse,601328,True
2024-06-06,AGGREGATOR|research-node|akshare@1.18.97|stock_margin_detail_sse,2024-06-06,,2026-09-26T08:14:09.710732+00:00,2024-06-07,CONSERVATIVE_T1,margin_sse,601869,True
2024-06-06,AGGREGATOR|research-node|akshare@1.18.97|stock_margin_detail_sse,2024-06-06,,2026-09-26T08:14:09.710732+00:00,2024-06-07,CONSERVATIVE_T1,margin_sse,601985,True
2024-06-06,AGGREGATOR|research-node|akshare@1.18.97|stock_margin_detail_sse,2024-06-06,,2026-09-26T08:14:09.710732+00:00,2024-06-07,CONSERVATIVE_T1,margin_sse,601992,True
2024-06-06,AGGREGATOR|research-node|akshare@1.18.97|stock_margin_detail_sse,2024-06-06,,2026-09-26T08:14:09.710732+00:00,2024-06-07,CONSERVATIVE_T1,margin_sse,688498,True
2024-06-07,AGGREGATOR|research-node|akshare@1.18.97|stock_margin_detail_sse,2024-06-07,,2026-09-26T08:14:13.984421+00:00,2024-06-11,CONSERVATIVE_T1,margin_sse,600196,True
2024-06-07,AGGREGATOR|research-node|akshare@1.18.97|stock_margin_detail_sse,2024-06-07,,2026-09-26T08:14:13.984421+00:00,2024-06-11,CONSERVATIVE_T1,margin_sse,600269,True
2024-06-07,AGGREGATOR|research-node|akshare@1.18.97|stock_margin_detail_sse,2024-06-07,,2026-09-26T08:14:13.984421+00:00,2024-06-11,CONSERVATIVE_T1,margin_sse,600567,True
2024-06-07,AGGREGATOR|research-node|akshare@1.18.97|stock_margin_detail_sse,2024-06-07,,2026-09-26T08:14:13.984421+00:00,2024-06-11,CONSERVATIVE_T1,margin_sse,600598,True
2024-06-07,AGGREGATOR|research-node|akshare@1.18.97|stock_margin_detail_sse,2024-06-07,,2026-09-26T08:14:13.984421+00:00,2024-06-11,CONSERVATIVE_T1,margin_sse,600694,True
2024-06-07,AGGREGATOR|research-node|akshare@1.18.97|stock_margin_detail_sse,2024-06-07,,2026-09-26T08:14:13.984421+00:00,2024-06-11,CONSERVATIVE_T1,margin_sse,601328,True
2024-06-07,AGGREGATOR|research-node|akshare@1.18.97|stock_margin_detail_sse,2024-06-07,,2026-09-26T08:14:13.984421+00:00,2024-06-11,CONSERVATIVE_T1,margin_sse,601869,True
2024-06-07,AGGREGATOR|research-node|akshare@1.18.97|stock_margin_detail_sse,2024-06-07,,2026-09-26T08:14:13.984421+00:00,2024-06-11,CONSERVATIVE_T1,margin_sse,601985,True
2024-06-07,AGGREGATOR|research-node|akshare@1.18.97|stock_margin_detail_sse,2024-06-07,,2026-09-26T08:14:13.984421+00:00,2024-06-11,CONSERVATIVE_T1,margin_sse,601992,True
2024-06-07,AGGREGATOR|research-node|akshare@1.18.97|stock_margin_detail_sse,2024-06-07,,2026-09-26T08:14:13.984421+00:00,2024-06-11,CONSERVATIVE_T1,margin_sse,688498,True
2024-06-11,AGGREGATOR|research-node|akshare@1.18.97|stock_margin_detail_sse,2024-06-11,,2026-09-26T08:14:18.169187+00:00,2024-06-12,CONSERVATIVE_T1,margin_sse,600196,True
2024-06-11,AGGREGATOR|research-node|akshare@1.18.97|stock_margin_detail_sse,2024-06-11,,2026-09-26T08:14:18.169187+00:00,2024-06-12,CONSERVATIVE_T1,margin_sse,600269,True
2024-06-11,AGGREGATOR|research-node|akshare@1.18.97|stock_margin_detail_sse,2024-06-11,,2026-09-26T08:14:18.169187+00:00,2024-06-12,CONSERVATIVE_T1,margin_sse,600567,True
2024-06-11,AGGREGATOR|research-node|akshare@1.18.97|stock_margin_detail_sse,2024-06-11,,2026-09-26T08:14:18.169187+00:00,2024-06-12,CONSERVATIVE_T1,margin_sse,600598,True
2024-06-11,AGGREGATOR|research-node|akshare@1.18.97|stock_margin_detail_sse,2024-06-11,,2026-09-26T08:14:18.169187+00:00,2024-06-12,CONSERVATIVE_T1,margin_sse,600694,True
2024-06-11,AGGREGATOR|research-node|akshare@1.18.97|stock_margin_detail_sse,2024-06-11,,2026-09-26T08:14:18.169187+00:00,2024-06-12,CONSERVATIVE_T1,margin_sse,601328,True
2024-06-11,AGGREGATOR|research-node|akshare@1.18.97|stock_margin_detail_sse,2024-06-11,,2026-09-26T08:14:18.169187+00:00,2024-06-12,CONSERVATIVE_T1,margin_sse,601869,True
2024-06-11,AGGREGATOR|research-node|akshare@1.18.97|stock_margin_detail_sse,2024-06-11,,2026-09-26T08:14:18.169187+00:00,2024-06-12,CONSERVATIVE_T1,margin_sse,601985,True
2024-06-11,AGGREGATOR|research-node|akshare@1.18.97|stock_margin_detail_sse,2024-06-11,,2026-09-26T08:14:18.169187+00:00,2024-06-12,CONSERVATIVE_T1,margin_sse,601992,True
2024-06-11,AGGREGATOR|research-node|akshare@1.18.97|stock_margin_detail_sse,2024-06-11,,2026-09-26T08:14:18.169187+00:00,2024-06-12,CONSERVATIVE_T1,margin_sse,688498,True
2024-06-12,AGGREGATOR|research-node|akshare@1.18.97|stock_margin_detail_sse,2024-06-12,,2026-09-26T08:14:22.605122+00:00,2024-06-13,CONSERVATIVE_T1,margin_sse,600196,True
2024-06-12,AGGREGATOR|research-node|akshare@1.18.97|stock_margin_detail_sse,2024-06-12,,2026-09-26T08:14:22.605122+00:00,2024-06-13,CONSERVATIVE_T1,margin_sse,600269,True
2024-06-12,AGGREGATOR|research-node|akshare@1.18.97|stock_margin_detail_sse,2024-06-12,,2026-09-26T08:14:22.605122+00:00,2024-06-13,CONSERVATIVE_T1,margin_sse,600567,True
2024-06-12,AGGREGATOR|research-node|akshare@1.18.97|stock_margin_detail_sse,2024-06-12,,2026-09-26T08:14:22.605122+00:00,2024-06-13,CONSERVATIVE_T1,margin_sse,600598,True
2024-06-12,AGGREGATOR|research-node|akshare@1.18.97|stock_margin_detail_sse,2024-06-12,,2026-09-26T08:14:22.605122+00:00,2024-06-13,CONSERVATIVE_T1,margin_sse,600694,True
2024-06-12,AGGREGATOR|research-node|akshare@1.18.97|stock_margin_detail_sse,2024-06-12,,2026-09-26T08:14:22.605122+00:00,2024-06-13,CONSERVATIVE_T1,margin_sse,601328,True
2024-06-12,AGGREGATOR|research-node|akshare@1.18.97|stock_margin_detail_sse,2024-06-12,,2026-09-26T08:14:22.605122+00:00,2024-06-13,CONSERVATIVE_T1,margin_sse,601869,True
2024-06-12,AGGREGATOR|research-node|akshare@1.18.97|stock_margin_detail_sse,2024-06-12,,2026-09-26T08:14:22.605122+00:00,2024-06-13,CONSERVATIVE_T1,margin_sse,601985,True
2024-06-12,AGGREGATOR|research-node|akshare@1.18.97|stock_margin_detail_sse,2024-06-12,,2026-09-26T08:14:22.605122+00:00,2024-06-13,CONSERVATIVE_T1,margin_sse,601992,True
2024-06-12,AGGREGATOR|research-node|akshare@1.18.97|stock_margin_detail_sse,2024-06-12,,2026-09-26T08:14:22.605122+00:00,2024-06-13,CONSERVATIVE_T1,margin_sse,688498,True
2024-06-13,AGGREGATOR|research-node|akshare@1.18.97|stock_margin_detail_sse,2024-06-13,,2026-09-26T08:14:26.853632+00:00,2024-06-14,CONSERVATIVE_T1,margin_sse,600196,True
2024-06-13,AGGREGATOR|research-node|akshare@1.18.97|stock_margin_detail_sse,2024-06-13,,2026-09-26T08:14:26.853632+00:00,2024-06-14,CONSERVATIVE_T1,margin_sse,600269,True
2024-06-13,AGGREGATOR|research-node|akshare@1.18.97|stock_margin_detail_sse,2024-06-13,,2026-09-26T08:14:26.853632+00:00,2024-06-14,CONSERVATIVE_T1,margin_sse,600567,True
2024-06-13,AGGREGATOR|research-node|akshare@1.18.97|stock_margin_detail_sse,2024-06-13,,2026-09-26T08:14:26.853632+00:00,2024-06-14,CONSERVATIVE_T1,margin_sse,600598,True
2024-06-13,AGGREGATOR|research-node|akshare@1.18.97|stock_margin_detail_sse,2024-06-13,,2026-09-26T08:14:26.853632+00:00,2024-06-14,CONSERVATIVE_T1,margin_sse,600694,True
2024-06-13,AGGREGATOR|research-node|akshare@1.18.97|stock_margin_detail_sse,2024-06-13,,2026-09-26T08:14:26.853632+00:00,2024-06-14,CONSERVATIVE_T1,margin_sse,601328,True
2024-06-13,AGGREGATOR|research-node|akshare@1.18.97|stock_margin_detail_sse,2024-06-13,,2026-09-26T08:14:26.853632+00:00,2024-06-14,CONSERVATIVE_T1,margin_sse,601869,True
2024-06-13,AGGREGATOR|research-node|akshare@1.18.97|stock_margin_detail_sse,2024-06-13,,2026-09-26T08:14:26.853632+00:00,2024-06-14,CONSERVATIVE_T1,margin_sse,601985,True
2024-06-13,AGGREGATOR|research-node|akshare@1.18.97|stock_margin_detail_sse,2024-06-13,,2026-09-26T08:14:26.853632+00:00,2024-06-14,CONSERVATIVE_T1,margin_sse,601992,True
2024-06-13,AGGREGATOR|research-node|akshare@1.18.97|stock_margin_detail_sse,2024-06-13,,2026-09-26T08:14:26.853632+00:00,2024-06-14,CONSERVATIVE_T1,margin_sse,688498,True
2024-06-14,AGGREGATOR|research-node|akshare@1.18.97|stock_margin_detail_sse,2024-06-14,,2026-09-26T08:14:31.193681+00:00,2024-06-17,CONSERVATIVE_T1,margin_sse,600196,True
2024-06-14,AGGREGATOR|research-node|akshare@1.18.97|stock_margin_detail_sse,2024-06-14,,2026-09-26T08:14:31.193681+00:00,2024-06-17,CONSERVATIVE_T1,margin_sse,600269,True
2024-06-14,AGGREGATOR|research-node|akshare@1.18.97|stock_margin_detail_sse,2024-06-14,,2026-09-26T08:14:31.193681+00:00,2024-06-17,CONSERVATIVE_T1,margin_sse,600567,True
2024-06-14,AGGREGATOR|research-node|akshare@1.18.97|stock_margin_detail_sse,2024-06-14,,2026-09-26T08:14:31.193681+00:00,2024-06-17,CONSERVATIVE_T1,margin_sse,600598,True
2024-06-14,AGGREGATOR|research-node|akshare@1.18.97|stock_margin_detail_sse,2024-06-14,,2026-09-26T08:14:31.193681+00:00,2024-06-17,CONSERVATIVE_T1,margin_sse,600694,True
2024-06-14,AGGREGATOR|research-node|akshare@1.18.97|stock_margin_detail_sse,2024-06-14,,2026-09-26T08:14:31.193681+00:00,2024-06-17,CONSERVATIVE_T1,margin_sse,601328,True
2024-06-14,AGGREGATOR|research-node|akshare@1.18.97|stock_margin_detail_sse,2024-06-14,,2026-09-26T08:14:31.193681+00:00,2024-06-17,CONSERVATIVE_T1,margin_sse,601869,True
2024-06-14,AGGREGATOR|research-node|akshare@1.18.97|stock_margin_detail_sse,2024-06-14,,2026-09-26T08:14:31.193681+00:00,2024-06-17,CONSERVATIVE_T1,margin_sse,601985,True
2024-06-14,AGGREGATOR|research-node|akshare@1.18.97|stock_margin_detail_sse,2024-06-14,,2026-09-26T08:14:31.193681+00:00,2024-06-17,CONSERVATIVE_T1,margin_sse,601992,True
2024-06-14,AGGREGATOR|research-node|akshare@1.18.97|stock_margin_detail_sse,2024-06-14,,2026-09-26T08:14:31.193681+00:00,2024-06-17,CONSERVATIVE_T1,margin_sse,688498,True
2024-06-17,AGGREGATOR|research-node|akshare@1.18.97|stock_margin_detail_sse,2024-06-17,,2026-09-26T08:14:35.578838+00:00,2024-06-18,CONSERVATIVE_T1,margin_sse,600196,True
2024-06-17,AGGREGATOR|research-node|akshare@1.18.97|stock_margin_detail_sse,2024-06-17,,2026-09-26T08:14:35.578838+00:00,2024-06-18,CONSERVATIVE_T1,margin_sse,600269,True
2024-06-17,AGGREGATOR|research-node|akshare@1.18.97|stock_margin_detail_sse,2024-06-17,,2026-09-26T08:14:35.578838+00:00,2024-06-18,CONSERVATIVE_T1,margin_sse,600567,True
2024-06-17,AGGREGATOR|research-node|akshare@1.18.97|stock_margin_detail_sse,2024-06-17,,2026-09-26T08:14:35.578838+00:00,2024-06-18,CONSERVATIVE_T1,margin_sse,600598,True
2024-06-17,AGGREGATOR|research-node|akshare@1.18.97|stock_margin_detail_sse,2024-06-17,,2026-09-26T08:14:35.578838+00:00,2024-06-18,CONSERVATIVE_T1,margin_sse,600694,True
2024-06-17,AGGREGATOR|research-node|akshare@1.18.97|stock_margin_detail_sse,2024-06-17,,2026-09-26T08:14:35.578838+00:00,2024-06-18,CONSERVATIVE_T1,margin_sse,601328,True
2024-06-17,AGGREGATOR|research-node|akshare@1.18.97|stock_margin_detail_sse,2024-06-17,,2026-09-26T08:14:35.578838+00:00,2024-06-18,CONSERVATIVE_T1,margin_sse,601869,True
2024-06-17,AGGREGATOR|research-node|akshare@1.18.97|stock_margin_detail_sse,2024-06-17,,2026-09-26T08:14:35.578838+00:00,2024-06-18,CONSERVATIVE_T1,margin_sse,601985,True
2024-06-17,AGGREGATOR|research-node|akshare@1.18.97|stock_margin_detail_sse,2024-06-17,,2026-09-26T08:14:35.578838+00:00,2024-06-18,CONSERVATIVE_T1,margin_sse,601992,True
2024-06-17,AGGREGATOR|research-node|akshare@1.18.97|stock_margin_detail_sse,2024-06-17,,2026-09-26T08:14:35.578838+00:00,2024-06-18,CONSERVATIVE_T1,margin_sse,688498,True
2024-06-18,AGGREGATOR|research-node|akshare@1.18.97|stock_margin_detail_sse,2024-06-18,,2026-09-26T08:14:39.890914+00:00,2024-06-19,CONSERVATIVE_T1,margin_sse,600196,True
2024-06-18,AGGREGATOR|research-node|akshare@1.18.97|stock_margin_detail_sse,2024-06-18,,2026-09-26T08:14:39.890914+00:00,2024-06-19,CONSERVATIVE_T1,margin_sse,600269,True
2024-06-18,AGGREGATOR|research-node|akshare@1.18.97|stock_margin_detail_sse,2024-06-18,,2026-09-26T08:14:39.890914+00:00,2024-06-19,CONSERVATIVE_T1,margin_sse,600567,True
2024-06-18,AGGREGATOR|research-node|akshare@1.18.97|stock_margin_detail_sse,2024-06-18,,2026-09-26T08:14:39.890914+00:00,2024-06-19,CONSERVATIVE_T1,margin_sse,600598,True
2024-06-18,AGGREGATOR|research-node|akshare@1.18.97|stock_margin_detail_sse,2024-06-18,,2026-09-26T08:14:39.890914+00:00,2024-06-19,CONSERVATIVE_T1,margin_sse,600694,True
2024-06-18,AGGREGATOR|research-node|akshare@1.18.97|stock_margin_detail_sse,2024-06-18,,2026-09-26T08:14:39.890914+00:00,2024-06-19,CONSERVATIVE_T1,margin_sse,601328,True
2024-06-18,AGGREGATOR|research-node|akshare@1.18.97|stock_margin_detail_sse,2024-06-18,,2026-09-26T08:14:39.890914+00:00,2024-06-19,CONSERVATIVE_T1,margin_sse,601869,True
2024-06-18,AGGREGATOR|research-node|akshare@1.18.97|stock_margin_detail_sse,2024-06-18,,2026-09-26T08:14:39.890914+00:00,2024-06-19,CONSERVATIVE_T1,margin_sse,601985,True
2024-06-18,AGGREGATOR|research-node|akshare@1.18.97|stock_margin_detail_sse,2024-06-18,,2026-09-26T08:14:39.890914+00:00,2024-06-19,CONSERVATIVE_T1,margin_sse,601992,True
2024-06-18,AGGREGATOR|research-node|akshare@1.18.97|stock_margin_detail_sse,2024-06-18,,2026-09-26T08:14:39.890914+00:00,2024-06-19,CONSERVATIVE_T1,margin_sse,688498,True
2024-06-19,AGGREGATOR|research-node|akshare@1.18.97|stock_margin_detail_sse,2024-06-19,,2026-09-26T08:14:44.322304+00:00,2024-06-20,CONSERVATIVE_T1,margin_sse,600196,True
2024-06-19,AGGREGATOR|research-node|akshare@1.18.97|stock_margin_detail_sse,2024-06-19,,2026-09-26T08:14:44.322304+00:00,2024-06-20,CONSERVATIVE_T1,margin_sse,600269,True
2024-06-19,AGGREGATOR|research-node|akshare@1.18.97|stock_margin_detail_sse,2024-06-19,,2026-09-26T08:14:44.322304+00:00,2024-06-20,CONSERVATIVE_T1,margin_sse,600567,True
2024-06-19,AGGREGATOR|research-node|akshare@1.18.97|stock_margin_detail_sse,2024-06-19,,2026-09-26T08:14:44.322304+00:00,2024-06-20,CONSERVATIVE_T1,margin_sse,600598,True
2024-06-19,AGGREGATOR|research-node|akshare@1.18.97|stock_margin_detail_sse,2024-06-19,,2026-09-26T08:14:44.322304+00:00,2024-06-20,CONSERVATIVE_T1,margin_sse,600694,True
2024-06-19,AGGREGATOR|research-node|akshare@1.18.97|stock_margin_detail_sse,2024-06-19,,2026-09-26T08:14:44.322304+00:00,2024-06-20,CONSERVATIVE_T1,margin_sse,601328,True
2024-06-19,AGGREGATOR|research-node|akshare@1.18.97|stock_margin_detail_sse,2024-06-19,,2026-09-26T08:14:44.322304+00:00,2024-06-20,CONSERVATIVE_T1,margin_sse,601869,True
2024-06-19,AGGREGATOR|research-node|akshare@1.18.97|stock_margin_detail_sse,2024-06-19,,2026-09-26T08:14:44.322304+00:00,2024-06-20,CONSERVATIVE_T1,margin_sse,601985,True
2024-06-19,AGGREGATOR|research-node|akshare@1.18.97|stock_margin_detail_sse,2024-06-19,,2026-09-26T08:14:44.322304+00:00,2024-06-20,CONSERVATIVE_T1,margin_sse,601992,True
2024-06-19,AGGREGATOR|research-node|akshare@1.18.97|stock_margin_detail_sse,2024-06-19,,2026-09-26T08:14:44.322304+00:00,2024-06-20,CONSERVATIVE_T1,margin_sse,688498,True
2024-06-20,AGGREGATOR|research-node|akshare@1.18.97|stock_margin_detail_sse,2024-06-20,,2026-09-26T08:14:48.738512+00:00,2024-06-21,CONSERVATIVE_T1,margin_sse,600196,True
2024-06-20,AGGREGATOR|research-node|akshare@1.18.97|stock_margin_detail_sse,2024-06-20,,2026-09-26T08:14:48.738512+00:00,2024-06-21,CONSERVATIVE_T1,margin_sse,600269,True
2024-06-20,AGGREGATOR|research-node|akshare@1.18.97|stock_margin_detail_sse,2024-06-20,,2026-09-26T08:14:48.738512+00:00,2024-06-21,CONSERVATIVE_T1,margin_sse,600567,True
2024-06-20,AGGREGATOR|research-node|akshare@1.18.97|stock_margin_detail_sse,2024-06-20,,2026-09-26T08:14:48.738512+00:00,2024-06-21,CONSERVATIVE_T1,margin_sse,600598,True
2024-06-20,AGGREGATOR|research-node|akshare@1.18.97|stock_margin_detail_sse,2024-06-20,,2026-09-26T08:14:48.738512+00:00,2024-06-21,CONSERVATIVE_T1,margin_sse,600694,True
2024-06-20,AGGREGATOR|research-node|akshare@1.18.97|stock_margin_detail_sse,2024-06-20,,2026-09-26T08:14:48.738512+00:00,2024-06-21,CONSERVATIVE_T1,margin_sse,601328,True
2024-06-20,AGGREGATOR|research-node|akshare@1.18.97|stock_margin_detail_sse,2024-06-20,,2026-09-26T08:14:48.738512+00:00,2024-06-21,CONSERVATIVE_T1,margin_sse,601869,True
2024-06-20,AGGREGATOR|research-node|akshare@1.18.97|stock_margin_detail_sse,2024-06-20,,2026-09-26T08:14:48.738512+00:00,2024-06-21,CONSERVATIVE_T1,margin_sse,601985,True
2024-06-20,AGGREGATOR|research-node|akshare@1.18.97|stock_margin_detail_sse,2024-06-20,,2026-09-26T08:14:48.738512+00:00,2024-06-21,CONSERVATIVE_T1,margin_sse,601992,True
2024-06-20,AGGREGATOR|research-node|akshare@1.18.97|stock_margin_detail_sse,2024-06-20,,2026-09-26T08:14:48.738512+00:00,2024-06-21,CONSERVATIVE_T1,margin_sse,688498,True
2024-06-21,AGGREGATOR|research-node|akshare@1.18.97|stock_margin_detail_sse,2024-06-21,,2026-09-26T08:14:53.057327+00:00,2024-06-24,CONSERVATIVE_T1,margin_sse,600196,True
2024-06-21,AGGREGATOR|research-node|akshare@1.18.97|stock_margin_detail_sse,2024-06-21,,2026-09-26T08:14:53.057327+00:00,2024-06-24,CONSERVATIVE_T1,margin_sse,600269,True
2024-06-21,AGGREGATOR|research-node|akshare@1.18.97|stock_margin_detail_sse,2024-06-21,,2026-09-26T08:14:53.057327+00:00,2024-06-24,CONSERVATIVE_T1,margin_sse,600567,True
2024-06-21,AGGREGATOR|research-node|akshare@1.18.97|stock_margin_detail_sse,2024-06-21,,2026-09-26T08:14:53.057327+00:00,2024-06-24,CONSERVATIVE_T1,margin_sse,600598,True
2024-06-21,AGGREGATOR|research-node|akshare@1.18.97|stock_margin_detail_sse,2024-06-21,,2026-09-26T08:14:53.057327+00:00,2024-06-24,CONSERVATIVE_T1,margin_sse,600694,True
2024-06-21,AGGREGATOR|research-node|akshare@1.18.97|stock_margin_detail_sse,2024-06-21,,2026-09-26T08:14:53.057327+00:00,2024-06-24,CONSERVATIVE_T1,margin_sse,601328,True
2024-06-21,AGGREGATOR|research-node|akshare@1.18.97|stock_margin_detail_sse,2024-06-21,,2026-09-26T08:14:53.057327+00:00,2024-06-24,CONSERVATIVE_T1,margin_sse,601869,True
2024-06-21,AGGREGATOR|research-node|akshare@1.18.97|stock_margin_detail_sse,2024-06-21,,2026-09-26T08:14:53.057327+00:00,2024-06-24,CONSERVATIVE_T1,margin_sse,601985,True
2024-06-21,AGGREGATOR|research-node|akshare@1.18.97|stock_margin_detail_sse,2024-06-21,,2026-09-26T08:14:53.057327+00:00,2024-06-24,CONSERVATIVE_T1,margin_sse,601992,True
2024-06-21,AGGREGATOR|research-node|akshare@1.18.97|stock_margin_detail_sse,2024-06-21,,2026-09-26T08:14:53.057327+00:00,2024-06-24,CONSERVATIVE_T1,margin_sse,688498,True
2024-06-24,AGGREGATOR|research-node|akshare@1.18.97|stock_margin_detail_sse,2024-06-24,,2026-09-26T08:14:57.407290+00:00,2024-06-25,CONSERVATIVE_T1,margin_sse,600196,True
2024-06-24,AGGREGATOR|research-node|akshare@1.18.97|stock_margin_detail_sse,2024-06-24,,2026-09-26T08:14:57.407290+00:00,2024-06-25,CONSERVATIVE_T1,margin_sse,600269,True
2024-06-24,AGGREGATOR|research-node|akshare@1.18.97|stock_margin_detail_sse,2024-06-24,,2026-09-26T08:14:57.407290+00:00,2024-06-25,CONSERVATIVE_T1,margin_sse,600567,True
2024-06-24,AGGREGATOR|research-node|akshare@1.18.97|stock_margin_detail_sse,2024-06-24,,2026-09-26T08:14:57.407290+00:00,2024-06-25,CONSERVATIVE_T1,margin_sse,600598,True
2024-06-24,AGGREGATOR|research-node|akshare@1.18.97|stock_margin_detail_sse,2024-06-24,,2026-09-26T08:14:57.407290+00:00,2024-06-25,CONSERVATIVE_T1,margin_sse,600694,True
2024-06-24,AGGREGATOR|research-node|akshare@1.18.97|stock_margin_detail_sse,2024-06-24,,2026-09-26T08:14:57.407290+00:00,2024-06-25,CONSERVATIVE_T1,margin_sse,601328,True
2024-06-24,AGGREGATOR|research-node|akshare@1.18.97|stock_margin_detail_sse,2024-06-24,,2026-09-26T08:14:57.407290+00:00,2024-06-25,CONSERVATIVE_T1,margin_sse,601869,True
2024-06-24,AGGREGATOR|research-node|akshare@1.18.97|stock_margin_detail_sse,2024-06-24,,2026-09-26T08:14:57.407290+00:00,2024-06-25,CONSERVATIVE_T1,margin_sse,601985,True
2024-06-24,AGGREGATOR|research-node|akshare@1.18.97|stock_margin_detail_sse,2024-06-24,,2026-09-26T08:14:57.407290+00:00,2024-06-25,CONSERVATIVE_T1,margin_sse,601992,True
2024-06-24,AGGREGATOR|research-node|akshare@1.18.97|stock_margin_detail_sse,2024-06-24,,2026-09-26T08:14:57.407290+00:00,2024-06-25,CONSERVATIVE_T1,margin_sse,688498,True
2024-06-25,AGGREGATOR|research-node|akshare@1.18.97|stock_margin_detail_sse,2024-06-25,,2026-09-26T08:15:01.798221+00:00,2024-06-26,CONSERVATIVE_T1,margin_sse,600196,True
2024-06-25,AGGREGATOR|research-node|akshare@1.18.97|stock_margin_detail_sse,2024-06-25,,2026-09-26T08:15:01.798221+00:00,2024-06-26,CONSERVATIVE_T1,margin_sse,600269,True
2024-06-25,AGGREGATOR|research-node|akshare@1.18.97|stock_margin_detail_sse,2024-06-25,,2026-09-26T08:15:01.798221+00:00,2024-06-26,CONSERVATIVE_T1,margin_sse,600567,True
2024-06-25,AGGREGATOR|research-node|akshare@1.18.97|stock_margin_detail_sse,2024-06-25,,2026-09-26T08:15:01.798221+00:00,2024-06-26,CONSERVATIVE_T1,margin_sse,600598,True
2024-06-25,AGGREGATOR|research-node|akshare@1.18.97|stock_margin_detail_sse,2024-06-25,,2026-09-26T08:15:01.798221+00:00,2024-06-26,CONSERVATIVE_T1,margin_sse,600694,True
2024-06-25,AGGREGATOR|research-node|akshare@1.18.97|stock_margin_detail_sse,2024-06-25,,2026-09-26T08:15:01.798221+00:00,2024-06-26,CONSERVATIVE_T1,margin_sse,601328,True
2024-06-25,AGGREGATOR|research-node|akshare@1.18.97|stock_margin_detail_sse,2024-06-25,,2026-09-26T08:15:01.798221+00:00,2024-06-26,CONSERVATIVE_T1,margin_sse,601869,True
2024-06-25,AGGREGATOR|research-node|akshare@1.18.97|stock_margin_detail_sse,2024-06-25,,2026-09-26T08:15:01.798221+00:00,2024-06-26,CONSERVATIVE_T1,margin_sse,601985,True
2024-06-25,AGGREGATOR|research-node|akshare@1.18.97|stock_margin_detail_sse,2024-06-25,,2026-09-26T08:15:01.798221+00:00,2024-06-26,CONSERVATIVE_T1,margin_sse,601992,True
2024-06-25,AGGREGATOR|research-node|akshare@1.18.97|stock_margin_detail_sse,2024-06-25,,2026-09-26T08:15:01.798221+00:00,2024-06-26,CONSERVATIVE_T1,margin_sse,688498,True
2024-06-26,AGGREGATOR|research-node|akshare@1.18.97|stock_margin_detail_sse,2024-06-26,,2026-09-26T08:15:06.207453+00:00,2024-06-27,CONSERVATIVE_T1,margin_sse,600196,True
2024-06-26,AGGREGATOR|research-node|akshare@1.18.97|stock_margin_detail_sse,2024-06-26,,2026-09-26T08:15:06.207453+00:00,2024-06-27,CONSERVATIVE_T1,margin_sse,600269,True
2024-06-26,AGGREGATOR|research-node|akshare@1.18.97|stock_margin_detail_sse,2024-06-26,,2026-09-26T08:15:06.207453+00:00,2024-06-27,CONSERVATIVE_T1,margin_sse,600567,True
2024-06-26,AGGREGATOR|research-node|akshare@1.18.97|stock_margin_detail_sse,2024-06-26,,2026-09-26T08:15:06.207453+00:00,2024-06-27,CONSERVATIVE_T1,margin_sse,600598,True
2024-06-26,AGGREGATOR|research-node|akshare@1.18.97|stock_margin_detail_sse,2024-06-26,,2026-09-26T08:15:06.207453+00:00,2024-06-27,CONSERVATIVE_T1,margin_sse,600694,True
2024-06-26,AGGREGATOR|research-node|akshare@1.18.97|stock_margin_detail_sse,2024-06-26,,2026-09-26T08:15:06.207453+00:00,2024-06-27,CONSERVATIVE_T1,margin_sse,601328,True
2024-06-26,AGGREGATOR|research-node|akshare@1.18.97|stock_margin_detail_sse,2024-06-26,,2026-09-26T08:15:06.207453+00:00,2024-06-27,CONSERVATIVE_T1,margin_sse,601869,True
2024-06-26,AGGREGATOR|research-node|akshare@1.18.97|stock_margin_detail_sse,2024-06-26,,2026-09-26T08:15:06.207453+00:00,2024-06-27,CONSERVATIVE_T1,margin_sse,601985,True
2024-06-26,AGGREGATOR|research-node|akshare@1.18.97|stock_margin_detail_sse,2024-06-26,,2026-09-26T08:15:06.207453+00:00,2024-06-27,CONSERVATIVE_T1,margin_sse,601992,True
2024-06-26,AGGREGATOR|research-node|akshare@1.18.97|stock_margin_detail_sse,2024-06-26,,2026-09-26T08:15:06.207453+00:00,2024-06-27,CONSERVATIVE_T1,margin_sse,688498,True
2024-06-27,AGGREGATOR|research-node|akshare@1.18.97|stock_margin_detail_sse,2024-06-27,,2026-09-26T08:15:10.570094+00:00,2024-06-28,CONSERVATIVE_T1,margin_sse,600196,True
2024-06-27,AGGREGATOR|research-node|akshare@1.18.97|stock_margin_detail_sse,2024-06-27,,2026-09-26T08:15:10.570094+00:00,2024-06-28,CONSERVATIVE_T1,margin_sse,600269,True
2024-06-27,AGGREGATOR|research-node|akshare@1.18.97|stock_margin_detail_sse,2024-06-27,,2026-09-26T08:15:10.570094+00:00,2024-06-28,CONSERVATIVE_T1,margin_sse,600567,True
2024-06-27,AGGREGATOR|research-node|akshare@1.18.97|stock_margin_detail_sse,2024-06-27,,2026-09-26T08:15:10.570094+00:00,2024-06-28,CONSERVATIVE_T1,margin_sse,600598,True
2024-06-27,AGGREGATOR|research-node|akshare@1.18.97|stock_margin_detail_sse,2024-06-27,,2026-09-26T08:15:10.570094+00:00,2024-06-28,CONSERVATIVE_T1,margin_sse,600694,True
2024-06-27,AGGREGATOR|research-node|akshare@1.18.97|stock_margin_detail_sse,2024-06-27,,2026-09-26T08:15:10.570094+00:00,2024-06-28,CONSERVATIVE_T1,margin_sse,601328,True
2024-06-27,AGGREGATOR|research-node|akshare@1.18.97|stock_margin_detail_sse,2024-06-27,,2026-09-26T08:15:10.570094+00:00,2024-06-28,CONSERVATIVE_T1,margin_sse,601869,True
2024-06-27,AGGREGATOR|research-node|akshare@1.18.97|stock_margin_detail_sse,2024-06-27,,2026-09-26T08:15:10.570094+00:00,2024-06-28,CONSERVATIVE_T1,margin_sse,601985,True
2024-06-27,AGGREGATOR|research-node|akshare@1.18.97|stock_margin_detail_sse,2024-06-27,,2026-09-26T08:15:10.570094+00:00,2024-06-28,CONSERVATIVE_T1,margin_sse,601992,True
2024-06-27,AGGREGATOR|research-node|akshare@1.18.97|stock_margin_detail_sse,2024-06-27,,2026-09-26T08:15:10.570094+00:00,2024-06-28,CONSERVATIVE_T1,margin_sse,688498,True
2024-06-28,AGGREGATOR|research-node|akshare@1.18.97|stock_margin_detail_sse,2024-06-28,,2026-09-26T08:15:14.936378+00:00,2024-07-01,CONSERVATIVE_T1,margin_sse,600196,True
2024-06-28,AGGREGATOR|research-node|akshare@1.18.97|stock_margin_detail_sse,2024-06-28,,2026-09-26T08:15:14.936378+00:00,2024-07-01,CONSERVATIVE_T1,margin_sse,600269,True
2024-06-28,AGGREGATOR|research-node|akshare@1.18.97|stock_margin_detail_sse,2024-06-28,,2026-09-26T08:15:14.936378+00:00,2024-07-01,CONSERVATIVE_T1,margin_sse,600567,True
2024-06-28,AGGREGATOR|research-node|akshare@1.18.97|stock_margin_detail_sse,2024-06-28,,2026-09-26T08:15:14.936378+00:00,2024-07-01,CONSERVATIVE_T1,margin_sse,600598,True
2024-06-28,AGGREGATOR|research-node|akshare@1.18.97|stock_margin_detail_sse,2024-06-28,,2026-09-26T08:15:14.936378+00:00,2024-07-01,CONSERVATIVE_T1,margin_sse,600694,True
2024-06-28,AGGREGATOR|research-node|akshare@1.18.97|stock_margin_detail_sse,2024-06-28,,2026-09-26T08:15:14.936378+00:00,2024-07-01,CONSERVATIVE_T1,margin_sse,601328,True
2024-06-28,AGGREGATOR|research-node|akshare@1.18.97|stock_margin_detail_sse,2024-06-28,,2026-09-26T08:15:14.936378+00:00,2024-07-01,CONSERVATIVE_T1,margin_sse,601869,True
2024-06-28,AGGREGATOR|research-node|akshare@1.18.97|stock_margin_detail_sse,2024-06-28,,2026-09-26T08:15:14.936378+00:00,2024-07-01,CONSERVATIVE_T1,margin_sse,601985,True
2024-06-28,AGGREGATOR|research-node|akshare@1.18.97|stock_margin_detail_sse,2024-06-28,,2026-09-26T08:15:14.936378+00:00,2024-07-01,CONSERVATIVE_T1,margin_sse,601992,True
2024-06-28,AGGREGATOR|research-node|akshare@1.18.97|stock_margin_detail_sse,2024-06-28,,2026-09-26T08:15:14.936378+00:00,2024-07-01,CONSERVATIVE_T1,margin_sse,688498,True
2024-01-02,AGGREGATOR|research-node|akshare@1.18.97|stock_margin_detail_szse,,,2026-09-26T08:15:17.454979+00:00,2024-01-03,CONSERVATIVE_T1,margin_szse,000685,True
2024-01-02,AGGREGATOR|research-node|akshare@1.18.97|stock_margin_detail_szse,,,2026-09-26T08:15:17.454979+00:00,2024-01-03,CONSERVATIVE_T1,margin_szse,000750,True
2024-01-02,AGGREGATOR|research-node|akshare@1.18.97|stock_margin_detail_szse,,,2026-09-26T08:15:17.454979+00:00,2024-01-03,CONSERVATIVE_T1,margin_szse,000783,True
2024-01-02,AGGREGATOR|research-node|akshare@1.18.97|stock_margin_detail_szse,,,2026-09-26T08:15:17.454979+00:00,2024-01-03,CONSERVATIVE_T1,margin_szse,000825,True
2024-01-02,AGGREGATOR|research-node|akshare@1.18.97|stock_margin_detail_szse,,,2026-09-26T08:15:17.454979+00:00,2024-01-03,CONSERVATIVE_T1,margin_szse,002354,True
2024-01-02,AGGREGATOR|research-node|akshare@1.18.97|stock_margin_detail_szse,,,2026-09-26T08:15:17.454979+00:00,2024-01-03,CONSERVATIVE_T1,margin_szse,002440,True
2024-01-02,AGGREGATOR|research-node|akshare@1.18.97|stock_margin_detail_szse,,,2026-09-26T08:15:17.454979+00:00,2024-01-03,CONSERVATIVE_T1,margin_szse,002471,True
2024-01-02,AGGREGATOR|research-node|akshare@1.18.97|stock_margin_detail_szse,,,2026-09-26T08:15:17.454979+00:00,2024-01-03,CONSERVATIVE_T1,margin_szse,002736,True
2024-01-02,AGGREGATOR|research-node|akshare@1.18.97|stock_margin_detail_szse,,,2026-09-26T08:15:17.454979+00:00,2024-01-03,CONSERVATIVE_T1,margin_szse,300147,True
2024-01-02,AGGREGATOR|research-node|akshare@1.18.97|stock_margin_detail_szse,,,2026-09-26T08:15:17.454979+00:00,2024-01-03,CONSERVATIVE_T1,margin_szse,300921,True
2024-01-02,AGGREGATOR|research-node|akshare@1.18.97|stock_margin_detail_szse,,,2026-09-26T08:15:17.454979+00:00,2024-01-03,CONSERVATIVE_T1,margin_szse,300977,True
2024-01-03,AGGREGATOR|research-node|akshare@1.18.97|stock_margin_detail_szse,,,2026-09-26T08:15:19.767247+00:00,2024-01-04,CONSERVATIVE_T1,margin_szse,000685,True
2024-01-03,AGGREGATOR|research-node|akshare@1.18.97|stock_margin_detail_szse,,,2026-09-26T08:15:19.767247+00:00,2024-01-04,CONSERVATIVE_T1,margin_szse,000750,True
2024-01-03,AGGREGATOR|research-node|akshare@1.18.97|stock_margin_detail_szse,,,2026-09-26T08:15:19.767247+00:00,2024-01-04,CONSERVATIVE_T1,margin_szse,000783,True
2024-01-03,AGGREGATOR|research-node|akshare@1.18.97|stock_margin_detail_szse,,,2026-09-26T08:15:19.767247+00:00,2024-01-04,CONSERVATIVE_T1,margin_szse,000825,True
2024-01-03,AGGREGATOR|research-node|akshare@1.18.97|stock_margin_detail_szse,,,2026-09-26T08:15:19.767247+00:00,2024-01-04,CONSERVATIVE_T1,margin_szse,002354,True
2024-01-03,AGGREGATOR|research-node|akshare@1.18.97|stock_margin_detail_szse,,,2026-09-26T08:15:19.767247+00:00,2024-01-04,CONSERVATIVE_T1,margin_szse,002440,True
2024-01-03,AGGREGATOR|research-node|akshare@1.18.97|stock_margin_detail_szse,,,2026-09-26T08:15:19.767247+00:00,2024-01-04,CONSERVATIVE_T1,margin_szse,002471,True
2024-01-03,AGGREGATOR|research-node|akshare@1.18.97|stock_margin_detail_szse,,,2026-09-26T08:15:19.767247+00:00,2024-01-04,CONSERVATIVE_T1,margin_szse,002736,True
2024-01-03,AGGREGATOR|research-node|akshare@1.18.97|stock_margin_detail_szse,,,2026-09-26T08:15:19.767247+00:00,2024-01-04,CONSERVATIVE_T1,margin_szse,300147,True
2024-01-03,AGGREGATOR|research-node|akshare@1.18.97|stock_margin_detail_szse,,,2026-09-26T08:15:19.767247+00:00,2024-01-04,CONSERVATIVE_T1,margin_szse,300921,True
2024-01-03,AGGREGATOR|research-node|akshare@1.18.97|stock_margin_detail_szse,,,2026-09-26T08:15:19.767247+00:00,2024-01-04,CONSERVATIVE_T1,margin_szse,300977,True
2024-01-04,AGGREGATOR|research-node|akshare@1.18.97|stock_margin_detail_szse,,,2026-09-26T08:15:22.240691+00:00,2024-01-05,CONSERVATIVE_T1,margin_szse,000685,True
2024-01-04,AGGREGATOR|research-node|akshare@1.18.97|stock_margin_detail_szse,,,2026-09-26T08:15:22.240691+00:00,2024-01-05,CONSERVATIVE_T1,margin_szse,000750,True
2024-01-04,AGGREGATOR|research-node|akshare@1.18.97|stock_margin_detail_szse,,,2026-09-26T08:15:22.240691+00:00,2024-01-05,CONSERVATIVE_T1,margin_szse,000783,True
2024-01-04,AGGREGATOR|research-node|akshare@1.18.97|stock_margin_detail_szse,,,2026-09-26T08:15:22.240691+00:00,2024-01-05,CONSERVATIVE_T1,margin_szse,000825,True
2024-01-04,AGGREGATOR|research-node|akshare@1.18.97|stock_margin_detail_szse,,,2026-09-26T08:15:22.240691+00:00,2024-01-05,CONSERVATIVE_T1,margin_szse,002354,True
2024-01-04,AGGREGATOR|research-node|akshare@1.18.97|stock_margin_detail_szse,,,2026-09-26T08:15:22.240691+00:00,2024-01-05,CONSERVATIVE_T1,margin_szse,002440,True
2024-01-04,AGGREGATOR|research-node|akshare@1.18.97|stock_margin_detail_szse,,,2026-09-26T08:15:22.240691+00:00,2024-01-05,CONSERVATIVE_T1,margin_szse,002471,True
2024-01-04,AGGREGATOR|research-node|akshare@1.18.97|stock_margin_detail_szse,,,2026-09-26T08:15:22.240691+00:00,2024-01-05,CONSERVATIVE_T1,margin_szse,002736,True
2024-01-04,AGGREGATOR|research-node|akshare@1.18.97|stock_margin_detail_szse,,,2026-09-26T08:15:22.240691+00:00,2024-01-05,CONSERVATIVE_T1,margin_szse,300147,True
2024-01-04,AGGREGATOR|research-node|akshare@1.18.97|stock_margin_detail_szse,,,2026-09-26T08:15:22.240691+00:00,2024-01-05,CONSERVATIVE_T1,margin_szse,300921,True
2024-01-04,AGGREGATOR|research-node|akshare@1.18.97|stock_margin_detail_szse,,,2026-09-26T08:15:22.240691+00:00,2024-01-05,CONSERVATIVE_T1,margin_szse,300977,True
2024-01-05,AGGREGATOR|research-node|akshare@1.18.97|stock_margin_detail_szse,,,2026-09-26T08:15:24.582489+00:00,2024-01-08,CONSERVATIVE_T1,margin_szse,000685,True
2024-01-05,AGGREGATOR|research-node|akshare@1.18.97|stock_margin_detail_szse,,,2026-09-26T08:15:24.582489+00:00,2024-01-08,CONSERVATIVE_T1,margin_szse,000750,True
2024-01-05,AGGREGATOR|research-node|akshare@1.18.97|stock_margin_detail_szse,,,2026-09-26T08:15:24.582489+00:00,2024-01-08,CONSERVATIVE_T1,margin_szse,000783,True
2024-01-05,AGGREGATOR|research-node|akshare@1.18.97|stock_margin_detail_szse,,,2026-09-26T08:15:24.582489+00:00,2024-01-08,CONSERVATIVE_T1,margin_szse,000825,True
2024-01-05,AGGREGATOR|research-node|akshare@1.18.97|stock_margin_detail_szse,,,2026-09-26T08:15:24.582489+00:00,2024-01-08,CONSERVATIVE_T1,margin_szse,002354,True
2024-01-05,AGGREGATOR|research-node|akshare@1.18.97|stock_margin_detail_szse,,,2026-09-26T08:15:24.582489+00:00,2024-01-08,CONSERVATIVE_T1,margin_szse,002440,True
2024-01-05,AGGREGATOR|research-node|akshare@1.18.97|stock_margin_detail_szse,,,2026-09-26T08:15:24.582489+00:00,2024-01-08,CONSERVATIVE_T1,margin_szse,002471,True
2024-01-05,AGGREGATOR|research-node|akshare@1.18.97|stock_margin_detail_szse,,,2026-09-26T08:15:24.582489+00:00,2024-01-08,CONSERVATIVE_T1,margin_szse,002736,True
2024-01-05,AGGREGATOR|research-node|akshare@1.18.97|stock_margin_detail_szse,,,2026-09-26T08:15:24.582489+00:00,2024-01-08,CONSERVATIVE_T1,margin_szse,300147,True
2024-01-05,AGGREGATOR|research-node|akshare@1.18.97|stock_margin_detail_szse,,,2026-09-26T08:15:24.582489+00:00,2024-01-08,CONSERVATIVE_T1,margin_szse,300921,True
2024-01-05,AGGREGATOR|research-node|akshare@1.18.97|stock_margin_detail_szse,,,2026-09-26T08:15:24.582489+00:00,2024-01-08,CONSERVATIVE_T1,margin_szse,300977,True
2024-01-08,AGGREGATOR|research-node|akshare@1.18.97|stock_margin_detail_szse,,,2026-09-26T08:15:26.913632+00:00,2024-01-09,CONSERVATIVE_T1,margin_szse,000685,True
2024-01-08,AGGREGATOR|research-node|akshare@1.18.97|stock_margin_detail_szse,,,2026-09-26T08:15:26.913632+00:00,2024-01-09,CONSERVATIVE_T1,margin_szse,000750,True
2024-01-08,AGGREGATOR|research-node|akshare@1.18.97|stock_margin_detail_szse,,,2026-09-26T08:15:26.913632+00:00,2024-01-09,CONSERVATIVE_T1,margin_szse,000783,True
2024-01-08,AGGREGATOR|research-node|akshare@1.18.97|stock_margin_detail_szse,,,2026-09-26T08:15:26.913632+00:00,2024-01-09,CONSERVATIVE_T1,margin_szse,000825,True
2024-01-08,AGGREGATOR|research-node|akshare@1.18.97|stock_margin_detail_szse,,,2026-09-26T08:15:26.913632+00:00,2024-01-09,CONSERVATIVE_T1,margin_szse,002354,True
2024-01-08,AGGREGATOR|research-node|akshare@1.18.97|stock_margin_detail_szse,,,2026-09-26T08:15:26.913632+00:00,2024-01-09,CONSERVATIVE_T1,margin_szse,002440,True
2024-01-08,AGGREGATOR|research-node|akshare@1.18.97|stock_margin_detail_szse,,,2026-09-26T08:15:26.913632+00:00,2024-01-09,CONSERVATIVE_T1,margin_szse,002471,True
2024-01-08,AGGREGATOR|research-node|akshare@1.18.97|stock_margin_detail_szse,,,2026-09-26T08:15:26.913632+00:00,2024-01-09,CONSERVATIVE_T1,margin_szse,002736,True
2024-01-08,AGGREGATOR|research-node|akshare@1.18.97|stock_margin_detail_szse,,,2026-09-26T08:15:26.913632+00:00,2024-01-09,CONSERVATIVE_T1,margin_szse,300147,True
2024-01-08,AGGREGATOR|research-node|akshare@1.18.97|stock_margin_detail_szse,,,2026-09-26T08:15:26.913632+00:00,2024-01-09,CONSERVATIVE_T1,margin_szse,300921,True
2024-01-08,AGGREGATOR|research-node|akshare@1.18.97|stock_margin_detail_szse,,,2026-09-26T08:15:26.913632+00:00,2024-01-09,CONSERVATIVE_T1,margin_szse,300977,True
2024-01-09,AGGREGATOR|research-node|akshare@1.18.97|stock_margin_detail_szse,,,2026-09-26T08:15:29.335999+00:00,2024-01-10,CONSERVATIVE_T1,margin_szse,000685,True
2024-01-09,AGGREGATOR|research-node|akshare@1.18.97|stock_margin_detail_szse,,,2026-09-26T08:15:29.335999+00:00,2024-01-10,CONSERVATIVE_T1,margin_szse,000750,True
2024-01-09,AGGREGATOR|research-node|akshare@1.18.97|stock_margin_detail_szse,,,2026-09-26T08:15:29.335999+00:00,2024-01-10,CONSERVATIVE_T1,margin_szse,000783,True
2024-01-09,AGGREGATOR|research-node|akshare@1.18.97|stock_margin_detail_szse,,,2026-09-26T08:15:29.335999+00:00,2024-01-10,CONSERVATIVE_T1,margin_szse,000825,True
2024-01-09,AGGREGATOR|research-node|akshare@1.18.97|stock_margin_detail_szse,,,2026-09-26T08:15:29.335999+00:00,2024-01-10,CONSERVATIVE_T1,margin_szse,002354,True
2024-01-09,AGGREGATOR|research-node|akshare@1.18.97|stock_margin_detail_szse,,,2026-09-26T08:15:29.335999+00:00,2024-01-10,CONSERVATIVE_T1,margin_szse,002440,True
2024-01-09,AGGREGATOR|research-node|akshare@1.18.97|stock_margin_detail_szse,,,2026-09-26T08:15:29.335999+00:00,2024-01-10,CONSERVATIVE_T1,margin_szse,002471,True
2024-01-09,AGGREGATOR|research-node|akshare@1.18.97|stock_margin_detail_szse,,,2026-09-26T08:15:29.335999+00:00,2024-01-10,CONSERVATIVE_T1,margin_szse,002736,True
2024-01-09,AGGREGATOR|research-node|akshare@1.18.97|stock_margin_detail_szse,,,2026-09-26T08:15:29.335999+00:00,2024-01-10,CONSERVATIVE_T1,margin_szse,300147,True
2024-01-09,AGGREGATOR|research-node|akshare@1.18.97|stock_margin_detail_szse,,,2026-09-26T08:15:29.335999+00:00,2024-01-10,CONSERVATIVE_T1,margin_szse,300921,True
2024-01-09,AGGREGATOR|research-node|akshare@1.18.97|stock_margin_detail_szse,,,2026-09-26T08:15:29.335999+00:00,2024-01-10,CONSERVATIVE_T1,margin_szse,300977,True
2024-01-10,AGGREGATOR|research-node|akshare@1.18.97|stock_margin_detail_szse,,,2026-09-26T08:15:31.721145+00:00,2024-01-11,CONSERVATIVE_T1,margin_szse,000685,True
2024-01-10,AGGREGATOR|research-node|akshare@1.18.97|stock_margin_detail_szse,,,2026-09-26T08:15:31.721145+00:00,2024-01-11,CONSERVATIVE_T1,margin_szse,000750,True
2024-01-10,AGGREGATOR|research-node|akshare@1.18.97|stock_margin_detail_szse,,,2026-09-26T08:15:31.721145+00:00,2024-01-11,CONSERVATIVE_T1,margin_szse,000783,True
2024-01-10,AGGREGATOR|research-node|akshare@1.18.97|stock_margin_detail_szse,,,2026-09-26T08:15:31.721145+00:00,2024-01-11,CONSERVATIVE_T1,margin_szse,000825,True
2024-01-10,AGGREGATOR|research-node|akshare@1.18.97|stock_margin_detail_szse,,,2026-09-26T08:15:31.721145+00:00,2024-01-11,CONSERVATIVE_T1,margin_szse,002354,True
2024-01-10,AGGREGATOR|research-node|akshare@1.18.97|stock_margin_detail_szse,,,2026-09-26T08:15:31.721145+00:00,2024-01-11,CONSERVATIVE_T1,margin_szse,002440,True
2024-01-10,AGGREGATOR|research-node|akshare@1.18.97|stock_margin_detail_szse,,,2026-09-26T08:15:31.721145+00:00,2024-01-11,CONSERVATIVE_T1,margin_szse,002471,True
2024-01-10,AGGREGATOR|research-node|akshare@1.18.97|stock_margin_detail_szse,,,2026-09-26T08:15:31.721145+00:00,2024-01-11,CONSERVATIVE_T1,margin_szse,002736,True
2024-01-10,AGGREGATOR|research-node|akshare@1.18.97|stock_margin_detail_szse,,,2026-09-26T08:15:31.721145+00:00,2024-01-11,CONSERVATIVE_T1,margin_szse,300147,True
2024-01-10,AGGREGATOR|research-node|akshare@1.18.97|stock_margin_detail_szse,,,2026-09-26T08:15:31.721145+00:00,2024-01-11,CONSERVATIVE_T1,margin_szse,300921,True
2024-01-10,AGGREGATOR|research-node|akshare@1.18.97|stock_margin_detail_szse,,,2026-09-26T08:15:31.721145+00:00,2024-01-11,CONSERVATIVE_T1,margin_szse,300977,True
2024-01-11,AGGREGATOR|research-node|akshare@1.18.97|stock_margin_detail_szse,,,2026-09-26T08:15:34.073971+00:00,2024-01-12,CONSERVATIVE_T1,margin_szse,000685,True
2024-01-11,AGGREGATOR|research-node|akshare@1.18.97|stock_margin_detail_szse,,,2026-09-26T08:15:34.073971+00:00,2024-01-12,CONSERVATIVE_T1,margin_szse,000750,True
2024-01-11,AGGREGATOR|research-node|akshare@1.18.97|stock_margin_detail_szse,,,2026-09-26T08:15:34.073971+00:00,2024-01-12,CONSERVATIVE_T1,margin_szse,000783,True
2024-01-11,AGGREGATOR|research-node|akshare@1.18.97|stock_margin_detail_szse,,,2026-09-26T08:15:34.073971+00:00,2024-01-12,CONSERVATIVE_T1,margin_szse,000825,True
2024-01-11,AGGREGATOR|research-node|akshare@1.18.97|stock_margin_detail_szse,,,2026-09-26T08:15:34.073971+00:00,2024-01-12,CONSERVATIVE_T1,margin_szse,002354,True
2024-01-11,AGGREGATOR|research-node|akshare@1.18.97|stock_margin_detail_szse,,,2026-09-26T08:15:34.073971+00:00,2024-01-12,CONSERVATIVE_T1,margin_szse,002440,True
2024-01-11,AGGREGATOR|research-node|akshare@1.18.97|stock_margin_detail_szse,,,2026-09-26T08:15:34.073971+00:00,2024-01-12,CONSERVATIVE_T1,margin_szse,002471,True
2024-01-11,AGGREGATOR|research-node|akshare@1.18.97|stock_margin_detail_szse,,,2026-09-26T08:15:34.073971+00:00,2024-01-12,CONSERVATIVE_T1,margin_szse,002736,True
2024-01-11,AGGREGATOR|research-node|akshare@1.18.97|stock_margin_detail_szse,,,2026-09-26T08:15:34.073971+00:00,2024-01-12,CONSERVATIVE_T1,margin_szse,300147,True
2024-01-11,AGGREGATOR|research-node|akshare@1.18.97|stock_margin_detail_szse,,,2026-09-26T08:15:34.073971+00:00,2024-01-12,CONSERVATIVE_T1,margin_szse,300921,True
2024-01-11,AGGREGATOR|research-node|akshare@1.18.97|stock_margin_detail_szse,,,2026-09-26T08:15:34.073971+00:00,2024-01-12,CONSERVATIVE_T1,margin_szse,300977,True
2024-01-12,AGGREGATOR|research-node|akshare@1.18.97|stock_margin_detail_szse,,,2026-09-26T08:15:36.456447+00:00,2024-01-15,CONSERVATIVE_T1,margin_szse,000685,True
2024-01-12,AGGREGATOR|research-node|akshare@1.18.97|stock_margin_detail_szse,,,2026-09-26T08:15:36.456447+00:00,2024-01-15,CONSERVATIVE_T1,margin_szse,000750,True
2024-01-12,AGGREGATOR|research-node|akshare@1.18.97|stock_margin_detail_szse,,,2026-09-26T08:15:36.456447+00:00,2024-01-15,CONSERVATIVE_T1,margin_szse,000783,True
2024-01-12,AGGREGATOR|research-node|akshare@1.18.97|stock_margin_detail_szse,,,2026-09-26T08:15:36.456447+00:00,2024-01-15,CONSERVATIVE_T1,margin_szse,000825,True
2024-01-12,AGGREGATOR|research-node|akshare@1.18.97|stock_margin_detail_szse,,,2026-09-26T08:15:36.456447+00:00,2024-01-15,CONSERVATIVE_T1,margin_szse,002354,True
2024-01-12,AGGREGATOR|research-node|akshare@1.18.97|stock_margin_detail_szse,,,2026-09-26T08:15:36.456447+00:00,2024-01-15,CONSERVATIVE_T1,margin_szse,002440,True
2024-01-12,AGGREGATOR|research-node|akshare@1.18.97|stock_margin_detail_szse,,,2026-09-26T08:15:36.456447+00:00,2024-01-15,CONSERVATIVE_T1,margin_szse,002471,True
2024-01-12,AGGREGATOR|research-node|akshare@1.18.97|stock_margin_detail_szse,,,2026-09-26T08:15:36.456447+00:00,2024-01-15,CONSERVATIVE_T1,margin_szse,002736,True
2024-01-12,AGGREGATOR|research-node|akshare@1.18.97|stock_margin_detail_szse,,,2026-09-26T08:15:36.456447+00:00,2024-01-15,CONSERVATIVE_T1,margin_szse,300147,True
2024-01-12,AGGREGATOR|research-node|akshare@1.18.97|stock_margin_detail_szse,,,2026-09-26T08:15:36.456447+00:00,2024-01-15,CONSERVATIVE_T1,margin_szse,300921,True
2024-01-12,AGGREGATOR|research-node|akshare@1.18.97|stock_margin_detail_szse,,,2026-09-26T08:15:36.456447+00:00,2024-01-15,CONSERVATIVE_T1,margin_szse,300977,True
2024-01-15,AGGREGATOR|research-node|akshare@1.18.97|stock_margin_detail_szse,,,2026-09-26T08:15:38.799251+00:00,2024-01-16,CONSERVATIVE_T1,margin_szse,000685,True
2024-01-15,AGGREGATOR|research-node|akshare@1.18.97|stock_margin_detail_szse,,,2026-09-26T08:15:38.799251+00:00,2024-01-16,CONSERVATIVE_T1,margin_szse,000750,True
2024-01-15,AGGREGATOR|research-node|akshare@1.18.97|stock_margin_detail_szse,,,2026-09-26T08:15:38.799251+00:00,2024-01-16,CONSERVATIVE_T1,margin_szse,000783,True
2024-01-15,AGGREGATOR|research-node|akshare@1.18.97|stock_margin_detail_szse,,,2026-09-26T08:15:38.799251+00:00,2024-01-16,CONSERVATIVE_T1,margin_szse,000825,True
2024-01-15,AGGREGATOR|research-node|akshare@1.18.97|stock_margin_detail_szse,,,2026-09-26T08:15:38.799251+00:00,2024-01-16,CONSERVATIVE_T1,margin_szse,002354,True
2024-01-15,AGGREGATOR|research-node|akshare@1.18.97|stock_margin_detail_szse,,,2026-09-26T08:15:38.799251+00:00,2024-01-16,CONSERVATIVE_T1,margin_szse,002440,True
2024-01-15,AGGREGATOR|research-node|akshare@1.18.97|stock_margin_detail_szse,,,2026-09-26T08:15:38.799251+00:00,2024-01-16,CONSERVATIVE_T1,margin_szse,002471,True
2024-01-15,AGGREGATOR|research-node|akshare@1.18.97|stock_margin_detail_szse,,,2026-09-26T08:15:38.799251+00:00,2024-01-16,CONSERVATIVE_T1,margin_szse,002736,True
2024-01-15,AGGREGATOR|research-node|akshare@1.18.97|stock_margin_detail_szse,,,2026-09-26T08:15:38.799251+00:00,2024-01-16,CONSERVATIVE_T1,margin_szse,300147,True
2024-01-15,AGGREGATOR|research-node|akshare@1.18.97|stock_margin_detail_szse,,,2026-09-26T08:15:38.799251+00:00,2024-01-16,CONSERVATIVE_T1,margin_szse,300921,True
2024-01-15,AGGREGATOR|research-node|akshare@1.18.97|stock_margin_detail_szse,,,2026-09-26T08:15:38.799251+00:00,2024-01-16,CONSERVATIVE_T1,margin_szse,300977,True
2024-01-16,AGGREGATOR|research-node|akshare@1.18.97|stock_margin_detail_szse,,,2026-09-26T08:15:41.162859+00:00,2024-01-17,CONSERVATIVE_T1,margin_szse,000685,True
2024-01-16,AGGREGATOR|research-node|akshare@1.18.97|stock_margin_detail_szse,,,2026-09-26T08:15:41.162859+00:00,2024-01-17,CONSERVATIVE_T1,margin_szse,000750,True
2024-01-16,AGGREGATOR|research-node|akshare@1.18.97|stock_margin_detail_szse,,,2026-09-26T08:15:41.162859+00:00,2024-01-17,CONSERVATIVE_T1,margin_szse,000783,True
2024-01-16,AGGREGATOR|research-node|akshare@1.18.97|stock_margin_detail_szse,,,2026-09-26T08:15:41.162859+00:00,2024-01-17,CONSERVATIVE_T1,margin_szse,000825,True
2024-01-16,AGGREGATOR|research-node|akshare@1.18.97|stock_margin_detail_szse,,,2026-09-26T08:15:41.162859+00:00,2024-01-17,CONSERVATIVE_T1,margin_szse,002354,True
2024-01-16,AGGREGATOR|research-node|akshare@1.18.97|stock_margin_detail_szse,,,2026-09-26T08:15:41.162859+00:00,2024-01-17,CONSERVATIVE_T1,margin_szse,002440,True
2024-01-16,AGGREGATOR|research-node|akshare@1.18.97|stock_margin_detail_szse,,,2026-09-26T08:15:41.162859+00:00,2024-01-17,CONSERVATIVE_T1,margin_szse,002471,True
2024-01-16,AGGREGATOR|research-node|akshare@1.18.97|stock_margin_detail_szse,,,2026-09-26T08:15:41.162859+00:00,2024-01-17,CONSERVATIVE_T1,margin_szse,002736,True
2024-01-16,AGGREGATOR|research-node|akshare@1.18.97|stock_margin_detail_szse,,,2026-09-26T08:15:41.162859+00:00,2024-01-17,CONSERVATIVE_T1,margin_szse,300147,True
2024-01-16,AGGREGATOR|research-node|akshare@1.18.97|stock_margin_detail_szse,,,2026-09-26T08:15:41.162859+00:00,2024-01-17,CONSERVATIVE_T1,margin_szse,300921,True
2024-01-16,AGGREGATOR|research-node|akshare@1.18.97|stock_margin_detail_szse,,,2026-09-26T08:15:41.162859+00:00,2024-01-17,CONSERVATIVE_T1,margin_szse,300977,True
2024-01-17,AGGREGATOR|research-node|akshare@1.18.97|stock_margin_detail_szse,,,2026-09-26T08:15:43.697157+00:00,2024-01-18,CONSERVATIVE_T1,margin_szse,000685,True
2024-01-17,AGGREGATOR|research-node|akshare@1.18.97|stock_margin_detail_szse,,,2026-09-26T08:15:43.697157+00:00,2024-01-18,CONSERVATIVE_T1,margin_szse,000750,True
2024-01-17,AGGREGATOR|research-node|akshare@1.18.97|stock_margin_detail_szse,,,2026-09-26T08:15:43.697157+00:00,2024-01-18,CONSERVATIVE_T1,margin_szse,000783,True
2024-01-17,AGGREGATOR|research-node|akshare@1.18.97|stock_margin_detail_szse,,,2026-09-26T08:15:43.697157+00:00,2024-01-18,CONSERVATIVE_T1,margin_szse,000825,True
2024-01-17,AGGREGATOR|research-node|akshare@1.18.97|stock_margin_detail_szse,,,2026-09-26T08:15:43.697157+00:00,2024-01-18,CONSERVATIVE_T1,margin_szse,002354,True
2024-01-17,AGGREGATOR|research-node|akshare@1.18.97|stock_margin_detail_szse,,,2026-09-26T08:15:43.697157+00:00,2024-01-18,CONSERVATIVE_T1,margin_szse,002440,True
2024-01-17,AGGREGATOR|research-node|akshare@1.18.97|stock_margin_detail_szse,,,2026-09-26T08:15:43.697157+00:00,2024-01-18,CONSERVATIVE_T1,margin_szse,002471,True
2024-01-17,AGGREGATOR|research-node|akshare@1.18.97|stock_margin_detail_szse,,,2026-09-26T08:15:43.697157+00:00,2024-01-18,CONSERVATIVE_T1,margin_szse,002736,True
2024-01-17,AGGREGATOR|research-node|akshare@1.18.97|stock_margin_detail_szse,,,2026-09-26T08:15:43.697157+00:00,2024-01-18,CONSERVATIVE_T1,margin_szse,300147,True
2024-01-17,AGGREGATOR|research-node|akshare@1.18.97|stock_margin_detail_szse,,,2026-09-26T08:15:43.697157+00:00,2024-01-18,CONSERVATIVE_T1,margin_szse,300921,True
2024-01-17,AGGREGATOR|research-node|akshare@1.18.97|stock_margin_detail_szse,,,2026-09-26T08:15:43.697157+00:00,2024-01-18,CONSERVATIVE_T1,margin_szse,300977,True
2024-01-18,AGGREGATOR|research-node|akshare@1.18.97|stock_margin_detail_szse,,,2026-09-26T08:15:46.027089+00:00,2024-01-19,CONSERVATIVE_T1,margin_szse,000685,True
2024-01-18,AGGREGATOR|research-node|akshare@1.18.97|stock_margin_detail_szse,,,2026-09-26T08:15:46.027089+00:00,2024-01-19,CONSERVATIVE_T1,margin_szse,000750,True
2024-01-18,AGGREGATOR|research-node|akshare@1.18.97|stock_margin_detail_szse,,,2026-09-26T08:15:46.027089+00:00,2024-01-19,CONSERVATIVE_T1,margin_szse,000783,True
2024-01-18,AGGREGATOR|research-node|akshare@1.18.97|stock_margin_detail_szse,,,2026-09-26T08:15:46.027089+00:00,2024-01-19,CONSERVATIVE_T1,margin_szse,000825,True
2024-01-18,AGGREGATOR|research-node|akshare@1.18.97|stock_margin_detail_szse,,,2026-09-26T08:15:46.027089+00:00,2024-01-19,CONSERVATIVE_T1,margin_szse,002354,True
2024-01-18,AGGREGATOR|research-node|akshare@1.18.97|stock_margin_detail_szse,,,2026-09-26T08:15:46.027089+00:00,2024-01-19,CONSERVATIVE_T1,margin_szse,002440,True
2024-01-18,AGGREGATOR|research-node|akshare@1.18.97|stock_margin_detail_szse,,,2026-09-26T08:15:46.027089+00:00,2024-01-19,CONSERVATIVE_T1,margin_szse,002471,True
2024-01-18,AGGREGATOR|research-node|akshare@1.18.97|stock_margin_detail_szse,,,2026-09-26T08:15:46.027089+00:00,2024-01-19,CONSERVATIVE_T1,margin_szse,002736,True
2024-01-18,AGGREGATOR|research-node|akshare@1.18.97|stock_margin_detail_szse,,,2026-09-26T08:15:46.027089+00:00,2024-01-19,CONSERVATIVE_T1,margin_szse,300147,True
2024-01-18,AGGREGATOR|research-node|akshare@1.18.97|stock_margin_detail_szse,,,2026-09-26T08:15:46.027089+00:00,2024-01-19,CONSERVATIVE_T1,margin_szse,300921,True
2024-01-18,AGGREGATOR|research-node|akshare@1.18.97|stock_margin_detail_szse,,,2026-09-26T08:15:46.027089+00:00,2024-01-19,CONSERVATIVE_T1,margin_szse,300977,True
2024-01-19,AGGREGATOR|research-node|akshare@1.18.97|stock_margin_detail_szse,,,2026-09-26T08:15:48.417252+00:00,2024-01-22,CONSERVATIVE_T1,margin_szse,000685,True
2024-01-19,AGGREGATOR|research-node|akshare@1.18.97|stock_margin_detail_szse,,,2026-09-26T08:15:48.417252+00:00,2024-01-22,CONSERVATIVE_T1,margin_szse,000750,True
2024-01-19,AGGREGATOR|research-node|akshare@1.18.97|stock_margin_detail_szse,,,2026-09-26T08:15:48.417252+00:00,2024-01-22,CONSERVATIVE_T1,margin_szse,000783,True
2024-01-19,AGGREGATOR|research-node|akshare@1.18.97|stock_margin_detail_szse,,,2026-09-26T08:15:48.417252+00:00,2024-01-22,CONSERVATIVE_T1,margin_szse,000825,True
2024-01-19,AGGREGATOR|research-node|akshare@1.18.97|stock_margin_detail_szse,,,2026-09-26T08:15:48.417252+00:00,2024-01-22,CONSERVATIVE_T1,margin_szse,002354,True
2024-01-19,AGGREGATOR|research-node|akshare@1.18.97|stock_margin_detail_szse,,,2026-09-26T08:15:48.417252+00:00,2024-01-22,CONSERVATIVE_T1,margin_szse,002440,True
2024-01-19,AGGREGATOR|research-node|akshare@1.18.97|stock_margin_detail_szse,,,2026-09-26T08:15:48.417252+00:00,2024-01-22,CONSERVATIVE_T1,margin_szse,002471,True
2024-01-19,AGGREGATOR|research-node|akshare@1.18.97|stock_margin_detail_szse,,,2026-09-26T08:15:48.417252+00:00,2024-01-22,CONSERVATIVE_T1,margin_szse,002736,True
2024-01-19,AGGREGATOR|research-node|akshare@1.18.97|stock_margin_detail_szse,,,2026-09-26T08:15:48.417252+00:00,2024-01-22,CONSERVATIVE_T1,margin_szse,300147,True
2024-01-19,AGGREGATOR|research-node|akshare@1.18.97|stock_margin_detail_szse,,,2026-09-26T08:15:48.417252+00:00,2024-01-22,CONSERVATIVE_T1,margin_szse,300921,True
2024-01-19,AGGREGATOR|research-node|akshare@1.18.97|stock_margin_detail_szse,,,2026-09-26T08:15:48.417252+00:00,2024-01-22,CONSERVATIVE_T1,margin_szse,300977,True
2024-01-22,AGGREGATOR|research-node|akshare@1.18.97|stock_margin_detail_szse,,,2026-09-26T08:15:50.812082+00:00,2024-01-23,CONSERVATIVE_T1,margin_szse,000685,True
2024-01-22,AGGREGATOR|research-node|akshare@1.18.97|stock_margin_detail_szse,,,2026-09-26T08:15:50.812082+00:00,2024-01-23,CONSERVATIVE_T1,margin_szse,000750,True
2024-01-22,AGGREGATOR|research-node|akshare@1.18.97|stock_margin_detail_szse,,,2026-09-26T08:15:50.812082+00:00,2024-01-23,CONSERVATIVE_T1,margin_szse,000783,True
2024-01-22,AGGREGATOR|research-node|akshare@1.18.97|stock_margin_detail_szse,,,2026-09-26T08:15:50.812082+00:00,2024-01-23,CONSERVATIVE_T1,margin_szse,000825,True
2024-01-22,AGGREGATOR|research-node|akshare@1.18.97|stock_margin_detail_szse,,,2026-09-26T08:15:50.812082+00:00,2024-01-23,CONSERVATIVE_T1,margin_szse,002354,True
2024-01-22,AGGREGATOR|research-node|akshare@1.18.97|stock_margin_detail_szse,,,2026-09-26T08:15:50.812082+00:00,2024-01-23,CONSERVATIVE_T1,margin_szse,002440,True
2024-01-22,AGGREGATOR|research-node|akshare@1.18.97|stock_margin_detail_szse,,,2026-09-26T08:15:50.812082+00:00,2024-01-23,CONSERVATIVE_T1,margin_szse,002471,True
2024-01-22,AGGREGATOR|research-node|akshare@1.18.97|stock_margin_detail_szse,,,2026-09-26T08:15:50.812082+00:00,2024-01-23,CONSERVATIVE_T1,margin_szse,002736,True
2024-01-22,AGGREGATOR|research-node|akshare@1.18.97|stock_margin_detail_szse,,,2026-09-26T08:15:50.812082+00:00,2024-01-23,CONSERVATIVE_T1,margin_szse,300147,True
2024-01-22,AGGREGATOR|research-node|akshare@1.18.97|stock_margin_detail_szse,,,2026-09-26T08:15:50.812082+00:00,2024-01-23,CONSERVATIVE_T1,margin_szse,300921,True
2024-01-22,AGGREGATOR|research-node|akshare@1.18.97|stock_margin_detail_szse,,,2026-09-26T08:15:50.812082+00:00,2024-01-23,CONSERVATIVE_T1,margin_szse,300977,True
2024-01-23,AGGREGATOR|research-node|akshare@1.18.97|stock_margin_detail_szse,,,2026-09-26T08:15:53.216670+00:00,2024-01-24,CONSERVATIVE_T1,margin_szse,000685,True
2024-01-23,AGGREGATOR|research-node|akshare@1.18.97|stock_margin_detail_szse,,,2026-09-26T08:15:53.216670+00:00,2024-01-24,CONSERVATIVE_T1,margin_szse,000750,True
2024-01-23,AGGREGATOR|research-node|akshare@1.18.97|stock_margin_detail_szse,,,2026-09-26T08:15:53.216670+00:00,2024-01-24,CONSERVATIVE_T1,margin_szse,000783,True
2024-01-23,AGGREGATOR|research-node|akshare@1.18.97|stock_margin_detail_szse,,,2026-09-26T08:15:53.216670+00:00,2024-01-24,CONSERVATIVE_T1,margin_szse,000825,True
2024-01-23,AGGREGATOR|research-node|akshare@1.18.97|stock_margin_detail_szse,,,2026-09-26T08:15:53.216670+00:00,2024-01-24,CONSERVATIVE_T1,margin_szse,002354,True
2024-01-23,AGGREGATOR|research-node|akshare@1.18.97|stock_margin_detail_szse,,,2026-09-26T08:15:53.216670+00:00,2024-01-24,CONSERVATIVE_T1,margin_szse,002440,True
2024-01-23,AGGREGATOR|research-node|akshare@1.18.97|stock_margin_detail_szse,,,2026-09-26T08:15:53.216670+00:00,2024-01-24,CONSERVATIVE_T1,margin_szse,002471,True
2024-01-23,AGGREGATOR|research-node|akshare@1.18.97|stock_margin_detail_szse,,,2026-09-26T08:15:53.216670+00:00,2024-01-24,CONSERVATIVE_T1,margin_szse,002736,True
2024-01-23,AGGREGATOR|research-node|akshare@1.18.97|stock_margin_detail_szse,,,2026-09-26T08:15:53.216670+00:00,2024-01-24,CONSERVATIVE_T1,margin_szse,300147,True
2024-01-23,AGGREGATOR|research-node|akshare@1.18.97|stock_margin_detail_szse,,,2026-09-26T08:15:53.216670+00:00,2024-01-24,CONSERVATIVE_T1,margin_szse,300921,True
2024-01-23,AGGREGATOR|research-node|akshare@1.18.97|stock_margin_detail_szse,,,2026-09-26T08:15:53.216670+00:00,2024-01-24,CONSERVATIVE_T1,margin_szse,300977,True
2024-01-24,AGGREGATOR|research-node|akshare@1.18.97|stock_margin_detail_szse,,,2026-09-26T08:15:55.736680+00:00,2024-01-25,CONSERVATIVE_T1,margin_szse,000685,True
2024-01-24,AGGREGATOR|research-node|akshare@1.18.97|stock_margin_detail_szse,,,2026-09-26T08:15:55.736680+00:00,2024-01-25,CONSERVATIVE_T1,margin_szse,000750,True
2024-01-24,AGGREGATOR|research-node|akshare@1.18.97|stock_margin_detail_szse,,,2026-09-26T08:15:55.736680+00:00,2024-01-25,CONSERVATIVE_T1,margin_szse,000783,True
2024-01-24,AGGREGATOR|research-node|akshare@1.18.97|stock_margin_detail_szse,,,2026-09-26T08:15:55.736680+00:00,2024-01-25,CONSERVATIVE_T1,margin_szse,000825,True
2024-01-24,AGGREGATOR|research-node|akshare@1.18.97|stock_margin_detail_szse,,,2026-09-26T08:15:55.736680+00:00,2024-01-25,CONSERVATIVE_T1,margin_szse,002354,True
2024-01-24,AGGREGATOR|research-node|akshare@1.18.97|stock_margin_detail_szse,,,2026-09-26T08:15:55.736680+00:00,2024-01-25,CONSERVATIVE_T1,margin_szse,002440,True
2024-01-24,AGGREGATOR|research-node|akshare@1.18.97|stock_margin_detail_szse,,,2026-09-26T08:15:55.736680+00:00,2024-01-25,CONSERVATIVE_T1,margin_szse,002471,True
2024-01-24,AGGREGATOR|research-node|akshare@1.18.97|stock_margin_detail_szse,,,2026-09-26T08:15:55.736680+00:00,2024-01-25,CONSERVATIVE_T1,margin_szse,002736,True
2024-01-24,AGGREGATOR|research-node|akshare@1.18.97|stock_margin_detail_szse,,,2026-09-26T08:15:55.736680+00:00,2024-01-25,CONSERVATIVE_T1,margin_szse,300147,True
2024-01-24,AGGREGATOR|research-node|akshare@1.18.97|stock_margin_detail_szse,,,2026-09-26T08:15:55.736680+00:00,2024-01-25,CONSERVATIVE_T1,margin_szse,300921,True
2024-01-24,AGGREGATOR|research-node|akshare@1.18.97|stock_margin_detail_szse,,,2026-09-26T08:15:55.736680+00:00,2024-01-25,CONSERVATIVE_T1,margin_szse,300977,True
2024-01-25,AGGREGATOR|research-node|akshare@1.18.97|stock_margin_detail_szse,,,2026-09-26T08:15:58.044001+00:00,2024-01-26,CONSERVATIVE_T1,margin_szse,000685,True
2024-01-25,AGGREGATOR|research-node|akshare@1.18.97|stock_margin_detail_szse,,,2026-09-26T08:15:58.044001+00:00,2024-01-26,CONSERVATIVE_T1,margin_szse,000750,True
2024-01-25,AGGREGATOR|research-node|akshare@1.18.97|stock_margin_detail_szse,,,2026-09-26T08:15:58.044001+00:00,2024-01-26,CONSERVATIVE_T1,margin_szse,000783,True
2024-01-25,AGGREGATOR|research-node|akshare@1.18.97|stock_margin_detail_szse,,,2026-09-26T08:15:58.044001+00:00,2024-01-26,CONSERVATIVE_T1,margin_szse,000825,True
2024-01-25,AGGREGATOR|research-node|akshare@1.18.97|stock_margin_detail_szse,,,2026-09-26T08:15:58.044001+00:00,2024-01-26,CONSERVATIVE_T1,margin_szse,002354,True
2024-01-25,AGGREGATOR|research-node|akshare@1.18.97|stock_margin_detail_szse,,,2026-09-26T08:15:58.044001+00:00,2024-01-26,CONSERVATIVE_T1,margin_szse,002440,True
2024-01-25,AGGREGATOR|research-node|akshare@1.18.97|stock_margin_detail_szse,,,2026-09-26T08:15:58.044001+00:00,2024-01-26,CONSERVATIVE_T1,margin_szse,002471,True
2024-01-25,AGGREGATOR|research-node|akshare@1.18.97|stock_margin_detail_szse,,,2026-09-26T08:15:58.044001+00:00,2024-01-26,CONSERVATIVE_T1,margin_szse,002736,True
2024-01-25,AGGREGATOR|research-node|akshare@1.18.97|stock_margin_detail_szse,,,2026-09-26T08:15:58.044001+00:00,2024-01-26,CONSERVATIVE_T1,margin_szse,300147,True
2024-01-25,AGGREGATOR|research-node|akshare@1.18.97|stock_margin_detail_szse,,,2026-09-26T08:15:58.044001+00:00,2024-01-26,CONSERVATIVE_T1,margin_szse,300921,True
2024-01-25,AGGREGATOR|research-node|akshare@1.18.97|stock_margin_detail_szse,,,2026-09-26T08:15:58.044001+00:00,2024-01-26,CONSERVATIVE_T1,margin_szse,300977,True
2024-01-26,AGGREGATOR|research-node|akshare@1.18.97|stock_margin_detail_szse,,,2026-09-26T08:16:00.381346+00:00,2024-01-29,CONSERVATIVE_T1,margin_szse,000685,True
2024-01-26,AGGREGATOR|research-node|akshare@1.18.97|stock_margin_detail_szse,,,2026-09-26T08:16:00.381346+00:00,2024-01-29,CONSERVATIVE_T1,margin_szse,000750,True
2024-01-26,AGGREGATOR|research-node|akshare@1.18.97|stock_margin_detail_szse,,,2026-09-26T08:16:00.381346+00:00,2024-01-29,CONSERVATIVE_T1,margin_szse,000783,True
2024-01-26,AGGREGATOR|research-node|akshare@1.18.97|stock_margin_detail_szse,,,2026-09-26T08:16:00.381346+00:00,2024-01-29,CONSERVATIVE_T1,margin_szse,000825,True
2024-01-26,AGGREGATOR|research-node|akshare@1.18.97|stock_margin_detail_szse,,,2026-09-26T08:16:00.381346+00:00,2024-01-29,CONSERVATIVE_T1,margin_szse,002354,True
2024-01-26,AGGREGATOR|research-node|akshare@1.18.97|stock_margin_detail_szse,,,2026-09-26T08:16:00.381346+00:00,2024-01-29,CONSERVATIVE_T1,margin_szse,002440,True
2024-01-26,AGGREGATOR|research-node|akshare@1.18.97|stock_margin_detail_szse,,,2026-09-26T08:16:00.381346+00:00,2024-01-29,CONSERVATIVE_T1,margin_szse,002471,True
2024-01-26,AGGREGATOR|research-node|akshare@1.18.97|stock_margin_detail_szse,,,2026-09-26T08:16:00.381346+00:00,2024-01-29,CONSERVATIVE_T1,margin_szse,002736,True
2024-01-26,AGGREGATOR|research-node|akshare@1.18.97|stock_margin_detail_szse,,,2026-09-26T08:16:00.381346+00:00,2024-01-29,CONSERVATIVE_T1,margin_szse,300147,True
2024-01-26,AGGREGATOR|research-node|akshare@1.18.97|stock_margin_detail_szse,,,2026-09-26T08:16:00.381346+00:00,2024-01-29,CONSERVATIVE_T1,margin_szse,300921,True
2024-01-26,AGGREGATOR|research-node|akshare@1.18.97|stock_margin_detail_szse,,,2026-09-26T08:16:00.381346+00:00,2024-01-29,CONSERVATIVE_T1,margin_szse,300977,True
2024-01-29,AGGREGATOR|research-node|akshare@1.18.97|stock_margin_detail_szse,,,2026-09-26T08:16:02.898282+00:00,2024-01-30,CONSERVATIVE_T1,margin_szse,000685,True
2024-01-29,AGGREGATOR|research-node|akshare@1.18.97|stock_margin_detail_szse,,,2026-09-26T08:16:02.898282+00:00,2024-01-30,CONSERVATIVE_T1,margin_szse,000750,True
2024-01-29,AGGREGATOR|research-node|akshare@1.18.97|stock_margin_detail_szse,,,2026-09-26T08:16:02.898282+00:00,2024-01-30,CONSERVATIVE_T1,margin_szse,000783,True
2024-01-29,AGGREGATOR|research-node|akshare@1.18.97|stock_margin_detail_szse,,,2026-09-26T08:16:02.898282+00:00,2024-01-30,CONSERVATIVE_T1,margin_szse,000825,True
2024-01-29,AGGREGATOR|research-node|akshare@1.18.97|stock_margin_detail_szse,,,2026-09-26T08:16:02.898282+00:00,2024-01-30,CONSERVATIVE_T1,margin_szse,002354,True
2024-01-29,AGGREGATOR|research-node|akshare@1.18.97|stock_margin_detail_szse,,,2026-09-26T08:16:02.898282+00:00,2024-01-30,CONSERVATIVE_T1,margin_szse,002440,True
2024-01-29,AGGREGATOR|research-node|akshare@1.18.97|stock_margin_detail_szse,,,2026-09-26T08:16:02.898282+00:00,2024-01-30,CONSERVATIVE_T1,margin_szse,002471,True
2024-01-29,AGGREGATOR|research-node|akshare@1.18.97|stock_margin_detail_szse,,,2026-09-26T08:16:02.898282+00:00,2024-01-30,CONSERVATIVE_T1,margin_szse,002736,True
2024-01-29,AGGREGATOR|research-node|akshare@1.18.97|stock_margin_detail_szse,,,2026-09-26T08:16:02.898282+00:00,2024-01-30,CONSERVATIVE_T1,margin_szse,300147,True
2024-01-29,AGGREGATOR|research-node|akshare@1.18.97|stock_margin_detail_szse,,,2026-09-26T08:16:02.898282+00:00,2024-01-30,CONSERVATIVE_T1,margin_szse,300921,True
2024-01-29,AGGREGATOR|research-node|akshare@1.18.97|stock_margin_detail_szse,,,2026-09-26T08:16:02.898282+00:00,2024-01-30,CONSERVATIVE_T1,margin_szse,300977,True
2024-01-30,AGGREGATOR|research-node|akshare@1.18.97|stock_margin_detail_szse,,,2026-09-26T08:16:05.292580+00:00,2024-01-31,CONSERVATIVE_T1,margin_szse,000685,True
2024-01-30,AGGREGATOR|research-node|akshare@1.18.97|stock_margin_detail_szse,,,2026-09-26T08:16:05.292580+00:00,2024-01-31,CONSERVATIVE_T1,margin_szse,000750,True
2024-01-30,AGGREGATOR|research-node|akshare@1.18.97|stock_margin_detail_szse,,,2026-09-26T08:16:05.292580+00:00,2024-01-31,CONSERVATIVE_T1,margin_szse,000783,True
2024-01-30,AGGREGATOR|research-node|akshare@1.18.97|stock_margin_detail_szse,,,2026-09-26T08:16:05.292580+00:00,2024-01-31,CONSERVATIVE_T1,margin_szse,000825,True
2024-01-30,AGGREGATOR|research-node|akshare@1.18.97|stock_margin_detail_szse,,,2026-09-26T08:16:05.292580+00:00,2024-01-31,CONSERVATIVE_T1,margin_szse,002354,True
2024-01-30,AGGREGATOR|research-node|akshare@1.18.97|stock_margin_detail_szse,,,2026-09-26T08:16:05.292580+00:00,2024-01-31,CONSERVATIVE_T1,margin_szse,002440,True
2024-01-30,AGGREGATOR|research-node|akshare@1.18.97|stock_margin_detail_szse,,,2026-09-26T08:16:05.292580+00:00,2024-01-31,CONSERVATIVE_T1,margin_szse,002471,True
2024-01-30,AGGREGATOR|research-node|akshare@1.18.97|stock_margin_detail_szse,,,2026-09-26T08:16:05.292580+00:00,2024-01-31,CONSERVATIVE_T1,margin_szse,002736,True
2024-01-30,AGGREGATOR|research-node|akshare@1.18.97|stock_margin_detail_szse,,,2026-09-26T08:16:05.292580+00:00,2024-01-31,CONSERVATIVE_T1,margin_szse,300147,True
2024-01-30,AGGREGATOR|research-node|akshare@1.18.97|stock_margin_detail_szse,,,2026-09-26T08:16:05.292580+00:00,2024-01-31,CONSERVATIVE_T1,margin_szse,300921,True
2024-01-30,AGGREGATOR|research-node|akshare@1.18.97|stock_margin_detail_szse,,,2026-09-26T08:16:05.292580+00:00,2024-01-31,CONSERVATIVE_T1,margin_szse,300977,True
2024-01-31,AGGREGATOR|research-node|akshare@1.18.97|stock_margin_detail_szse,,,2026-09-26T08:16:07.630321+00:00,2024-02-01,CONSERVATIVE_T1,margin_szse,000685,True
2024-01-31,AGGREGATOR|research-node|akshare@1.18.97|stock_margin_detail_szse,,,2026-09-26T08:16:07.630321+00:00,2024-02-01,CONSERVATIVE_T1,margin_szse,000750,True
2024-01-31,AGGREGATOR|research-node|akshare@1.18.97|stock_margin_detail_szse,,,2026-09-26T08:16:07.630321+00:00,2024-02-01,CONSERVATIVE_T1,margin_szse,000783,True
2024-01-31,AGGREGATOR|research-node|akshare@1.18.97|stock_margin_detail_szse,,,2026-09-26T08:16:07.630321+00:00,2024-02-01,CONSERVATIVE_T1,margin_szse,000825,True
2024-01-31,AGGREGATOR|research-node|akshare@1.18.97|stock_margin_detail_szse,,,2026-09-26T08:16:07.630321+00:00,2024-02-01,CONSERVATIVE_T1,margin_szse,002354,True
2024-01-31,AGGREGATOR|research-node|akshare@1.18.97|stock_margin_detail_szse,,,2026-09-26T08:16:07.630321+00:00,2024-02-01,CONSERVATIVE_T1,margin_szse,002440,True
2024-01-31,AGGREGATOR|research-node|akshare@1.18.97|stock_margin_detail_szse,,,2026-09-26T08:16:07.630321+00:00,2024-02-01,CONSERVATIVE_T1,margin_szse,002471,True
2024-01-31,AGGREGATOR|research-node|akshare@1.18.97|stock_margin_detail_szse,,,2026-09-26T08:16:07.630321+00:00,2024-02-01,CONSERVATIVE_T1,margin_szse,002736,True
2024-01-31,AGGREGATOR|research-node|akshare@1.18.97|stock_margin_detail_szse,,,2026-09-26T08:16:07.630321+00:00,2024-02-01,CONSERVATIVE_T1,margin_szse,300147,True
2024-01-31,AGGREGATOR|research-node|akshare@1.18.97|stock_margin_detail_szse,,,2026-09-26T08:16:07.630321+00:00,2024-02-01,CONSERVATIVE_T1,margin_szse,300921,True
2024-01-31,AGGREGATOR|research-node|akshare@1.18.97|stock_margin_detail_szse,,,2026-09-26T08:16:07.630321+00:00,2024-02-01,CONSERVATIVE_T1,margin_szse,300977,True
2024-02-01,AGGREGATOR|research-node|akshare@1.18.97|stock_margin_detail_szse,,,2026-09-26T08:16:10.086809+00:00,2024-02-02,CONSERVATIVE_T1,margin_szse,000685,True
2024-02-01,AGGREGATOR|research-node|akshare@1.18.97|stock_margin_detail_szse,,,2026-09-26T08:16:10.086809+00:00,2024-02-02,CONSERVATIVE_T1,margin_szse,000750,True
2024-02-01,AGGREGATOR|research-node|akshare@1.18.97|stock_margin_detail_szse,,,2026-09-26T08:16:10.086809+00:00,2024-02-02,CONSERVATIVE_T1,margin_szse,000783,True
2024-02-01,AGGREGATOR|research-node|akshare@1.18.97|stock_margin_detail_szse,,,2026-09-26T08:16:10.086809+00:00,2024-02-02,CONSERVATIVE_T1,margin_szse,000825,True
2024-02-01,AGGREGATOR|research-node|akshare@1.18.97|stock_margin_detail_szse,,,2026-09-26T08:16:10.086809+00:00,2024-02-02,CONSERVATIVE_T1,margin_szse,002354,True
2024-02-01,AGGREGATOR|research-node|akshare@1.18.97|stock_margin_detail_szse,,,2026-09-26T08:16:10.086809+00:00,2024-02-02,CONSERVATIVE_T1,margin_szse,002440,True
2024-02-01,AGGREGATOR|research-node|akshare@1.18.97|stock_margin_detail_szse,,,2026-09-26T08:16:10.086809+00:00,2024-02-02,CONSERVATIVE_T1,margin_szse,002471,True
2024-02-01,AGGREGATOR|research-node|akshare@1.18.97|stock_margin_detail_szse,,,2026-09-26T08:16:10.086809+00:00,2024-02-02,CONSERVATIVE_T1,margin_szse,002736,True
2024-02-01,AGGREGATOR|research-node|akshare@1.18.97|stock_margin_detail_szse,,,2026-09-26T08:16:10.086809+00:00,2024-02-02,CONSERVATIVE_T1,margin_szse,300147,True
2024-02-01,AGGREGATOR|research-node|akshare@1.18.97|stock_margin_detail_szse,,,2026-09-26T08:16:10.086809+00:00,2024-02-02,CONSERVATIVE_T1,margin_szse,300921,True
2024-02-01,AGGREGATOR|research-node|akshare@1.18.97|stock_margin_detail_szse,,,2026-09-26T08:16:10.086809+00:00,2024-02-02,CONSERVATIVE_T1,margin_szse,300977,True
2024-02-02,AGGREGATOR|research-node|akshare@1.18.97|stock_margin_detail_szse,,,2026-09-26T08:16:12.438920+00:00,2024-02-05,CONSERVATIVE_T1,margin_szse,000685,True
2024-02-02,AGGREGATOR|research-node|akshare@1.18.97|stock_margin_detail_szse,,,2026-09-26T08:16:12.438920+00:00,2024-02-05,CONSERVATIVE_T1,margin_szse,000750,True
2024-02-02,AGGREGATOR|research-node|akshare@1.18.97|stock_margin_detail_szse,,,2026-09-26T08:16:12.438920+00:00,2024-02-05,CONSERVATIVE_T1,margin_szse,000783,True
2024-02-02,AGGREGATOR|research-node|akshare@1.18.97|stock_margin_detail_szse,,,2026-09-26T08:16:12.438920+00:00,2024-02-05,CONSERVATIVE_T1,margin_szse,000825,True
2024-02-02,AGGREGATOR|research-node|akshare@1.18.97|stock_margin_detail_szse,,,2026-09-26T08:16:12.438920+00:00,2024-02-05,CONSERVATIVE_T1,margin_szse,002354,True
2024-02-02,AGGREGATOR|research-node|akshare@1.18.97|stock_margin_detail_szse,,,2026-09-26T08:16:12.438920+00:00,2024-02-05,CONSERVATIVE_T1,margin_szse,002440,True
2024-02-02,AGGREGATOR|research-node|akshare@1.18.97|stock_margin_detail_szse,,,2026-09-26T08:16:12.438920+00:00,2024-02-05,CONSERVATIVE_T1,margin_szse,002471,True
2024-02-02,AGGREGATOR|research-node|akshare@1.18.97|stock_margin_detail_szse,,,2026-09-26T08:16:12.438920+00:00,2024-02-05,CONSERVATIVE_T1,margin_szse,002736,True
2024-02-02,AGGREGATOR|research-node|akshare@1.18.97|stock_margin_detail_szse,,,2026-09-26T08:16:12.438920+00:00,2024-02-05,CONSERVATIVE_T1,margin_szse,300147,True
2024-02-02,AGGREGATOR|research-node|akshare@1.18.97|stock_margin_detail_szse,,,2026-09-26T08:16:12.438920+00:00,2024-02-05,CONSERVATIVE_T1,margin_szse,300921,True
2024-02-02,AGGREGATOR|research-node|akshare@1.18.97|stock_margin_detail_szse,,,2026-09-26T08:16:12.438920+00:00,2024-02-05,CONSERVATIVE_T1,margin_szse,300977,True
2024-02-05,AGGREGATOR|research-node|akshare@1.18.97|stock_margin_detail_szse,,,2026-09-26T08:16:14.745140+00:00,2024-02-06,CONSERVATIVE_T1,margin_szse,000685,True
2024-02-05,AGGREGATOR|research-node|akshare@1.18.97|stock_margin_detail_szse,,,2026-09-26T08:16:14.745140+00:00,2024-02-06,CONSERVATIVE_T1,margin_szse,000750,True
2024-02-05,AGGREGATOR|research-node|akshare@1.18.97|stock_margin_detail_szse,,,2026-09-26T08:16:14.745140+00:00,2024-02-06,CONSERVATIVE_T1,margin_szse,000783,True
2024-02-05,AGGREGATOR|research-node|akshare@1.18.97|stock_margin_detail_szse,,,2026-09-26T08:16:14.745140+00:00,2024-02-06,CONSERVATIVE_T1,margin_szse,000825,True
2024-02-05,AGGREGATOR|research-node|akshare@1.18.97|stock_margin_detail_szse,,,2026-09-26T08:16:14.745140+00:00,2024-02-06,CONSERVATIVE_T1,margin_szse,002354,True
2024-02-05,AGGREGATOR|research-node|akshare@1.18.97|stock_margin_detail_szse,,,2026-09-26T08:16:14.745140+00:00,2024-02-06,CONSERVATIVE_T1,margin_szse,002440,True
2024-02-05,AGGREGATOR|research-node|akshare@1.18.97|stock_margin_detail_szse,,,2026-09-26T08:16:14.745140+00:00,2024-02-06,CONSERVATIVE_T1,margin_szse,002471,True
2024-02-05,AGGREGATOR|research-node|akshare@1.18.97|stock_margin_detail_szse,,,2026-09-26T08:16:14.745140+00:00,2024-02-06,CONSERVATIVE_T1,margin_szse,002736,True
2024-02-05,AGGREGATOR|research-node|akshare@1.18.97|stock_margin_detail_szse,,,2026-09-26T08:16:14.745140+00:00,2024-02-06,CONSERVATIVE_T1,margin_szse,300147,True
2024-02-05,AGGREGATOR|research-node|akshare@1.18.97|stock_margin_detail_szse,,,2026-09-26T08:16:14.745140+00:00,2024-02-06,CONSERVATIVE_T1,margin_szse,300921,True
2024-02-05,AGGREGATOR|research-node|akshare@1.18.97|stock_margin_detail_szse,,,2026-09-26T08:16:14.745140+00:00,2024-02-06,CONSERVATIVE_T1,margin_szse,300977,True
2024-02-06,AGGREGATOR|research-node|akshare@1.18.97|stock_margin_detail_szse,,,2026-09-26T08:16:17.158233+00:00,2024-02-07,CONSERVATIVE_T1,margin_szse,000685,True
2024-02-06,AGGREGATOR|research-node|akshare@1.18.97|stock_margin_detail_szse,,,2026-09-26T08:16:17.158233+00:00,2024-02-07,CONSERVATIVE_T1,margin_szse,000750,True
2024-02-06,AGGREGATOR|research-node|akshare@1.18.97|stock_margin_detail_szse,,,2026-09-26T08:16:17.158233+00:00,2024-02-07,CONSERVATIVE_T1,margin_szse,000783,True
2024-02-06,AGGREGATOR|research-node|akshare@1.18.97|stock_margin_detail_szse,,,2026-09-26T08:16:17.158233+00:00,2024-02-07,CONSERVATIVE_T1,margin_szse,000825,True
2024-02-06,AGGREGATOR|research-node|akshare@1.18.97|stock_margin_detail_szse,,,2026-09-26T08:16:17.158233+00:00,2024-02-07,CONSERVATIVE_T1,margin_szse,002354,True
2024-02-06,AGGREGATOR|research-node|akshare@1.18.97|stock_margin_detail_szse,,,2026-09-26T08:16:17.158233+00:00,2024-02-07,CONSERVATIVE_T1,margin_szse,002440,True
2024-02-06,AGGREGATOR|research-node|akshare@1.18.97|stock_margin_detail_szse,,,2026-09-26T08:16:17.158233+00:00,2024-02-07,CONSERVATIVE_T1,margin_szse,002471,True
2024-02-06,AGGREGATOR|research-node|akshare@1.18.97|stock_margin_detail_szse,,,2026-09-26T08:16:17.158233+00:00,2024-02-07,CONSERVATIVE_T1,margin_szse,002736,True
2024-02-06,AGGREGATOR|research-node|akshare@1.18.97|stock_margin_detail_szse,,,2026-09-26T08:16:17.158233+00:00,2024-02-07,CONSERVATIVE_T1,margin_szse,300147,True
2024-02-06,AGGREGATOR|research-node|akshare@1.18.97|stock_margin_detail_szse,,,2026-09-26T08:16:17.158233+00:00,2024-02-07,CONSERVATIVE_T1,margin_szse,300921,True
2024-02-06,AGGREGATOR|research-node|akshare@1.18.97|stock_margin_detail_szse,,,2026-09-26T08:16:17.158233+00:00,2024-02-07,CONSERVATIVE_T1,margin_szse,300977,True
2024-02-07,AGGREGATOR|research-node|akshare@1.18.97|stock_margin_detail_szse,,,2026-09-26T08:16:19.390073+00:00,2024-02-08,CONSERVATIVE_T1,margin_szse,000685,True
2024-02-07,AGGREGATOR|research-node|akshare@1.18.97|stock_margin_detail_szse,,,2026-09-26T08:16:19.390073+00:00,2024-02-08,CONSERVATIVE_T1,margin_szse,000750,True
2024-02-07,AGGREGATOR|research-node|akshare@1.18.97|stock_margin_detail_szse,,,2026-09-26T08:16:19.390073+00:00,2024-02-08,CONSERVATIVE_T1,margin_szse,000783,True
2024-02-07,AGGREGATOR|research-node|akshare@1.18.97|stock_margin_detail_szse,,,2026-09-26T08:16:19.390073+00:00,2024-02-08,CONSERVATIVE_T1,margin_szse,000825,True
2024-02-07,AGGREGATOR|research-node|akshare@1.18.97|stock_margin_detail_szse,,,2026-09-26T08:16:19.390073+00:00,2024-02-08,CONSERVATIVE_T1,margin_szse,002354,True
2024-02-07,AGGREGATOR|research-node|akshare@1.18.97|stock_margin_detail_szse,,,2026-09-26T08:16:19.390073+00:00,2024-02-08,CONSERVATIVE_T1,margin_szse,002440,True
2024-02-07,AGGREGATOR|research-node|akshare@1.18.97|stock_margin_detail_szse,,,2026-09-26T08:16:19.390073+00:00,2024-02-08,CONSERVATIVE_T1,margin_szse,002471,True
2024-02-07,AGGREGATOR|research-node|akshare@1.18.97|stock_margin_detail_szse,,,2026-09-26T08:16:19.390073+00:00,2024-02-08,CONSERVATIVE_T1,margin_szse,002736,True
2024-02-07,AGGREGATOR|research-node|akshare@1.18.97|stock_margin_detail_szse,,,2026-09-26T08:16:19.390073+00:00,2024-02-08,CONSERVATIVE_T1,margin_szse,300147,True
2024-02-07,AGGREGATOR|research-node|akshare@1.18.97|stock_margin_detail_szse,,,2026-09-26T08:16:19.390073+00:00,2024-02-08,CONSERVATIVE_T1,margin_szse,300921,True
2024-02-07,AGGREGATOR|research-node|akshare@1.18.97|stock_margin_detail_szse,,,2026-09-26T08:16:19.390073+00:00,2024-02-08,CONSERVATIVE_T1,margin_szse,300977,True
2024-02-08,AGGREGATOR|research-node|akshare@1.18.97|stock_margin_detail_szse,,,2026-09-26T08:16:21.817167+00:00,2024-02-19,CONSERVATIVE_T1,margin_szse,000685,True
2024-02-08,AGGREGATOR|research-node|akshare@1.18.97|stock_margin_detail_szse,,,2026-09-26T08:16:21.817167+00:00,2024-02-19,CONSERVATIVE_T1,margin_szse,000750,True
2024-02-08,AGGREGATOR|research-node|akshare@1.18.97|stock_margin_detail_szse,,,2026-09-26T08:16:21.817167+00:00,2024-02-19,CONSERVATIVE_T1,margin_szse,000783,True
2024-02-08,AGGREGATOR|research-node|akshare@1.18.97|stock_margin_detail_szse,,,2026-09-26T08:16:21.817167+00:00,2024-02-19,CONSERVATIVE_T1,margin_szse,000825,True
2024-02-08,AGGREGATOR|research-node|akshare@1.18.97|stock_margin_detail_szse,,,2026-09-26T08:16:21.817167+00:00,2024-02-19,CONSERVATIVE_T1,margin_szse,002354,True
2024-02-08,AGGREGATOR|research-node|akshare@1.18.97|stock_margin_detail_szse,,,2026-09-26T08:16:21.817167+00:00,2024-02-19,CONSERVATIVE_T1,margin_szse,002440,True
2024-02-08,AGGREGATOR|research-node|akshare@1.18.97|stock_margin_detail_szse,,,2026-09-26T08:16:21.817167+00:00,2024-02-19,CONSERVATIVE_T1,margin_szse,002471,True
2024-02-08,AGGREGATOR|research-node|akshare@1.18.97|stock_margin_detail_szse,,,2026-09-26T08:16:21.817167+00:00,2024-02-19,CONSERVATIVE_T1,margin_szse,002736,True
2024-02-08,AGGREGATOR|research-node|akshare@1.18.97|stock_margin_detail_szse,,,2026-09-26T08:16:21.817167+00:00,2024-02-19,CONSERVATIVE_T1,margin_szse,300147,True
2024-02-08,AGGREGATOR|research-node|akshare@1.18.97|stock_margin_detail_szse,,,2026-09-26T08:16:21.817167+00:00,2024-02-19,CONSERVATIVE_T1,margin_szse,300921,True
2024-02-08,AGGREGATOR|research-node|akshare@1.18.97|stock_margin_detail_szse,,,2026-09-26T08:16:21.817167+00:00,2024-02-19,CONSERVATIVE_T1,margin_szse,300977,True
2024-02-19,AGGREGATOR|research-node|akshare@1.18.97|stock_margin_detail_szse,,,2026-09-26T08:16:24.082750+00:00,2024-02-20,CONSERVATIVE_T1,margin_szse,000685,True
2024-02-19,AGGREGATOR|research-node|akshare@1.18.97|stock_margin_detail_szse,,,2026-09-26T08:16:24.082750+00:00,2024-02-20,CONSERVATIVE_T1,margin_szse,000750,True
2024-02-19,AGGREGATOR|research-node|akshare@1.18.97|stock_margin_detail_szse,,,2026-09-26T08:16:24.082750+00:00,2024-02-20,CONSERVATIVE_T1,margin_szse,000783,True
2024-02-19,AGGREGATOR|research-node|akshare@1.18.97|stock_margin_detail_szse,,,2026-09-26T08:16:24.082750+00:00,2024-02-20,CONSERVATIVE_T1,margin_szse,000825,True
2024-02-19,AGGREGATOR|research-node|akshare@1.18.97|stock_margin_detail_szse,,,2026-09-26T08:16:24.082750+00:00,2024-02-20,CONSERVATIVE_T1,margin_szse,002354,True
2024-02-19,AGGREGATOR|research-node|akshare@1.18.97|stock_margin_detail_szse,,,2026-09-26T08:16:24.082750+00:00,2024-02-20,CONSERVATIVE_T1,margin_szse,002440,True
2024-02-19,AGGREGATOR|research-node|akshare@1.18.97|stock_margin_detail_szse,,,2026-09-26T08:16:24.082750+00:00,2024-02-20,CONSERVATIVE_T1,margin_szse,002471,True
2024-02-19,AGGREGATOR|research-node|akshare@1.18.97|stock_margin_detail_szse,,,2026-09-26T08:16:24.082750+00:00,2024-02-20,CONSERVATIVE_T1,margin_szse,002736,True
2024-02-19,AGGREGATOR|research-node|akshare@1.18.97|stock_margin_detail_szse,,,2026-09-26T08:16:24.082750+00:00,2024-02-20,CONSERVATIVE_T1,margin_szse,300147,True
2024-02-19,AGGREGATOR|research-node|akshare@1.18.97|stock_margin_detail_szse,,,2026-09-26T08:16:24.082750+00:00,2024-02-20,CONSERVATIVE_T1,margin_szse,300921,True
2024-02-19,AGGREGATOR|research-node|akshare@1.18.97|stock_margin_detail_szse,,,2026-09-26T08:16:24.082750+00:00,2024-02-20,CONSERVATIVE_T1,margin_szse,300977,True
2024-02-20,AGGREGATOR|research-node|akshare@1.18.97|stock_margin_detail_szse,,,2026-09-26T08:16:26.401559+00:00,2024-02-21,CONSERVATIVE_T1,margin_szse,000685,True
2024-02-20,AGGREGATOR|research-node|akshare@1.18.97|stock_margin_detail_szse,,,2026-09-26T08:16:26.401559+00:00,2024-02-21,CONSERVATIVE_T1,margin_szse,000750,True
2024-02-20,AGGREGATOR|research-node|akshare@1.18.97|stock_margin_detail_szse,,,2026-09-26T08:16:26.401559+00:00,2024-02-21,CONSERVATIVE_T1,margin_szse,000783,True
2024-02-20,AGGREGATOR|research-node|akshare@1.18.97|stock_margin_detail_szse,,,2026-09-26T08:16:26.401559+00:00,2024-02-21,CONSERVATIVE_T1,margin_szse,000825,True
2024-02-20,AGGREGATOR|research-node|akshare@1.18.97|stock_margin_detail_szse,,,2026-09-26T08:16:26.401559+00:00,2024-02-21,CONSERVATIVE_T1,margin_szse,002354,True
2024-02-20,AGGREGATOR|research-node|akshare@1.18.97|stock_margin_detail_szse,,,2026-09-26T08:16:26.401559+00:00,2024-02-21,CONSERVATIVE_T1,margin_szse,002440,True
2024-02-20,AGGREGATOR|research-node|akshare@1.18.97|stock_margin_detail_szse,,,2026-09-26T08:16:26.401559+00:00,2024-02-21,CONSERVATIVE_T1,margin_szse,002471,True
2024-02-20,AGGREGATOR|research-node|akshare@1.18.97|stock_margin_detail_szse,,,2026-09-26T08:16:26.401559+00:00,2024-02-21,CONSERVATIVE_T1,margin_szse,002736,True
2024-02-20,AGGREGATOR|research-node|akshare@1.18.97|stock_margin_detail_szse,,,2026-09-26T08:16:26.401559+00:00,2024-02-21,CONSERVATIVE_T1,margin_szse,300147,True
2024-02-20,AGGREGATOR|research-node|akshare@1.18.97|stock_margin_detail_szse,,,2026-09-26T08:16:26.401559+00:00,2024-02-21,CONSERVATIVE_T1,margin_szse,300921,True
2024-02-20,AGGREGATOR|research-node|akshare@1.18.97|stock_margin_detail_szse,,,2026-09-26T08:16:26.401559+00:00,2024-02-21,CONSERVATIVE_T1,margin_szse,300977,True
2024-02-21,AGGREGATOR|research-node|akshare@1.18.97|stock_margin_detail_szse,,,2026-09-26T08:16:28.787869+00:00,2024-02-22,CONSERVATIVE_T1,margin_szse,000685,True
2024-02-21,AGGREGATOR|research-node|akshare@1.18.97|stock_margin_detail_szse,,,2026-09-26T08:16:28.787869+00:00,2024-02-22,CONSERVATIVE_T1,margin_szse,000750,True
2024-02-21,AGGREGATOR|research-node|akshare@1.18.97|stock_margin_detail_szse,,,2026-09-26T08:16:28.787869+00:00,2024-02-22,CONSERVATIVE_T1,margin_szse,000783,True
2024-02-21,AGGREGATOR|research-node|akshare@1.18.97|stock_margin_detail_szse,,,2026-09-26T08:16:28.787869+00:00,2024-02-22,CONSERVATIVE_T1,margin_szse,000825,True
2024-02-21,AGGREGATOR|research-node|akshare@1.18.97|stock_margin_detail_szse,,,2026-09-26T08:16:28.787869+00:00,2024-02-22,CONSERVATIVE_T1,margin_szse,002354,True
2024-02-21,AGGREGATOR|research-node|akshare@1.18.97|stock_margin_detail_szse,,,2026-09-26T08:16:28.787869+00:00,2024-02-22,CONSERVATIVE_T1,margin_szse,002440,True
2024-02-21,AGGREGATOR|research-node|akshare@1.18.97|stock_margin_detail_szse,,,2026-09-26T08:16:28.787869+00:00,2024-02-22,CONSERVATIVE_T1,margin_szse,002471,True
2024-02-21,AGGREGATOR|research-node|akshare@1.18.97|stock_margin_detail_szse,,,2026-09-26T08:16:28.787869+00:00,2024-02-22,CONSERVATIVE_T1,margin_szse,002736,True
2024-02-21,AGGREGATOR|research-node|akshare@1.18.97|stock_margin_detail_szse,,,2026-09-26T08:16:28.787869+00:00,2024-02-22,CONSERVATIVE_T1,margin_szse,300147,True
2024-02-21,AGGREGATOR|research-node|akshare@1.18.97|stock_margin_detail_szse,,,2026-09-26T08:16:28.787869+00:00,2024-02-22,CONSERVATIVE_T1,margin_szse,300921,True
2024-02-21,AGGREGATOR|research-node|akshare@1.18.97|stock_margin_detail_szse,,,2026-09-26T08:16:28.787869+00:00,2024-02-22,CONSERVATIVE_T1,margin_szse,300977,True
2024-02-22,AGGREGATOR|research-node|akshare@1.18.97|stock_margin_detail_szse,,,2026-09-26T08:16:31.179347+00:00,2024-02-23,CONSERVATIVE_T1,margin_szse,000685,True
2024-02-22,AGGREGATOR|research-node|akshare@1.18.97|stock_margin_detail_szse,,,2026-09-26T08:16:31.179347+00:00,2024-02-23,CONSERVATIVE_T1,margin_szse,000750,True
2024-02-22,AGGREGATOR|research-node|akshare@1.18.97|stock_margin_detail_szse,,,2026-09-26T08:16:31.179347+00:00,2024-02-23,CONSERVATIVE_T1,margin_szse,000783,True
2024-02-22,AGGREGATOR|research-node|akshare@1.18.97|stock_margin_detail_szse,,,2026-09-26T08:16:31.179347+00:00,2024-02-23,CONSERVATIVE_T1,margin_szse,000825,True
2024-02-22,AGGREGATOR|research-node|akshare@1.18.97|stock_margin_detail_szse,,,2026-09-26T08:16:31.179347+00:00,2024-02-23,CONSERVATIVE_T1,margin_szse,002354,True
2024-02-22,AGGREGATOR|research-node|akshare@1.18.97|stock_margin_detail_szse,,,2026-09-26T08:16:31.179347+00:00,2024-02-23,CONSERVATIVE_T1,margin_szse,002440,True
2024-02-22,AGGREGATOR|research-node|akshare@1.18.97|stock_margin_detail_szse,,,2026-09-26T08:16:31.179347+00:00,2024-02-23,CONSERVATIVE_T1,margin_szse,002471,True
2024-02-22,AGGREGATOR|research-node|akshare@1.18.97|stock_margin_detail_szse,,,2026-09-26T08:16:31.179347+00:00,2024-02-23,CONSERVATIVE_T1,margin_szse,002736,True
2024-02-22,AGGREGATOR|research-node|akshare@1.18.97|stock_margin_detail_szse,,,2026-09-26T08:16:31.179347+00:00,2024-02-23,CONSERVATIVE_T1,margin_szse,300147,True
2024-02-22,AGGREGATOR|research-node|akshare@1.18.97|stock_margin_detail_szse,,,2026-09-26T08:16:31.179347+00:00,2024-02-23,CONSERVATIVE_T1,margin_szse,300921,True
2024-02-22,AGGREGATOR|research-node|akshare@1.18.97|stock_margin_detail_szse,,,2026-09-26T08:16:31.179347+00:00,2024-02-23,CONSERVATIVE_T1,margin_szse,300977,True
2024-02-23,AGGREGATOR|research-node|akshare@1.18.97|stock_margin_detail_szse,,,2026-09-26T08:16:33.436004+00:00,2024-02-26,CONSERVATIVE_T1,margin_szse,000685,True
2024-02-23,AGGREGATOR|research-node|akshare@1.18.97|stock_margin_detail_szse,,,2026-09-26T08:16:33.436004+00:00,2024-02-26,CONSERVATIVE_T1,margin_szse,000750,True
2024-02-23,AGGREGATOR|research-node|akshare@1.18.97|stock_margin_detail_szse,,,2026-09-26T08:16:33.436004+00:00,2024-02-26,CONSERVATIVE_T1,margin_szse,000783,True
2024-02-23,AGGREGATOR|research-node|akshare@1.18.97|stock_margin_detail_szse,,,2026-09-26T08:16:33.436004+00:00,2024-02-26,CONSERVATIVE_T1,margin_szse,000825,True
2024-02-23,AGGREGATOR|research-node|akshare@1.18.97|stock_margin_detail_szse,,,2026-09-26T08:16:33.436004+00:00,2024-02-26,CONSERVATIVE_T1,margin_szse,002354,True
2024-02-23,AGGREGATOR|research-node|akshare@1.18.97|stock_margin_detail_szse,,,2026-09-26T08:16:33.436004+00:00,2024-02-26,CONSERVATIVE_T1,margin_szse,002440,True
2024-02-23,AGGREGATOR|research-node|akshare@1.18.97|stock_margin_detail_szse,,,2026-09-26T08:16:33.436004+00:00,2024-02-26,CONSERVATIVE_T1,margin_szse,002471,True
2024-02-23,AGGREGATOR|research-node|akshare@1.18.97|stock_margin_detail_szse,,,2026-09-26T08:16:33.436004+00:00,2024-02-26,CONSERVATIVE_T1,margin_szse,002736,True
2024-02-23,AGGREGATOR|research-node|akshare@1.18.97|stock_margin_detail_szse,,,2026-09-26T08:16:33.436004+00:00,2024-02-26,CONSERVATIVE_T1,margin_szse,300147,True
2024-02-23,AGGREGATOR|research-node|akshare@1.18.97|stock_margin_detail_szse,,,2026-09-26T08:16:33.436004+00:00,2024-02-26,CONSERVATIVE_T1,margin_szse,300921,True
2024-02-23,AGGREGATOR|research-node|akshare@1.18.97|stock_margin_detail_szse,,,2026-09-26T08:16:33.436004+00:00,2024-02-26,CONSERVATIVE_T1,margin_szse,300977,True
2024-02-26,AGGREGATOR|research-node|akshare@1.18.97|stock_margin_detail_szse,,,2026-09-26T08:16:35.856234+00:00,2024-02-27,CONSERVATIVE_T1,margin_szse,000685,True
2024-02-26,AGGREGATOR|research-node|akshare@1.18.97|stock_margin_detail_szse,,,2026-09-26T08:16:35.856234+00:00,2024-02-27,CONSERVATIVE_T1,margin_szse,000750,True
2024-02-26,AGGREGATOR|research-node|akshare@1.18.97|stock_margin_detail_szse,,,2026-09-26T08:16:35.856234+00:00,2024-02-27,CONSERVATIVE_T1,margin_szse,000783,True
2024-02-26,AGGREGATOR|research-node|akshare@1.18.97|stock_margin_detail_szse,,,2026-09-26T08:16:35.856234+00:00,2024-02-27,CONSERVATIVE_T1,margin_szse,000825,True
2024-02-26,AGGREGATOR|research-node|akshare@1.18.97|stock_margin_detail_szse,,,2026-09-26T08:16:35.856234+00:00,2024-02-27,CONSERVATIVE_T1,margin_szse,002354,True
2024-02-26,AGGREGATOR|research-node|akshare@1.18.97|stock_margin_detail_szse,,,2026-09-26T08:16:35.856234+00:00,2024-02-27,CONSERVATIVE_T1,margin_szse,002440,True
2024-02-26,AGGREGATOR|research-node|akshare@1.18.97|stock_margin_detail_szse,,,2026-09-26T08:16:35.856234+00:00,2024-02-27,CONSERVATIVE_T1,margin_szse,002471,True
2024-02-26,AGGREGATOR|research-node|akshare@1.18.97|stock_margin_detail_szse,,,2026-09-26T08:16:35.856234+00:00,2024-02-27,CONSERVATIVE_T1,margin_szse,002736,True
2024-02-26,AGGREGATOR|research-node|akshare@1.18.97|stock_margin_detail_szse,,,2026-09-26T08:16:35.856234+00:00,2024-02-27,CONSERVATIVE_T1,margin_szse,300147,True
2024-02-26,AGGREGATOR|research-node|akshare@1.18.97|stock_margin_detail_szse,,,2026-09-26T08:16:35.856234+00:00,2024-02-27,CONSERVATIVE_T1,margin_szse,300921,True
2024-02-26,AGGREGATOR|research-node|akshare@1.18.97|stock_margin_detail_szse,,,2026-09-26T08:16:35.856234+00:00,2024-02-27,CONSERVATIVE_T1,margin_szse,300977,True
2024-02-27,AGGREGATOR|research-node|akshare@1.18.97|stock_margin_detail_szse,,,2026-09-26T08:16:38.187800+00:00,2024-02-28,CONSERVATIVE_T1,margin_szse,000685,True
2024-02-27,AGGREGATOR|research-node|akshare@1.18.97|stock_margin_detail_szse,,,2026-09-26T08:16:38.187800+00:00,2024-02-28,CONSERVATIVE_T1,margin_szse,000750,True
2024-02-27,AGGREGATOR|research-node|akshare@1.18.97|stock_margin_detail_szse,,,2026-09-26T08:16:38.187800+00:00,2024-02-28,CONSERVATIVE_T1,margin_szse,000783,True
2024-02-27,AGGREGATOR|research-node|akshare@1.18.97|stock_margin_detail_szse,,,2026-09-26T08:16:38.187800+00:00,2024-02-28,CONSERVATIVE_T1,margin_szse,000825,True
2024-02-27,AGGREGATOR|research-node|akshare@1.18.97|stock_margin_detail_szse,,,2026-09-26T08:16:38.187800+00:00,2024-02-28,CONSERVATIVE_T1,margin_szse,002354,True
2024-02-27,AGGREGATOR|research-node|akshare@1.18.97|stock_margin_detail_szse,,,2026-09-26T08:16:38.187800+00:00,2024-02-28,CONSERVATIVE_T1,margin_szse,002440,True
2024-02-27,AGGREGATOR|research-node|akshare@1.18.97|stock_margin_detail_szse,,,2026-09-26T08:16:38.187800+00:00,2024-02-28,CONSERVATIVE_T1,margin_szse,002471,True
2024-02-27,AGGREGATOR|research-node|akshare@1.18.97|stock_margin_detail_szse,,,2026-09-26T08:16:38.187800+00:00,2024-02-28,CONSERVATIVE_T1,margin_szse,002736,True
2024-02-27,AGGREGATOR|research-node|akshare@1.18.97|stock_margin_detail_szse,,,2026-09-26T08:16:38.187800+00:00,2024-02-28,CONSERVATIVE_T1,margin_szse,300147,True
2024-02-27,AGGREGATOR|research-node|akshare@1.18.97|stock_margin_detail_szse,,,2026-09-26T08:16:38.187800+00:00,2024-02-28,CONSERVATIVE_T1,margin_szse,300921,True
2024-02-27,AGGREGATOR|research-node|akshare@1.18.97|stock_margin_detail_szse,,,2026-09-26T08:16:38.187800+00:00,2024-02-28,CONSERVATIVE_T1,margin_szse,300977,True
2024-02-28,AGGREGATOR|research-node|akshare@1.18.97|stock_margin_detail_szse,,,2026-09-26T08:16:40.492036+00:00,2024-02-29,CONSERVATIVE_T1,margin_szse,000685,True
2024-02-28,AGGREGATOR|research-node|akshare@1.18.97|stock_margin_detail_szse,,,2026-09-26T08:16:40.492036+00:00,2024-02-29,CONSERVATIVE_T1,margin_szse,000750,True
2024-02-28,AGGREGATOR|research-node|akshare@1.18.97|stock_margin_detail_szse,,,2026-09-26T08:16:40.492036+00:00,2024-02-29,CONSERVATIVE_T1,margin_szse,000783,True
2024-02-28,AGGREGATOR|research-node|akshare@1.18.97|stock_margin_detail_szse,,,2026-09-26T08:16:40.492036+00:00,2024-02-29,CONSERVATIVE_T1,margin_szse,000825,True
2024-02-28,AGGREGATOR|research-node|akshare@1.18.97|stock_margin_detail_szse,,,2026-09-26T08:16:40.492036+00:00,2024-02-29,CONSERVATIVE_T1,margin_szse,002354,True
2024-02-28,AGGREGATOR|research-node|akshare@1.18.97|stock_margin_detail_szse,,,2026-09-26T08:16:40.492036+00:00,2024-02-29,CONSERVATIVE_T1,margin_szse,002440,True
2024-02-28,AGGREGATOR|research-node|akshare@1.18.97|stock_margin_detail_szse,,,2026-09-26T08:16:40.492036+00:00,2024-02-29,CONSERVATIVE_T1,margin_szse,002471,True
2024-02-28,AGGREGATOR|research-node|akshare@1.18.97|stock_margin_detail_szse,,,2026-09-26T08:16:40.492036+00:00,2024-02-29,CONSERVATIVE_T1,margin_szse,002736,True
2024-02-28,AGGREGATOR|research-node|akshare@1.18.97|stock_margin_detail_szse,,,2026-09-26T08:16:40.492036+00:00,2024-02-29,CONSERVATIVE_T1,margin_szse,300147,True
2024-02-28,AGGREGATOR|research-node|akshare@1.18.97|stock_margin_detail_szse,,,2026-09-26T08:16:40.492036+00:00,2024-02-29,CONSERVATIVE_T1,margin_szse,300921,True
2024-02-28,AGGREGATOR|research-node|akshare@1.18.97|stock_margin_detail_szse,,,2026-09-26T08:16:40.492036+00:00,2024-02-29,CONSERVATIVE_T1,margin_szse,300977,True
2024-02-29,AGGREGATOR|research-node|akshare@1.18.97|stock_margin_detail_szse,,,2026-09-26T08:16:42.933467+00:00,2024-03-01,CONSERVATIVE_T1,margin_szse,000685,True
2024-02-29,AGGREGATOR|research-node|akshare@1.18.97|stock_margin_detail_szse,,,2026-09-26T08:16:42.933467+00:00,2024-03-01,CONSERVATIVE_T1,margin_szse,000750,True
2024-02-29,AGGREGATOR|research-node|akshare@1.18.97|stock_margin_detail_szse,,,2026-09-26T08:16:42.933467+00:00,2024-03-01,CONSERVATIVE_T1,margin_szse,000783,True
2024-02-29,AGGREGATOR|research-node|akshare@1.18.97|stock_margin_detail_szse,,,2026-09-26T08:16:42.933467+00:00,2024-03-01,CONSERVATIVE_T1,margin_szse,000825,True
2024-02-29,AGGREGATOR|research-node|akshare@1.18.97|stock_margin_detail_szse,,,2026-09-26T08:16:42.933467+00:00,2024-03-01,CONSERVATIVE_T1,margin_szse,002354,True
2024-02-29,AGGREGATOR|research-node|akshare@1.18.97|stock_margin_detail_szse,,,2026-09-26T08:16:42.933467+00:00,2024-03-01,CONSERVATIVE_T1,margin_szse,002440,True
2024-02-29,AGGREGATOR|research-node|akshare@1.18.97|stock_margin_detail_szse,,,2026-09-26T08:16:42.933467+00:00,2024-03-01,CONSERVATIVE_T1,margin_szse,002471,True
2024-02-29,AGGREGATOR|research-node|akshare@1.18.97|stock_margin_detail_szse,,,2026-09-26T08:16:42.933467+00:00,2024-03-01,CONSERVATIVE_T1,margin_szse,002736,True
2024-02-29,AGGREGATOR|research-node|akshare@1.18.97|stock_margin_detail_szse,,,2026-09-26T08:16:42.933467+00:00,2024-03-01,CONSERVATIVE_T1,margin_szse,300147,True
2024-02-29,AGGREGATOR|research-node|akshare@1.18.97|stock_margin_detail_szse,,,2026-09-26T08:16:42.933467+00:00,2024-03-01,CONSERVATIVE_T1,margin_szse,300921,True
2024-02-29,AGGREGATOR|research-node|akshare@1.18.97|stock_margin_detail_szse,,,2026-09-26T08:16:42.933467+00:00,2024-03-01,CONSERVATIVE_T1,margin_szse,300977,True
2024-03-01,AGGREGATOR|research-node|akshare@1.18.97|stock_margin_detail_szse,,,2026-09-26T08:16:45.276843+00:00,2024-03-04,CONSERVATIVE_T1,margin_szse,000685,True
2024-03-01,AGGREGATOR|research-node|akshare@1.18.97|stock_margin_detail_szse,,,2026-09-26T08:16:45.276843+00:00,2024-03-04,CONSERVATIVE_T1,margin_szse,000750,True
2024-03-01,AGGREGATOR|research-node|akshare@1.18.97|stock_margin_detail_szse,,,2026-09-26T08:16:45.276843+00:00,2024-03-04,CONSERVATIVE_T1,margin_szse,000783,True
2024-03-01,AGGREGATOR|research-node|akshare@1.18.97|stock_margin_detail_szse,,,2026-09-26T08:16:45.276843+00:00,2024-03-04,CONSERVATIVE_T1,margin_szse,000825,True
2024-03-01,AGGREGATOR|research-node|akshare@1.18.97|stock_margin_detail_szse,,,2026-09-26T08:16:45.276843+00:00,2024-03-04,CONSERVATIVE_T1,margin_szse,002354,True
2024-03-01,AGGREGATOR|research-node|akshare@1.18.97|stock_margin_detail_szse,,,2026-09-26T08:16:45.276843+00:00,2024-03-04,CONSERVATIVE_T1,margin_szse,002440,True
2024-03-01,AGGREGATOR|research-node|akshare@1.18.97|stock_margin_detail_szse,,,2026-09-26T08:16:45.276843+00:00,2024-03-04,CONSERVATIVE_T1,margin_szse,002471,True
2024-03-01,AGGREGATOR|research-node|akshare@1.18.97|stock_margin_detail_szse,,,2026-09-26T08:16:45.276843+00:00,2024-03-04,CONSERVATIVE_T1,margin_szse,002736,True
2024-03-01,AGGREGATOR|research-node|akshare@1.18.97|stock_margin_detail_szse,,,2026-09-26T08:16:45.276843+00:00,2024-03-04,CONSERVATIVE_T1,margin_szse,300147,True
2024-03-01,AGGREGATOR|research-node|akshare@1.18.97|stock_margin_detail_szse,,,2026-09-26T08:16:45.276843+00:00,2024-03-04,CONSERVATIVE_T1,margin_szse,300921,True
2024-03-01,AGGREGATOR|research-node|akshare@1.18.97|stock_margin_detail_szse,,,2026-09-26T08:16:45.276843+00:00,2024-03-04,CONSERVATIVE_T1,margin_szse,300977,True
2024-03-04,AGGREGATOR|research-node|akshare@1.18.97|stock_margin_detail_szse,,,2026-09-26T08:16:47.543167+00:00,2024-03-05,CONSERVATIVE_T1,margin_szse,000685,True
2024-03-04,AGGREGATOR|research-node|akshare@1.18.97|stock_margin_detail_szse,,,2026-09-26T08:16:47.543167+00:00,2024-03-05,CONSERVATIVE_T1,margin_szse,000750,True
2024-03-04,AGGREGATOR|research-node|akshare@1.18.97|stock_margin_detail_szse,,,2026-09-26T08:16:47.543167+00:00,2024-03-05,CONSERVATIVE_T1,margin_szse,000783,True
2024-03-04,AGGREGATOR|research-node|akshare@1.18.97|stock_margin_detail_szse,,,2026-09-26T08:16:47.543167+00:00,2024-03-05,CONSERVATIVE_T1,margin_szse,000825,True
2024-03-04,AGGREGATOR|research-node|akshare@1.18.97|stock_margin_detail_szse,,,2026-09-26T08:16:47.543167+00:00,2024-03-05,CONSERVATIVE_T1,margin_szse,002354,True
2024-03-04,AGGREGATOR|research-node|akshare@1.18.97|stock_margin_detail_szse,,,2026-09-26T08:16:47.543167+00:00,2024-03-05,CONSERVATIVE_T1,margin_szse,002440,True
2024-03-04,AGGREGATOR|research-node|akshare@1.18.97|stock_margin_detail_szse,,,2026-09-26T08:16:47.543167+00:00,2024-03-05,CONSERVATIVE_T1,margin_szse,002471,True
2024-03-04,AGGREGATOR|research-node|akshare@1.18.97|stock_margin_detail_szse,,,2026-09-26T08:16:47.543167+00:00,2024-03-05,CONSERVATIVE_T1,margin_szse,002736,True
2024-03-04,AGGREGATOR|research-node|akshare@1.18.97|stock_margin_detail_szse,,,2026-09-26T08:16:47.543167+00:00,2024-03-05,CONSERVATIVE_T1,margin_szse,300147,True
2024-03-04,AGGREGATOR|research-node|akshare@1.18.97|stock_margin_detail_szse,,,2026-09-26T08:16:47.543167+00:00,2024-03-05,CONSERVATIVE_T1,margin_szse,300921,True
2024-03-04,AGGREGATOR|research-node|akshare@1.18.97|stock_margin_detail_szse,,,2026-09-26T08:16:47.543167+00:00,2024-03-05,CONSERVATIVE_T1,margin_szse,300977,True
2024-03-05,AGGREGATOR|research-node|akshare@1.18.97|stock_margin_detail_szse,,,2026-09-26T08:16:50.038459+00:00,2024-03-06,CONSERVATIVE_T1,margin_szse,000685,True
2024-03-05,AGGREGATOR|research-node|akshare@1.18.97|stock_margin_detail_szse,,,2026-09-26T08:16:50.038459+00:00,2024-03-06,CONSERVATIVE_T1,margin_szse,000750,True
2024-03-05,AGGREGATOR|research-node|akshare@1.18.97|stock_margin_detail_szse,,,2026-09-26T08:16:50.038459+00:00,2024-03-06,CONSERVATIVE_T1,margin_szse,000783,True
2024-03-05,AGGREGATOR|research-node|akshare@1.18.97|stock_margin_detail_szse,,,2026-09-26T08:16:50.038459+00:00,2024-03-06,CONSERVATIVE_T1,margin_szse,000825,True
2024-03-05,AGGREGATOR|research-node|akshare@1.18.97|stock_margin_detail_szse,,,2026-09-26T08:16:50.038459+00:00,2024-03-06,CONSERVATIVE_T1,margin_szse,002354,True
2024-03-05,AGGREGATOR|research-node|akshare@1.18.97|stock_margin_detail_szse,,,2026-09-26T08:16:50.038459+00:00,2024-03-06,CONSERVATIVE_T1,margin_szse,002440,True
2024-03-05,AGGREGATOR|research-node|akshare@1.18.97|stock_margin_detail_szse,,,2026-09-26T08:16:50.038459+00:00,2024-03-06,CONSERVATIVE_T1,margin_szse,002471,True
2024-03-05,AGGREGATOR|research-node|akshare@1.18.97|stock_margin_detail_szse,,,2026-09-26T08:16:50.038459+00:00,2024-03-06,CONSERVATIVE_T1,margin_szse,002736,True
2024-03-05,AGGREGATOR|research-node|akshare@1.18.97|stock_margin_detail_szse,,,2026-09-26T08:16:50.038459+00:00,2024-03-06,CONSERVATIVE_T1,margin_szse,300147,True
2024-03-05,AGGREGATOR|research-node|akshare@1.18.97|stock_margin_detail_szse,,,2026-09-26T08:16:50.038459+00:00,2024-03-06,CONSERVATIVE_T1,margin_szse,300921,True
2024-03-05,AGGREGATOR|research-node|akshare@1.18.97|stock_margin_detail_szse,,,2026-09-26T08:16:50.038459+00:00,2024-03-06,CONSERVATIVE_T1,margin_szse,300977,True
2024-03-06,AGGREGATOR|research-node|akshare@1.18.97|stock_margin_detail_szse,,,2026-09-26T08:16:52.276802+00:00,2024-03-07,CONSERVATIVE_T1,margin_szse,000685,True
2024-03-06,AGGREGATOR|research-node|akshare@1.18.97|stock_margin_detail_szse,,,2026-09-26T08:16:52.276802+00:00,2024-03-07,CONSERVATIVE_T1,margin_szse,000750,True
2024-03-06,AGGREGATOR|research-node|akshare@1.18.97|stock_margin_detail_szse,,,2026-09-26T08:16:52.276802+00:00,2024-03-07,CONSERVATIVE_T1,margin_szse,000783,True
2024-03-06,AGGREGATOR|research-node|akshare@1.18.97|stock_margin_detail_szse,,,2026-09-26T08:16:52.276802+00:00,2024-03-07,CONSERVATIVE_T1,margin_szse,000825,True
2024-03-06,AGGREGATOR|research-node|akshare@1.18.97|stock_margin_detail_szse,,,2026-09-26T08:16:52.276802+00:00,2024-03-07,CONSERVATIVE_T1,margin_szse,002354,True
2024-03-06,AGGREGATOR|research-node|akshare@1.18.97|stock_margin_detail_szse,,,2026-09-26T08:16:52.276802+00:00,2024-03-07,CONSERVATIVE_T1,margin_szse,002440,True
2024-03-06,AGGREGATOR|research-node|akshare@1.18.97|stock_margin_detail_szse,,,2026-09-26T08:16:52.276802+00:00,2024-03-07,CONSERVATIVE_T1,margin_szse,002471,True
2024-03-06,AGGREGATOR|research-node|akshare@1.18.97|stock_margin_detail_szse,,,2026-09-26T08:16:52.276802+00:00,2024-03-07,CONSERVATIVE_T1,margin_szse,002736,True
2024-03-06,AGGREGATOR|research-node|akshare@1.18.97|stock_margin_detail_szse,,,2026-09-26T08:16:52.276802+00:00,2024-03-07,CONSERVATIVE_T1,margin_szse,300147,True
2024-03-06,AGGREGATOR|research-node|akshare@1.18.97|stock_margin_detail_szse,,,2026-09-26T08:16:52.276802+00:00,2024-03-07,CONSERVATIVE_T1,margin_szse,300921,True
2024-03-06,AGGREGATOR|research-node|akshare@1.18.97|stock_margin_detail_szse,,,2026-09-26T08:16:52.276802+00:00,2024-03-07,CONSERVATIVE_T1,margin_szse,300977,True
2024-03-07,AGGREGATOR|research-node|akshare@1.18.97|stock_margin_detail_szse,,,2026-09-26T08:16:54.721741+00:00,2024-03-08,CONSERVATIVE_T1,margin_szse,000685,True
2024-03-07,AGGREGATOR|research-node|akshare@1.18.97|stock_margin_detail_szse,,,2026-09-26T08:16:54.721741+00:00,2024-03-08,CONSERVATIVE_T1,margin_szse,000750,True
2024-03-07,AGGREGATOR|research-node|akshare@1.18.97|stock_margin_detail_szse,,,2026-09-26T08:16:54.721741+00:00,2024-03-08,CONSERVATIVE_T1,margin_szse,000783,True
2024-03-07,AGGREGATOR|research-node|akshare@1.18.97|stock_margin_detail_szse,,,2026-09-26T08:16:54.721741+00:00,2024-03-08,CONSERVATIVE_T1,margin_szse,000825,True
2024-03-07,AGGREGATOR|research-node|akshare@1.18.97|stock_margin_detail_szse,,,2026-09-26T08:16:54.721741+00:00,2024-03-08,CONSERVATIVE_T1,margin_szse,002354,True
2024-03-07,AGGREGATOR|research-node|akshare@1.18.97|stock_margin_detail_szse,,,2026-09-26T08:16:54.721741+00:00,2024-03-08,CONSERVATIVE_T1,margin_szse,002440,True
2024-03-07,AGGREGATOR|research-node|akshare@1.18.97|stock_margin_detail_szse,,,2026-09-26T08:16:54.721741+00:00,2024-03-08,CONSERVATIVE_T1,margin_szse,002471,True
2024-03-07,AGGREGATOR|research-node|akshare@1.18.97|stock_margin_detail_szse,,,2026-09-26T08:16:54.721741+00:00,2024-03-08,CONSERVATIVE_T1,margin_szse,002736,True
2024-03-07,AGGREGATOR|research-node|akshare@1.18.97|stock_margin_detail_szse,,,2026-09-26T08:16:54.721741+00:00,2024-03-08,CONSERVATIVE_T1,margin_szse,300147,True
2024-03-07,AGGREGATOR|research-node|akshare@1.18.97|stock_margin_detail_szse,,,2026-09-26T08:16:54.721741+00:00,2024-03-08,CONSERVATIVE_T1,margin_szse,300921,True
2024-03-07,AGGREGATOR|research-node|akshare@1.18.97|stock_margin_detail_szse,,,2026-09-26T08:16:54.721741+00:00,2024-03-08,CONSERVATIVE_T1,margin_szse,300977,True
2024-03-08,AGGREGATOR|research-node|akshare@1.18.97|stock_margin_detail_szse,,,2026-09-26T08:16:56.981688+00:00,2024-03-11,CONSERVATIVE_T1,margin_szse,000685,True
2024-03-08,AGGREGATOR|research-node|akshare@1.18.97|stock_margin_detail_szse,,,2026-09-26T08:16:56.981688+00:00,2024-03-11,CONSERVATIVE_T1,margin_szse,000750,True
2024-03-08,AGGREGATOR|research-node|akshare@1.18.97|stock_margin_detail_szse,,,2026-09-26T08:16:56.981688+00:00,2024-03-11,CONSERVATIVE_T1,margin_szse,000783,True
2024-03-08,AGGREGATOR|research-node|akshare@1.18.97|stock_margin_detail_szse,,,2026-09-26T08:16:56.981688+00:00,2024-03-11,CONSERVATIVE_T1,margin_szse,000825,True
2024-03-08,AGGREGATOR|research-node|akshare@1.18.97|stock_margin_detail_szse,,,2026-09-26T08:16:56.981688+00:00,2024-03-11,CONSERVATIVE_T1,margin_szse,002354,True
2024-03-08,AGGREGATOR|research-node|akshare@1.18.97|stock_margin_detail_szse,,,2026-09-26T08:16:56.981688+00:00,2024-03-11,CONSERVATIVE_T1,margin_szse,002440,True
2024-03-08,AGGREGATOR|research-node|akshare@1.18.97|stock_margin_detail_szse,,,2026-09-26T08:16:56.981688+00:00,2024-03-11,CONSERVATIVE_T1,margin_szse,002471,True
2024-03-08,AGGREGATOR|research-node|akshare@1.18.97|stock_margin_detail_szse,,,2026-09-26T08:16:56.981688+00:00,2024-03-11,CONSERVATIVE_T1,margin_szse,002736,True
2024-03-08,AGGREGATOR|research-node|akshare@1.18.97|stock_margin_detail_szse,,,2026-09-26T08:16:56.981688+00:00,2024-03-11,CONSERVATIVE_T1,margin_szse,300147,True
2024-03-08,AGGREGATOR|research-node|akshare@1.18.97|stock_margin_detail_szse,,,2026-09-26T08:16:56.981688+00:00,2024-03-11,CONSERVATIVE_T1,margin_szse,300977,True
2024-03-11,AGGREGATOR|research-node|akshare@1.18.97|stock_margin_detail_szse,,,2026-09-26T08:16:59.370231+00:00,2024-03-12,CONSERVATIVE_T1,margin_szse,000685,True
2024-03-11,AGGREGATOR|research-node|akshare@1.18.97|stock_margin_detail_szse,,,2026-09-26T08:16:59.370231+00:00,2024-03-12,CONSERVATIVE_T1,margin_szse,000750,True
2024-03-11,AGGREGATOR|research-node|akshare@1.18.97|stock_margin_detail_szse,,,2026-09-26T08:16:59.370231+00:00,2024-03-12,CONSERVATIVE_T1,margin_szse,000783,True
2024-03-11,AGGREGATOR|research-node|akshare@1.18.97|stock_margin_detail_szse,,,2026-09-26T08:16:59.370231+00:00,2024-03-12,CONSERVATIVE_T1,margin_szse,000825,True
2024-03-11,AGGREGATOR|research-node|akshare@1.18.97|stock_margin_detail_szse,,,2026-09-26T08:16:59.370231+00:00,2024-03-12,CONSERVATIVE_T1,margin_szse,002354,True
2024-03-11,AGGREGATOR|research-node|akshare@1.18.97|stock_margin_detail_szse,,,2026-09-26T08:16:59.370231+00:00,2024-03-12,CONSERVATIVE_T1,margin_szse,002440,True
2024-03-11,AGGREGATOR|research-node|akshare@1.18.97|stock_margin_detail_szse,,,2026-09-26T08:16:59.370231+00:00,2024-03-12,CONSERVATIVE_T1,margin_szse,002471,True
2024-03-11,AGGREGATOR|research-node|akshare@1.18.97|stock_margin_detail_szse,,,2026-09-26T08:16:59.370231+00:00,2024-03-12,CONSERVATIVE_T1,margin_szse,002736,True
2024-03-11,AGGREGATOR|research-node|akshare@1.18.97|stock_margin_detail_szse,,,2026-09-26T08:16:59.370231+00:00,2024-03-12,CONSERVATIVE_T1,margin_szse,300147,True
2024-03-11,AGGREGATOR|research-node|akshare@1.18.97|stock_margin_detail_szse,,,2026-09-26T08:16:59.370231+00:00,2024-03-12,CONSERVATIVE_T1,margin_szse,300977,True
2024-03-12,AGGREGATOR|research-node|akshare@1.18.97|stock_margin_detail_szse,,,2026-09-26T08:17:01.829079+00:00,2024-03-13,CONSERVATIVE_T1,margin_szse,000685,True
2024-03-12,AGGREGATOR|research-node|akshare@1.18.97|stock_margin_detail_szse,,,2026-09-26T08:17:01.829079+00:00,2024-03-13,CONSERVATIVE_T1,margin_szse,000750,True
2024-03-12,AGGREGATOR|research-node|akshare@1.18.97|stock_margin_detail_szse,,,2026-09-26T08:17:01.829079+00:00,2024-03-13,CONSERVATIVE_T1,margin_szse,000783,True
2024-03-12,AGGREGATOR|research-node|akshare@1.18.97|stock_margin_detail_szse,,,2026-09-26T08:17:01.829079+00:00,2024-03-13,CONSERVATIVE_T1,margin_szse,000825,True
2024-03-12,AGGREGATOR|research-node|akshare@1.18.97|stock_margin_detail_szse,,,2026-09-26T08:17:01.829079+00:00,2024-03-13,CONSERVATIVE_T1,margin_szse,002354,True
2024-03-12,AGGREGATOR|research-node|akshare@1.18.97|stock_margin_detail_szse,,,2026-09-26T08:17:01.829079+00:00,2024-03-13,CONSERVATIVE_T1,margin_szse,002440,True
2024-03-12,AGGREGATOR|research-node|akshare@1.18.97|stock_margin_detail_szse,,,2026-09-26T08:17:01.829079+00:00,2024-03-13,CONSERVATIVE_T1,margin_szse,002471,True
2024-03-12,AGGREGATOR|research-node|akshare@1.18.97|stock_margin_detail_szse,,,2026-09-26T08:17:01.829079+00:00,2024-03-13,CONSERVATIVE_T1,margin_szse,002736,True
2024-03-12,AGGREGATOR|research-node|akshare@1.18.97|stock_margin_detail_szse,,,2026-09-26T08:17:01.829079+00:00,2024-03-13,CONSERVATIVE_T1,margin_szse,300147,True
2024-03-12,AGGREGATOR|research-node|akshare@1.18.97|stock_margin_detail_szse,,,2026-09-26T08:17:01.829079+00:00,2024-03-13,CONSERVATIVE_T1,margin_szse,300977,True
2024-03-13,AGGREGATOR|research-node|akshare@1.18.97|stock_margin_detail_szse,,,2026-09-26T08:17:04.170513+00:00,2024-03-14,CONSERVATIVE_T1,margin_szse,000685,True
2024-03-13,AGGREGATOR|research-node|akshare@1.18.97|stock_margin_detail_szse,,,2026-09-26T08:17:04.170513+00:00,2024-03-14,CONSERVATIVE_T1,margin_szse,000750,True
2024-03-13,AGGREGATOR|research-node|akshare@1.18.97|stock_margin_detail_szse,,,2026-09-26T08:17:04.170513+00:00,2024-03-14,CONSERVATIVE_T1,margin_szse,000783,True
2024-03-13,AGGREGATOR|research-node|akshare@1.18.97|stock_margin_detail_szse,,,2026-09-26T08:17:04.170513+00:00,2024-03-14,CONSERVATIVE_T1,margin_szse,000825,True
2024-03-13,AGGREGATOR|research-node|akshare@1.18.97|stock_margin_detail_szse,,,2026-09-26T08:17:04.170513+00:00,2024-03-14,CONSERVATIVE_T1,margin_szse,002354,True
2024-03-13,AGGREGATOR|research-node|akshare@1.18.97|stock_margin_detail_szse,,,2026-09-26T08:17:04.170513+00:00,2024-03-14,CONSERVATIVE_T1,margin_szse,002440,True
2024-03-13,AGGREGATOR|research-node|akshare@1.18.97|stock_margin_detail_szse,,,2026-09-26T08:17:04.170513+00:00,2024-03-14,CONSERVATIVE_T1,margin_szse,002471,True
2024-03-13,AGGREGATOR|research-node|akshare@1.18.97|stock_margin_detail_szse,,,2026-09-26T08:17:04.170513+00:00,2024-03-14,CONSERVATIVE_T1,margin_szse,002736,True
2024-03-13,AGGREGATOR|research-node|akshare@1.18.97|stock_margin_detail_szse,,,2026-09-26T08:17:04.170513+00:00,2024-03-14,CONSERVATIVE_T1,margin_szse,300147,True
2024-03-13,AGGREGATOR|research-node|akshare@1.18.97|stock_margin_detail_szse,,,2026-09-26T08:17:04.170513+00:00,2024-03-14,CONSERVATIVE_T1,margin_szse,300977,True
2024-03-14,AGGREGATOR|research-node|akshare@1.18.97|stock_margin_detail_szse,,,2026-09-26T08:17:06.372078+00:00,2024-03-15,CONSERVATIVE_T1,margin_szse,000685,True
2024-03-14,AGGREGATOR|research-node|akshare@1.18.97|stock_margin_detail_szse,,,2026-09-26T08:17:06.372078+00:00,2024-03-15,CONSERVATIVE_T1,margin_szse,000750,True
2024-03-14,AGGREGATOR|research-node|akshare@1.18.97|stock_margin_detail_szse,,,2026-09-26T08:17:06.372078+00:00,2024-03-15,CONSERVATIVE_T1,margin_szse,000783,True
2024-03-14,AGGREGATOR|research-node|akshare@1.18.97|stock_margin_detail_szse,,,2026-09-26T08:17:06.372078+00:00,2024-03-15,CONSERVATIVE_T1,margin_szse,000825,True
2024-03-14,AGGREGATOR|research-node|akshare@1.18.97|stock_margin_detail_szse,,,2026-09-26T08:17:06.372078+00:00,2024-03-15,CONSERVATIVE_T1,margin_szse,002354,True
2024-03-14,AGGREGATOR|research-node|akshare@1.18.97|stock_margin_detail_szse,,,2026-09-26T08:17:06.372078+00:00,2024-03-15,CONSERVATIVE_T1,margin_szse,002440,True
2024-03-14,AGGREGATOR|research-node|akshare@1.18.97|stock_margin_detail_szse,,,2026-09-26T08:17:06.372078+00:00,2024-03-15,CONSERVATIVE_T1,margin_szse,002471,True
2024-03-14,AGGREGATOR|research-node|akshare@1.18.97|stock_margin_detail_szse,,,2026-09-26T08:17:06.372078+00:00,2024-03-15,CONSERVATIVE_T1,margin_szse,002736,True
2024-03-14,AGGREGATOR|research-node|akshare@1.18.97|stock_margin_detail_szse,,,2026-09-26T08:17:06.372078+00:00,2024-03-15,CONSERVATIVE_T1,margin_szse,300147,True
2024-03-14,AGGREGATOR|research-node|akshare@1.18.97|stock_margin_detail_szse,,,2026-09-26T08:17:06.372078+00:00,2024-03-15,CONSERVATIVE_T1,margin_szse,300977,True
2024-03-15,AGGREGATOR|research-node|akshare@1.18.97|stock_margin_detail_szse,,,2026-09-26T08:17:08.789195+00:00,2024-03-18,CONSERVATIVE_T1,margin_szse,000685,True
2024-03-15,AGGREGATOR|research-node|akshare@1.18.97|stock_margin_detail_szse,,,2026-09-26T08:17:08.789195+00:00,2024-03-18,CONSERVATIVE_T1,margin_szse,000750,True
2024-03-15,AGGREGATOR|research-node|akshare@1.18.97|stock_margin_detail_szse,,,2026-09-26T08:17:08.789195+00:00,2024-03-18,CONSERVATIVE_T1,margin_szse,000783,True
2024-03-15,AGGREGATOR|research-node|akshare@1.18.97|stock_margin_detail_szse,,,2026-09-26T08:17:08.789195+00:00,2024-03-18,CONSERVATIVE_T1,margin_szse,000825,True
2024-03-15,AGGREGATOR|research-node|akshare@1.18.97|stock_margin_detail_szse,,,2026-09-26T08:17:08.789195+00:00,2024-03-18,CONSERVATIVE_T1,margin_szse,002354,True
2024-03-15,AGGREGATOR|research-node|akshare@1.18.97|stock_margin_detail_szse,,,2026-09-26T08:17:08.789195+00:00,2024-03-18,CONSERVATIVE_T1,margin_szse,002440,True
2024-03-15,AGGREGATOR|research-node|akshare@1.18.97|stock_margin_detail_szse,,,2026-09-26T08:17:08.789195+00:00,2024-03-18,CONSERVATIVE_T1,margin_szse,002471,True
2024-03-15,AGGREGATOR|research-node|akshare@1.18.97|stock_margin_detail_szse,,,2026-09-26T08:17:08.789195+00:00,2024-03-18,CONSERVATIVE_T1,margin_szse,002736,True
2024-03-15,AGGREGATOR|research-node|akshare@1.18.97|stock_margin_detail_szse,,,2026-09-26T08:17:08.789195+00:00,2024-03-18,CONSERVATIVE_T1,margin_szse,300147,True
2024-03-15,AGGREGATOR|research-node|akshare@1.18.97|stock_margin_detail_szse,,,2026-09-26T08:17:08.789195+00:00,2024-03-18,CONSERVATIVE_T1,margin_szse,300977,True
2024-03-18,AGGREGATOR|research-node|akshare@1.18.97|stock_margin_detail_szse,,,2026-09-26T08:17:11.196217+00:00,2024-03-19,CONSERVATIVE_T1,margin_szse,000685,True
2024-03-18,AGGREGATOR|research-node|akshare@1.18.97|stock_margin_detail_szse,,,2026-09-26T08:17:11.196217+00:00,2024-03-19,CONSERVATIVE_T1,margin_szse,000750,True
2024-03-18,AGGREGATOR|research-node|akshare@1.18.97|stock_margin_detail_szse,,,2026-09-26T08:17:11.196217+00:00,2024-03-19,CONSERVATIVE_T1,margin_szse,000783,True
2024-03-18,AGGREGATOR|research-node|akshare@1.18.97|stock_margin_detail_szse,,,2026-09-26T08:17:11.196217+00:00,2024-03-19,CONSERVATIVE_T1,margin_szse,000825,True
2024-03-18,AGGREGATOR|research-node|akshare@1.18.97|stock_margin_detail_szse,,,2026-09-26T08:17:11.196217+00:00,2024-03-19,CONSERVATIVE_T1,margin_szse,002354,True
2024-03-18,AGGREGATOR|research-node|akshare@1.18.97|stock_margin_detail_szse,,,2026-09-26T08:17:11.196217+00:00,2024-03-19,CONSERVATIVE_T1,margin_szse,002440,True
2024-03-18,AGGREGATOR|research-node|akshare@1.18.97|stock_margin_detail_szse,,,2026-09-26T08:17:11.196217+00:00,2024-03-19,CONSERVATIVE_T1,margin_szse,002471,True
2024-03-18,AGGREGATOR|research-node|akshare@1.18.97|stock_margin_detail_szse,,,2026-09-26T08:17:11.196217+00:00,2024-03-19,CONSERVATIVE_T1,margin_szse,002736,True
2024-03-18,AGGREGATOR|research-node|akshare@1.18.97|stock_margin_detail_szse,,,2026-09-26T08:17:11.196217+00:00,2024-03-19,CONSERVATIVE_T1,margin_szse,300147,True
2024-03-18,AGGREGATOR|research-node|akshare@1.18.97|stock_margin_detail_szse,,,2026-09-26T08:17:11.196217+00:00,2024-03-19,CONSERVATIVE_T1,margin_szse,300977,True
2024-03-19,AGGREGATOR|research-node|akshare@1.18.97|stock_margin_detail_szse,,,2026-09-26T08:17:13.558688+00:00,2024-03-20,CONSERVATIVE_T1,margin_szse,000685,True
2024-03-19,AGGREGATOR|research-node|akshare@1.18.97|stock_margin_detail_szse,,,2026-09-26T08:17:13.558688+00:00,2024-03-20,CONSERVATIVE_T1,margin_szse,000750,True
2024-03-19,AGGREGATOR|research-node|akshare@1.18.97|stock_margin_detail_szse,,,2026-09-26T08:17:13.558688+00:00,2024-03-20,CONSERVATIVE_T1,margin_szse,000783,True
2024-03-19,AGGREGATOR|research-node|akshare@1.18.97|stock_margin_detail_szse,,,2026-09-26T08:17:13.558688+00:00,2024-03-20,CONSERVATIVE_T1,margin_szse,000825,True
2024-03-19,AGGREGATOR|research-node|akshare@1.18.97|stock_margin_detail_szse,,,2026-09-26T08:17:13.558688+00:00,2024-03-20,CONSERVATIVE_T1,margin_szse,002354,True
2024-03-19,AGGREGATOR|research-node|akshare@1.18.97|stock_margin_detail_szse,,,2026-09-26T08:17:13.558688+00:00,2024-03-20,CONSERVATIVE_T1,margin_szse,002440,True
2024-03-19,AGGREGATOR|research-node|akshare@1.18.97|stock_margin_detail_szse,,,2026-09-26T08:17:13.558688+00:00,2024-03-20,CONSERVATIVE_T1,margin_szse,002471,True
2024-03-19,AGGREGATOR|research-node|akshare@1.18.97|stock_margin_detail_szse,,,2026-09-26T08:17:13.558688+00:00,2024-03-20,CONSERVATIVE_T1,margin_szse,002736,True
2024-03-19,AGGREGATOR|research-node|akshare@1.18.97|stock_margin_detail_szse,,,2026-09-26T08:17:13.558688+00:00,2024-03-20,CONSERVATIVE_T1,margin_szse,300147,True
2024-03-19,AGGREGATOR|research-node|akshare@1.18.97|stock_margin_detail_szse,,,2026-09-26T08:17:13.558688+00:00,2024-03-20,CONSERVATIVE_T1,margin_szse,300977,True
2024-03-20,AGGREGATOR|research-node|akshare@1.18.97|stock_margin_detail_szse,,,2026-09-26T08:17:16.083327+00:00,2024-03-21,CONSERVATIVE_T1,margin_szse,000685,True
2024-03-20,AGGREGATOR|research-node|akshare@1.18.97|stock_margin_detail_szse,,,2026-09-26T08:17:16.083327+00:00,2024-03-21,CONSERVATIVE_T1,margin_szse,000750,True
2024-03-20,AGGREGATOR|research-node|akshare@1.18.97|stock_margin_detail_szse,,,2026-09-26T08:17:16.083327+00:00,2024-03-21,CONSERVATIVE_T1,margin_szse,000783,True
2024-03-20,AGGREGATOR|research-node|akshare@1.18.97|stock_margin_detail_szse,,,2026-09-26T08:17:16.083327+00:00,2024-03-21,CONSERVATIVE_T1,margin_szse,000825,True
2024-03-20,AGGREGATOR|research-node|akshare@1.18.97|stock_margin_detail_szse,,,2026-09-26T08:17:16.083327+00:00,2024-03-21,CONSERVATIVE_T1,margin_szse,002354,True
2024-03-20,AGGREGATOR|research-node|akshare@1.18.97|stock_margin_detail_szse,,,2026-09-26T08:17:16.083327+00:00,2024-03-21,CONSERVATIVE_T1,margin_szse,002440,True
2024-03-20,AGGREGATOR|research-node|akshare@1.18.97|stock_margin_detail_szse,,,2026-09-26T08:17:16.083327+00:00,2024-03-21,CONSERVATIVE_T1,margin_szse,002471,True
2024-03-20,AGGREGATOR|research-node|akshare@1.18.97|stock_margin_detail_szse,,,2026-09-26T08:17:16.083327+00:00,2024-03-21,CONSERVATIVE_T1,margin_szse,002736,True
2024-03-20,AGGREGATOR|research-node|akshare@1.18.97|stock_margin_detail_szse,,,2026-09-26T08:17:16.083327+00:00,2024-03-21,CONSERVATIVE_T1,margin_szse,300147,True
2024-03-20,AGGREGATOR|research-node|akshare@1.18.97|stock_margin_detail_szse,,,2026-09-26T08:17:16.083327+00:00,2024-03-21,CONSERVATIVE_T1,margin_szse,300977,True
2024-03-21,AGGREGATOR|research-node|akshare@1.18.97|stock_margin_detail_szse,,,2026-09-26T08:17:18.425839+00:00,2024-03-22,CONSERVATIVE_T1,margin_szse,000685,True
2024-03-21,AGGREGATOR|research-node|akshare@1.18.97|stock_margin_detail_szse,,,2026-09-26T08:17:18.425839+00:00,2024-03-22,CONSERVATIVE_T1,margin_szse,000750,True
2024-03-21,AGGREGATOR|research-node|akshare@1.18.97|stock_margin_detail_szse,,,2026-09-26T08:17:18.425839+00:00,2024-03-22,CONSERVATIVE_T1,margin_szse,000783,True
2024-03-21,AGGREGATOR|research-node|akshare@1.18.97|stock_margin_detail_szse,,,2026-09-26T08:17:18.425839+00:00,2024-03-22,CONSERVATIVE_T1,margin_szse,000825,True
2024-03-21,AGGREGATOR|research-node|akshare@1.18.97|stock_margin_detail_szse,,,2026-09-26T08:17:18.425839+00:00,2024-03-22,CONSERVATIVE_T1,margin_szse,002354,True
2024-03-21,AGGREGATOR|research-node|akshare@1.18.97|stock_margin_detail_szse,,,2026-09-26T08:17:18.425839+00:00,2024-03-22,CONSERVATIVE_T1,margin_szse,002440,True
2024-03-21,AGGREGATOR|research-node|akshare@1.18.97|stock_margin_detail_szse,,,2026-09-26T08:17:18.425839+00:00,2024-03-22,CONSERVATIVE_T1,margin_szse,002471,True
2024-03-21,AGGREGATOR|research-node|akshare@1.18.97|stock_margin_detail_szse,,,2026-09-26T08:17:18.425839+00:00,2024-03-22,CONSERVATIVE_T1,margin_szse,002736,True
2024-03-21,AGGREGATOR|research-node|akshare@1.18.97|stock_margin_detail_szse,,,2026-09-26T08:17:18.425839+00:00,2024-03-22,CONSERVATIVE_T1,margin_szse,300147,True
2024-03-21,AGGREGATOR|research-node|akshare@1.18.97|stock_margin_detail_szse,,,2026-09-26T08:17:18.425839+00:00,2024-03-22,CONSERVATIVE_T1,margin_szse,300977,True
2024-03-22,AGGREGATOR|research-node|akshare@1.18.97|stock_margin_detail_szse,,,2026-09-26T08:17:20.740199+00:00,2024-03-25,CONSERVATIVE_T1,margin_szse,000685,True
2024-03-22,AGGREGATOR|research-node|akshare@1.18.97|stock_margin_detail_szse,,,2026-09-26T08:17:20.740199+00:00,2024-03-25,CONSERVATIVE_T1,margin_szse,000750,True
2024-03-22,AGGREGATOR|research-node|akshare@1.18.97|stock_margin_detail_szse,,,2026-09-26T08:17:20.740199+00:00,2024-03-25,CONSERVATIVE_T1,margin_szse,000783,True
2024-03-22,AGGREGATOR|research-node|akshare@1.18.97|stock_margin_detail_szse,,,2026-09-26T08:17:20.740199+00:00,2024-03-25,CONSERVATIVE_T1,margin_szse,000825,True
2024-03-22,AGGREGATOR|research-node|akshare@1.18.97|stock_margin_detail_szse,,,2026-09-26T08:17:20.740199+00:00,2024-03-25,CONSERVATIVE_T1,margin_szse,002354,True
2024-03-22,AGGREGATOR|research-node|akshare@1.18.97|stock_margin_detail_szse,,,2026-09-26T08:17:20.740199+00:00,2024-03-25,CONSERVATIVE_T1,margin_szse,002440,True
2024-03-22,AGGREGATOR|research-node|akshare@1.18.97|stock_margin_detail_szse,,,2026-09-26T08:17:20.740199+00:00,2024-03-25,CONSERVATIVE_T1,margin_szse,002471,True
2024-03-22,AGGREGATOR|research-node|akshare@1.18.97|stock_margin_detail_szse,,,2026-09-26T08:17:20.740199+00:00,2024-03-25,CONSERVATIVE_T1,margin_szse,002736,True
2024-03-22,AGGREGATOR|research-node|akshare@1.18.97|stock_margin_detail_szse,,,2026-09-26T08:17:20.740199+00:00,2024-03-25,CONSERVATIVE_T1,margin_szse,300147,True
2024-03-22,AGGREGATOR|research-node|akshare@1.18.97|stock_margin_detail_szse,,,2026-09-26T08:17:20.740199+00:00,2024-03-25,CONSERVATIVE_T1,margin_szse,300977,True
2024-03-25,AGGREGATOR|research-node|akshare@1.18.97|stock_margin_detail_szse,,,2026-09-26T08:17:23.058266+00:00,2024-03-26,CONSERVATIVE_T1,margin_szse,000685,True
2024-03-25,AGGREGATOR|research-node|akshare@1.18.97|stock_margin_detail_szse,,,2026-09-26T08:17:23.058266+00:00,2024-03-26,CONSERVATIVE_T1,margin_szse,000750,True
2024-03-25,AGGREGATOR|research-node|akshare@1.18.97|stock_margin_detail_szse,,,2026-09-26T08:17:23.058266+00:00,2024-03-26,CONSERVATIVE_T1,margin_szse,000783,True
2024-03-25,AGGREGATOR|research-node|akshare@1.18.97|stock_margin_detail_szse,,,2026-09-26T08:17:23.058266+00:00,2024-03-26,CONSERVATIVE_T1,margin_szse,000825,True
2024-03-25,AGGREGATOR|research-node|akshare@1.18.97|stock_margin_detail_szse,,,2026-09-26T08:17:23.058266+00:00,2024-03-26,CONSERVATIVE_T1,margin_szse,002354,True
2024-03-25,AGGREGATOR|research-node|akshare@1.18.97|stock_margin_detail_szse,,,2026-09-26T08:17:23.058266+00:00,2024-03-26,CONSERVATIVE_T1,margin_szse,002440,True
2024-03-25,AGGREGATOR|research-node|akshare@1.18.97|stock_margin_detail_szse,,,2026-09-26T08:17:23.058266+00:00,2024-03-26,CONSERVATIVE_T1,margin_szse,002471,True
2024-03-25,AGGREGATOR|research-node|akshare@1.18.97|stock_margin_detail_szse,,,2026-09-26T08:17:23.058266+00:00,2024-03-26,CONSERVATIVE_T1,margin_szse,002736,True
2024-03-25,AGGREGATOR|research-node|akshare@1.18.97|stock_margin_detail_szse,,,2026-09-26T08:17:23.058266+00:00,2024-03-26,CONSERVATIVE_T1,margin_szse,300147,True
2024-03-25,AGGREGATOR|research-node|akshare@1.18.97|stock_margin_detail_szse,,,2026-09-26T08:17:23.058266+00:00,2024-03-26,CONSERVATIVE_T1,margin_szse,300977,True
2024-03-26,AGGREGATOR|research-node|akshare@1.18.97|stock_margin_detail_szse,,,2026-09-26T08:17:25.408434+00:00,2024-03-27,CONSERVATIVE_T1,margin_szse,000685,True
2024-03-26,AGGREGATOR|research-node|akshare@1.18.97|stock_margin_detail_szse,,,2026-09-26T08:17:25.408434+00:00,2024-03-27,CONSERVATIVE_T1,margin_szse,000750,True
2024-03-26,AGGREGATOR|research-node|akshare@1.18.97|stock_margin_detail_szse,,,2026-09-26T08:17:25.408434+00:00,2024-03-27,CONSERVATIVE_T1,margin_szse,000783,True
2024-03-26,AGGREGATOR|research-node|akshare@1.18.97|stock_margin_detail_szse,,,2026-09-26T08:17:25.408434+00:00,2024-03-27,CONSERVATIVE_T1,margin_szse,000825,True
2024-03-26,AGGREGATOR|research-node|akshare@1.18.97|stock_margin_detail_szse,,,2026-09-26T08:17:25.408434+00:00,2024-03-27,CONSERVATIVE_T1,margin_szse,002354,True
2024-03-26,AGGREGATOR|research-node|akshare@1.18.97|stock_margin_detail_szse,,,2026-09-26T08:17:25.408434+00:00,2024-03-27,CONSERVATIVE_T1,margin_szse,002440,True
2024-03-26,AGGREGATOR|research-node|akshare@1.18.97|stock_margin_detail_szse,,,2026-09-26T08:17:25.408434+00:00,2024-03-27,CONSERVATIVE_T1,margin_szse,002471,True
2024-03-26,AGGREGATOR|research-node|akshare@1.18.97|stock_margin_detail_szse,,,2026-09-26T08:17:25.408434+00:00,2024-03-27,CONSERVATIVE_T1,margin_szse,002736,True
2024-03-26,AGGREGATOR|research-node|akshare@1.18.97|stock_margin_detail_szse,,,2026-09-26T08:17:25.408434+00:00,2024-03-27,CONSERVATIVE_T1,margin_szse,300147,True
2024-03-26,AGGREGATOR|research-node|akshare@1.18.97|stock_margin_detail_szse,,,2026-09-26T08:17:25.408434+00:00,2024-03-27,CONSERVATIVE_T1,margin_szse,300977,True
2024-03-27,AGGREGATOR|research-node|akshare@1.18.97|stock_margin_detail_szse,,,2026-09-26T08:17:27.607766+00:00,2024-03-28,CONSERVATIVE_T1,margin_szse,000685,True
2024-03-27,AGGREGATOR|research-node|akshare@1.18.97|stock_margin_detail_szse,,,2026-09-26T08:17:27.607766+00:00,2024-03-28,CONSERVATIVE_T1,margin_szse,000750,True
2024-03-27,AGGREGATOR|research-node|akshare@1.18.97|stock_margin_detail_szse,,,2026-09-26T08:17:27.607766+00:00,2024-03-28,CONSERVATIVE_T1,margin_szse,000783,True
2024-03-27,AGGREGATOR|research-node|akshare@1.18.97|stock_margin_detail_szse,,,2026-09-26T08:17:27.607766+00:00,2024-03-28,CONSERVATIVE_T1,margin_szse,000825,True
2024-03-27,AGGREGATOR|research-node|akshare@1.18.97|stock_margin_detail_szse,,,2026-09-26T08:17:27.607766+00:00,2024-03-28,CONSERVATIVE_T1,margin_szse,002354,True
2024-03-27,AGGREGATOR|research-node|akshare@1.18.97|stock_margin_detail_szse,,,2026-09-26T08:17:27.607766+00:00,2024-03-28,CONSERVATIVE_T1,margin_szse,002440,True
2024-03-27,AGGREGATOR|research-node|akshare@1.18.97|stock_margin_detail_szse,,,2026-09-26T08:17:27.607766+00:00,2024-03-28,CONSERVATIVE_T1,margin_szse,002471,True
2024-03-27,AGGREGATOR|research-node|akshare@1.18.97|stock_margin_detail_szse,,,2026-09-26T08:17:27.607766+00:00,2024-03-28,CONSERVATIVE_T1,margin_szse,002736,True
2024-03-27,AGGREGATOR|research-node|akshare@1.18.97|stock_margin_detail_szse,,,2026-09-26T08:17:27.607766+00:00,2024-03-28,CONSERVATIVE_T1,margin_szse,300147,True
2024-03-27,AGGREGATOR|research-node|akshare@1.18.97|stock_margin_detail_szse,,,2026-09-26T08:17:27.607766+00:00,2024-03-28,CONSERVATIVE_T1,margin_szse,300977,True
2024-03-28,AGGREGATOR|research-node|akshare@1.18.97|stock_margin_detail_szse,,,2026-09-26T08:17:30.001990+00:00,2024-03-29,CONSERVATIVE_T1,margin_szse,000685,True
2024-03-28,AGGREGATOR|research-node|akshare@1.18.97|stock_margin_detail_szse,,,2026-09-26T08:17:30.001990+00:00,2024-03-29,CONSERVATIVE_T1,margin_szse,000750,True
2024-03-28,AGGREGATOR|research-node|akshare@1.18.97|stock_margin_detail_szse,,,2026-09-26T08:17:30.001990+00:00,2024-03-29,CONSERVATIVE_T1,margin_szse,000783,True
2024-03-28,AGGREGATOR|research-node|akshare@1.18.97|stock_margin_detail_szse,,,2026-09-26T08:17:30.001990+00:00,2024-03-29,CONSERVATIVE_T1,margin_szse,000825,True
2024-03-28,AGGREGATOR|research-node|akshare@1.18.97|stock_margin_detail_szse,,,2026-09-26T08:17:30.001990+00:00,2024-03-29,CONSERVATIVE_T1,margin_szse,002354,True
2024-03-28,AGGREGATOR|research-node|akshare@1.18.97|stock_margin_detail_szse,,,2026-09-26T08:17:30.001990+00:00,2024-03-29,CONSERVATIVE_T1,margin_szse,002440,True
2024-03-28,AGGREGATOR|research-node|akshare@1.18.97|stock_margin_detail_szse,,,2026-09-26T08:17:30.001990+00:00,2024-03-29,CONSERVATIVE_T1,margin_szse,002471,True
2024-03-28,AGGREGATOR|research-node|akshare@1.18.97|stock_margin_detail_szse,,,2026-09-26T08:17:30.001990+00:00,2024-03-29,CONSERVATIVE_T1,margin_szse,002736,True
2024-03-28,AGGREGATOR|research-node|akshare@1.18.97|stock_margin_detail_szse,,,2026-09-26T08:17:30.001990+00:00,2024-03-29,CONSERVATIVE_T1,margin_szse,300147,True
2024-03-28,AGGREGATOR|research-node|akshare@1.18.97|stock_margin_detail_szse,,,2026-09-26T08:17:30.001990+00:00,2024-03-29,CONSERVATIVE_T1,margin_szse,300977,True
2024-03-29,AGGREGATOR|research-node|akshare@1.18.97|stock_margin_detail_szse,,,2026-09-26T08:17:32.328096+00:00,2024-04-01,CONSERVATIVE_T1,margin_szse,000685,True
2024-03-29,AGGREGATOR|research-node|akshare@1.18.97|stock_margin_detail_szse,,,2026-09-26T08:17:32.328096+00:00,2024-04-01,CONSERVATIVE_T1,margin_szse,000750,True
2024-03-29,AGGREGATOR|research-node|akshare@1.18.97|stock_margin_detail_szse,,,2026-09-26T08:17:32.328096+00:00,2024-04-01,CONSERVATIVE_T1,margin_szse,000783,True
2024-03-29,AGGREGATOR|research-node|akshare@1.18.97|stock_margin_detail_szse,,,2026-09-26T08:17:32.328096+00:00,2024-04-01,CONSERVATIVE_T1,margin_szse,000825,True
2024-03-29,AGGREGATOR|research-node|akshare@1.18.97|stock_margin_detail_szse,,,2026-09-26T08:17:32.328096+00:00,2024-04-01,CONSERVATIVE_T1,margin_szse,002354,True
2024-03-29,AGGREGATOR|research-node|akshare@1.18.97|stock_margin_detail_szse,,,2026-09-26T08:17:32.328096+00:00,2024-04-01,CONSERVATIVE_T1,margin_szse,002440,True
2024-03-29,AGGREGATOR|research-node|akshare@1.18.97|stock_margin_detail_szse,,,2026-09-26T08:17:32.328096+00:00,2024-04-01,CONSERVATIVE_T1,margin_szse,002471,True
2024-03-29,AGGREGATOR|research-node|akshare@1.18.97|stock_margin_detail_szse,,,2026-09-26T08:17:32.328096+00:00,2024-04-01,CONSERVATIVE_T1,margin_szse,002736,True
2024-03-29,AGGREGATOR|research-node|akshare@1.18.97|stock_margin_detail_szse,,,2026-09-26T08:17:32.328096+00:00,2024-04-01,CONSERVATIVE_T1,margin_szse,300147,True
2024-03-29,AGGREGATOR|research-node|akshare@1.18.97|stock_margin_detail_szse,,,2026-09-26T08:17:32.328096+00:00,2024-04-01,CONSERVATIVE_T1,margin_szse,300977,True
2024-04-01,AGGREGATOR|research-node|akshare@1.18.97|stock_margin_detail_szse,,,2026-09-26T08:17:34.638073+00:00,2024-04-02,CONSERVATIVE_T1,margin_szse,000685,True
2024-04-01,AGGREGATOR|research-node|akshare@1.18.97|stock_margin_detail_szse,,,2026-09-26T08:17:34.638073+00:00,2024-04-02,CONSERVATIVE_T1,margin_szse,000750,True
2024-04-01,AGGREGATOR|research-node|akshare@1.18.97|stock_margin_detail_szse,,,2026-09-26T08:17:34.638073+00:00,2024-04-02,CONSERVATIVE_T1,margin_szse,000783,True
2024-04-01,AGGREGATOR|research-node|akshare@1.18.97|stock_margin_detail_szse,,,2026-09-26T08:17:34.638073+00:00,2024-04-02,CONSERVATIVE_T1,margin_szse,000825,True
2024-04-01,AGGREGATOR|research-node|akshare@1.18.97|stock_margin_detail_szse,,,2026-09-26T08:17:34.638073+00:00,2024-04-02,CONSERVATIVE_T1,margin_szse,002354,True
2024-04-01,AGGREGATOR|research-node|akshare@1.18.97|stock_margin_detail_szse,,,2026-09-26T08:17:34.638073+00:00,2024-04-02,CONSERVATIVE_T1,margin_szse,002440,True
2024-04-01,AGGREGATOR|research-node|akshare@1.18.97|stock_margin_detail_szse,,,2026-09-26T08:17:34.638073+00:00,2024-04-02,CONSERVATIVE_T1,margin_szse,002471,True
2024-04-01,AGGREGATOR|research-node|akshare@1.18.97|stock_margin_detail_szse,,,2026-09-26T08:17:34.638073+00:00,2024-04-02,CONSERVATIVE_T1,margin_szse,002736,True
2024-04-01,AGGREGATOR|research-node|akshare@1.18.97|stock_margin_detail_szse,,,2026-09-26T08:17:34.638073+00:00,2024-04-02,CONSERVATIVE_T1,margin_szse,300147,True
2024-04-01,AGGREGATOR|research-node|akshare@1.18.97|stock_margin_detail_szse,,,2026-09-26T08:17:34.638073+00:00,2024-04-02,CONSERVATIVE_T1,margin_szse,300977,True
2024-04-02,AGGREGATOR|research-node|akshare@1.18.97|stock_margin_detail_szse,,,2026-09-26T08:17:37.080982+00:00,2024-04-03,CONSERVATIVE_T1,margin_szse,000685,True
2024-04-02,AGGREGATOR|research-node|akshare@1.18.97|stock_margin_detail_szse,,,2026-09-26T08:17:37.080982+00:00,2024-04-03,CONSERVATIVE_T1,margin_szse,000750,True
2024-04-02,AGGREGATOR|research-node|akshare@1.18.97|stock_margin_detail_szse,,,2026-09-26T08:17:37.080982+00:00,2024-04-03,CONSERVATIVE_T1,margin_szse,000783,True
2024-04-02,AGGREGATOR|research-node|akshare@1.18.97|stock_margin_detail_szse,,,2026-09-26T08:17:37.080982+00:00,2024-04-03,CONSERVATIVE_T1,margin_szse,000825,True
2024-04-02,AGGREGATOR|research-node|akshare@1.18.97|stock_margin_detail_szse,,,2026-09-26T08:17:37.080982+00:00,2024-04-03,CONSERVATIVE_T1,margin_szse,002354,True
2024-04-02,AGGREGATOR|research-node|akshare@1.18.97|stock_margin_detail_szse,,,2026-09-26T08:17:37.080982+00:00,2024-04-03,CONSERVATIVE_T1,margin_szse,002440,True
2024-04-02,AGGREGATOR|research-node|akshare@1.18.97|stock_margin_detail_szse,,,2026-09-26T08:17:37.080982+00:00,2024-04-03,CONSERVATIVE_T1,margin_szse,002471,True
2024-04-02,AGGREGATOR|research-node|akshare@1.18.97|stock_margin_detail_szse,,,2026-09-26T08:17:37.080982+00:00,2024-04-03,CONSERVATIVE_T1,margin_szse,002736,True
2024-04-02,AGGREGATOR|research-node|akshare@1.18.97|stock_margin_detail_szse,,,2026-09-26T08:17:37.080982+00:00,2024-04-03,CONSERVATIVE_T1,margin_szse,300147,True
2024-04-02,AGGREGATOR|research-node|akshare@1.18.97|stock_margin_detail_szse,,,2026-09-26T08:17:37.080982+00:00,2024-04-03,CONSERVATIVE_T1,margin_szse,300977,True
2024-04-03,AGGREGATOR|research-node|akshare@1.18.97|stock_margin_detail_szse,,,2026-09-26T08:17:39.401009+00:00,2024-04-08,CONSERVATIVE_T1,margin_szse,000685,True
2024-04-03,AGGREGATOR|research-node|akshare@1.18.97|stock_margin_detail_szse,,,2026-09-26T08:17:39.401009+00:00,2024-04-08,CONSERVATIVE_T1,margin_szse,000750,True
2024-04-03,AGGREGATOR|research-node|akshare@1.18.97|stock_margin_detail_szse,,,2026-09-26T08:17:39.401009+00:00,2024-04-08,CONSERVATIVE_T1,margin_szse,000783,True
2024-04-03,AGGREGATOR|research-node|akshare@1.18.97|stock_margin_detail_szse,,,2026-09-26T08:17:39.401009+00:00,2024-04-08,CONSERVATIVE_T1,margin_szse,000825,True
2024-04-03,AGGREGATOR|research-node|akshare@1.18.97|stock_margin_detail_szse,,,2026-09-26T08:17:39.401009+00:00,2024-04-08,CONSERVATIVE_T1,margin_szse,002354,True
2024-04-03,AGGREGATOR|research-node|akshare@1.18.97|stock_margin_detail_szse,,,2026-09-26T08:17:39.401009+00:00,2024-04-08,CONSERVATIVE_T1,margin_szse,002440,True
2024-04-03,AGGREGATOR|research-node|akshare@1.18.97|stock_margin_detail_szse,,,2026-09-26T08:17:39.401009+00:00,2024-04-08,CONSERVATIVE_T1,margin_szse,002471,True
2024-04-03,AGGREGATOR|research-node|akshare@1.18.97|stock_margin_detail_szse,,,2026-09-26T08:17:39.401009+00:00,2024-04-08,CONSERVATIVE_T1,margin_szse,002736,True
2024-04-03,AGGREGATOR|research-node|akshare@1.18.97|stock_margin_detail_szse,,,2026-09-26T08:17:39.401009+00:00,2024-04-08,CONSERVATIVE_T1,margin_szse,300147,True
2024-04-03,AGGREGATOR|research-node|akshare@1.18.97|stock_margin_detail_szse,,,2026-09-26T08:17:39.401009+00:00,2024-04-08,CONSERVATIVE_T1,margin_szse,300977,True
2024-04-08,AGGREGATOR|research-node|akshare@1.18.97|stock_margin_detail_szse,,,2026-09-26T08:17:41.871016+00:00,2024-04-09,CONSERVATIVE_T1,margin_szse,000685,True
2024-04-08,AGGREGATOR|research-node|akshare@1.18.97|stock_margin_detail_szse,,,2026-09-26T08:17:41.871016+00:00,2024-04-09,CONSERVATIVE_T1,margin_szse,000750,True
2024-04-08,AGGREGATOR|research-node|akshare@1.18.97|stock_margin_detail_szse,,,2026-09-26T08:17:41.871016+00:00,2024-04-09,CONSERVATIVE_T1,margin_szse,000783,True
2024-04-08,AGGREGATOR|research-node|akshare@1.18.97|stock_margin_detail_szse,,,2026-09-26T08:17:41.871016+00:00,2024-04-09,CONSERVATIVE_T1,margin_szse,000825,True
2024-04-08,AGGREGATOR|research-node|akshare@1.18.97|stock_margin_detail_szse,,,2026-09-26T08:17:41.871016+00:00,2024-04-09,CONSERVATIVE_T1,margin_szse,002354,True
2024-04-08,AGGREGATOR|research-node|akshare@1.18.97|stock_margin_detail_szse,,,2026-09-26T08:17:41.871016+00:00,2024-04-09,CONSERVATIVE_T1,margin_szse,002440,True
2024-04-08,AGGREGATOR|research-node|akshare@1.18.97|stock_margin_detail_szse,,,2026-09-26T08:17:41.871016+00:00,2024-04-09,CONSERVATIVE_T1,margin_szse,002471,True
2024-04-08,AGGREGATOR|research-node|akshare@1.18.97|stock_margin_detail_szse,,,2026-09-26T08:17:41.871016+00:00,2024-04-09,CONSERVATIVE_T1,margin_szse,002736,True
2024-04-08,AGGREGATOR|research-node|akshare@1.18.97|stock_margin_detail_szse,,,2026-09-26T08:17:41.871016+00:00,2024-04-09,CONSERVATIVE_T1,margin_szse,300147,True
2024-04-08,AGGREGATOR|research-node|akshare@1.18.97|stock_margin_detail_szse,,,2026-09-26T08:17:41.871016+00:00,2024-04-09,CONSERVATIVE_T1,margin_szse,300977,True
2024-04-09,AGGREGATOR|research-node|akshare@1.18.97|stock_margin_detail_szse,,,2026-09-26T08:17:44.128548+00:00,2024-04-10,CONSERVATIVE_T1,margin_szse,000685,True
2024-04-09,AGGREGATOR|research-node|akshare@1.18.97|stock_margin_detail_szse,,,2026-09-26T08:17:44.128548+00:00,2024-04-10,CONSERVATIVE_T1,margin_szse,000750,True
2024-04-09,AGGREGATOR|research-node|akshare@1.18.97|stock_margin_detail_szse,,,2026-09-26T08:17:44.128548+00:00,2024-04-10,CONSERVATIVE_T1,margin_szse,000783,True
2024-04-09,AGGREGATOR|research-node|akshare@1.18.97|stock_margin_detail_szse,,,2026-09-26T08:17:44.128548+00:00,2024-04-10,CONSERVATIVE_T1,margin_szse,000825,True
2024-04-09,AGGREGATOR|research-node|akshare@1.18.97|stock_margin_detail_szse,,,2026-09-26T08:17:44.128548+00:00,2024-04-10,CONSERVATIVE_T1,margin_szse,002354,True
2024-04-09,AGGREGATOR|research-node|akshare@1.18.97|stock_margin_detail_szse,,,2026-09-26T08:17:44.128548+00:00,2024-04-10,CONSERVATIVE_T1,margin_szse,002440,True
2024-04-09,AGGREGATOR|research-node|akshare@1.18.97|stock_margin_detail_szse,,,2026-09-26T08:17:44.128548+00:00,2024-04-10,CONSERVATIVE_T1,margin_szse,002471,True
2024-04-09,AGGREGATOR|research-node|akshare@1.18.97|stock_margin_detail_szse,,,2026-09-26T08:17:44.128548+00:00,2024-04-10,CONSERVATIVE_T1,margin_szse,002736,True
2024-04-09,AGGREGATOR|research-node|akshare@1.18.97|stock_margin_detail_szse,,,2026-09-26T08:17:44.128548+00:00,2024-04-10,CONSERVATIVE_T1,margin_szse,300147,True
2024-04-09,AGGREGATOR|research-node|akshare@1.18.97|stock_margin_detail_szse,,,2026-09-26T08:17:44.128548+00:00,2024-04-10,CONSERVATIVE_T1,margin_szse,300977,True
2024-04-10,AGGREGATOR|research-node|akshare@1.18.97|stock_margin_detail_szse,,,2026-09-26T08:17:46.426312+00:00,2024-04-11,CONSERVATIVE_T1,margin_szse,000685,True
2024-04-10,AGGREGATOR|research-node|akshare@1.18.97|stock_margin_detail_szse,,,2026-09-26T08:17:46.426312+00:00,2024-04-11,CONSERVATIVE_T1,margin_szse,000750,True
2024-04-10,AGGREGATOR|research-node|akshare@1.18.97|stock_margin_detail_szse,,,2026-09-26T08:17:46.426312+00:00,2024-04-11,CONSERVATIVE_T1,margin_szse,000783,True
2024-04-10,AGGREGATOR|research-node|akshare@1.18.97|stock_margin_detail_szse,,,2026-09-26T08:17:46.426312+00:00,2024-04-11,CONSERVATIVE_T1,margin_szse,000825,True
2024-04-10,AGGREGATOR|research-node|akshare@1.18.97|stock_margin_detail_szse,,,2026-09-26T08:17:46.426312+00:00,2024-04-11,CONSERVATIVE_T1,margin_szse,002354,True
2024-04-10,AGGREGATOR|research-node|akshare@1.18.97|stock_margin_detail_szse,,,2026-09-26T08:17:46.426312+00:00,2024-04-11,CONSERVATIVE_T1,margin_szse,002440,True
2024-04-10,AGGREGATOR|research-node|akshare@1.18.97|stock_margin_detail_szse,,,2026-09-26T08:17:46.426312+00:00,2024-04-11,CONSERVATIVE_T1,margin_szse,002471,True
2024-04-10,AGGREGATOR|research-node|akshare@1.18.97|stock_margin_detail_szse,,,2026-09-26T08:17:46.426312+00:00,2024-04-11,CONSERVATIVE_T1,margin_szse,002736,True
2024-04-10,AGGREGATOR|research-node|akshare@1.18.97|stock_margin_detail_szse,,,2026-09-26T08:17:46.426312+00:00,2024-04-11,CONSERVATIVE_T1,margin_szse,300147,True
2024-04-10,AGGREGATOR|research-node|akshare@1.18.97|stock_margin_detail_szse,,,2026-09-26T08:17:46.426312+00:00,2024-04-11,CONSERVATIVE_T1,margin_szse,300977,True
2024-04-11,AGGREGATOR|research-node|akshare@1.18.97|stock_margin_detail_szse,,,2026-09-26T08:17:48.794420+00:00,2024-04-12,CONSERVATIVE_T1,margin_szse,000685,True
2024-04-11,AGGREGATOR|research-node|akshare@1.18.97|stock_margin_detail_szse,,,2026-09-26T08:17:48.794420+00:00,2024-04-12,CONSERVATIVE_T1,margin_szse,000750,True
2024-04-11,AGGREGATOR|research-node|akshare@1.18.97|stock_margin_detail_szse,,,2026-09-26T08:17:48.794420+00:00,2024-04-12,CONSERVATIVE_T1,margin_szse,000783,True
2024-04-11,AGGREGATOR|research-node|akshare@1.18.97|stock_margin_detail_szse,,,2026-09-26T08:17:48.794420+00:00,2024-04-12,CONSERVATIVE_T1,margin_szse,000825,True
2024-04-11,AGGREGATOR|research-node|akshare@1.18.97|stock_margin_detail_szse,,,2026-09-26T08:17:48.794420+00:00,2024-04-12,CONSERVATIVE_T1,margin_szse,002354,True
2024-04-11,AGGREGATOR|research-node|akshare@1.18.97|stock_margin_detail_szse,,,2026-09-26T08:17:48.794420+00:00,2024-04-12,CONSERVATIVE_T1,margin_szse,002440,True
2024-04-11,AGGREGATOR|research-node|akshare@1.18.97|stock_margin_detail_szse,,,2026-09-26T08:17:48.794420+00:00,2024-04-12,CONSERVATIVE_T1,margin_szse,002471,True
2024-04-11,AGGREGATOR|research-node|akshare@1.18.97|stock_margin_detail_szse,,,2026-09-26T08:17:48.794420+00:00,2024-04-12,CONSERVATIVE_T1,margin_szse,002736,True
2024-04-11,AGGREGATOR|research-node|akshare@1.18.97|stock_margin_detail_szse,,,2026-09-26T08:17:48.794420+00:00,2024-04-12,CONSERVATIVE_T1,margin_szse,300147,True
2024-04-11,AGGREGATOR|research-node|akshare@1.18.97|stock_margin_detail_szse,,,2026-09-26T08:17:48.794420+00:00,2024-04-12,CONSERVATIVE_T1,margin_szse,300977,True
2024-04-12,AGGREGATOR|research-node|akshare@1.18.97|stock_margin_detail_szse,,,2026-09-26T08:17:51.154520+00:00,2024-04-15,CONSERVATIVE_T1,margin_szse,000685,True
2024-04-12,AGGREGATOR|research-node|akshare@1.18.97|stock_margin_detail_szse,,,2026-09-26T08:17:51.154520+00:00,2024-04-15,CONSERVATIVE_T1,margin_szse,000750,True
2024-04-12,AGGREGATOR|research-node|akshare@1.18.97|stock_margin_detail_szse,,,2026-09-26T08:17:51.154520+00:00,2024-04-15,CONSERVATIVE_T1,margin_szse,000783,True
2024-04-12,AGGREGATOR|research-node|akshare@1.18.97|stock_margin_detail_szse,,,2026-09-26T08:17:51.154520+00:00,2024-04-15,CONSERVATIVE_T1,margin_szse,000825,True
2024-04-12,AGGREGATOR|research-node|akshare@1.18.97|stock_margin_detail_szse,,,2026-09-26T08:17:51.154520+00:00,2024-04-15,CONSERVATIVE_T1,margin_szse,002354,True
2024-04-12,AGGREGATOR|research-node|akshare@1.18.97|stock_margin_detail_szse,,,2026-09-26T08:17:51.154520+00:00,2024-04-15,CONSERVATIVE_T1,margin_szse,002440,True
2024-04-12,AGGREGATOR|research-node|akshare@1.18.97|stock_margin_detail_szse,,,2026-09-26T08:17:51.154520+00:00,2024-04-15,CONSERVATIVE_T1,margin_szse,002471,True
2024-04-12,AGGREGATOR|research-node|akshare@1.18.97|stock_margin_detail_szse,,,2026-09-26T08:17:51.154520+00:00,2024-04-15,CONSERVATIVE_T1,margin_szse,002736,True
2024-04-12,AGGREGATOR|research-node|akshare@1.18.97|stock_margin_detail_szse,,,2026-09-26T08:17:51.154520+00:00,2024-04-15,CONSERVATIVE_T1,margin_szse,300147,True
2024-04-12,AGGREGATOR|research-node|akshare@1.18.97|stock_margin_detail_szse,,,2026-09-26T08:17:51.154520+00:00,2024-04-15,CONSERVATIVE_T1,margin_szse,300977,True
2024-04-15,AGGREGATOR|research-node|akshare@1.18.97|stock_margin_detail_szse,,,2026-09-26T08:17:53.485072+00:00,2024-04-16,CONSERVATIVE_T1,margin_szse,000685,True
2024-04-15,AGGREGATOR|research-node|akshare@1.18.97|stock_margin_detail_szse,,,2026-09-26T08:17:53.485072+00:00,2024-04-16,CONSERVATIVE_T1,margin_szse,000750,True
2024-04-15,AGGREGATOR|research-node|akshare@1.18.97|stock_margin_detail_szse,,,2026-09-26T08:17:53.485072+00:00,2024-04-16,CONSERVATIVE_T1,margin_szse,000783,True
2024-04-15,AGGREGATOR|research-node|akshare@1.18.97|stock_margin_detail_szse,,,2026-09-26T08:17:53.485072+00:00,2024-04-16,CONSERVATIVE_T1,margin_szse,000825,True
2024-04-15,AGGREGATOR|research-node|akshare@1.18.97|stock_margin_detail_szse,,,2026-09-26T08:17:53.485072+00:00,2024-04-16,CONSERVATIVE_T1,margin_szse,002354,True
2024-04-15,AGGREGATOR|research-node|akshare@1.18.97|stock_margin_detail_szse,,,2026-09-26T08:17:53.485072+00:00,2024-04-16,CONSERVATIVE_T1,margin_szse,002440,True
2024-04-15,AGGREGATOR|research-node|akshare@1.18.97|stock_margin_detail_szse,,,2026-09-26T08:17:53.485072+00:00,2024-04-16,CONSERVATIVE_T1,margin_szse,002471,True
2024-04-15,AGGREGATOR|research-node|akshare@1.18.97|stock_margin_detail_szse,,,2026-09-26T08:17:53.485072+00:00,2024-04-16,CONSERVATIVE_T1,margin_szse,002736,True
2024-04-15,AGGREGATOR|research-node|akshare@1.18.97|stock_margin_detail_szse,,,2026-09-26T08:17:53.485072+00:00,2024-04-16,CONSERVATIVE_T1,margin_szse,300147,True
2024-04-15,AGGREGATOR|research-node|akshare@1.18.97|stock_margin_detail_szse,,,2026-09-26T08:17:53.485072+00:00,2024-04-16,CONSERVATIVE_T1,margin_szse,300977,True
2024-04-16,AGGREGATOR|research-node|akshare@1.18.97|stock_margin_detail_szse,,,2026-09-26T08:17:55.963205+00:00,2024-04-17,CONSERVATIVE_T1,margin_szse,000685,True
2024-04-16,AGGREGATOR|research-node|akshare@1.18.97|stock_margin_detail_szse,,,2026-09-26T08:17:55.963205+00:00,2024-04-17,CONSERVATIVE_T1,margin_szse,000750,True
2024-04-16,AGGREGATOR|research-node|akshare@1.18.97|stock_margin_detail_szse,,,2026-09-26T08:17:55.963205+00:00,2024-04-17,CONSERVATIVE_T1,margin_szse,000783,True
2024-04-16,AGGREGATOR|research-node|akshare@1.18.97|stock_margin_detail_szse,,,2026-09-26T08:17:55.963205+00:00,2024-04-17,CONSERVATIVE_T1,margin_szse,000825,True
2024-04-16,AGGREGATOR|research-node|akshare@1.18.97|stock_margin_detail_szse,,,2026-09-26T08:17:55.963205+00:00,2024-04-17,CONSERVATIVE_T1,margin_szse,002354,True
2024-04-16,AGGREGATOR|research-node|akshare@1.18.97|stock_margin_detail_szse,,,2026-09-26T08:17:55.963205+00:00,2024-04-17,CONSERVATIVE_T1,margin_szse,002440,True
2024-04-16,AGGREGATOR|research-node|akshare@1.18.97|stock_margin_detail_szse,,,2026-09-26T08:17:55.963205+00:00,2024-04-17,CONSERVATIVE_T1,margin_szse,002471,True
2024-04-16,AGGREGATOR|research-node|akshare@1.18.97|stock_margin_detail_szse,,,2026-09-26T08:17:55.963205+00:00,2024-04-17,CONSERVATIVE_T1,margin_szse,002736,True
2024-04-16,AGGREGATOR|research-node|akshare@1.18.97|stock_margin_detail_szse,,,2026-09-26T08:17:55.963205+00:00,2024-04-17,CONSERVATIVE_T1,margin_szse,300147,True
2024-04-16,AGGREGATOR|research-node|akshare@1.18.97|stock_margin_detail_szse,,,2026-09-26T08:17:55.963205+00:00,2024-04-17,CONSERVATIVE_T1,margin_szse,300977,True
2024-04-17,AGGREGATOR|research-node|akshare@1.18.97|stock_margin_detail_szse,,,2026-09-26T08:17:58.393862+00:00,2024-04-18,CONSERVATIVE_T1,margin_szse,000685,True
2024-04-17,AGGREGATOR|research-node|akshare@1.18.97|stock_margin_detail_szse,,,2026-09-26T08:17:58.393862+00:00,2024-04-18,CONSERVATIVE_T1,margin_szse,000750,True
2024-04-17,AGGREGATOR|research-node|akshare@1.18.97|stock_margin_detail_szse,,,2026-09-26T08:17:58.393862+00:00,2024-04-18,CONSERVATIVE_T1,margin_szse,000783,True
2024-04-17,AGGREGATOR|research-node|akshare@1.18.97|stock_margin_detail_szse,,,2026-09-26T08:17:58.393862+00:00,2024-04-18,CONSERVATIVE_T1,margin_szse,000825,True
2024-04-17,AGGREGATOR|research-node|akshare@1.18.97|stock_margin_detail_szse,,,2026-09-26T08:17:58.393862+00:00,2024-04-18,CONSERVATIVE_T1,margin_szse,002354,True
2024-04-17,AGGREGATOR|research-node|akshare@1.18.97|stock_margin_detail_szse,,,2026-09-26T08:17:58.393862+00:00,2024-04-18,CONSERVATIVE_T1,margin_szse,002440,True
2024-04-17,AGGREGATOR|research-node|akshare@1.18.97|stock_margin_detail_szse,,,2026-09-26T08:17:58.393862+00:00,2024-04-18,CONSERVATIVE_T1,margin_szse,002471,True
2024-04-17,AGGREGATOR|research-node|akshare@1.18.97|stock_margin_detail_szse,,,2026-09-26T08:17:58.393862+00:00,2024-04-18,CONSERVATIVE_T1,margin_szse,002736,True
2024-04-17,AGGREGATOR|research-node|akshare@1.18.97|stock_margin_detail_szse,,,2026-09-26T08:17:58.393862+00:00,2024-04-18,CONSERVATIVE_T1,margin_szse,300147,True
2024-04-17,AGGREGATOR|research-node|akshare@1.18.97|stock_margin_detail_szse,,,2026-09-26T08:17:58.393862+00:00,2024-04-18,CONSERVATIVE_T1,margin_szse,300977,True
2024-04-18,AGGREGATOR|research-node|akshare@1.18.97|stock_margin_detail_szse,,,2026-09-26T08:18:00.786548+00:00,2024-04-19,CONSERVATIVE_T1,margin_szse,000685,True
2024-04-18,AGGREGATOR|research-node|akshare@1.18.97|stock_margin_detail_szse,,,2026-09-26T08:18:00.786548+00:00,2024-04-19,CONSERVATIVE_T1,margin_szse,000750,True
2024-04-18,AGGREGATOR|research-node|akshare@1.18.97|stock_margin_detail_szse,,,2026-09-26T08:18:00.786548+00:00,2024-04-19,CONSERVATIVE_T1,margin_szse,000783,True
2024-04-18,AGGREGATOR|research-node|akshare@1.18.97|stock_margin_detail_szse,,,2026-09-26T08:18:00.786548+00:00,2024-04-19,CONSERVATIVE_T1,margin_szse,000825,True
2024-04-18,AGGREGATOR|research-node|akshare@1.18.97|stock_margin_detail_szse,,,2026-09-26T08:18:00.786548+00:00,2024-04-19,CONSERVATIVE_T1,margin_szse,002354,True
2024-04-18,AGGREGATOR|research-node|akshare@1.18.97|stock_margin_detail_szse,,,2026-09-26T08:18:00.786548+00:00,2024-04-19,CONSERVATIVE_T1,margin_szse,002440,True
2024-04-18,AGGREGATOR|research-node|akshare@1.18.97|stock_margin_detail_szse,,,2026-09-26T08:18:00.786548+00:00,2024-04-19,CONSERVATIVE_T1,margin_szse,002471,True
2024-04-18,AGGREGATOR|research-node|akshare@1.18.97|stock_margin_detail_szse,,,2026-09-26T08:18:00.786548+00:00,2024-04-19,CONSERVATIVE_T1,margin_szse,002736,True
2024-04-18,AGGREGATOR|research-node|akshare@1.18.97|stock_margin_detail_szse,,,2026-09-26T08:18:00.786548+00:00,2024-04-19,CONSERVATIVE_T1,margin_szse,300147,True
2024-04-18,AGGREGATOR|research-node|akshare@1.18.97|stock_margin_detail_szse,,,2026-09-26T08:18:00.786548+00:00,2024-04-19,CONSERVATIVE_T1,margin_szse,300977,True
2024-04-19,AGGREGATOR|research-node|akshare@1.18.97|stock_margin_detail_szse,,,2026-09-26T08:18:03.215990+00:00,2024-04-22,CONSERVATIVE_T1,margin_szse,000685,True
2024-04-19,AGGREGATOR|research-node|akshare@1.18.97|stock_margin_detail_szse,,,2026-09-26T08:18:03.215990+00:00,2024-04-22,CONSERVATIVE_T1,margin_szse,000750,True
2024-04-19,AGGREGATOR|research-node|akshare@1.18.97|stock_margin_detail_szse,,,2026-09-26T08:18:03.215990+00:00,2024-04-22,CONSERVATIVE_T1,margin_szse,000783,True
2024-04-19,AGGREGATOR|research-node|akshare@1.18.97|stock_margin_detail_szse,,,2026-09-26T08:18:03.215990+00:00,2024-04-22,CONSERVATIVE_T1,margin_szse,000825,True
2024-04-19,AGGREGATOR|research-node|akshare@1.18.97|stock_margin_detail_szse,,,2026-09-26T08:18:03.215990+00:00,2024-04-22,CONSERVATIVE_T1,margin_szse,002354,True
2024-04-19,AGGREGATOR|research-node|akshare@1.18.97|stock_margin_detail_szse,,,2026-09-26T08:18:03.215990+00:00,2024-04-22,CONSERVATIVE_T1,margin_szse,002440,True
2024-04-19,AGGREGATOR|research-node|akshare@1.18.97|stock_margin_detail_szse,,,2026-09-26T08:18:03.215990+00:00,2024-04-22,CONSERVATIVE_T1,margin_szse,002471,True
2024-04-19,AGGREGATOR|research-node|akshare@1.18.97|stock_margin_detail_szse,,,2026-09-26T08:18:03.215990+00:00,2024-04-22,CONSERVATIVE_T1,margin_szse,002736,True
2024-04-19,AGGREGATOR|research-node|akshare@1.18.97|stock_margin_detail_szse,,,2026-09-26T08:18:03.215990+00:00,2024-04-22,CONSERVATIVE_T1,margin_szse,300147,True
2024-04-19,AGGREGATOR|research-node|akshare@1.18.97|stock_margin_detail_szse,,,2026-09-26T08:18:03.215990+00:00,2024-04-22,CONSERVATIVE_T1,margin_szse,300977,True
2024-04-22,AGGREGATOR|research-node|akshare@1.18.97|stock_margin_detail_szse,,,2026-09-26T08:18:05.554016+00:00,2024-04-23,CONSERVATIVE_T1,margin_szse,000685,True
2024-04-22,AGGREGATOR|research-node|akshare@1.18.97|stock_margin_detail_szse,,,2026-09-26T08:18:05.554016+00:00,2024-04-23,CONSERVATIVE_T1,margin_szse,000750,True
2024-04-22,AGGREGATOR|research-node|akshare@1.18.97|stock_margin_detail_szse,,,2026-09-26T08:18:05.554016+00:00,2024-04-23,CONSERVATIVE_T1,margin_szse,000783,True
2024-04-22,AGGREGATOR|research-node|akshare@1.18.97|stock_margin_detail_szse,,,2026-09-26T08:18:05.554016+00:00,2024-04-23,CONSERVATIVE_T1,margin_szse,000825,True
2024-04-22,AGGREGATOR|research-node|akshare@1.18.97|stock_margin_detail_szse,,,2026-09-26T08:18:05.554016+00:00,2024-04-23,CONSERVATIVE_T1,margin_szse,002354,True
2024-04-22,AGGREGATOR|research-node|akshare@1.18.97|stock_margin_detail_szse,,,2026-09-26T08:18:05.554016+00:00,2024-04-23,CONSERVATIVE_T1,margin_szse,002440,True
2024-04-22,AGGREGATOR|research-node|akshare@1.18.97|stock_margin_detail_szse,,,2026-09-26T08:18:05.554016+00:00,2024-04-23,CONSERVATIVE_T1,margin_szse,002471,True
2024-04-22,AGGREGATOR|research-node|akshare@1.18.97|stock_margin_detail_szse,,,2026-09-26T08:18:05.554016+00:00,2024-04-23,CONSERVATIVE_T1,margin_szse,002736,True
2024-04-22,AGGREGATOR|research-node|akshare@1.18.97|stock_margin_detail_szse,,,2026-09-26T08:18:05.554016+00:00,2024-04-23,CONSERVATIVE_T1,margin_szse,300147,True
2024-04-22,AGGREGATOR|research-node|akshare@1.18.97|stock_margin_detail_szse,,,2026-09-26T08:18:05.554016+00:00,2024-04-23,CONSERVATIVE_T1,margin_szse,300977,True
2024-04-23,AGGREGATOR|research-node|akshare@1.18.97|stock_margin_detail_szse,,,2026-09-26T08:18:07.959294+00:00,2024-04-24,CONSERVATIVE_T1,margin_szse,000685,True
2024-04-23,AGGREGATOR|research-node|akshare@1.18.97|stock_margin_detail_szse,,,2026-09-26T08:18:07.959294+00:00,2024-04-24,CONSERVATIVE_T1,margin_szse,000750,True
2024-04-23,AGGREGATOR|research-node|akshare@1.18.97|stock_margin_detail_szse,,,2026-09-26T08:18:07.959294+00:00,2024-04-24,CONSERVATIVE_T1,margin_szse,000783,True
2024-04-23,AGGREGATOR|research-node|akshare@1.18.97|stock_margin_detail_szse,,,2026-09-26T08:18:07.959294+00:00,2024-04-24,CONSERVATIVE_T1,margin_szse,000825,True
2024-04-23,AGGREGATOR|research-node|akshare@1.18.97|stock_margin_detail_szse,,,2026-09-26T08:18:07.959294+00:00,2024-04-24,CONSERVATIVE_T1,margin_szse,002354,True
2024-04-23,AGGREGATOR|research-node|akshare@1.18.97|stock_margin_detail_szse,,,2026-09-26T08:18:07.959294+00:00,2024-04-24,CONSERVATIVE_T1,margin_szse,002440,True
2024-04-23,AGGREGATOR|research-node|akshare@1.18.97|stock_margin_detail_szse,,,2026-09-26T08:18:07.959294+00:00,2024-04-24,CONSERVATIVE_T1,margin_szse,002471,True
2024-04-23,AGGREGATOR|research-node|akshare@1.18.97|stock_margin_detail_szse,,,2026-09-26T08:18:07.959294+00:00,2024-04-24,CONSERVATIVE_T1,margin_szse,002736,True
2024-04-23,AGGREGATOR|research-node|akshare@1.18.97|stock_margin_detail_szse,,,2026-09-26T08:18:07.959294+00:00,2024-04-24,CONSERVATIVE_T1,margin_szse,300147,True
2024-04-23,AGGREGATOR|research-node|akshare@1.18.97|stock_margin_detail_szse,,,2026-09-26T08:18:07.959294+00:00,2024-04-24,CONSERVATIVE_T1,margin_szse,300977,True
2024-04-24,AGGREGATOR|research-node|akshare@1.18.97|stock_margin_detail_szse,,,2026-09-26T08:18:10.395522+00:00,2024-04-25,CONSERVATIVE_T1,margin_szse,000685,True
2024-04-24,AGGREGATOR|research-node|akshare@1.18.97|stock_margin_detail_szse,,,2026-09-26T08:18:10.395522+00:00,2024-04-25,CONSERVATIVE_T1,margin_szse,000750,True
2024-04-24,AGGREGATOR|research-node|akshare@1.18.97|stock_margin_detail_szse,,,2026-09-26T08:18:10.395522+00:00,2024-04-25,CONSERVATIVE_T1,margin_szse,000783,True
2024-04-24,AGGREGATOR|research-node|akshare@1.18.97|stock_margin_detail_szse,,,2026-09-26T08:18:10.395522+00:00,2024-04-25,CONSERVATIVE_T1,margin_szse,000825,True
2024-04-24,AGGREGATOR|research-node|akshare@1.18.97|stock_margin_detail_szse,,,2026-09-26T08:18:10.395522+00:00,2024-04-25,CONSERVATIVE_T1,margin_szse,002354,True
2024-04-24,AGGREGATOR|research-node|akshare@1.18.97|stock_margin_detail_szse,,,2026-09-26T08:18:10.395522+00:00,2024-04-25,CONSERVATIVE_T1,margin_szse,002440,True
2024-04-24,AGGREGATOR|research-node|akshare@1.18.97|stock_margin_detail_szse,,,2026-09-26T08:18:10.395522+00:00,2024-04-25,CONSERVATIVE_T1,margin_szse,002471,True
2024-04-24,AGGREGATOR|research-node|akshare@1.18.97|stock_margin_detail_szse,,,2026-09-26T08:18:10.395522+00:00,2024-04-25,CONSERVATIVE_T1,margin_szse,002736,True
2024-04-24,AGGREGATOR|research-node|akshare@1.18.97|stock_margin_detail_szse,,,2026-09-26T08:18:10.395522+00:00,2024-04-25,CONSERVATIVE_T1,margin_szse,300147,True
2024-04-24,AGGREGATOR|research-node|akshare@1.18.97|stock_margin_detail_szse,,,2026-09-26T08:18:10.395522+00:00,2024-04-25,CONSERVATIVE_T1,margin_szse,300977,True
2024-04-25,AGGREGATOR|research-node|akshare@1.18.97|stock_margin_detail_szse,,,2026-09-26T08:18:12.759377+00:00,2024-04-26,CONSERVATIVE_T1,margin_szse,000685,True
2024-04-25,AGGREGATOR|research-node|akshare@1.18.97|stock_margin_detail_szse,,,2026-09-26T08:18:12.759377+00:00,2024-04-26,CONSERVATIVE_T1,margin_szse,000750,True
2024-04-25,AGGREGATOR|research-node|akshare@1.18.97|stock_margin_detail_szse,,,2026-09-26T08:18:12.759377+00:00,2024-04-26,CONSERVATIVE_T1,margin_szse,000783,True
2024-04-25,AGGREGATOR|research-node|akshare@1.18.97|stock_margin_detail_szse,,,2026-09-26T08:18:12.759377+00:00,2024-04-26,CONSERVATIVE_T1,margin_szse,000825,True
2024-04-25,AGGREGATOR|research-node|akshare@1.18.97|stock_margin_detail_szse,,,2026-09-26T08:18:12.759377+00:00,2024-04-26,CONSERVATIVE_T1,margin_szse,002354,True
2024-04-25,AGGREGATOR|research-node|akshare@1.18.97|stock_margin_detail_szse,,,2026-09-26T08:18:12.759377+00:00,2024-04-26,CONSERVATIVE_T1,margin_szse,002440,True
2024-04-25,AGGREGATOR|research-node|akshare@1.18.97|stock_margin_detail_szse,,,2026-09-26T08:18:12.759377+00:00,2024-04-26,CONSERVATIVE_T1,margin_szse,002471,True
2024-04-25,AGGREGATOR|research-node|akshare@1.18.97|stock_margin_detail_szse,,,2026-09-26T08:18:12.759377+00:00,2024-04-26,CONSERVATIVE_T1,margin_szse,002736,True
2024-04-25,AGGREGATOR|research-node|akshare@1.18.97|stock_margin_detail_szse,,,2026-09-26T08:18:12.759377+00:00,2024-04-26,CONSERVATIVE_T1,margin_szse,300147,True
2024-04-25,AGGREGATOR|research-node|akshare@1.18.97|stock_margin_detail_szse,,,2026-09-26T08:18:12.759377+00:00,2024-04-26,CONSERVATIVE_T1,margin_szse,300977,True
2024-04-26,AGGREGATOR|research-node|akshare@1.18.97|stock_margin_detail_szse,,,2026-09-26T08:18:15.150963+00:00,2024-04-29,CONSERVATIVE_T1,margin_szse,000685,True
2024-04-26,AGGREGATOR|research-node|akshare@1.18.97|stock_margin_detail_szse,,,2026-09-26T08:18:15.150963+00:00,2024-04-29,CONSERVATIVE_T1,margin_szse,000750,True
2024-04-26,AGGREGATOR|research-node|akshare@1.18.97|stock_margin_detail_szse,,,2026-09-26T08:18:15.150963+00:00,2024-04-29,CONSERVATIVE_T1,margin_szse,000783,True
2024-04-26,AGGREGATOR|research-node|akshare@1.18.97|stock_margin_detail_szse,,,2026-09-26T08:18:15.150963+00:00,2024-04-29,CONSERVATIVE_T1,margin_szse,000825,True
2024-04-26,AGGREGATOR|research-node|akshare@1.18.97|stock_margin_detail_szse,,,2026-09-26T08:18:15.150963+00:00,2024-04-29,CONSERVATIVE_T1,margin_szse,002354,True
2024-04-26,AGGREGATOR|research-node|akshare@1.18.97|stock_margin_detail_szse,,,2026-09-26T08:18:15.150963+00:00,2024-04-29,CONSERVATIVE_T1,margin_szse,002440,True
2024-04-26,AGGREGATOR|research-node|akshare@1.18.97|stock_margin_detail_szse,,,2026-09-26T08:18:15.150963+00:00,2024-04-29,CONSERVATIVE_T1,margin_szse,002471,True
2024-04-26,AGGREGATOR|research-node|akshare@1.18.97|stock_margin_detail_szse,,,2026-09-26T08:18:15.150963+00:00,2024-04-29,CONSERVATIVE_T1,margin_szse,002736,True
2024-04-26,AGGREGATOR|research-node|akshare@1.18.97|stock_margin_detail_szse,,,2026-09-26T08:18:15.150963+00:00,2024-04-29,CONSERVATIVE_T1,margin_szse,300147,True
2024-04-26,AGGREGATOR|research-node|akshare@1.18.97|stock_margin_detail_szse,,,2026-09-26T08:18:15.150963+00:00,2024-04-29,CONSERVATIVE_T1,margin_szse,300977,True
2024-04-29,AGGREGATOR|research-node|akshare@1.18.97|stock_margin_detail_szse,,,2026-09-26T08:18:17.469540+00:00,2024-04-30,CONSERVATIVE_T1,margin_szse,000685,True
2024-04-29,AGGREGATOR|research-node|akshare@1.18.97|stock_margin_detail_szse,,,2026-09-26T08:18:17.469540+00:00,2024-04-30,CONSERVATIVE_T1,margin_szse,000750,True
2024-04-29,AGGREGATOR|research-node|akshare@1.18.97|stock_margin_detail_szse,,,2026-09-26T08:18:17.469540+00:00,2024-04-30,CONSERVATIVE_T1,margin_szse,000783,True
2024-04-29,AGGREGATOR|research-node|akshare@1.18.97|stock_margin_detail_szse,,,2026-09-26T08:18:17.469540+00:00,2024-04-30,CONSERVATIVE_T1,margin_szse,000825,True
2024-04-29,AGGREGATOR|research-node|akshare@1.18.97|stock_margin_detail_szse,,,2026-09-26T08:18:17.469540+00:00,2024-04-30,CONSERVATIVE_T1,margin_szse,002354,True
2024-04-29,AGGREGATOR|research-node|akshare@1.18.97|stock_margin_detail_szse,,,2026-09-26T08:18:17.469540+00:00,2024-04-30,CONSERVATIVE_T1,margin_szse,002440,True
2024-04-29,AGGREGATOR|research-node|akshare@1.18.97|stock_margin_detail_szse,,,2026-09-26T08:18:17.469540+00:00,2024-04-30,CONSERVATIVE_T1,margin_szse,002471,True
2024-04-29,AGGREGATOR|research-node|akshare@1.18.97|stock_margin_detail_szse,,,2026-09-26T08:18:17.469540+00:00,2024-04-30,CONSERVATIVE_T1,margin_szse,002736,True
2024-04-29,AGGREGATOR|research-node|akshare@1.18.97|stock_margin_detail_szse,,,2026-09-26T08:18:17.469540+00:00,2024-04-30,CONSERVATIVE_T1,margin_szse,300147,True
2024-04-29,AGGREGATOR|research-node|akshare@1.18.97|stock_margin_detail_szse,,,2026-09-26T08:18:17.469540+00:00,2024-04-30,CONSERVATIVE_T1,margin_szse,300977,True
2024-04-30,AGGREGATOR|research-node|akshare@1.18.97|stock_margin_detail_szse,,,2026-09-26T08:18:19.850107+00:00,2024-05-06,CONSERVATIVE_T1,margin_szse,000685,True
2024-04-30,AGGREGATOR|research-node|akshare@1.18.97|stock_margin_detail_szse,,,2026-09-26T08:18:19.850107+00:00,2024-05-06,CONSERVATIVE_T1,margin_szse,000750,True
2024-04-30,AGGREGATOR|research-node|akshare@1.18.97|stock_margin_detail_szse,,,2026-09-26T08:18:19.850107+00:00,2024-05-06,CONSERVATIVE_T1,margin_szse,000783,True
2024-04-30,AGGREGATOR|research-node|akshare@1.18.97|stock_margin_detail_szse,,,2026-09-26T08:18:19.850107+00:00,2024-05-06,CONSERVATIVE_T1,margin_szse,000825,True
2024-04-30,AGGREGATOR|research-node|akshare@1.18.97|stock_margin_detail_szse,,,2026-09-26T08:18:19.850107+00:00,2024-05-06,CONSERVATIVE_T1,margin_szse,002354,True
2024-04-30,AGGREGATOR|research-node|akshare@1.18.97|stock_margin_detail_szse,,,2026-09-26T08:18:19.850107+00:00,2024-05-06,CONSERVATIVE_T1,margin_szse,002440,True
2024-04-30,AGGREGATOR|research-node|akshare@1.18.97|stock_margin_detail_szse,,,2026-09-26T08:18:19.850107+00:00,2024-05-06,CONSERVATIVE_T1,margin_szse,002471,True
2024-04-30,AGGREGATOR|research-node|akshare@1.18.97|stock_margin_detail_szse,,,2026-09-26T08:18:19.850107+00:00,2024-05-06,CONSERVATIVE_T1,margin_szse,002736,True
2024-04-30,AGGREGATOR|research-node|akshare@1.18.97|stock_margin_detail_szse,,,2026-09-26T08:18:19.850107+00:00,2024-05-06,CONSERVATIVE_T1,margin_szse,300147,True
2024-04-30,AGGREGATOR|research-node|akshare@1.18.97|stock_margin_detail_szse,,,2026-09-26T08:18:19.850107+00:00,2024-05-06,CONSERVATIVE_T1,margin_szse,300977,True
2024-05-06,AGGREGATOR|research-node|akshare@1.18.97|stock_margin_detail_szse,,,2026-09-26T08:18:22.439677+00:00,2024-05-07,CONSERVATIVE_T1,margin_szse,000685,True
2024-05-06,AGGREGATOR|research-node|akshare@1.18.97|stock_margin_detail_szse,,,2026-09-26T08:18:22.439677+00:00,2024-05-07,CONSERVATIVE_T1,margin_szse,000750,True
2024-05-06,AGGREGATOR|research-node|akshare@1.18.97|stock_margin_detail_szse,,,2026-09-26T08:18:22.439677+00:00,2024-05-07,CONSERVATIVE_T1,margin_szse,000783,True
2024-05-06,AGGREGATOR|research-node|akshare@1.18.97|stock_margin_detail_szse,,,2026-09-26T08:18:22.439677+00:00,2024-05-07,CONSERVATIVE_T1,margin_szse,000825,True
2024-05-06,AGGREGATOR|research-node|akshare@1.18.97|stock_margin_detail_szse,,,2026-09-26T08:18:22.439677+00:00,2024-05-07,CONSERVATIVE_T1,margin_szse,002354,True
2024-05-06,AGGREGATOR|research-node|akshare@1.18.97|stock_margin_detail_szse,,,2026-09-26T08:18:22.439677+00:00,2024-05-07,CONSERVATIVE_T1,margin_szse,002440,True
2024-05-06,AGGREGATOR|research-node|akshare@1.18.97|stock_margin_detail_szse,,,2026-09-26T08:18:22.439677+00:00,2024-05-07,CONSERVATIVE_T1,margin_szse,002471,True
2024-05-06,AGGREGATOR|research-node|akshare@1.18.97|stock_margin_detail_szse,,,2026-09-26T08:18:22.439677+00:00,2024-05-07,CONSERVATIVE_T1,margin_szse,002736,True
2024-05-06,AGGREGATOR|research-node|akshare@1.18.97|stock_margin_detail_szse,,,2026-09-26T08:18:22.439677+00:00,2024-05-07,CONSERVATIVE_T1,margin_szse,300147,True
2024-05-06,AGGREGATOR|research-node|akshare@1.18.97|stock_margin_detail_szse,,,2026-09-26T08:18:22.439677+00:00,2024-05-07,CONSERVATIVE_T1,margin_szse,300977,True
2024-05-07,AGGREGATOR|research-node|akshare@1.18.97|stock_margin_detail_szse,,,2026-09-26T08:18:24.766226+00:00,2024-05-08,CONSERVATIVE_T1,margin_szse,000685,True
2024-05-07,AGGREGATOR|research-node|akshare@1.18.97|stock_margin_detail_szse,,,2026-09-26T08:18:24.766226+00:00,2024-05-08,CONSERVATIVE_T1,margin_szse,000750,True
2024-05-07,AGGREGATOR|research-node|akshare@1.18.97|stock_margin_detail_szse,,,2026-09-26T08:18:24.766226+00:00,2024-05-08,CONSERVATIVE_T1,margin_szse,000783,True
2024-05-07,AGGREGATOR|research-node|akshare@1.18.97|stock_margin_detail_szse,,,2026-09-26T08:18:24.766226+00:00,2024-05-08,CONSERVATIVE_T1,margin_szse,000825,True
2024-05-07,AGGREGATOR|research-node|akshare@1.18.97|stock_margin_detail_szse,,,2026-09-26T08:18:24.766226+00:00,2024-05-08,CONSERVATIVE_T1,margin_szse,002354,True
2024-05-07,AGGREGATOR|research-node|akshare@1.18.97|stock_margin_detail_szse,,,2026-09-26T08:18:24.766226+00:00,2024-05-08,CONSERVATIVE_T1,margin_szse,002440,True
2024-05-07,AGGREGATOR|research-node|akshare@1.18.97|stock_margin_detail_szse,,,2026-09-26T08:18:24.766226+00:00,2024-05-08,CONSERVATIVE_T1,margin_szse,002471,True
2024-05-07,AGGREGATOR|research-node|akshare@1.18.97|stock_margin_detail_szse,,,2026-09-26T08:18:24.766226+00:00,2024-05-08,CONSERVATIVE_T1,margin_szse,002736,True
2024-05-07,AGGREGATOR|research-node|akshare@1.18.97|stock_margin_detail_szse,,,2026-09-26T08:18:24.766226+00:00,2024-05-08,CONSERVATIVE_T1,margin_szse,300147,True
2024-05-07,AGGREGATOR|research-node|akshare@1.18.97|stock_margin_detail_szse,,,2026-09-26T08:18:24.766226+00:00,2024-05-08,CONSERVATIVE_T1,margin_szse,300977,True
2024-05-08,AGGREGATOR|research-node|akshare@1.18.97|stock_margin_detail_szse,,,2026-09-26T08:18:27.087132+00:00,2024-05-09,CONSERVATIVE_T1,margin_szse,000685,True
2024-05-08,AGGREGATOR|research-node|akshare@1.18.97|stock_margin_detail_szse,,,2026-09-26T08:18:27.087132+00:00,2024-05-09,CONSERVATIVE_T1,margin_szse,000750,True
2024-05-08,AGGREGATOR|research-node|akshare@1.18.97|stock_margin_detail_szse,,,2026-09-26T08:18:27.087132+00:00,2024-05-09,CONSERVATIVE_T1,margin_szse,000783,True
2024-05-08,AGGREGATOR|research-node|akshare@1.18.97|stock_margin_detail_szse,,,2026-09-26T08:18:27.087132+00:00,2024-05-09,CONSERVATIVE_T1,margin_szse,000825,True
2024-05-08,AGGREGATOR|research-node|akshare@1.18.97|stock_margin_detail_szse,,,2026-09-26T08:18:27.087132+00:00,2024-05-09,CONSERVATIVE_T1,margin_szse,002354,True
2024-05-08,AGGREGATOR|research-node|akshare@1.18.97|stock_margin_detail_szse,,,2026-09-26T08:18:27.087132+00:00,2024-05-09,CONSERVATIVE_T1,margin_szse,002440,True
2024-05-08,AGGREGATOR|research-node|akshare@1.18.97|stock_margin_detail_szse,,,2026-09-26T08:18:27.087132+00:00,2024-05-09,CONSERVATIVE_T1,margin_szse,002471,True
2024-05-08,AGGREGATOR|research-node|akshare@1.18.97|stock_margin_detail_szse,,,2026-09-26T08:18:27.087132+00:00,2024-05-09,CONSERVATIVE_T1,margin_szse,002736,True
2024-05-08,AGGREGATOR|research-node|akshare@1.18.97|stock_margin_detail_szse,,,2026-09-26T08:18:27.087132+00:00,2024-05-09,CONSERVATIVE_T1,margin_szse,300147,True
2024-05-08,AGGREGATOR|research-node|akshare@1.18.97|stock_margin_detail_szse,,,2026-09-26T08:18:27.087132+00:00,2024-05-09,CONSERVATIVE_T1,margin_szse,300977,True
2024-05-09,AGGREGATOR|research-node|akshare@1.18.97|stock_margin_detail_szse,,,2026-09-26T08:18:29.484857+00:00,2024-05-10,CONSERVATIVE_T1,margin_szse,000685,True
2024-05-09,AGGREGATOR|research-node|akshare@1.18.97|stock_margin_detail_szse,,,2026-09-26T08:18:29.484857+00:00,2024-05-10,CONSERVATIVE_T1,margin_szse,000750,True
2024-05-09,AGGREGATOR|research-node|akshare@1.18.97|stock_margin_detail_szse,,,2026-09-26T08:18:29.484857+00:00,2024-05-10,CONSERVATIVE_T1,margin_szse,000783,True
2024-05-09,AGGREGATOR|research-node|akshare@1.18.97|stock_margin_detail_szse,,,2026-09-26T08:18:29.484857+00:00,2024-05-10,CONSERVATIVE_T1,margin_szse,000825,True
2024-05-09,AGGREGATOR|research-node|akshare@1.18.97|stock_margin_detail_szse,,,2026-09-26T08:18:29.484857+00:00,2024-05-10,CONSERVATIVE_T1,margin_szse,002354,True
2024-05-09,AGGREGATOR|research-node|akshare@1.18.97|stock_margin_detail_szse,,,2026-09-26T08:18:29.484857+00:00,2024-05-10,CONSERVATIVE_T1,margin_szse,002440,True
2024-05-09,AGGREGATOR|research-node|akshare@1.18.97|stock_margin_detail_szse,,,2026-09-26T08:18:29.484857+00:00,2024-05-10,CONSERVATIVE_T1,margin_szse,002471,True
2024-05-09,AGGREGATOR|research-node|akshare@1.18.97|stock_margin_detail_szse,,,2026-09-26T08:18:29.484857+00:00,2024-05-10,CONSERVATIVE_T1,margin_szse,002736,True
2024-05-09,AGGREGATOR|research-node|akshare@1.18.97|stock_margin_detail_szse,,,2026-09-26T08:18:29.484857+00:00,2024-05-10,CONSERVATIVE_T1,margin_szse,300147,True
2024-05-09,AGGREGATOR|research-node|akshare@1.18.97|stock_margin_detail_szse,,,2026-09-26T08:18:29.484857+00:00,2024-05-10,CONSERVATIVE_T1,margin_szse,300977,True
2024-05-10,AGGREGATOR|research-node|akshare@1.18.97|stock_margin_detail_szse,,,2026-09-26T08:18:31.693085+00:00,2024-05-13,CONSERVATIVE_T1,margin_szse,000685,True
2024-05-10,AGGREGATOR|research-node|akshare@1.18.97|stock_margin_detail_szse,,,2026-09-26T08:18:31.693085+00:00,2024-05-13,CONSERVATIVE_T1,margin_szse,000750,True
2024-05-10,AGGREGATOR|research-node|akshare@1.18.97|stock_margin_detail_szse,,,2026-09-26T08:18:31.693085+00:00,2024-05-13,CONSERVATIVE_T1,margin_szse,000783,True
2024-05-10,AGGREGATOR|research-node|akshare@1.18.97|stock_margin_detail_szse,,,2026-09-26T08:18:31.693085+00:00,2024-05-13,CONSERVATIVE_T1,margin_szse,000825,True
2024-05-10,AGGREGATOR|research-node|akshare@1.18.97|stock_margin_detail_szse,,,2026-09-26T08:18:31.693085+00:00,2024-05-13,CONSERVATIVE_T1,margin_szse,002354,True
2024-05-10,AGGREGATOR|research-node|akshare@1.18.97|stock_margin_detail_szse,,,2026-09-26T08:18:31.693085+00:00,2024-05-13,CONSERVATIVE_T1,margin_szse,002440,True
2024-05-10,AGGREGATOR|research-node|akshare@1.18.97|stock_margin_detail_szse,,,2026-09-26T08:18:31.693085+00:00,2024-05-13,CONSERVATIVE_T1,margin_szse,002471,True
2024-05-10,AGGREGATOR|research-node|akshare@1.18.97|stock_margin_detail_szse,,,2026-09-26T08:18:31.693085+00:00,2024-05-13,CONSERVATIVE_T1,margin_szse,002736,True
2024-05-10,AGGREGATOR|research-node|akshare@1.18.97|stock_margin_detail_szse,,,2026-09-26T08:18:31.693085+00:00,2024-05-13,CONSERVATIVE_T1,margin_szse,300147,True
2024-05-10,AGGREGATOR|research-node|akshare@1.18.97|stock_margin_detail_szse,,,2026-09-26T08:18:31.693085+00:00,2024-05-13,CONSERVATIVE_T1,margin_szse,300977,True
2024-05-13,AGGREGATOR|research-node|akshare@1.18.97|stock_margin_detail_szse,,,2026-09-26T08:18:33.982459+00:00,2024-05-14,CONSERVATIVE_T1,margin_szse,000685,True
2024-05-13,AGGREGATOR|research-node|akshare@1.18.97|stock_margin_detail_szse,,,2026-09-26T08:18:33.982459+00:00,2024-05-14,CONSERVATIVE_T1,margin_szse,000750,True
2024-05-13,AGGREGATOR|research-node|akshare@1.18.97|stock_margin_detail_szse,,,2026-09-26T08:18:33.982459+00:00,2024-05-14,CONSERVATIVE_T1,margin_szse,000783,True
2024-05-13,AGGREGATOR|research-node|akshare@1.18.97|stock_margin_detail_szse,,,2026-09-26T08:18:33.982459+00:00,2024-05-14,CONSERVATIVE_T1,margin_szse,000825,True
2024-05-13,AGGREGATOR|research-node|akshare@1.18.97|stock_margin_detail_szse,,,2026-09-26T08:18:33.982459+00:00,2024-05-14,CONSERVATIVE_T1,margin_szse,002354,True
2024-05-13,AGGREGATOR|research-node|akshare@1.18.97|stock_margin_detail_szse,,,2026-09-26T08:18:33.982459+00:00,2024-05-14,CONSERVATIVE_T1,margin_szse,002440,True
2024-05-13,AGGREGATOR|research-node|akshare@1.18.97|stock_margin_detail_szse,,,2026-09-26T08:18:33.982459+00:00,2024-05-14,CONSERVATIVE_T1,margin_szse,002471,True
2024-05-13,AGGREGATOR|research-node|akshare@1.18.97|stock_margin_detail_szse,,,2026-09-26T08:18:33.982459+00:00,2024-05-14,CONSERVATIVE_T1,margin_szse,002736,True
2024-05-13,AGGREGATOR|research-node|akshare@1.18.97|stock_margin_detail_szse,,,2026-09-26T08:18:33.982459+00:00,2024-05-14,CONSERVATIVE_T1,margin_szse,300147,True
2024-05-13,AGGREGATOR|research-node|akshare@1.18.97|stock_margin_detail_szse,,,2026-09-26T08:18:33.982459+00:00,2024-05-14,CONSERVATIVE_T1,margin_szse,300977,True
2024-05-14,AGGREGATOR|research-node|akshare@1.18.97|stock_margin_detail_szse,,,2026-09-26T08:18:36.465517+00:00,2024-05-15,CONSERVATIVE_T1,margin_szse,000685,True
2024-05-14,AGGREGATOR|research-node|akshare@1.18.97|stock_margin_detail_szse,,,2026-09-26T08:18:36.465517+00:00,2024-05-15,CONSERVATIVE_T1,margin_szse,000750,True
2024-05-14,AGGREGATOR|research-node|akshare@1.18.97|stock_margin_detail_szse,,,2026-09-26T08:18:36.465517+00:00,2024-05-15,CONSERVATIVE_T1,margin_szse,000783,True
2024-05-14,AGGREGATOR|research-node|akshare@1.18.97|stock_margin_detail_szse,,,2026-09-26T08:18:36.465517+00:00,2024-05-15,CONSERVATIVE_T1,margin_szse,000825,True
2024-05-14,AGGREGATOR|research-node|akshare@1.18.97|stock_margin_detail_szse,,,2026-09-26T08:18:36.465517+00:00,2024-05-15,CONSERVATIVE_T1,margin_szse,002354,True
2024-05-14,AGGREGATOR|research-node|akshare@1.18.97|stock_margin_detail_szse,,,2026-09-26T08:18:36.465517+00:00,2024-05-15,CONSERVATIVE_T1,margin_szse,002440,True
2024-05-14,AGGREGATOR|research-node|akshare@1.18.97|stock_margin_detail_szse,,,2026-09-26T08:18:36.465517+00:00,2024-05-15,CONSERVATIVE_T1,margin_szse,002471,True
2024-05-14,AGGREGATOR|research-node|akshare@1.18.97|stock_margin_detail_szse,,,2026-09-26T08:18:36.465517+00:00,2024-05-15,CONSERVATIVE_T1,margin_szse,002736,True
2024-05-14,AGGREGATOR|research-node|akshare@1.18.97|stock_margin_detail_szse,,,2026-09-26T08:18:36.465517+00:00,2024-05-15,CONSERVATIVE_T1,margin_szse,300147,True
2024-05-14,AGGREGATOR|research-node|akshare@1.18.97|stock_margin_detail_szse,,,2026-09-26T08:18:36.465517+00:00,2024-05-15,CONSERVATIVE_T1,margin_szse,300977,True
2024-05-15,AGGREGATOR|research-node|akshare@1.18.97|stock_margin_detail_szse,,,2026-09-26T08:18:38.803682+00:00,2024-05-16,CONSERVATIVE_T1,margin_szse,000685,True
2024-05-15,AGGREGATOR|research-node|akshare@1.18.97|stock_margin_detail_szse,,,2026-09-26T08:18:38.803682+00:00,2024-05-16,CONSERVATIVE_T1,margin_szse,000750,True
2024-05-15,AGGREGATOR|research-node|akshare@1.18.97|stock_margin_detail_szse,,,2026-09-26T08:18:38.803682+00:00,2024-05-16,CONSERVATIVE_T1,margin_szse,000783,True
2024-05-15,AGGREGATOR|research-node|akshare@1.18.97|stock_margin_detail_szse,,,2026-09-26T08:18:38.803682+00:00,2024-05-16,CONSERVATIVE_T1,margin_szse,000825,True
2024-05-15,AGGREGATOR|research-node|akshare@1.18.97|stock_margin_detail_szse,,,2026-09-26T08:18:38.803682+00:00,2024-05-16,CONSERVATIVE_T1,margin_szse,002354,True
2024-05-15,AGGREGATOR|research-node|akshare@1.18.97|stock_margin_detail_szse,,,2026-09-26T08:18:38.803682+00:00,2024-05-16,CONSERVATIVE_T1,margin_szse,002440,True
2024-05-15,AGGREGATOR|research-node|akshare@1.18.97|stock_margin_detail_szse,,,2026-09-26T08:18:38.803682+00:00,2024-05-16,CONSERVATIVE_T1,margin_szse,002471,True
2024-05-15,AGGREGATOR|research-node|akshare@1.18.97|stock_margin_detail_szse,,,2026-09-26T08:18:38.803682+00:00,2024-05-16,CONSERVATIVE_T1,margin_szse,002736,True
2024-05-15,AGGREGATOR|research-node|akshare@1.18.97|stock_margin_detail_szse,,,2026-09-26T08:18:38.803682+00:00,2024-05-16,CONSERVATIVE_T1,margin_szse,300147,True
2024-05-15,AGGREGATOR|research-node|akshare@1.18.97|stock_margin_detail_szse,,,2026-09-26T08:18:38.803682+00:00,2024-05-16,CONSERVATIVE_T1,margin_szse,300977,True
2024-05-16,AGGREGATOR|research-node|akshare@1.18.97|stock_margin_detail_szse,,,2026-09-26T08:18:41.054895+00:00,2024-05-17,CONSERVATIVE_T1,margin_szse,000685,True
2024-05-16,AGGREGATOR|research-node|akshare@1.18.97|stock_margin_detail_szse,,,2026-09-26T08:18:41.054895+00:00,2024-05-17,CONSERVATIVE_T1,margin_szse,000750,True
2024-05-16,AGGREGATOR|research-node|akshare@1.18.97|stock_margin_detail_szse,,,2026-09-26T08:18:41.054895+00:00,2024-05-17,CONSERVATIVE_T1,margin_szse,000783,True
2024-05-16,AGGREGATOR|research-node|akshare@1.18.97|stock_margin_detail_szse,,,2026-09-26T08:18:41.054895+00:00,2024-05-17,CONSERVATIVE_T1,margin_szse,000825,True
2024-05-16,AGGREGATOR|research-node|akshare@1.18.97|stock_margin_detail_szse,,,2026-09-26T08:18:41.054895+00:00,2024-05-17,CONSERVATIVE_T1,margin_szse,002354,True
2024-05-16,AGGREGATOR|research-node|akshare@1.18.97|stock_margin_detail_szse,,,2026-09-26T08:18:41.054895+00:00,2024-05-17,CONSERVATIVE_T1,margin_szse,002440,True
2024-05-16,AGGREGATOR|research-node|akshare@1.18.97|stock_margin_detail_szse,,,2026-09-26T08:18:41.054895+00:00,2024-05-17,CONSERVATIVE_T1,margin_szse,002471,True
2024-05-16,AGGREGATOR|research-node|akshare@1.18.97|stock_margin_detail_szse,,,2026-09-26T08:18:41.054895+00:00,2024-05-17,CONSERVATIVE_T1,margin_szse,002736,True
2024-05-16,AGGREGATOR|research-node|akshare@1.18.97|stock_margin_detail_szse,,,2026-09-26T08:18:41.054895+00:00,2024-05-17,CONSERVATIVE_T1,margin_szse,300147,True
2024-05-16,AGGREGATOR|research-node|akshare@1.18.97|stock_margin_detail_szse,,,2026-09-26T08:18:41.054895+00:00,2024-05-17,CONSERVATIVE_T1,margin_szse,300977,True
2024-05-17,AGGREGATOR|research-node|akshare@1.18.97|stock_margin_detail_szse,,,2026-09-26T08:18:43.444107+00:00,2024-05-20,CONSERVATIVE_T1,margin_szse,000685,True
2024-05-17,AGGREGATOR|research-node|akshare@1.18.97|stock_margin_detail_szse,,,2026-09-26T08:18:43.444107+00:00,2024-05-20,CONSERVATIVE_T1,margin_szse,000750,True
2024-05-17,AGGREGATOR|research-node|akshare@1.18.97|stock_margin_detail_szse,,,2026-09-26T08:18:43.444107+00:00,2024-05-20,CONSERVATIVE_T1,margin_szse,000783,True
2024-05-17,AGGREGATOR|research-node|akshare@1.18.97|stock_margin_detail_szse,,,2026-09-26T08:18:43.444107+00:00,2024-05-20,CONSERVATIVE_T1,margin_szse,000825,True
2024-05-17,AGGREGATOR|research-node|akshare@1.18.97|stock_margin_detail_szse,,,2026-09-26T08:18:43.444107+00:00,2024-05-20,CONSERVATIVE_T1,margin_szse,002354,True
2024-05-17,AGGREGATOR|research-node|akshare@1.18.97|stock_margin_detail_szse,,,2026-09-26T08:18:43.444107+00:00,2024-05-20,CONSERVATIVE_T1,margin_szse,002440,True
2024-05-17,AGGREGATOR|research-node|akshare@1.18.97|stock_margin_detail_szse,,,2026-09-26T08:18:43.444107+00:00,2024-05-20,CONSERVATIVE_T1,margin_szse,002471,True
2024-05-17,AGGREGATOR|research-node|akshare@1.18.97|stock_margin_detail_szse,,,2026-09-26T08:18:43.444107+00:00,2024-05-20,CONSERVATIVE_T1,margin_szse,002736,True
2024-05-17,AGGREGATOR|research-node|akshare@1.18.97|stock_margin_detail_szse,,,2026-09-26T08:18:43.444107+00:00,2024-05-20,CONSERVATIVE_T1,margin_szse,300147,True
2024-05-17,AGGREGATOR|research-node|akshare@1.18.97|stock_margin_detail_szse,,,2026-09-26T08:18:43.444107+00:00,2024-05-20,CONSERVATIVE_T1,margin_szse,300977,True
2024-05-20,AGGREGATOR|research-node|akshare@1.18.97|stock_margin_detail_szse,,,2026-09-26T08:18:45.789549+00:00,2024-05-21,CONSERVATIVE_T1,margin_szse,000685,True
2024-05-20,AGGREGATOR|research-node|akshare@1.18.97|stock_margin_detail_szse,,,2026-09-26T08:18:45.789549+00:00,2024-05-21,CONSERVATIVE_T1,margin_szse,000750,True
2024-05-20,AGGREGATOR|research-node|akshare@1.18.97|stock_margin_detail_szse,,,2026-09-26T08:18:45.789549+00:00,2024-05-21,CONSERVATIVE_T1,margin_szse,000783,True
2024-05-20,AGGREGATOR|research-node|akshare@1.18.97|stock_margin_detail_szse,,,2026-09-26T08:18:45.789549+00:00,2024-05-21,CONSERVATIVE_T1,margin_szse,000825,True
2024-05-20,AGGREGATOR|research-node|akshare@1.18.97|stock_margin_detail_szse,,,2026-09-26T08:18:45.789549+00:00,2024-05-21,CONSERVATIVE_T1,margin_szse,002354,True
2024-05-20,AGGREGATOR|research-node|akshare@1.18.97|stock_margin_detail_szse,,,2026-09-26T08:18:45.789549+00:00,2024-05-21,CONSERVATIVE_T1,margin_szse,002440,True
2024-05-20,AGGREGATOR|research-node|akshare@1.18.97|stock_margin_detail_szse,,,2026-09-26T08:18:45.789549+00:00,2024-05-21,CONSERVATIVE_T1,margin_szse,002471,True
2024-05-20,AGGREGATOR|research-node|akshare@1.18.97|stock_margin_detail_szse,,,2026-09-26T08:18:45.789549+00:00,2024-05-21,CONSERVATIVE_T1,margin_szse,002736,True
2024-05-20,AGGREGATOR|research-node|akshare@1.18.97|stock_margin_detail_szse,,,2026-09-26T08:18:45.789549+00:00,2024-05-21,CONSERVATIVE_T1,margin_szse,300147,True
2024-05-20,AGGREGATOR|research-node|akshare@1.18.97|stock_margin_detail_szse,,,2026-09-26T08:18:45.789549+00:00,2024-05-21,CONSERVATIVE_T1,margin_szse,300977,True
2024-05-21,AGGREGATOR|research-node|akshare@1.18.97|stock_margin_detail_szse,,,2026-09-26T08:18:48.148742+00:00,2024-05-22,CONSERVATIVE_T1,margin_szse,000685,True
2024-05-21,AGGREGATOR|research-node|akshare@1.18.97|stock_margin_detail_szse,,,2026-09-26T08:18:48.148742+00:00,2024-05-22,CONSERVATIVE_T1,margin_szse,000750,True
2024-05-21,AGGREGATOR|research-node|akshare@1.18.97|stock_margin_detail_szse,,,2026-09-26T08:18:48.148742+00:00,2024-05-22,CONSERVATIVE_T1,margin_szse,000783,True
2024-05-21,AGGREGATOR|research-node|akshare@1.18.97|stock_margin_detail_szse,,,2026-09-26T08:18:48.148742+00:00,2024-05-22,CONSERVATIVE_T1,margin_szse,000825,True
2024-05-21,AGGREGATOR|research-node|akshare@1.18.97|stock_margin_detail_szse,,,2026-09-26T08:18:48.148742+00:00,2024-05-22,CONSERVATIVE_T1,margin_szse,002354,True
2024-05-21,AGGREGATOR|research-node|akshare@1.18.97|stock_margin_detail_szse,,,2026-09-26T08:18:48.148742+00:00,2024-05-22,CONSERVATIVE_T1,margin_szse,002440,True
2024-05-21,AGGREGATOR|research-node|akshare@1.18.97|stock_margin_detail_szse,,,2026-09-26T08:18:48.148742+00:00,2024-05-22,CONSERVATIVE_T1,margin_szse,002471,True
2024-05-21,AGGREGATOR|research-node|akshare@1.18.97|stock_margin_detail_szse,,,2026-09-26T08:18:48.148742+00:00,2024-05-22,CONSERVATIVE_T1,margin_szse,002736,True
2024-05-21,AGGREGATOR|research-node|akshare@1.18.97|stock_margin_detail_szse,,,2026-09-26T08:18:48.148742+00:00,2024-05-22,CONSERVATIVE_T1,margin_szse,300147,True
2024-05-21,AGGREGATOR|research-node|akshare@1.18.97|stock_margin_detail_szse,,,2026-09-26T08:18:48.148742+00:00,2024-05-22,CONSERVATIVE_T1,margin_szse,300977,True
2024-05-22,AGGREGATOR|research-node|akshare@1.18.97|stock_margin_detail_szse,,,2026-09-26T08:18:50.559581+00:00,2024-05-23,CONSERVATIVE_T1,margin_szse,000685,True
2024-05-22,AGGREGATOR|research-node|akshare@1.18.97|stock_margin_detail_szse,,,2026-09-26T08:18:50.559581+00:00,2024-05-23,CONSERVATIVE_T1,margin_szse,000750,True
2024-05-22,AGGREGATOR|research-node|akshare@1.18.97|stock_margin_detail_szse,,,2026-09-26T08:18:50.559581+00:00,2024-05-23,CONSERVATIVE_T1,margin_szse,000783,True
2024-05-22,AGGREGATOR|research-node|akshare@1.18.97|stock_margin_detail_szse,,,2026-09-26T08:18:50.559581+00:00,2024-05-23,CONSERVATIVE_T1,margin_szse,000825,True
2024-05-22,AGGREGATOR|research-node|akshare@1.18.97|stock_margin_detail_szse,,,2026-09-26T08:18:50.559581+00:00,2024-05-23,CONSERVATIVE_T1,margin_szse,002354,True
2024-05-22,AGGREGATOR|research-node|akshare@1.18.97|stock_margin_detail_szse,,,2026-09-26T08:18:50.559581+00:00,2024-05-23,CONSERVATIVE_T1,margin_szse,002440,True
2024-05-22,AGGREGATOR|research-node|akshare@1.18.97|stock_margin_detail_szse,,,2026-09-26T08:18:50.559581+00:00,2024-05-23,CONSERVATIVE_T1,margin_szse,002471,True
2024-05-22,AGGREGATOR|research-node|akshare@1.18.97|stock_margin_detail_szse,,,2026-09-26T08:18:50.559581+00:00,2024-05-23,CONSERVATIVE_T1,margin_szse,002736,True
2024-05-22,AGGREGATOR|research-node|akshare@1.18.97|stock_margin_detail_szse,,,2026-09-26T08:18:50.559581+00:00,2024-05-23,CONSERVATIVE_T1,margin_szse,300147,True
2024-05-22,AGGREGATOR|research-node|akshare@1.18.97|stock_margin_detail_szse,,,2026-09-26T08:18:50.559581+00:00,2024-05-23,CONSERVATIVE_T1,margin_szse,300977,True
2024-05-23,AGGREGATOR|research-node|akshare@1.18.97|stock_margin_detail_szse,,,2026-09-26T08:18:52.945580+00:00,2024-05-24,CONSERVATIVE_T1,margin_szse,000685,True
2024-05-23,AGGREGATOR|research-node|akshare@1.18.97|stock_margin_detail_szse,,,2026-09-26T08:18:52.945580+00:00,2024-05-24,CONSERVATIVE_T1,margin_szse,000750,True
2024-05-23,AGGREGATOR|research-node|akshare@1.18.97|stock_margin_detail_szse,,,2026-09-26T08:18:52.945580+00:00,2024-05-24,CONSERVATIVE_T1,margin_szse,000783,True
2024-05-23,AGGREGATOR|research-node|akshare@1.18.97|stock_margin_detail_szse,,,2026-09-26T08:18:52.945580+00:00,2024-05-24,CONSERVATIVE_T1,margin_szse,000825,True
2024-05-23,AGGREGATOR|research-node|akshare@1.18.97|stock_margin_detail_szse,,,2026-09-26T08:18:52.945580+00:00,2024-05-24,CONSERVATIVE_T1,margin_szse,002354,True
2024-05-23,AGGREGATOR|research-node|akshare@1.18.97|stock_margin_detail_szse,,,2026-09-26T08:18:52.945580+00:00,2024-05-24,CONSERVATIVE_T1,margin_szse,002440,True
2024-05-23,AGGREGATOR|research-node|akshare@1.18.97|stock_margin_detail_szse,,,2026-09-26T08:18:52.945580+00:00,2024-05-24,CONSERVATIVE_T1,margin_szse,002471,True
2024-05-23,AGGREGATOR|research-node|akshare@1.18.97|stock_margin_detail_szse,,,2026-09-26T08:18:52.945580+00:00,2024-05-24,CONSERVATIVE_T1,margin_szse,002736,True
2024-05-23,AGGREGATOR|research-node|akshare@1.18.97|stock_margin_detail_szse,,,2026-09-26T08:18:52.945580+00:00,2024-05-24,CONSERVATIVE_T1,margin_szse,300147,True
2024-05-23,AGGREGATOR|research-node|akshare@1.18.97|stock_margin_detail_szse,,,2026-09-26T08:18:52.945580+00:00,2024-05-24,CONSERVATIVE_T1,margin_szse,300977,True
2024-05-24,AGGREGATOR|research-node|akshare@1.18.97|stock_margin_detail_szse,,,2026-09-26T08:18:55.271921+00:00,2024-05-27,CONSERVATIVE_T1,margin_szse,000685,True
2024-05-24,AGGREGATOR|research-node|akshare@1.18.97|stock_margin_detail_szse,,,2026-09-26T08:18:55.271921+00:00,2024-05-27,CONSERVATIVE_T1,margin_szse,000750,True
2024-05-24,AGGREGATOR|research-node|akshare@1.18.97|stock_margin_detail_szse,,,2026-09-26T08:18:55.271921+00:00,2024-05-27,CONSERVATIVE_T1,margin_szse,000783,True
2024-05-24,AGGREGATOR|research-node|akshare@1.18.97|stock_margin_detail_szse,,,2026-09-26T08:18:55.271921+00:00,2024-05-27,CONSERVATIVE_T1,margin_szse,000825,True
2024-05-24,AGGREGATOR|research-node|akshare@1.18.97|stock_margin_detail_szse,,,2026-09-26T08:18:55.271921+00:00,2024-05-27,CONSERVATIVE_T1,margin_szse,002354,True
2024-05-24,AGGREGATOR|research-node|akshare@1.18.97|stock_margin_detail_szse,,,2026-09-26T08:18:55.271921+00:00,2024-05-27,CONSERVATIVE_T1,margin_szse,002440,True
2024-05-24,AGGREGATOR|research-node|akshare@1.18.97|stock_margin_detail_szse,,,2026-09-26T08:18:55.271921+00:00,2024-05-27,CONSERVATIVE_T1,margin_szse,002471,True
2024-05-24,AGGREGATOR|research-node|akshare@1.18.97|stock_margin_detail_szse,,,2026-09-26T08:18:55.271921+00:00,2024-05-27,CONSERVATIVE_T1,margin_szse,002736,True
2024-05-24,AGGREGATOR|research-node|akshare@1.18.97|stock_margin_detail_szse,,,2026-09-26T08:18:55.271921+00:00,2024-05-27,CONSERVATIVE_T1,margin_szse,300147,True
2024-05-24,AGGREGATOR|research-node|akshare@1.18.97|stock_margin_detail_szse,,,2026-09-26T08:18:55.271921+00:00,2024-05-27,CONSERVATIVE_T1,margin_szse,300977,True
2024-05-27,AGGREGATOR|research-node|akshare@1.18.97|stock_margin_detail_szse,,,2026-09-26T08:18:57.606838+00:00,2024-05-28,CONSERVATIVE_T1,margin_szse,000685,True
2024-05-27,AGGREGATOR|research-node|akshare@1.18.97|stock_margin_detail_szse,,,2026-09-26T08:18:57.606838+00:00,2024-05-28,CONSERVATIVE_T1,margin_szse,000750,True
2024-05-27,AGGREGATOR|research-node|akshare@1.18.97|stock_margin_detail_szse,,,2026-09-26T08:18:57.606838+00:00,2024-05-28,CONSERVATIVE_T1,margin_szse,000783,True
2024-05-27,AGGREGATOR|research-node|akshare@1.18.97|stock_margin_detail_szse,,,2026-09-26T08:18:57.606838+00:00,2024-05-28,CONSERVATIVE_T1,margin_szse,000825,True
2024-05-27,AGGREGATOR|research-node|akshare@1.18.97|stock_margin_detail_szse,,,2026-09-26T08:18:57.606838+00:00,2024-05-28,CONSERVATIVE_T1,margin_szse,002354,True
2024-05-27,AGGREGATOR|research-node|akshare@1.18.97|stock_margin_detail_szse,,,2026-09-26T08:18:57.606838+00:00,2024-05-28,CONSERVATIVE_T1,margin_szse,002440,True
2024-05-27,AGGREGATOR|research-node|akshare@1.18.97|stock_margin_detail_szse,,,2026-09-26T08:18:57.606838+00:00,2024-05-28,CONSERVATIVE_T1,margin_szse,002471,True
2024-05-27,AGGREGATOR|research-node|akshare@1.18.97|stock_margin_detail_szse,,,2026-09-26T08:18:57.606838+00:00,2024-05-28,CONSERVATIVE_T1,margin_szse,002736,True
2024-05-27,AGGREGATOR|research-node|akshare@1.18.97|stock_margin_detail_szse,,,2026-09-26T08:18:57.606838+00:00,2024-05-28,CONSERVATIVE_T1,margin_szse,300147,True
2024-05-27,AGGREGATOR|research-node|akshare@1.18.97|stock_margin_detail_szse,,,2026-09-26T08:18:57.606838+00:00,2024-05-28,CONSERVATIVE_T1,margin_szse,300977,True
2024-05-28,AGGREGATOR|research-node|akshare@1.18.97|stock_margin_detail_szse,,,2026-09-26T08:19:00.062557+00:00,2024-05-29,CONSERVATIVE_T1,margin_szse,000685,True
2024-05-28,AGGREGATOR|research-node|akshare@1.18.97|stock_margin_detail_szse,,,2026-09-26T08:19:00.062557+00:00,2024-05-29,CONSERVATIVE_T1,margin_szse,000750,True
2024-05-28,AGGREGATOR|research-node|akshare@1.18.97|stock_margin_detail_szse,,,2026-09-26T08:19:00.062557+00:00,2024-05-29,CONSERVATIVE_T1,margin_szse,000783,True
2024-05-28,AGGREGATOR|research-node|akshare@1.18.97|stock_margin_detail_szse,,,2026-09-26T08:19:00.062557+00:00,2024-05-29,CONSERVATIVE_T1,margin_szse,000825,True
2024-05-28,AGGREGATOR|research-node|akshare@1.18.97|stock_margin_detail_szse,,,2026-09-26T08:19:00.062557+00:00,2024-05-29,CONSERVATIVE_T1,margin_szse,002354,True
2024-05-28,AGGREGATOR|research-node|akshare@1.18.97|stock_margin_detail_szse,,,2026-09-26T08:19:00.062557+00:00,2024-05-29,CONSERVATIVE_T1,margin_szse,002440,True
2024-05-28,AGGREGATOR|research-node|akshare@1.18.97|stock_margin_detail_szse,,,2026-09-26T08:19:00.062557+00:00,2024-05-29,CONSERVATIVE_T1,margin_szse,002471,True
2024-05-28,AGGREGATOR|research-node|akshare@1.18.97|stock_margin_detail_szse,,,2026-09-26T08:19:00.062557+00:00,2024-05-29,CONSERVATIVE_T1,margin_szse,002736,True
2024-05-28,AGGREGATOR|research-node|akshare@1.18.97|stock_margin_detail_szse,,,2026-09-26T08:19:00.062557+00:00,2024-05-29,CONSERVATIVE_T1,margin_szse,300147,True
2024-05-28,AGGREGATOR|research-node|akshare@1.18.97|stock_margin_detail_szse,,,2026-09-26T08:19:00.062557+00:00,2024-05-29,CONSERVATIVE_T1,margin_szse,300977,True
2024-05-29,AGGREGATOR|research-node|akshare@1.18.97|stock_margin_detail_szse,,,2026-09-26T08:19:02.294198+00:00,2024-05-30,CONSERVATIVE_T1,margin_szse,000685,True
2024-05-29,AGGREGATOR|research-node|akshare@1.18.97|stock_margin_detail_szse,,,2026-09-26T08:19:02.294198+00:00,2024-05-30,CONSERVATIVE_T1,margin_szse,000750,True
2024-05-29,AGGREGATOR|research-node|akshare@1.18.97|stock_margin_detail_szse,,,2026-09-26T08:19:02.294198+00:00,2024-05-30,CONSERVATIVE_T1,margin_szse,000783,True
2024-05-29,AGGREGATOR|research-node|akshare@1.18.97|stock_margin_detail_szse,,,2026-09-26T08:19:02.294198+00:00,2024-05-30,CONSERVATIVE_T1,margin_szse,000825,True
2024-05-29,AGGREGATOR|research-node|akshare@1.18.97|stock_margin_detail_szse,,,2026-09-26T08:19:02.294198+00:00,2024-05-30,CONSERVATIVE_T1,margin_szse,002354,True
2024-05-29,AGGREGATOR|research-node|akshare@1.18.97|stock_margin_detail_szse,,,2026-09-26T08:19:02.294198+00:00,2024-05-30,CONSERVATIVE_T1,margin_szse,002440,True
2024-05-29,AGGREGATOR|research-node|akshare@1.18.97|stock_margin_detail_szse,,,2026-09-26T08:19:02.294198+00:00,2024-05-30,CONSERVATIVE_T1,margin_szse,002471,True
2024-05-29,AGGREGATOR|research-node|akshare@1.18.97|stock_margin_detail_szse,,,2026-09-26T08:19:02.294198+00:00,2024-05-30,CONSERVATIVE_T1,margin_szse,002736,True
2024-05-29,AGGREGATOR|research-node|akshare@1.18.97|stock_margin_detail_szse,,,2026-09-26T08:19:02.294198+00:00,2024-05-30,CONSERVATIVE_T1,margin_szse,300147,True
2024-05-29,AGGREGATOR|research-node|akshare@1.18.97|stock_margin_detail_szse,,,2026-09-26T08:19:02.294198+00:00,2024-05-30,CONSERVATIVE_T1,margin_szse,300977,True
2024-05-30,AGGREGATOR|research-node|akshare@1.18.97|stock_margin_detail_szse,,,2026-09-26T08:19:04.635939+00:00,2024-05-31,CONSERVATIVE_T1,margin_szse,000685,True
2024-05-30,AGGREGATOR|research-node|akshare@1.18.97|stock_margin_detail_szse,,,2026-09-26T08:19:04.635939+00:00,2024-05-31,CONSERVATIVE_T1,margin_szse,000750,True
2024-05-30,AGGREGATOR|research-node|akshare@1.18.97|stock_margin_detail_szse,,,2026-09-26T08:19:04.635939+00:00,2024-05-31,CONSERVATIVE_T1,margin_szse,000783,True
2024-05-30,AGGREGATOR|research-node|akshare@1.18.97|stock_margin_detail_szse,,,2026-09-26T08:19:04.635939+00:00,2024-05-31,CONSERVATIVE_T1,margin_szse,000825,True
2024-05-30,AGGREGATOR|research-node|akshare@1.18.97|stock_margin_detail_szse,,,2026-09-26T08:19:04.635939+00:00,2024-05-31,CONSERVATIVE_T1,margin_szse,002354,True
2024-05-30,AGGREGATOR|research-node|akshare@1.18.97|stock_margin_detail_szse,,,2026-09-26T08:19:04.635939+00:00,2024-05-31,CONSERVATIVE_T1,margin_szse,002440,True
2024-05-30,AGGREGATOR|research-node|akshare@1.18.97|stock_margin_detail_szse,,,2026-09-26T08:19:04.635939+00:00,2024-05-31,CONSERVATIVE_T1,margin_szse,002471,True
2024-05-30,AGGREGATOR|research-node|akshare@1.18.97|stock_margin_detail_szse,,,2026-09-26T08:19:04.635939+00:00,2024-05-31,CONSERVATIVE_T1,margin_szse,002736,True
2024-05-30,AGGREGATOR|research-node|akshare@1.18.97|stock_margin_detail_szse,,,2026-09-26T08:19:04.635939+00:00,2024-05-31,CONSERVATIVE_T1,margin_szse,300147,True
2024-05-30,AGGREGATOR|research-node|akshare@1.18.97|stock_margin_detail_szse,,,2026-09-26T08:19:04.635939+00:00,2024-05-31,CONSERVATIVE_T1,margin_szse,300977,True
2024-05-31,AGGREGATOR|research-node|akshare@1.18.97|stock_margin_detail_szse,,,2026-09-26T08:19:07.032704+00:00,2024-06-03,CONSERVATIVE_T1,margin_szse,000685,True
2024-05-31,AGGREGATOR|research-node|akshare@1.18.97|stock_margin_detail_szse,,,2026-09-26T08:19:07.032704+00:00,2024-06-03,CONSERVATIVE_T1,margin_szse,000750,True
2024-05-31,AGGREGATOR|research-node|akshare@1.18.97|stock_margin_detail_szse,,,2026-09-26T08:19:07.032704+00:00,2024-06-03,CONSERVATIVE_T1,margin_szse,000783,True
2024-05-31,AGGREGATOR|research-node|akshare@1.18.97|stock_margin_detail_szse,,,2026-09-26T08:19:07.032704+00:00,2024-06-03,CONSERVATIVE_T1,margin_szse,000825,True
2024-05-31,AGGREGATOR|research-node|akshare@1.18.97|stock_margin_detail_szse,,,2026-09-26T08:19:07.032704+00:00,2024-06-03,CONSERVATIVE_T1,margin_szse,002354,True
2024-05-31,AGGREGATOR|research-node|akshare@1.18.97|stock_margin_detail_szse,,,2026-09-26T08:19:07.032704+00:00,2024-06-03,CONSERVATIVE_T1,margin_szse,002440,True
2024-05-31,AGGREGATOR|research-node|akshare@1.18.97|stock_margin_detail_szse,,,2026-09-26T08:19:07.032704+00:00,2024-06-03,CONSERVATIVE_T1,margin_szse,002471,True
2024-05-31,AGGREGATOR|research-node|akshare@1.18.97|stock_margin_detail_szse,,,2026-09-26T08:19:07.032704+00:00,2024-06-03,CONSERVATIVE_T1,margin_szse,002736,True
2024-05-31,AGGREGATOR|research-node|akshare@1.18.97|stock_margin_detail_szse,,,2026-09-26T08:19:07.032704+00:00,2024-06-03,CONSERVATIVE_T1,margin_szse,300147,True
2024-05-31,AGGREGATOR|research-node|akshare@1.18.97|stock_margin_detail_szse,,,2026-09-26T08:19:07.032704+00:00,2024-06-03,CONSERVATIVE_T1,margin_szse,300977,True
2024-06-03,AGGREGATOR|research-node|akshare@1.18.97|stock_margin_detail_szse,,,2026-09-26T08:19:09.408942+00:00,2024-06-04,CONSERVATIVE_T1,margin_szse,000685,True
2024-06-03,AGGREGATOR|research-node|akshare@1.18.97|stock_margin_detail_szse,,,2026-09-26T08:19:09.408942+00:00,2024-06-04,CONSERVATIVE_T1,margin_szse,000750,True
2024-06-03,AGGREGATOR|research-node|akshare@1.18.97|stock_margin_detail_szse,,,2026-09-26T08:19:09.408942+00:00,2024-06-04,CONSERVATIVE_T1,margin_szse,000783,True
2024-06-03,AGGREGATOR|research-node|akshare@1.18.97|stock_margin_detail_szse,,,2026-09-26T08:19:09.408942+00:00,2024-06-04,CONSERVATIVE_T1,margin_szse,000825,True
2024-06-03,AGGREGATOR|research-node|akshare@1.18.97|stock_margin_detail_szse,,,2026-09-26T08:19:09.408942+00:00,2024-06-04,CONSERVATIVE_T1,margin_szse,002354,True
2024-06-03,AGGREGATOR|research-node|akshare@1.18.97|stock_margin_detail_szse,,,2026-09-26T08:19:09.408942+00:00,2024-06-04,CONSERVATIVE_T1,margin_szse,002440,True
2024-06-03,AGGREGATOR|research-node|akshare@1.18.97|stock_margin_detail_szse,,,2026-09-26T08:19:09.408942+00:00,2024-06-04,CONSERVATIVE_T1,margin_szse,002471,True
2024-06-03,AGGREGATOR|research-node|akshare@1.18.97|stock_margin_detail_szse,,,2026-09-26T08:19:09.408942+00:00,2024-06-04,CONSERVATIVE_T1,margin_szse,002736,True
2024-06-03,AGGREGATOR|research-node|akshare@1.18.97|stock_margin_detail_szse,,,2026-09-26T08:19:09.408942+00:00,2024-06-04,CONSERVATIVE_T1,margin_szse,300147,True
2024-06-04,AGGREGATOR|research-node|akshare@1.18.97|stock_margin_detail_szse,,,2026-09-26T08:19:11.694374+00:00,2024-06-05,CONSERVATIVE_T1,margin_szse,000685,True
2024-06-04,AGGREGATOR|research-node|akshare@1.18.97|stock_margin_detail_szse,,,2026-09-26T08:19:11.694374+00:00,2024-06-05,CONSERVATIVE_T1,margin_szse,000750,True
2024-06-04,AGGREGATOR|research-node|akshare@1.18.97|stock_margin_detail_szse,,,2026-09-26T08:19:11.694374+00:00,2024-06-05,CONSERVATIVE_T1,margin_szse,000783,True
2024-06-04,AGGREGATOR|research-node|akshare@1.18.97|stock_margin_detail_szse,,,2026-09-26T08:19:11.694374+00:00,2024-06-05,CONSERVATIVE_T1,margin_szse,000825,True
2024-06-04,AGGREGATOR|research-node|akshare@1.18.97|stock_margin_detail_szse,,,2026-09-26T08:19:11.694374+00:00,2024-06-05,CONSERVATIVE_T1,margin_szse,002354,True
2024-06-04,AGGREGATOR|research-node|akshare@1.18.97|stock_margin_detail_szse,,,2026-09-26T08:19:11.694374+00:00,2024-06-05,CONSERVATIVE_T1,margin_szse,002440,True
2024-06-04,AGGREGATOR|research-node|akshare@1.18.97|stock_margin_detail_szse,,,2026-09-26T08:19:11.694374+00:00,2024-06-05,CONSERVATIVE_T1,margin_szse,002471,True
2024-06-04,AGGREGATOR|research-node|akshare@1.18.97|stock_margin_detail_szse,,,2026-09-26T08:19:11.694374+00:00,2024-06-05,CONSERVATIVE_T1,margin_szse,002736,True
2024-06-04,AGGREGATOR|research-node|akshare@1.18.97|stock_margin_detail_szse,,,2026-09-26T08:19:11.694374+00:00,2024-06-05,CONSERVATIVE_T1,margin_szse,300147,True
2024-06-05,AGGREGATOR|research-node|akshare@1.18.97|stock_margin_detail_szse,,,2026-09-26T08:19:14.086752+00:00,2024-06-06,CONSERVATIVE_T1,margin_szse,000685,True
2024-06-05,AGGREGATOR|research-node|akshare@1.18.97|stock_margin_detail_szse,,,2026-09-26T08:19:14.086752+00:00,2024-06-06,CONSERVATIVE_T1,margin_szse,000750,True
2024-06-05,AGGREGATOR|research-node|akshare@1.18.97|stock_margin_detail_szse,,,2026-09-26T08:19:14.086752+00:00,2024-06-06,CONSERVATIVE_T1,margin_szse,000783,True
2024-06-05,AGGREGATOR|research-node|akshare@1.18.97|stock_margin_detail_szse,,,2026-09-26T08:19:14.086752+00:00,2024-06-06,CONSERVATIVE_T1,margin_szse,000825,True
2024-06-05,AGGREGATOR|research-node|akshare@1.18.97|stock_margin_detail_szse,,,2026-09-26T08:19:14.086752+00:00,2024-06-06,CONSERVATIVE_T1,margin_szse,002354,True
2024-06-05,AGGREGATOR|research-node|akshare@1.18.97|stock_margin_detail_szse,,,2026-09-26T08:19:14.086752+00:00,2024-06-06,CONSERVATIVE_T1,margin_szse,002440,True
2024-06-05,AGGREGATOR|research-node|akshare@1.18.97|stock_margin_detail_szse,,,2026-09-26T08:19:14.086752+00:00,2024-06-06,CONSERVATIVE_T1,margin_szse,002471,True
2024-06-05,AGGREGATOR|research-node|akshare@1.18.97|stock_margin_detail_szse,,,2026-09-26T08:19:14.086752+00:00,2024-06-06,CONSERVATIVE_T1,margin_szse,002736,True
2024-06-05,AGGREGATOR|research-node|akshare@1.18.97|stock_margin_detail_szse,,,2026-09-26T08:19:14.086752+00:00,2024-06-06,CONSERVATIVE_T1,margin_szse,300147,True
2024-06-06,AGGREGATOR|research-node|akshare@1.18.97|stock_margin_detail_szse,,,2026-09-26T08:19:16.415161+00:00,2024-06-07,CONSERVATIVE_T1,margin_szse,000685,True
2024-06-06,AGGREGATOR|research-node|akshare@1.18.97|stock_margin_detail_szse,,,2026-09-26T08:19:16.415161+00:00,2024-06-07,CONSERVATIVE_T1,margin_szse,000750,True
2024-06-06,AGGREGATOR|research-node|akshare@1.18.97|stock_margin_detail_szse,,,2026-09-26T08:19:16.415161+00:00,2024-06-07,CONSERVATIVE_T1,margin_szse,000783,True
2024-06-06,AGGREGATOR|research-node|akshare@1.18.97|stock_margin_detail_szse,,,2026-09-26T08:19:16.415161+00:00,2024-06-07,CONSERVATIVE_T1,margin_szse,000825,True
2024-06-06,AGGREGATOR|research-node|akshare@1.18.97|stock_margin_detail_szse,,,2026-09-26T08:19:16.415161+00:00,2024-06-07,CONSERVATIVE_T1,margin_szse,002354,True
2024-06-06,AGGREGATOR|research-node|akshare@1.18.97|stock_margin_detail_szse,,,2026-09-26T08:19:16.415161+00:00,2024-06-07,CONSERVATIVE_T1,margin_szse,002440,True
2024-06-06,AGGREGATOR|research-node|akshare@1.18.97|stock_margin_detail_szse,,,2026-09-26T08:19:16.415161+00:00,2024-06-07,CONSERVATIVE_T1,margin_szse,002471,True
2024-06-06,AGGREGATOR|research-node|akshare@1.18.97|stock_margin_detail_szse,,,2026-09-26T08:19:16.415161+00:00,2024-06-07,CONSERVATIVE_T1,margin_szse,002736,True
2024-06-06,AGGREGATOR|research-node|akshare@1.18.97|stock_margin_detail_szse,,,2026-09-26T08:19:16.415161+00:00,2024-06-07,CONSERVATIVE_T1,margin_szse,300147,True
2024-06-07,AGGREGATOR|research-node|akshare@1.18.97|stock_margin_detail_szse,,,2026-09-26T08:19:18.808701+00:00,2024-06-11,CONSERVATIVE_T1,margin_szse,000685,True
2024-06-07,AGGREGATOR|research-node|akshare@1.18.97|stock_margin_detail_szse,,,2026-09-26T08:19:18.808701+00:00,2024-06-11,CONSERVATIVE_T1,margin_szse,000750,True
2024-06-07,AGGREGATOR|research-node|akshare@1.18.97|stock_margin_detail_szse,,,2026-09-26T08:19:18.808701+00:00,2024-06-11,CONSERVATIVE_T1,margin_szse,000783,True
2024-06-07,AGGREGATOR|research-node|akshare@1.18.97|stock_margin_detail_szse,,,2026-09-26T08:19:18.808701+00:00,2024-06-11,CONSERVATIVE_T1,margin_szse,000825,True
2024-06-07,AGGREGATOR|research-node|akshare@1.18.97|stock_margin_detail_szse,,,2026-09-26T08:19:18.808701+00:00,2024-06-11,CONSERVATIVE_T1,margin_szse,002354,True
2024-06-07,AGGREGATOR|research-node|akshare@1.18.97|stock_margin_detail_szse,,,2026-09-26T08:19:18.808701+00:00,2024-06-11,CONSERVATIVE_T1,margin_szse,002440,True
2024-06-07,AGGREGATOR|research-node|akshare@1.18.97|stock_margin_detail_szse,,,2026-09-26T08:19:18.808701+00:00,2024-06-11,CONSERVATIVE_T1,margin_szse,002471,True
2024-06-07,AGGREGATOR|research-node|akshare@1.18.97|stock_margin_detail_szse,,,2026-09-26T08:19:18.808701+00:00,2024-06-11,CONSERVATIVE_T1,margin_szse,002736,True
2024-06-07,AGGREGATOR|research-node|akshare@1.18.97|stock_margin_detail_szse,,,2026-09-26T08:19:18.808701+00:00,2024-06-11,CONSERVATIVE_T1,margin_szse,300147,True
2024-06-11,AGGREGATOR|research-node|akshare@1.18.97|stock_margin_detail_szse,,,2026-09-26T08:19:21.175208+00:00,2024-06-12,CONSERVATIVE_T1,margin_szse,000685,True
2024-06-11,AGGREGATOR|research-node|akshare@1.18.97|stock_margin_detail_szse,,,2026-09-26T08:19:21.175208+00:00,2024-06-12,CONSERVATIVE_T1,margin_szse,000750,True
2024-06-11,AGGREGATOR|research-node|akshare@1.18.97|stock_margin_detail_szse,,,2026-09-26T08:19:21.175208+00:00,2024-06-12,CONSERVATIVE_T1,margin_szse,000783,True
2024-06-11,AGGREGATOR|research-node|akshare@1.18.97|stock_margin_detail_szse,,,2026-09-26T08:19:21.175208+00:00,2024-06-12,CONSERVATIVE_T1,margin_szse,000825,True
2024-06-11,AGGREGATOR|research-node|akshare@1.18.97|stock_margin_detail_szse,,,2026-09-26T08:19:21.175208+00:00,2024-06-12,CONSERVATIVE_T1,margin_szse,002354,True
2024-06-11,AGGREGATOR|research-node|akshare@1.18.97|stock_margin_detail_szse,,,2026-09-26T08:19:21.175208+00:00,2024-06-12,CONSERVATIVE_T1,margin_szse,002440,True
2024-06-11,AGGREGATOR|research-node|akshare@1.18.97|stock_margin_detail_szse,,,2026-09-26T08:19:21.175208+00:00,2024-06-12,CONSERVATIVE_T1,margin_szse,002471,True
2024-06-11,AGGREGATOR|research-node|akshare@1.18.97|stock_margin_detail_szse,,,2026-09-26T08:19:21.175208+00:00,2024-06-12,CONSERVATIVE_T1,margin_szse,002736,True
2024-06-11,AGGREGATOR|research-node|akshare@1.18.97|stock_margin_detail_szse,,,2026-09-26T08:19:21.175208+00:00,2024-06-12,CONSERVATIVE_T1,margin_szse,300147,True
2024-06-12,AGGREGATOR|research-node|akshare@1.18.97|stock_margin_detail_szse,,,2026-09-26T08:19:23.393181+00:00,2024-06-13,CONSERVATIVE_T1,margin_szse,000685,True
2024-06-12,AGGREGATOR|research-node|akshare@1.18.97|stock_margin_detail_szse,,,2026-09-26T08:19:23.393181+00:00,2024-06-13,CONSERVATIVE_T1,margin_szse,000750,True
2024-06-12,AGGREGATOR|research-node|akshare@1.18.97|stock_margin_detail_szse,,,2026-09-26T08:19:23.393181+00:00,2024-06-13,CONSERVATIVE_T1,margin_szse,000783,True
2024-06-12,AGGREGATOR|research-node|akshare@1.18.97|stock_margin_detail_szse,,,2026-09-26T08:19:23.393181+00:00,2024-06-13,CONSERVATIVE_T1,margin_szse,000825,True
2024-06-12,AGGREGATOR|research-node|akshare@1.18.97|stock_margin_detail_szse,,,2026-09-26T08:19:23.393181+00:00,2024-06-13,CONSERVATIVE_T1,margin_szse,002354,True
2024-06-12,AGGREGATOR|research-node|akshare@1.18.97|stock_margin_detail_szse,,,2026-09-26T08:19:23.393181+00:00,2024-06-13,CONSERVATIVE_T1,margin_szse,002440,True
2024-06-12,AGGREGATOR|research-node|akshare@1.18.97|stock_margin_detail_szse,,,2026-09-26T08:19:23.393181+00:00,2024-06-13,CONSERVATIVE_T1,margin_szse,002471,True
2024-06-12,AGGREGATOR|research-node|akshare@1.18.97|stock_margin_detail_szse,,,2026-09-26T08:19:23.393181+00:00,2024-06-13,CONSERVATIVE_T1,margin_szse,002736,True
2024-06-12,AGGREGATOR|research-node|akshare@1.18.97|stock_margin_detail_szse,,,2026-09-26T08:19:23.393181+00:00,2024-06-13,CONSERVATIVE_T1,margin_szse,300147,True
2024-06-13,AGGREGATOR|research-node|akshare@1.18.97|stock_margin_detail_szse,,,2026-09-26T08:19:25.788583+00:00,2024-06-14,CONSERVATIVE_T1,margin_szse,000685,True
2024-06-13,AGGREGATOR|research-node|akshare@1.18.97|stock_margin_detail_szse,,,2026-09-26T08:19:25.788583+00:00,2024-06-14,CONSERVATIVE_T1,margin_szse,000750,True
2024-06-13,AGGREGATOR|research-node|akshare@1.18.97|stock_margin_detail_szse,,,2026-09-26T08:19:25.788583+00:00,2024-06-14,CONSERVATIVE_T1,margin_szse,000783,True
2024-06-13,AGGREGATOR|research-node|akshare@1.18.97|stock_margin_detail_szse,,,2026-09-26T08:19:25.788583+00:00,2024-06-14,CONSERVATIVE_T1,margin_szse,000825,True
2024-06-13,AGGREGATOR|research-node|akshare@1.18.97|stock_margin_detail_szse,,,2026-09-26T08:19:25.788583+00:00,2024-06-14,CONSERVATIVE_T1,margin_szse,002354,True
2024-06-13,AGGREGATOR|research-node|akshare@1.18.97|stock_margin_detail_szse,,,2026-09-26T08:19:25.788583+00:00,2024-06-14,CONSERVATIVE_T1,margin_szse,002440,True
2024-06-13,AGGREGATOR|research-node|akshare@1.18.97|stock_margin_detail_szse,,,2026-09-26T08:19:25.788583+00:00,2024-06-14,CONSERVATIVE_T1,margin_szse,002471,True
2024-06-13,AGGREGATOR|research-node|akshare@1.18.97|stock_margin_detail_szse,,,2026-09-26T08:19:25.788583+00:00,2024-06-14,CONSERVATIVE_T1,margin_szse,002736,True
2024-06-13,AGGREGATOR|research-node|akshare@1.18.97|stock_margin_detail_szse,,,2026-09-26T08:19:25.788583+00:00,2024-06-14,CONSERVATIVE_T1,margin_szse,300147,True
2024-06-14,AGGREGATOR|research-node|akshare@1.18.97|stock_margin_detail_szse,,,2026-09-26T08:19:28.041999+00:00,2024-06-17,CONSERVATIVE_T1,margin_szse,000685,True
2024-06-14,AGGREGATOR|research-node|akshare@1.18.97|stock_margin_detail_szse,,,2026-09-26T08:19:28.041999+00:00,2024-06-17,CONSERVATIVE_T1,margin_szse,000750,True
2024-06-14,AGGREGATOR|research-node|akshare@1.18.97|stock_margin_detail_szse,,,2026-09-26T08:19:28.041999+00:00,2024-06-17,CONSERVATIVE_T1,margin_szse,000783,True
2024-06-14,AGGREGATOR|research-node|akshare@1.18.97|stock_margin_detail_szse,,,2026-09-26T08:19:28.041999+00:00,2024-06-17,CONSERVATIVE_T1,margin_szse,000825,True
2024-06-14,AGGREGATOR|research-node|akshare@1.18.97|stock_margin_detail_szse,,,2026-09-26T08:19:28.041999+00:00,2024-06-17,CONSERVATIVE_T1,margin_szse,002354,True
2024-06-14,AGGREGATOR|research-node|akshare@1.18.97|stock_margin_detail_szse,,,2026-09-26T08:19:28.041999+00:00,2024-06-17,CONSERVATIVE_T1,margin_szse,002440,True
2024-06-14,AGGREGATOR|research-node|akshare@1.18.97|stock_margin_detail_szse,,,2026-09-26T08:19:28.041999+00:00,2024-06-17,CONSERVATIVE_T1,margin_szse,002471,True
2024-06-14,AGGREGATOR|research-node|akshare@1.18.97|stock_margin_detail_szse,,,2026-09-26T08:19:28.041999+00:00,2024-06-17,CONSERVATIVE_T1,margin_szse,002736,True
2024-06-14,AGGREGATOR|research-node|akshare@1.18.97|stock_margin_detail_szse,,,2026-09-26T08:19:28.041999+00:00,2024-06-17,CONSERVATIVE_T1,margin_szse,300147,True
2024-06-17,AGGREGATOR|research-node|akshare@1.18.97|stock_margin_detail_szse,,,2026-09-26T08:19:30.502914+00:00,2024-06-18,CONSERVATIVE_T1,margin_szse,000685,True
2024-06-17,AGGREGATOR|research-node|akshare@1.18.97|stock_margin_detail_szse,,,2026-09-26T08:19:30.502914+00:00,2024-06-18,CONSERVATIVE_T1,margin_szse,000750,True
2024-06-17,AGGREGATOR|research-node|akshare@1.18.97|stock_margin_detail_szse,,,2026-09-26T08:19:30.502914+00:00,2024-06-18,CONSERVATIVE_T1,margin_szse,000783,True
2024-06-17,AGGREGATOR|research-node|akshare@1.18.97|stock_margin_detail_szse,,,2026-09-26T08:19:30.502914+00:00,2024-06-18,CONSERVATIVE_T1,margin_szse,000825,True
2024-06-17,AGGREGATOR|research-node|akshare@1.18.97|stock_margin_detail_szse,,,2026-09-26T08:19:30.502914+00:00,2024-06-18,CONSERVATIVE_T1,margin_szse,002354,True
2024-06-17,AGGREGATOR|research-node|akshare@1.18.97|stock_margin_detail_szse,,,2026-09-26T08:19:30.502914+00:00,2024-06-18,CONSERVATIVE_T1,margin_szse,002440,True
2024-06-17,AGGREGATOR|research-node|akshare@1.18.97|stock_margin_detail_szse,,,2026-09-26T08:19:30.502914+00:00,2024-06-18,CONSERVATIVE_T1,margin_szse,002471,True
2024-06-17,AGGREGATOR|research-node|akshare@1.18.97|stock_margin_detail_szse,,,2026-09-26T08:19:30.502914+00:00,2024-06-18,CONSERVATIVE_T1,margin_szse,002736,True
2024-06-17,AGGREGATOR|research-node|akshare@1.18.97|stock_margin_detail_szse,,,2026-09-26T08:19:30.502914+00:00,2024-06-18,CONSERVATIVE_T1,margin_szse,300147,True
2024-06-18,AGGREGATOR|research-node|akshare@1.18.97|stock_margin_detail_szse,,,2026-09-26T08:19:32.723025+00:00,2024-06-19,CONSERVATIVE_T1,margin_szse,000685,True
2024-06-18,AGGREGATOR|research-node|akshare@1.18.97|stock_margin_detail_szse,,,2026-09-26T08:19:32.723025+00:00,2024-06-19,CONSERVATIVE_T1,margin_szse,000750,True
2024-06-18,AGGREGATOR|research-node|akshare@1.18.97|stock_margin_detail_szse,,,2026-09-26T08:19:32.723025+00:00,2024-06-19,CONSERVATIVE_T1,margin_szse,000783,True
2024-06-18,AGGREGATOR|research-node|akshare@1.18.97|stock_margin_detail_szse,,,2026-09-26T08:19:32.723025+00:00,2024-06-19,CONSERVATIVE_T1,margin_szse,000825,True
2024-06-18,AGGREGATOR|research-node|akshare@1.18.97|stock_margin_detail_szse,,,2026-09-26T08:19:32.723025+00:00,2024-06-19,CONSERVATIVE_T1,margin_szse,002354,True
2024-06-18,AGGREGATOR|research-node|akshare@1.18.97|stock_margin_detail_szse,,,2026-09-26T08:19:32.723025+00:00,2024-06-19,CONSERVATIVE_T1,margin_szse,002440,True
2024-06-18,AGGREGATOR|research-node|akshare@1.18.97|stock_margin_detail_szse,,,2026-09-26T08:19:32.723025+00:00,2024-06-19,CONSERVATIVE_T1,margin_szse,002471,True
2024-06-18,AGGREGATOR|research-node|akshare@1.18.97|stock_margin_detail_szse,,,2026-09-26T08:19:32.723025+00:00,2024-06-19,CONSERVATIVE_T1,margin_szse,002736,True
2024-06-18,AGGREGATOR|research-node|akshare@1.18.97|stock_margin_detail_szse,,,2026-09-26T08:19:32.723025+00:00,2024-06-19,CONSERVATIVE_T1,margin_szse,300147,True
2024-06-19,AGGREGATOR|research-node|akshare@1.18.97|stock_margin_detail_szse,,,2026-09-26T08:19:35.120995+00:00,2024-06-20,CONSERVATIVE_T1,margin_szse,000685,True
2024-06-19,AGGREGATOR|research-node|akshare@1.18.97|stock_margin_detail_szse,,,2026-09-26T08:19:35.120995+00:00,2024-06-20,CONSERVATIVE_T1,margin_szse,000750,True
2024-06-19,AGGREGATOR|research-node|akshare@1.18.97|stock_margin_detail_szse,,,2026-09-26T08:19:35.120995+00:00,2024-06-20,CONSERVATIVE_T1,margin_szse,000783,True
2024-06-19,AGGREGATOR|research-node|akshare@1.18.97|stock_margin_detail_szse,,,2026-09-26T08:19:35.120995+00:00,2024-06-20,CONSERVATIVE_T1,margin_szse,000825,True
2024-06-19,AGGREGATOR|research-node|akshare@1.18.97|stock_margin_detail_szse,,,2026-09-26T08:19:35.120995+00:00,2024-06-20,CONSERVATIVE_T1,margin_szse,002354,True
2024-06-19,AGGREGATOR|research-node|akshare@1.18.97|stock_margin_detail_szse,,,2026-09-26T08:19:35.120995+00:00,2024-06-20,CONSERVATIVE_T1,margin_szse,002440,True
2024-06-19,AGGREGATOR|research-node|akshare@1.18.97|stock_margin_detail_szse,,,2026-09-26T08:19:35.120995+00:00,2024-06-20,CONSERVATIVE_T1,margin_szse,002471,True
2024-06-19,AGGREGATOR|research-node|akshare@1.18.97|stock_margin_detail_szse,,,2026-09-26T08:19:35.120995+00:00,2024-06-20,CONSERVATIVE_T1,margin_szse,002736,True
2024-06-19,AGGREGATOR|research-node|akshare@1.18.97|stock_margin_detail_szse,,,2026-09-26T08:19:35.120995+00:00,2024-06-20,CONSERVATIVE_T1,margin_szse,300147,True
2024-06-20,AGGREGATOR|research-node|akshare@1.18.97|stock_margin_detail_szse,,,2026-09-26T08:19:37.528616+00:00,2024-06-21,CONSERVATIVE_T1,margin_szse,000685,True
2024-06-20,AGGREGATOR|research-node|akshare@1.18.97|stock_margin_detail_szse,,,2026-09-26T08:19:37.528616+00:00,2024-06-21,CONSERVATIVE_T1,margin_szse,000750,True
2024-06-20,AGGREGATOR|research-node|akshare@1.18.97|stock_margin_detail_szse,,,2026-09-26T08:19:37.528616+00:00,2024-06-21,CONSERVATIVE_T1,margin_szse,000783,True
2024-06-20,AGGREGATOR|research-node|akshare@1.18.97|stock_margin_detail_szse,,,2026-09-26T08:19:37.528616+00:00,2024-06-21,CONSERVATIVE_T1,margin_szse,000825,True
2024-06-20,AGGREGATOR|research-node|akshare@1.18.97|stock_margin_detail_szse,,,2026-09-26T08:19:37.528616+00:00,2024-06-21,CONSERVATIVE_T1,margin_szse,002354,True
2024-06-20,AGGREGATOR|research-node|akshare@1.18.97|stock_margin_detail_szse,,,2026-09-26T08:19:37.528616+00:00,2024-06-21,CONSERVATIVE_T1,margin_szse,002440,True
2024-06-20,AGGREGATOR|research-node|akshare@1.18.97|stock_margin_detail_szse,,,2026-09-26T08:19:37.528616+00:00,2024-06-21,CONSERVATIVE_T1,margin_szse,002471,True
2024-06-20,AGGREGATOR|research-node|akshare@1.18.97|stock_margin_detail_szse,,,2026-09-26T08:19:37.528616+00:00,2024-06-21,CONSERVATIVE_T1,margin_szse,002736,True
2024-06-20,AGGREGATOR|research-node|akshare@1.18.97|stock_margin_detail_szse,,,2026-09-26T08:19:37.528616+00:00,2024-06-21,CONSERVATIVE_T1,margin_szse,300147,True
2024-06-21,AGGREGATOR|research-node|akshare@1.18.97|stock_margin_detail_szse,,,2026-09-26T08:19:39.743510+00:00,2024-06-24,CONSERVATIVE_T1,margin_szse,000685,True
2024-06-21,AGGREGATOR|research-node|akshare@1.18.97|stock_margin_detail_szse,,,2026-09-26T08:19:39.743510+00:00,2024-06-24,CONSERVATIVE_T1,margin_szse,000750,True
2024-06-21,AGGREGATOR|research-node|akshare@1.18.97|stock_margin_detail_szse,,,2026-09-26T08:19:39.743510+00:00,2024-06-24,CONSERVATIVE_T1,margin_szse,000783,True
2024-06-21,AGGREGATOR|research-node|akshare@1.18.97|stock_margin_detail_szse,,,2026-09-26T08:19:39.743510+00:00,2024-06-24,CONSERVATIVE_T1,margin_szse,000825,True
2024-06-21,AGGREGATOR|research-node|akshare@1.18.97|stock_margin_detail_szse,,,2026-09-26T08:19:39.743510+00:00,2024-06-24,CONSERVATIVE_T1,margin_szse,002354,True
2024-06-21,AGGREGATOR|research-node|akshare@1.18.97|stock_margin_detail_szse,,,2026-09-26T08:19:39.743510+00:00,2024-06-24,CONSERVATIVE_T1,margin_szse,002440,True
2024-06-21,AGGREGATOR|research-node|akshare@1.18.97|stock_margin_detail_szse,,,2026-09-26T08:19:39.743510+00:00,2024-06-24,CONSERVATIVE_T1,margin_szse,002471,True
2024-06-21,AGGREGATOR|research-node|akshare@1.18.97|stock_margin_detail_szse,,,2026-09-26T08:19:39.743510+00:00,2024-06-24,CONSERVATIVE_T1,margin_szse,002736,True
2024-06-21,AGGREGATOR|research-node|akshare@1.18.97|stock_margin_detail_szse,,,2026-09-26T08:19:39.743510+00:00,2024-06-24,CONSERVATIVE_T1,margin_szse,300147,True
2024-06-24,AGGREGATOR|research-node|akshare@1.18.97|stock_margin_detail_szse,,,2026-09-26T08:19:41.902571+00:00,2024-06-25,CONSERVATIVE_T1,margin_szse,000685,True
2024-06-24,AGGREGATOR|research-node|akshare@1.18.97|stock_margin_detail_szse,,,2026-09-26T08:19:41.902571+00:00,2024-06-25,CONSERVATIVE_T1,margin_szse,000750,True
2024-06-24,AGGREGATOR|research-node|akshare@1.18.97|stock_margin_detail_szse,,,2026-09-26T08:19:41.902571+00:00,2024-06-25,CONSERVATIVE_T1,margin_szse,000783,True
2024-06-24,AGGREGATOR|research-node|akshare@1.18.97|stock_margin_detail_szse,,,2026-09-26T08:19:41.902571+00:00,2024-06-25,CONSERVATIVE_T1,margin_szse,000825,True
2024-06-24,AGGREGATOR|research-node|akshare@1.18.97|stock_margin_detail_szse,,,2026-09-26T08:19:41.902571+00:00,2024-06-25,CONSERVATIVE_T1,margin_szse,002354,True
2024-06-24,AGGREGATOR|research-node|akshare@1.18.97|stock_margin_detail_szse,,,2026-09-26T08:19:41.902571+00:00,2024-06-25,CONSERVATIVE_T1,margin_szse,002440,True
2024-06-24,AGGREGATOR|research-node|akshare@1.18.97|stock_margin_detail_szse,,,2026-09-26T08:19:41.902571+00:00,2024-06-25,CONSERVATIVE_T1,margin_szse,002471,True
2024-06-24,AGGREGATOR|research-node|akshare@1.18.97|stock_margin_detail_szse,,,2026-09-26T08:19:41.902571+00:00,2024-06-25,CONSERVATIVE_T1,margin_szse,002736,True
2024-06-24,AGGREGATOR|research-node|akshare@1.18.97|stock_margin_detail_szse,,,2026-09-26T08:19:41.902571+00:00,2024-06-25,CONSERVATIVE_T1,margin_szse,300147,True
2024-06-25,AGGREGATOR|research-node|akshare@1.18.97|stock_margin_detail_szse,,,2026-09-26T08:19:44.214470+00:00,2024-06-26,CONSERVATIVE_T1,margin_szse,000685,True
2024-06-25,AGGREGATOR|research-node|akshare@1.18.97|stock_margin_detail_szse,,,2026-09-26T08:19:44.214470+00:00,2024-06-26,CONSERVATIVE_T1,margin_szse,000750,True
2024-06-25,AGGREGATOR|research-node|akshare@1.18.97|stock_margin_detail_szse,,,2026-09-26T08:19:44.214470+00:00,2024-06-26,CONSERVATIVE_T1,margin_szse,000783,True
2024-06-25,AGGREGATOR|research-node|akshare@1.18.97|stock_margin_detail_szse,,,2026-09-26T08:19:44.214470+00:00,2024-06-26,CONSERVATIVE_T1,margin_szse,000825,True
2024-06-25,AGGREGATOR|research-node|akshare@1.18.97|stock_margin_detail_szse,,,2026-09-26T08:19:44.214470+00:00,2024-06-26,CONSERVATIVE_T1,margin_szse,002354,True
2024-06-25,AGGREGATOR|research-node|akshare@1.18.97|stock_margin_detail_szse,,,2026-09-26T08:19:44.214470+00:00,2024-06-26,CONSERVATIVE_T1,margin_szse,002440,True
2024-06-25,AGGREGATOR|research-node|akshare@1.18.97|stock_margin_detail_szse,,,2026-09-26T08:19:44.214470+00:00,2024-06-26,CONSERVATIVE_T1,margin_szse,002471,True
2024-06-25,AGGREGATOR|research-node|akshare@1.18.97|stock_margin_detail_szse,,,2026-09-26T08:19:44.214470+00:00,2024-06-26,CONSERVATIVE_T1,margin_szse,002736,True
2024-06-25,AGGREGATOR|research-node|akshare@1.18.97|stock_margin_detail_szse,,,2026-09-26T08:19:44.214470+00:00,2024-06-26,CONSERVATIVE_T1,margin_szse,300147,True
2024-06-26,AGGREGATOR|research-node|akshare@1.18.97|stock_margin_detail_szse,,,2026-09-26T08:19:46.573711+00:00,2024-06-27,CONSERVATIVE_T1,margin_szse,000685,True
2024-06-26,AGGREGATOR|research-node|akshare@1.18.97|stock_margin_detail_szse,,,2026-09-26T08:19:46.573711+00:00,2024-06-27,CONSERVATIVE_T1,margin_szse,000750,True
2024-06-26,AGGREGATOR|research-node|akshare@1.18.97|stock_margin_detail_szse,,,2026-09-26T08:19:46.573711+00:00,2024-06-27,CONSERVATIVE_T1,margin_szse,000783,True
2024-06-26,AGGREGATOR|research-node|akshare@1.18.97|stock_margin_detail_szse,,,2026-09-26T08:19:46.573711+00:00,2024-06-27,CONSERVATIVE_T1,margin_szse,000825,True
2024-06-26,AGGREGATOR|research-node|akshare@1.18.97|stock_margin_detail_szse,,,2026-09-26T08:19:46.573711+00:00,2024-06-27,CONSERVATIVE_T1,margin_szse,002354,True
2024-06-26,AGGREGATOR|research-node|akshare@1.18.97|stock_margin_detail_szse,,,2026-09-26T08:19:46.573711+00:00,2024-06-27,CONSERVATIVE_T1,margin_szse,002440,True
2024-06-26,AGGREGATOR|research-node|akshare@1.18.97|stock_margin_detail_szse,,,2026-09-26T08:19:46.573711+00:00,2024-06-27,CONSERVATIVE_T1,margin_szse,002471,True
2024-06-26,AGGREGATOR|research-node|akshare@1.18.97|stock_margin_detail_szse,,,2026-09-26T08:19:46.573711+00:00,2024-06-27,CONSERVATIVE_T1,margin_szse,002736,True
2024-06-26,AGGREGATOR|research-node|akshare@1.18.97|stock_margin_detail_szse,,,2026-09-26T08:19:46.573711+00:00,2024-06-27,CONSERVATIVE_T1,margin_szse,300147,True
2024-06-27,AGGREGATOR|research-node|akshare@1.18.97|stock_margin_detail_szse,,,2026-09-26T08:19:48.997935+00:00,2024-06-28,CONSERVATIVE_T1,margin_szse,000685,True
2024-06-27,AGGREGATOR|research-node|akshare@1.18.97|stock_margin_detail_szse,,,2026-09-26T08:19:48.997935+00:00,2024-06-28,CONSERVATIVE_T1,margin_szse,000750,True
2024-06-27,AGGREGATOR|research-node|akshare@1.18.97|stock_margin_detail_szse,,,2026-09-26T08:19:48.997935+00:00,2024-06-28,CONSERVATIVE_T1,margin_szse,000783,True
2024-06-27,AGGREGATOR|research-node|akshare@1.18.97|stock_margin_detail_szse,,,2026-09-26T08:19:48.997935+00:00,2024-06-28,CONSERVATIVE_T1,margin_szse,000825,True
2024-06-27,AGGREGATOR|research-node|akshare@1.18.97|stock_margin_detail_szse,,,2026-09-26T08:19:48.997935+00:00,2024-06-28,CONSERVATIVE_T1,margin_szse,002354,True
2024-06-27,AGGREGATOR|research-node|akshare@1.18.97|stock_margin_detail_szse,,,2026-09-26T08:19:48.997935+00:00,2024-06-28,CONSERVATIVE_T1,margin_szse,002440,True
2024-06-27,AGGREGATOR|research-node|akshare@1.18.97|stock_margin_detail_szse,,,2026-09-26T08:19:48.997935+00:00,2024-06-28,CONSERVATIVE_T1,margin_szse,002471,True
2024-06-27,AGGREGATOR|research-node|akshare@1.18.97|stock_margin_detail_szse,,,2026-09-26T08:19:48.997935+00:00,2024-06-28,CONSERVATIVE_T1,margin_szse,002736,True
2024-06-27,AGGREGATOR|research-node|akshare@1.18.97|stock_margin_detail_szse,,,2026-09-26T08:19:48.997935+00:00,2024-06-28,CONSERVATIVE_T1,margin_szse,300147,True
2024-06-28,AGGREGATOR|research-node|akshare@1.18.97|stock_margin_detail_szse,,,2026-09-26T08:19:51.291080+00:00,2024-07-01,CONSERVATIVE_T1,margin_szse,000685,True
2024-06-28,AGGREGATOR|research-node|akshare@1.18.97|stock_margin_detail_szse,,,2026-09-26T08:19:51.291080+00:00,2024-07-01,CONSERVATIVE_T1,margin_szse,000750,True
2024-06-28,AGGREGATOR|research-node|akshare@1.18.97|stock_margin_detail_szse,,,2026-09-26T08:19:51.291080+00:00,2024-07-01,CONSERVATIVE_T1,margin_szse,000783,True
2024-06-28,AGGREGATOR|research-node|akshare@1.18.97|stock_margin_detail_szse,,,2026-09-26T08:19:51.291080+00:00,2024-07-01,CONSERVATIVE_T1,margin_szse,000825,True
2024-06-28,AGGREGATOR|research-node|akshare@1.18.97|stock_margin_detail_szse,,,2026-09-26T08:19:51.291080+00:00,2024-07-01,CONSERVATIVE_T1,margin_szse,002354,True
2024-06-28,AGGREGATOR|research-node|akshare@1.18.97|stock_margin_detail_szse,,,2026-09-26T08:19:51.291080+00:00,2024-07-01,CONSERVATIVE_T1,margin_szse,002440,True
2024-06-28,AGGREGATOR|research-node|akshare@1.18.97|stock_margin_detail_szse,,,2026-09-26T08:19:51.291080+00:00,2024-07-01,CONSERVATIVE_T1,margin_szse,002471,True
2024-06-28,AGGREGATOR|research-node|akshare@1.18.97|stock_margin_detail_szse,,,2026-09-26T08:19:51.291080+00:00,2024-07-01,CONSERVATIVE_T1,margin_szse,002736,True
2024-06-28,AGGREGATOR|research-node|akshare@1.18.97|stock_margin_detail_szse,,,2026-09-26T08:19:51.291080+00:00,2024-07-01,CONSERVATIVE_T1,margin_szse,300147,True
2024-01-26,AGGREGATOR|research-node|akshare@1.18.97|stock_lhb_detail_em,2024-01-26,,2026-09-26T08:20:31.887818+00:00,2024-01-29,CONSERVATIVE_T1,lhb,000628,True
2024-01-15,AGGREGATOR|research-node|akshare@1.18.97|stock_lhb_detail_em,2024-01-15,,2026-09-26T08:20:31.887818+00:00,2024-01-16,CONSERVATIVE_T1,lhb,000628,True
2024-01-12,AGGREGATOR|research-node|akshare@1.18.97|stock_lhb_detail_em,2024-01-12,,2026-09-26T08:20:31.887818+00:00,2024-01-15,CONSERVATIVE_T1,lhb,000628,True
2024-01-11,AGGREGATOR|research-node|akshare@1.18.97|stock_lhb_detail_em,2024-01-11,,2026-09-26T08:20:31.887818+00:00,2024-01-12,CONSERVATIVE_T1,lhb,000628,True
2024-01-05,AGGREGATOR|research-node|akshare@1.18.97|stock_lhb_detail_em,2024-01-05,,2026-09-26T08:20:31.887818+00:00,2024-01-08,CONSERVATIVE_T1,lhb,002354,True
2024-01-19,AGGREGATOR|research-node|akshare@1.18.97|stock_lhb_detail_em,2024-01-19,,2026-09-26T08:20:31.887818+00:00,2024-01-22,CONSERVATIVE_T1,lhb,603333,True
2024-01-16,AGGREGATOR|research-node|akshare@1.18.97|stock_lhb_detail_em,2024-01-16,,2026-09-26T08:20:31.887818+00:00,2024-01-17,CONSERVATIVE_T1,lhb,603333,True
2024-01-15,AGGREGATOR|research-node|akshare@1.18.97|stock_lhb_detail_em,2024-01-15,,2026-09-26T08:20:31.887818+00:00,2024-01-16,CONSERVATIVE_T1,lhb,603333,True
2024-01-12,AGGREGATOR|research-node|akshare@1.18.97|stock_lhb_detail_em,2024-01-12,,2026-09-26T08:20:31.887818+00:00,2024-01-15,CONSERVATIVE_T1,lhb,603333,True
2024-01-12,AGGREGATOR|research-node|akshare@1.18.97|stock_lhb_detail_em,2024-01-12,,2026-09-26T08:20:31.887818+00:00,2024-01-15,CONSERVATIVE_T1,lhb,603333,True
2024-01-11,AGGREGATOR|research-node|akshare@1.18.97|stock_lhb_detail_em,2024-01-11,,2026-09-26T08:20:31.887818+00:00,2024-01-12,CONSERVATIVE_T1,lhb,603333,True
2024-01-11,AGGREGATOR|research-node|akshare@1.18.97|stock_lhb_detail_em,2024-01-11,,2026-09-26T08:20:31.887818+00:00,2024-01-12,CONSERVATIVE_T1,lhb,603333,True
2024-01-10,AGGREGATOR|research-node|akshare@1.18.97|stock_lhb_detail_em,2024-01-10,,2026-09-26T08:20:31.887818+00:00,2024-01-11,CONSERVATIVE_T1,lhb,603333,True
2024-01-10,AGGREGATOR|research-node|akshare@1.18.97|stock_lhb_detail_em,2024-01-10,,2026-09-26T08:20:31.887818+00:00,2024-01-11,CONSERVATIVE_T1,lhb,603333,True
2024-01-10,AGGREGATOR|research-node|akshare@1.18.97|stock_lhb_detail_em,2024-01-10,,2026-09-26T08:20:31.887818+00:00,2024-01-11,CONSERVATIVE_T1,lhb,603333,True
2024-01-09,AGGREGATOR|research-node|akshare@1.18.97|stock_lhb_detail_em,2024-01-09,,2026-09-26T08:20:31.887818+00:00,2024-01-10,CONSERVATIVE_T1,lhb,603333,True
2024-01-04,AGGREGATOR|research-node|akshare@1.18.97|stock_lhb_detail_em,2024-01-04,,2026-09-26T08:20:31.887818+00:00,2024-01-05,CONSERVATIVE_T1,lhb,603333,True
2024-01-03,AGGREGATOR|research-node|akshare@1.18.97|stock_lhb_detail_em,2024-01-03,,2026-09-26T08:20:31.887818+00:00,2024-01-04,CONSERVATIVE_T1,lhb,603333,True
2024-01-02,AGGREGATOR|research-node|akshare@1.18.97|stock_lhb_detail_em,2024-01-02,,2026-09-26T08:20:31.887818+00:00,2024-01-03,CONSERVATIVE_T1,lhb,603333,True
2024-01-10,AGGREGATOR|research-node|akshare@1.18.97|stock_lhb_detail_em,2024-01-10,,2026-09-26T08:20:31.887818+00:00,2024-01-11,CONSERVATIVE_T1,lhb,603536,True
2024-01-29,AGGREGATOR|research-node|akshare@1.18.97|stock_lhb_detail_em,2024-01-29,,2026-09-26T08:20:31.887818+00:00,2024-01-30,CONSERVATIVE_T1,lhb,688498,True
2024-02-29,AGGREGATOR|research-node|akshare@1.18.97|stock_lhb_detail_em,2024-02-29,,2026-09-26T08:21:24.730640+00:00,2024-03-01,CONSERVATIVE_T1,lhb,000628,True
2024-02-28,AGGREGATOR|research-node|akshare@1.18.97|stock_lhb_detail_em,2024-02-28,,2026-09-26T08:21:24.730640+00:00,2024-02-29,CONSERVATIVE_T1,lhb,000628,True
2024-02-27,AGGREGATOR|research-node|akshare@1.18.97|stock_lhb_detail_em,2024-02-27,,2026-09-26T08:21:24.730640+00:00,2024-02-28,CONSERVATIVE_T1,lhb,000628,True
2024-02-26,AGGREGATOR|research-node|akshare@1.18.97|stock_lhb_detail_em,2024-02-26,,2026-09-26T08:21:24.730640+00:00,2024-02-27,CONSERVATIVE_T1,lhb,000628,True
2024-02-23,AGGREGATOR|research-node|akshare@1.18.97|stock_lhb_detail_em,2024-02-23,,2026-09-26T08:21:24.730640+00:00,2024-02-26,CONSERVATIVE_T1,lhb,000628,True
2024-02-23,AGGREGATOR|research-node|akshare@1.18.97|stock_lhb_detail_em,2024-02-23,,2026-09-26T08:21:24.730640+00:00,2024-02-26,CONSERVATIVE_T1,lhb,000628,True
2024-02-22,AGGREGATOR|research-node|akshare@1.18.97|stock_lhb_detail_em,2024-02-22,,2026-09-26T08:21:24.730640+00:00,2024-02-23,CONSERVATIVE_T1,lhb,000628,True
2024-02-22,AGGREGATOR|research-node|akshare@1.18.97|stock_lhb_detail_em,2024-02-22,,2026-09-26T08:21:24.730640+00:00,2024-02-23,CONSERVATIVE_T1,lhb,000628,True
2024-02-21,AGGREGATOR|research-node|akshare@1.18.97|stock_lhb_detail_em,2024-02-21,,2026-09-26T08:21:24.730640+00:00,2024-02-22,CONSERVATIVE_T1,lhb,000628,True
2024-02-20,AGGREGATOR|research-node|akshare@1.18.97|stock_lhb_detail_em,2024-02-20,,2026-09-26T08:21:24.730640+00:00,2024-02-21,CONSERVATIVE_T1,lhb,000628,True
2024-02-20,AGGREGATOR|research-node|akshare@1.18.97|stock_lhb_detail_em,2024-02-20,,2026-09-26T08:21:24.730640+00:00,2024-02-21,CONSERVATIVE_T1,lhb,002354,True
2024-02-20,AGGREGATOR|research-node|akshare@1.18.97|stock_lhb_detail_em,2024-02-20,,2026-09-26T08:21:24.730640+00:00,2024-02-21,CONSERVATIVE_T1,lhb,002354,True
2024-02-01,AGGREGATOR|research-node|akshare@1.18.97|stock_lhb_detail_em,2024-02-01,,2026-09-26T08:21:24.730640+00:00,2024-02-02,CONSERVATIVE_T1,lhb,002354,True
2024-02-07,AGGREGATOR|research-node|akshare@1.18.97|stock_lhb_detail_em,2024-02-07,,2026-09-26T08:21:24.730640+00:00,2024-02-08,CONSERVATIVE_T1,lhb,002693,True
2024-02-27,AGGREGATOR|research-node|akshare@1.18.97|stock_lhb_detail_em,2024-02-27,,2026-09-26T08:21:24.730640+00:00,2024-02-28,CONSERVATIVE_T1,lhb,300209,True
2024-02-27,AGGREGATOR|research-node|akshare@1.18.97|stock_lhb_detail_em,2024-02-27,,2026-09-26T08:21:24.730640+00:00,2024-02-28,CONSERVATIVE_T1,lhb,300209,True
2024-02-22,AGGREGATOR|research-node|akshare@1.18.97|stock_lhb_detail_em,2024-02-22,,2026-09-26T08:21:24.730640+00:00,2024-02-23,CONSERVATIVE_T1,lhb,300209,True
2024-02-07,AGGREGATOR|research-node|akshare@1.18.97|stock_lhb_detail_em,2024-02-07,,2026-09-26T08:21:24.730640+00:00,2024-02-08,CONSERVATIVE_T1,lhb,601366,True
2024-02-28,AGGREGATOR|research-node|akshare@1.18.97|stock_lhb_detail_em,2024-02-28,,2026-09-26T08:21:24.730640+00:00,2024-02-29,CONSERVATIVE_T1,lhb,603226,True
2024-02-06,AGGREGATOR|research-node|akshare@1.18.97|stock_lhb_detail_em,2024-02-06,,2026-09-26T08:21:24.730640+00:00,2024-02-07,CONSERVATIVE_T1,lhb,603226,True
2024-02-07,AGGREGATOR|research-node|akshare@1.18.97|stock_lhb_detail_em,2024-02-07,,2026-09-26T08:21:24.730640+00:00,2024-02-08,CONSERVATIVE_T1,lhb,603333,True
2024-02-07,AGGREGATOR|research-node|akshare@1.18.97|stock_lhb_detail_em,2024-02-07,,2026-09-26T08:21:24.730640+00:00,2024-02-08,CONSERVATIVE_T1,lhb,603536,True
2024-02-19,AGGREGATOR|research-node|akshare@1.18.97|stock_lhb_detail_em,2024-02-19,,2026-09-26T08:21:24.730640+00:00,2024-02-20,CONSERVATIVE_T1,lhb,688498,True
2024-02-19,AGGREGATOR|research-node|akshare@1.18.97|stock_lhb_detail_em,2024-02-19,,2026-09-26T08:21:24.730640+00:00,2024-02-20,CONSERVATIVE_T1,lhb,688498,True
2024-03-28,AGGREGATOR|research-node|akshare@1.18.97|stock_lhb_detail_em,2024-03-28,,2026-09-26T08:22:15.142619+00:00,2024-03-29,CONSERVATIVE_T1,lhb,000628,True
2024-03-27,AGGREGATOR|research-node|akshare@1.18.97|stock_lhb_detail_em,2024-03-27,,2026-09-26T08:22:15.142619+00:00,2024-03-28,CONSERVATIVE_T1,lhb,000628,True
2024-03-26,AGGREGATOR|research-node|akshare@1.18.97|stock_lhb_detail_em,2024-03-26,,2026-09-26T08:22:15.142619+00:00,2024-03-27,CONSERVATIVE_T1,lhb,000628,True
2024-03-25,AGGREGATOR|research-node|akshare@1.18.97|stock_lhb_detail_em,2024-03-25,,2026-09-26T08:22:15.142619+00:00,2024-03-26,CONSERVATIVE_T1,lhb,000628,True
2024-03-19,AGGREGATOR|research-node|akshare@1.18.97|stock_lhb_detail_em,2024-03-19,,2026-09-26T08:22:15.142619+00:00,2024-03-20,CONSERVATIVE_T1,lhb,000628,True
2024-03-19,AGGREGATOR|research-node|akshare@1.18.97|stock_lhb_detail_em,2024-03-19,,2026-09-26T08:22:15.142619+00:00,2024-03-20,CONSERVATIVE_T1,lhb,000628,True
2024-03-18,AGGREGATOR|research-node|akshare@1.18.97|stock_lhb_detail_em,2024-03-18,,2026-09-26T08:22:15.142619+00:00,2024-03-19,CONSERVATIVE_T1,lhb,000628,True
2024-03-13,AGGREGATOR|research-node|akshare@1.18.97|stock_lhb_detail_em,2024-03-13,,2026-09-26T08:22:15.142619+00:00,2024-03-14,CONSERVATIVE_T1,lhb,000628,True
2024-03-11,AGGREGATOR|research-node|akshare@1.18.97|stock_lhb_detail_em,2024-03-11,,2026-09-26T08:22:15.142619+00:00,2024-03-12,CONSERVATIVE_T1,lhb,000628,True
2024-03-06,AGGREGATOR|research-node|akshare@1.18.97|stock_lhb_detail_em,2024-03-06,,2026-09-26T08:22:15.142619+00:00,2024-03-07,CONSERVATIVE_T1,lhb,000628,True
2024-03-05,AGGREGATOR|research-node|akshare@1.18.97|stock_lhb_detail_em,2024-03-05,,2026-09-26T08:22:15.142619+00:00,2024-03-06,CONSERVATIVE_T1,lhb,000628,True
2024-03-05,AGGREGATOR|research-node|akshare@1.18.97|stock_lhb_detail_em,2024-03-05,,2026-09-26T08:22:15.142619+00:00,2024-03-06,CONSERVATIVE_T1,lhb,000628,True
2024-03-05,AGGREGATOR|research-node|akshare@1.18.97|stock_lhb_detail_em,2024-03-05,,2026-09-26T08:22:15.142619+00:00,2024-03-06,CONSERVATIVE_T1,lhb,000628,True
2024-03-04,AGGREGATOR|research-node|akshare@1.18.97|stock_lhb_detail_em,2024-03-04,,2026-09-26T08:22:15.142619+00:00,2024-03-05,CONSERVATIVE_T1,lhb,000628,True
2024-03-01,AGGREGATOR|research-node|akshare@1.18.97|stock_lhb_detail_em,2024-03-01,,2026-09-26T08:22:15.142619+00:00,2024-03-04,CONSERVATIVE_T1,lhb,000628,True
2024-03-22,AGGREGATOR|research-node|akshare@1.18.97|stock_lhb_detail_em,2024-03-22,,2026-09-26T08:22:15.142619+00:00,2024-03-25,CONSERVATIVE_T1,lhb,603226,True
2024-04-30,AGGREGATOR|research-node|akshare@1.18.97|stock_lhb_detail_em,2024-04-30,,2026-09-26T08:23:19.970913+00:00,2024-05-06,CONSERVATIVE_T1,lhb,000628,True
2024-04-29,AGGREGATOR|research-node|akshare@1.18.97|stock_lhb_detail_em,2024-04-29,,2026-09-26T08:23:19.970913+00:00,2024-04-30,CONSERVATIVE_T1,lhb,000628,True
2024-04-26,AGGREGATOR|research-node|akshare@1.18.97|stock_lhb_detail_em,2024-04-26,,2026-09-26T08:23:19.970913+00:00,2024-04-29,CONSERVATIVE_T1,lhb,000628,True
2024-04-26,AGGREGATOR|research-node|akshare@1.18.97|stock_lhb_detail_em,2024-04-26,,2026-09-26T08:23:19.970913+00:00,2024-04-29,CONSERVATIVE_T1,lhb,000628,True
2024-04-25,AGGREGATOR|research-node|akshare@1.18.97|stock_lhb_detail_em,2024-04-25,,2026-09-26T08:23:19.970913+00:00,2024-04-26,CONSERVATIVE_T1,lhb,000628,True
2024-04-24,AGGREGATOR|research-node|akshare@1.18.97|stock_lhb_detail_em,2024-04-24,,2026-09-26T08:23:19.970913+00:00,2024-04-25,CONSERVATIVE_T1,lhb,000628,True
2024-04-23,AGGREGATOR|research-node|akshare@1.18.97|stock_lhb_detail_em,2024-04-23,,2026-09-26T08:23:19.970913+00:00,2024-04-24,CONSERVATIVE_T1,lhb,000628,True
2024-04-22,AGGREGATOR|research-node|akshare@1.18.97|stock_lhb_detail_em,2024-04-22,,2026-09-26T08:23:19.970913+00:00,2024-04-23,CONSERVATIVE_T1,lhb,000628,True
2024-04-18,AGGREGATOR|research-node|akshare@1.18.97|stock_lhb_detail_em,2024-04-18,,2026-09-26T08:23:19.970913+00:00,2024-04-19,CONSERVATIVE_T1,lhb,000628,True
2024-04-09,AGGREGATOR|research-node|akshare@1.18.97|stock_lhb_detail_em,2024-04-09,,2026-09-26T08:23:19.970913+00:00,2024-04-10,CONSERVATIVE_T1,lhb,000628,True
2024-04-30,AGGREGATOR|research-node|akshare@1.18.97|stock_lhb_detail_em,2024-04-30,,2026-09-26T08:23:19.970913+00:00,2024-05-06,CONSERVATIVE_T1,lhb,603226,True
2024-05-23,AGGREGATOR|research-node|akshare@1.18.97|stock_lhb_detail_em,2024-05-23,,2026-09-26T08:23:58.937122+00:00,2024-05-24,CONSERVATIVE_T1,lhb,000628,True
2024-05-22,AGGREGATOR|research-node|akshare@1.18.97|stock_lhb_detail_em,2024-05-22,,2026-09-26T08:23:58.937122+00:00,2024-05-23,CONSERVATIVE_T1,lhb,000628,True
2024-05-21,AGGREGATOR|research-node|akshare@1.18.97|stock_lhb_detail_em,2024-05-21,,2026-09-26T08:23:58.937122+00:00,2024-05-22,CONSERVATIVE_T1,lhb,000628,True
2024-05-20,AGGREGATOR|research-node|akshare@1.18.97|stock_lhb_detail_em,2024-05-20,,2026-09-26T08:23:58.937122+00:00,2024-05-21,CONSERVATIVE_T1,lhb,000628,True
2024-05-20,AGGREGATOR|research-node|akshare@1.18.97|stock_lhb_detail_em,2024-05-20,,2026-09-26T08:23:58.937122+00:00,2024-05-21,CONSERVATIVE_T1,lhb,000628,True
2024-05-16,AGGREGATOR|research-node|akshare@1.18.97|stock_lhb_detail_em,2024-05-16,,2026-09-26T08:23:58.937122+00:00,2024-05-17,CONSERVATIVE_T1,lhb,000628,True
2024-05-15,AGGREGATOR|research-node|akshare@1.18.97|stock_lhb_detail_em,2024-05-15,,2026-09-26T08:23:58.937122+00:00,2024-05-16,CONSERVATIVE_T1,lhb,000628,True
2024-05-14,AGGREGATOR|research-node|akshare@1.18.97|stock_lhb_detail_em,2024-05-14,,2026-09-26T08:23:58.937122+00:00,2024-05-15,CONSERVATIVE_T1,lhb,000628,True
2024-05-14,AGGREGATOR|research-node|akshare@1.18.97|stock_lhb_detail_em,2024-05-14,,2026-09-26T08:23:58.937122+00:00,2024-05-15,CONSERVATIVE_T1,lhb,002354,True
2024-05-31,AGGREGATOR|research-node|akshare@1.18.97|stock_lhb_detail_em,2024-05-31,,2026-09-26T08:23:58.937122+00:00,2024-06-03,CONSERVATIVE_T1,lhb,002471,True
2024-05-08,AGGREGATOR|research-node|akshare@1.18.97|stock_lhb_detail_em,2024-05-08,,2026-09-26T08:23:58.937122+00:00,2024-05-09,CONSERVATIVE_T1,lhb,300147,True
2024-05-20,AGGREGATOR|research-node|akshare@1.18.97|stock_lhb_detail_em,2024-05-20,,2026-09-26T08:23:58.937122+00:00,2024-05-21,CONSERVATIVE_T1,lhb,603226,True
2024-06-28,AGGREGATOR|research-node|akshare@1.18.97|stock_lhb_detail_em,2024-06-28,,2026-09-26T08:24:09.473530+00:00,2024-07-01,CONSERVATIVE_T1,lhb,000628,True
2024-06-21,AGGREGATOR|research-node|akshare@1.18.97|stock_lhb_detail_em,2024-06-21,,2026-09-26T08:24:09.473530+00:00,2024-06-24,CONSERVATIVE_T1,lhb,000628,True
2024-06-06,AGGREGATOR|research-node|akshare@1.18.97|stock_lhb_detail_em,2024-06-06,,2026-09-26T08:24:09.473530+00:00,2024-06-07,CONSERVATIVE_T1,lhb,002471,True
2024-06-21,AGGREGATOR|research-node|akshare@1.18.97|stock_lhb_detail_em,2024-06-21,,2026-09-26T08:24:09.473530+00:00,2024-06-24,CONSERVATIVE_T1,lhb,600567,True
2024-01-22,AGGREGATOR|research-node|akshare@1.18.97|stock_dzjy_mrmx,2024-01-22,,2026-09-26T08:24:14.587977+00:00,2024-01-23,CONSERVATIVE_T1,dzjy,000825,True
2024-01-22,AGGREGATOR|research-node|akshare@1.18.97|stock_dzjy_mrmx,2024-01-22,,2026-09-26T08:24:14.587977+00:00,2024-01-23,CONSERVATIVE_T1,dzjy,000825,True
2024-01-23,AGGREGATOR|research-node|akshare@1.18.97|stock_dzjy_mrmx,2024-01-23,,2026-09-26T08:24:14.587977+00:00,2024-01-24,CONSERVATIVE_T1,dzjy,601328,True
2024-01-05,AGGREGATOR|research-node|akshare@1.18.97|stock_dzjy_mrmx,2024-01-05,,2026-09-26T08:24:14.587977+00:00,2024-01-08,CONSERVATIVE_T1,dzjy,688498,True
2024-01-11,AGGREGATOR|research-node|akshare@1.18.97|stock_dzjy_mrmx,2024-01-11,,2026-09-26T08:24:14.587977+00:00,2024-01-12,CONSERVATIVE_T1,dzjy,688498,True
2024-01-10,AGGREGATOR|research-node|akshare@1.18.97|stock_dzjy_mrmx,2024-01-10,,2026-09-26T08:24:14.587977+00:00,2024-01-11,CONSERVATIVE_T1,dzjy,688498,True
2024-01-09,AGGREGATOR|research-node|akshare@1.18.97|stock_dzjy_mrmx,2024-01-09,,2026-09-26T08:24:14.587977+00:00,2024-01-10,CONSERVATIVE_T1,dzjy,688498,True
2024-02-19,AGGREGATOR|research-node|akshare@1.18.97|stock_dzjy_mrmx,2024-02-19,,2026-09-26T08:24:18.005386+00:00,2024-02-20,CONSERVATIVE_T1,dzjy,000783,True
2024-02-01,AGGREGATOR|research-node|akshare@1.18.97|stock_dzjy_mrmx,2024-02-01,,2026-09-26T08:24:18.005386+00:00,2024-02-02,CONSERVATIVE_T1,dzjy,601328,True
2024-02-28,AGGREGATOR|research-node|akshare@1.18.97|stock_dzjy_mrmx,2024-02-28,,2026-09-26T08:24:18.005386+00:00,2024-02-29,CONSERVATIVE_T1,dzjy,601328,True
2024-02-22,AGGREGATOR|research-node|akshare@1.18.97|stock_dzjy_mrmx,2024-02-22,,2026-09-26T08:24:18.005386+00:00,2024-02-23,CONSERVATIVE_T1,dzjy,601328,True
2024-02-02,AGGREGATOR|research-node|akshare@1.18.97|stock_dzjy_mrmx,2024-02-02,,2026-09-26T08:24:18.005386+00:00,2024-02-05,CONSERVATIVE_T1,dzjy,601328,True
2024-02-06,AGGREGATOR|research-node|akshare@1.18.97|stock_dzjy_mrmx,2024-02-06,,2026-09-26T08:24:18.005386+00:00,2024-02-07,CONSERVATIVE_T1,dzjy,601985,True
2024-02-07,AGGREGATOR|research-node|akshare@1.18.97|stock_dzjy_mrmx,2024-02-07,,2026-09-26T08:24:18.005386+00:00,2024-02-08,CONSERVATIVE_T1,dzjy,601985,True
2024-02-02,AGGREGATOR|research-node|akshare@1.18.97|stock_dzjy_mrmx,2024-02-02,,2026-09-26T08:24:18.005386+00:00,2024-02-05,CONSERVATIVE_T1,dzjy,601988,True
2024-02-22,AGGREGATOR|research-node|akshare@1.18.97|stock_dzjy_mrmx,2024-02-22,,2026-09-26T08:24:18.005386+00:00,2024-02-23,CONSERVATIVE_T1,dzjy,601988,True
2024-02-22,AGGREGATOR|research-node|akshare@1.18.97|stock_dzjy_mrmx,2024-02-22,,2026-09-26T08:24:18.005386+00:00,2024-02-23,CONSERVATIVE_T1,dzjy,601988,True
2024-02-02,AGGREGATOR|research-node|akshare@1.18.97|stock_dzjy_mrmx,2024-02-02,,2026-09-26T08:24:18.005386+00:00,2024-02-05,CONSERVATIVE_T1,dzjy,601988,True
2024-02-26,AGGREGATOR|research-node|akshare@1.18.97|stock_dzjy_mrmx,2024-02-26,,2026-09-26T08:24:18.005386+00:00,2024-02-27,CONSERVATIVE_T1,dzjy,688498,True
2024-02-21,AGGREGATOR|research-node|akshare@1.18.97|stock_dzjy_mrmx,2024-02-21,,2026-09-26T08:24:18.005386+00:00,2024-02-22,CONSERVATIVE_T1,dzjy,688521,True
2024-02-22,AGGREGATOR|research-node|akshare@1.18.97|stock_dzjy_mrmx,2024-02-22,,2026-09-26T08:24:18.005386+00:00,2024-02-23,CONSERVATIVE_T1,dzjy,688521,True
2024-02-21,AGGREGATOR|research-node|akshare@1.18.97|stock_dzjy_mrmx,2024-02-21,,2026-09-26T08:24:18.005386+00:00,2024-02-22,CONSERVATIVE_T1,dzjy,688521,True
2024-02-21,AGGREGATOR|research-node|akshare@1.18.97|stock_dzjy_mrmx,2024-02-21,,2026-09-26T08:24:18.005386+00:00,2024-02-22,CONSERVATIVE_T1,dzjy,688521,True
2024-03-12,AGGREGATOR|research-node|akshare@1.18.97|stock_dzjy_mrmx,2024-03-12,,2026-09-26T08:24:23.908564+00:00,2024-03-13,CONSERVATIVE_T1,dzjy,000628,True
2024-03-12,AGGREGATOR|research-node|akshare@1.18.97|stock_dzjy_mrmx,2024-03-12,,2026-09-26T08:24:23.908564+00:00,2024-03-13,CONSERVATIVE_T1,dzjy,000628,True
2024-03-01,AGGREGATOR|research-node|akshare@1.18.97|stock_dzjy_mrmx,2024-03-01,,2026-09-26T08:24:23.908564+00:00,2024-03-04,CONSERVATIVE_T1,dzjy,688498,True
2024-03-20,AGGREGATOR|research-node|akshare@1.18.97|stock_dzjy_mrmx,2024-03-20,,2026-09-26T08:24:23.908564+00:00,2024-03-21,CONSERVATIVE_T1,dzjy,688498,True
2024-03-19,AGGREGATOR|research-node|akshare@1.18.97|stock_dzjy_mrmx,2024-03-19,,2026-09-26T08:24:23.908564+00:00,2024-03-20,CONSERVATIVE_T1,dzjy,688498,True
2024-03-19,AGGREGATOR|research-node|akshare@1.18.97|stock_dzjy_mrmx,2024-03-19,,2026-09-26T08:24:23.908564+00:00,2024-03-20,CONSERVATIVE_T1,dzjy,688498,True
2024-03-18,AGGREGATOR|research-node|akshare@1.18.97|stock_dzjy_mrmx,2024-03-18,,2026-09-26T08:24:23.908564+00:00,2024-03-19,CONSERVATIVE_T1,dzjy,688498,True
2024-03-18,AGGREGATOR|research-node|akshare@1.18.97|stock_dzjy_mrmx,2024-03-18,,2026-09-26T08:24:23.908564+00:00,2024-03-19,CONSERVATIVE_T1,dzjy,688498,True
2024-03-08,AGGREGATOR|research-node|akshare@1.18.97|stock_dzjy_mrmx,2024-03-08,,2026-09-26T08:24:23.908564+00:00,2024-03-11,CONSERVATIVE_T1,dzjy,688498,True
2024-03-06,AGGREGATOR|research-node|akshare@1.18.97|stock_dzjy_mrmx,2024-03-06,,2026-09-26T08:24:23.908564+00:00,2024-03-07,CONSERVATIVE_T1,dzjy,688498,True
2024-03-06,AGGREGATOR|research-node|akshare@1.18.97|stock_dzjy_mrmx,2024-03-06,,2026-09-26T08:24:23.908564+00:00,2024-03-07,CONSERVATIVE_T1,dzjy,688498,True
2024-03-06,AGGREGATOR|research-node|akshare@1.18.97|stock_dzjy_mrmx,2024-03-06,,2026-09-26T08:24:23.908564+00:00,2024-03-07,CONSERVATIVE_T1,dzjy,688498,True
2024-03-01,AGGREGATOR|research-node|akshare@1.18.97|stock_dzjy_mrmx,2024-03-01,,2026-09-26T08:24:23.908564+00:00,2024-03-04,CONSERVATIVE_T1,dzjy,688498,True
2024-03-01,AGGREGATOR|research-node|akshare@1.18.97|stock_dzjy_mrmx,2024-03-01,,2026-09-26T08:24:23.908564+00:00,2024-03-04,CONSERVATIVE_T1,dzjy,688498,True
2024-03-01,AGGREGATOR|research-node|akshare@1.18.97|stock_dzjy_mrmx,2024-03-01,,2026-09-26T08:24:23.908564+00:00,2024-03-04,CONSERVATIVE_T1,dzjy,688498,True
2024-03-01,AGGREGATOR|research-node|akshare@1.18.97|stock_dzjy_mrmx,2024-03-01,,2026-09-26T08:24:23.908564+00:00,2024-03-04,CONSERVATIVE_T1,dzjy,688498,True
2024-03-01,AGGREGATOR|research-node|akshare@1.18.97|stock_dzjy_mrmx,2024-03-01,,2026-09-26T08:24:23.908564+00:00,2024-03-04,CONSERVATIVE_T1,dzjy,688498,True
2024-03-01,AGGREGATOR|research-node|akshare@1.18.97|stock_dzjy_mrmx,2024-03-01,,2026-09-26T08:24:23.908564+00:00,2024-03-04,CONSERVATIVE_T1,dzjy,688498,True
2024-03-01,AGGREGATOR|research-node|akshare@1.18.97|stock_dzjy_mrmx,2024-03-01,,2026-09-26T08:24:23.908564+00:00,2024-03-04,CONSERVATIVE_T1,dzjy,688498,True
2024-03-01,AGGREGATOR|research-node|akshare@1.18.97|stock_dzjy_mrmx,2024-03-01,,2026-09-26T08:24:23.908564+00:00,2024-03-04,CONSERVATIVE_T1,dzjy,688498,True
2024-03-01,AGGREGATOR|research-node|akshare@1.18.97|stock_dzjy_mrmx,2024-03-01,,2026-09-26T08:24:23.908564+00:00,2024-03-04,CONSERVATIVE_T1,dzjy,688498,True
2024-03-01,AGGREGATOR|research-node|akshare@1.18.97|stock_dzjy_mrmx,2024-03-01,,2026-09-26T08:24:23.908564+00:00,2024-03-04,CONSERVATIVE_T1,dzjy,688498,True
2024-04-01,AGGREGATOR|research-node|akshare@1.18.97|stock_dzjy_mrmx,2024-04-01,,2026-09-26T08:24:27.664259+00:00,2024-04-02,CONSERVATIVE_T1,dzjy,000783,True
2024-04-23,AGGREGATOR|research-node|akshare@1.18.97|stock_dzjy_mrmx,2024-04-23,,2026-09-26T08:24:27.664259+00:00,2024-04-24,CONSERVATIVE_T1,dzjy,601328,True
2024-04-24,AGGREGATOR|research-node|akshare@1.18.97|stock_dzjy_mrmx,2024-04-24,,2026-09-26T08:24:27.664259+00:00,2024-04-25,CONSERVATIVE_T1,dzjy,601988,True
2024-04-16,AGGREGATOR|research-node|akshare@1.18.97|stock_dzjy_mrmx,2024-04-16,,2026-09-26T08:24:27.664259+00:00,2024-04-17,CONSERVATIVE_T1,dzjy,688498,True
2024-04-30,AGGREGATOR|research-node|akshare@1.18.97|stock_dzjy_mrmx,2024-04-30,,2026-09-26T08:24:27.664259+00:00,2024-05-06,CONSERVATIVE_T1,dzjy,688498,True
2024-04-26,AGGREGATOR|research-node|akshare@1.18.97|stock_dzjy_mrmx,2024-04-26,,2026-09-26T08:24:27.664259+00:00,2024-04-29,CONSERVATIVE_T1,dzjy,688498,True
2024-05-17,AGGREGATOR|research-node|akshare@1.18.97|stock_dzjy_mrmx,2024-05-17,,2026-09-26T08:24:33.278799+00:00,2024-05-20,CONSERVATIVE_T1,dzjy,000750,True
2024-05-17,AGGREGATOR|research-node|akshare@1.18.97|stock_dzjy_mrmx,2024-05-17,,2026-09-26T08:24:33.278799+00:00,2024-05-20,CONSERVATIVE_T1,dzjy,000750,True
2024-05-28,AGGREGATOR|research-node|akshare@1.18.97|stock_dzjy_mrmx,2024-05-28,,2026-09-26T08:24:33.278799+00:00,2024-05-29,CONSERVATIVE_T1,dzjy,300489,True
2024-05-29,AGGREGATOR|research-node|akshare@1.18.97|stock_dzjy_mrmx,2024-05-29,,2026-09-26T08:24:33.278799+00:00,2024-05-30,CONSERVATIVE_T1,dzjy,300489,True
2024-05-10,AGGREGATOR|research-node|akshare@1.18.97|stock_dzjy_mrmx,2024-05-10,,2026-09-26T08:24:33.278799+00:00,2024-05-13,CONSERVATIVE_T1,dzjy,601328,True
2024-05-30,AGGREGATOR|research-node|akshare@1.18.97|stock_dzjy_mrmx,2024-05-30,,2026-09-26T08:24:33.278799+00:00,2024-05-31,CONSERVATIVE_T1,dzjy,601328,True
2024-05-22,AGGREGATOR|research-node|akshare@1.18.97|stock_dzjy_mrmx,2024-05-22,,2026-09-26T08:24:33.278799+00:00,2024-05-23,CONSERVATIVE_T1,dzjy,601985,True
2024-05-15,AGGREGATOR|research-node|akshare@1.18.97|stock_dzjy_mrmx,2024-05-15,,2026-09-26T08:24:33.278799+00:00,2024-05-16,CONSERVATIVE_T1,dzjy,601988,True
2024-05-21,AGGREGATOR|research-node|akshare@1.18.97|stock_dzjy_mrmx,2024-05-21,,2026-09-26T08:24:33.278799+00:00,2024-05-22,CONSERVATIVE_T1,dzjy,601988,True
2024-05-31,AGGREGATOR|research-node|akshare@1.18.97|stock_dzjy_mrmx,2024-05-31,,2026-09-26T08:24:33.278799+00:00,2024-06-03,CONSERVATIVE_T1,dzjy,601992,True
2024-05-28,AGGREGATOR|research-node|akshare@1.18.97|stock_dzjy_mrmx,2024-05-28,,2026-09-26T08:24:33.278799+00:00,2024-05-29,CONSERVATIVE_T1,dzjy,688498,True
2024-05-31,AGGREGATOR|research-node|akshare@1.18.97|stock_dzjy_mrmx,2024-05-31,,2026-09-26T08:24:33.278799+00:00,2024-06-03,CONSERVATIVE_T1,dzjy,688498,True
2024-06-04,AGGREGATOR|research-node|akshare@1.18.97|stock_dzjy_mrmx,2024-06-04,,2026-09-26T08:24:37.555895+00:00,2024-06-05,CONSERVATIVE_T1,dzjy,300209,True
2024-06-21,AGGREGATOR|research-node|akshare@1.18.97|stock_dzjy_mrmx,2024-06-21,,2026-09-26T08:24:37.555895+00:00,2024-06-24,CONSERVATIVE_T1,dzjy,300209,True
2024-06-20,AGGREGATOR|research-node|akshare@1.18.97|stock_dzjy_mrmx,2024-06-20,,2026-09-26T08:24:37.555895+00:00,2024-06-21,CONSERVATIVE_T1,dzjy,300209,True
2024-06-19,AGGREGATOR|research-node|akshare@1.18.97|stock_dzjy_mrmx,2024-06-19,,2026-09-26T08:24:37.555895+00:00,2024-06-20,CONSERVATIVE_T1,dzjy,300209,True
2024-06-12,AGGREGATOR|research-node|akshare@1.18.97|stock_dzjy_mrmx,2024-06-12,,2026-09-26T08:24:37.555895+00:00,2024-06-13,CONSERVATIVE_T1,dzjy,300209,True
2024-06-11,AGGREGATOR|research-node|akshare@1.18.97|stock_dzjy_mrmx,2024-06-11,,2026-09-26T08:24:37.555895+00:00,2024-06-12,CONSERVATIVE_T1,dzjy,300209,True
2024-06-07,AGGREGATOR|research-node|akshare@1.18.97|stock_dzjy_mrmx,2024-06-07,,2026-09-26T08:24:37.555895+00:00,2024-06-11,CONSERVATIVE_T1,dzjy,300209,True
2024-06-05,AGGREGATOR|research-node|akshare@1.18.97|stock_dzjy_mrmx,2024-06-05,,2026-09-26T08:24:37.555895+00:00,2024-06-06,CONSERVATIVE_T1,dzjy,300209,True
2024-06-13,AGGREGATOR|research-node|akshare@1.18.97|stock_dzjy_mrmx,2024-06-13,,2026-09-26T08:24:37.555895+00:00,2024-06-14,CONSERVATIVE_T1,dzjy,601328,True
2024-06-28,AGGREGATOR|research-node|akshare@1.18.97|stock_dzjy_mrmx,2024-06-28,,2026-09-26T08:24:37.555895+00:00,2024-07-01,CONSERVATIVE_T1,dzjy,601328,True
2024-06-18,AGGREGATOR|research-node|akshare@1.18.97|stock_dzjy_mrmx,2024-06-18,,2026-09-26T08:24:37.555895+00:00,2024-06-19,CONSERVATIVE_T1,dzjy,601992,True
2024-06-03,AGGREGATOR|research-node|akshare@1.18.97|stock_dzjy_mrmx,2024-06-03,,2026-09-26T08:24:37.555895+00:00,2024-06-04,CONSERVATIVE_T1,dzjy,688498,True
2024-06-11,AGGREGATOR|research-node|akshare@1.18.97|stock_dzjy_mrmx,2024-06-11,,2026-09-26T08:24:37.555895+00:00,2024-06-12,CONSERVATIVE_T1,dzjy,688498,True
