code,date,evidence_level,session_ordinal_in_week,planned_sessions_this_week,week_realized_pct,t_eff,l_eff,eff_delta,volume_ratio_vs_prev_week,week_completion,weekly_base_pattern,weekly_weekday_path,weekly_passed,weekly_veto,r_today_pct,r_yesterday_pct,return_acceleration_pct,volume_ratio_vs_prev,activity_state,atr14_prev,atr_normalized_move,sv_raw,sv_legacy,td_raw,td_legacy,cap_passed,sv_continuation,sv_rebound,acc_continuation,acc_rebound,weekly_daily_cell
000006,2026-01-05,L2,1,5,-1.0173,2.0837,4.8354,-2.7517,0.6659,0.2,none,monday,False,False,-2.2111,0.9128,-3.1238,1.1917,expanding,0.36071428571428565,-0.6099,False,False,False,False,True,,,,,0_0
000006,2026-01-07,L2,3,5,-0.5086,,,,,0.6,none,midweek_partial,False,False,-0.8114,1.3361,-2.1474,1.1095,expanding,0.35999999999999993,-0.2222,False,False,False,False,True,,,,,0_0
000006,2026-01-09,L2,5,5,3.2553,1.5198,1.3875,0.1323,2.142,1.0,negative_to_positive,completed_week,True,False,2.3185,1.4315,0.8871,1.9218,expanding,0.3514285714285713,0.6545,False,False,True,True,True,,,True,False,1_1
000006,2026-01-13,L2,2,5,-4.3043,,,,,0.4,negative_to_positive,tuesday_C,True,False,-3.1408,-2.7586,-0.3822,0.7527,shrinking,0.3714285714285714,-0.8346,False,False,False,False,True,,,,,1_0
000006,2026-01-15,L2,4,5,-6.8068,,,,,0.8,none,midweek_partial,False,False,-1.5856,-1.046,-0.5396,0.74,shrinking,0.39785714285714285,-0.377,False,False,False,False,True,,,,,0_0
000006,2026-01-21,L2,3,5,5.0054,4.5499,7.8078,-3.2579,1.1001,0.6,negative_to_positive,midweek_partial,True,False,3.3191,2.0765,1.2426,2.1722,expanding,0.39357142857142857,0.7877,False,False,True,True,True,,,True,False,1_1
000006,2026-01-23,L2,5,5,5.9848,5.5811,7.8078,-2.2267,1.0723,1.0,negative_to_positive,completed_week,True,False,0.9326,0.0,0.9326,0.7904,shrinking,0.42000000000000004,0.2143,True,True,True,True,True,False,True,False,True,1_1
000006,2026-02-02,L2,1,5,-1.0227,10.7784,5.9848,4.7936,0.7342,0.2,none,monday,False,False,-2.7902,-1.3216,-1.4686,0.6274,shrinking,0.43,-0.5814,False,False,False,False,True,,,,,0_0
000006,2026-02-04,L2,3,5,2.9545,4.7261,7.9137,-3.1876,0.6252,0.6,negative_to_positive,midweek_partial,True,False,2.027,1.9518,0.0752,1.1383,expanding,0.42571428571428577,0.4228,False,False,True,True,True,,,True,False,1_1
000006,2026-02-06,L2,5,5,2.0455,3.4857,7.9137,-4.428,0.5868,1.0,negative_to_positive,completed_week,True,False,-0.2222,-0.6623,0.44,1.1189,expanding,0.4035714285714286,-0.0496,False,False,False,False,True,,,,,1_0
000006,2026-02-10,L2,2,5,0.7625,,,,,0.4,negative_to_positive,tuesday_A,True,False,-1.3859,4.4543,-5.8403,0.5841,shrinking,0.3957142857142858,-0.3285,False,False,False,False,True,,,,,1_0
000006,2026-02-12,L2,4,5,0.2179,0.1815,2.0455,-1.864,1.2001,0.8,none,midweek_partial,False,False,-1.6043,1.0811,-2.6854,1.1985,expanding,0.36357142857142843,-0.4126,False,False,False,False,True,,,,,0_0
000006,2026-02-24,L2,1,5,-3.4375,,,,,0.2,none,tuesday_gate_failed,,False,-1.6967,2.5,-4.1967,0.6152,shrinking,0.35571428571428576,-0.4498,False,False,False,False,True,,,,,0_0
000006,2026-02-26,L2,3,5,-2.9167,,,,,0.6,none,midweek_partial,False,False,-3.719,4.4229,-8.1419,0.8615,shrinking,0.35357142857142854,-1.0182,False,False,False,False,True,,,,,0_0
000006,2026-03-02,L2,1,5,-1.2155,3.4893,2.7233,0.766,0.9553,0.2,none,monday,False,False,-3.6638,-0.4292,-3.2346,1.3608,expanding,0.3799999999999999,-0.8947,False,False,False,False,True,,,,,0_0
000006,2026-03-04,L2,3,5,-5.4144,,,,,0.6,none,midweek_partial,False,False,0.0,-4.2506,4.2506,0.6113,shrinking,0.3607142857142854,0.0,False,False,False,False,True,,,,,0_0
000006,2026-03-06,L2,5,5,0.884,0.8703,3.3333,-2.463,1.0158,1.0,negative_to_positive,completed_week,True,False,4.822,1.7523,3.0697,1.775,expanding,0.3928571428571426,1.0691,False,False,False,False,False,,,,,1_0
000006,2026-03-10,L2,2,5,1.3304,,,,,0.4,negative_to_positive,tuesday_B,True,False,3.2768,-3.0668,6.3436,0.7762,shrinking,0.43785714285714256,0.6623,True,True,False,False,True,False,True,,,1_1
000006,2026-03-12,L2,4,5,0.7761,0.8918,0.884,0.0078,0.8702,0.8,double_positive_efficiency_improved,midweek_partial,True,False,-0.4381,-0.1094,-0.3287,0.8126,shrinking,0.44428571428571406,-0.09,False,False,False,False,True,,,,,1_0
000006,2026-03-16,L2,1,5,1.7778,0.1329,0.884,-0.7511,0.834,0.2,none,monday,False,False,1.4396,-0.6601,2.0997,1.217,expanding,0.431428571428571,0.3013,False,False,False,False,True,,,,,0_0
000006,2026-03-18,L2,3,5,2.6667,2.5969,0.1109,2.486,1.0269,0.6,double_positive_efficiency_improved,midweek_partial,True,False,2.0994,-1.2009,3.3003,1.1173,expanding,0.38928571428571396,0.4881,False,False,False,False,True,,,,,1_0
000006,2026-03-20,L2,5,5,-2.4444,2.2502,0.1109,2.1393,1.0863,1.0,none,completed_week,False,False,-3.1974,-1.8398,-1.3575,0.8894,shrinking,0.3457142857142853,-0.8388,False,False,False,False,True,,,,,0_0
000006,2026-03-26,L2,4,5,5.848,4.0593,2.4444,1.6149,1.4406,0.8,negative_to_positive,midweek_partial,True,False,2.1445,4.9763,-2.8318,1.172,expanding,0.3699999999999997,0.5135,False,False,False,False,True,,,,,1_0
000006,2026-03-30,L2,1,5,-0.2257,3.8759,2.4444,1.4315,1.3278,0.2,negative_to_positive,monday,True,False,-1.6685,-0.663,-1.0055,0.9243,normal,0.3871428571428569,-0.3875,False,False,False,False,True,,,,,1_0
000007,2026-01-05,L2,1,5,0.6993,1.3877,4.2857,-2.898,0.5075,0.2,negative_to_positive,monday,True,False,0.6993,-1.5491,2.2484,1.0271,normal,0.5978571428571431,0.1338,False,False,False,False,True,,,,,1_0
000007,2026-01-07,L2,3,5,0.5245,0.2854,0.7042,-0.4188,1.8378,0.6,none,midweek_partial,False,False,-0.9475,0.7812,-1.7287,0.735,shrinking,0.5642857142857146,-0.1949,False,False,False,False,True,,,,,0_0
000007,2026-01-09,L2,5,5,6.4685,2.7595,0.7042,2.0553,2.3441,1.0,double_positive_efficiency_improved,completed_week,True,False,0.1645,5.7391,-5.5747,0.9157,normal,0.5100000000000003,0.0392,False,False,False,False,True,,,,,1_0
000007,2026-01-13,L2,2,5,-4.2623,,,,,0.4,double_positive_efficiency_improved,tuesday_C,True,False,-1.6007,-2.5452,0.9445,0.6843,shrinking,0.5614285714285717,-0.3384,False,False,False,False,True,,,,,1_0
000007,2026-01-15,L2,4,5,-7.623,,,,,0.8,none,midweek_partial,False,False,-2.1701,-1.3699,-0.8003,0.9618,normal,0.5564285714285717,-0.4493,False,False,False,False,True,,,,,0_0
000007,2026-01-19,L2,1,5,0.7993,8.3344,6.4685,1.8659,0.8851,0.2,none,monday,False,False,0.4425,0.2662,0.1763,0.8562,shrinking,0.5342857142857146,0.0936,True,True,True,True,True,True,False,True,False,0_1
000007,2026-01-21,L2,3,5,0.1776,0.2726,7.377,-7.1044,0.6516,0.6,negative_to_positive,midweek_partial,True,False,2.7322,-3.2599,5.9922,1.0321,normal,0.512857142857143,0.585,False,False,False,False,True,,,,,1_0
000007,2026-01-23,L2,5,5,2.4867,3.6001,7.377,-3.7769,0.6907,1.0,negative_to_positive,completed_week,True,False,1.7637,0.5319,1.2318,2.1005,expanding,0.5092857142857146,0.3927,False,False,True,True,True,,,True,False,1_1
000007,2026-01-27,L2,2,5,-0.2609,,,,,0.4,negative_to_positive,tuesday_A,True,False,-2.1331,1.5598,-3.6929,1.161,expanding,0.5092857142857146,-0.4909,False,False,False,False,True,,,,,1_0
000007,2026-01-29,L2,4,5,-6.7826,,,,,0.8,none,midweek_partial,False,False,-4.0286,-2.6155,-1.4131,1.0424,normal,0.5192857142857145,-0.8666,False,False,False,False,True,,,,,0_0
000007,2026-02-02,L2,1,5,1.4774,4.717,2.4867,2.2303,1.1429,0.2,none,monday,False,False,1.011,1.4925,-0.4815,1.0501,normal,0.480714285714286,0.2288,False,False,False,False,True,,,,,0_0
000007,2026-02-04,L2,3,5,3.4164,4.832,5.3913,-0.5593,0.707,0.6,negative_to_positive,midweek_partial,True,False,0.0,1.9108,-1.9108,0.6246,shrinking,0.46714285714285747,0.0,False,False,False,False,True,,,,,1_0
000007,2026-02-06,L2,5,5,9.1413,9.7959,5.3913,4.4046,0.9332,1.0,negative_to_positive,completed_week,True,False,5.63,-0.0893,5.7193,3.4643,expanding,0.450714285714286,1.3978,False,False,False,False,False,,,,,1_0
000007,2026-02-10,L2,2,5,2.3589,,,,,0.4,negative_to_positive,tuesday_A,True,False,-1.2195,4.0609,-5.2804,0.7696,shrinking,0.4785714285714289,-0.3134,False,False,False,False,True,,,,,1_0
000007,2026-02-12,L2,4,5,2.9486,2.7307,9.1413,-6.4106,1.0798,0.8,none,midweek_partial,False,False,0.9917,-0.4115,1.4033,1.1582,expanding,0.49571428571428605,0.2421,False,False,False,False,True,,,,,0_0
000007,2026-02-24,L2,1,5,0.7137,,,,,0.2,none,tuesday_gate_failed,,False,2.3368,1.5548,0.782,1.0559,normal,0.48857142857142893,0.5936,False,False,True,True,True,,,True,False,0_1
000007,2026-02-26,L2,3,5,4.3616,3.9621,4.5493,-0.5872,1.1008,0.6,none,midweek_partial,False,False,4.3616,-0.7087,5.0703,1.3052,expanding,0.4678571428571434,1.1756,False,False,False,False,False,,,,,0_0
000007,2026-03-02,L2,1,5,0.7463,9.293,4.5493,4.7437,0.8619,0.2,double_positive_efficiency_improved,monday,True,False,-0.8811,3.4954,-4.3765,1.0566,normal,0.47857142857142904,-0.2507,False,False,False,False,True,,,,,1_0
000007,2026-03-04,L2,3,5,-1.7164,,,,,0.6,none,midweek_partial,False,False,4.5238,-6.6667,11.1905,0.7073,shrinking,0.5035714285714289,1.1319,True,False,False,False,False,False,True,,,0_0
000007,2026-03-06,L2,5,5,-0.9701,0.8277,8.0095,-7.1818,1.1721,1.0,none,completed_week,False,False,0.2266,0.5315,-0.3049,1.0485,normal,0.5985714285714288,0.0501,False,False,False,False,True,,,,,0_0
000007,2026-03-10,L2,2,5,7.1483,,,,,0.4,none,tuesday_gate_failed,,False,6.5004,-0.3014,6.8018,1.6173,expanding,0.5721428571428574,1.5031,False,False,True,False,False,,,False,True,0_0
000007,2026-03-12,L2,4,5,6.3118,5.9179,0.9701,4.9478,1.0666,0.8,negative_to_positive,midweek_partial,True,False,-1.2014,0.4258,-1.6272,1.6298,expanding,0.6121428571428573,-0.2777,False,False,False,False,True,,,,,1_0
000007,2026-03-16,L2,1,5,2.6258,3.7249,0.9701,2.7548,1.1024,0.2,negative_to_positive,monday,True,False,2.7757,-2.0744,4.8501,1.0513,normal,0.6335714285714287,0.5998,False,False,False,False,True,,,,,1_0
000007,2026-03-18,L2,3,5,8.8257,7.7758,4.1065,3.6693,1.135,0.6,double_positive_efficiency_improved,midweek_partial,True,False,2.332,3.6247,-1.2928,0.8877,shrinking,0.6685714285714285,0.5085,False,False,False,False,True,,,,,1_0
000007,2026-03-20,L2,5,5,2.2611,2.1334,4.1065,-1.9731,1.0599,1.0,none,completed_week,False,False,-2.7739,-3.3512,0.5773,0.7476,shrinking,0.6785714285714285,-0.5895,False,False,False,False,True,,,,,0_0
000007,2026-03-24,L2,2,5,-0.288,,,,,0.4,none,tuesday_gate_failed,,False,4.9242,-5.8488,10.773,0.8654,shrinking,0.6807142857142857,0.9549,True,False,False,False,False,False,True,,,0_0
000007,2026-03-26,L2,4,5,-4.0317,,,,,0.8,none,midweek_partial,False,False,-1.6236,-2.1661,0.5424,0.7059,shrinking,0.6599999999999999,-0.3333,False,False,False,False,True,,,,,0_0
000007,2026-03-30,L2,1,5,0.6865,7.0138,2.2611,4.7527,0.6672,0.2,none,monday,False,False,-0.3021,-0.6752,0.3731,1.3189,expanding,0.6885714285714284,-0.0581,False,False,False,False,True,,,,,0_0
000008,2026-01-05,L2,1,5,0.3509,2.469,0.6849,1.7841,0.6983,0.2,none,monday,False,False,0.3509,0.0,0.3509,1.1642,expanding,0.054285714285714305,0.1842,False,False,False,False,True,,,,,0_0
000008,2026-01-07,L2,3,5,6.3158,0.9685,1.7241,-0.7556,6.5212,0.6,negative_to_positive,midweek_partial,True,False,-3.8095,10.1399,-13.9494,1.1135,expanding,0.051428571428571476,-2.3333,False,False,False,False,True,,,,,1_0
000008,2026-01-09,L2,5,5,8.0702,1.3782,1.7241,-0.3459,5.8557,1.0,negative_to_positive,completed_week,True,False,0.3257,1.3201,-0.9944,0.7544,shrinking,0.07571428571428578,0.1321,False,False,False,False,True,,,,,1_0
000008,2026-01-13,L2,2,5,0.3236,,,,,0.4,negative_to_positive,tuesday_A,True,False,-3.4268,4.2208,-7.6476,0.6313,shrinking,0.0792857142857143,-1.3874,False,False,False,False,True,,,,,1_0
000008,2026-01-15,L2,4,5,-1.6181,,,,,0.8,none,midweek_partial,False,True,-0.9772,-0.9677,-0.0095,0.6378,shrinking,0.09857142857142856,-0.3043,False,False,False,False,True,,,,,0_0
000008,2026-01-19,L2,1,5,3.6424,3.4229,8.0702,-4.6473,0.7564,0.2,none,monday,False,False,3.9867,-0.9868,4.9736,1.6259,expanding,0.10142857142857142,1.1831,False,False,False,False,False,,,,,0_0
000008,2026-01-21,L2,3,5,3.9735,5.7336,2.589,3.1446,0.693,0.6,negative_to_positive,midweek_partial,True,False,0.0,0.3195,-0.3195,0.7208,shrinking,0.11357142857142856,0.0,False,False,False,False,True,,,,,1_0
000008,2026-01-23,L2,5,5,6.2914,8.4619,2.589,5.8729,0.7435,1.0,negative_to_positive,completed_week,True,False,-0.9259,3.1847,-4.1106,0.581,shrinking,0.11499999999999999,-0.2609,False,False,False,False,True,,,,,1_0
000008,2026-01-27,L2,2,5,-0.6211,,,,,0.4,negative_to_positive,tuesday_C,True,False,-0.6211,0.3115,-0.9326,0.6689,shrinking,0.12214285714285711,-0.1637,False,False,False,False,True,,,,,1_0
000008,2026-01-29,L2,4,5,-0.6211,,,,,0.8,none,midweek_partial,False,False,0.3135,-0.3125,0.626,1.3607,expanding,0.10428571428571429,0.0959,False,False,False,False,True,,,,,0_0
000008,2026-02-02,L2,1,5,-4.5902,4.0447,6.2914,-2.2467,0.9214,0.2,none,monday,False,False,-6.129,-3.125,-3.004,1.2778,expanding,0.10571428571428575,-1.7973,False,False,False,False,True,,,,,0_0
000008,2026-02-04,L2,3,5,-1.6393,,,,,0.6,none,midweek_partial,False,False,2.7397,0.3436,2.3961,0.8954,shrinking,0.10357142857142858,0.7724,True,True,False,False,True,True,False,,,0_1
000008,2026-02-06,L2,5,5,-1.9672,2.5323,3.7267,-1.1944,0.7768,1.0,none,completed_week,False,False,1.3559,-1.6667,3.0226,1.1181,expanding,0.10500000000000008,0.381,False,False,False,False,True,,,,,0_0
000008,2026-02-10,L2,2,5,0.3311,,,,,0.4,none,tuesday_gate_failed,,False,-0.9804,2.3411,-3.3215,0.7696,shrinking,0.0971428571428572,-0.3088,False,False,False,False,True,,,,,0_0
000008,2026-02-12,L2,4,5,-0.9934,,,,,0.8,none,midweek_partial,False,False,-0.9934,-0.33,-0.6633,1.413,expanding,0.10000000000000006,-0.3,False,False,False,False,True,,,,,0_0
000008,2026-02-24,L2,1,5,1.3378,,,,,0.2,none,tuesday_gate_failed,,False,2.3649,-1.0033,3.3682,1.0814,normal,0.09571428571428577,0.7313,False,False,False,False,True,,,,,0_0
000008,2026-02-26,L2,3,5,1.0033,0.8726,1.9868,-1.1142,1.1499,0.6,negative_to_positive,midweek_partial,True,False,-0.9836,0.6601,-1.6437,0.9823,normal,0.08928571428571432,-0.336,False,False,False,False,True,,,,,1_0
000008,2026-03-02,L2,1,5,-1.0033,0.7673,1.9868,-1.2195,0.8718,0.2,negative_to_positive,monday,True,False,-1.6611,-0.3311,-1.33,1.7875,expanding,0.0835714285714286,-0.5983,False,False,False,False,True,,,,,1_0
000008,2026-03-04,L2,3,5,-5.3512,,,,,0.6,none,midweek_partial,False,False,-1.3937,-3.0405,1.6468,0.6939,shrinking,0.06785714285714291,-0.5895,False,False,False,False,True,,,,,0_0
000008,2026-03-06,L2,5,5,-2.0067,1.3162,0.6689,0.6473,1.5246,1.0,none,completed_week,False,False,1.3841,2.1201,-0.7361,0.7394,shrinking,0.06928571428571427,0.5773,False,False,False,False,True,,,,,0_0
000008,2026-03-10,L2,2,5,0.0,,,,,0.4,none,tuesday_gate_failed,,False,0.0,-0.6826,0.6826,1.0271,normal,0.07071428571428573,0.0,False,False,False,False,True,,,,,0_0
000008,2026-03-12,L2,4,5,0.0,,,,,0.8,none,midweek_partial,False,False,0.0,0.0,0.0,1.0731,normal,0.06714285714285717,0.0,False,False,False,False,True,,,,,0_0
000008,2026-03-16,L2,1,5,-2.0067,2.74,2.0067,0.7333,1.0033,0.2,negative_to_positive,monday,True,False,-2.0067,2.7491,-4.7558,0.4933,shrinking,0.06571428571428574,-0.913,False,False,False,False,True,,,,,1_0
000008,2026-03-18,L2,3,5,-4.3478,,,,,0.6,none,midweek_partial,False,False,-1.0381,-1.3652,0.3271,0.9891,normal,0.07285714285714288,-0.4118,False,False,False,False,True,,,,,0_0
000008,2026-03-30,L2,1,5,11.236,1.3543,7.6923,-6.338,0.8114,0.2,none,monday,False,False,10.0,1.1236,8.8764,5.812,expanding,0.08785714285714295,3.0732,False,False,True,False,False,,,True,False,0_0
000009,2026-01-05,L2,1,5,2.335,5.6534,2.1106,3.5428,0.5566,0.2,none,monday,False,False,2.335,-1.005,3.3401,1.7242,expanding,0.23571428571428577,0.9758,False,False,False,False,True,,,,,0_0
000009,2026-01-07,L2,3,5,2.6396,1.1097,3.1465,-2.0368,2.3786,0.6,negative_to_positive,midweek_partial,True,False,-0.59,0.8929,-1.4828,1.0389,normal,0.24500000000000025,-0.2449,False,False,False,False,True,,,,,1_0
000009,2026-01-09,L2,5,5,4.0609,1.5531,3.1465,-1.5934,2.6147,1.0,negative_to_positive,completed_week,True,False,0.7866,0.5935,0.1932,1.0437,normal,0.207857142857143,0.3849,False,False,True,True,True,,,True,False,1_1
000009,2026-01-13,L2,2,5,-2.2352,,,,,0.4,negative_to_positive,tuesday_C,True,False,-1.9493,0.0976,-2.0469,0.9196,normal,0.20999999999999996,-0.9524,False,False,False,False,True,,,,,1_0
000009,2026-01-15,L2,4,5,-1.8465,,,,,0.8,none,midweek_partial,False,True,0.1984,0.1988,-0.0004,0.7011,shrinking,0.2185714285714286,0.0915,False,False,False,False,True,,,,,0_0
000009,2026-01-19,L2,1,5,0.0986,0.7917,4.0609,-3.2692,1.3502,0.2,none,monday,False,False,-0.2947,0.7921,-1.0868,0.747,shrinking,0.22500000000000014,-0.1333,False,False,False,False,True,,,,,0_0
000009,2026-01-21,L2,3,5,0.3945,0.4631,1.069,-0.6059,0.8518,0.6,negative_to_positive,midweek_partial,True,False,1.8,-1.4778,3.2778,0.9469,normal,0.22928571428571448,0.785,True,True,False,False,True,False,True,,,1_1
000009,2026-01-23,L2,5,5,2.6627,3.0012,1.069,1.9322,0.8872,1.0,negative_to_positive,completed_week,True,False,2.5616,-0.2947,2.8563,2.122,expanding,0.2407142857142859,1.0801,False,False,False,False,True,,,,,1_0
000009,2026-01-27,L2,2,5,-5.0718,,,,,0.4,negative_to_positive,tuesday_C_failed_volume,False,False,-3.2195,-1.537,-1.6825,1.7909,expanding,0.24000000000000007,-1.375,False,False,False,False,True,,,,,0_0
000009,2026-01-29,L2,4,5,-3.9234,,,,,0.8,none,midweek_partial,False,False,-0.7905,2.0161,-2.8066,0.8575,shrinking,0.2757142857142858,-0.2902,False,False,False,False,True,,,,,0_0
000009,2026-02-02,L2,1,5,-2.521,5.8077,2.6627,3.145,1.3841,0.2,none,monday,False,False,-3.4339,-4.2829,0.8489,0.5675,shrinking,0.3100000000000001,-1.0645,False,False,False,False,True,,,,,0_0
000009,2026-02-04,L2,3,5,0.0,,,,,0.6,none,midweek_partial,False,False,0.7407,1.8319,-1.0912,1.1728,expanding,0.332857142857143,0.2103,False,False,False,False,True,,,,,0_0
000009,2026-02-06,L2,5,5,-0.7353,1.7023,8.0383,-6.336,0.432,1.0,none,completed_week,False,False,0.7463,-1.4706,2.2169,1.2026,expanding,0.3214285714285717,0.2178,False,False,False,False,True,,,,,0_0
000009,2026-02-10,L2,2,5,0.3145,,,,,0.4,none,tuesday_gate_failed,,False,-0.9317,2.2222,-3.1539,0.512,shrinking,0.33642857142857174,-0.2675,False,False,False,False,True,,,,,0_0
000009,2026-02-12,L2,4,5,-0.4193,,,,,0.8,none,midweek_partial,False,False,-0.4193,-0.3135,-0.1058,0.9352,normal,0.3264285714285717,-0.1225,False,False,False,False,True,,,,,0_0
000009,2026-02-24,L2,1,5,0.7392,,,,,0.2,none,tuesday_gate_failed,,False,2.2508,-1.7895,4.0403,0.9941,normal,0.308571428571429,0.6806,True,True,False,False,True,False,True,,,0_1
000009,2026-02-26,L2,3,5,0.3168,0.2112,2.2013,-1.9901,1.5,0.6,negative_to_positive,midweek_partial,True,False,-0.9385,0.5241,-1.4626,0.6977,shrinking,0.2821428571428575,-0.319,False,False,False,False,True,,,,,1_0
000010,2026-01-05,L2,1,5,-1.6901,1.0674,3.523,-2.4556,0.5278,0.2,none,monday,False,False,-1.1331,0.5698,-1.7029,1.2076,expanding,0.11285714285714284,-0.3544,False,False,False,False,True,,,,,0_0
000010,2026-01-07,L2,3,5,-1.4085,,,,,0.6,none,midweek_partial,False,False,-1.1299,1.4327,-2.5626,0.952,normal,0.11928571428571429,-0.3353,False,False,False,False,True,,,,,0_0
000010,2026-01-09,L2,5,5,7.0423,2.0066,0.5634,1.4432,3.5095,1.0,negative_to_positive,completed_week,True,False,6.4426,2.0,4.4426,1.5866,expanding,0.11500000000000006,2.0,False,False,True,False,False,,,True,False,1_0
000010,2026-01-13,L2,2,5,-4.9223,,,,,0.4,negative_to_positive,tuesday_C,True,False,-4.1775,0.7895,-4.967,0.6732,shrinking,0.1235714285714286,-1.2948,False,False,False,False,True,,,,,1_0
000010,2026-01-15,L2,4,5,-6.7358,,,,,0.8,none,midweek_partial,False,False,-3.4853,1.6349,-5.1201,0.9253,normal,0.1207142857142857,-1.0769,False,False,False,False,True,,,,,0_0
000010,2026-01-19,L2,1,5,1.4085,8.0839,7.0423,1.0416,0.9614,0.2,none,monday,False,False,1.1236,-1.1111,2.2347,0.8067,shrinking,0.12857142857142853,0.3111,True,True,False,False,True,False,True,,,0_1
000010,2026-01-21,L2,3,5,3.662,6.2833,7.772,-1.4887,0.5828,0.6,negative_to_positive,midweek_partial,True,False,2.507,-0.2778,2.7847,1.5877,expanding,0.12785714285714284,0.7039,False,False,False,False,True,,,,,1_0
000010,2026-01-23,L2,5,5,3.3803,5.7972,7.772,-1.9748,0.5831,1.0,negative_to_positive,completed_week,True,False,-0.2717,0.0,-0.2717,1.009,normal,0.12999999999999998,-0.0769,False,False,False,False,True,,,,,1_0
000010,2026-01-27,L2,2,5,-4.0872,,,,,0.4,negative_to_positive,tuesday_C,True,False,-1.676,-2.4523,0.7763,0.8587,shrinking,0.12785714285714286,-0.4693,False,False,False,False,True,,,,,1_0
000010,2026-01-29,L2,4,5,-6.267,,,,,0.8,none,midweek_partial,False,False,-0.578,-1.7045,1.1265,1.2219,expanding,0.13642857142857137,-0.1466,False,False,False,False,True,,,,,0_0
000010,2026-02-04,L2,3,5,5.5718,5.0362,7.0845,-2.0483,1.1064,0.6,negative_to_positive,midweek_partial,True,False,2.2727,2.924,-0.6512,1.2046,expanding,0.10857142857142861,0.7368,False,False,False,False,True,,,,,1_0
000010,2026-02-10,L2,2,5,2.2599,,,,,0.4,negative_to_positive,tuesday_A,True,False,0.0,1.9718,-1.9718,0.5922,shrinking,0.13571428571428576,0.0,False,False,False,False,True,,,,,1_0
000010,2026-02-26,L2,3,5,15.625,8.1286,2.2599,5.8687,1.9222,0.6,negative_to_positive,midweek_partial,True,False,10.0,3.352,6.648,1.443,expanding,0.14928571428571433,2.4785,False,False,True,False,False,,,True,False,1_0
000010,2026-03-02,L2,1,5,3.7313,8.8108,2.2599,6.5509,2.4505,0.2,negative_to_positive,monday,True,False,-2.5701,5.1597,-7.7298,0.6025,shrinking,0.1878571428571429,-0.5856,False,False,False,False,True,,,,,1_0
000010,2026-03-04,L2,3,5,9.9502,5.7004,21.5909,-15.8905,1.7455,0.6,none,midweek_partial,False,False,9.9502,-3.5971,13.5474,1.5821,expanding,0.23785714285714293,1.6817,False,False,False,False,False,,,,,0_0
000010,2026-03-06,L2,5,5,9.7015,5.5941,21.5909,-15.9968,1.7342,1.0,none,completed_week,False,False,2.0833,-2.2624,4.3458,0.5331,shrinking,0.28714285714285726,0.3134,True,True,False,False,True,False,True,,,0_1
000010,2026-03-10,L2,2,5,0.6928,,,,,0.4,none,tuesday_gate_failed,,False,2.3474,-3.4014,5.7488,0.8095,shrinking,0.2864285714285715,0.3491,True,True,False,False,True,False,True,,,0_1
000010,2026-03-12,L2,4,5,-4.8499,,,,,0.8,none,midweek_partial,False,False,-4.8499,-0.6881,-4.1618,1.1734,expanding,0.2814285714285715,-0.7462,False,False,False,False,True,,,,,0_0
000010,2026-03-16,L2,1,5,4.2316,10.0851,9.7015,0.3836,0.458,0.2,double_positive_efficiency_improved,monday,True,False,3.3113,9.9515,-6.6402,3.0335,expanding,0.29285714285714287,0.5122,False,False,False,False,True,,,,,1_0
000010,2026-03-18,L2,3,5,2.4499,1.1192,4.6189,-3.4997,2.189,0.6,none,midweek_partial,False,False,-2.5424,0.8547,-3.3971,0.5057,shrinking,0.34714285714285725,-0.3457,False,False,False,False,True,,,,,0_0
000010,2026-03-20,L2,5,5,2.6726,1.5122,4.6189,-3.1067,1.7673,1.0,none,completed_week,False,False,0.655,-0.4348,1.0898,1.1075,expanding,0.3385714285714287,0.0886,False,False,True,True,True,,,False,True,0_1
000010,2026-03-24,L2,2,5,-0.6696,,,,,0.4,none,tuesday_gate_failed,,False,3.2483,-6.5076,9.7559,0.7435,shrinking,0.30642857142857155,0.4569,True,True,False,False,True,False,True,,,0_1
000010,2026-03-26,L2,4,5,-4.2411,,,,,0.8,none,midweek_partial,False,False,-4.0268,0.4494,-4.4763,0.798,shrinking,0.28642857142857153,-0.6284,False,False,False,False,True,,,,,0_0
000010,2026-03-30,L2,1,5,-0.4751,12.1615,2.6726,9.4889,0.4956,0.2,none,monday,False,False,-0.4751,-1.8648,1.3897,1.3985,expanding,0.27357142857142874,-0.0731,False,False,False,False,True,,,,,0_0
000011,2026-01-05,L2,1,5,0.5562,0.6414,1.31,-0.6686,0.6891,0.2,none,monday,False,False,0.333,1.693,-1.36,0.7738,shrinking,0.1892857142857143,0.1585,False,False,False,False,True,,,,,0_0
000011,2026-01-07,L2,3,5,-0.5562,,,,,0.6,none,midweek_partial,False,False,-1.4333,0.3319,-1.7652,1.0356,normal,0.17000000000000007,-0.7647,False,False,False,False,True,,,,,0_0
000011,2026-01-09,L2,5,5,1.2236,0.6167,0.442,0.1747,1.9842,1.0,negative_to_positive,completed_week,True,False,0.4415,1.3423,-0.9008,1.1221,expanding,0.16,0.25,False,False,False,False,True,,,,,1_0
000011,2026-01-13,L2,2,5,-1.9824,,,,,0.4,negative_to_positive,tuesday_C_failed_volume,False,False,-1.4396,-0.7692,-0.6704,1.2672,expanding,0.1592857142857142,-0.8161,False,False,False,False,True,,,,,0_0
000011,2026-01-15,L2,4,5,-3.8546,,,,,0.8,none,midweek_partial,False,True,-0.4561,-1.4607,1.0046,0.5609,shrinking,0.15357142857142847,-0.2605,False,False,False,False,True,,,,,0_0
000011,2026-01-19,L2,1,5,2.093,3.6089,1.2236,2.3853,1.4648,0.2,none,monday,False,False,2.093,-1.4891,3.5821,0.7717,shrinking,0.1649999999999999,1.0909,True,True,False,False,True,False,True,,,0_1
000011,2026-01-21,L2,3,5,3.9535,4.7021,5.2863,-0.5842,0.8408,0.6,negative_to_positive,midweek_partial,True,False,1.0169,0.7973,0.2197,1.3651,expanding,0.18142857142857124,0.4961,False,False,True,True,True,,,True,False,1_1
000011,2026-01-23,L2,5,5,5.5814,6.4938,5.2863,1.2075,0.8595,1.0,negative_to_positive,completed_week,True,False,0.3315,1.2304,-0.8989,0.8499,shrinking,0.18571428571428555,0.1615,False,False,False,False,True,,,,,1_0
000011,2026-01-27,L2,2,5,-2.2099,,,,,0.4,negative_to_positive,tuesday_C_failed_volume,False,False,-1.5573,-0.9912,-0.5661,1.0103,normal,0.18214285714285708,-0.7686,False,False,False,False,True,,,,,0_0
000011,2026-01-29,L2,4,5,0.663,0.5526,5.5814,-5.0288,1.1998,0.8,none,midweek_partial,False,False,2.8217,0.113,2.7087,2.5194,expanding,0.19785714285714256,1.2635,False,False,True,True,True,,,True,False,0_1
000011,2026-02-02,L2,1,5,-2.0179,1.3402,5.5814,-4.2412,1.2368,0.2,none,monday,False,False,-1.7978,-2.3052,0.5074,0.7754,shrinking,0.21785714285714278,-0.7344,False,False,False,False,True,,,,,0_0
000011,2026-02-04,L2,3,5,2.5785,2.9502,1.6575,1.2927,0.874,0.6,negative_to_positive,midweek_partial,True,False,3.3898,1.2586,2.1312,2.0826,expanding,0.2421428571428572,1.2389,False,False,True,True,True,,,True,False,1_1
000011,2026-02-06,L2,5,5,1.5695,1.9225,1.6575,0.265,0.8164,1.0,negative_to_positive,completed_week,True,False,-0.7667,-0.2186,-0.5481,0.7429,shrinking,0.24714285714285708,-0.2832,False,False,False,False,True,,,,,1_0
000011,2026-02-10,L2,2,5,0.4381,,,,,0.4,negative_to_positive,tuesday_A,True,False,-1.1853,2.4283,-3.6136,0.6773,shrinking,0.23357142857142868,-0.4709,False,False,False,False,True,,,,,1_0
000011,2026-02-12,L2,4,5,-0.9858,,,,,0.8,none,midweek_partial,False,False,-2.0585,0.6543,-2.7128,1.2083,expanding,0.23285714285714296,-0.816,False,False,False,False,True,,,,,0_0
000011,2026-02-24,L2,1,5,-0.4391,,,,,0.2,none,tuesday_gate_failed,,False,0.3319,0.0,0.3319,0.8023,shrinking,0.23857142857142843,0.1257,True,True,False,False,True,False,True,,,0_1
000011,2026-02-26,L2,3,5,-2.1954,,,,,0.6,none,midweek_partial,False,False,-3.6757,1.9846,-5.6602,1.4539,expanding,0.22214285714285736,-1.5305,False,False,False,False,True,,,,,0_0
000014,2026-01-05,L2,1,5,0.223,3.2632,1.2996,1.9636,0.9707,0.2,none,monday,False,False,0.223,-0.738,0.9611,1.0174,normal,0.40499999999999997,0.0741,False,False,False,False,True,,,,,0_0
000014,2026-01-07,L2,3,5,0.3717,0.2957,3.1677,-2.872,1.2573,0.6,negative_to_positive,midweek_partial,True,False,-0.8811,1.0386,-1.9196,0.8725,shrinking,0.31428571428571433,-0.3818,False,False,False,False,True,,,,,1_0
000014,2026-01-09,L2,5,5,3.7175,2.4491,3.1677,-0.7186,1.5179,1.0,negative_to_positive,completed_week,True,False,1.3808,1.9259,-0.5451,0.9986,normal,0.29857142857142865,0.6364,False,False,False,False,True,,,,,1_0
000014,2026-01-13,L2,2,5,-1.4388,,,,,0.4,negative_to_positive,tuesday_B,True,False,-0.1458,-1.6487,1.503,1.2406,expanding,0.3042857142857144,-0.0657,False,False,False,False,True,,,,,1_0
000014,2026-01-15,L2,4,5,-4.6043,,,,,0.8,none,midweek_partial,False,True,-1.0448,-2.1898,1.145,0.5942,shrinking,0.33785714285714313,-0.4144,False,False,False,False,True,,,,,0_0
000014,2026-01-19,L2,1,5,0.8403,3.7932,3.7175,0.0757,1.5552,0.2,none,monday,False,False,0.9174,-1.3575,2.2749,0.7269,shrinking,0.3642857142857145,0.3294,True,True,False,False,True,False,True,,,0_1
000014,2026-01-21,L2,3,5,2.5974,4.7227,5.8993,-1.1766,0.55,0.6,negative_to_positive,midweek_partial,True,False,2.0517,-0.303,2.3547,1.6103,expanding,0.3771428571428575,0.7159,False,False,False,False,True,,,,,1_0
000014,2026-01-23,L2,5,5,5.1184,8.4929,5.8993,2.5936,0.6027,1.0,negative_to_positive,completed_week,True,False,2.1529,0.2978,1.8551,1.6028,expanding,0.3535714285714289,0.8202,False,False,True,True,True,,,True,False,1_1
000014,2026-01-27,L2,2,5,-6.4469,,,,,0.4,negative_to_positive,tuesday_C_failed_volume,False,False,-3.7679,-3.561,-0.2069,1.0001,normal,0.36214285714285743,-1.3807,False,False,False,False,True,,,,,0_0
000014,2026-01-29,L2,4,5,-3.663,,,,,0.8,none,midweek_partial,False,False,2.0963,0.8614,1.2349,1.7825,expanding,0.41142857142857153,0.6562,False,False,True,True,True,,,True,False,0_1
000014,2026-02-02,L2,1,5,-0.4655,3.8434,5.1184,-1.275,1.258,0.2,none,monday,False,False,-1.2317,-1.2167,-0.015,0.6961,shrinking,0.4585714285714286,-0.3489,False,False,False,False,True,,,,,0_0
000014,2026-02-04,L2,3,5,3.4911,6.179,4.8352,1.3438,0.565,0.6,negative_to_positive,midweek_partial,True,False,3.0116,0.9353,2.0763,2.0264,expanding,0.4471428571428569,0.8722,False,False,False,False,True,,,,,1_0
000014,2026-02-06,L2,5,5,2.4825,4.4886,4.8352,-0.3466,0.5531,1.0,negative_to_positive,completed_week,True,False,-1.1967,0.2249,-1.4216,0.722,shrinking,0.4449999999999997,-0.3596,False,False,False,False,True,,,,,1_0
000014,2026-02-10,L2,2,5,0.0688,,,,,0.4,negative_to_positive,tuesday_C_failed_volume,False,False,0.0688,9.9924,-9.9236,8.1821,expanding,0.4471428571428566,0.0224,False,False,False,False,True,,,,,0_0
000014,2026-02-12,L2,4,5,-3.3723,,,,,0.8,none,midweek_partial,False,True,-5.1351,1.7882,-6.9233,0.7263,shrinking,0.5885714285714282,-1.2913,False,False,False,False,True,,,,,0_0
000014,2026-02-24,L2,1,5,-1.6073,,,,,0.2,none,tuesday_gate_failed,,False,-1.2623,1.567,-2.8292,0.5467,shrinking,0.6299999999999997,-0.2857,False,False,False,False,True,,,,,0_0
000014,2026-02-26,L2,3,5,-2.1663,,,,,0.6,none,midweek_partial,False,False,-2.507,1.9886,-4.4956,0.9695,normal,0.6328571428571426,-0.5688,False,False,False,False,True,,,,,0_0
000017,2026-01-05,L2,1,5,0.5083,7.8304,2.6128,5.2176,0.4689,0.2,none,monday,False,False,0.5083,-0.1269,0.6352,1.0819,normal,0.3442857142857145,0.1162,False,False,False,False,True,,,,,0_0
000017,2026-01-07,L2,3,5,-0.2541,,,,,0.6,none,midweek_partial,False,False,-1.6291,0.885,-2.514,0.7858,shrinking,0.3142857142857145,-0.4136,False,False,False,False,True,,,,,0_0
000017,2026-01-09,L2,5,5,1.5248,1.1039,3.672,-2.5681,1.3813,1.0,negative_to_positive,completed_week,True,False,1.1392,0.6369,0.5023,1.2635,expanding,0.3057142857142859,0.2944,False,False,True,True,True,,,True,False,1_1
000017,2026-01-13,L2,2,5,-0.3713,,,,,0.4,negative_to_positive,tuesday_A,True,False,-0.6173,1.3767,-1.994,1.2731,expanding,0.2592857142857144,-0.1928,False,False,False,False,True,,,,,1_0
000017,2026-01-15,L2,4,5,-4.4554,,,,,0.8,none,midweek_partial,False,False,-2.2785,-1.8634,-0.4151,0.663,shrinking,0.21857142857142842,-0.8235,False,False,False,False,True,,,,,0_0
000017,2026-01-19,L2,1,5,1.5666,4.6175,1.5248,3.0927,1.1793,0.2,none,monday,False,False,1.8325,-1.0363,2.8687,0.832,shrinking,0.2285714285714284,0.6125,True,True,False,False,True,False,True,,,0_1
000017,2026-01-21,L2,3,5,4.6997,4.3931,5.4455,-1.0524,1.0698,0.6,negative_to_positive,midweek_partial,True,False,3.2175,-0.1285,3.346,4.5201,expanding,0.22857142857142826,1.0937,False,False,True,True,True,,,False,True,1_1
000017,2026-01-23,L2,5,5,5.8747,4.4485,5.4455,-0.997,1.3206,1.0,negative_to_positive,completed_week,True,False,2.9188,-1.7456,4.6644,1.6159,expanding,0.22499999999999964,1.0222,False,False,False,False,True,,,,,1_0
000017,2026-01-27,L2,2,5,-1.3237,,,,,0.4,negative_to_positive,tuesday_B,True,False,-0.2433,1.3564,-1.5997,0.7346,shrinking,0.2507142857142855,-0.0798,False,False,False,False,True,,,,,1_0
000017,2026-01-29,L2,4,5,-4.8135,,,,,0.8,none,midweek_partial,False,True,-7.4854,4.2683,-11.7537,0.9513,normal,0.2728571428571427,-2.3455,False,False,False,False,True,,,,,0_0
000017,2026-02-02,L2,1,5,-3.3921,4.7403,5.8747,-1.1344,1.9547,0.2,none,monday,False,False,-5.5703,-4.6776,-0.8927,0.5812,shrinking,0.3407142857142856,-1.2327,False,False,False,False,True,,,,,0_0
000017,2026-02-04,L2,3,5,2.171,4.8581,9.2659,-4.4078,0.4469,0.6,negative_to_positive,midweek_partial,True,False,1.6194,4.073,-2.4536,0.7397,shrinking,0.3849999999999999,0.3117,False,False,False,False,True,,,,,1_0
000017,2026-02-06,L2,5,5,4.6133,11.3042,9.2659,2.0383,0.4081,1.0,negative_to_positive,completed_week,True,False,2.3904,0.0,2.3904,1.2008,expanding,0.37857142857142856,0.4755,False,False,True,True,True,,,False,True,1_1
000017,2026-02-10,L2,2,5,-0.1289,,,,,0.4,negative_to_positive,tuesday_A,True,False,-0.641,1.1673,-1.8083,0.8032,shrinking,0.39142857142857146,-0.1277,False,False,False,False,True,,,,,1_0
000017,2026-02-12,L2,4,5,-1.933,,,,,0.8,none,midweek_partial,False,False,-1.0403,-0.7742,-0.2661,0.9008,normal,0.36857142857142866,-0.2171,False,False,False,False,True,,,,,0_0
000017,2026-02-24,L2,1,5,1.9481,,,,,0.2,none,tuesday_gate_failed,,False,3.2895,-0.1314,3.4209,1.5348,expanding,0.33428571428571424,0.7479,False,False,True,True,True,,,False,True,0_1
000017,2026-02-26,L2,3,5,-0.6494,,,,,0.6,none,midweek_partial,False,False,-1.671,-0.8917,-0.7792,0.8676,shrinking,0.315,-0.4127,False,False,False,False,True,,,,,0_0
000017,2026-03-02,L2,1,5,-1.4194,0.0,2.0619,-2.0619,0.6749,0.2,none,monday,False,False,-0.7792,0.6536,-1.4328,2.3195,expanding,0.23928571428571427,-0.2507,False,False,False,False,True,,,,,0_0
000017,2026-03-04,L2,3,5,-4.6452,,,,,0.6,none,midweek_partial,False,False,-0.1351,-3.1414,3.0062,0.7309,shrinking,0.19571428571428567,-0.0511,False,False,False,False,True,,,,,0_0
000017,2026-03-06,L2,5,5,-2.8387,1.8421,0.0,1.8421,1.541,1.0,none,completed_week,False,False,2.171,-0.2706,2.4416,0.9124,normal,0.19714285714285706,0.8116,True,True,False,False,True,False,True,,,0_1
000017,2026-03-10,L2,2,5,0.8,,,,,0.4,none,tuesday_gate_failed,,False,1.2048,-0.7968,2.0016,0.7358,shrinking,0.18428571428571422,0.4884,True,True,False,False,True,False,True,,,0_1
000017,2026-03-12,L2,4,5,-3.7333,,,,,0.8,none,midweek_partial,False,False,-2.4324,-2.1164,-0.316,1.0791,normal,0.18857142857142856,-0.9545,False,False,False,False,True,,,,,0_0
000017,2026-03-16,L2,1,5,0.9859,6.08,2.8387,3.2413,0.7895,0.2,none,monday,False,False,0.4202,-1.108,1.5282,1.0036,normal,0.20214285714285715,0.1484,False,False,False,False,True,,,,,0_0
000017,2026-03-18,L2,3,5,0.9859,1.0961,4.8,-3.7039,0.8994,0.6,negative_to_positive,midweek_partial,True,False,1.1283,-1.1158,2.2441,1.2191,expanding,0.19214285714285717,0.4164,False,False,False,False,True,,,,,1_0
000019,2026-01-05,L2,1,5,-0.5755,3.3686,0.7082,2.6604,0.7088,0.2,none,monday,False,False,-0.5755,0.0,-0.5755,1.131,expanding,0.16500000000000004,-0.2424,False,False,False,False,True,,,,,0_0
000019,2026-01-07,L2,3,5,-0.5755,,,,,0.6,none,midweek_partial,False,False,-0.5755,0.5789,-1.1544,0.9634,normal,0.14857142857142858,-0.2692,False,False,False,False,True,,,,,0_0
000019,2026-01-09,L2,5,5,0.1439,0.0916,2.3876,-2.296,1.5713,1.0,negative_to_positive,completed_week,True,False,0.4329,0.2894,0.1435,1.2826,expanding,0.14357142857142863,0.209,False,False,True,True,True,,,True,False,1_1
000019,2026-01-13,L2,2,5,-0.431,,,,,0.4,negative_to_positive,tuesday_A,True,False,-1.4225,1.0057,-2.4282,0.9835,normal,0.12714285714285717,-0.7865,False,False,False,False,True,,,,,1_0
000019,2026-01-15,L2,4,5,-1.0057,,,,,0.8,none,midweek_partial,False,False,-0.4335,-0.1443,-0.2892,0.557,shrinking,0.11642857142857148,-0.2577,False,False,False,False,True,,,,,0_0
000019,2026-01-19,L2,1,5,1.9006,1.4528,0.1439,1.3089,1.1868,0.2,none,monday,False,False,1.9006,-0.7257,2.6263,1.1435,expanding,0.11357142857142863,1.1447,False,False,False,False,True,,,,,0_0
000019,2026-01-21,L2,3,5,2.924,3.2759,1.7241,1.5518,0.8926,0.6,negative_to_positive,midweek_partial,True,False,0.5714,0.4304,0.141,1.1504,expanding,0.12142857142857144,0.3294,False,False,True,True,True,,,True,False,1_1
000019,2026-01-23,L2,5,5,3.8012,4.1471,1.7241,2.423,0.9166,1.0,negative_to_positive,completed_week,True,False,-0.2809,1.1364,-1.4173,0.8812,shrinking,0.1149999999999999,-0.1739,False,False,False,False,True,,,,,1_0
000019,2026-01-27,L2,2,5,-1.6854,,,,,0.4,negative_to_positive,tuesday_A,True,False,-1.9608,0.5634,-2.5242,1.1621,expanding,0.11214285714285703,-1.2484,False,False,False,False,True,,,,,1_0
000019,2026-01-29,L2,4,5,1.8258,1.1938,3.8012,-2.6074,1.5295,0.8,none,midweek_partial,False,False,1.683,1.8571,-0.1741,1.3388,expanding,0.12071428571428562,0.9941,False,False,False,False,True,,,,,0_0
000019,2026-02-02,L2,1,5,-2.1978,1.9635,3.8012,-1.8377,1.9313,0.2,none,monday,False,False,-3.6536,1.931,-5.5846,0.6541,shrinking,0.13642857142857132,-1.9791,False,False,False,False,True,,,,,0_0
000019,2026-02-04,L2,3,5,-0.5495,,,,,0.6,none,midweek_partial,False,False,1.9718,-0.2809,2.2527,1.1544,expanding,0.17142857142857132,0.8167,False,False,False,False,True,,,,,0_0
000019,2026-02-06,L2,5,5,-2.1978,2.6497,3.7921,-1.1424,0.8295,1.0,none,completed_week,False,False,-1.1111,-0.5525,-0.5586,0.9161,normal,0.17928571428571413,-0.4462,False,False,False,False,True,,,,,0_0
000019,2026-02-10,L2,2,5,-0.9749,,,,,0.4,none,tuesday_gate_failed,,False,-0.6983,0.5618,-1.2601,0.8316,shrinking,0.177142857142857,-0.2823,False,False,False,False,True,,,,,0_0
000019,2026-02-12,L2,4,5,-2.3677,,,,,0.8,none,midweek_partial,False,False,-1.683,0.2813,-1.9643,1.299,expanding,0.17857142857142844,-0.672,False,False,False,False,True,,,,,0_0
000019,2026-02-24,L2,1,5,1.2839,,,,,0.2,none,tuesday_gate_failed,,False,2.6012,-1.2839,3.885,1.0924,normal,0.17928571428571421,1.004,False,False,False,False,True,,,,,0_0
000019,2026-02-26,L2,3,5,1.7118,1.6834,3.6212,-1.9378,1.0169,0.6,negative_to_positive,midweek_partial,True,False,-0.419,0.8451,-1.2641,0.8544,shrinking,0.17428571428571424,-0.1721,False,False,False,False,True,,,,,1_0
000019,2026-03-02,L2,1,5,1.3793,3.2651,3.6212,-0.3561,0.8301,0.2,negative_to_positive,monday,True,False,2.0833,0.9818,1.1016,2.4862,expanding,0.16571428571428573,0.9052,False,False,True,True,True,,,True,False,1_1
000019,2026-03-04,L2,3,5,2.8966,0.6957,2.7104,-2.0147,4.1635,0.6,none,midweek_partial,False,False,1.6349,-0.1361,1.7709,1.5815,expanding,0.13571428571428573,0.8842,False,False,False,False,True,,,,,0_0
000019,2026-03-06,L2,5,5,2.7586,0.6752,2.7104,-2.0352,4.0858,1.0,none,completed_week,False,False,3.6161,-3.6193,7.2354,0.9263,normal,0.1500000000000001,1.7333,True,False,False,False,False,False,True,,,0_0
000019,2026-03-10,L2,2,5,-0.6676,,,,,0.4,none,tuesday_gate_failed,,False,-1.847,1.745,-3.5919,0.5627,shrinking,0.17500000000000007,-0.8,False,False,False,False,True,,,,,0_0
000019,2026-03-12,L2,4,5,0.1335,0.1666,2.7586,-2.592,0.8016,0.8,none,midweek_partial,False,False,0.6711,0.1344,0.5367,1.2642,expanding,0.1985714285714286,0.2518,False,False,True,True,True,,,True,False,0_1
000019,2026-03-16,L2,1,5,1.3175,1.6831,2.7586,-1.0755,0.7932,0.2,none,monday,False,False,1.3175,1.2,0.1175,1.1653,expanding,0.20642857142857135,0.4844,False,False,True,True,True,,,True,False,0_1
000019,2026-03-18,L2,3,5,0.3953,0.3803,1.3351,-0.9548,1.0393,0.6,none,midweek_partial,False,False,-1.1673,0.2601,-1.4274,0.8218,shrinking,0.2157142857142856,-0.4172,False,False,False,False,True,,,,,0_0
000019,2026-03-20,L2,5,5,-1.8445,2.0327,1.3351,0.6976,0.9074,1.0,none,completed_week,False,False,-0.9309,-1.3123,0.3815,0.873,shrinking,0.2364285714285712,-0.2961,False,False,False,False,True,,,,,0_0
000019,2026-03-24,L2,2,5,-1.0914,,,,,0.4,none,tuesday_gate_failed,,False,4.7688,-7.1141,11.8829,0.6115,shrinking,0.24785714285714264,1.3314,True,False,False,False,False,False,True,,,0_0
000019,2026-03-26,L2,4,5,6.6849,4.5623,1.8445,2.7178,1.4652,0.8,negative_to_positive,midweek_partial,True,False,3.5762,4.1379,-0.5618,1.8252,expanding,0.2814285714285712,0.9594,False,False,False,False,False,,,,,1_0
000019,2026-03-30,L2,1,5,2.8497,4.4331,1.8445,2.5886,1.3849,0.2,negative_to_positive,monday,True,False,2.0566,-0.5115,2.5681,1.9442,expanding,0.3099999999999999,0.5161,False,False,False,False,True,,,,,1_0
000020,2026-01-05,L2,1,5,2.0173,2.5456,1.5428,1.0028,0.7501,0.2,none,monday,False,False,2.0908,0.9461,1.1447,1.6549,expanding,0.4899999999999998,0.5918,False,False,True,True,True,,,True,False,0_1
000020,2026-01-07,L2,3,5,4.1066,1.8236,1.9095,-0.0859,2.2519,0.6,negative_to_positive,midweek_partial,True,False,-2.0339,4.1667,-6.2006,0.6591,shrinking,0.42071428571428565,-0.7131,False,False,False,False,True,,,,,1_0
000020,2026-01-09,L2,5,5,6.7723,2.5081,1.9095,0.5986,2.7002,1.0,negative_to_positive,completed_week,True,False,-0.2692,2.8374,-3.1065,2.3497,expanding,0.3985714285714287,-0.1004,False,False,False,False,True,,,,,1_0
000020,2026-01-13,L2,2,5,-3.8692,,,,,0.4,negative_to_positive,tuesday_C,True,False,-3.2236,0.4723,-3.696,0.589,shrinking,0.44928571428571445,-1.0684,False,False,False,False,True,,,,,1_0
000020,2026-01-15,L2,4,5,-4.4029,,,,,0.8,none,midweek_partial,False,False,0.0698,-0.6246,0.6944,0.615,shrinking,0.4828571428571432,0.0207,True,True,False,False,True,False,True,,,0_1
000020,2026-01-19,L2,1,5,1.3822,3.1605,6.7723,-3.6118,0.9499,0.2,none,monday,False,False,0.8941,1.4655,-0.5714,0.6725,shrinking,0.49714285714285744,0.2615,False,False,False,False,True,,,,,0_0
000020,2026-01-21,L2,3,5,2.1424,3.5429,3.002,0.5409,0.6047,0.6,negative_to_positive,midweek_partial,True,False,1.0944,-0.3408,1.4352,1.0415,normal,0.520714285714286,0.3073,False,False,False,False,True,,,,,1_0
000020,2026-01-23,L2,5,5,4.6303,7.1609,3.002,4.1589,0.6466,1.0,negative_to_positive,completed_week,True,False,0.3313,2.0974,-1.7661,0.6566,shrinking,0.5150000000000003,0.0971,False,False,False,False,True,,,,,1_0
000020,2026-01-27,L2,2,5,-0.9881,,,,,0.4,negative_to_positive,tuesday_C,True,False,-0.7266,0.0,-0.7266,0.7576,shrinking,0.5114285714285717,-0.2151,False,False,False,False,True,,,,,1_0
000020,2026-01-29,L2,4,5,-3.8867,,,,,0.8,none,midweek_partial,False,False,-1.4855,-1.4637,-0.0217,1.1966,expanding,0.47857142857142865,-0.4597,False,False,False,False,True,,,,,0_0
000020,2026-02-02,L2,1,5,1.0149,1.1869,4.6303,-3.4434,1.443,0.2,none,monday,False,False,0.067,2.2618,-2.1948,0.8622,shrinking,0.4385714285714286,0.0228,False,False,False,False,True,,,,,0_0
000020,2026-02-04,L2,3,5,4.1272,2.5966,1.7128,0.8838,1.5894,0.6,negative_to_positive,midweek_partial,True,False,1.7857,1.2726,0.5131,1.1373,expanding,0.527142857142857,0.5122,False,False,True,True,True,,,True,False,1_1
000020,2026-02-06,L2,5,5,3.5183,2.6805,1.7128,0.9677,1.3125,1.0,negative_to_positive,completed_week,True,False,0.5917,-1.1696,1.7613,1.0375,normal,0.5249999999999998,0.1714,False,False,False,False,True,,,,,1_0
000020,2026-02-10,L2,2,5,0.0,,,,,0.4,negative_to_positive,tuesday_B,True,False,0.8497,0.0,0.8497,0.9626,normal,0.5257142857142857,0.2473,True,True,False,False,True,False,True,,,1_1
000020,2026-02-12,L2,4,5,-2.2683,,,,,0.8,none,midweek_partial,False,False,-1.4379,-0.8425,-0.5954,1.1587,expanding,0.5199999999999998,-0.4231,False,False,False,False,True,,,,,0_0
000020,2026-02-24,L2,1,5,1.4531,,,,,0.2,none,tuesday_gate_failed,,False,2.4,-0.5305,2.9305,0.9585,normal,0.507142857142857,0.7099,True,True,False,False,True,False,True,,,0_1
000020,2026-02-26,L2,3,5,1.1889,1.4779,2.7868,-1.3089,0.8044,0.6,negative_to_positive,midweek_partial,True,False,-0.584,0.3255,-0.9096,1.0137,normal,0.4914285714285712,-0.1831,False,False,False,False,True,,,,,1_0
000020,2026-03-02,L2,1,5,-1.0274,0.4967,2.7868,-2.2901,0.6649,0.2,none,monday,False,False,-4.2412,-1.5013,-2.7399,1.1841,expanding,0.4521428571428569,-1.4155,False,False,False,False,True,,,,,0_0
000020,2026-03-06,L2,5,5,-0.5479,0.4281,0.3303,0.0978,1.2798,1.0,none,completed_week,False,False,1.6807,2.8818,-1.2012,0.6609,shrinking,0.37428571428571417,0.6412,False,False,False,False,True,,,,,0_0
000020,2026-03-10,L2,2,5,2.4289,,,,,0.4,none,tuesday_gate_failed,,False,3.2168,-1.5152,4.7319,1.0404,normal,0.3957142857142855,1.1625,False,False,False,False,True,,,,,0_0
000020,2026-03-12,L2,4,5,0.5552,0.7988,0.5479,0.2509,0.695,0.8,negative_to_positive,midweek_partial,True,False,-1.8957,0.0678,-1.9635,0.8883,shrinking,0.4157142857142855,-0.6735,False,False,False,False,True,,,,,1_0
000020,2026-03-16,L2,1,5,10.0069,0.819,0.5479,0.2711,0.6778,0.2,negative_to_positive,monday,True,False,10.0069,0.0,10.0069,3.3169,expanding,0.41285714285714253,3.5121,False,False,True,False,False,,,False,True,1_0
000020,2026-03-18,L2,3,5,33.0573,13.6629,0.5552,13.1077,2.4195,0.6,double_positive_efficiency_improved,midweek_partial,True,False,9.9829,9.9749,0.008,0.3898,shrinking,0.5064285714285711,3.4556,True,False,False,False,False,True,False,,,1_0
000020,2026-03-20,L2,5,5,61.0076,28.2651,0.5552,27.7099,2.1584,1.0,double_positive_efficiency_improved,completed_week,True,False,9.9953,10.0104,-0.0151,1.6187,expanding,0.7128571428571427,2.9739,False,False,False,False,False,,,,,1_0
000020,2026-03-24,L2,2,5,-26.1496,,,,,0.4,double_positive_efficiency_improved,tuesday_C,True,True,-9.7619,-9.9871,0.2252,0.8839,shrinking,0.9299999999999999,-2.2043,False,False,False,False,True,,,,,1_0
000020,2026-03-26,L2,4,5,-32.5019,,,,,0.8,none,midweek_partial,False,True,-2.0362,-6.7018,4.6656,0.6639,shrinking,1.3335714285714282,-0.27,False,False,False,False,True,,,,,0_0
000020,2026-03-30,L2,1,5,-0.4914,5.544,61.0076,-55.4636,6.2351,0.2,none,monday,False,False,-3.514,-3.06,-0.454,0.8415,shrinking,1.4064285714285714,-0.4195,False,False,False,False,True,,,,,0_0
000021,2026-01-05,L2,1,5,2.2904,2.8094,3.2958,-0.4864,0.7622,0.2,none,monday,False,False,4.2326,3.268,0.9646,0.8333,shrinking,0.7364285714285713,1.453,True,False,False,False,False,True,False,,,0_0
000021,2026-01-07,L2,3,5,3.8432,1.4264,2.1414,-0.715,2.6943,0.6,none,midweek_partial,False,False,-0.5206,2.0493,-2.57,1.1613,expanding,0.8671428571428569,-0.1614,False,False,False,False,True,,,,,0_0
000021,2026-01-09,L2,5,5,3.9984,1.6579,2.1414,-0.4835,2.4117,1.0,none,completed_week,False,False,0.1121,0.0374,0.0747,1.035,normal,0.9228571428571423,0.0325,False,False,True,True,True,,,True,False,0_1
000021,2026-01-13,L2,2,5,-0.7435,,,,,0.4,none,tuesday_gate_failed,,False,-2.9091,2.6502,-5.5593,0.9057,normal,0.9199999999999997,-0.8696,False,False,False,False,True,,,,,0_0
000021,2026-01-15,L2,4,5,4.461,4.3992,3.9984,0.4008,1.0141,0.8,double_positive_efficiency_improved,midweek_partial,True,False,4.461,0.7491,3.7119,1.4869,expanding,0.9699999999999999,1.2371,False,False,False,False,False,,,,,1_0
000021,2026-01-19,L2,1,5,4.4667,9.046,3.9984,5.0476,1.1876,0.2,double_positive_efficiency_improved,monday,True,False,5.2031,6.0142,-0.8111,1.0724,normal,1.127142857142857,1.3752,False,False,False,False,False,,,,,1_0
000021,2026-01-21,L2,3,5,8.8,6.2689,10.7435,-4.4746,1.4037,0.6,none,midweek_partial,False,False,3.652,0.4786,3.1733,1.113,expanding,1.3985714285714288,0.8223,False,False,True,False,False,,,True,False,0_0
000021,2026-01-23,L2,5,5,1.9,1.4365,10.7435,-9.307,1.3226,1.0,none,completed_week,False,False,-2.9832,-3.462,0.4788,0.7331,shrinking,1.5950000000000002,-0.5893,False,False,False,False,True,,,,,0_0
000021,2026-01-27,L2,2,5,-0.7864,,,,,0.4,none,tuesday_gate_failed,,False,2.8533,-3.6964,6.5497,1.0864,normal,1.615714285714286,0.5199,False,False,False,False,True,,,,,0_0
000021,2026-01-29,L2,4,5,1.8676,2.6924,1.9,0.7924,0.6937,0.8,double_positive_efficiency_improved,midweek_partial,True,False,-2.2942,5.0859,-7.38,0.7445,shrinking,1.7178571428571434,-0.4249,False,False,False,False,True,,,,,1_0
000021,2026-02-24,L2,1,5,3.9077,,,,,0.2,negative_to_positive,tuesday_A,True,False,4.5835,10.017,-5.4336,0.9372,normal,1.7935714285714286,0.8252,False,False,False,False,False,,,,,1_0
000021,2026-02-26,L2,3,5,6.7385,3.6077,15.4451,-11.8374,1.8678,0.6,none,midweek_partial,False,False,4.2368,-1.451,5.6878,1.245,expanding,1.9214285714285713,0.7338,False,False,False,False,False,,,,,0_0
000021,2026-03-02,L2,1,5,1.6408,4.3893,15.4451,-11.0558,1.3319,0.2,none,monday,False,False,-2.7616,-0.836,-1.9257,1.0645,normal,1.8821428571428567,-0.5047,False,False,False,False,True,,,,,0_0
000021,2026-03-06,L2,5,5,-1.6105,1.873,5.8462,-3.9732,0.8598,1.0,none,completed_week,False,False,2.5008,1.25,1.2508,1.2207,expanding,1.8342857142857134,0.4307,False,False,False,False,True,,,,,0_0
000021,2026-03-10,L2,2,5,6.4368,,,,,0.4,none,tuesday_gate_failed,,False,4.0784,-3.8295,7.9079,0.9101,normal,1.903571428571428,0.6672,True,False,True,False,False,False,True,False,True,0_0
000021,2026-03-16,L2,1,5,7.1197,1.7549,1.6105,0.1444,0.8795,0.2,negative_to_positive,monday,True,False,7.0505,-1.056,8.1065,1.92,expanding,2.100714285714285,1.0377,False,False,True,False,False,,,False,True,1_0
000021,2026-03-18,L2,3,5,8.835,5.9308,1.5435,4.3873,1.4897,0.6,double_positive_efficiency_improved,midweek_partial,True,False,4.2467,-2.5378,6.7845,1.4211,expanding,2.020714285714285,0.678,False,False,False,False,False,,,,,1_0
000025,2026-01-05,L2,1,5,1.2571,3.261,0.8939,2.3671,0.5519,0.2,none,monday,False,False,1.4891,0.1721,1.317,1.3989,expanding,0.30928571428571466,0.8406,False,False,True,True,True,,,True,False,0_1
000025,2026-01-07,L2,3,5,1.7143,0.8163,1.7998,-0.9835,2.1001,0.6,negative_to_positive,midweek_partial,True,False,-0.3917,0.8465,-1.2382,0.8359,shrinking,0.2842857142857146,-0.2462,False,False,False,False,True,,,,,1_0
000025,2026-01-09,L2,5,5,3.6,1.6036,1.7998,-0.1962,2.2449,1.0,negative_to_positive,completed_week,True,False,1.2284,0.618,0.6104,1.369,expanding,0.2671428571428575,0.8235,False,False,True,True,True,,,True,False,1_1
000025,2026-01-13,L2,2,5,-1.048,,,,,0.4,negative_to_positive,tuesday_A,True,False,-1.5908,0.5516,-2.1424,1.0523,normal,0.24785714285714303,-1.17,False,False,False,False,True,,,,,1_0
000025,2026-01-15,L2,4,5,0.6619,0.4906,3.6,-3.1094,1.3491,0.8,none,midweek_partial,False,False,0.2747,1.4493,-1.1746,0.7499,shrinking,0.2614285714285712,0.1913,False,False,False,False,True,,,,,0_0
000025,2026-01-19,L2,1,5,2.0533,0.0,3.6,-3.6,1.2728,0.2,none,monday,False,False,1.4341,-0.6575,2.0916,1.2121,expanding,0.26785714285714235,0.9707,False,False,False,False,True,,,,,0_0
000025,2026-01-21,L2,3,5,4.8835,3.8814,0.0,3.8814,1.2582,0.6,negative_to_positive,midweek_partial,True,False,1.7771,0.9788,0.7983,1.727,expanding,0.2992857142857141,1.1026,False,False,True,True,True,,,True,False,1_1
000025,2026-01-23,L2,5,5,5.1609,4.0388,0.0,4.0388,1.2778,1.0,negative_to_positive,completed_week,True,False,0.5305,-0.2646,0.7951,1.0026,normal,0.3514285714285713,0.2846,False,False,True,True,True,,,False,True,1_1
000025,2026-01-27,L2,2,5,0.2116,,,,,0.4,negative_to_positive,tuesday_A,True,False,-1.8144,1.7942,-3.6086,0.7515,shrinking,0.3835714285714284,-0.9125,False,False,False,False,True,,,,,1_0
000025,2026-01-29,L2,4,5,-0.8466,,,,,0.8,none,midweek_partial,False,True,-3.8974,2.9567,-6.8541,0.9605,normal,0.4735714285714285,-1.6048,False,False,False,False,True,,,,,0_0
000025,2026-02-02,L2,1,5,-1.5126,2.9246,5.1609,-2.2363,1.6101,0.2,none,monday,False,False,-2.3876,-3.8954,1.5078,0.6221,shrinking,0.5914285714285713,-0.7271,False,False,False,False,True,,,,,0_0
000025,2026-02-04,L2,3,5,3.4174,6.1356,4.709,1.4266,0.557,0.6,negative_to_positive,midweek_partial,True,False,3.2438,1.7065,1.5374,1.9758,expanding,0.6578571428571429,0.8817,False,False,True,True,True,,,True,False,1_1
000025,2026-02-06,L2,5,5,2.521,5.3801,4.709,0.6711,0.4686,1.0,negative_to_positive,completed_week,True,False,-0.1092,-0.7584,0.6492,0.7317,shrinking,0.720714285714286,-0.0278,False,False,False,False,True,,,,,1_0
000025,2026-02-10,L2,2,5,-0.5411,,,,,0.4,negative_to_positive,tuesday_C,True,False,-0.3794,0.8197,-1.1991,0.9073,normal,0.7135714285714287,-0.0981,False,False,False,False,True,,,,,1_0
000025,2026-02-12,L2,4,5,-1.9481,,,,,0.8,none,midweek_partial,False,False,-1.7354,0.3264,-2.0618,1.2336,expanding,0.6528571428571431,-0.4902,False,False,False,False,True,,,,,0_0
000025,2026-02-24,L2,1,5,1.2548,,,,,0.2,none,tuesday_gate_failed,,False,2.259,0.1656,2.0934,1.3806,expanding,0.6314285714285719,0.6493,False,False,True,True,True,,,True,False,0_1
000025,2026-02-26,L2,3,5,-0.1637,,,,,0.6,none,midweek_partial,False,False,-1.4009,0.0,-1.4009,1.0657,normal,0.5714285714285717,-0.455,False,False,False,False,True,,,,,0_0
000025,2026-03-02,L2,1,5,-0.2205,0.4368,1.7857,-1.3489,0.9992,0.2,none,monday,False,False,-0.8219,-0.2732,-0.5487,1.3336,expanding,0.4621428571428576,-0.3246,False,False,False,False,True,,,,,0_0
000025,2026-03-04,L2,3,5,-4.0794,,,,,0.6,none,midweek_partial,False,False,-0.7982,-3.0939,2.2957,0.8216,shrinking,0.40714285714285736,-0.3439,False,False,False,False,True,,,,,0_0
000025,2026-03-06,L2,5,5,-3.8037,3.4665,0.4364,3.0301,1.0973,1.0,none,completed_week,False,False,0.2874,0.0,0.2874,0.6677,shrinking,0.3650000000000005,0.137,True,True,False,False,True,False,True,,,0_1
000025,2026-03-10,L2,2,5,1.5107,,,,,0.4,none,tuesday_gate_failed,,False,1.4518,-1.3181,2.7699,0.5597,shrinking,0.3500000000000004,0.7143,True,True,True,True,True,False,True,False,True,0_1
000025,2026-03-12,L2,4,5,-0.2324,,,,,0.8,none,midweek_partial,False,False,-1.3785,-0.3434,-1.0351,0.9443,normal,0.3885714285714289,-0.6176,False,False,False,False,True,,,,,0_0
000025,2026-03-16,L2,1,5,0.6471,1.5131,3.8037,-2.2906,0.8065,0.2,none,monday,False,False,0.6471,-0.9901,1.6372,0.933,normal,0.3771428571428572,0.2917,True,True,False,False,True,False,True,,,0_1
000025,2026-03-18,L2,3,5,-0.2353,,,,,0.6,none,midweek_partial,False,False,0.2364,-1.1105,1.3469,0.9396,normal,0.3457142857142862,0.1157,True,True,False,False,True,False,True,,,0_1
000026,2026-01-05,L2,1,5,-1.026,5.8417,2.4984,3.3433,1.2926,0.2,negative_to_positive,monday,True,False,0.1221,10.0067,-9.8846,1.0511,normal,0.37071428571428566,0.0539,False,False,False,False,True,,,,,1_0
000026,2026-01-07,L2,3,5,1.0863,0.3287,7.5509,-7.2222,3.3045,0.6,none,midweek_partial,False,False,0.2994,1.8293,-1.5299,0.9498,normal,0.44571428571428573,0.1122,False,False,False,False,True,,,,,0_0
000026,2026-01-09,L2,5,5,5.0091,1.5258,7.5509,-6.0251,3.2829,1.0,none,completed_week,False,False,1.2806,2.5672,-1.2866,1.0013,normal,0.48214285714285726,0.4563,False,False,False,False,True,,,,,0_0
000026,2026-01-13,L2,2,5,-3.6782,,,,,0.4,none,tuesday_gate_failed,,False,-3.7335,0.0575,-3.791,0.845,shrinking,0.5435714285714285,-1.1958,False,False,False,False,True,,,,,0_0
000026,2026-01-15,L2,4,5,-4.5977,,,,,0.8,none,midweek_partial,False,False,-2.0649,1.1337,-3.1985,0.6244,shrinking,0.5978571428571431,-0.5854,False,False,False,False,True,,,,,0_0
000026,2026-01-19,L2,1,5,3.7282,7.2796,5.0091,2.2705,0.6,0.2,none,monday,False,False,3.6659,0.241,3.4249,2.1286,expanding,0.635,0.9606,False,False,True,False,False,,,True,False,0_0
000026,2026-01-21,L2,3,5,0.0601,0.0742,4.3678,-4.2936,0.8102,0.6,negative_to_positive,midweek_partial,True,False,-0.8343,-2.7246,1.8903,0.6469,shrinking,0.6471428571428574,-0.2163,False,False,False,False,True,,,,,1_0
000026,2026-01-23,L2,5,5,1.804,2.5419,4.3678,-1.8259,0.7097,1.0,negative_to_positive,completed_week,True,False,1.4988,0.2404,1.2584,1.4177,expanding,0.6721428571428574,0.3719,False,False,False,False,True,,,,,1_0
000026,2026-01-27,L2,2,5,-4.1347,,,,,0.4,negative_to_positive,tuesday_C,True,False,-2.2289,-1.9492,-0.2797,0.9207,normal,0.5971428571428576,-0.6196,False,False,False,False,True,,,,,1_0
000026,2026-01-29,L2,4,5,-5.7885,,,,,0.8,none,midweek_partial,False,False,-0.8085,-0.9242,0.1158,0.9199,normal,0.611428571428572,-0.2126,False,False,False,False,True,,,,,0_0
000027,2026-01-05,L2,1,5,0.4594,3.8454,1.0622,2.7832,0.9233,0.2,none,monday,False,False,0.6135,-0.761,1.3745,1.0469,normal,0.0928571428571429,0.4308,False,False,False,False,True,,,,,0_0
000027,2026-01-07,L2,3,5,1.2251,0.8534,3.5503,-2.6969,1.4355,0.6,negative_to_positive,midweek_partial,True,False,-0.4518,1.2195,-1.6713,0.8951,shrinking,0.08928571428571429,-0.336,False,False,False,False,True,,,,,1_0
000027,2026-01-09,L2,5,5,2.4502,1.6145,3.5503,-1.9358,1.5176,1.0,negative_to_positive,completed_week,True,False,0.753,0.4539,0.2992,1.2554,expanding,0.08285714285714287,0.6034,False,False,True,True,True,,,True,False,1_1
000027,2026-01-13,L2,2,5,0.7474,,,,,0.4,negative_to_positive,tuesday_A,True,False,0.4471,0.299,0.1481,1.0784,normal,0.08000000000000007,0.375,False,False,True,True,True,,,True,False,1_1
000027,2026-01-15,L2,4,5,4.1854,1.5537,2.4502,-0.8965,2.6938,0.8,none,midweek_partial,False,False,-1.1348,4.5994,-5.7342,0.6306,shrinking,0.08214285714285723,-0.9739,False,False,False,False,True,,,,,0_0
000027,2026-01-19,L2,1,5,0.2869,1.7692,2.4502,-0.681,2.7036,0.2,none,monday,False,False,-0.2853,0.5739,-0.8592,0.5719,shrinking,0.1200000000000001,-0.1667,False,False,False,False,True,,,,,0_0
000027,2026-01-21,L2,3,5,-0.4304,,,,,0.6,none,midweek_partial,False,False,-0.5731,-0.1431,-0.43,0.7335,shrinking,0.13142857142857162,-0.3043,False,False,False,False,True,,,,,0_0
000027,2026-01-23,L2,5,5,-0.2869,0.5482,4.7833,-4.2351,0.5234,1.0,none,completed_week,False,False,0.1441,0.0,0.1441,1.3037,expanding,0.12785714285714292,0.0782,False,False,False,False,True,,,,,0_0
000027,2026-01-27,L2,2,5,-2.1583,,,,,0.4,none,tuesday_gate_failed,,False,-1.4493,-0.7194,-0.7299,0.8063,shrinking,0.12785714285714292,-0.7821,False,False,False,False,True,,,,,0_0
000027,2026-01-29,L2,4,5,-1.8705,,,,,0.8,none,midweek_partial,False,False,-0.438,0.7353,-1.1733,0.8558,shrinking,0.13785714285714296,-0.2176,False,False,False,False,True,,,,,0_0
000027,2026-02-02,L2,1,5,-2.3564,2.0234,0.2869,1.7365,1.0666,0.2,none,monday,False,False,-2.5,-0.2933,-2.2067,0.9767,normal,0.142857142857143,-1.19,False,False,False,False,True,,,,,0_0
000027,2026-02-04,L2,3,5,0.0,,,,,0.6,none,midweek_partial,False,False,1.6467,0.7541,0.8926,1.1791,expanding,0.16071428571428584,0.6844,False,False,True,True,True,,,True,False,0_1
000027,2026-02-06,L2,5,5,-1.0309,1.3714,2.1583,-0.7869,0.7517,1.0,none,completed_week,False,False,0.2985,-1.3255,1.624,0.9147,normal,0.12428571428571436,0.1609,True,True,False,False,True,False,True,,,0_1
000027,2026-02-10,L2,2,5,-0.8889,,,,,0.4,none,tuesday_gate_failed,,False,-1.1817,0.744,-1.9257,1.1865,expanding,0.1235714285714286,-0.6474,False,False,False,False,True,,,,,0_0
000027,2026-02-12,L2,4,5,-0.1481,,,,,0.8,none,midweek_partial,False,False,0.4471,0.299,0.1481,1.425,expanding,0.12214285714285726,0.2456,False,False,True,True,True,,,True,False,0_1
000027,2026-02-24,L2,1,5,1.2012,,,,,0.2,none,tuesday_gate_failed,,False,1.9667,-1.9288,3.8955,1.0295,normal,0.12642857142857158,1.0282,False,False,False,False,True,,,,,0_0
000027,2026-02-26,L2,3,5,3.4535,2.4444,2.0741,0.3703,1.4128,0.6,negative_to_positive,midweek_partial,True,False,0.5839,1.632,-1.0481,0.7316,shrinking,0.12500000000000006,0.32,False,False,False,False,True,,,,,1_0
000027,2026-03-02,L2,1,5,0.8608,4.1145,2.0741,2.0404,1.3137,0.2,negative_to_positive,monday,True,False,0.1425,1.8868,-1.7443,1.0265,normal,0.12571428571428575,0.0795,False,False,False,False,True,,,,,1_0
000027,2026-03-04,L2,3,5,0.1435,0.0615,5.4054,-5.3439,2.3336,0.6,none,midweek_partial,False,False,-1.1331,0.4267,-1.5599,0.6792,shrinking,0.12071428571428575,-0.6627,False,False,False,False,True,,,,,0_0
000027,2026-03-06,L2,5,5,1.4347,0.6988,5.4054,-4.7066,2.0532,1.0,none,completed_week,False,False,0.7123,0.5731,0.1392,0.8783,shrinking,0.13642857142857143,0.3665,True,True,False,False,True,True,False,,,0_1
000027,2026-03-10,L2,2,5,-0.1408,,,,,0.4,none,tuesday_gate_failed,,False,0.2829,0.0,0.2829,0.9356,normal,0.13571428571428581,0.1474,True,True,False,False,True,False,True,,,0_1
000027,2026-03-12,L2,4,5,4.507,3.7554,1.4347,2.3207,1.2001,0.8,double_positive_efficiency_improved,midweek_partial,True,False,1.7833,2.8209,-1.0376,1.0616,normal,0.14428571428571432,0.901,False,False,False,False,True,,,,,1_0
000027,2026-03-16,L2,1,5,-2.4793,1.9117,1.4347,0.477,1.1788,0.2,double_positive_efficiency_improved,monday,True,False,-2.4793,-2.1563,-0.323,0.9029,normal,0.17142857142857146,-1.05,False,False,False,False,True,,,,,1_0
000027,2026-03-18,L2,3,5,-1.2397,,,,,0.6,none,midweek_partial,False,False,1.2712,0.0,1.2712,1.0208,normal,0.18500000000000005,0.4865,False,False,False,False,True,,,,,0_0
000027,2026-03-20,L2,5,5,-0.8264,1.0653,2.2535,-1.1882,0.7758,1.0,none,completed_week,False,False,0.5587,-0.1395,0.6981,1.4789,expanding,0.19642857142857142,0.2036,False,False,True,True,True,,,False,True,0_1
000027,2026-03-24,L2,2,5,2.9577,,,,,0.4,none,tuesday_gate_failed,,False,4.4286,-2.7778,7.2063,1.156,expanding,0.1992857142857143,1.5556,False,False,False,False,False,,,,,0_0
000027,2026-03-26,L2,4,5,10.8451,4.6088,0.8264,3.7824,2.3531,0.8,negative_to_positive,midweek_partial,True,False,3.4166,4.104,-0.6874,1.2,expanding,0.21357142857142866,1.2174,False,False,False,False,True,,,,,1_0
000027,2026-03-30,L2,1,5,-5.9949,4.8912,0.8264,4.0648,2.822,0.2,negative_to_positive,monday,True,False,-8.7871,2.6684,-11.4555,0.7225,shrinking,0.26071428571428573,-2.7233,False,False,False,False,True,,,,,1_0
000029,2026-01-05,L2,1,5,0.9083,6.8215,1.4407,5.3808,0.7456,0.2,none,monday,False,False,0.9083,-1.0337,1.942,1.076,normal,0.7992857142857149,0.2502,False,False,False,False,True,,,,,0_0
000029,2026-01-07,L2,3,5,0.4541,0.1995,5.0862,-4.8867,2.2761,0.6,negative_to_positive,midweek_partial,True,False,-0.0452,-0.405,0.3599,1.0467,normal,0.7471428571428574,-0.0134,False,False,False,False,True,,,,,1_0
000029,2026-01-09,L2,5,5,3.6785,1.4464,5.0862,-3.6398,2.5432,1.0,negative_to_positive,completed_week,True,False,1.152,2.0344,-0.8824,0.885,shrinking,0.7099999999999999,0.3662,False,False,False,False,True,,,,,1_0
000029,2026-01-13,L2,2,5,-5.507,,,,,0.4,negative_to_positive,tuesday_C,True,False,-2.5248,-2.8471,0.3223,0.9338,normal,0.7364285714285713,-0.7604,False,False,False,False,True,,,,,1_0
000029,2026-01-15,L2,4,5,-6.9056,,,,,0.8,none,midweek_partial,False,False,0.4717,-1.9426,2.4143,0.8071,shrinking,0.7507142857142856,0.1332,True,True,False,False,True,False,True,,,0_1
000029,2026-01-19,L2,1,5,-0.7046,6.5156,3.6785,2.8371,1.1068,0.2,none,monday,False,False,-0.4239,-0.3286,-0.0953,1.1413,expanding,0.8228571428571426,-0.1094,False,False,False,False,True,,,,,0_0
000029,2026-01-21,L2,3,5,0.7046,0.8127,7.2115,-6.3988,0.8669,0.6,negative_to_positive,midweek_partial,True,False,1.1798,0.2365,0.9433,1.6099,expanding,0.8228571428571428,0.3038,False,False,True,True,True,,,True,False,1_1
000029,2026-01-23,L2,5,5,0.4697,0.5398,7.2115,-6.6717,0.8701,1.0,negative_to_positive,completed_week,True,False,0.1404,-0.3731,0.5136,0.8913,shrinking,0.8107142857142858,0.037,True,True,False,False,True,False,True,,,1_1
000029,2026-01-29,L2,4,5,3.0005,2.6771,0.4697,2.2074,1.1208,0.8,double_positive_efficiency_improved,midweek_partial,True,False,10.015,-0.7455,10.7605,1.4778,expanding,0.7800000000000006,2.5641,False,False,False,False,False,,,,,1_0
000029,2026-02-04,L2,3,5,4.1496,3.0829,3.5162,-0.4333,1.346,0.6,none,midweek_partial,False,False,-0.0875,2.2361,-2.3236,0.8941,shrinking,0.9214285714285718,-0.0217,False,False,False,False,True,,,,,0_0
000029,2026-02-12,L2,4,5,3.9154,5.2676,0.7752,4.4924,0.7433,0.8,double_positive_efficiency_improved,midweek_partial,True,False,-0.517,6.9585,-7.4755,0.4755,shrinking,1.001428571428572,-0.1198,False,False,False,False,True,,,,,1_0
000029,2026-02-24,L2,1,5,-1.0309,,,,,0.2,double_positive_efficiency_improved,tuesday_pending,True,False,-0.604,0.3898,-0.9937,0.948,normal,1.1207142857142858,-0.1249,False,False,False,False,True,,,,,1_0
000029,2026-02-26,L2,3,5,-0.3436,,,,,0.6,none,midweek_partial,False,False,-1.4444,2.1701,-3.6145,0.7136,shrinking,1.110714285714286,-0.3061,False,False,False,False,True,,,,,0_0
000031,2026-01-05,L2,1,5,2.1201,4.3866,2.027,2.3596,0.5522,0.2,none,monday,False,False,2.4823,0.0,2.4823,1.0764,normal,0.07285714285714298,0.9608,False,False,False,False,True,,,,,0_0
000031,2026-01-07,L2,3,5,1.4134,0.723,2.4221,-1.6991,1.9549,0.6,negative_to_positive,midweek_partial,True,False,-1.0345,0.346,-1.3805,1.1519,expanding,0.0642857142857144,-0.4667,False,False,False,False,True,,,,,1_0
000031,2026-01-09,L2,5,5,2.8269,1.3128,2.4221,-1.1093,2.1533,1.0,negative_to_positive,completed_week,True,False,-0.6826,2.0906,-2.7732,0.9976,normal,0.06214285714285724,-0.3218,False,False,False,False,True,,,,,1_0
000031,2026-01-13,L2,2,5,0.0,,,,,0.4,negative_to_positive,tuesday_B,True,False,0.346,-0.6873,1.0333,1.32,expanding,0.06642857142857157,0.1505,False,False,False,False,True,,,,,1_0
000031,2026-01-15,L2,4,5,2.4138,1.1434,2.8269,-1.6835,2.1111,0.8,none,midweek_partial,False,False,1.0204,1.3793,-0.3589,0.8914,shrinking,0.06142857142857155,0.4884,False,False,False,False,True,,,,,0_0
000031,2026-01-19,L2,1,5,1.0274,0.3224,2.8269,-2.5045,2.139,0.2,none,monday,False,False,1.0274,-1.6835,2.7109,0.959,normal,0.06714285714285724,0.4468,True,True,False,False,True,False,True,,,0_1
000031,2026-01-21,L2,3,5,11.6438,6.4759,0.6897,5.7862,1.798,0.6,double_positive_efficiency_improved,midweek_partial,True,False,0.3077,10.1695,-9.8618,1.4341,expanding,0.0864285714285715,0.1157,False,False,False,False,True,,,,,1_0
000031,2026-01-23,L2,5,5,14.3836,7.714,0.6897,7.0243,1.8646,1.0,double_positive_efficiency_improved,completed_week,True,False,-1.7647,4.2945,-6.0592,0.555,shrinking,0.11642857142857148,-0.5153,False,False,False,False,True,,,,,1_0
000031,2026-01-27,L2,2,5,-3.3233,,,,,0.4,double_positive_efficiency_improved,tuesday_C,True,False,-1.2346,-2.994,1.7594,0.9285,normal,0.1378571428571429,-0.2902,False,False,False,False,True,,,,,1_0
000031,2026-01-29,L2,4,5,12.6888,13.0734,14.3836,-1.3102,0.9706,0.8,none,midweek_partial,False,False,10.0295,5.9375,4.092,0.8173,shrinking,0.15071428571428575,2.2559,True,False,True,False,False,True,False,True,False,0_0
000031,2026-02-02,L2,1,5,2.5281,12.4269,14.3836,-1.9567,1.4587,0.2,none,monday,False,False,-6.6496,4.8257,-11.4754,0.6828,shrinking,0.18857142857142856,-1.3788,False,False,False,False,True,,,,,0_0
000031,2026-02-04,L2,3,5,6.1798,5.0938,18.1269,-13.0331,1.2132,0.6,none,midweek_partial,False,False,2.439,1.0959,1.3431,0.8531,shrinking,0.23285714285714282,0.3865,True,True,False,False,True,True,False,,,0_1
000031,2026-02-06,L2,5,5,4.7753,4.868,18.1269,-13.2589,0.9809,1.0,none,completed_week,False,False,0.0,-1.3228,1.3228,0.8307,shrinking,0.24857142857142853,0.0,False,False,False,False,True,,,,,0_0
000031,2026-02-12,L2,4,5,-3.4483,,,,,0.8,none,midweek_partial,False,False,1.676,1.4164,0.2595,1.0219,normal,0.22857142857142856,0.2625,False,False,True,True,True,,,True,False,0_1
000031,2026-03-02,L2,1,5,1.1765,5.2957,5.305,-0.0093,0.5818,0.2,none,monday,False,False,-0.578,-0.2882,-0.2899,1.0586,normal,0.19857142857142848,-0.1007,False,False,False,False,True,,,,,0_0
000031,2026-03-04,L2,3,5,-3.2353,,,,,0.6,none,midweek_partial,False,False,-3.8012,-0.5814,-3.2198,0.9302,normal,0.1628571428571428,-0.7982,False,False,False,False,True,,,,,0_0
000031,2026-03-06,L2,5,5,-1.7647,1.4332,3.0812,-1.648,1.2313,1.0,none,completed_week,False,False,0.3003,1.2158,-0.9155,1.0749,normal,0.15428571428571422,0.0648,False,False,False,False,True,,,,,0_0
000031,2026-03-10,L2,2,5,0.3067,,,,,0.4,none,tuesday_gate_failed,,False,-0.3049,-1.7964,1.4915,0.7318,shrinking,0.1549999999999999,-0.0645,False,False,False,False,True,,,,,0_0
000031,2026-03-12,L2,4,5,-0.9202,,,,,0.8,none,midweek_partial,False,False,-0.6154,-0.6116,-0.0038,1.0946,normal,0.14357142857142843,-0.1393,False,False,False,False,True,,,,,0_0
000031,2026-03-16,L2,1,5,0.9317,1.617,1.7647,-0.1477,0.7588,0.2,none,monday,False,False,0.9317,-0.3096,1.2413,1.0803,normal,0.12857142857142848,0.2333,False,False,False,False,True,,,,,0_0
000034,2026-01-05,L2,1,5,1.4615,4.1777,1.532,2.6457,0.7739,0.2,none,monday,False,False,1.6962,-0.942,2.6382,1.1684,expanding,0.9249999999999997,0.7135,False,False,False,False,True,,,,,0_0
000034,2026-01-07,L2,3,5,1.4615,0.9789,3.233,-2.2541,1.493,0.6,negative_to_positive,midweek_partial,True,False,-0.976,0.9856,-1.9616,0.9141,normal,0.9264285714285718,-0.421,False,False,False,False,True,,,,,1_0
000034,2026-01-09,L2,5,5,5.3846,2.8951,3.233,-0.3379,1.8599,1.0,negative_to_positive,completed_week,True,False,2.1626,1.6679,0.4946,0.9226,normal,0.8807142857142866,0.9878,True,True,True,True,True,True,False,True,False,1_1
000034,2026-01-13,L2,2,5,-1.3768,,,,,0.4,negative_to_positive,tuesday_A,True,False,-3.7028,3.163,-6.8658,0.7943,shrinking,0.9350000000000013,-1.6791,False,False,False,False,True,,,,,1_0
000034,2026-01-15,L2,4,5,0.7729,0.5174,5.3846,-4.8672,1.494,0.8,none,midweek_partial,False,False,-0.382,2.5716,-2.9537,0.6745,shrinking,1.0871428571428585,-0.1472,False,False,False,False,True,,,,,0_0
000034,2026-01-19,L2,1,5,-1.1503,0.4696,5.3846,-4.915,1.4401,0.2,none,monday,False,False,-1.7753,-1.4382,-0.3371,0.6648,shrinking,1.187857142857144,-0.6146,False,False,False,False,True,,,,,0_0
000034,2026-01-21,L2,3,5,-2.1047,,,,,0.6,none,midweek_partial,False,False,0.5278,-1.4855,2.0133,0.8057,shrinking,1.2742857142857156,0.1648,True,True,False,False,True,False,True,,,0_1
000034,2026-01-23,L2,5,5,-1.1747,2.0869,0.6763,1.4106,0.5629,1.0,none,completed_week,False,False,-0.5908,1.55,-2.1408,0.7241,shrinking,1.1985714285714297,-0.2002,False,False,False,False,True,,,,,0_0
000034,2026-01-27,L2,2,5,-2.6173,,,,,0.4,none,tuesday_gate_failed,,False,-0.8298,-1.5106,0.6809,0.7966,shrinking,1.2835714285714295,-0.2571,False,False,False,False,True,,,,,0_0
000034,2026-01-29,L2,4,5,-4.0988,,,,,0.8,none,midweek_partial,False,False,-2.4121,0.9128,-3.3248,0.7439,shrinking,1.4628571428571437,-0.6562,False,False,False,False,True,,,,,0_0
000035,2026-01-05,L2,1,5,0.7168,6.3476,1.0695,5.2781,0.4168,0.2,none,monday,False,False,1.8116,-0.361,2.1726,1.1457,expanding,0.18928571428571436,0.5283,False,False,False,False,True,,,,,0_0
000035,2026-01-07,L2,3,5,0.1792,0.0805,2.6455,-2.565,2.2261,0.6,negative_to_positive,midweek_partial,True,False,-1.5845,1.0676,-2.6521,0.7779,shrinking,0.1471428571428572,-0.6117,False,False,False,False,True,,,,,1_0
000035,2026-01-09,L2,5,5,3.7634,1.505,2.6455,-1.1405,2.5006,1.0,negative_to_positive,completed_week,True,False,1.2238,2.3256,-1.1018,0.8535,shrinking,0.1221428571428572,0.5731,False,False,False,False,True,,,,,1_0
000035,2026-01-13,L2,2,5,-0.1727,,,,,0.4,negative_to_positive,tuesday_A,True,False,-0.5164,0.3454,-0.8618,0.8735,shrinking,0.12214285714285714,-0.2456,False,False,False,False,True,,,,,1_0
000035,2026-01-15,L2,4,5,2.2453,1.7001,3.7634,-2.0633,1.3207,0.8,none,midweek_partial,False,False,3.3159,-0.8651,4.1809,1.1299,expanding,0.13071428571428578,1.4536,False,False,False,False,True,,,,,0_0
000035,2026-01-19,L2,1,5,3.204,2.0682,3.7634,-1.6952,1.2526,0.2,none,monday,False,False,3.0303,0.3378,2.6925,1.7406,expanding,0.15571428571428575,1.156,False,False,False,False,True,,,,,0_0
000035,2026-01-21,L2,3,5,4.2159,3.4918,2.5907,0.9011,1.2073,0.6,double_positive_efficiency_improved,midweek_partial,True,False,-0.4831,1.4706,-1.9537,0.8115,shrinking,0.1671428571428572,-0.1795,False,False,False,False,True,,,,,1_0
000035,2026-01-23,L2,5,5,6.914,5.8686,2.5907,3.2779,1.1781,1.0,double_positive_efficiency_improved,completed_week,True,False,1.7657,0.8091,0.9566,1.6291,expanding,0.1807142857142858,0.6087,False,False,True,True,True,,,True,False,1_1
000035,2026-01-27,L2,2,5,-2.0472,,,,,0.4,double_positive_efficiency_improved,tuesday_C,True,False,-1.1129,-0.7886,-0.3242,0.904,normal,0.19071428571428584,-0.367,False,False,False,False,True,,,,,1_0
000035,2026-01-29,L2,4,5,-2.6772,,,,,0.8,none,midweek_partial,False,False,-0.6431,0.0,-0.6431,1.0022,normal,0.20428571428571443,-0.1958,False,False,False,False,True,,,,,0_0
000035,2026-02-02,L2,1,5,-1.3201,4.9316,6.914,-1.9824,0.7664,0.2,none,monday,False,False,-2.1277,-1.1327,-0.995,0.8234,shrinking,0.20714285714285735,-0.6276,False,False,False,False,True,,,,,0_0
000035,2026-02-04,L2,3,5,0.9901,1.2966,3.7795,-2.4829,0.7636,0.6,negative_to_positive,midweek_partial,True,False,1.4925,0.8361,0.6564,1.0866,normal,0.21500000000000016,0.4186,False,False,False,False,True,,,,,1_0
000035,2026-02-06,L2,5,5,-1.3201,1.7426,3.7795,-2.0369,0.7576,1.0,none,completed_week,False,False,-0.8292,-1.4706,0.6414,0.8654,shrinking,0.19714285714285731,-0.2536,False,False,False,False,True,,,,,0_0
000035,2026-02-10,L2,2,5,-2.8239,,,,,0.4,none,tuesday_gate_failed,,False,-0.8475,-1.3378,0.4903,0.6459,shrinking,0.18785714285714303,-0.2662,False,False,False,False,True,,,,,0_0
000035,2026-02-12,L2,4,5,-2.4917,,,,,0.8,none,midweek_partial,False,False,0.1706,0.1709,-0.0003,1.0774,normal,0.1842857142857144,0.0543,False,False,False,False,True,,,,,0_0
000035,2026-02-24,L2,1,5,5.6314,,,,,0.2,none,tuesday_gate_failed,,False,6.7241,-1.1925,7.9166,3.6251,expanding,0.1764285714285716,2.2105,False,False,False,False,False,,,,,0_0
000035,2026-02-26,L2,3,5,8.7031,2.5979,3.6545,-1.0566,3.3501,0.6,negative_to_positive,midweek_partial,True,False,-1.087,4.0388,-5.1257,0.6432,shrinking,0.19214285714285737,-0.3643,False,False,False,False,True,,,,,1_0
000035,2026-03-02,L2,1,5,0.0,7.451,3.6545,3.7965,2.6338,0.2,negative_to_positive,monday,True,False,9.9857,10.0471,-0.0614,1.8167,expanding,0.21642857142857164,3.2343,False,False,False,False,False,,,,,1_0
000035,2026-03-04,L2,3,5,-1.8158,,,,,0.6,none,midweek_partial,False,True,2.7137,-4.4099,7.1236,0.7012,shrinking,0.27928571428571447,0.7161,True,True,False,False,True,False,True,,,0_1
000035,2026-03-06,L2,5,5,1.4267,0.3521,19.6246,-19.2725,4.0524,1.0,none,completed_week,False,False,5.1075,-1.7173,6.8248,1.454,expanding,0.40357142857142875,0.9416,False,False,False,False,False,,,,,0_0
000035,2026-03-10,L2,2,5,4.0973,,,,,0.4,none,tuesday_gate_failed,,False,5.0388,-1.023,6.0618,0.8963,shrinking,0.46428571428571436,0.84,True,False,False,False,False,False,True,,,0_0
000035,2026-03-12,L2,4,5,3.7132,3.8563,1.4267,2.4296,0.9629,0.8,double_positive_efficiency_improved,midweek_partial,True,False,-2.4096,2.091,-4.5007,0.8433,shrinking,0.5642857142857144,-0.3544,False,False,False,False,True,,,,,1_0
000035,2026-03-16,L2,1,5,-3.0303,2.4895,1.4267,1.0628,0.9258,0.2,double_positive_efficiency_improved,monday,True,False,-3.8798,-1.358,-2.5218,0.8396,shrinking,0.6278571428571428,-0.4937,False,False,False,False,True,,,,,1_0
000035,2026-03-18,L2,3,5,-8.2071,,,,,0.6,none,midweek_partial,False,False,-1.4905,-3.9062,2.4157,1.0258,normal,0.6828571428571425,-0.1611,False,False,False,False,True,,,,,0_0
000035,2026-03-20,L2,5,5,-12.2475,22.59,2.3047,20.2853,0.5422,1.0,none,completed_week,False,False,-4.1379,-0.2751,-3.8628,1.1946,expanding,0.7071428571428567,-0.4242,False,False,False,False,True,,,,,0_0
000035,2026-03-24,L2,2,5,8.9051,,,,,0.4,none,tuesday_gate_failed,,False,10.0295,-2.446,12.4755,2.1396,expanding,0.6614285714285711,1.0281,False,False,False,False,False,,,,,0_0
000035,2026-03-26,L2,4,5,4.6715,4.3367,12.2475,-7.9108,1.0772,0.8,negative_to_positive,midweek_partial,True,False,-5.1587,1.3405,-6.4992,0.619,shrinking,0.5849999999999997,-0.6667,False,False,False,False,True,,,,,1_0
000035,2026-03-30,L2,1,5,-1.1189,5.5742,12.2475,-6.6733,0.969,0.2,negative_to_positive,monday,True,False,-2.0776,0.6974,-2.7749,0.9995,normal,0.5507142857142855,-0.2724,False,False,False,False,True,,,,,1_0
000036,2026-01-05,L2,1,5,-1.0769,19.9004,34.6552,-14.7548,0.7401,0.2,none,monday,False,False,-2.5758,-2.0772,-0.4986,1.2837,expanding,0.48785714285714304,-0.3485,False,False,False,False,True,,,,,0_0
000036,2026-01-07,L2,3,5,-3.3846,,,,,0.6,none,midweek_partial,False,False,-3.2357,0.9331,-4.1689,0.9033,normal,0.5400000000000001,-0.3889,False,False,False,False,True,,,,,0_0
000036,2026-01-09,L2,5,5,3.5385,2.2162,14.7287,-12.5125,1.5966,1.0,negative_to_positive,completed_week,True,False,5.3208,1.7516,3.5692,0.7341,shrinking,0.5835714285714287,0.5826,True,False,True,False,False,True,False,True,False,1_0
000036,2026-01-13,L2,2,5,1.7544,,,,,0.4,negative_to_positive,tuesday_A,True,False,1.6058,1.7831,-0.1772,0.9446,normal,0.6292857142857144,0.1748,False,False,False,False,True,,,,,1_0
000036,2026-01-15,L2,4,5,-1.462,,,,,0.8,none,midweek_partial,False,False,-2.6012,-0.5747,-2.0264,0.5031,shrinking,0.6414285714285715,-0.2806,False,False,False,False,True,,,,,0_0
000036,2026-01-19,L2,1,5,-7.0149,2.1708,3.5385,-1.3677,0.7408,0.2,none,monday,False,False,-7.4294,-0.1484,-7.2811,1.327,expanding,0.6142857142857145,-0.814,False,False,False,False,True,,,,,0_0
000036,2026-01-21,L2,3,5,-7.9104,,,,,0.6,none,midweek_partial,False,False,9.9822,-9.9518,19.934,0.9593,normal,0.5928571428571431,0.9446,True,False,False,False,False,False,True,,,0_0
000036,2026-01-23,L2,5,5,4.3284,5.12,1.6082,3.5118,0.8454,1.0,negative_to_positive,completed_week,True,False,2.9455,10.0486,-7.1031,2.7443,expanding,0.5821428571428573,0.3436,False,False,False,False,True,,,,,1_0
000036,2026-01-27,L2,2,5,-11.9887,,,,,0.4,negative_to_positive,tuesday_C,True,False,-0.7949,-10.0143,9.2194,0.7289,shrinking,0.5742857142857144,-0.0871,False,False,False,False,True,,,,,1_0
000036,2026-01-29,L2,4,5,-13.8223,,,,,0.8,none,midweek_partial,False,False,0.9917,-3.0449,4.0366,1.0832,normal,0.5700000000000001,0.1053,False,False,False,False,True,,,,,0_0
000036,2026-02-02,L2,1,5,0.1706,16.6422,4.3284,12.3138,0.9662,0.2,none,monday,False,False,-1.3445,-2.6187,1.2741,0.6893,shrinking,0.5278571428571429,-0.1516,False,False,False,False,True,,,,,0_0
000036,2026-02-04,L2,3,5,-3.0717,,,,,0.6,none,midweek_partial,False,False,-6.1157,3.0664,-9.1821,1.2715,expanding,0.48428571428571443,-0.764,False,False,False,False,True,,,,,0_0
000036,2026-02-06,L2,5,5,-4.6075,7.4263,16.079,-8.6527,0.6204,1.0,none,completed_week,False,False,0.1792,-1.7606,1.9398,0.8105,shrinking,0.49571428571428583,0.0202,True,True,False,False,True,False,True,,,0_1
000036,2026-02-10,L2,2,5,-2.1164,,,,,0.4,none,tuesday_gate_failed,,False,-3.6458,3.0411,-6.687,0.6942,shrinking,0.4464285714285715,-0.4704,False,False,False,False,True,,,,,0_0
000036,2026-02-12,L2,4,5,-0.5291,,,,,0.8,none,midweek_partial,False,False,0.8945,0.7207,0.1737,1.4787,expanding,0.38500000000000006,0.1299,False,False,True,True,True,,,True,False,0_1
000036,2026-02-24,L2,1,5,-1.7794,,,,,0.2,none,tuesday_gate_failed,,False,-0.1808,-1.9504,1.7695,1.1421,expanding,0.3464285714285715,-0.0289,False,False,False,False,True,,,,,0_0
000036,2026-02-26,L2,3,5,1.2456,0.5928,2.4691,-1.8763,2.1011,0.6,negative_to_positive,midweek_partial,True,False,-6.2603,9.9638,-16.2241,1.6059,expanding,0.27999999999999997,-1.3571,False,False,False,False,True,,,,,1_0
000036,2026-03-02,L2,1,5,0.5618,2.3708,2.4691,-0.0983,1.8013,0.2,none,monday,False,False,-0.1859,-5.4482,5.2623,0.7484,shrinking,0.32214285714285706,-0.031,False,False,False,False,True,,,,,0_0
000036,2026-03-04,L2,3,5,-3.9326,,,,,0.6,none,midweek_partial,False,False,0.1953,-4.6555,4.8508,0.6758,shrinking,0.33428571428571424,0.0299,True,True,False,False,True,False,True,,,0_1
000036,2026-03-06,L2,5,5,-2.2472,3.2077,4.2705,-1.0628,0.7006,1.0,none,completed_week,False,False,1.1628,0.5848,0.578,1.0226,normal,0.29928571428571427,0.2005,False,False,False,False,True,,,,,0_0
000036,2026-03-10,L2,2,5,1.9493,,,,,0.4,none,tuesday_gate_failed,,False,1.3566,-1.1494,2.506,0.8042,shrinking,0.292142857142857,0.2396,True,True,True,True,True,False,True,False,True,0_1
000036,2026-03-12,L2,4,5,-1.3645,,,,,0.8,none,midweek_partial,False,False,-2.3166,-0.956,-1.3606,1.2607,expanding,0.2807142857142856,-0.4275,False,False,False,False,True,,,,,0_0
000036,2026-03-16,L2,1,5,1.7893,2.4778,2.2472,0.2306,0.6294,0.2,none,monday,False,False,1.3861,-0.1976,1.5838,0.8443,shrinking,0.2685714285714284,0.2606,True,True,False,False,True,False,True,,,0_1
000036,2026-03-18,L2,3,5,-0.5964,,,,,0.6,none,midweek_partial,False,False,-0.7937,-1.5625,0.7688,1.5086,expanding,0.2692857142857142,-0.1485,False,False,False,False,True,,,,,0_0
000036,2026-03-26,L2,4,5,4.2017,2.9872,4.175,-1.1878,1.4065,0.8,negative_to_positive,midweek_partial,True,False,0.4049,3.5639,-3.1591,0.974,normal,0.18928571428571425,0.1057,False,False,False,False,True,,,,,1_0
000036,2026-03-30,L2,1,5,-3.2819,4.9346,4.175,0.7596,1.9158,0.2,negative_to_positive,monday,True,False,-3.8388,5.0403,-8.8791,0.597,shrinking,0.18857142857142856,-1.0606,False,False,False,False,True,,,,,1_0
000037,2026-02-02,L2,1,5,-0.9688,0.0934,5.1195,-5.0261,1.1527,0.2,none,monday,False,False,-0.8621,2.2026,-3.0647,1.0236,normal,0.2721428571428571,-0.294,False,False,False,False,True,,,,,0_0
000037,2026-02-04,L2,3,5,1.1841,1.6104,0.1076,1.5028,0.7353,0.6,negative_to_positive,midweek_partial,True,False,1.7316,0.4348,1.2968,1.2717,expanding,0.2878571428571427,0.5558,False,False,False,False,True,,,,,1_0
000037,2026-02-06,L2,5,5,2.0452,2.4788,0.1076,2.3712,0.8251,1.0,negative_to_positive,completed_week,True,False,0.8511,0.0,0.8511,0.914,normal,0.2942857142857141,0.2718,True,True,False,False,True,False,True,,,1_1
000037,2026-02-10,L2,2,5,0.4219,,,,,0.4,negative_to_positive,tuesday_A,True,False,-0.4184,0.8439,-1.2623,0.7542,shrinking,0.3007142857142854,-0.133,False,False,False,False,True,,,,,1_0
000037,2026-02-12,L2,4,5,1.5823,2.3595,2.0452,0.3143,0.6706,0.8,double_positive_efficiency_improved,midweek_partial,True,False,0.0,1.1555,-1.1555,0.9031,normal,0.29214285714285687,0.0,False,False,False,False,True,,,,,1_0
000037,2026-02-24,L2,1,5,0.829,,,,,0.2,none,tuesday_gate_failed,,False,1.7782,-0.7269,2.5051,0.945,normal,0.24928571428571406,0.6819,True,True,False,False,True,False,True,,,0_1
000037,2026-02-26,L2,3,5,2.5907,2.4754,0.8439,1.6315,1.0466,0.6,double_positive_efficiency_improved,midweek_partial,True,False,2.0619,-0.3083,2.3702,1.9524,expanding,0.21428571428571416,0.9333,False,False,False,False,True,,,,,1_0
000037,2026-03-02,L2,1,5,-0.8081,5.1456,0.8439,4.3017,0.9264,0.2,double_positive_efficiency_improved,monday,True,False,-2.8684,2.1212,-4.9897,0.8854,shrinking,0.21999999999999975,-1.3182,False,False,False,False,True,,,,,1_0
000037,2026-03-04,L2,3,5,-1.7172,,,,,0.6,none,midweek_partial,False,False,1.5658,-2.444,4.0098,0.8044,shrinking,0.2292857142857141,0.6542,True,True,False,False,True,False,True,,,0_1
000037,2026-03-06,L2,5,5,2.0202,1.4527,4.7668,-3.3141,1.3906,1.0,none,completed_week,False,False,2.4341,1.3361,1.098,1.2385,expanding,0.2564285714285712,0.9359,False,False,True,True,True,,,True,False,0_1
000037,2026-03-10,L2,2,5,1.0945,,,,,0.4,none,tuesday_gate_failed,,False,0.994,-0.396,1.3901,1.0317,normal,0.2457142857142854,0.407,False,False,True,True,True,,,False,True,0_1
000037,2026-03-12,L2,4,5,1.0945,1.0907,2.0202,-0.9295,1.0035,0.8,none,midweek_partial,False,False,0.2962,-0.2953,0.5914,1.062,normal,0.25928571428571395,0.1157,False,False,True,True,True,,,False,True,0_1
000037,2026-03-16,L2,1,5,-2.2312,1.5495,2.0202,-0.4707,1.0274,0.2,none,monday,False,False,-2.5278,-2.6575,0.1297,0.9753,normal,0.274285714285714,-0.9115,False,False,False,False,True,,,,,0_0
000037,2026-03-18,L2,3,5,6.8966,7.3093,1.592,5.7173,0.9435,0.6,negative_to_positive,midweek_partial,True,False,10.0209,-0.6224,10.6433,1.1637,expanding,0.2964285714285712,3.2386,False,False,False,False,False,,,,,1_0
000037,2026-03-20,L2,5,5,5.4767,1.9796,1.592,0.3876,2.7665,1.0,negative_to_positive,completed_week,True,False,-1.8868,0.5693,-2.4561,0.7114,shrinking,0.3514285714285713,-0.5691,False,False,False,False,True,,,,,1_0
000037,2026-03-24,L2,2,5,2.1401,,,,,0.4,negative_to_positive,tuesday_B,True,False,4.0634,-2.9808,7.0442,1.0807,normal,0.4078571428571428,1.0053,False,False,False,False,False,,,,,1_0
000037,2026-03-26,L2,4,5,16.6342,10.6453,5.4767,5.1686,1.5626,0.8,double_positive_efficiency_improved,midweek_partial,True,False,10.0,3.8095,6.1905,1.0652,normal,0.4457142857142856,2.4455,False,False,True,False,False,,,True,False,1_0
000037,2026-03-30,L2,1,5,-1.3333,11.4098,5.4767,5.9331,1.8074,0.2,double_positive_efficiency_improved,monday,True,False,-4.5161,3.4195,-7.9356,0.7283,shrinking,0.5585714285714286,-1.0026,False,False,False,False,True,,,,,1_0
000039,2026-01-05,L2,1,5,1.382,6.5439,0.9554,5.5885,0.932,0.2,double_positive_efficiency_improved,monday,True,False,1.7839,0.498,1.2859,1.3479,expanding,0.3249999999999997,0.5538,False,False,True,True,True,,,True,False,1_1
000039,2026-01-07,L2,3,5,-3.4551,,,,,0.6,none,midweek_partial,False,False,-2.3952,-2.4343,0.0391,0.9992,normal,0.3385714285714282,-0.7089,False,False,False,False,True,,,,,0_0
000039,2026-01-09,L2,5,5,-4.2448,2.7062,6.0988,-3.3926,1.5685,1.0,none,completed_week,False,False,2.1053,-2.863,4.9682,0.6564,shrinking,0.33071428571428524,0.6048,True,True,True,True,True,False,True,False,True,0_1
000039,2026-01-13,L2,2,5,-2.0555,,,,,0.4,none,tuesday_gate_failed,,False,-1.0384,-0.7216,-0.3168,0.9406,normal,0.3614285714285711,-0.2767,False,False,False,False,True,,,,,0_0
000039,2026-01-15,L2,4,5,-1.0277,,,,,0.8,none,midweek_partial,False,False,0.2081,0.8395,-0.6313,0.7911,shrinking,0.3421428571428568,0.0585,False,False,False,False,True,,,,,0_0
000039,2026-01-19,L2,1,5,4.1797,0.8637,4.2448,-3.3811,0.833,0.2,none,monday,False,False,3.2091,0.3115,2.8976,1.1539,expanding,0.3371428571428568,0.9195,False,False,True,True,True,,,True,False,0_1
000039,2026-01-21,L2,3,5,0.5225,0.5705,0.7194,-0.1489,0.9158,0.6,negative_to_positive,midweek_partial,True,False,0.2083,-3.7111,3.9195,0.6111,shrinking,0.3664285714285712,0.0546,True,True,False,False,True,False,True,,,1_1
000039,2026-01-23,L2,5,5,3.6573,4.1651,0.7194,3.4457,0.8781,1.0,negative_to_positive,completed_week,True,False,0.202,2.9106,-2.7086,0.7028,shrinking,0.3457142857142855,0.0579,False,False,False,False,True,,,,,1_0
000039,2026-01-27,L2,2,5,-2.8226,,,,,0.4,negative_to_positive,tuesday_C_failed_volume,False,False,-1.7329,-1.1089,-0.6241,1.3633,expanding,0.3357142857142857,-0.5064,False,False,False,False,True,,,,,0_0
000039,2026-01-29,L2,4,5,-3.125,,,,,0.8,none,midweek_partial,False,False,0.8395,-1.1411,1.9805,1.5112,expanding,0.3378571428571429,0.2368,False,False,False,False,True,,,,,0_0
000039,2026-02-02,L2,1,5,3.8546,2.9644,3.6573,-0.6929,0.8842,0.2,none,monday,False,False,-2.381,0.5203,-2.9012,1.9724,expanding,0.3221428571428571,-0.714,False,False,False,False,True,,,,,0_0
000039,2026-02-04,L2,3,5,25.6608,8.5906,2.621,5.9696,2.9871,0.6,negative_to_positive,midweek_partial,True,False,10.0289,9.9682,0.0607,1.3537,expanding,0.37214285714285694,2.7946,False,False,True,False,False,,,True,False,1_0
000039,2026-02-06,L2,5,5,20.9251,6.8544,2.621,4.2334,3.0528,1.0,negative_to_positive,completed_week,True,False,-2.7458,-1.0517,-1.6941,0.4795,shrinking,0.4742857142857142,-0.6536,False,False,False,False,True,,,,,1_0
000039,2026-02-10,L2,2,5,1.6559,,,,,0.4,negative_to_positive,tuesday_A,True,False,-0.8079,1.4572,-2.2651,0.7547,shrinking,0.48857142857142855,-0.1842,False,False,False,False,True,,,,,1_0
000039,2026-02-12,L2,4,5,5.8878,7.7083,20.9251,-13.2168,0.7638,0.8,none,midweek_partial,False,False,2.3111,1.81,0.5012,1.0235,normal,0.5071428571428572,0.5127,False,False,True,True,True,,,True,False,0_1
000039,2026-02-24,L2,1,5,7.2,,,,,0.2,none,tuesday_gate_failed,,False,8.2585,-3.2146,11.4731,1.7837,expanding,0.5735714285714285,1.604,False,False,False,False,False,,,,,0_0
000039,2026-02-26,L2,3,5,20.1778,14.765,2.4839,12.2811,1.3666,0.6,double_positive_efficiency_improved,midweek_partial,True,False,9.6513,2.2388,7.4125,1.0527,normal,0.6414285714285713,1.8552,False,False,True,False,False,,,True,False,1_0
000039,2026-03-02,L2,1,5,3.165,19.3147,2.4839,16.8308,1.0355,0.2,double_positive_efficiency_improved,monday,True,False,1.4074,-0.1479,1.5553,1.1178,expanding,0.7364285714285713,0.258,False,False,True,True,True,,,False,True,1_1
000039,2026-03-04,L2,3,5,-4.1447,,,,,0.6,none,midweek_partial,False,False,-0.625,-6.5011,5.8761,0.5851,shrinking,0.7721428571428571,-0.1036,False,False,False,False,True,,,,,0_0
000039,2026-03-06,L2,5,5,0.9797,1.0858,20.0,-18.9142,0.9023,1.0,none,completed_week,False,False,-0.4458,5.8176,-6.2634,0.8921,shrinking,0.7428571428571428,-0.0808,False,False,False,False,True,,,,,0_0
000039,2026-03-10,L2,2,5,1.1398,,,,,0.4,none,tuesday_gate_failed,,False,2.3059,-2.9104,5.2164,0.7526,shrinking,0.777142857142857,0.386,True,True,False,False,True,False,True,,,0_1
000039,2026-03-12,L2,4,5,-0.9119,,,,,0.8,none,midweek_partial,False,False,0.1536,-2.1788,2.3324,1.1053,expanding,0.7785714285714285,0.0257,False,False,False,False,True,,,,,0_0
000042,2026-01-05,L2,1,5,1.5748,0.0,3.7783,-3.7783,0.9073,0.2,none,monday,False,False,1.5748,2.4194,-0.8446,1.4113,expanding,0.17714285714285724,0.6774,False,False,False,False,True,,,,,0_0
000042,2026-01-07,L2,3,5,5.3806,2.9104,0.0,2.9104,1.8488,0.6,negative_to_positive,midweek_partial,True,False,3.2134,0.5168,2.6966,1.8686,expanding,0.1807142857142859,1.3834,False,False,True,True,True,,,True,False,1_1
000042,2026-01-09,L2,5,5,12.5984,4.6269,0.0,4.6269,2.7228,1.0,negative_to_positive,completed_week,True,False,3.8741,2.8643,1.0098,1.4105,expanding,0.19857142857142884,1.6115,False,False,True,False,False,,,True,False,1_0
000042,2026-01-13,L2,2,5,-0.4651,,,,,0.4,negative_to_positive,tuesday_B,True,False,0.8245,-1.049,1.8735,0.5298,shrinking,0.24857142857142886,0.2816,True,True,False,False,True,False,True,,,1_1
000042,2026-01-15,L2,4,5,-2.093,,,,,0.8,none,midweek_partial,False,False,-0.355,-1.285,0.93,0.5051,shrinking,0.2671428571428575,-0.1123,False,False,False,False,True,,,,,0_0
000042,2026-01-19,L2,1,5,-0.361,3.7102,12.5984,-8.8882,0.8775,0.2,none,monday,False,False,-0.4808,-1.1876,0.7069,0.8685,shrinking,0.27571428571428597,-0.1451,False,False,False,False,True,,,,,0_0
000042,2026-01-21,L2,3,5,-0.2407,,,,,0.6,none,midweek_partial,False,False,0.4848,-0.3623,0.8472,1.0321,normal,0.27214285714285724,0.147,False,False,False,False,True,,,,,0_0
000042,2026-01-23,L2,5,5,-2.6474,3.4681,3.2558,0.2123,0.7634,1.0,none,completed_week,False,False,-0.492,-1.93,1.438,0.923,normal,0.27142857142857146,-0.1474,False,False,False,False,True,,,,,0_0
000042,2026-01-27,L2,2,5,-0.7407,,,,,0.4,none,tuesday_gate_failed,,False,-0.3717,-0.2472,-0.1245,1.8742,expanding,0.26071428571428573,-0.1151,False,False,False,False,True,,,,,0_0
000042,2026-01-29,L2,4,5,1.358,0.5531,2.6474,-2.0943,2.4555,0.8,negative_to_positive,midweek_partial,True,False,-2.7251,4.9751,-7.7002,1.1234,expanding,0.24785714285714272,-0.928,False,False,False,False,True,,,,,1_0
000042,2026-02-02,L2,1,5,-0.1215,1.4154,2.6474,-1.232,2.355,0.2,negative_to_positive,monday,True,False,-1.7921,1.9488,-3.741,0.7913,shrinking,0.2528571428571426,-0.5932,False,False,False,False,True,,,,,1_0
000042,2026-02-04,L2,3,5,9.356,10.7547,3.3333,7.4214,0.8699,0.6,double_positive_efficiency_improved,midweek_partial,True,False,7.9137,1.4599,6.4538,2.2978,expanding,0.24857142857142817,2.6552,False,False,True,False,False,,,True,False,1_0
000042,2026-02-06,L2,5,5,11.3001,13.831,3.3333,10.4977,0.817,1.0,double_positive_efficiency_improved,completed_week,True,False,2.0045,-0.2222,2.2267,1.0785,normal,0.29285714285714254,0.6146,False,False,False,False,True,,,,,1_0
000042,2026-02-10,L2,2,5,0.6501,,,,,0.4,double_positive_efficiency_improved,tuesday_C,True,False,0.7592,0.655,0.1042,0.7586,shrinking,0.3057142857142855,0.229,True,True,False,False,True,True,False,,,1_1
000042,2026-02-12,L2,4,5,-0.8667,,,,,0.8,none,midweek_partial,False,False,-3.072,1.6146,-4.6867,1.4429,expanding,0.314285714285714,-0.9227,False,False,False,False,True,,,,,0_0
000042,2026-02-24,L2,1,5,-2.4865,,,,,0.2,none,tuesday_gate_failed,,False,-1.7429,0.3279,-2.0708,1.2423,expanding,0.3471428571428568,-0.4609,False,False,False,False,True,,,,,0_0
000042,2026-02-26,L2,3,5,-2.7027,,,,,0.6,none,midweek_partial,False,False,-0.7718,0.5543,-1.3261,1.0656,normal,0.3492857142857141,-0.2004,False,False,False,False,True,,,,,0_0
000042,2026-03-02,L2,1,5,-0.5568,4.3369,0.5417,3.7952,0.4736,0.2,none,monday,False,False,-1.4349,0.6667,-2.1015,1.5364,expanding,0.28857142857142853,-0.4505,False,False,False,False,True,,,,,0_0
000042,2026-03-04,L2,3,5,-5.1225,,,,,0.6,none,midweek_partial,False,False,-1.1601,-3.4714,2.3114,0.7537,shrinking,0.27999999999999986,-0.3571,False,False,False,False,True,,,,,0_0
000042,2026-03-06,L2,5,5,-3.118,1.8469,2.0541,-0.2072,1.6883,1.0,none,completed_week,False,False,1.993,0.1174,1.8756,0.8454,shrinking,0.2557142857142856,0.6648,True,True,False,False,True,True,False,,,0_1
000042,2026-03-10,L2,2,5,1.5134,,,,,0.4,none,tuesday_gate_failed,,False,2.1077,-1.8391,3.9468,0.7459,shrinking,0.24785714285714278,0.7262,True,True,False,False,True,False,True,,,0_1
000042,2026-03-12,L2,4,5,-0.2328,,,,,0.8,none,midweek_partial,False,False,-2.1689,0.4587,-2.6277,0.7249,shrinking,0.2414285714285715,-0.787,False,False,False,False,True,,,,,0_0
000042,2026-03-16,L2,1,5,1.0526,0.5696,3.118,-2.5484,0.8175,0.2,none,monday,False,False,1.0526,-0.2334,1.286,1.097,normal,0.22500000000000003,0.4,False,False,False,False,True,,,,,0_0
000042,2026-03-18,L2,3,5,9.8246,5.6323,0.4657,5.1666,1.7443,0.6,negative_to_positive,midweek_partial,True,False,-1.1579,9.9537,-11.1116,1.8585,expanding,0.21785714285714278,-0.5049,False,False,False,False,True,,,,,1_0
000042,2026-03-20,L2,5,5,4.4444,2.5993,0.4657,2.1336,1.7099,1.0,negative_to_positive,completed_week,True,False,-2.0833,-2.8754,0.7921,1.09,normal,0.27499999999999986,-0.6909,False,False,False,False,True,,,,,1_0
000042,2026-03-24,L2,2,5,-0.5656,,,,,0.4,negative_to_positive,tuesday_B,True,False,4.5184,-5.8231,10.3415,0.7987,shrinking,0.305,1.2459,True,False,False,False,False,False,True,,,1_0
000042,2026-03-26,L2,4,5,3.3937,3.5216,4.4444,-0.9228,0.9637,0.8,none,midweek_partial,False,False,1.2182,2.7304,-1.5122,1.1287,expanding,0.32428571428571423,0.3392,False,False,False,False,True,,,,,0_0
000042,2026-03-30,L2,1,5,-2.3681,6.2855,4.4444,1.8411,0.9359,0.2,double_positive_efficiency_improved,monday,True,False,-3.0983,2.407,-5.5053,1.0094,normal,0.33642857142857135,-0.862,False,False,False,False,True,,,,,1_0
000045,2026-01-05,L2,1,5,1.9737,2.3061,0.2502,2.0559,0.7582,0.2,double_positive_efficiency_improved,monday,True,False,1.473,1.6639,-0.1909,1.2948,expanding,0.26285714285714323,0.6848,False,False,False,False,True,,,,,1_0
000045,2026-01-07,L2,3,5,0.4934,0.1752,1.7485,-1.5733,2.8158,0.6,none,midweek_partial,False,False,-2.1617,0.7258,-2.8875,1.0585,normal,0.2721428571428573,-0.9921,False,False,False,False,True,,,,,0_0
000045,2026-01-09,L2,5,5,2.3026,0.8815,1.7485,-0.867,2.6121,1.0,none,completed_week,False,False,0.7287,1.0638,-0.3351,1.0711,normal,0.28357142857142875,0.3174,False,False,False,False,True,,,,,0_0
000045,2026-01-13,L2,2,5,-1.3721,,,,,0.4,none,tuesday_gate_failed,,False,-2.4741,0.7235,-3.1975,0.9429,normal,0.24285714285714302,-1.2765,False,False,False,False,True,,,,,0_0
000045,2026-01-15,L2,4,5,-1.1299,,,,,0.8,none,midweek_partial,False,False,0.2455,0.0,0.2455,0.7764,shrinking,0.26285714285714307,0.1141,True,True,False,False,True,False,True,,,0_1
000045,2026-01-19,L2,1,5,0.9717,0.087,2.3026,-2.2156,0.9281,0.2,none,monday,False,False,0.727,1.0612,-0.3342,0.7572,shrinking,0.2735714285714287,0.329,False,False,False,False,True,,,,,0_0
000045,2026-01-21,L2,3,5,10.4453,6.7841,0.0807,6.7034,1.5397,0.6,negative_to_positive,midweek_partial,True,False,10.0,-0.5613,10.5613,4.6853,expanding,0.29214285714285715,4.2445,False,False,False,False,False,,,,,1_0
000045,2026-01-23,L2,5,5,9.3117,3.8138,0.0807,3.7331,2.4416,1.0,negative_to_positive,completed_week,True,False,1.6566,-2.6393,4.2959,0.6127,shrinking,0.36428571428571427,0.6039,True,True,False,False,True,False,True,,,1_1
000045,2026-01-27,L2,2,5,-2.2963,,,,,0.4,negative_to_positive,tuesday_C,True,False,-1.7139,-0.5926,-1.1213,0.7715,shrinking,0.40499999999999997,-0.5679,False,False,False,False,True,,,,,1_0
000045,2026-01-29,L2,4,5,-6.4444,,,,,0.8,none,midweek_partial,False,False,-3.4404,-0.834,-2.6064,1.6355,expanding,0.41571428571428587,-1.0825,False,False,False,False,True,,,,,0_0
000045,2026-02-02,L2,1,5,-2.619,9.734,9.3117,0.4223,0.6468,0.2,none,monday,False,False,-3.004,0.1584,-3.1623,0.8557,shrinking,0.44785714285714306,-0.8485,False,False,False,False,True,,,,,0_0
000045,2026-02-04,L2,3,5,-0.3175,,,,,0.6,none,midweek_partial,False,False,0.7217,1.63,-0.9083,1.0499,normal,0.47000000000000025,0.1915,False,False,False,False,True,,,,,0_0
000045,2026-02-06,L2,5,5,2.381,3.9495,6.2963,-2.3468,0.6029,1.0,negative_to_positive,completed_week,True,False,3.6977,-0.9554,4.6532,3.4616,expanding,0.4535714285714289,1.0142,False,False,False,False,False,,,,,1_0
000045,2026-02-10,L2,2,5,1.8605,,,,,0.4,negative_to_positive,tuesday_A,True,False,1.4672,0.3876,1.0796,1.0794,normal,0.48571428571428604,0.3912,False,False,True,True,True,,,True,False,1_1
000045,2026-02-12,L2,4,5,0.7752,0.7193,2.381,-1.6617,1.0778,0.8,none,midweek_partial,False,False,-1.2158,0.1522,-1.368,0.8071,shrinking,0.42571428571428604,-0.3758,False,False,False,False,True,,,,,0_0
000045,2026-02-24,L2,1,5,-0.4535,,,,,0.2,none,tuesday_gate_failed,,False,0.076,1.2308,-1.1548,0.8047,shrinking,0.3850000000000004,0.026,False,False,False,False,True,,,,,0_0
000045,2026-02-26,L2,3,5,0.4535,0.5388,2.0155,-1.4767,0.8417,0.6,none,midweek_partial,False,False,0.3776,0.5315,-0.1539,0.9305,normal,0.3750000000000004,0.1333,False,False,False,False,True,,,,,0_0
000045,2026-03-02,L2,1,5,-2.6194,0.4585,2.0155,-1.557,0.6594,0.2,none,monday,False,False,-4.1698,-0.7524,-3.4174,1.6252,expanding,0.3335714285714288,-1.6488,False,False,False,False,True,,,,,0_0
000045,2026-03-06,L2,5,5,-1.5408,0.6778,0.3023,0.3755,2.2732,1.0,none,completed_week,False,False,-3.1818,10.0,-13.1818,1.5507,expanding,0.37071428571428555,-1.1329,False,False,False,False,True,,,,,0_0
000045,2026-03-10,L2,2,5,3.9841,,,,,0.4,none,tuesday_gate_failed,,False,4.3165,-2.1127,6.4292,1.4341,expanding,0.43428571428571444,1.2434,False,False,False,False,False,,,,,0_0
000045,2026-03-12,L2,4,5,4.7012,4.95,1.5408,3.4092,0.9497,0.8,negative_to_positive,midweek_partial,True,False,-1.1287,1.8391,-2.9677,0.6677,shrinking,0.47357142857142875,-0.3167,False,False,False,False,True,,,,,1_0
000045,2026-03-16,L2,1,5,2.0155,3.7163,1.5408,2.1755,0.8791,0.2,negative_to_positive,monday,True,False,1.5432,-1.3699,2.9131,1.0483,normal,0.47214285714285725,0.4236,False,False,False,False,True,,,,,1_0
000045,2026-03-18,L2,3,5,3.7209,3.6899,3.2669,0.423,1.0084,0.6,double_positive_efficiency_improved,midweek_partial,True,False,4.5313,-2.7356,7.2668,2.1389,expanding,0.47714285714285715,1.2156,False,False,False,False,False,,,,,1_0
000045,2026-03-20,L2,5,5,5.4264,3.844,3.2669,0.5771,1.4116,1.0,double_positive_efficiency_improved,completed_week,True,False,2.3326,-0.6726,3.0052,2.2279,expanding,0.5342857142857141,0.5802,False,False,True,True,True,,,False,True,1_1
000045,2026-03-24,L2,2,5,-1.2734,,,,,0.4,double_positive_efficiency_improved,tuesday_B,True,False,3.535,-6.3971,9.932,0.7141,shrinking,0.5342857142857144,0.8422,True,False,False,False,False,False,True,,,1_0
000045,2026-03-26,L2,4,5,2.0974,1.3178,5.4264,-4.1086,1.5916,0.8,none,midweek_partial,False,False,-2.5036,6.0698,-8.5734,0.6506,shrinking,0.5892857142857145,-0.5939,False,False,False,False,True,,,,,0_0
000045,2026-03-30,L2,1,5,3.7063,4.682,5.4264,-0.7444,1.6959,0.2,none,monday,False,False,0.9715,5.7227,-4.7511,0.8991,shrinking,0.5457142857142859,0.2565,False,False,False,False,True,,,,,0_0
000048,2026-01-05,L2,1,5,-6.957,10.905,12.386,-1.481,1.5967,0.2,none,monday,False,False,-6.5341,2.1474,-8.6815,0.9061,normal,0.5864285714285712,-1.961,False,False,False,False,True,,,,,0_0
000048,2026-01-21,L2,3,5,25.7648,15.264,7.6826,7.5814,1.6879,0.6,negative_to_positive,midweek_partial,True,False,9.9881,10.0065,-0.0184,1.6434,expanding,0.7814285714285713,2.1499,False,False,False,False,False,,,,,1_0
000048,2026-01-23,L2,5,5,29.0279,11.5944,7.6826,3.9118,2.5036,1.0,negative_to_positive,completed_week,True,False,5.1524,-2.4324,7.5848,0.6964,shrinking,0.8271428571428572,1.1244,True,False,False,False,False,False,True,,,1_0
000048,2026-01-27,L2,2,5,-0.5697,,,,,0.4,negative_to_positive,tuesday_C,True,False,-0.3115,1.4752,-1.7868,0.7397,shrinking,0.8942857142857141,-0.0671,False,False,False,False,True,,,,,1_0
000048,2026-01-29,L2,4,5,-5.0751,,,,,0.8,none,midweek_partial,False,False,-3.0672,-1.5104,-1.5567,0.9557,normal,0.9178571428571426,-0.6319,False,False,False,False,True,,,,,0_0
000048,2026-02-02,L2,1,5,-1.6393,7.7845,29.0279,-21.2434,0.7185,0.2,none,monday,False,False,-1.2617,-0.5456,-0.7161,0.7635,shrinking,0.9949999999999996,-0.2312,False,False,False,False,True,,,,,0_0
000048,2026-02-04,L2,3,5,-1.5301,,,,,0.6,none,midweek_partial,False,False,-0.1662,0.2778,-0.444,1.0678,normal,1.027142857142857,-0.0292,False,False,False,False,True,,,,,0_0
000048,2026-02-06,L2,5,5,0.0,0.0,5.593,-5.593,0.5617,1.0,none,completed_week,False,False,1.5538,0.0,1.5538,1.3144,expanding,1.0728571428571423,0.261,False,False,True,True,True,,,False,True,0_1
000048,2026-02-10,L2,2,5,-5.2373,,,,,0.4,none,tuesday_gate_failed,,False,-2.1408,-3.0055,0.8646,0.522,shrinking,1.0821428571428566,-0.3512,False,False,False,False,True,,,,,0_0
000048,2026-02-12,L2,4,5,-1.473,,,,,0.8,none,midweek_partial,False,False,3.4957,0.4606,3.0351,1.9471,expanding,0.9442857142857137,0.646,False,False,True,True,True,,,True,False,0_1
000048,2026-02-24,L2,1,5,-1.9444,,,,,0.2,none,tuesday_gate_failed,,False,-1.7807,-0.4983,-1.2824,0.8797,shrinking,0.7935714285714283,-0.4032,False,False,False,False,True,,,,,0_0
000048,2026-02-26,L2,3,5,-2.3889,,,,,0.6,none,midweek_partial,False,False,-0.3403,-0.1133,-0.227,0.8924,shrinking,0.7335714285714283,-0.0818,False,False,False,False,True,,,,,0_0
000048,2026-03-02,L2,1,5,-2.8649,8.0749,1.964,6.1109,0.7293,0.2,negative_to_positive,monday,True,False,-5.7188,8.4804,-14.1991,0.9711,normal,0.6228571428571428,-1.75,False,False,False,False,True,,,,,1_0
000048,2026-03-06,L2,5,5,-0.7568,0.5676,5.8889,-5.3213,1.3333,1.0,none,completed_week,False,False,3.7875,1.9597,1.8278,1.4719,expanding,0.7057142857142854,0.9494,False,False,True,False,False,,,True,False,0_0
000048,2026-03-10,L2,2,5,5.1507,,,,,0.4,none,tuesday_gate_failed,,False,2.6203,1.8519,0.7685,1.2994,expanding,0.721428571428571,0.6792,False,False,True,True,True,,,True,False,0_1
000048,2026-03-12,L2,4,5,10.7397,6.5778,0.7568,5.821,1.6327,0.8,negative_to_positive,midweek_partial,True,False,3.4289,1.8239,1.605,1.3646,expanding,0.7921428571428566,0.8458,False,False,True,True,True,,,True,False,1_1
000048,2026-03-16,L2,1,5,-4.0,7.9949,0.7568,7.2381,1.7545,0.2,negative_to_positive,monday,True,False,-3.1235,2.9688,-6.0923,0.7192,shrinking,0.8271428571428563,-0.7858,False,False,False,False,True,,,,,1_0
000048,2026-03-18,L2,3,5,1.4286,1.695,14.0274,-12.3324,0.8428,0.6,none,midweek_partial,False,False,10.0207,-3.9683,13.9889,1.0503,normal,0.9549999999999988,2.0314,False,False,False,False,False,,,,,0_0
000048,2026-03-20,L2,5,5,-2.8095,2.6353,14.0274,-11.3921,1.0661,1.0,none,completed_week,False,True,-4.6262,0.4695,-5.0957,0.648,shrinking,1.132857142857142,-0.8739,False,False,False,False,True,,,,,0_0
000048,2026-03-24,L2,2,5,-1.4349,,,,,0.4,none,tuesday_gate_failed,,False,2.6804,-4.9486,7.629,0.6609,shrinking,1.0942857142857136,0.4752,True,True,False,False,True,False,True,,,0_1
000048,2026-03-26,L2,4,5,-1.0391,,,,,0.8,none,midweek_partial,False,False,1.626,-1.2048,2.8308,1.303,expanding,1.1514285714285708,0.2779,False,False,False,False,True,,,,,0_0
000048,2026-03-30,L2,1,5,9.1743,2.2957,2.8095,-0.5138,0.7328,0.2,negative_to_positive,monday,True,False,10.0243,2.75,7.2743,2.4893,expanding,1.1492857142857138,1.7924,False,False,True,False,False,,,True,False,1_0
000049,2026-01-05,L2,1,5,0.5208,6.5727,3.0483,3.5244,0.461,0.2,none,monday,False,False,0.5208,-1.1038,1.6246,0.946,normal,0.6078571428571428,0.2303,True,True,False,False,True,False,True,,,0_1
000049,2026-01-07,L2,3,5,1.9345,0.9361,3.0303,-2.0942,2.0665,0.6,negative_to_positive,midweek_partial,True,False,0.2561,1.1473,-0.8912,1.1029,expanding,0.5878571428571424,0.1191,False,False,False,False,True,,,,,1_0
000049,2026-01-09,L2,5,5,1.6741,0.8066,3.0303,-2.2237,2.0755,1.0,negative_to_positive,completed_week,True,False,0.4041,-0.6569,1.061,1.2871,expanding,0.5499999999999995,0.2,False,False,False,False,True,,,,,1_0
000049,2026-01-13,L2,2,5,-1.9492,,,,,0.4,negative_to_positive,tuesday_C,True,False,-1.7686,-0.6952,-1.0734,0.7341,shrinking,0.5235714285714285,-0.9168,False,False,False,False,True,,,,,1_0
000049,2026-01-15,L2,4,5,-1.1033,,,,,0.8,none,midweek_partial,False,False,0.4483,0.4126,0.0357,0.5552,shrinking,0.5599999999999999,0.2143,True,True,True,True,True,True,False,True,False,0_1
000049,2026-01-19,L2,1,5,1.2992,0.6179,1.6741,-1.0562,1.2499,0.2,none,monday,False,False,1.149,0.3347,0.8143,1.2394,expanding,0.5428571428571433,0.5711,False,False,True,True,True,,,True,False,0_1
000049,2026-01-21,L2,3,5,-0.4826,,,,,0.6,none,midweek_partial,False,False,0.2993,-2.052,2.3513,0.6894,shrinking,0.5350000000000007,0.1495,True,True,False,False,True,False,True,,,0_1
000049,2026-01-23,L2,5,5,1.0765,1.2298,0.7723,0.4575,0.8753,1.0,negative_to_positive,completed_week,True,False,1.8706,-0.2984,2.169,2.048,expanding,0.5571428571428577,0.8974,False,False,False,False,True,,,,,1_0
000049,2026-01-27,L2,2,5,-3.8095,,,,,0.4,negative_to_positive,tuesday_C,True,False,-1.6111,-1.9831,0.372,0.979,normal,0.573571428571429,-0.7497,False,False,False,False,True,,,,,1_0
000049,2026-01-29,L2,4,5,-5.4579,,,,,0.8,none,midweek_partial,False,False,-0.5778,-1.1424,0.5646,1.1225,expanding,0.6464285714285717,-0.232,False,False,False,False,True,,,,,0_0
000049,2026-02-02,L2,1,5,-2.1555,5.6986,1.0765,4.6221,0.8035,0.2,none,monday,False,False,-2.4184,0.9299,-3.3483,0.8995,shrinking,0.6421428571428572,-0.9811,False,False,False,False,True,,,,,0_0
000049,2026-02-04,L2,3,5,0.3464,0.5862,4.5788,-3.9926,0.591,0.6,negative_to_positive,midweek_partial,True,False,1.1249,1.4162,-0.2913,1.3228,expanding,0.642142857142857,0.4516,False,False,False,False,True,,,,,1_0
000049,2026-02-06,L2,5,5,0.1155,0.1954,4.5788,-4.3834,0.5911,1.0,negative_to_positive,completed_week,True,False,0.853,-1.074,1.9271,1.5107,expanding,0.6192857142857139,0.3552,False,False,False,False,True,,,,,1_0
000049,2026-02-10,L2,2,5,0.0382,,,,,0.4,negative_to_positive,tuesday_A,True,False,-0.5323,1.115,-1.6473,0.8569,shrinking,0.6485714285714282,-0.2159,False,False,False,False,True,,,,,1_0
000049,2026-02-12,L2,4,5,2.1033,1.8822,0.1155,1.7667,1.1174,0.8,double_positive_efficiency_improved,midweek_partial,True,False,1.4823,0.5734,0.9089,3.2885,expanding,0.5849999999999996,0.6667,False,False,True,True,True,,,True,False,1_1
000049,2026-02-24,L2,1,5,0.1127,,,,,0.2,double_positive_efficiency_improved,tuesday_A,True,False,0.9084,-1.0487,1.9571,0.7276,shrinking,0.5942857142857141,0.4038,True,True,False,False,True,False,True,,,1_1
000049,2026-02-26,L2,3,5,0.1127,0.1182,1.0325,-0.9143,0.9528,0.6,none,midweek_partial,False,False,-0.5224,0.5251,-1.0475,0.9753,normal,0.5092857142857137,-0.2749,False,False,False,False,True,,,,,0_0
000049,2026-03-02,L2,1,5,-1.8667,0.4937,1.0325,-0.5388,0.7607,0.2,none,monday,False,False,-2.9024,-0.4876,-2.4148,1.5192,expanding,0.49714285714285644,-1.5489,False,False,False,False,True,,,,,0_0
000049,2026-03-04,L2,3,5,-4.2667,,,,,0.6,none,midweek_partial,False,False,-1.3349,-1.1258,-0.2091,0.668,shrinking,0.49285714285714227,-0.6899,False,False,False,False,True,,,,,0_0
000049,2026-03-06,L2,5,5,-3.2381,2.3061,0.3755,1.9306,1.4042,1.0,none,completed_week,False,False,0.4747,0.5969,-0.1222,0.7738,shrinking,0.5342857142857138,0.2246,False,False,False,False,True,,,,,0_0
000049,2026-03-10,L2,2,5,3.0739,,,,,0.4,none,tuesday_gate_failed,,False,1.0963,0.5512,0.5451,0.625,shrinking,0.5078571428571426,0.5513,True,True,True,True,True,True,False,True,False,0_1
000049,2026-03-12,L2,4,5,6.986,4.5067,3.2381,1.2686,1.5501,0.8,negative_to_positive,midweek_partial,True,False,0.7898,2.9822,-2.1924,0.6488,shrinking,0.5621428571428572,0.3736,False,False,False,False,True,,,,,1_0
000049,2026-03-16,L2,1,5,0.9218,4.4545,3.2381,1.2164,1.8282,0.2,negative_to_positive,monday,True,False,1.0336,1.0821,-0.0485,0.7668,shrinking,0.5964285714285718,0.4695,False,False,False,False,True,,,,,1_0
000049,2026-03-18,L2,3,5,-1.2168,,,,,0.6,none,midweek_partial,False,False,-0.3348,-1.7903,1.4555,0.7025,shrinking,0.6885714285714294,-0.1307,False,False,False,False,True,,,,,0_0
000049,2026-03-20,L2,5,5,2.323,1.8959,8.1437,-6.2478,1.2253,1.0,none,completed_week,False,False,3.429,0.1493,3.2797,3.1737,expanding,0.7678571428571439,1.1981,False,False,True,True,True,,,True,False,0_1
000049,2026-03-24,L2,2,5,3.8714,,,,,0.4,none,tuesday_gate_failed,,False,6.8771,-4.1081,10.9852,1.6155,expanding,0.8178571428571438,2.2376,False,False,False,False,False,,,,,0_0
000049,2026-03-26,L2,4,5,0.5478,0.312,2.323,-2.011,1.7561,0.8,none,midweek_partial,False,False,-1.6434,-1.5823,-0.0612,0.7159,shrinking,0.935000000000001,-0.492,False,False,False,False,True,,,,,0_0
000049,2026-03-30,L2,1,5,0.5895,0.0885,2.323,-2.2345,1.6506,0.2,none,monday,False,False,-0.4376,-0.3996,-0.0381,0.8998,shrinking,0.978571428571429,-0.1226,False,False,False,False,True,,,,,0_0
000050,2026-01-05,L2,1,5,0.7752,2.461,0.5599,1.9011,0.6399,0.2,negative_to_positive,monday,True,False,0.7752,1.8038,-1.0286,0.7377,shrinking,0.18142857142857124,0.3858,False,False,False,False,True,,,,,1_0
000050,2026-01-07,L2,3,5,2.8793,1.2144,1.5748,-0.3604,2.371,0.6,none,midweek_partial,False,False,-1.797,3.956,-5.7531,0.6407,shrinking,0.1807142857142854,-0.9407,False,False,False,False,True,,,,,0_0
000050,2026-01-09,L2,5,5,13.5105,3.2306,1.5748,1.6558,4.1821,1.0,double_positive_efficiency_improved,completed_week,True,False,7.1055,3.014,4.0915,2.5391,expanding,0.2014285714285712,3.3759,False,False,True,False,False,,,True,False,1_0
000050,2026-01-13,L2,2,5,-0.4,,,,,0.4,double_positive_efficiency_improved,tuesday_A,True,False,-3.5818,0.7805,-4.3623,0.5965,shrinking,0.2957142857142855,-1.2512,False,False,False,False,True,,,,,1_0
000050,2026-01-15,L2,4,5,2.7,2.0695,13.5105,-11.441,1.3046,0.8,none,midweek_partial,False,False,1.2821,1.8072,-0.5252,0.6547,shrinking,0.3257142857142855,0.3991,False,False,False,False,True,,,,,0_0
000050,2026-01-19,L2,1,5,1.6966,0.9106,13.5105,-12.5999,1.208,0.2,none,monday,False,False,0.7913,-1.5579,2.3492,0.8297,shrinking,0.3578571428571427,0.2236,True,True,False,False,True,False,True,,,0_1
000050,2026-01-21,L2,3,5,1.7964,3.2087,1.1,2.1087,0.5599,0.6,double_positive_efficiency_improved,midweek_partial,True,False,1.291,-1.1776,2.4686,1.082,normal,0.3835714285714284,0.3389,False,False,False,False,True,,,,,1_0
000050,2026-01-23,L2,5,5,4.8902,8.5344,1.1,7.4344,0.573,1.0,double_positive_efficiency_improved,completed_week,True,False,2.4366,0.5882,1.8484,1.7052,expanding,0.407142857142857,0.614,False,False,True,True,True,,,True,False,1_1
000050,2026-01-27,L2,2,5,-0.1912,,,,,0.4,double_positive_efficiency_improved,tuesday_B,True,False,1.2609,-1.9029,3.1639,0.9419,normal,0.4178571428571428,0.3111,True,True,False,False,True,False,True,,,1_1
000050,2026-01-29,L2,4,5,-3.2505,,,,,0.8,none,midweek_partial,False,False,-1.938,-1.1494,-0.7886,1.4644,expanding,0.4207142857142855,-0.4754,False,False,False,False,True,,,,,0_0
000050,2026-02-02,L2,1,5,-5.2029,6.8321,4.8902,1.9419,1.0635,0.2,none,monday,False,False,-6.0825,-4.1502,-1.9323,0.8935,shrinking,0.34142857142857114,-1.728,False,False,False,False,True,,,,,0_0
000050,2026-02-04,L2,3,5,-1.6649,,,,,0.6,none,midweek_partial,False,False,1.6129,2.0856,-0.4727,0.8108,shrinking,0.3785714285714284,0.3962,False,False,False,False,True,,,,,0_0
000050,2026-02-06,L2,5,5,-2.9136,3.441,7.2658,-3.8248,0.8467,1.0,none,completed_week,False,False,0.0,-1.2698,1.2698,0.9866,normal,0.34500000000000003,0.0,False,False,False,False,True,,,,,0_0
000050,2026-02-10,L2,2,5,2.9724,,,,,0.4,none,tuesday_gate_failed,,False,0.3102,3.6442,-3.3339,0.5461,shrinking,0.33428571428571424,0.0897,False,False,False,False,True,,,,,0_0
000050,2026-02-12,L2,4,5,2.9724,4.183,2.9136,1.2694,0.7106,0.8,negative_to_positive,midweek_partial,True,False,0.2066,-0.2062,0.4128,0.9523,normal,0.34500000000000003,0.058,True,True,False,False,True,False,True,,,1_1
000050,2026-02-24,L2,1,5,0.6173,,,,,0.2,negative_to_positive,tuesday_A,True,False,1.3472,-0.5155,1.8626,1.0104,normal,0.33142857142857146,0.3922,False,False,False,False,True,,,,,1_0
000050,2026-02-26,L2,3,5,3.6008,3.5559,2.4416,1.1143,1.0126,0.6,double_positive_efficiency_improved,midweek_partial,True,False,0.8008,2.1472,-1.3464,0.8724,shrinking,0.31714285714285734,0.2523,False,False,False,False,True,,,,,1_0
000050,2026-03-02,L2,1,5,-0.6,5.6457,2.4416,3.2041,0.7836,0.2,double_positive_efficiency_improved,monday,True,False,-2.069,0.7944,-2.8634,1.4703,expanding,0.30428571428571466,-0.6901,False,False,False,False,True,,,,,1_0
000055,2026-01-07,L2,3,5,2.1951,1.065,3.3019,-2.2369,2.0612,0.6,negative_to_positive,midweek_partial,True,False,0.7212,0.7264,-0.0052,1.8472,expanding,0.09571428571428557,0.3134,False,False,False,False,True,,,,,1_0
000055,2026-01-09,L2,5,5,2.439,1.1967,3.3019,-2.1052,2.0381,1.0,negative_to_positive,completed_week,True,False,-0.2375,0.4773,-0.7149,1.2914,expanding,0.1007142857142856,-0.0993,False,False,False,False,True,,,,,1_0
000055,2026-01-13,L2,2,5,0.2387,,,,,0.4,negative_to_positive,tuesday_A,True,False,0.0,0.0,0.0,1.14,expanding,0.09071428571428568,0.0,False,False,False,False,True,,,,,1_0
000055,2026-01-15,L2,4,5,0.9547,0.4744,2.439,-1.9646,2.0122,0.8,none,midweek_partial,False,False,-1.8561,2.619,-4.4752,0.5164,shrinking,0.09071428571428575,-0.8819,False,False,False,False,True,,,,,0_0
000055,2026-01-19,L2,1,5,1.2019,0.1312,2.439,-2.3078,1.8186,0.2,none,monday,False,False,0.7177,-1.182,1.8997,0.8254,shrinking,0.09928571428571432,0.3022,True,True,False,False,True,False,True,,,0_1
000055,2026-01-21,L2,3,5,1.9231,3.5342,0.2387,3.2955,0.5441,0.6,negative_to_positive,midweek_partial,True,False,-0.4695,1.1876,-1.6571,0.6583,shrinking,0.09857142857142863,-0.2029,False,False,False,False,True,,,,,1_0
000055,2026-01-23,L2,5,5,3.6058,6.2719,0.2387,6.0332,0.5749,1.0,negative_to_positive,completed_week,True,False,0.2326,1.4151,-1.1825,0.7281,shrinking,0.09571428571428571,0.1045,False,False,False,False,True,,,,,1_0
000055,2026-01-27,L2,2,5,-0.4651,,,,,0.4,negative_to_positive,tuesday_A,True,False,-0.6961,0.0,-0.6961,0.9862,normal,0.095,-0.3158,False,False,False,False,True,,,,,1_0
000055,2026-01-29,L2,4,5,-0.2326,,,,,0.8,none,midweek_partial,False,False,1.1792,-0.9346,2.1138,1.2611,expanding,0.09071428571428575,0.5512,False,False,False,False,True,,,,,0_0
000058,2026-01-05,L2,1,5,0.3191,1.4767,2.8415,-1.3648,0.435,0.2,none,monday,False,False,0.3191,0.6424,-0.3232,1.0035,normal,0.3285714285714284,0.0913,False,False,False,False,True,,,,,0_0
000058,2026-01-07,L2,3,5,-0.6383,,,,,0.6,none,midweek_partial,False,False,-1.6842,0.7423,-2.4265,0.7393,shrinking,0.3228571428571427,-0.4956,False,False,False,False,True,,,,,0_0
000058,2026-01-09,L2,5,5,3.2979,1.5394,0.6424,0.897,2.1423,1.0,double_positive_efficiency_improved,completed_week,True,False,1.569,2.3555,-0.7864,1.1029,expanding,0.2564285714285713,0.585,False,False,False,False,True,,,,,1_0
000058,2026-01-13,L2,2,5,-1.2371,,,,,0.4,double_positive_efficiency_improved,tuesday_A,True,False,-3.2323,1.9567,-5.1891,0.7813,shrinking,0.23714285714285704,-1.3494,False,False,False,False,True,,,,,1_0
000058,2026-01-15,L2,4,5,-3.4021,,,,,0.8,none,midweek_partial,False,False,-1.4721,-0.7307,-0.7414,0.6775,shrinking,0.23857142857142843,-0.5868,False,False,False,False,True,,,,,0_0
000058,2026-01-19,L2,1,5,2.1322,2.9225,3.2979,-0.3754,1.1288,0.2,none,monday,False,False,2.1322,0.1067,2.0255,1.0671,normal,0.23999999999999982,0.8333,False,False,False,False,True,,,,,0_0
000058,2026-01-21,L2,3,5,3.1983,3.8959,3.299,0.5969,0.8209,0.6,negative_to_positive,midweek_partial,True,False,1.8947,-0.8351,2.7298,1.5163,expanding,0.24071428571428552,0.7478,False,False,False,False,True,,,,,1_0
000058,2026-01-23,L2,5,5,5.2239,6.0934,3.299,2.7944,0.8573,1.0,negative_to_positive,completed_week,True,False,1.3347,0.6198,0.7149,1.2118,expanding,0.2549999999999998,0.5098,False,False,True,True,True,,,True,False,1_1
000058,2026-01-27,L2,2,5,-3.8806,,,,,0.4,negative_to_positive,tuesday_C,True,False,-0.6173,-1.5198,0.9025,0.6977,shrinking,0.25785714285714256,-0.2327,False,False,False,False,True,,,,,1_0
000058,2026-01-29,L2,4,5,-8.8557,,,,,0.8,none,midweek_partial,False,False,-3.3755,-1.8634,-1.5122,1.6531,expanding,0.299285714285714,-1.0692,False,False,False,False,True,,,,,0_0
000058,2026-02-02,L2,1,5,-0.6689,9.3652,5.2239,4.1413,1.0943,0.2,none,monday,False,False,-1.2195,-1.5284,0.3089,0.8146,shrinking,0.31071428571428544,-0.354,False,False,False,False,True,,,,,0_0
000058,2026-02-04,L2,3,5,3.456,3.7062,10.2488,-6.5426,0.9325,0.6,negative_to_positive,midweek_partial,True,False,1.6429,2.4691,-0.8262,1.3091,expanding,0.3049999999999997,0.4918,False,False,False,False,True,,,,,1_0
000058,2026-02-06,L2,5,5,1.1148,1.3445,10.2488,-8.9043,0.8292,1.0,negative_to_positive,completed_week,True,False,-0.9825,-1.2931,0.3106,0.8973,shrinking,0.31357142857142833,-0.287,False,False,False,False,True,,,,,1_0
000058,2026-02-10,L2,2,5,0.7625,,,,,0.4,negative_to_positive,tuesday_A,True,False,0.2167,1.7641,-1.5474,0.6419,shrinking,0.29857142857142843,0.067,False,False,False,False,True,,,,,1_0
000058,2026-02-12,L2,4,5,-0.9804,,,,,0.8,none,midweek_partial,False,False,-1.9417,0.2162,-2.158,1.1842,expanding,0.2821428571428571,-0.638,False,False,False,False,True,,,,,0_0
000058,2026-02-24,L2,1,5,-0.4376,,,,,0.2,none,tuesday_gate_failed,,False,0.4415,-0.33,0.7715,0.7397,shrinking,0.2778571428571429,0.144,True,True,False,False,True,False,True,,,0_1
000058,2026-02-26,L2,3,5,-0.6565,,,,,0.6,none,midweek_partial,False,False,-2.0496,1.8681,-3.9178,0.7593,shrinking,0.23000000000000004,-0.8261,False,False,False,False,True,,,,,0_0
000058,2026-03-02,L2,1,5,-3.6667,0.5679,1.3072,-0.7393,0.9632,0.2,none,monday,False,False,-4.6205,0.1101,-4.7306,2.2878,expanding,0.23642857142857146,-1.7764,False,False,False,False,True,,,,,0_0
000058,2026-03-04,L2,3,5,-6.6667,,,,,0.6,none,midweek_partial,False,False,-0.2375,-2.8835,2.646,0.8109,shrinking,0.23642857142857146,-0.0846,False,False,False,False,True,,,,,0_0
000058,2026-03-06,L2,5,5,-4.2222,3.7573,0.547,3.2103,1.1237,1.0,none,completed_week,False,False,1.8913,0.7143,1.177,1.043,normal,0.21928571428571444,0.7296,False,False,False,False,True,,,,,0_0
000058,2026-03-10,L2,2,5,1.1765,,,,,0.4,none,tuesday_gate_failed,,False,0.4673,-0.6961,1.1633,1.0456,normal,0.21928571428571444,0.1824,False,False,True,True,True,,,False,True,0_1
000058,2026-03-12,L2,4,5,0.2353,0.3483,4.2222,-3.8739,0.6755,0.8,negative_to_positive,midweek_partial,True,False,-1.0453,0.1163,-1.1616,0.7508,shrinking,0.22357142857142862,-0.4026,False,False,False,False,True,,,,,1_0
000058,2026-03-16,L2,1,5,1.771,0.179,4.2222,-4.0432,0.6573,0.2,none,monday,False,False,1.5312,-0.3521,1.8833,1.2279,expanding,0.2157142857142858,0.6026,False,False,False,False,True,,,,,0_0
000058,2026-03-18,L2,3,5,1.6529,1.7878,0.1176,1.6702,0.9245,0.6,negative_to_positive,midweek_partial,True,False,1.0563,-1.1601,2.2164,0.9914,normal,0.21785714285714303,0.4131,True,True,False,False,True,False,True,,,1_1
000059,2026-01-23,L2,5,5,10.5455,6.0004,0.3636,5.6368,1.7574,1.0,double_positive_efficiency_improved,completed_week,True,False,6.4799,1.7825,4.6973,4.7009,expanding,0.15785714285714297,2.3439,False,False,True,False,False,,,True,False,1_0
000059,2026-01-27,L2,2,5,-3.7217,,,,,0.4,double_positive_efficiency_improved,tuesday_C,True,False,-2.2989,0.1645,-2.4633,0.546,shrinking,0.18285714285714302,-0.7656,False,False,False,False,True,,,,,1_0
000059,2026-01-29,L2,4,5,-1.6181,,,,,0.8,none,midweek_partial,False,True,-0.491,2.6891,-3.1801,1.004,normal,0.19214285714285737,-0.1561,False,False,False,False,True,,,,,0_0
000059,2026-02-02,L2,1,5,-5.5184,1.5328,10.5455,-9.0127,1.2668,0.2,none,monday,False,False,-6.7657,-0.3289,-6.4367,1.2494,expanding,0.19928571428571454,-2.0573,False,False,False,False,True,,,,,0_0
000059,2026-02-04,L2,3,5,-0.8361,,,,,0.6,none,midweek_partial,False,False,1.7153,3.1858,-1.4706,1.012,normal,0.2321428571428574,0.4308,False,False,False,False,True,,,,,0_0
000059,2026-02-06,L2,5,5,-1.6722,2.4944,1.9417,0.5527,0.6704,1.0,none,completed_week,False,False,1.2048,-2.0236,3.2284,1.0088,normal,0.24285714285714302,0.2882,False,False,False,False,True,,,,,0_0
000059,2026-02-10,L2,2,5,-0.5068,,,,,0.4,none,tuesday_gate_failed,,False,-1.505,1.7007,-3.2057,0.8194,shrinking,0.2635714285714287,-0.3415,False,False,False,False,True,,,,,0_0
000059,2026-02-12,L2,4,5,0.6757,1.0239,1.6722,-0.6483,0.6599,0.8,negative_to_positive,midweek_partial,True,False,-0.6667,1.8676,-2.5342,0.706,shrinking,0.26142857142857157,-0.153,False,False,False,False,True,,,,,1_0
000059,2026-02-24,L2,1,5,2.3609,,,,,0.2,none,tuesday_gate_failed,,False,4.1166,-2.1812,6.2978,1.2923,expanding,0.23857142857142868,1.006,False,False,False,False,False,,,,,0_0
000059,2026-02-26,L2,3,5,2.3609,1.915,1.5203,0.3947,1.2328,0.6,negative_to_positive,midweek_partial,True,False,-0.817,0.8237,-1.6407,0.8769,shrinking,0.22571428571428578,-0.2215,False,False,False,False,True,,,,,1_0
000059,2026-03-02,L2,1,5,0.4762,3.9068,1.5203,2.3865,0.9064,0.2,negative_to_positive,monday,True,False,3.0945,1.1532,1.9413,4.6267,expanding,0.2114285714285715,0.8986,False,False,True,True,True,,,True,False,1_1
000059,2026-03-04,L2,3,5,-2.381,,,,,0.6,none,midweek_partial,False,True,-7.7961,5.3712,-13.1673,0.7605,shrinking,0.19499999999999998,-2.6667,False,False,False,False,True,,,,,0_0
000059,2026-03-06,L2,5,5,-3.0159,0.7092,3.5413,-2.8321,4.2524,1.0,none,completed_week,False,True,-1.4516,0.813,-2.2646,0.6994,shrinking,0.2678571428571429,-0.336,False,False,False,False,True,,,,,0_0
000059,2026-03-10,L2,2,5,-9.8901,,,,,0.4,none,tuesday_gate_failed,,False,-1.3746,-4.7463,3.3717,0.52,shrinking,0.2807142857142858,-0.285,False,False,False,False,True,,,,,0_0
000059,2026-03-12,L2,4,5,-6.1224,,,,,0.8,none,midweek_partial,False,False,5.2817,-1.0453,6.327,1.8977,expanding,0.32357142857142873,0.9272,False,False,False,False,False,,,,,0_0
000059,2026-03-16,L2,1,5,-3.2573,5.8419,3.0159,2.826,0.833,0.2,none,monday,False,False,-1.9802,1.3378,-3.318,0.5413,shrinking,0.3342857142857144,-0.359,False,False,False,False,True,,,,,0_0
000059,2026-03-18,L2,3,5,-5.8632,,,,,0.6,none,midweek_partial,False,False,-1.5332,-1.1785,-0.3548,1.1448,expanding,0.3585714285714287,-0.251,False,False,False,False,True,,,,,0_0
000060,2026-01-05,L2,1,5,-0.5017,1.144,3.777,-2.633,0.7408,0.2,none,monday,False,False,1.7094,0.8621,0.8473,1.1591,expanding,0.17857142857142852,0.56,False,False,True,True,True,,,True,False,0_1
000060,2026-01-07,L2,3,5,4.8495,2.2834,0.8475,1.4359,2.1238,0.6,negative_to_positive,midweek_partial,True,False,0.4808,4.8739,-4.3932,0.8197,shrinking,0.1814285714285713,0.1654,False,False,False,False,True,,,,,1_0
000060,2026-01-09,L2,5,5,8.8629,4.077,0.8475,3.2295,2.1739,1.0,negative_to_positive,completed_week,True,False,4.8309,-0.9569,5.7879,1.1085,expanding,0.19499999999999998,1.5385,False,False,False,False,False,,,,,1_0
000060,2026-01-13,L2,2,5,-1.5106,,,,,0.4,negative_to_positive,tuesday_B,True,False,0.3077,-0.1536,0.4613,0.8627,shrinking,0.2164285714285714,0.0924,True,True,False,False,True,False,True,,,1_1
000060,2026-01-15,L2,4,5,3.6254,2.9888,8.8629,-5.8741,1.213,0.8,none,midweek_partial,False,False,4.414,0.7669,3.6471,1.3576,expanding,0.22928571428571423,1.2648,False,False,False,False,False,,,,,0_0
000060,2026-01-19,L2,1,5,-1.8868,1.794,8.8629,-7.0689,1.263,0.2,none,monday,False,False,-0.1477,-1.312,1.1642,0.6766,shrinking,0.2678571428571428,-0.0373,False,False,False,False,True,,,,,0_0
000060,2026-01-21,L2,3,5,1.8868,2.219,2.2659,-0.0469,0.8503,0.6,none,midweek_partial,False,False,3.3873,0.4438,2.9435,0.9855,normal,0.29857142857142854,0.7703,True,True,False,False,True,True,False,,,0_1
000060,2026-01-23,L2,5,5,13.0624,13.4891,2.2659,11.2232,0.9684,1.0,double_positive_efficiency_improved,completed_week,True,False,7.1527,3.5613,3.5914,1.3932,expanding,0.32071428571428573,1.6214,False,False,True,False,False,,,True,False,1_0
000060,2026-01-27,L2,2,5,-3.4653,,,,,0.4,double_positive_efficiency_improved,tuesday_A,True,False,-5.7971,6.2901,-12.0872,0.9496,normal,0.3714285714285715,-1.2923,False,False,False,False,True,,,,,1_0
000060,2026-01-29,L2,4,5,5.8168,3.073,13.0624,-9.9894,1.8929,0.8,none,midweek_partial,False,False,-0.3497,10.0,-10.3497,1.1648,expanding,0.42,-0.0714,False,False,False,False,True,,,,,0_0
000060,2026-02-04,L2,3,5,2.886,4.8321,4.703,0.1291,0.5973,0.6,negative_to_positive,midweek_partial,True,False,0.8487,2.0202,-1.1715,0.6452,shrinking,0.5828571428571429,0.1029,False,False,False,False,True,,,,,1_0
000060,2026-02-12,L2,4,5,4.0,6.0839,0.8658,5.2181,0.6575,0.8,negative_to_positive,midweek_partial,True,False,2.2472,3.7901,-1.5429,0.9039,normal,0.5392857142857143,0.2967,False,False,False,False,True,,,,,1_0
000060,2026-02-24,L2,1,5,0.4098,,,,,0.2,negative_to_positive,tuesday_A,True,False,3.9604,-2.8846,6.845,1.3021,expanding,0.5135714285714287,0.5452,False,False,False,False,False,,,,,1_0
000060,2026-02-26,L2,3,5,6.4208,4.355,1.0,3.355,1.4743,0.6,double_positive_efficiency_improved,midweek_partial,True,False,-0.7643,6.8027,-7.5671,0.854,shrinking,0.4735714285714287,-0.1267,False,False,False,False,True,,,,,1_0
000060,2026-03-02,L2,1,5,-0.8294,10.4015,1.0,9.4015,1.2346,0.2,double_positive_efficiency_improved,monday,True,False,1.3317,6.0334,-4.7017,1.4513,expanding,0.402857142857143,0.273,False,False,False,False,True,,,,,1_0
000060,2026-03-04,L2,3,5,-7.346,,,,,0.6,none,midweek_partial,False,False,1.1643,-7.6464,8.8107,0.6432,shrinking,0.36428571428571443,0.2471,True,True,False,False,True,False,True,,,0_1
000061,2026-01-05,L2,1,5,-0.4892,3.2941,4.0752,-0.7811,0.9744,0.2,none,monday,False,False,-1.1662,-2.5568,1.3906,0.6355,shrinking,0.45285714285714285,-0.265,False,False,False,False,True,,,,,0_0
000061,2026-01-07,L2,3,5,-1.7613,,,,,0.6,none,midweek_partial,False,False,-0.5941,-0.6883,0.0942,0.8579,shrinking,0.4421428571428571,-0.1357,False,False,False,False,True,,,,,0_0
000061,2026-01-09,L2,5,5,-1.6634,1.8108,3.2096,-1.3988,0.9186,1.0,none,completed_week,False,False,0.9036,-0.7968,1.7004,1.2882,expanding,0.36714285714285716,0.2451,False,False,False,False,True,,,,,0_0
000061,2026-01-13,L2,2,5,-2.4876,,,,,0.4,none,tuesday_gate_failed,,False,-1.0101,-1.4925,0.4824,0.858,shrinking,0.33499999999999996,-0.2985,False,False,False,False,True,,,,,0_0
000061,2026-01-15,L2,4,5,-1.0945,,,,,0.8,none,midweek_partial,False,False,0.0,1.4286,-1.4286,0.4187,shrinking,0.3271428571428571,0.0,False,False,False,False,True,,,,,0_0
000061,2026-01-19,L2,1,5,0.2045,2.3581,1.6634,0.6947,1.1815,0.2,none,monday,False,False,0.3071,-1.7103,2.0173,0.6784,shrinking,0.3385714285714286,0.0886,True,True,False,False,True,False,True,,,0_1
000061,2026-01-21,L2,3,5,0.5112,0.7458,2.7861,-2.0403,0.6855,0.6,negative_to_positive,midweek_partial,True,False,-0.8073,1.1224,-1.9297,1.1522,expanding,0.35999999999999993,-0.2222,False,False,False,False,True,,,,,1_0
000061,2026-01-23,L2,5,5,1.0225,1.3506,2.7861,-1.4355,0.757,1.0,negative_to_positive,completed_week,True,False,0.9193,-0.4069,1.3262,1.1627,expanding,0.3285714285714287,0.2739,False,False,False,False,True,,,,,1_0
000061,2026-02-02,L2,1,5,-3.0928,1.0866,1.0225,0.0641,1.4029,0.2,none,monday,False,False,-2.9928,2.4313,-5.4241,0.5458,shrinking,0.3357142857142859,-0.8638,False,False,False,False,True,,,,,0_0
000061,2026-02-04,L2,3,5,-4.0206,,,,,0.6,none,midweek_partial,False,False,-1.7932,0.8511,-2.6443,1.204,expanding,0.38785714285714296,-0.4383,False,False,False,False,True,,,,,0_0
000061,2026-02-06,L2,5,5,-5.2577,6.828,1.5244,5.3036,0.77,1.0,none,completed_week,False,False,-0.7559,-0.5371,-0.2189,0.9102,normal,0.3714285714285714,-0.1885,False,False,False,False,True,,,,,0_0
000061,2026-02-10,L2,2,5,-0.8649,,,,,0.4,none,tuesday_gate_failed,,False,-2.3429,2.1763,-4.5192,0.8273,shrinking,0.3507142857142857,-0.6273,False,False,False,False,True,,,,,0_0
000061,2026-02-12,L2,4,5,-1.7297,,,,,0.8,none,midweek_partial,False,False,-0.9804,0.1091,-1.0894,1.253,expanding,0.3478571428571428,-0.2587,False,False,False,False,True,,,,,0_0
000061,2026-02-24,L2,1,5,0.9923,,,,,0.2,none,tuesday_gate_failed,,False,1.3274,-0.5501,1.8775,1.1221,expanding,0.3307142857142858,0.3629,False,False,False,False,True,,,,,0_0
000061,2026-02-26,L2,3,5,0.3308,0.3018,2.2703,-1.9685,1.0959,0.6,negative_to_positive,midweek_partial,True,False,-0.7634,0.1092,-0.8725,0.722,shrinking,0.28857142857142853,-0.2426,False,False,False,False,True,,,,,1_0
000061,2026-03-02,L2,1,5,1.9737,0.6996,2.2703,-1.5707,0.788,0.2,negative_to_positive,monday,True,False,1.9737,0.2198,1.7539,2.7337,expanding,0.2757142857142857,0.6528,False,False,True,True,True,,,True,False,1_1
000061,2026-03-04,L2,3,5,0.0,,,,,0.6,none,midweek_partial,False,False,-1.1918,-0.7527,-0.4391,0.8497,shrinking,0.2164285714285714,-0.5083,False,False,False,False,True,,,,,0_0
000061,2026-03-06,L2,5,5,1.864,0.8131,0.5513,0.2618,2.2925,1.0,double_positive_efficiency_improved,completed_week,True,False,5.0905,-3.0702,8.1607,1.1761,expanding,0.23928571428571427,1.8806,False,False,False,False,False,,,,,1_0
000061,2026-03-10,L2,2,5,-0.9677,,,,,0.4,double_positive_efficiency_improved,tuesday_B,True,False,0.5459,-1.3994,1.9452,0.7212,shrinking,0.26642857142857146,0.1877,True,True,False,False,True,False,True,,,1_1
000061,2026-03-12,L2,4,5,0.2151,0.3654,1.864,-1.4986,0.5885,0.8,none,midweek_partial,False,False,-0.1072,1.3029,-1.4101,0.7448,shrinking,0.2735714285714287,-0.0366,False,False,False,False,True,,,,,0_0
000061,2026-03-16,L2,1,5,-0.2169,1.554,1.864,-0.31,0.5536,0.2,none,monday,False,False,-0.2169,-1.073,0.856,1.2193,expanding,0.28142857142857153,-0.0711,False,False,False,False,True,,,,,0_0
000061,2026-03-18,L2,3,5,-3.7961,,,,,0.6,none,midweek_partial,False,False,-1.663,-1.9565,0.2936,0.5617,shrinking,0.2914285714285714,-0.5147,False,False,False,False,True,,,,,0_0
000061,2026-03-20,L2,5,5,-8.026,7.9108,0.8602,7.0506,1.0146,1.0,none,completed_week,False,False,0.1181,-4.5096,4.6276,0.77,shrinking,0.3000000000000001,0.0333,True,True,False,False,True,False,True,,,0_1
000063,2026-01-05,L2,1,5,1.0835,0.2393,2.1288,-1.8895,0.553,0.2,none,monday,False,False,1.0835,1.5294,-0.4459,1.0743,normal,1.2428571428571422,0.3299,False,False,False,False,True,,,,,0_0
000063,2026-01-07,L2,3,5,2.8541,1.1963,0.1323,1.064,2.3857,0.6,double_positive_efficiency_improved,midweek_partial,True,False,-0.8913,2.6667,-3.5579,0.7541,shrinking,0.8964285714285707,-0.3904,False,False,False,False,True,,,,,1_0
000063,2026-01-09,L2,5,5,6.3161,2.5094,0.1323,2.3771,2.517,1.0,double_positive_efficiency_improved,completed_week,True,False,0.6002,2.7492,-2.1491,0.7881,shrinking,0.899285714285713,0.2669,False,False,False,False,True,,,,,1_0
000063,2026-01-13,L2,2,5,-0.0992,,,,,0.4,double_positive_efficiency_improved,tuesday_A,True,False,-5.0895,5.4934,-10.583,0.8421,shrinking,0.9314285714285704,-2.319,False,False,False,False,True,,,,,1_0
000063,2026-01-15,L2,4,5,-1.1905,,,,,0.8,none,midweek_partial,False,True,-1.3617,0.2731,-1.6348,0.6729,shrinking,1.187857142857142,-0.463,False,False,False,False,True,,,,,0_0
000063,2026-01-19,L2,1,5,-0.703,0.6561,6.3161,-5.66,1.1341,0.2,none,monday,False,False,-1.1744,0.4518,-1.6262,0.7198,shrinking,1.2185714285714278,-0.3857,False,False,False,False,True,,,,,0_0
000063,2026-01-21,L2,3,5,-0.7783,,,,,0.6,none,midweek_partial,False,False,2.41,-2.4273,4.8373,1.1442,expanding,1.2235714285714288,0.7601,False,False,False,False,True,,,,,0_0
000063,2026-01-23,L2,5,5,0.703,1.1577,0.744,0.4137,0.6072,1.0,negative_to_positive,completed_week,True,False,0.8042,0.6832,0.121,1.25,expanding,1.3314285714285714,0.2403,False,False,False,False,True,,,,,1_0
000063,2026-01-27,L2,2,5,0.4749,,,,,0.4,negative_to_positive,tuesday_B,True,False,1.7722,-1.5208,3.293,1.1806,expanding,1.3349999999999997,0.5243,False,False,False,False,True,,,,,1_0
000063,2026-01-29,L2,4,5,-1.2497,,,,,0.8,none,midweek_partial,False,False,-0.3531,-1.3682,1.0151,1.327,expanding,1.3821428571428573,-0.1013,False,False,False,False,True,,,,,0_0
000063,2026-02-02,L2,1,5,-2.9573,3.6652,0.703,2.9622,1.0365,0.2,none,monday,False,False,-3.6633,-2.5816,-1.0817,1.1584,expanding,1.3942857142857146,-1.0113,False,False,False,False,True,,,,,0_0
000063,2026-02-04,L2,3,5,-2.8527,,,,,0.6,none,midweek_partial,False,False,-0.3757,0.4854,-0.8612,0.7944,shrinking,1.2542857142857144,-0.1116,False,False,False,False,True,,,,,0_0
000063,2026-02-06,L2,5,5,-4.9725,6.5919,3.7991,2.7928,0.7543,1.0,none,completed_week,False,False,-0.711,-1.4817,0.7707,0.9255,normal,1.195714285714286,-0.2174,False,False,False,False,True,,,,,0_0
000063,2026-02-10,L2,2,5,2.1196,,,,,0.4,none,tuesday_gate_failed,,False,0.8318,2.6439,-1.8121,0.7987,shrinking,1.196428571428571,0.2591,False,False,False,False,True,,,,,0_0
000063,2026-02-12,L2,4,5,1.9837,2.5495,4.9725,-2.423,0.7781,0.8,negative_to_positive,midweek_partial,True,False,0.4819,-0.612,1.094,1.0311,normal,1.1092857142857138,0.1623,False,False,False,False,True,,,,,1_0
000063,2026-02-24,L2,1,5,0.7737,,,,,0.2,negative_to_positive,tuesday_A,True,False,1.6416,-0.9859,2.6274,1.5851,expanding,1.058571428571428,0.5762,False,False,False,False,True,,,,,1_0
000063,2026-02-26,L2,3,5,2.9082,2.1413,0.9783,1.163,1.3581,0.6,double_positive_efficiency_improved,midweek_partial,True,False,1.607,0.503,1.1039,1.2674,expanding,0.9621428571428565,0.634,False,False,True,True,True,,,True,False,1_1
000065,2026-01-05,L2,1,5,-4.5746,1.3399,0.5654,0.7745,0.6648,0.2,negative_to_positive,monday,True,False,-4.5746,2.2149,-6.7896,1.91,expanding,0.35357142857142815,-1.6121,False,False,False,False,True,,,,,1_0
000065,2026-01-07,L2,3,5,-5.5377,,,,,0.6,none,midweek_partial,False,False,-2.5662,1.598,-4.1642,0.999,normal,0.38428571428571406,-0.8067,False,False,False,False,True,,,,,0_0
000065,2026-01-09,L2,5,5,-0.6421,0.1988,0.8907,-0.6919,3.2304,1.0,none,completed_week,False,True,-0.96,6.2022,-7.1622,0.4994,shrinking,0.3614285714285713,-0.332,False,False,False,False,True,,,,,0_0
000065,2026-01-13,L2,2,5,-2.9984,,,,,0.4,none,tuesday_gate_failed,,False,-2.9197,-0.4039,-2.5158,1.2606,expanding,0.38571428571428584,-0.9333,False,False,False,False,True,,,,,0_0
000065,2026-01-15,L2,4,5,-2.269,,,,,0.8,none,midweek_partial,False,False,-0.0829,0.8354,-0.9183,0.5001,shrinking,0.3885714285714288,-0.0257,False,False,False,False,True,,,,,0_0
000065,2026-01-19,L2,1,5,3.3389,4.8824,0.6421,4.2403,0.7137,0.2,none,monday,False,False,3.9463,-1.2438,5.19,1.8214,expanding,0.3921428571428573,1.1985,False,False,False,False,False,,,,,0_0
000065,2026-01-21,L2,3,5,3.7563,3.4866,3.4846,0.002,1.0774,0.6,negative_to_positive,midweek_partial,True,False,0.811,-0.4039,1.2149,1.2865,expanding,0.40500000000000014,0.2469,False,False,False,False,True,,,,,1_0
000065,2026-01-23,L2,5,5,8.3472,5.931,3.4846,2.4464,1.4074,1.0,negative_to_positive,completed_week,True,False,0.1543,4.2639,-4.1096,1.2163,expanding,0.41857142857142876,0.0478,False,False,False,False,True,,,,,1_0
000065,2026-01-27,L2,2,5,-1.0828,,,,,0.4,negative_to_positive,tuesday_C,True,False,0.0782,-1.5408,1.6191,0.7429,shrinking,0.4235714285714288,0.0236,True,True,False,False,True,False,True,,,1_1
000065,2026-01-29,L2,4,5,-2.7069,,,,,0.8,none,midweek_partial,False,False,-1.4879,-0.1564,-1.3315,1.0082,normal,0.41857142857142876,-0.4539,False,False,False,False,True,,,,,0_0
000065,2026-02-02,L2,1,5,-3.7154,3.7713,8.3472,-4.5759,0.6357,0.2,none,monday,False,False,-3.4865,0.318,-3.8045,0.9176,normal,0.3764285714285715,-1.1689,False,False,False,False,True,,,,,0_0
000065,2026-02-04,L2,3,5,0.7905,0.722,2.3975,-1.6755,1.095,0.6,negative_to_positive,midweek_partial,True,False,2.1635,2.4631,-0.2996,1.2563,expanding,0.4064285714285714,0.6643,False,False,False,False,True,,,,,1_0
000065,2026-02-06,L2,5,5,-4.9012,4.687,2.3975,2.2895,1.0457,1.0,none,completed_week,False,False,-3.3735,-2.3529,-1.0206,1.5219,expanding,0.4435714285714286,-0.9469,False,False,False,False,True,,,,,0_0
000065,2026-02-10,L2,2,5,-2.3045,,,,,0.4,none,tuesday_gate_failed,,False,-1.657,0.3325,-1.9895,1.5716,expanding,0.44142857142857167,-0.4531,False,False,False,False,True,,,,,0_0
000065,2026-02-12,L2,4,5,-2.4691,,,,,0.8,none,midweek_partial,False,False,-0.5038,0.337,-0.8408,0.9657,normal,0.4242857142857144,-0.1414,False,False,False,False,True,,,,,0_0
000065,2026-02-24,L2,1,5,2.7966,,,,,0.2,none,tuesday_gate_failed,,False,2.7966,-0.4219,3.2186,1.7046,expanding,0.36071428571428565,0.9149,False,False,False,False,True,,,,,0_0
000065,2026-02-26,L2,3,5,4.4915,3.1573,2.8807,0.2766,1.4226,0.6,negative_to_positive,midweek_partial,True,False,0.8177,0.8244,-0.0067,0.7936,shrinking,0.3771428571428571,0.2652,False,False,False,False,True,,,,,1_0
000065,2026-03-02,L2,1,5,2.9647,7.054,2.8807,4.1733,1.2735,0.2,negative_to_positive,monday,True,False,-0.0778,4.2985,-4.3762,0.8247,shrinking,0.37428571428571417,-0.0267,False,False,False,False,True,,,,,1_0
000065,2026-03-04,L2,3,5,7.8526,4.2454,8.9831,-4.7377,1.8497,0.6,none,midweek_partial,False,False,3.5385,1.1673,2.3711,1.1917,expanding,0.3814285714285713,1.206,False,False,True,False,False,,,True,False,0_0
000065,2026-03-06,L2,5,5,7.7724,4.339,8.9831,-4.6441,1.7913,1.0,none,completed_week,False,False,-0.8843,0.8172,-1.7015,0.4467,shrinking,0.40857142857142836,-0.2937,False,False,False,False,True,,,,,0_0
000065,2026-03-10,L2,2,5,-2.2963,,,,,0.4,none,tuesday_gate_failed,,False,-5.2443,3.4944,-8.7387,1.4346,expanding,0.4107142857142855,-1.7774,False,False,False,False,True,,,,,0_0
000065,2026-03-12,L2,4,5,-2.7407,,,,,0.8,none,midweek_partial,False,False,0.4591,-0.9098,1.3688,0.8477,shrinking,0.4878571428571427,0.123,True,True,False,False,True,False,True,,,0_1
000065,2026-03-16,L2,1,5,-2.689,1.9855,7.7724,-5.7869,1.0446,0.2,none,monday,False,False,-2.8302,4.9505,-7.7807,0.6088,shrinking,0.5364285714285714,-0.727,False,False,False,False,True,,,,,0_0
000065,2026-03-18,L2,3,5,-6.25,,,,,0.6,none,midweek_partial,False,False,-0.7692,-2.9126,2.1434,0.7337,shrinking,0.6164285714285713,-0.1622,False,False,False,False,True,,,,,0_0
000065,2026-03-20,L2,5,5,-8.3576,13.9758,2.0741,11.9017,0.598,1.0,none,completed_week,False,False,1.4481,-3.6434,5.0915,1.0662,normal,0.6328571428571429,0.2844,False,False,False,False,True,,,,,0_0
000065,2026-03-24,L2,2,5,13.76,,,,,0.4,none,tuesday_gate_failed,,False,9.9768,2.5377,7.4391,0.748,shrinking,0.63,2.0476,True,False,True,False,False,True,False,True,False,0_0
000065,2026-03-26,L2,4,5,11.04,4.4747,8.3576,-3.8829,2.4672,0.8,negative_to_positive,midweek_partial,True,False,-1.6997,-0.7032,-0.9965,0.5601,shrinking,0.7014285714285716,-0.3422,False,False,False,False,True,,,,,1_0
000065,2026-03-30,L2,1,5,1.4652,4.3726,8.3576,-3.985,2.287,0.2,negative_to_positive,monday,True,False,0.7273,-0.9366,1.6639,1.5556,expanding,0.7221428571428572,0.1385,False,False,True,True,True,,,False,True,1_1
000066,2026-01-05,L2,1,5,1.1065,1.4534,4.0115,-2.5581,0.5682,0.2,none,monday,False,False,1.4573,0.8397,0.6176,1.4155,expanding,0.29571428571428565,0.7101,False,False,True,True,True,,,True,False,0_1
000066,2026-01-07,L2,3,5,2.2822,0.7835,0.8259,-0.0424,2.9128,0.6,negative_to_positive,midweek_partial,True,False,-1.2684,2.4624,-3.7307,0.6988,shrinking,0.2821428571428571,-0.6734,False,False,False,False,True,,,,,1_0
000066,2026-01-09,L2,5,5,4.4952,1.4669,0.8259,0.641,3.0643,1.0,negative_to_positive,completed_week,True,False,0.1325,2.0284,-1.8959,1.0062,normal,0.2971428571428569,0.0673,False,False,False,False,True,,,,,1_0
000066,2026-01-13,L2,2,5,5.1466,,,,,0.4,negative_to_positive,tuesday_A,True,False,-2.8881,9.9934,-12.8815,2.1417,expanding,0.3064285714285712,-1.5664,False,False,False,False,True,,,,,1_0
000066,2026-01-15,L2,4,5,6.5147,2.2337,4.4952,-2.2615,2.9166,0.8,none,midweek_partial,False,False,-2.3297,3.7175,-6.0472,0.5463,shrinking,0.45785714285714285,-0.8518,False,False,False,False,True,,,,,0_0
000066,2026-01-19,L2,1,5,0.1234,2.7096,4.4952,-1.7856,2.9332,0.2,none,monday,False,False,-2.0519,1.3456,-3.3975,0.5064,shrinking,0.5764285714285714,-0.5898,False,False,False,False,True,,,,,0_0
000066,2026-01-21,L2,3,5,9.9321,16.1751,7.9479,8.2272,0.614,0.6,double_positive_efficiency_improved,midweek_partial,True,False,10.0,-0.1848,10.1848,1.0161,normal,0.6792857142857144,2.3849,False,False,False,False,False,,,,,1_0
000066,2026-01-23,L2,5,5,12.8316,8.5059,7.9479,0.558,1.5085,1.0,double_positive_efficiency_improved,completed_week,True,False,-6.2051,9.4276,-15.6327,0.6934,shrinking,0.8314285714285718,-1.4553,False,False,False,False,True,,,,,1_0
000066,2026-01-27,L2,2,5,-6.4622,,,,,0.4,double_positive_efficiency_improved,tuesday_B,True,False,-0.8706,-5.7955,4.9249,0.7856,shrinking,1.0207142857142861,-0.147,False,False,False,False,True,,,,,1_0
000066,2026-01-29,L2,4,5,-10.0767,,,,,0.8,none,midweek_partial,False,False,-1.0843,-2.8103,1.726,0.9274,normal,1.114285714285715,-0.1615,False,False,False,False,True,,,,,0_0
000068,2026-01-05,L2,1,5,0.885,2.608,0.8671,1.7409,0.5589,0.2,none,monday,False,False,1.1834,0.0,1.1834,0.943,normal,0.07714285714285721,0.5185,True,True,False,False,True,False,True,,,0_1
000068,2026-01-07,L2,3,5,-0.59,,,,,0.6,none,midweek_partial,False,False,-2.6012,1.1696,-3.7707,1.3478,expanding,0.07000000000000013,-1.2857,False,False,False,False,True,,,,,0_0
000068,2026-01-09,L2,5,5,1.7699,0.7097,1.4577,-0.748,2.4939,1.0,negative_to_positive,completed_week,True,False,1.173,1.1869,-0.0139,1.3804,expanding,0.06714285714285724,0.5957,False,False,False,False,True,,,,,1_0
000068,2026-01-13,L2,2,5,0.2899,,,,,0.4,negative_to_positive,tuesday_A,True,False,0.0,0.2899,-0.2899,1.1041,expanding,0.0664285714285715,0.0,False,False,False,False,True,,,,,1_0
000068,2026-01-15,L2,4,5,-2.029,,,,,0.8,none,midweek_partial,False,True,-0.5882,-1.7341,1.1459,0.6123,shrinking,0.0664285714285715,-0.3011,False,False,False,False,True,,,,,0_0
000068,2026-01-19,L2,1,5,2.4024,2.0045,1.7699,0.2346,1.446,0.2,none,monday,False,False,1.791,-0.8876,2.6786,0.8091,shrinking,0.06785714285714296,0.8842,True,True,False,False,True,False,True,,,0_1
000068,2026-01-21,L2,3,5,2.7027,4.3093,2.8986,1.4107,0.6272,0.6,negative_to_positive,midweek_partial,True,False,0.0,0.2933,-0.2933,0.7224,shrinking,0.0714285714285715,0.0,False,False,False,False,True,,,,,1_0
000068,2026-01-23,L2,5,5,6.6066,9.3583,2.8986,6.4597,0.706,1.0,negative_to_positive,completed_week,True,False,2.6012,1.1696,1.4316,1.4615,expanding,0.07285714285714293,1.2353,False,False,True,True,True,,,True,False,1_1
000068,2026-01-27,L2,2,5,-1.1236,,,,,0.4,negative_to_positive,tuesday_C_failed_volume,False,False,0.2849,-1.1268,1.4117,1.3833,expanding,0.07714285714285721,0.1296,False,False,False,False,True,,,,,0_0
000068,2026-01-29,L2,4,5,-2.5281,,,,,0.8,none,midweek_partial,False,False,-1.1396,-0.2841,-0.8555,0.9386,normal,0.09000000000000008,-0.4444,False,False,False,False,True,,,,,0_0
000068,2026-02-02,L2,1,5,-1.4368,1.6114,6.6066,-4.9952,1.2203,0.2,none,monday,False,False,-1.7192,0.5764,-2.2956,1.0526,normal,0.08928571428571438,-0.672,False,False,False,False,True,,,,,0_0
000068,2026-02-04,L2,3,5,2.2989,3.1242,1.9663,1.1579,0.7358,0.6,negative_to_positive,midweek_partial,True,False,1.4245,2.3324,-0.9079,0.992,normal,0.09142857142857151,0.5469,False,False,False,False,True,,,,,1_0
000068,2026-02-06,L2,5,5,1.4368,2.0493,1.9663,0.083,0.7011,1.0,negative_to_positive,completed_week,True,False,0.5698,-1.4045,1.9743,0.8537,shrinking,0.09000000000000005,0.2222,True,True,False,False,True,False,True,,,1_1
000068,2026-02-10,L2,2,5,0.0,,,,,0.4,negative_to_positive,tuesday_C_failed_volume,False,False,0.0,0.8499,-0.8499,1.1214,expanding,0.08642857142857152,0.0,False,False,False,False,True,,,,,0_0
000068,2026-02-12,L2,4,5,-1.4045,,,,,0.8,none,midweek_partial,False,False,-1.1268,-0.2809,-0.8459,0.9927,normal,0.08642857142857145,-0.4628,False,False,False,False,True,,,,,0_0
000068,2026-02-24,L2,1,5,1.7143,,,,,0.2,none,tuesday_gate_failed,,False,2.5937,-1.1396,3.7333,1.2988,expanding,0.0842857142857143,1.0678,False,False,False,False,True,,,,,0_0
000068,2026-02-26,L2,3,5,2.5714,2.1492,2.5281,-0.3789,1.1964,0.6,negative_to_positive,midweek_partial,True,False,0.8427,0.0,0.8427,1.5658,expanding,0.07214285714285716,0.4158,False,False,False,False,True,,,,,1_0
000070,2026-01-05,L2,1,5,0.4184,10.7685,0.9677,9.8008,0.3501,0.2,none,monday,False,False,2.2147,-2.0033,4.218,0.9339,normal,0.8585714285714287,0.3028,True,True,False,False,True,False,True,,,0_1
000070,2026-01-07,L2,3,5,0.4184,0.2714,3.7705,-3.4991,1.5419,0.6,negative_to_positive,midweek_partial,True,False,0.4184,-0.4167,0.8351,1.0916,normal,0.6585714285714286,0.0759,False,False,False,False,True,,,,,1_0
000070,2026-01-09,L2,5,5,4.8536,2.3215,3.7705,-1.449,2.0907,1.0,negative_to_positive,completed_week,True,False,2.7049,1.6667,1.0383,1.5175,expanding,0.527857142857143,0.6252,False,False,True,True,True,,,True,False,1_1
000070,2026-01-13,L2,2,5,-5.748,,,,,0.4,negative_to_positive,tuesday_A,True,False,-9.1116,5.1077,-14.2194,0.7466,shrinking,0.48357142857142865,-2.4815,False,False,False,False,True,,,,,1_0
000070,2026-01-15,L2,4,5,-6.6142,,,,,0.8,none,midweek_partial,False,False,-5.7983,5.1796,-10.9779,0.6648,shrinking,0.5192857142857144,-1.4058,False,False,False,False,True,,,,,0_0
000070,2026-01-19,L2,1,5,-0.4237,3.7489,4.8536,-1.1047,1.5543,0.2,none,monday,False,False,-1.7559,0.8432,-2.599,0.7977,shrinking,0.5635714285714287,-0.3726,False,False,False,False,True,,,,,0_0
000070,2026-01-21,L2,3,5,-3.6441,,,,,0.6,none,midweek_partial,False,False,1.2467,-4.4255,5.6722,0.5798,shrinking,0.5657142857142858,0.2475,True,True,False,False,True,False,True,,,0_1
000070,2026-01-23,L2,5,5,-0.678,1.9272,5.8268,-3.8996,0.3518,1.0,none,completed_week,False,False,0.5146,2.5506,-2.036,1.246,expanding,0.59,0.1017,False,False,False,False,True,,,,,0_0
000070,2026-01-27,L2,2,5,0.9434,,,,,0.4,none,tuesday_gate_failed,,False,-3.5246,4.0956,-7.6202,0.5992,shrinking,0.5835714285714285,-0.7368,False,False,False,False,True,,,,,0_0
000070,2026-01-29,L2,4,5,-2.916,,,,,0.8,none,midweek_partial,False,False,-4.6335,0.8496,-5.4831,0.8032,shrinking,0.6464285714285715,-0.8508,False,False,False,False,True,,,,,0_0
000070,2026-02-02,L2,1,5,0.0,1.1627,0.678,0.4847,1.7703,0.2,negative_to_positive,monday,True,False,-3.3613,5.1237,-8.485,0.5636,shrinking,0.6842857142857144,-0.5846,False,False,False,False,True,,,,,1_0
000070,2026-02-04,L2,3,5,17.5652,17.2302,2.0583,15.1719,1.0194,0.6,double_positive_efficiency_improved,midweek_partial,True,False,10.0081,6.8696,3.1386,0.4813,shrinking,0.6450000000000001,1.907,True,False,True,False,False,True,False,True,False,1_0
000070,2026-02-06,L2,5,5,24.3478,12.1908,2.0583,10.1325,1.9972,1.0,double_positive_efficiency_improved,completed_week,True,False,0.9887,4.7337,-3.745,0.7184,shrinking,0.6442857142857142,0.2173,False,False,False,False,True,,,,,1_0
000070,2026-02-10,L2,2,5,10.411,,,,,0.4,double_positive_efficiency_improved,tuesday_A,True,False,10.0341,2.4476,7.5866,0.2466,shrinking,0.7978571428571429,1.8424,True,False,True,False,False,True,False,True,False,1_0
000070,2026-02-12,L2,4,5,33.5616,47.0767,24.3478,22.7289,0.7129,0.8,double_positive_efficiency_improved,midweek_partial,True,False,9.9831,9.9876,-0.0045,17.0278,expanding,0.9142857142857145,1.9359,False,False,False,False,False,,,,,1_0
000070,2026-02-24,L2,1,5,-0.3286,,,,,0.2,none,tuesday_gate_failed,,False,3.7037,-10.0,13.7037,0.8435,shrinking,1.112857142857143,0.5841,True,False,False,False,False,False,True,,,0_0
000070,2026-02-26,L2,3,5,-0.7667,,,,,0.6,none,midweek_partial,False,False,-0.1103,-0.3297,0.2194,1.1537,expanding,1.2857142857142858,-0.0156,False,False,False,False,True,,,,,0_0
000070,2026-03-02,L2,1,5,10.0168,2.1503,20.2055,-18.0552,0.9933,0.2,none,monday,False,False,10.0168,-1.3797,11.3965,0.3808,shrinking,1.3814285714285712,1.2958,True,False,True,False,False,False,True,False,True,0_0
000070,2026-03-04,L2,3,5,7.4986,7.8621,2.1358,5.7263,0.9538,0.6,negative_to_positive,midweek_partial,True,False,4.0628,-6.1038,10.1666,0.7103,shrinking,1.5235714285714284,0.4923,True,False,False,False,False,False,True,,,1_0
000070,2026-03-06,L2,5,5,-4.5327,4.6684,2.1358,2.5326,0.9709,1.0,none,completed_week,False,False,-2.57,-8.8496,6.2796,0.6434,shrinking,1.6607142857142858,-0.271,False,False,False,False,True,,,,,0_0
000070,2026-03-10,L2,2,5,5.6901,,,,,0.4,none,tuesday_gate_failed,,False,6.0109,-3.4584,9.4693,1.2357,expanding,1.717142857142857,0.5765,False,False,False,False,False,,,,,0_0
000070,2026-03-12,L2,4,5,6.2954,5.5584,4.5327,1.0257,1.1326,0.8,negative_to_positive,midweek_partial,True,False,0.5152,0.0573,0.4579,0.7005,shrinking,1.7357142857142855,0.0519,True,True,True,True,True,True,False,True,False,1_1
000070,2026-03-16,L2,1,5,-2.9121,3.2321,4.5327,-1.3006,1.0675,0.2,negative_to_positive,monday,True,False,-2.4576,-2.6765,0.219,0.7535,shrinking,1.6878571428571425,-0.2488,False,False,False,False,True,,,,,1_0
000078,2026-01-05,L2,1,5,2.6012,12.85,13.8756,-1.0256,0.344,0.2,none,monday,False,False,2.6012,-0.5747,3.1759,1.2879,expanding,0.26214285714285707,0.3433,False,False,False,False,True,,,,,0_0
000078,2026-01-07,L2,3,5,4.9133,2.5228,4.4199,-1.8971,1.9476,0.6,negative_to_positive,midweek_partial,True,False,1.3966,0.8451,0.5516,1.0933,normal,0.21142857142857144,0.2365,False,False,True,True,True,,,True,False,1_1
000078,2026-01-09,L2,5,5,6.3584,3.2329,4.4199,-1.187,1.9668,1.0,negative_to_positive,completed_week,True,False,-0.5405,1.9284,-2.4689,0.8546,shrinking,0.18571428571428572,-0.1077,False,False,False,False,True,,,,,1_0
000078,2026-01-13,L2,2,5,11.1717,,,,,0.4,negative_to_positive,tuesday_A,True,False,9.973,0.8152,9.1578,1.674,expanding,0.15285714285714286,2.4206,False,False,True,False,False,,,True,False,1_0
000078,2026-01-15,L2,4,5,13.3515,5.3992,6.3584,-0.9592,2.4729,0.8,none,midweek_partial,False,False,-7.3497,10.049,-17.3987,0.7613,shrinking,0.15714285714285717,-2.1,False,False,False,False,True,,,,,0_0
000078,2026-01-19,L2,1,5,-1.9022,0.795,6.3584,-5.5634,2.3993,0.2,none,monday,False,False,-3.4759,-10.0962,6.6202,0.6224,shrinking,0.19714285714285715,-0.6594,False,False,False,False,True,,,,,0_0
000078,2026-01-21,L2,3,5,-3.2609,,,,,0.6,none,midweek_partial,False,False,-0.5587,-0.831,0.2724,0.6699,shrinking,0.2314285714285714,-0.0864,False,False,False,False,True,,,,,0_0
000078,2026-01-23,L2,5,5,3.8043,9.3317,1.9074,7.4243,0.4077,1.0,double_positive_efficiency_improved,completed_week,True,False,5.2342,1.9663,3.2679,1.9074,expanding,0.23428571428571426,0.811,False,False,True,False,False,,,True,False,1_0
000078,2026-01-27,L2,2,5,7.513,,,,,0.4,double_positive_efficiency_improved,tuesday_A,True,False,-1.1905,9.9476,-11.1381,1.7922,expanding,0.24714285714285708,-0.2023,False,False,False,False,True,,,,,1_0
000078,2026-01-29,L2,4,5,-1.5544,,,,,0.8,none,midweek_partial,False,False,-4.0404,-4.5783,0.5379,0.6498,shrinking,0.29142857142857137,-0.549,False,False,False,False,True,,,,,0_0
000078,2026-02-02,L2,1,5,-2.439,2.5186,3.8043,-1.2857,1.7487,0.2,none,monday,False,False,-2.439,-2.8947,0.4557,0.7313,shrinking,0.3035714285714285,-0.2965,False,False,False,False,True,,,,,0_0
000078,2026-02-04,L2,3,5,2.71,6.369,4.4041,1.9649,0.4255,0.6,negative_to_positive,midweek_partial,True,False,0.7979,4.4444,-3.6466,0.9394,normal,0.2949999999999999,0.1017,False,False,False,False,True,,,,,1_0
000078,2026-02-06,L2,5,5,2.981,6.7545,4.4041,2.3504,0.4413,1.0,negative_to_positive,completed_week,True,False,2.981,-2.6385,5.6196,1.9104,expanding,0.23714285714285704,0.4639,False,False,False,False,True,,,,,1_0
000078,2026-02-10,L2,2,5,0.0,,,,,0.4,negative_to_positive,tuesday_A,True,False,-2.356,0.5263,-2.8823,0.701,shrinking,0.21142857142857135,-0.4257,False,False,False,False,True,,,,,1_0
000078,2026-02-12,L2,4,5,-6.9705,,,,,0.8,none,midweek_partial,False,False,-3.8781,-3.2172,-0.661,1.1145,expanding,0.20785714285714282,-0.6735,False,False,False,False,True,,,,,0_0
000078,2026-02-24,L2,1,5,0.8621,,,,,0.2,none,tuesday_gate_failed,,False,1.7391,-0.5764,2.3155,1.1286,expanding,0.20214285714285712,0.2968,False,False,False,False,True,,,,,0_0
000078,2026-02-26,L2,3,5,0.5747,0.7251,7.5067,-6.7816,0.7926,0.6,negative_to_positive,midweek_partial,True,False,-3.3149,3.1339,-6.4488,1.0241,normal,0.14999999999999997,-0.8,False,False,False,False,True,,,,,1_0
000078,2026-03-02,L2,1,5,-2.3256,2.0074,7.5067,-5.4993,0.5726,0.2,negative_to_positive,monday,True,False,-4.5455,0.5714,-5.1169,2.0224,expanding,0.1407142857142857,-1.1371,False,False,False,False,True,,,,,1_0
000078,2026-03-06,L2,5,5,-2.3256,1.9589,1.1494,0.8095,1.1872,1.0,none,completed_week,False,False,2.439,2.1807,0.2583,0.9141,normal,0.1328571428571428,0.6022,True,True,True,True,True,True,False,True,False,0_1
000078,2026-03-10,L2,2,5,0.3021,,,,,0.4,none,tuesday_gate_failed,,False,0.3021,-1.4881,1.7902,0.849,shrinking,0.12499999999999997,0.08,True,True,False,False,True,False,True,,,0_1
000078,2026-03-12,L2,4,5,-1.2085,,,,,0.8,none,midweek_partial,False,False,-0.6079,-0.9036,0.2957,0.7625,shrinking,0.11857142857142848,-0.1687,False,False,False,False,True,,,,,0_0
000078,2026-03-16,L2,1,5,0.6116,2.7571,2.3256,0.4315,0.6575,0.2,none,monday,False,False,1.2308,-0.6116,1.8424,1.218,expanding,0.10499999999999995,0.381,False,False,False,False,True,,,,,0_0
000089,2026-01-21,L2,3,5,2.3088,1.5152,0.7163,0.7989,1.5238,0.6,negative_to_positive,midweek_partial,True,False,-0.9777,2.432,-3.4097,0.6095,shrinking,0.08000000000000007,-0.875,False,False,False,False,True,,,,,1_0
000089,2026-01-23,L2,5,5,3.8961,2.6926,0.7163,1.9763,1.447,1.0,negative_to_positive,completed_week,True,False,0.0,1.5515,-1.5515,0.9349,normal,0.08500000000000003,0.0,False,False,False,False,True,,,,,1_0
000089,2026-01-27,L2,2,5,-0.2786,,,,,0.4,negative_to_positive,tuesday_B,True,False,0.1399,-0.6944,0.8343,0.8065,shrinking,0.08785714285714283,0.1138,True,True,False,False,True,False,True,,,1_1
000089,2026-01-29,L2,4,5,0.8357,0.8177,3.8961,-3.0784,1.0219,0.8,none,midweek_partial,False,False,-0.1379,1.257,-1.3949,1.0047,normal,0.08714285714285706,-0.1148,False,False,False,False,True,,,,,0_0
000089,2026-02-02,L2,1,5,0.4161,0.8533,3.8961,-3.0428,0.9793,0.2,none,monday,False,False,0.0,0.0,0.0,2.3693,expanding,0.0978571428571428,0.0,False,False,False,False,True,,,,,0_0
000089,2026-02-04,L2,3,5,1.387,0.9557,0.8357,0.12,1.4512,0.6,double_positive_efficiency_improved,midweek_partial,True,False,1.5278,-0.5525,2.0803,0.8179,shrinking,0.10928571428571424,1.0065,True,True,False,False,True,False,True,,,1_1
000089,2026-02-06,L2,5,5,-0.1387,0.1153,0.8357,-0.7204,1.2034,1.0,none,completed_week,False,False,-1.3699,-0.1368,-1.2331,0.9965,normal,0.12571428571428564,-0.7955,False,False,False,False,True,,,,,0_0
000089,2026-02-10,L2,2,5,-0.5533,,,,,0.4,none,tuesday_gate_failed,,False,-0.5533,0.4167,-0.9699,0.5704,shrinking,0.12785714285714272,-0.3128,False,False,False,False,True,,,,,0_0
000089,2026-02-12,L2,4,5,0.1383,0.3589,0.1387,0.2202,0.3854,0.8,negative_to_positive,midweek_partial,True,False,0.1383,0.5563,-0.418,1.5487,expanding,0.11714285714285712,0.0854,False,False,False,False,True,,,,,1_0
000089,2026-02-24,L2,1,5,0.0,,,,,0.2,none,tuesday_gate_failed,,False,0.8345,-0.6906,1.5251,0.7722,shrinking,0.11357142857142856,0.5283,True,True,False,False,True,False,True,,,0_1
000089,2026-02-26,L2,3,5,0.0,,,,,0.6,none,midweek_partial,False,False,-0.1377,0.1379,-0.2757,0.8769,shrinking,0.11928571428571429,-0.0838,False,False,False,False,True,,,,,0_0
000089,2026-03-02,L2,1,5,-0.5556,0.6276,0.5533,0.0743,0.8791,0.2,negative_to_positive,monday,True,False,-1.7833,0.5517,-2.335,2.9623,expanding,0.1114285714285714,-1.1667,False,False,False,False,True,,,,,1_0
000089,2026-03-04,L2,3,5,-3.1944,,,,,0.6,none,midweek_partial,False,False,-1.9691,-0.6983,-1.2707,1.1188,expanding,0.1142857142857142,-1.225,False,False,False,False,True,,,,,0_0
000089,2026-03-06,L2,5,5,-1.6667,0.8284,0.5517,0.2767,2.0119,1.0,none,completed_week,False,False,1.7241,-0.1435,1.8676,1.2751,expanding,0.10714285714285714,1.12,False,False,False,False,True,,,,,0_0
000089,2026-03-10,L2,2,5,0.2845,,,,,0.4,none,tuesday_gate_failed,,False,0.4274,-0.8475,1.2748,0.7046,shrinking,0.11357142857142863,0.2642,True,True,False,False,True,False,True,,,0_1
000089,2026-03-12,L2,4,5,2.7027,4.4154,1.6667,2.7487,0.6121,0.8,negative_to_positive,midweek_partial,True,False,1.2623,1.1348,0.1275,0.9843,normal,0.11428571428571425,0.7875,True,True,True,True,True,True,False,True,False,1_1
000089,2026-03-16,L2,1,5,-0.4184,3.3769,1.6667,1.7102,0.5897,0.2,negative_to_positive,monday,True,False,-0.4184,-0.6925,0.2741,1.0446,normal,0.1235714285714286,-0.2428,False,False,False,False,True,,,,,1_0
000089,2026-03-18,L2,3,5,-0.4184,,,,,0.6,none,midweek_partial,False,False,-0.5571,0.5602,-1.1173,0.8088,shrinking,0.11928571428571429,-0.3353,False,False,False,False,True,,,,,0_0
000089,2026-03-20,L2,5,5,-3.2078,3.0985,1.9915,1.107,1.0353,1.0,none,completed_week,False,False,-2.1157,-0.7003,-1.4154,1.5086,expanding,0.12285714285714285,-1.2209,False,False,False,False,True,,,,,0_0
000153,2026-01-05,L2,1,5,1.4286,3.494,1.3846,2.1094,0.5813,0.2,none,monday,False,False,1.9139,-0.6339,2.5478,1.0429,normal,0.1278571428571428,0.9385,False,False,False,False,True,,,,,0_0
000153,2026-01-07,L2,3,5,1.4286,0.7827,2.0312,-1.2485,1.8251,0.6,negative_to_positive,midweek_partial,True,False,-0.9302,0.939,-1.8692,0.8181,shrinking,0.12142857142857137,-0.4941,False,False,False,False,True,,,,,1_0
000153,2026-01-09,L2,5,5,3.0159,1.5584,2.0312,-0.4728,1.9353,1.0,negative_to_positive,completed_week,True,False,0.4644,1.0955,-0.6311,1.1878,expanding,0.10999999999999995,0.2727,False,False,False,False,True,,,,,1_0
000153,2026-01-13,L2,2,5,0.6154,,,,,0.4,negative_to_positive,tuesday_B,True,False,0.6154,0.1541,0.4613,1.3811,expanding,0.0971428571428571,0.4118,False,False,False,False,True,,,,,1_0
000153,2026-01-15,L2,4,5,-0.4615,,,,,0.8,none,midweek_partial,False,False,-0.3082,-0.7645,0.4564,0.579,shrinking,0.095,-0.2105,False,False,False,False,True,,,,,0_0
000153,2026-01-19,L2,1,5,2.0312,0.6483,3.0159,-2.3676,1.4239,0.2,none,monday,False,False,1.3975,-0.4637,1.8612,1.6798,expanding,0.09571428571428571,0.9403,False,False,False,False,True,,,,,0_0
000153,2026-01-21,L2,3,5,2.3437,2.8223,0.9231,1.8992,0.8304,0.6,negative_to_positive,midweek_partial,True,False,0.1529,0.1531,-0.0002,0.9773,normal,0.10071428571428573,0.0993,False,False,False,False,True,,,,,1_0
000153,2026-01-23,L2,5,5,4.0625,5.0262,0.9231,4.1031,0.8083,1.0,negative_to_positive,completed_week,True,False,0.7564,0.916,-0.1596,1.2033,expanding,0.09857142857142856,0.5072,False,False,False,False,True,,,,,1_0
000153,2026-01-27,L2,2,5,-0.1502,,,,,0.4,negative_to_positive,tuesday_A,True,False,-1.0417,0.9009,-1.9426,0.9308,normal,0.09357142857142854,-0.7481,False,False,False,False,True,,,,,1_0
000153,2026-01-29,L2,4,5,-1.8018,,,,,0.8,none,midweek_partial,False,False,-0.3049,-1.3534,1.0485,1.1143,expanding,0.10642857142857139,-0.1879,False,False,False,False,True,,,,,0_0
000153,2026-02-02,L2,1,5,-1.6768,0.9933,4.0625,-3.0692,1.2093,0.2,none,monday,False,False,-1.9757,0.6116,-2.5873,1.0678,normal,0.1107142857142857,-1.1742,False,False,False,False,True,,,,,0_0
000153,2026-02-04,L2,3,5,1.372,1.5985,1.2012,0.3973,0.8583,0.6,negative_to_positive,midweek_partial,True,False,1.372,1.7054,-0.3335,1.4385,expanding,0.11642857142857135,0.773,False,False,False,False,True,,,,,1_0
000153,2026-02-06,L2,5,5,1.8293,2.0814,1.2012,0.8802,0.8789,1.0,negative_to_positive,completed_week,True,False,0.6024,-0.1504,0.7528,1.2478,expanding,0.11785714285714281,0.3394,False,False,False,False,True,,,,,1_0
000153,2026-02-10,L2,2,5,0.0,,,,,0.4,negative_to_positive,tuesday_A,True,False,-0.2972,0.7485,-1.0457,0.8469,shrinking,0.1114285714285714,-0.1795,False,False,False,False,True,,,,,1_0
000153,2026-02-12,L2,4,5,-1.9374,,,,,0.8,none,midweek_partial,False,False,-1.791,-0.149,-1.642,1.61,expanding,0.10857142857142854,-1.1053,False,False,False,False,True,,,,,0_0
000153,2026-02-24,L2,1,5,1.9757,,,,,0.2,none,tuesday_gate_failed,,False,2.4427,-0.4559,2.8987,0.8654,shrinking,0.1135714285714285,1.4088,True,True,False,False,True,False,True,,,0_1
000153,2026-02-26,L2,3,5,2.2796,1.8365,2.3845,-0.548,1.2413,0.6,negative_to_positive,midweek_partial,True,False,0.1488,0.149,-0.0002,1.5697,expanding,0.10571428571428568,0.0946,False,False,False,False,True,,,,,1_0
000155,2026-01-05,L2,1,5,3.6596,9.567,3.1092,6.4578,0.5282,0.2,none,monday,False,False,4.5494,-0.9354,5.4847,2.0588,expanding,0.42214285714285715,1.2555,False,False,False,False,False,,,,,0_0
000155,2026-01-07,L2,3,5,5.1064,2.5364,5.053,-2.5166,2.0133,0.6,negative_to_positive,midweek_partial,True,False,-0.8032,2.2167,-3.02,0.7573,shrinking,0.43785714285714306,-0.2284,False,False,False,False,True,,,,,1_0
000155,2026-01-09,L2,5,5,5.2766,2.7769,5.053,-2.2761,1.9002,1.0,negative_to_positive,completed_week,True,False,0.0,0.1619,-0.1619,0.9452,normal,0.43714285714285733,0.0,False,False,False,False,True,,,,,1_0
000155,2026-01-13,L2,2,5,0.8675,,,,,0.4,negative_to_positive,tuesday_B,True,False,1.5886,1.7785,-0.1899,1.4889,expanding,0.42571428571428566,0.4698,False,False,False,False,True,,,,,1_0
000155,2026-01-15,L2,4,5,0.8675,0.6411,5.2766,-4.6355,1.3531,0.8,none,midweek_partial,False,False,1.8312,-1.7983,3.6295,0.7448,shrinking,0.43571428571428555,0.5279,True,True,False,False,True,False,True,,,0_1
000155,2026-01-19,L2,1,5,0.6354,0.3596,5.2766,-4.917,1.3157,0.2,none,monday,False,False,0.3962,-1.3292,1.7254,0.679,shrinking,0.47714285714285715,0.1048,True,True,False,False,True,False,True,,,0_1
000155,2026-01-21,L2,3,5,2.3034,3.19,0.4732,2.7168,0.7221,0.6,negative_to_positive,midweek_partial,True,False,1.9794,-0.3157,2.2951,1.0184,normal,0.4742857142857142,0.5271,False,False,False,False,True,,,,,1_0
000155,2026-01-23,L2,5,5,12.1525,11.7718,0.4732,11.2986,1.0323,1.0,negative_to_positive,completed_week,True,False,8.9506,0.6211,8.3295,2.9521,expanding,0.46357142857142836,2.5023,False,False,False,False,False,,,,,1_0
000155,2026-01-27,L2,2,5,-3.7642,,,,,0.4,negative_to_positive,tuesday_C,True,False,-1.311,-2.762,1.451,0.7303,shrinking,0.5121428571428568,-0.3515,False,False,False,False,True,,,,,1_0
000155,2026-01-29,L2,4,5,-4.9006,,,,,0.8,none,midweek_partial,False,False,-2.0483,0.8856,-2.9339,1.0037,normal,0.5635714285714283,-0.4968,False,False,False,False,True,,,,,0_0
000155,2026-02-02,L2,1,5,-1.4599,11.1296,12.1525,-1.0229,1.0529,0.2,none,monday,False,False,-2.2526,-7.1695,4.9169,0.5388,shrinking,0.5635714285714284,-0.4968,False,False,False,False,True,,,,,0_0
000155,2026-02-04,L2,3,5,4.9473,8.1306,11.7188,-3.5882,0.6085,0.6,negative_to_positive,midweek_partial,True,False,2.6984,3.7037,-1.0053,1.1479,expanding,0.6007142857142854,0.566,False,False,False,False,True,,,,,1_0
000155,2026-02-06,L2,5,5,1.6221,2.6886,11.7188,-9.0302,0.6033,1.0,negative_to_positive,completed_week,True,False,1.6221,-4.7141,6.3361,0.6946,shrinking,0.5807142857142854,0.3444,True,True,False,False,True,False,True,,,1_1
000155,2026-02-10,L2,2,5,-2.0472,,,,,0.4,negative_to_positive,tuesday_C,True,False,-0.639,-0.0798,-0.5592,0.7002,shrinking,0.6064285714285711,-0.1319,False,False,False,False,True,,,,,1_0
000155,2026-02-12,L2,4,5,0.8661,1.3319,1.6221,-0.2902,0.6503,0.8,none,midweek_partial,False,False,0.8661,2.09,-1.2239,0.898,shrinking,0.5764285714285712,0.1908,False,False,False,False,True,,,,,0_0
000155,2026-02-24,L2,1,5,2.0,,,,,0.2,none,tuesday_gate_failed,,False,4.1634,-0.6245,4.7879,1.9507,expanding,0.5142857142857141,1.0306,False,False,True,False,False,,,False,True,0_0
000155,2026-02-26,L2,3,5,6.8462,3.1363,0.2362,2.9001,2.1829,0.6,double_positive_efficiency_improved,midweek_partial,True,False,1.9824,2.7149,-0.7326,1.6138,expanding,0.4799999999999998,0.5625,False,False,False,False,True,,,,,1_0
000155,2026-03-02,L2,1,5,0.6969,5.8996,0.2362,5.6634,1.8906,0.2,double_positive_efficiency_improved,monday,True,False,0.0,4.0317,-4.0317,0.8977,shrinking,0.4899999999999998,0.0,False,False,False,False,True,,,,,1_0
000155,2026-03-04,L2,3,5,-0.4878,,,,,0.6,none,midweek_partial,False,False,2.956,-4.0138,6.9699,0.9134,normal,0.49071428571428566,0.8355,True,True,False,False,True,False,True,,,0_1
000155,2026-03-06,L2,5,5,-1.0453,0.885,11.1538,-10.2688,1.1812,1.0,none,completed_week,False,False,-1.0453,0.4902,-1.5355,0.7026,shrinking,0.5407142857142857,-0.2774,False,False,False,False,True,,,,,0_0
000155,2026-03-10,L2,2,5,4.6395,,,,,0.4,none,tuesday_gate_failed,,False,0.3422,2.8873,-2.5451,0.9128,normal,0.5135714285714287,0.0974,False,False,False,False,True,,,,,0_0
000155,2026-03-12,L2,4,5,10.4925,7.7275,1.0453,6.6822,1.3578,0.8,negative_to_positive,midweek_partial,True,False,4.383,1.1596,3.2234,2.0383,expanding,0.5807142857142857,1.1193,False,False,True,False,False,,,True,False,1_0
000155,2026-03-16,L2,1,5,-4.931,5.8364,1.0453,4.7911,1.4064,0.2,negative_to_positive,monday,True,False,-4.6174,-2.0672,-2.5502,0.8782,shrinking,0.6485714285714286,-1.0793,False,False,False,False,True,,,,,1_0
000155,2026-03-18,L2,3,5,-7.8238,,,,,0.6,none,midweek_partial,False,False,-2.1633,-0.899,-1.2643,0.9376,normal,0.7150000000000001,-0.4336,False,False,False,False,True,,,,,0_0
000155,2026-03-20,L2,5,5,-9.5332,13.5035,8.2084,5.2951,0.706,1.0,none,completed_week,False,False,-0.5061,-1.3552,0.8491,1.2371,expanding,0.7335714285714285,-0.0954,False,False,False,False,True,,,,,0_0
000155,2026-03-24,L2,2,5,4.1912,,,,,0.4,none,tuesday_gate_failed,,False,5.4315,-2.3256,7.7571,1.2909,expanding,0.7014285714285714,1.0407,False,False,False,False,False,,,,,0_0
000155,2026-03-26,L2,4,5,8.0147,6.7448,9.5332,-2.7884,1.1883,0.8,negative_to_positive,midweek_partial,True,False,1.1012,2.5406,-1.4394,1.1255,expanding,0.6992857142857142,0.2288,False,False,False,False,True,,,,,1_0
000155,2026-03-30,L2,1,5,3.8764,13.8557,9.5332,4.3225,1.3585,0.2,negative_to_positive,monday,True,False,6.1262,10.0068,-3.8806,1.7996,expanding,0.7257142857142856,1.3642,False,False,False,False,False,,,,,1_0
000156,2026-01-13,L2,2,5,3.0879,,,,,0.4,double_positive_efficiency_improved,tuesday_A,True,False,0.2309,4.2118,-3.9808,1.1678,expanding,0.15428571428571441,0.1296,False,False,False,False,True,,,,,1_0
000156,2026-01-15,L2,4,5,3.0879,1.2296,9.7754,-8.5458,2.5113,0.8,none,midweek_partial,False,False,-1.5873,1.6129,-3.2002,0.5967,shrinking,0.197857142857143,-0.7076,False,False,False,False,True,,,,,0_0
000156,2026-01-23,L2,5,5,7.326,12.4141,2.2565,10.1576,0.5901,1.0,negative_to_positive,completed_week,True,False,7.1951,1.2346,5.9606,3.4997,expanding,0.2785714285714286,2.1179,False,False,True,False,False,,,True,False,1_0
000156,2026-01-29,L2,4,5,0.0,,,,,0.8,none,midweek_partial,False,False,3.1802,-0.9335,4.1137,2.3237,expanding,0.3507142857142859,0.7699,False,False,False,False,True,,,,,0_0
000156,2026-02-02,L2,1,5,-1.8391,0.5163,7.326,-6.8097,1.1055,0.2,none,monday,False,False,-1.9518,-0.5708,-1.381,0.9413,normal,0.36428571428571427,-0.4667,False,False,False,False,True,,,,,0_0
000156,2026-02-04,L2,3,5,-1.0345,,,,,0.6,none,midweek_partial,False,False,-3.0405,3.9813,-7.0218,1.0325,normal,0.3457142857142857,-0.781,False,False,False,False,True,,,,,0_0
000156,2026-02-06,L2,5,5,-1.6092,1.4739,0.5708,0.9031,1.0918,1.0,none,completed_week,False,False,-2.0595,1.5099,-3.5694,1.0042,normal,0.35000000000000003,-0.5143,False,False,False,False,True,,,,,0_0
000156,2026-02-10,L2,2,5,12.3429,,,,,0.4,none,tuesday_gate_failed,,False,9.9553,4.4393,5.516,2.2515,expanding,0.35214285714285726,2.5274,False,False,True,False,False,,,True,False,0_0
000156,2026-02-12,L2,4,5,3.6571,1.5111,1.6092,-0.0981,2.4202,0.8,negative_to_positive,midweek_partial,True,False,-3.3049,-4.5778,1.2729,0.4833,shrinking,0.4192857142857145,-0.7394,False,False,False,False,True,,,,,1_0
000156,2026-02-24,L2,1,5,-3.7946,,,,,0.2,negative_to_positive,tuesday_pending,True,False,-2.7088,-2.3153,-0.3935,0.6969,shrinking,0.4314285714285716,-0.5563,False,False,False,False,True,,,,,1_0
000156,2026-02-26,L2,3,5,-4.9107,,,,,0.6,none,midweek_partial,False,False,-2.069,0.9281,-2.997,1.024,normal,0.4600000000000001,-0.3913,False,False,False,False,True,,,,,0_0
000156,2026-03-02,L2,1,5,-2.9691,14.3863,1.2571,13.1292,0.3181,0.2,none,monday,False,False,-4.4444,0.3521,-4.7966,1.746,expanding,0.4300000000000003,-0.8837,False,False,False,False,True,,,,,0_0
000156,2026-03-06,L2,5,5,-5.5819,5.6,4.5759,1.0241,0.9968,1.0,none,completed_week,False,False,1.6624,1.0336,0.6288,0.6573,shrinking,0.41357142857142903,0.3143,True,True,False,False,True,True,False,,,0_1
000156,2026-03-10,L2,2,5,3.4527,,,,,0.4,none,tuesday_gate_failed,,False,1.125,0.6289,0.4961,0.895,shrinking,0.38857142857142896,0.2316,True,True,True,True,True,True,False,True,False,0_1
000156,2026-03-12,L2,4,5,4.2199,6.0441,5.5819,0.4622,0.6982,0.8,negative_to_positive,midweek_partial,True,False,0.246,0.4944,-0.2484,1.0776,normal,0.3292857142857146,0.0607,False,False,False,False,True,,,,,1_0
000156,2026-03-16,L2,1,5,0.5025,2.8758,5.5819,-2.7061,0.7115,0.2,negative_to_positive,monday,True,False,0.2506,-2.0859,2.3365,0.5412,shrinking,0.270714285714286,0.0739,True,True,False,False,True,False,True,,,1_1
000156,2026-03-18,L2,3,5,0.8794,1.3068,2.046,-0.7392,0.6729,0.6,none,midweek_partial,False,False,1.0063,-0.625,1.6313,1.0598,normal,0.21285714285714313,0.3758,False,False,False,False,True,,,,,0_0
000157,2026-01-05,L2,1,5,0.5787,0.9147,1.4201,-0.5054,0.7654,0.2,none,monday,False,False,0.6952,0.9357,-0.2404,1.5276,expanding,0.17071428571428576,0.3515,False,False,False,False,True,,,,,0_0
000157,2026-01-07,L2,3,5,-0.1157,,,,,0.6,none,midweek_partial,False,False,-2.265,1.611,-3.8761,0.7689,shrinking,0.16071428571428573,-1.2444,False,False,False,False,True,,,,,0_0
000157,2026-01-09,L2,5,5,-0.8102,0.2766,0.7001,-0.4235,2.9291,1.0,none,completed_week,False,True,0.4689,-1.1587,1.6277,1.1159,expanding,0.16785714285714295,0.2383,False,False,False,False,True,,,,,0_0
000157,2026-01-13,L2,2,5,1.7321,,,,,0.4,none,tuesday_gate_failed,,False,-0.6764,3.5006,-4.177,0.5567,shrinking,0.177857142857143,-0.3373,False,False,False,False,True,,,,,0_0
000157,2026-01-15,L2,4,5,0.1155,0.1095,0.8102,-0.7007,1.0549,0.8,negative_to_positive,midweek_partial,True,False,0.6969,-2.2701,2.967,0.467,shrinking,0.21857142857142886,0.2745,True,True,False,False,True,False,True,,,1_1
000157,2026-01-19,L2,1,5,2.069,0.909,0.8102,0.0988,1.1433,0.2,negative_to_positive,monday,True,False,1.4857,0.9227,0.563,0.5507,shrinking,0.22714285714285762,0.5723,True,True,True,True,True,True,False,True,False,1_1
000157,2026-01-21,L2,3,5,3.2184,4.2613,1.0393,3.222,0.7553,0.6,double_positive_efficiency_improved,midweek_partial,True,False,-0.1112,1.2387,-1.35,1.1738,expanding,0.2535714285714291,-0.0394,False,False,False,False,True,,,,,1_0
000157,2026-01-23,L2,5,5,1.954,2.1502,1.0393,1.1109,0.9088,1.0,double_positive_efficiency_improved,completed_week,True,False,0.0,-1.2249,1.2249,1.8578,expanding,0.26500000000000057,0.0,False,False,False,False,True,,,,,1_0
000157,2026-01-27,L2,2,5,-1.2387,,,,,0.4,double_positive_efficiency_improved,tuesday_C,True,False,-0.2275,-0.9019,0.6744,0.6064,shrinking,0.2914285714285718,-0.0686,False,False,False,False,True,,,,,1_0
000157,2026-01-29,L2,4,5,-1.1261,,,,,0.8,none,midweek_partial,False,False,0.5727,-0.4561,1.0288,1.0698,normal,0.28714285714285737,0.1741,False,False,False,False,True,,,,,0_0
000157,2026-02-02,L2,1,5,-1.3699,1.143,1.954,-0.811,1.0837,0.2,none,monday,False,False,-1.4823,-0.1139,-1.3684,1.3387,expanding,0.29714285714285715,-0.4375,False,False,False,False,True,,,,,0_0
000157,2026-02-04,L2,3,5,7.7626,5.8256,1.2387,4.5869,1.3325,0.6,negative_to_positive,midweek_partial,True,False,0.9626,8.2176,-7.255,0.5681,shrinking,0.27999999999999997,0.3214,False,False,False,False,True,,,,,1_0
000157,2026-02-06,L2,5,5,6.5068,5.8968,1.2387,4.6581,1.1034,1.0,negative_to_positive,completed_week,True,False,-0.4269,-0.7415,0.3146,0.9478,normal,0.3128571428571428,-0.1279,False,False,False,False,True,,,,,1_0
000157,2026-02-10,L2,2,5,1.574,,,,,0.4,negative_to_positive,tuesday_A,True,False,0.7284,3.0011,-2.2727,0.6829,shrinking,0.30071428571428555,0.2328,False,False,False,False,True,,,,,1_0
000157,2026-02-12,L2,4,5,3.4627,4.9575,6.5068,-1.5493,0.6985,0.8,none,midweek_partial,False,False,1.1282,0.7231,0.4051,1.0439,normal,0.31285714285714267,0.3516,False,False,True,True,True,,,True,False,0_1
000157,2026-02-24,L2,1,5,2.6777,,,,,0.2,none,tuesday_gate_failed,,False,3.8542,-2.6369,6.4911,1.4765,expanding,0.30214285714285694,1.2246,False,False,False,False,False,,,,,0_0
000157,2026-02-26,L2,3,5,2.9866,2.4793,0.7345,1.7448,1.2046,0.6,double_positive_efficiency_improved,midweek_partial,True,False,0.9082,-0.6018,1.51,0.9783,normal,0.3292857142857141,0.2733,True,True,False,False,True,False,True,,,1_1
000157,2026-03-02,L2,1,5,1.119,3.1755,0.7345,2.441,0.9081,0.2,double_positive_efficiency_improved,monday,True,False,-0.5005,-0.1,-0.4005,1.0874,normal,0.31928571428571423,-0.1566,False,False,False,False,True,,,,,1_0
000157,2026-03-04,L2,3,5,-2.645,,,,,0.6,none,midweek_partial,False,False,0.1046,-3.8229,3.9275,0.5802,shrinking,0.3114285714285713,0.0321,True,True,False,False,True,False,True,,,0_1
000157,2026-03-06,L2,5,5,0.2035,0.1962,2.8836,-2.6874,1.0371,1.0,none,completed_week,False,False,1.3374,1.5674,-0.2299,0.7797,shrinking,0.2914285714285713,0.4461,False,False,False,False,True,,,,,0_0
000157,2026-03-10,L2,2,5,0.7216,,,,,0.4,none,tuesday_gate_failed,,False,4.492,-5.0761,9.5681,0.8287,shrinking,0.30428571428571427,1.3803,True,False,False,False,False,False,True,,,0_0
000157,2026-03-12,L2,4,5,-3.9175,,,,,0.8,none,midweek_partial,False,False,-4.898,0.3071,-5.205,1.7621,expanding,0.3335714285714286,-1.439,False,False,False,False,True,,,,,0_0
000159,2026-03-02,L2,1,5,5.1351,4.9978,5.5398,-0.542,1.0624,0.2,negative_to_positive,monday,True,False,8.9636,1.7094,7.2542,4.9038,expanding,0.24285714285714263,2.6353,False,False,True,False,False,,,True,False,1_0
000159,2026-03-04,L2,3,5,-2.027,,,,,0.6,none,midweek_partial,False,True,-7.1703,0.3856,-7.5559,0.5489,shrinking,0.2578571428571426,-2.1717,False,False,False,False,True,,,,,0_0
000159,2026-03-06,L2,5,5,-2.7027,0.6287,5.3097,-4.681,4.299,1.0,none,completed_week,False,True,-0.9629,0.2759,-1.2387,0.6468,shrinking,0.3478571428571426,-0.2012,False,False,False,False,True,,,,,0_0
000159,2026-03-10,L2,2,5,-6.158,,,,,0.4,none,tuesday_gate_failed,,False,-2.095,-0.5556,-1.5394,0.7287,shrinking,0.347142857142857,-0.4321,False,False,False,False,True,,,,,0_0
000159,2026-03-12,L2,4,5,-8.8353,,,,,0.8,none,midweek_partial,False,False,-0.5839,-2.2825,1.6985,0.8249,shrinking,0.37857142857142845,-0.1057,False,False,False,False,True,,,,,0_0
000159,2026-03-16,L2,1,5,3.2787,21.8174,2.7027,19.1147,0.4479,0.2,none,monday,False,False,2.819,-1.0279,3.8469,1.3838,expanding,0.3878571428571428,0.4899,False,False,False,False,True,,,,,0_0
000159,2026-03-18,L2,3,5,-1.6393,,,,,0.6,none,midweek_partial,False,False,-1.7857,-3.0303,1.2446,0.7798,shrinking,0.38428571428571423,-0.3123,False,False,False,False,True,,,,,0_0
000166,2026-01-05,L2,1,5,0.5703,1.9213,0.9488,0.9725,0.5859,0.2,none,monday,False,False,0.3795,-0.1894,0.5689,1.7567,expanding,0.08071428571428577,0.2478,False,False,False,False,True,,,,,0_0
000166,2026-01-07,L2,3,5,3.2319,0.8309,1.1257,-0.2948,3.8897,0.6,negative_to_positive,midweek_partial,True,False,-1.0929,3.7807,-4.8736,0.5102,shrinking,0.08071428571428577,-0.7434,False,False,False,False,True,,,,,1_0
000166,2026-01-09,L2,5,5,1.711,0.4642,1.1257,-0.6615,3.6861,1.0,negative_to_positive,completed_week,True,False,0.5639,-2.0258,2.5897,0.7433,shrinking,0.08928571428571434,0.336,True,True,False,False,True,False,True,,,1_1
000166,2026-01-13,L2,2,5,0.1866,,,,,0.4,negative_to_positive,tuesday_A,True,False,-1.105,1.4953,-2.6003,0.7739,shrinking,0.08428571428571432,-0.7119,False,False,False,False,True,,,,,1_0
000166,2026-01-15,L2,4,5,-2.0522,,,,,0.8,none,midweek_partial,False,False,-1.6854,-0.5587,-1.1267,0.8553,shrinking,0.09285714285714285,-0.9692,False,False,False,False,True,,,,,0_0
000166,2026-01-19,L2,1,5,-0.7722,3.7139,1.711,2.0029,0.9042,0.2,none,monday,False,False,-0.7722,-1.3333,0.5611,1.4192,expanding,0.10214285714285706,-0.3916,False,False,False,False,True,,,,,0_0
000166,2026-01-21,L2,3,5,-1.1583,,,,,0.6,none,midweek_partial,False,False,-0.9671,0.5837,-1.5508,0.9307,normal,0.10642857142857132,-0.4698,False,False,False,False,True,,,,,0_0
000166,2026-01-23,L2,5,5,-1.5444,1.8067,3.3582,-1.5515,0.8548,1.0,none,completed_week,False,False,-0.3906,0.0,-0.3906,1.4829,expanding,0.10714285714285701,-0.1867,False,False,False,False,True,,,,,0_0
000166,2026-01-27,L2,2,5,-0.5882,,,,,0.4,none,tuesday_gate_failed,,False,-1.1696,0.5882,-1.7578,0.8374,shrinking,0.10499999999999979,-0.5714,False,False,False,False,True,,,,,0_0
000166,2026-01-29,L2,4,5,1.3725,0.9422,1.5444,-0.6022,1.4568,0.8,negative_to_positive,midweek_partial,True,False,1.1742,0.789,0.3852,1.2177,expanding,0.09499999999999968,0.6316,False,False,True,True,True,,,True,False,1_1
000166,2026-02-02,L2,1,5,-1.1788,0.4148,1.5444,-1.1296,1.4181,0.2,none,monday,False,False,-0.789,-1.9342,1.1453,0.9677,normal,0.09642857142857116,-0.4148,False,False,False,False,True,,,,,0_0
000166,2026-02-04,L2,3,5,-0.1965,,,,,0.6,none,midweek_partial,False,False,1.1952,-0.1988,1.394,0.8705,shrinking,0.09285714285714253,0.6462,True,True,False,False,True,False,True,,,0_1
000166,2026-02-06,L2,5,5,-0.3929,0.5817,0.5882,-0.0065,0.6755,1.0,none,completed_week,False,False,-0.5882,0.3937,-0.9819,0.7718,shrinking,0.08714285714285687,-0.3443,False,False,False,False,True,,,,,0_0
000166,2026-02-10,L2,2,5,0.0,,,,,0.4,none,tuesday_gate_failed,,False,-0.1957,0.789,-0.9846,0.8654,shrinking,0.08142857142857121,-0.1228,False,False,False,False,True,,,,,0_0
000166,2026-02-12,L2,4,5,-0.7843,,,,,0.8,none,midweek_partial,False,False,-0.5894,-0.1961,-0.3933,1.2554,expanding,0.07928571428571411,-0.3784,False,False,False,False,True,,,,,0_0
000166,2026-02-24,L2,1,5,-0.7921,,,,,0.2,none,tuesday_gate_failed,,False,-0.1992,-0.7905,0.5913,1.0066,normal,0.07785714285714278,-0.1284,False,False,False,False,True,,,,,0_0
000166,2026-02-26,L2,3,5,-0.9901,,,,,0.6,none,midweek_partial,False,False,-0.7937,0.5988,-1.3925,0.8128,shrinking,0.07500000000000005,-0.5333,False,False,False,False,True,,,,,0_0
000301,2026-01-05,L2,1,5,-2.3723,1.6918,5.7199,-4.0281,1.2188,0.2,none,monday,False,False,-1.7447,-4.2216,2.4769,0.8674,shrinking,0.3385714285714282,-0.5612,False,False,False,False,True,,,,,0_0
000301,2026-01-07,L2,3,5,-1.8248,,,,,0.6,none,midweek_partial,False,False,-1.1938,1.7757,-2.9695,0.5395,shrinking,0.3885714285714283,-0.3346,False,False,False,False,True,,,,,0_0
000301,2026-01-09,L2,5,5,-2.646,2.7294,2.0619,0.6675,0.9695,1.0,none,completed_week,False,False,-1.0204,0.1859,-1.2063,1.0939,normal,0.36999999999999983,-0.2973,False,False,False,False,True,,,,,0_0
000301,2026-01-13,L2,2,5,0.2812,,,,,0.4,none,tuesday_gate_failed,,False,0.8483,-0.5623,1.4106,1.4044,expanding,0.39142857142857135,0.2299,False,False,False,False,True,,,,,0_0
000301,2026-01-15,L2,4,5,-0.0937,,,,,0.8,none,midweek_partial,False,False,-1.3876,1.028,-2.4156,0.6338,shrinking,0.40357142857142847,-0.3717,False,False,False,False,True,,,,,0_0
000301,2026-01-19,L2,1,5,6.8204,1.3277,2.646,-1.3183,1.0588,0.2,none,monday,False,False,5.7034,-1.3133,7.0167,1.71,expanding,0.41499999999999976,1.4458,False,False,False,False,False,,,,,0_0
000301,2026-01-21,L2,3,5,7.877,5.2871,1.4058,3.8813,1.4899,0.6,negative_to_positive,midweek_partial,True,False,-0.089,1.0791,-1.1681,1.3434,expanding,0.46142857142857147,-0.0217,False,False,False,False,True,,,,,1_0
000301,2026-01-23,L2,5,5,16.0423,8.8567,1.4058,7.4509,1.8113,1.0,negative_to_positive,completed_week,True,False,6.4317,1.0686,5.3632,1.8057,expanding,0.42857142857142855,1.7033,False,False,True,False,False,,,True,False,1_0
000301,2026-01-27,L2,2,5,3.2312,,,,,0.4,negative_to_positive,tuesday_A,True,False,1.3008,1.8212,-0.5204,0.7788,shrinking,0.4285714285714287,0.3733,False,False,False,False,True,,,,,1_0
000301,2026-01-29,L2,4,5,6.2966,5.0478,16.0423,-10.9945,1.2474,0.8,none,midweek_partial,False,False,1.0236,1.9262,-0.9025,0.9006,normal,0.47357142857142864,0.2745,False,False,False,False,True,,,,,0_0
000301,2026-02-02,L2,1,5,-6.9519,7.7008,16.0423,-8.3415,1.2372,0.2,none,monday,False,False,-7.8669,3.0398,-10.9066,1.0734,normal,0.5121428571428572,-2.0307,False,False,False,False,True,,,,,0_0
000301,2026-02-04,L2,3,5,-2.9794,,,,,0.6,none,midweek_partial,False,False,1.1146,3.1199,-2.0052,0.682,shrinking,0.6014285714285716,0.2328,False,False,False,False,True,,,,,0_0
000301,2026-02-06,L2,5,5,-2.2918,3.6212,9.5278,-5.9066,0.6329,1.0,none,completed_week,False,False,2.075,-1.3386,3.4136,1.5638,expanding,0.6121428571428575,0.4247,False,False,False,False,True,,,,,0_0
000301,2026-02-10,L2,2,5,-1.391,,,,,0.4,none,tuesday_gate_failed,,False,-1.8462,1.6419,-3.4881,1.2806,expanding,0.6135714285714288,-0.3912,False,False,False,False,True,,,,,0_0
000301,2026-02-12,L2,4,5,0.3864,0.4651,2.2918,-1.8267,0.8308,0.8,negative_to_positive,midweek_partial,True,False,-1.5909,3.4483,-5.0392,0.5699,shrinking,0.6235714285714288,-0.3368,False,False,False,False,True,,,,,1_0
000301,2026-02-24,L2,1,5,2.0233,,,,,0.2,none,tuesday_gate_failed,,False,4.379,-3.3102,7.6892,1.3088,expanding,0.635,0.8661,False,False,False,False,False,,,,,0_0
000301,2026-02-26,L2,3,5,1.0117,0.806,2.9366,-2.1306,1.2552,0.6,negative_to_positive,midweek_partial,True,False,-3.2787,2.3646,-5.6433,1.0259,normal,0.6171428571428573,-0.713,False,False,False,False,True,,,,,1_0
000301,2026-03-02,L2,1,5,0.7605,1.3416,2.9366,-1.595,0.9861,0.2,negative_to_positive,monday,True,False,1.7665,0.3082,1.4583,1.4832,expanding,0.6064285714285715,0.3793,False,False,True,True,True,,,True,False,1_1
000301,2026-03-04,L2,3,5,4.2586,1.6379,1.323,0.3149,2.6,0.6,double_positive_efficiency_improved,midweek_partial,True,False,-5.9671,10.0377,-16.0048,0.993,normal,0.5464285714285715,-1.5922,False,False,False,False,True,,,,,1_0
000301,2026-03-06,L2,5,5,-1.673,0.7327,1.323,-0.5903,2.2833,1.0,none,completed_week,False,True,-3.723,-2.0423,-1.6807,0.6203,shrinking,0.6785714285714286,-0.7368,False,False,False,False,True,,,,,0_0
000333,2026-01-05,L2,1,5,-1.6992,1.24,0.5422,0.6978,0.6551,0.2,none,monday,False,False,0.6782,-0.8878,1.5659,1.5393,expanding,1.1428571428571428,0.4637,False,False,False,False,True,,,,,0_0
000333,2026-01-07,L2,3,5,-0.8371,,,,,0.6,none,midweek_partial,False,False,0.6722,0.2034,0.4689,0.8844,shrinking,1.3299999999999994,0.3985,True,True,True,True,True,True,False,True,False,0_1
000333,2026-01-09,L2,5,5,-0.3373,0.131,0.8123,-0.6813,2.5754,1.0,none,completed_week,False,True,0.9364,-0.4284,1.3647,1.0913,normal,1.3892857142857125,0.5326,False,False,False,False,True,,,,,0_0
000333,2026-01-13,L2,2,5,-4.4873,,,,,0.4,none,tuesday_gate_failed,,False,-3.0781,-1.4416,-1.6365,1.8013,expanding,1.3499999999999983,-1.7926,False,False,False,False,True,,,,,0_0
000333,2026-01-15,L2,4,5,-3.2088,,,,,0.8,none,midweek_partial,False,True,0.0907,1.2467,-1.156,0.6676,shrinking,1.529285714285712,0.0458,False,False,False,False,True,,,,,0_0
000333,2026-01-19,L2,1,5,0.3231,2.2047,0.3373,1.8674,1.4043,0.2,none,monday,False,False,0.401,0.1166,0.2844,0.9046,normal,1.558571428571426,0.1989,True,True,True,True,True,True,False,True,False,0_1
000333,2026-01-21,L2,3,5,0.5299,0.7519,3.096,-2.3441,0.7048,0.6,negative_to_positive,midweek_partial,True,False,-1.5443,1.7779,-3.3222,0.8083,shrinking,1.5992857142857122,-0.7628,False,False,False,False,True,,,,,1_0
000333,2026-01-23,L2,5,5,-0.7626,1.1139,3.096,-1.9821,0.6846,1.0,none,completed_week,False,False,-0.9162,-0.3728,-0.5434,1.0862,normal,1.662857142857142,-0.427,False,False,False,False,True,,,,,0_0
000333,2026-01-27,L2,2,5,-0.9115,,,,,0.4,none,tuesday_gate_failed,,False,-0.3274,-0.56,0.2326,0.6886,shrinking,1.462142857142857,-0.171,False,False,False,False,True,,,,,0_0
000333,2026-01-29,L2,4,5,1.4062,1.0302,0.7626,0.2676,1.365,0.8,negative_to_positive,midweek_partial,True,False,3.3714,-0.9987,4.3701,0.9897,normal,1.4200000000000017,1.7887,True,True,False,False,True,False,True,,,1_1
000333,2026-02-02,L2,1,5,0.3222,0.7478,0.7626,-0.0148,1.3756,0.2,negative_to_positive,monday,True,False,0.3351,-0.3724,0.7075,0.6496,shrinking,1.5635714285714297,0.1663,True,True,False,False,True,False,True,,,1_1
000333,2026-02-04,L2,3,5,2.8479,4.0863,1.0286,3.0577,0.6969,0.6,double_positive_efficiency_improved,midweek_partial,True,False,2.4387,0.0771,2.3616,1.1277,expanding,1.462142857142858,1.2995,False,False,True,True,True,,,True,False,1_1
000333,2026-02-06,L2,5,5,2.5,3.5443,1.0286,2.5157,0.7054,1.0,double_positive_efficiency_improved,completed_week,True,False,-1.1311,0.8019,-1.933,0.7283,shrinking,1.5014285714285722,-0.6061,False,False,False,False,True,,,,,1_0
000333,2026-02-10,L2,2,5,1.2756,,,,,0.4,double_positive_efficiency_improved,tuesday_B,True,False,1.3012,-0.4777,1.7789,0.9149,normal,1.5828571428571425,0.6507,True,True,False,False,True,False,True,,,1_1
000333,2026-02-12,L2,4,5,0.783,1.1105,2.5,-1.3895,0.7051,0.8,none,midweek_partial,False,False,0.138,-0.6235,0.7616,0.9531,normal,1.5050000000000006,0.0731,True,True,False,False,True,False,True,,,0_1
000333,2026-02-24,L2,1,5,-0.8479,,,,,0.2,none,tuesday_gate_failed,,False,0.5946,-0.9398,1.5344,0.9899,normal,1.462142857142858,0.3214,True,True,False,False,True,False,True,,,0_1
000333,2026-02-26,L2,3,5,-1.1845,,,,,0.6,none,midweek_partial,False,False,-0.5646,0.2264,-0.791,0.887,shrinking,1.4342857142857153,-0.3137,False,False,False,False,True,,,,,0_0
000333,2026-03-02,L2,1,5,-0.7051,2.513,0.1642,2.3488,0.774,0.2,none,monday,False,False,-1.5132,-0.7697,-0.7435,1.363,expanding,1.3507142857142864,-0.881,False,False,False,False,True,,,,,0_0
000333,2026-03-04,L2,3,5,-2.359,,,,,0.6,none,midweek_partial,False,False,-0.5225,-1.1491,0.6267,0.9894,normal,1.3407142857142864,-0.2983,False,False,False,False,True,,,,,0_0
000333,2026-03-06,L2,5,5,-1.8974,1.5057,1.9451,-0.4394,1.2602,1.0,none,completed_week,False,False,0.3278,0.1444,0.1834,1.0496,normal,1.2621428571428583,0.1981,False,False,False,False,True,,,,,0_0
000333,2026-03-10,L2,2,5,1.1488,,,,,0.4,none,tuesday_gate_failed,,False,1.578,-1.4506,3.0286,0.8058,shrinking,1.1835714285714292,1.0054,True,True,False,False,True,False,True,,,0_1
000333,2026-03-12,L2,4,5,2.2052,2.4171,1.8974,0.5197,0.9123,0.8,negative_to_positive,midweek_partial,True,False,0.0129,1.0313,-1.0184,0.769,shrinking,1.212142857142857,0.0082,False,False,False,False,True,,,,,1_0
000333,2026-03-16,L2,1,5,0.1568,1.6965,1.8974,-0.2009,0.8796,0.2,negative_to_positive,monday,True,False,-0.2862,-0.6977,0.4114,1.0977,normal,1.288571428571427,-0.1707,False,False,False,False,True,,,,,1_0
000333,2026-03-18,L2,3,5,0.7057,0.7511,1.4921,-0.741,0.9395,0.6,none,midweek_partial,False,False,0.6005,-0.0522,0.6527,0.9376,normal,1.2435714285714252,0.3699,True,True,False,False,True,False,True,,,0_1
000333,2026-03-20,L2,5,5,-1.8296,1.8778,1.4921,0.3857,0.9743,1.0,none,completed_week,False,False,-1.1579,-1.3756,0.2177,0.9415,normal,1.1771428571428544,-0.7476,False,False,False,False,True,,,,,0_0
000333,2026-03-24,L2,2,5,0.3786,,,,,0.4,none,tuesday_gate_failed,,False,1.1721,-2.3296,3.5017,0.5782,shrinking,1.1214285714285686,0.7669,True,True,False,False,True,False,True,,,0_1
000333,2026-03-26,L2,4,5,0.5003,0.3933,1.8296,-1.4363,1.2721,0.8,negative_to_positive,midweek_partial,True,False,-0.6417,0.7679,-1.4096,0.9574,normal,1.2685714285714258,-0.3784,False,False,False,False,True,,,,,1_0
000338,2026-01-05,L2,1,5,0.9867,2.8512,0.2274,2.6238,0.6602,0.2,none,monday,False,False,1.1628,-0.9217,2.0844,1.6064,expanding,0.44571428571428584,0.4487,False,False,False,False,True,,,,,0_0
000338,2026-01-07,L2,3,5,3.4243,1.5431,1.8825,-0.3394,2.2191,0.6,negative_to_positive,midweek_partial,True,False,0.906,1.4943,-0.5883,0.9646,normal,0.43928571428571445,0.3642,False,False,False,False,True,,,,,1_0
000338,2026-01-09,L2,5,5,6.4423,2.557,1.8825,0.6745,2.5195,1.0,negative_to_positive,completed_week,True,False,4.3231,-1.3468,5.6699,2.2383,expanding,0.427857142857143,1.7763,False,False,False,False,False,,,,,1_0
000338,2026-01-13,L2,2,5,1.7675,,,,,0.4,negative_to_positive,tuesday_A,True,False,0.8493,2.7263,-1.877,0.7714,shrinking,0.464285714285714,0.3446,False,False,False,False,True,,,,,1_0
000338,2026-01-15,L2,4,5,8.195,4.3211,6.4423,-2.1212,1.8965,0.8,none,midweek_partial,False,False,4.1774,2.0526,2.1248,0.8935,shrinking,0.49214285714285716,1.6459,True,False,True,False,False,True,False,True,False,0_0
000338,2026-01-19,L2,1,5,7.381,5.8488,6.4423,-0.5935,2.0788,0.2,none,monday,False,False,7.6886,3.6634,4.0253,1.0984,normal,0.588571428571429,2.7354,False,False,True,False,False,,,True,False,0_0
000338,2026-01-21,L2,3,5,7.4286,5.9806,12.1585,-6.1779,1.2421,0.6,none,midweek_partial,False,False,4.4444,-4.2129,8.6573,1.1117,expanding,0.7828571428571429,1.2263,False,False,False,False,False,,,,,0_0
000338,2026-01-23,L2,5,5,11.9048,10.0666,12.1585,-2.0919,1.1826,1.0,none,completed_week,False,False,5.0984,-0.8865,5.9849,1.3688,expanding,0.9299999999999999,1.2258,False,False,False,False,False,,,,,0_0
000338,2026-01-27,L2,2,5,-0.4561,,,,,0.4,none,tuesday_gate_failed,,False,-1.2747,3.4894,-4.764,0.5425,shrinking,1.0335714285714286,-0.2999,False,False,False,False,True,,,,,0_0
000338,2026-01-29,L2,4,5,-3.6899,,,,,0.8,none,midweek_partial,False,True,-2.1895,-1.0829,-1.1066,1.1191,expanding,1.203571428571428,-0.432,False,False,False,False,True,,,,,0_0
000338,2026-02-02,L2,1,5,-3.9574,1.7509,11.9048,-10.1539,0.8998,0.2,none,monday,False,False,-4.9284,2.1954,-7.1238,0.9779,normal,1.2471428571428569,-0.9381,False,False,False,False,True,,,,,0_0
000338,2026-02-04,L2,3,5,7.1915,9.4572,1.5755,7.8817,0.7604,0.6,negative_to_positive,midweek_partial,True,False,3.6199,7.7093,-4.0894,1.1188,expanding,1.3228571428571432,0.6652,False,False,False,False,False,,,,,1_0
000338,2026-02-06,L2,5,5,1.1915,1.7607,1.5755,0.1852,0.6767,1.0,negative_to_positive,completed_week,True,False,-2.6607,-3.0171,0.3564,0.9602,normal,1.3742857142857143,-0.473,False,False,False,False,True,,,,,1_0
000338,2026-02-10,L2,2,5,5.5873,,,,,0.4,negative_to_positive,tuesday_A,True,False,0.5828,8.2422,-7.6595,0.7194,shrinking,1.2614285714285718,0.1189,False,False,False,False,True,,,,,1_0
000338,2026-02-12,L2,4,5,14.478,13.9432,1.1915,12.7517,1.0384,0.8,double_positive_efficiency_improved,midweek_partial,True,False,8.0863,0.309,7.7773,1.8357,expanding,1.270714285714286,1.6526,False,False,True,False,False,,,True,False,1_0
000338,2026-02-24,L2,1,5,6.6716,,,,,0.2,double_positive_efficiency_improved,tuesday_A,True,False,8.6226,-4.56,13.1826,1.5525,expanding,1.3264285714285717,1.7415,False,False,False,False,False,,,,,1_0
000338,2026-02-26,L2,3,5,7.1114,4.4813,9.2577,-4.7764,1.5869,0.6,none,midweek_partial,False,False,2.4544,-1.9931,4.4475,0.826,shrinking,1.361428571428572,0.5142,True,True,False,False,True,False,True,,,0_1
000338,2026-03-02,L2,1,5,0.8,1.7662,9.2577,-7.4915,1.2038,0.2,none,monday,False,False,-0.5025,-4.6543,4.1518,0.8178,shrinking,1.4814285714285718,-0.0945,False,False,False,False,True,,,,,0_0
000338,2026-03-04,L2,3,5,-3.9273,,,,,0.6,none,midweek_partial,False,False,-0.1512,-4.5455,4.3943,0.611,shrinking,1.4985714285714287,-0.0267,False,False,False,False,True,,,,,0_0
000338,2026-03-06,L2,5,5,2.4,2.3139,2.1261,0.1878,1.0372,1.0,double_positive_efficiency_improved,completed_week,True,False,0.8957,5.6397,-4.7439,1.0315,normal,1.5007142857142857,0.1666,False,False,False,False,True,,,,,1_0
000338,2026-03-10,L2,2,5,4.1948,,,,,0.4,double_positive_efficiency_improved,tuesday_B,True,False,4.3511,-5.3267,9.6778,0.8863,shrinking,1.639285714285714,0.7076,True,False,False,False,False,False,True,,,1_0
000400,2026-03-02,L2,1,5,3.6276,3.4329,0.0,3.4329,1.2276,0.2,negative_to_positive,monday,True,False,1.1912,-0.3125,1.5037,1.952,expanding,1.1771428571428568,0.3228,False,False,True,True,True,,,False,True,1_1
000400,2026-03-04,L2,3,5,1.6693,0.9406,4.2143,-3.2737,1.7748,0.6,none,midweek_partial,False,False,2.3594,-4.1512,6.5106,1.1347,expanding,1.1049999999999993,0.6606,False,False,False,False,True,,,,,0_0
000400,2026-03-06,L2,5,5,7.9615,3.6655,4.2143,-0.5488,2.172,1.0,none,completed_week,False,False,-0.444,6.6625,-7.1065,0.8012,shrinking,1.2049999999999994,-0.1245,False,False,False,False,True,,,,,0_0
000400,2026-03-10,L2,2,5,0.0595,,,,,0.4,none,tuesday_gate_failed,,False,-1.0303,1.011,-2.0413,0.8094,shrinking,1.2364285714285708,-0.2831,False,False,False,False,True,,,,,0_0
000400,2026-03-12,L2,4,5,-3.75,,,,,0.8,none,midweek_partial,False,False,-1.9406,-1.9036,-0.0369,0.8504,shrinking,1.3378571428571422,-0.4784,False,False,False,False,True,,,,,0_0
000407,2026-01-05,L2,1,5,-1.9802,7.6805,13.2609,-5.5804,0.4748,0.2,none,monday,False,False,-1.3944,-3.0888,1.6944,0.7528,shrinking,0.2828571428571428,-0.2475,False,False,False,False,True,,,,,0_0
000407,2026-01-07,L2,3,5,-2.3762,,,,,0.6,none,midweek_partial,False,False,-1.9881,1.6162,-3.6042,0.9513,normal,0.27857142857142847,-0.359,False,False,False,False,True,,,,,0_0
000407,2026-01-09,L2,5,5,0.0,0.0,3.6468,-3.6468,0.8485,1.0,none,completed_week,False,False,2.2267,0.2028,2.0239,1.5638,expanding,0.2721428571428571,0.4042,False,False,False,False,True,,,,,0_0
000407,2026-01-13,L2,2,5,0.0,,,,,0.4,none,tuesday_gate_failed,,False,0.3976,-0.396,0.7937,1.7304,expanding,0.27142857142857135,0.0737,False,False,False,False,True,,,,,0_0
000407,2026-01-15,L2,4,5,-2.1782,,,,,0.8,none,midweek_partial,False,False,-3.7037,1.5842,-5.2879,0.8466,shrinking,0.24642857142857144,-0.771,False,False,False,False,True,,,,,0_0
000407,2026-01-19,L2,1,5,2.3013,3.5743,0.0,3.5743,1.4958,0.2,none,monday,False,False,2.3013,-3.2389,5.5401,0.5926,shrinking,0.22571428571428578,0.4873,True,True,False,False,True,False,True,,,0_1
000407,2026-01-21,L2,3,5,1.2552,2.0164,5.3465,-3.3301,0.6225,0.6,negative_to_positive,midweek_partial,True,False,-0.2062,-0.818,0.6118,0.6696,shrinking,0.19857142857142865,-0.0504,False,False,False,False,True,,,,,1_0
000407,2026-01-23,L2,5,5,11.9247,10.0684,5.3465,4.7219,1.1844,1.0,negative_to_positive,completed_week,True,False,0.5639,9.9174,-9.3534,1.6539,expanding,0.17714285714285724,0.1694,False,False,False,False,True,,,,,1_0
000407,2026-01-27,L2,2,5,-1.8315,,,,,0.4,negative_to_positive,tuesday_A,True,False,-2.3679,2.6168,-4.9848,0.6211,shrinking,0.20500000000000013,-0.6341,False,False,False,False,True,,,,,1_0
000407,2026-01-29,L2,4,5,2.1978,1.4907,11.9247,-10.434,1.4743,0.8,none,midweek_partial,False,False,3.3333,0.7463,2.5871,1.6422,expanding,0.22642857142857156,0.795,False,False,True,True,True,,,True,False,0_1
000407,2026-02-02,L2,1,5,-4.0153,2.2273,11.9247,-9.6974,1.3979,0.2,none,monday,False,False,-5.104,-5.1971,0.0932,0.6451,shrinking,0.25071428571428583,-1.0769,False,False,False,False,True,,,,,0_0
000407,2026-02-04,L2,3,5,-2.1033,,,,,0.6,none,midweek_partial,False,False,2.4,-0.3984,2.7984,0.8303,shrinking,0.28142857142857153,0.4264,True,True,False,False,True,False,True,,,0_1
000407,2026-02-06,L2,5,5,-2.6769,7.0426,3.1136,3.929,0.3801,1.0,none,completed_week,False,False,0.9921,-1.5625,2.5546,1.1501,expanding,0.27999999999999997,0.1786,False,False,False,False,True,,,,,0_0
000407,2026-02-10,L2,2,5,-0.7797,,,,,0.4,none,tuesday_gate_failed,,False,-1.165,1.1788,-2.3438,0.8477,shrinking,0.2721428571428572,-0.2205,False,False,False,False,True,,,,,0_0
000407,2026-02-12,L2,4,5,-4.0936,,,,,0.8,none,midweek_partial,False,False,-2.1869,-1.1788,-1.0081,1.4842,expanding,0.26500000000000007,-0.4151,False,False,False,False,True,,,,,0_0
000407,2026-02-24,L2,1,5,4.8387,,,,,0.2,none,tuesday_gate_failed,,False,5.9063,-0.2033,6.1096,3.0031,expanding,0.23071428571428573,1.257,False,False,False,False,False,,,,,0_0
000407,2026-02-26,L2,3,5,3.8306,2.2825,4.2885,-2.006,1.6782,0.6,negative_to_positive,midweek_partial,True,False,-1.341,0.3846,-1.7256,0.6866,shrinking,0.2207142857142857,-0.3172,False,False,False,False,True,,,,,1_0
000407,2026-03-02,L2,1,5,-0.9294,4.1941,4.2885,-0.0944,1.2018,0.2,negative_to_positive,monday,True,False,2.3033,1.165,1.1382,3.0823,expanding,0.20357142857142854,0.5895,False,False,True,True,True,,,True,False,1_1
000407,2026-03-04,L2,3,5,4.6468,1.8549,5.0403,-3.1854,2.5051,0.6,none,midweek_partial,False,False,-3.9249,9.9437,-13.8686,6.8138,expanding,0.17642857142857135,-1.3036,False,False,False,False,True,,,,,0_0
000407,2026-03-06,L2,5,5,-1.3011,0.5325,5.0403,-4.5078,2.4436,1.0,none,completed_week,False,True,-1.8484,-3.9076,2.0592,0.6095,shrinking,0.23785714285714285,-0.4204,False,False,False,False,True,,,,,0_0
000407,2026-03-10,L2,2,5,-7.8431,,,,,0.4,none,tuesday_gate_failed,,False,-2.6365,0.0,-2.6365,0.6041,shrinking,0.25785714285714284,-0.5429,False,False,False,False,True,,,,,0_0
000407,2026-03-12,L2,4,5,-7.4866,,,,,0.8,none,midweek_partial,False,False,0.9728,-0.5803,1.553,1.1753,expanding,0.285,0.1754,False,False,False,False,True,,,,,0_0
000407,2026-03-16,L2,1,5,-0.3953,14.8544,1.3011,13.5533,0.624,0.2,none,monday,False,False,-0.9823,-1.9268,0.9445,0.6373,shrinking,0.2842857142857142,-0.1759,False,False,False,False,True,,,,,0_0
000407,2026-03-18,L2,3,5,-1.581,,,,,0.6,none,midweek_partial,False,False,-1.3861,0.1984,-1.5846,1.3577,expanding,0.27071428571428563,-0.2586,False,False,False,False,True,,,,,0_0
000407,2026-03-20,L2,5,5,-0.9881,1.2985,9.2692,-7.9707,0.761,1.0,none,completed_week,False,False,-4.5714,5.4217,-9.9931,0.5802,shrinking,0.2657142857142857,-0.9032,False,False,False,False,True,,,,,0_0
000407,2026-03-24,L2,2,5,-2.834,,,,,0.4,none,tuesday_gate_failed,,False,2.3454,-6.3872,8.7326,0.6727,shrinking,0.2942857142857142,0.3738,True,True,False,False,True,False,True,,,0_1
000407,2026-03-26,L2,4,5,-2.0243,,,,,0.8,none,midweek_partial,False,False,-0.616,1.4583,-2.0743,1.019,normal,0.23785714285714268,-0.1261,False,False,False,False,True,,,,,0_0
000407,2026-03-30,L2,1,5,-2.0202,0.0,0.9881,-0.9881,0.6933,0.2,none,monday,False,False,-1.8219,2.0661,-3.888,0.7999,shrinking,0.21857142857142836,-0.4118,False,False,False,False,True,,,,,0_0
000408,2026-01-05,L2,1,5,5.8581,6.2248,6.9298,-0.705,0.5692,0.2,none,monday,False,False,6.6232,0.6079,6.0153,1.5168,expanding,3.589285714285716,1.5574,False,False,True,False,False,,,True,False,0_0
000408,2026-01-07,L2,3,5,7.2227,3.7748,3.5429,0.2319,1.9134,0.6,negative_to_positive,midweek_partial,True,False,-0.9454,2.2558,-3.2013,0.7735,shrinking,3.885714285714287,-0.2239,False,False,False,False,True,,,,,1_0
000408,2026-01-09,L2,5,5,2.5879,1.3192,3.5429,-2.2237,1.9618,1.0,negative_to_positive,completed_week,True,False,-0.8977,-3.4558,2.5581,0.9106,normal,3.994285714285714,-0.1978,False,False,False,False,True,,,,,1_0
000408,2026-01-13,L2,2,5,0.0,,,,,0.4,negative_to_positive,tuesday_B,True,False,5.257,-2.064,7.321,1.0753,normal,4.143571428571428,1.0836,False,False,False,False,False,,,,,1_0
000408,2026-01-15,L2,4,5,0.7786,0.7083,2.5879,-1.8796,1.0993,0.8,none,midweek_partial,False,False,0.9696,-0.1891,1.1587,0.9322,normal,4.369285714285714,0.1991,True,True,True,True,True,False,True,False,True,0_1
000408,2026-01-19,L2,1,5,1.2601,0.405,2.5879,-2.1829,1.0711,0.2,none,monday,False,False,0.5474,-1.2031,1.7505,0.7796,shrinking,4.36,0.1124,True,True,False,False,True,False,True,,,0_1
000408,2026-01-21,L2,3,5,2.9028,4.0035,0.4338,3.5697,0.7251,0.6,negative_to_positive,midweek_partial,True,False,0.0109,1.6111,-1.6002,0.7531,shrinking,4.327857142857142,0.0023,False,False,False,False,True,,,,,1_0
000408,2026-01-23,L2,5,5,5.1868,7.148,0.4338,6.7142,0.7256,1.0,negative_to_positive,completed_week,True,False,1.7191,0.492,1.2271,1.0958,normal,4.227857142857141,0.3737,False,False,True,True,True,,,True,False,1_1
000408,2026-01-27,L2,2,5,-4.2553,,,,,0.4,negative_to_positive,tuesday_A,True,False,-5.1333,1.4761,-6.6094,1.4612,expanding,3.9771428571428564,-1.2245,False,False,False,False,True,,,,,1_0
000408,2026-01-29,L2,4,5,-2.8617,,,,,0.8,none,midweek_partial,False,False,2.0223,-0.5556,2.5779,1.0496,normal,4.185714285714286,0.4324,False,False,False,False,True,,,,,0_0
000408,2026-02-02,L2,1,5,0.2206,4.4571,5.1868,-0.7297,1.8379,0.2,none,monday,False,False,-5.2491,-5.4868,0.2377,0.9327,normal,4.314285714285716,-1.05,False,False,False,False,True,,,,,0_0
000408,2026-02-04,L2,3,5,6.3488,8.194,8.1915,0.0025,0.7748,0.6,negative_to_positive,midweek_partial,True,False,-0.6071,6.7629,-7.37,0.8006,shrinking,4.485000000000001,-0.1182,False,False,False,False,True,,,,,1_0
000408,2026-02-06,L2,5,5,1.7282,2.3649,8.1915,-5.8266,0.7307,1.0,negative_to_positive,completed_week,True,False,0.5329,-4.8519,5.3849,0.8199,shrinking,4.53857142857143,0.0969,True,True,False,False,True,False,True,,,1_1
000408,2026-02-10,L2,2,5,-0.4798,,,,,0.4,negative_to_positive,tuesday_C,True,False,0.2003,2.253,-2.0527,0.7808,shrinking,4.674285714285715,0.0364,False,False,False,False,True,,,,,1_0
000408,2026-02-12,L2,4,5,-0.1404,,,,,0.8,none,midweek_partial,False,False,0.5776,-0.2352,0.8127,1.3462,expanding,4.432142857142857,0.1106,False,False,True,True,True,,,False,True,0_1
000408,2026-02-24,L2,1,5,-1.1587,,,,,0.2,none,tuesday_gate_failed,,False,0.9418,-2.9415,3.8833,0.8118,shrinking,4.315,0.1808,True,True,False,False,True,False,True,,,0_1
000408,2026-02-26,L2,3,5,2.8612,1.9798,3.0778,-1.098,1.4452,0.6,negative_to_positive,midweek_partial,True,False,2.5943,1.4354,1.1589,1.3784,expanding,3.906428571428571,0.5632,False,False,True,True,True,,,True,False,1_1
000408,2026-03-02,L2,1,5,-0.5435,1.6523,3.0778,-1.4255,1.1306,0.2,negative_to_positive,monday,True,False,-0.1741,-0.9655,0.7914,1.3594,expanding,3.760714285714284,-0.0399,False,False,False,False,True,,,,,1_0
000408,2026-03-04,L2,3,5,-6.3714,,,,,0.6,none,midweek_partial,False,False,1.1493,-6.9294,8.0787,0.7069,shrinking,3.2949999999999986,0.2792,True,True,False,False,True,False,True,,,0_1
000408,2026-03-06,L2,5,5,-7.0305,5.0424,1.8681,3.1743,1.3943,1.0,none,completed_week,False,False,-0.6549,-0.0494,-0.6055,1.0997,normal,3.3585714285714263,-0.1578,False,False,False,False,True,,,,,0_0
000408,2026-03-10,L2,2,5,5.413,,,,,0.4,none,tuesday_gate_failed,,False,2.2052,0.9577,1.2475,0.4973,shrinking,2.89642857142857,0.618,True,True,True,True,True,True,False,True,False,0_1
000408,2026-03-12,L2,4,5,2.4269,3.0838,7.0305,-3.9467,0.787,0.8,negative_to_positive,midweek_partial,True,False,-2.2079,-0.6389,-1.5691,1.1939,expanding,3.097142857142857,-0.5876,False,False,False,False,True,,,,,1_0
000408,2026-03-16,L2,1,5,-1.0552,1.5871,7.0305,-5.4434,0.8326,0.2,negative_to_positive,monday,True,False,1.1287,-1.0793,2.2079,1.3011,expanding,3.1485714285714272,0.2858,False,False,False,False,True,,,,,1_0
000408,2026-03-30,L2,1,5,0.6584,14.3659,10.5767,3.7892,0.9092,0.2,negative_to_positive,monday,True,False,0.6584,3.4571,-2.7988,0.9669,normal,3.704999999999999,0.143,False,False,False,False,True,,,,,1_0
000409,2026-01-15,L2,4,5,6.3238,1.8281,6.205,-4.3769,3.4592,0.8,none,midweek_partial,False,False,-3.5195,10.0168,-13.5363,5.4136,expanding,0.2792857142857142,-1.6471,False,False,False,False,True,,,,,0_0
000410,2026-01-05,L2,1,5,1.5385,3.2054,1.1065,2.0989,0.5571,0.2,none,monday,False,False,1.5385,-0.9695,2.508,1.3547,expanding,0.14571428571428566,0.7549,False,False,False,False,True,,,,,0_0
000410,2026-01-07,L2,3,5,5.5944,1.6015,1.7857,-0.1842,3.4932,0.6,negative_to_positive,midweek_partial,True,False,2.027,1.9284,0.0987,1.4361,expanding,0.14928571428571422,1.0048,False,False,True,True,True,,,True,False,1_1
000410,2026-01-09,L2,5,5,7.4126,2.0112,1.7857,0.2255,3.6857,1.0,negative_to_positive,completed_week,True,False,-0.2597,1.9868,-2.2465,0.8225,shrinking,0.15285714285714277,-0.1308,False,False,False,False,True,,,,,1_0
000410,2026-01-13,L2,2,5,-0.6502,,,,,0.4,negative_to_positive,tuesday_A,True,False,-1.9255,1.4323,-3.3578,0.8677,shrinking,0.16999999999999993,-0.8824,False,False,False,False,True,,,,,1_0
000410,2026-01-15,L2,4,5,-2.7308,,,,,0.8,none,midweek_partial,False,False,-1.4493,-0.6545,-0.7948,0.6388,shrinking,0.18857142857142847,-0.5833,False,False,False,False,True,,,,,0_0
000410,2026-01-19,L2,1,5,2.4,2.8319,7.4126,-4.5807,0.8725,0.2,none,monday,False,False,2.4,0.2674,2.1326,1.3693,expanding,0.1949999999999999,0.9231,False,False,False,False,True,,,,,0_0
000410,2026-01-21,L2,3,5,2.9333,3.5337,2.4707,1.063,0.8301,0.6,negative_to_positive,midweek_partial,True,False,1.0471,-0.5208,1.568,1.318,expanding,0.2085714285714285,0.3836,False,False,False,False,True,,,,,1_0
000410,2026-01-23,L2,5,5,4.5333,5.2603,2.4707,2.7896,0.8618,1.0,negative_to_positive,completed_week,True,False,1.1613,0.3886,0.7727,1.3315,expanding,0.21857142857142842,0.4118,False,False,True,True,True,,,True,False,1_1
000410,2026-01-27,L2,2,5,4.0661,,,,,0.4,negative_to_positive,tuesday_A,True,False,-0.122,4.5918,-4.7138,0.5658,shrinking,0.2142857142857141,-0.0467,False,False,False,False,True,,,,,1_0
000410,2026-01-29,L2,4,5,-0.8895,,,,,0.8,none,midweek_partial,False,True,-2.7431,-2.0757,-0.6674,0.8454,shrinking,0.25214285714285706,-0.8725,False,False,False,False,True,,,,,0_0
000410,2026-02-02,L2,1,5,-2.6667,1.8705,4.5333,-2.6628,1.97,0.2,none,monday,False,False,-3.6939,-2.8205,-0.8734,0.712,shrinking,0.25142857142857133,-1.1136,False,False,False,False,True,,,,,0_0
000410,2026-02-04,L2,3,5,0.9333,2.4386,3.6849,-1.2463,0.3827,0.6,negative_to_positive,midweek_partial,True,False,1.7473,1.9178,-0.1705,1.4046,expanding,0.2614285714285714,0.4973,False,False,False,False,True,,,,,1_0
000410,2026-02-06,L2,5,5,-0.9333,2.4628,3.6849,-1.2221,0.379,1.0,none,completed_week,False,False,1.0884,-2.9062,3.9946,1.022,normal,0.25928571428571434,0.3085,False,False,False,False,True,,,,,0_0
000410,2026-02-10,L2,2,5,-0.7979,,,,,0.4,none,tuesday_gate_failed,,False,-0.6658,1.0767,-1.7425,0.908,normal,0.2678571428571429,-0.1867,False,False,False,False,True,,,,,0_0
000410,2026-02-12,L2,4,5,-1.0638,,,,,0.8,none,midweek_partial,False,False,0.6766,-0.9383,1.6149,1.4942,expanding,0.25071428571428583,0.1994,False,False,False,False,True,,,,,0_0
000410,2026-02-24,L2,1,5,0.8032,,,,,0.2,none,tuesday_gate_failed,,False,2.3098,-1.0753,3.3851,1.4716,expanding,0.25285714285714306,0.6723,False,False,False,False,True,,,,,0_0
000410,2026-02-26,L2,3,5,3.2129,2.0287,2.1277,-0.099,1.5837,0.6,negative_to_positive,midweek_partial,True,False,0.2601,2.1248,-1.8648,0.697,shrinking,0.20428571428571438,0.0979,False,False,False,False,True,,,,,1_0
000410,2026-03-02,L2,1,5,1.2953,3.4288,2.1277,1.3011,1.2493,0.2,negative_to_positive,monday,True,False,0.3851,1.0376,-0.6525,1.4446,expanding,0.19571428571428579,0.1533,False,False,False,False,True,,,,,1_0
000410,2026-03-04,L2,3,5,-5.4404,,,,,0.6,none,midweek_partial,False,False,0.2747,-6.9054,7.1801,0.4767,shrinking,0.1800000000000001,0.1111,True,True,False,False,True,False,True,,,0_1
000410,2026-03-06,L2,5,5,-1.5544,1.0624,4.2838,-3.2214,1.463,1.0,none,completed_week,False,False,2.288,1.7808,0.5072,1.1054,expanding,0.21071428571428572,0.8068,False,False,True,True,True,,,True,False,0_1
000410,2026-03-10,L2,2,5,0.7968,,,,,0.4,none,tuesday_gate_failed,,False,2.0161,-2.1053,4.1214,0.7435,shrinking,0.20285714285714285,0.7394,True,True,False,False,True,False,True,,,0_1
000410,2026-03-12,L2,4,5,1.7264,1.3796,1.5544,-0.1748,1.2514,0.8,negative_to_positive,midweek_partial,True,False,-0.7772,1.7128,-2.49,0.5427,shrinking,0.22214285714285717,-0.2701,False,False,False,False,True,,,,,1_0
000410,2026-03-16,L2,1,5,-1.6086,0.2238,1.5544,-1.3306,1.1865,0.2,none,monday,False,False,-2.2636,-1.9582,-0.3054,1.0669,normal,0.25285714285714284,-0.6723,False,False,False,False,True,,,,,0_0
000410,2026-03-18,L2,3,5,-3.0831,,,,,0.6,none,midweek_partial,False,False,0.4167,-1.9074,2.324,0.8571,shrinking,0.25928571428571434,0.1157,True,True,False,False,True,False,True,,,0_1
000411,2026-01-05,L2,1,5,0.8621,0.9897,1.5314,-0.5417,1.1218,0.2,negative_to_positive,monday,True,False,0.9412,-3.6281,4.5693,0.6787,shrinking,0.6007142857142859,0.1998,True,True,False,False,True,False,True,,,1_1
000411,2026-01-07,L2,3,5,0.0784,0.0699,1.1102,-1.0403,1.121,0.6,none,midweek_partial,False,False,-1.161,0.3885,-1.5495,0.6686,shrinking,0.612857142857143,-0.2448,False,False,False,False,True,,,,,0_0
000411,2026-01-09,L2,5,5,1.489,1.2525,1.1102,0.1423,1.1889,1.0,double_positive_efficiency_improved,completed_week,True,False,-0.3846,1.8011,-2.1857,0.6822,shrinking,0.6157142857142857,-0.0812,False,False,False,False,True,,,,,1_0
000411,2026-01-13,L2,2,5,0.7716,,,,,0.4,double_positive_efficiency_improved,tuesday_B,True,False,1.9516,-1.0811,3.0327,2.1827,expanding,0.5528571428571428,0.4522,False,False,False,False,True,,,,,1_0
000411,2026-01-15,L2,4,5,3.7809,2.7288,1.489,1.2398,1.3855,0.8,double_positive_efficiency_improved,midweek_partial,True,False,-2.3948,5.513,-7.9078,0.5953,shrinking,0.5692857142857142,-0.5797,False,False,False,False,True,,,,,1_0
000411,2026-01-19,L2,1,5,4.2647,4.656,1.489,3.167,1.3258,0.2,double_positive_efficiency_improved,monday,True,False,3.0523,2.3048,0.7475,1.1935,expanding,0.6592857142857144,0.6371,False,False,True,True,True,,,True,False,1_1
000411,2026-01-21,L2,3,5,0.8824,1.2701,6.1728,-4.9027,0.6947,0.6,none,midweek_partial,False,False,-0.8671,-2.3977,1.5307,0.6713,shrinking,0.6964285714285714,-0.1723,False,False,False,False,True,,,,,0_0
000411,2026-01-23,L2,5,5,-0.8824,1.4019,6.1728,-4.7709,0.6294,1.0,none,completed_week,False,False,-1.0279,-0.7289,-0.299,1.7929,expanding,0.6142857142857142,-0.2279,False,False,False,False,True,,,,,0_0
000411,2026-01-27,L2,2,5,-3.6063,,,,,0.4,none,tuesday_gate_failed,,False,-1.7611,-3.1157,1.3546,0.5592,shrinking,0.6114285714285713,-0.3762,False,False,False,False,True,,,,,0_0
000411,2026-01-29,L2,4,5,-3.6814,,,,,0.8,none,midweek_partial,False,False,-0.0779,0.0,-0.0779,1.1711,expanding,0.6528571428571429,-0.0153,False,False,False,False,True,,,,,0_0
000411,2026-02-02,L2,1,5,-3.3091,9.6021,0.8824,8.7197,0.6416,0.2,none,monday,False,False,-4.0833,-2.5741,-1.5092,1.1267,expanding,0.637857142857143,-0.7996,False,False,False,False,True,,,,,0_0
000411,2026-02-04,L2,3,5,-0.2421,,,,,0.6,none,midweek_partial,False,False,0.898,2.2538,-1.3558,0.8216,shrinking,0.6142857142857144,0.1791,False,False,False,False,True,,,,,0_0
000411,2026-02-06,L2,5,5,-0.9685,1.7495,6.1608,-4.4113,0.5536,1.0,none,completed_week,False,False,0.1633,-0.89,1.0532,1.0245,normal,0.5092857142857142,0.0393,False,False,False,False,True,,,,,0_0
000411,2026-02-10,L2,2,5,0.4055,,,,,0.4,none,tuesday_gate_failed,,False,-0.8013,1.7115,-2.5128,0.7816,shrinking,0.417142857142857,-0.2397,False,False,False,False,True,,,,,0_0
000411,2026-02-12,L2,4,5,-1.4599,,,,,0.8,none,midweek_partial,False,False,0.0824,-1.9386,2.021,0.6919,shrinking,0.37214285714285705,0.0269,True,True,False,False,True,False,True,,,0_1
000411,2026-02-24,L2,1,5,0.9009,,,,,0.2,none,tuesday_gate_failed,,False,1.8182,-0.4115,2.2297,1.1989,expanding,0.3442857142857142,0.639,False,False,False,False,True,,,,,0_0
000411,2026-02-26,L2,3,5,0.4095,0.4417,1.8654,-1.4237,0.9271,0.6,negative_to_positive,midweek_partial,True,False,-0.8091,0.3247,-1.1337,1.0479,normal,0.2721428571428571,-0.3675,False,False,False,False,True,,,,,1_0
000411,2026-03-02,L2,1,5,-2.4793,0.5901,1.8654,-1.2753,0.6939,0.2,negative_to_positive,monday,True,False,-3.752,0.0,-3.752,2.3805,expanding,0.23714285714285704,-1.9398,False,False,False,False,True,,,,,1_0
000411,2026-03-04,L2,3,5,-5.3719,,,,,0.6,none,midweek_partial,False,False,0.0874,-3.0508,3.1383,0.5554,shrinking,0.2164285714285714,0.0462,True,True,False,False,True,False,True,,,0_1
000411,2026-03-06,L2,5,5,-3.3058,2.0355,0.4095,1.626,1.6241,1.0,none,completed_week,False,False,2.0942,0.0873,2.0069,0.7787,shrinking,0.22642857142857156,1.0599,True,True,False,False,True,True,False,,,0_1
000411,2026-03-10,L2,2,5,1.4783,,,,,0.4,none,tuesday_gate_failed,,False,0.7772,-1.0256,1.8028,0.9756,normal,0.24714285714285747,0.3642,True,True,True,True,True,False,True,False,True,0_1
000411,2026-03-12,L2,4,5,0.1739,0.2925,3.3058,-3.0133,0.5946,0.8,negative_to_positive,midweek_partial,True,False,-0.346,-0.9426,0.5966,0.7719,shrinking,0.24571428571428605,-0.1628,False,False,False,False,True,,,,,1_0
000411,2026-03-16,L2,1,5,0.0,0.1474,3.3058,-3.1584,0.5899,0.2,negative_to_positive,monday,True,False,-0.3475,-0.0868,-0.2607,0.845,shrinking,0.23571428571428615,-0.1697,False,False,False,False,True,,,,,1_0
000411,2026-03-18,L2,3,5,-0.6103,,,,,0.6,none,midweek_partial,False,False,0.4405,-1.0462,1.4867,1.2791,expanding,0.2371428571428574,0.2108,False,False,False,False,True,,,,,0_0
000415,2026-01-05,L2,1,5,0.2469,2.6714,0.0,2.6714,0.4565,0.2,none,monday,False,False,0.2469,-0.978,1.2249,0.924,normal,0.12428571428571421,0.0805,True,True,False,False,True,False,True,,,0_1
000415,2026-01-07,L2,3,5,0.7407,0.4504,1.2195,-0.7691,1.6448,0.6,negative_to_positive,midweek_partial,True,False,-0.7299,1.2315,-1.9615,0.6405,shrinking,0.12142857142857132,-0.2471,False,False,False,False,True,,,,,1_0
000415,2026-01-09,L2,5,5,3.9506,1.7912,1.2195,0.5717,2.2055,1.0,negative_to_positive,completed_week,True,False,1.937,1.2255,0.7116,0.7922,shrinking,0.10785714285714268,0.7417,True,True,True,True,True,True,False,True,False,1_1
000415,2026-01-13,L2,2,5,-3.0879,,,,,0.4,negative_to_positive,tuesday_C,True,False,-0.2445,-2.8504,2.6059,0.8475,shrinking,0.10642857142857125,-0.094,False,False,False,False,True,,,,,1_0
000415,2026-01-15,L2,4,5,-3.8005,,,,,0.8,none,midweek_partial,False,False,0.7463,-1.4706,2.2169,0.9452,normal,0.11499999999999977,0.2609,True,True,False,False,True,False,True,,,0_1
000415,2026-01-19,L2,1,5,3.75,4.1105,3.9506,0.1599,1.2135,0.2,none,monday,False,False,3.75,-1.2346,4.9846,0.8504,shrinking,0.11857142857142842,1.2651,True,False,False,False,False,False,True,,,0_0
000415,2026-01-21,L2,3,5,5.75,6.9797,4.9881,1.9916,0.8238,0.6,negative_to_positive,midweek_partial,True,False,0.7143,1.2048,-0.4905,1.1408,expanding,0.1292857142857142,0.232,False,False,False,False,True,,,,,1_0
000415,2026-01-23,L2,5,5,12.5,10.5559,4.9881,5.5678,1.1842,1.0,negative_to_positive,completed_week,True,False,1.5801,4.7281,-3.148,0.6134,shrinking,0.12928571428571425,0.5414,False,False,False,False,True,,,,,1_0
000415,2026-01-27,L2,2,5,0.0,,,,,0.4,negative_to_positive,tuesday_A,True,False,-0.8791,1.1111,-1.9902,0.6706,shrinking,0.15714285714285708,-0.2545,False,False,False,False,True,,,,,1_0
000415,2026-01-29,L2,4,5,1.3304,1.6744,12.5,-10.8256,0.7945,0.8,none,midweek_partial,False,False,1.5556,-0.2217,1.7773,1.1746,expanding,0.17285714285714285,0.405,False,False,False,False,True,,,,,0_0
000415,2026-02-02,L2,1,5,-2.0362,1.7273,12.5,-10.7727,0.7702,0.2,none,monday,False,False,-2.6966,-2.6258,-0.0708,1.1161,expanding,0.1728571428571428,-0.6942,False,False,False,False,True,,,,,0_0
000415,2026-02-04,L2,3,5,4.2986,4.6103,1.3304,3.2799,0.9324,0.6,negative_to_positive,midweek_partial,True,False,4.5351,1.8476,2.6876,1.4316,expanding,0.1778571428571428,1.1245,False,False,True,False,False,,,True,False,1_0
000415,2026-02-06,L2,5,5,17.6471,13.1136,1.3304,11.7832,1.3457,1.0,negative_to_positive,completed_week,True,False,9.0147,3.4707,5.544,1.9694,expanding,0.18214285714285702,2.3608,False,False,True,False,False,,,True,False,1_0
000415,2026-02-10,L2,2,5,0.9524,,,,,0.4,negative_to_positive,tuesday_A,True,False,-1.6698,3.6538,-5.3236,0.5382,shrinking,0.21642857142857133,-0.4158,False,False,False,False,True,,,,,1_0
000415,2026-02-12,L2,4,5,-1.9048,,,,,0.8,none,midweek_partial,False,False,-1.1516,-1.6981,0.5465,0.6799,shrinking,0.23785714285714274,-0.2523,False,False,False,False,True,,,,,0_0
000415,2026-02-24,L2,1,5,2.907,,,,,0.2,none,tuesday_gate_failed,,False,2.907,0.1942,2.7128,0.9777,normal,0.22071428571428559,0.6796,True,True,True,True,True,True,False,True,False,0_1
000415,2026-02-26,L2,3,5,2.7132,3.9817,1.7143,2.2674,0.6814,0.6,negative_to_positive,midweek_partial,True,False,-1.1194,0.9416,-2.061,0.8928,shrinking,0.22285714285714273,-0.2692,False,False,False,False,True,,,,,1_0
000415,2026-03-02,L2,1,5,4.6602,3.9452,1.7143,2.2309,0.4912,0.2,negative_to_positive,monday,True,False,2.4715,-0.7547,3.2262,1.7513,expanding,0.22785714285714276,0.5705,False,False,False,False,True,,,,,1_0
000415,2026-03-04,L2,3,5,-1.7476,,,,,0.6,none,midweek_partial,False,False,-3.8023,-2.4119,-1.3904,1.1959,expanding,0.23428571428571413,-0.8537,False,False,False,False,True,,,,,0_0
000415,2026-03-06,L2,5,5,-2.1359,1.5542,1.938,-0.3838,1.3743,1.0,none,completed_week,False,False,0.8,-1.1858,1.9858,0.7371,shrinking,0.24428571428571422,0.1637,True,True,False,False,True,False,True,,,0_1
000415,2026-03-10,L2,2,5,-1.417,,,,,0.4,none,tuesday_gate_failed,,False,1.6701,-4.9603,6.6305,0.4789,shrinking,0.2235714285714285,0.3578,True,True,False,False,True,False,True,,,0_1
000417,2026-01-05,L2,1,5,-2.7228,2.0908,4.5828,-2.492,0.4678,0.2,none,monday,False,False,-2.963,3.3163,-6.2793,0.6593,shrinking,0.48285714285714276,-0.497,False,False,False,False,True,,,,,0_0
000417,2026-01-07,L2,3,5,-1.2376,,,,,0.6,none,midweek_partial,False,False,-0.7463,2.2901,-3.0363,0.8254,shrinking,0.5128571428571428,-0.117,False,False,False,False,True,,,,,0_0
000417,2026-01-09,L2,5,5,2.2277,1.6297,0.978,0.6517,1.367,1.0,negative_to_positive,completed_week,True,False,5.0891,-1.5038,6.5928,1.6216,expanding,0.4835714285714285,0.8272,False,False,True,False,False,,,False,True,1_0
000417,2026-01-13,L2,2,5,-2.439,,,,,0.4,negative_to_positive,tuesday_A,True,False,-4.3062,1.2107,-5.5169,0.8611,shrinking,0.46999999999999986,-0.766,False,False,False,False,True,,,,,1_0
000417,2026-01-15,L2,4,5,0.9756,0.9843,2.2277,-1.2434,0.9912,0.8,none,midweek_partial,False,False,5.0761,-1.5,6.5761,1.4304,expanding,0.40499999999999997,0.9877,False,False,False,False,False,,,,,0_0
000417,2026-01-19,L2,1,5,-0.4756,2.1493,2.2277,-0.0784,1.0213,0.2,none,monday,False,False,-0.1193,1.2077,-1.3271,0.6986,shrinking,0.42,-0.0238,False,False,False,False,True,,,,,0_0
000417,2026-01-21,L2,3,5,6.1831,4.5736,2.1951,2.3785,1.3519,0.6,double_positive_efficiency_improved,midweek_partial,True,False,-3.0402,10.0358,-13.076,1.1093,expanding,0.40714285714285714,-0.6877,False,False,False,False,True,,,,,1_0
000417,2026-01-23,L2,5,5,2.3781,2.0027,2.1951,-0.1924,1.1875,1.0,none,completed_week,False,False,-0.2317,-3.3595,3.1277,0.6796,shrinking,0.4614285714285716,-0.0433,False,False,False,False,True,,,,,0_0
000417,2026-01-27,L2,2,5,-2.8005,,,,,0.4,none,tuesday_gate_failed,,False,-1.8846,-1.3937,-0.4908,0.8466,shrinking,0.41285714285714287,-0.3875,False,False,False,False,True,,,,,0_0
000417,2026-01-29,L2,4,5,-5.0175,,,,,0.8,none,midweek_partial,False,False,-3.2105,0.9604,-4.1708,1.1258,expanding,0.42,-0.6429,False,False,False,False,True,,,,,0_0
000417,2026-02-02,L2,1,5,-0.8696,10.9466,2.3781,8.5685,0.5436,0.2,none,monday,False,False,-0.9926,-0.9828,-0.0098,0.7631,shrinking,0.4171428571428572,-0.1918,False,False,False,False,True,,,,,0_0
000417,2026-02-04,L2,3,5,5.2174,7.8729,5.951,1.9219,0.6627,0.6,negative_to_positive,midweek_partial,True,False,3.0414,3.0075,0.0338,1.4629,expanding,0.392142857142857,0.6375,False,False,True,True,True,,,True,False,1_1
000417,2026-02-06,L2,5,5,4.0994,5.016,5.951,-0.935,0.8173,1.0,negative_to_positive,completed_week,True,False,-3.1214,2.1251,-5.2465,0.6737,shrinking,0.3621428571428571,-0.7456,False,False,False,False,True,,,,,1_0
000417,2026-02-10,L2,2,5,-1.7857,,,,,0.4,negative_to_positive,tuesday_C,True,False,-1.3158,-0.2387,-1.0771,0.9819,normal,0.37499999999999994,-0.2933,False,False,False,False,True,,,,,1_0
000417,2026-02-12,L2,4,5,-0.4762,,,,,0.8,none,midweek_partial,False,False,0.7229,0.6061,0.1168,1.5747,expanding,0.2885714285714284,0.2079,False,False,True,True,True,,,True,False,0_1
000417,2026-02-24,L2,1,5,1.9827,,,,,0.2,none,tuesday_gate_failed,,False,2.4907,-3.9474,6.438,1.0533,normal,0.2971428571428571,0.6731,False,False,False,False,True,,,,,0_0
000417,2026-02-26,L2,3,5,-3.2218,,,,,0.6,none,midweek_partial,False,False,-3.4611,-1.7011,-1.76,1.2875,expanding,0.2957142857142858,-0.9469,False,False,False,False,True,,,,,0_0
000417,2026-03-02,L2,1,5,-2.1935,2.9522,4.4048,-1.4526,0.7975,0.2,none,monday,False,False,-3.8071,0.8963,-4.7034,1.7297,expanding,0.2842857142857143,-1.0553,False,False,False,False,True,,,,,0_0
000417,2026-03-04,L2,3,5,-6.0645,,,,,0.6,none,midweek_partial,False,False,-0.8174,-3.1662,2.3488,0.7434,shrinking,0.2850000000000002,-0.2105,False,False,False,False,True,,,,,0_0
000417,2026-03-06,L2,5,5,-3.3548,3.4857,2.3544,1.1313,0.9625,1.0,none,completed_week,False,False,2.6027,0.2747,2.328,1.1553,expanding,0.28285714285714303,0.6717,False,False,False,False,True,,,,,0_0
000417,2026-03-10,L2,2,5,2.1948,,,,,0.4,none,tuesday_gate_failed,,False,1.3605,-1.8692,3.2297,0.604,shrinking,0.257857142857143,0.3878,True,True,True,True,True,False,True,False,True,0_1
000417,2026-03-12,L2,4,5,2.4691,3.6557,3.3548,0.3009,0.6754,0.8,negative_to_positive,midweek_partial,True,False,0.8097,-0.5369,1.3466,1.1833,expanding,0.2650000000000001,0.2264,False,False,False,False,True,,,,,1_0
000417,2026-03-16,L2,1,5,1.6529,0.6066,3.3548,-2.7482,0.6784,0.2,negative_to_positive,monday,True,False,0.8197,-2.008,2.8277,0.8048,shrinking,0.24214285714285724,0.2478,True,True,False,False,True,False,True,,,1_1
000417,2026-03-18,L2,3,5,2.0661,2.0972,0.4115,1.6857,0.9852,0.6,double_positive_efficiency_improved,midweek_partial,True,False,1.368,-0.9485,2.3165,1.284,expanding,0.22357142857142862,0.4473,False,False,False,False,True,,,,,1_0
000419,2026-01-05,L2,1,5,0.9375,19.5801,0.4412,19.1389,0.3079,0.2,none,monday,False,False,1.0955,-0.9302,2.0257,0.9369,normal,0.2728571428571428,0.2565,True,True,False,False,True,False,True,,,0_1
000419,2026-01-07,L2,3,5,0.3125,0.2701,6.0294,-5.7593,1.157,0.6,negative_to_positive,midweek_partial,True,False,-1.0786,0.4644,-1.543,0.7498,shrinking,0.2592857142857142,-0.27,False,False,False,False,True,,,,,1_0
000419,2026-01-09,L2,5,5,2.5,1.9834,6.0294,-4.046,1.2605,1.0,negative_to_positive,completed_week,True,False,2.0218,0.1558,1.866,2.0865,expanding,0.24357142857142847,0.5337,False,False,True,True,True,,,True,False,1_1
000419,2026-01-13,L2,2,5,-2.1374,,,,,0.4,negative_to_positive,tuesday_C,True,False,-2.1374,-0.1524,-1.985,0.9835,normal,0.23142857142857137,-0.6049,False,False,False,False,True,,,,,1_0
000419,2026-01-15,L2,4,5,-2.9008,,,,,0.8,none,midweek_partial,False,False,-0.157,-0.624,0.467,0.5997,shrinking,0.18357142857142858,-0.0545,False,False,False,False,True,,,,,0_0
000419,2026-01-19,L2,1,5,3.1847,3.8561,2.5,1.3561,1.0294,0.2,none,monday,False,False,3.0207,-1.1006,4.1213,1.0691,normal,0.18071428571428566,1.0514,False,False,False,False,True,,,,,0_0
000419,2026-01-21,L2,3,5,5.0955,6.2791,3.9695,2.3096,0.8115,0.6,negative_to_positive,midweek_partial,True,False,0.1517,1.6975,-1.5458,0.6885,shrinking,0.17857142857142863,0.056,False,False,False,False,True,,,,,1_0
000419,2026-01-23,L2,5,5,5.414,7.2449,3.9695,3.2754,0.7473,1.0,negative_to_positive,completed_week,True,False,0.0,0.303,-0.303,1.055,normal,0.15714285714285722,0.0,False,False,False,False,True,,,,,1_0
000419,2026-01-27,L2,2,5,-2.4206,,,,,0.4,negative_to_positive,tuesday_C,True,False,-1.5267,-1.0574,-0.4693,0.7388,shrinking,0.14571428571428585,-0.6863,False,False,False,False,True,,,,,1_0
000419,2026-01-29,L2,4,5,-2.8744,,,,,0.8,none,midweek_partial,False,False,0.0,-0.4651,0.4651,0.9857,normal,0.15357142857142866,0.0,False,False,False,False,True,,,,,0_0
000419,2026-02-02,L2,1,5,-0.3072,1.4377,5.414,-3.9763,0.8418,0.2,none,monday,False,False,-0.6126,1.7134,-2.326,1.0346,normal,0.14857142857142863,-0.2692,False,False,False,False,True,,,,,0_0
000419,2026-02-04,L2,3,5,2.3041,1.9091,1.2103,0.6988,1.2069,0.6,negative_to_positive,midweek_partial,True,False,2.4615,0.1541,2.3075,1.6015,expanding,0.1507142857142858,1.0616,False,False,False,False,True,,,,,1_0
000419,2026-02-06,L2,5,5,2.3041,1.912,1.2103,0.7017,1.2051,1.0,negative_to_positive,completed_week,True,False,-0.8929,0.9009,-1.7938,0.9781,normal,0.14857142857142883,-0.4038,False,False,False,False,True,,,,,1_0
000419,2026-02-10,L2,2,5,-0.1497,,,,,0.4,negative_to_positive,tuesday_C,True,False,-0.1497,0.3003,-0.45,0.7971,shrinking,0.1414285714285716,-0.0707,False,False,False,False,True,,,,,1_0
000419,2026-02-12,L2,4,5,-2.3952,,,,,0.8,none,midweek_partial,False,False,-2.2489,0.0,-2.2489,1.0236,normal,0.13571428571428581,-1.1053,False,False,False,False,True,,,,,0_0
000419,2026-02-24,L2,1,5,0.1529,,,,,0.2,none,tuesday_gate_failed,,False,0.3063,0.1534,0.1529,0.9057,normal,0.1464285714285715,0.1366,True,True,True,True,True,True,False,True,False,0_1
000419,2026-02-26,L2,3,5,-1.5291,,,,,0.6,none,midweek_partial,False,False,-1.8293,0.1527,-1.9819,1.1551,expanding,0.13571428571428581,-0.8842,False,False,False,False,True,,,,,0_0
000419,2026-03-02,L2,1,5,-3.4483,2.0402,2.2455,-0.2053,0.6745,0.2,none,monday,False,False,-4.4961,0.1553,-4.6514,1.6767,expanding,0.14000000000000007,-2.0714,False,False,False,False,True,,,,,0_0
000419,2026-03-04,L2,3,5,-5.0157,,,,,0.6,none,midweek_partial,False,False,-1.4634,-0.1623,-1.3011,0.8851,shrinking,0.14285714285714285,-0.63,False,False,False,False,True,,,,,0_0
000419,2026-03-06,L2,5,5,-1.5674,1.0645,1.3761,-0.3116,1.4724,1.0,none,completed_week,False,False,2.6144,0.9901,1.6243,1.265,expanding,0.14428571428571418,1.1089,False,False,True,True,True,,,True,False,0_1
000419,2026-03-10,L2,2,5,0.641,,,,,0.4,none,tuesday_gate_failed,,False,1.2903,-1.2739,2.5642,0.7191,shrinking,0.15142857142857138,0.5283,True,True,False,False,True,False,True,,,0_1
000419,2026-03-12,L2,4,5,0.1603,0.2713,1.5674,-1.2961,0.5907,0.8,negative_to_positive,midweek_partial,True,False,0.321,-0.7962,1.1172,1.3375,expanding,0.15142857142857138,0.1321,False,False,False,False,True,,,,,1_0
000419,2026-03-16,L2,1,5,0.96,0.5456,1.5674,-1.0218,0.5875,0.2,none,monday,False,False,1.4469,-0.48,1.9269,1.3235,expanding,0.1414285714285714,0.6364,False,False,False,False,True,,,,,0_0
000419,2026-03-18,L2,3,5,-0.48,,,,,0.6,none,midweek_partial,False,False,0.6472,-2.0602,2.7075,0.8345,shrinking,0.1392857142857143,0.2872,True,True,False,False,True,False,True,,,0_1
000420,2026-01-05,L2,1,5,-2.8446,0.4977,3.6765,-3.1788,3.6119,0.2,none,monday,False,False,-1.9868,-1.7354,-0.2514,0.6376,shrinking,0.20142857142857132,-0.4468,False,False,False,False,True,,,,,0_0
000420,2026-01-07,L2,3,5,-0.4376,,,,,0.6,none,midweek_partial,False,False,1.5625,0.9009,0.6616,1.0697,normal,0.20214285714285699,0.3463,False,False,True,True,True,,,True,False,0_1
000420,2026-01-09,L2,5,5,1.0941,1.3197,1.7978,-0.4781,0.829,1.0,none,completed_week,False,False,-0.6452,2.1978,-2.843,0.7591,shrinking,0.19499999999999984,-0.1538,False,False,False,False,True,,,,,0_0
000420,2026-01-13,L2,2,5,-3.4043,,,,,0.4,none,tuesday_gate_failed,,False,-4.8218,3.2468,-8.0686,0.8448,shrinking,0.2092857142857141,-1.099,False,False,False,False,True,,,,,0_0
000420,2026-01-15,L2,4,5,-5.3191,,,,,0.8,none,midweek_partial,False,False,-1.5487,-0.4405,-1.1081,0.665,shrinking,0.22857142857142843,-0.3063,False,False,False,False,True,,,,,0_0
000420,2026-01-19,L2,1,5,0.2128,3.1482,1.0941,2.0541,0.811,0.2,none,monday,False,False,2.8384,2.9213,-0.0829,1.0468,normal,0.22928571428571415,0.567,False,False,False,False,True,,,,,0_0
000420,2026-01-21,L2,3,5,-0.4255,,,,,0.6,none,midweek_partial,False,False,-1.4737,0.8493,-2.3229,0.7787,shrinking,0.23928571428571427,-0.2925,False,False,False,False,True,,,,,0_0
000420,2026-01-23,L2,5,5,6.1702,5.6529,2.5532,3.0997,1.0915,1.0,negative_to_positive,completed_week,True,False,3.7422,2.7778,0.9644,1.4264,expanding,0.19071428571428564,0.9438,False,False,True,False,False,,,True,False,1_0
000420,2026-01-27,L2,2,5,-1.4028,,,,,0.4,negative_to_positive,tuesday_B,True,False,0.6135,-2.004,2.6175,0.6925,shrinking,0.18571428571428564,0.1615,True,True,False,False,True,False,True,,,1_1
000420,2026-01-29,L2,4,5,-1.6032,,,,,0.8,none,midweek_partial,False,False,1.2371,-1.4228,2.6599,1.3346,expanding,0.1964285714285713,0.3055,False,False,False,False,True,,,,,0_0
000420,2026-02-02,L2,1,5,-3.9832,4.1832,6.1702,-1.987,0.8144,0.2,none,monday,False,False,-4.9793,-1.833,-3.1463,0.7452,shrinking,0.19142857142857134,-1.2537,False,False,False,False,True,,,,,0_0
000420,2026-02-04,L2,3,5,-1.4675,,,,,0.6,none,midweek_partial,False,False,0.4274,2.1834,-1.7561,0.714,shrinking,0.19785714285714281,0.1011,False,False,False,False,True,,,,,0_0
000420,2026-02-06,L2,5,5,-3.5639,6.4836,3.4068,3.0768,0.5497,1.0,none,completed_week,False,False,-0.4329,-1.7021,1.2692,0.999,normal,0.19500000000000003,-0.1026,False,False,False,False,True,,,,,0_0
000420,2026-02-10,L2,2,5,-2.7719,,,,,0.4,none,tuesday_gate_failed,,False,-1.2987,0.4348,-1.7335,0.7956,shrinking,0.17928571428571433,-0.3347,False,False,False,False,True,,,,,0_0
000420,2026-02-12,L2,4,5,-2.7719,,,,,0.8,none,midweek_partial,False,False,-0.8696,0.8772,-1.7468,0.8201,shrinking,0.1807142857142858,-0.2213,False,False,False,False,True,,,,,0_0
000420,2026-02-24,L2,1,5,1.3333,,,,,0.2,none,tuesday_gate_failed,,False,2.4719,-2.4123,4.8842,1.0705,normal,0.17357142857142863,0.6337,False,False,False,False,True,,,,,0_0
000420,2026-02-26,L2,3,5,5.1111,4.3687,5.1173,-0.7486,1.1699,0.6,negative_to_positive,midweek_partial,True,False,0.2119,3.5088,-3.2969,0.6113,shrinking,0.16642857142857156,0.0601,False,False,False,False,True,,,,,1_0
000420,2026-03-02,L2,1,5,-0.6508,5.7118,5.1173,0.5945,0.8559,0.2,negative_to_positive,monday,True,False,-2.9661,-0.2114,-2.7547,1.7251,expanding,0.16857142857142865,-0.8305,False,False,False,False,True,,,,,1_0
000420,2026-03-06,L2,5,5,-4.1215,3.1565,4.8889,-1.7324,1.3057,1.0,none,completed_week,False,False,1.8433,1.4019,0.4414,0.9925,normal,0.17499999999999996,0.4571,True,True,False,False,True,True,False,,,0_1
000420,2026-03-10,L2,2,5,-0.2273,,,,,0.4,none,tuesday_gate_failed,,False,1.8561,-2.4887,4.3448,0.7844,shrinking,0.17714285714285705,0.4516,True,True,False,False,True,False,True,,,0_1
000420,2026-03-12,L2,4,5,14.0909,12.6697,4.1215,8.5482,1.1122,0.8,negative_to_positive,midweek_partial,True,False,10.0877,3.8724,6.2153,0.6843,shrinking,0.17857142857142838,2.576,True,False,True,False,False,True,False,True,False,1_0
000420,2026-03-16,L2,1,5,5.8091,4.2663,4.1215,0.1448,2.2374,0.2,negative_to_positive,monday,True,False,5.8091,-3.9841,9.7932,0.8934,shrinking,0.20428571428571418,1.3706,True,False,False,False,False,False,True,,,1_0
000420,2026-03-18,L2,3,5,4.7718,1.8237,9.5455,-7.7218,2.6166,0.6,none,midweek_partial,False,False,-7.8467,7.451,-15.2977,0.6726,shrinking,0.2549999999999998,-1.6863,False,False,False,False,True,,,,,0_0
000420,2026-03-20,L2,5,5,-7.4689,3.4907,9.5455,-6.0548,2.1397,1.0,none,completed_week,False,True,-7.0833,-4.9505,-2.1328,0.8661,shrinking,0.3042857142857141,-1.1174,False,False,False,False,True,,,,,0_0
000420,2026-03-24,L2,2,5,7.3903,,,,,0.4,none,tuesday_gate_failed,,False,6.4073,-2.0179,8.4253,1.2626,expanding,0.33285714285714263,0.8412,False,False,True,False,False,,,False,True,0_0
000420,2026-03-26,L2,4,5,8.545,17.6149,7.4689,10.146,0.4851,0.8,negative_to_positive,midweek_partial,True,False,-2.0833,3.2258,-5.3091,0.7963,shrinking,0.3428571428571426,-0.2917,False,False,False,False,True,,,,,1_0
000420,2026-03-30,L2,1,5,1.046,25.4273,7.4689,17.9584,0.4541,0.2,negative_to_positive,monday,True,False,0.0,2.766,-2.766,0.9093,normal,0.35928571428571404,0.0,False,False,False,False,True,,,,,1_0
000421,2026-01-05,L2,1,5,-0.1449,0.9568,0.8671,0.0897,0.7618,0.2,negative_to_positive,monday,True,False,-0.2894,0.8759,-1.1653,0.7533,shrinking,0.1600000000000001,-0.125,False,False,False,False,True,,,,,1_0
000421,2026-01-07,L2,3,5,-1.1594,,,,,0.6,none,midweek_partial,False,False,-1.7291,0.7257,-2.4548,1.1576,expanding,0.14142857142857146,-0.8485,False,False,False,False,True,,,,,0_0
000421,2026-01-09,L2,5,5,1.0145,0.4776,0.7289,-0.2513,2.1241,1.0,none,completed_week,False,False,0.1437,2.0528,-1.9091,0.6008,shrinking,0.1378571428571429,0.0725,False,False,False,False,True,,,,,0_0
000421,2026-01-13,L2,2,5,-0.1437,,,,,0.4,none,tuesday_gate_failed,,False,0.1441,-0.4304,0.5745,0.9577,normal,0.15071428571428575,0.0664,True,True,False,False,True,False,True,,,0_1
000421,2026-01-15,L2,4,5,0.8621,0.7042,1.0145,-0.3103,1.2243,0.8,none,midweek_partial,False,False,0.8621,0.1439,0.7182,0.8284,shrinking,0.14285714285714285,0.42,True,True,False,False,True,True,False,,,0_1
000421,2026-01-19,L2,1,5,0.2755,2.0961,1.0145,1.0816,1.3023,0.2,double_positive_efficiency_improved,monday,True,False,1.8182,1.8519,-0.0337,1.2418,expanding,0.1457142857142857,0.8922,False,False,False,False,True,,,,,1_0
000421,2026-01-21,L2,3,5,1.7906,1.1563,2.7299,-1.5736,1.5486,0.6,none,midweek_partial,False,False,1.2329,0.2747,0.9582,0.9086,normal,0.16357142857142856,0.5502,True,True,False,False,True,True,False,,,0_1
000421,2026-01-23,L2,5,5,0.2755,0.1866,2.7299,-2.5433,1.4765,1.0,none,completed_week,False,False,-2.4129,0.9472,-3.3601,1.0333,normal,0.1778571428571428,-1.012,False,False,False,False,True,,,,,0_0
000421,2026-01-27,L2,2,5,-0.5487,,,,,0.4,none,tuesday_gate_failed,,False,-1.8945,1.511,-3.4054,0.6849,shrinking,0.19571428571428567,-0.7153,False,False,False,False,True,,,,,0_0
000421,2026-01-29,L2,4,5,-1.6461,,,,,0.8,none,midweek_partial,False,False,-1.3755,0.2759,-1.6514,1.1369,expanding,0.2085714285714285,-0.4795,False,False,False,False,True,,,,,0_0
000421,2026-02-02,L2,1,5,-0.7042,2.6239,0.2755,2.3484,0.5751,0.2,none,monday,False,False,-1.8106,0.1395,-1.9501,1.0445,normal,0.19642857142857137,-0.6618,False,False,False,False,True,,,,,0_0
000421,2026-02-04,L2,3,5,0.2817,0.3479,1.5089,-1.161,0.8097,0.6,negative_to_positive,midweek_partial,True,False,1.8598,-0.8511,2.7109,1.0978,normal,0.20857142857142857,0.6233,False,False,False,False,True,,,,,1_0
000421,2026-02-06,L2,5,5,-0.2817,0.3939,1.5089,-1.115,0.715,1.0,none,completed_week,False,False,0.1414,-0.7022,0.8437,0.9733,normal,0.21071428571428572,0.0475,True,True,False,False,True,False,True,,,0_1
000421,2026-02-10,L2,2,5,-0.1412,,,,,0.4,none,tuesday_gate_failed,,False,-0.1412,0.0,-0.1412,0.7853,shrinking,0.19642857142857148,-0.0509,False,False,False,False,True,,,,,0_0
000421,2026-02-12,L2,4,5,-2.2599,,,,,0.8,none,midweek_partial,False,False,-1.5647,-0.5658,-0.999,1.4195,expanding,0.1714285714285715,-0.6417,False,False,False,False,True,,,,,0_0
000421,2026-02-24,L2,1,5,2.7616,,,,,0.2,none,tuesday_gate_failed,,False,2.7616,-0.578,3.3397,2.4274,expanding,0.1550000000000001,1.2258,False,False,False,False,True,,,,,0_0
000421,2026-02-26,L2,3,5,1.4535,1.0934,2.8249,-1.7315,1.3294,0.6,negative_to_positive,midweek_partial,True,False,-0.9929,-0.2829,-0.71,0.8584,shrinking,0.14357142857142868,-0.4876,False,False,False,False,True,,,,,1_0
000421,2026-03-02,L2,1,5,-0.7062,3.0367,2.8249,0.2118,1.0051,0.2,negative_to_positive,monday,True,False,-0.8463,1.5759,-2.4222,1.4907,expanding,0.13928571428571443,-0.4308,False,False,False,False,True,,,,,1_0
000421,2026-03-04,L2,3,5,1.5537,0.2931,3.0523,-2.7592,5.3006,0.6,none,midweek_partial,False,False,-6.9858,9.9573,-16.9431,1.0028,normal,0.1350000000000001,-4.0,False,False,False,False,True,,,,,0_0
000421,2026-03-06,L2,5,5,-0.7062,0.145,3.0523,-2.9073,4.8717,1.0,none,completed_week,False,True,1.0057,-3.1989,4.2046,0.6578,shrinking,0.20500000000000013,0.3415,True,True,False,False,True,False,True,,,0_1
000421,2026-03-10,L2,2,5,-1.8056,,,,,0.4,none,tuesday_gate_failed,,False,0.0,0.569,-0.569,0.7064,shrinking,0.23142857142857157,0.0,False,False,False,False,True,,,,,0_0
000421,2026-03-12,L2,4,5,-2.2222,,,,,0.8,none,midweek_partial,False,False,1.1494,-1.5559,2.7053,0.9822,normal,0.26285714285714296,0.3043,True,True,False,False,True,False,True,,,0_1
000421,2026-03-16,L2,1,5,-0.7153,4.9961,0.7062,4.2899,0.5282,0.2,none,monday,False,False,-0.9986,-0.4261,-0.5724,0.7859,shrinking,0.26571428571428585,-0.2634,False,False,False,False,True,,,,,0_0
000421,2026-03-18,L2,3,5,-2.432,,,,,0.6,none,midweek_partial,False,False,0.1468,-1.8732,2.02,0.7078,shrinking,0.2657142857142859,0.0376,True,True,False,False,True,False,True,,,0_1
000421,2026-03-20,L2,5,5,-4.0057,7.6941,2.6389,5.0552,0.5206,1.0,none,completed_week,False,False,-1.4684,-0.1466,-1.3218,0.9979,normal,0.27071428571428585,-0.3694,False,False,False,False,True,,,,,0_0
000421,2026-03-24,L2,2,5,1.0526,,,,,0.4,none,tuesday_gate_failed,,False,5.8268,-5.3651,11.1919,1.2087,expanding,0.27000000000000013,1.3704,False,False,False,False,False,,,,,0_0
000421,2026-03-26,L2,4,5,2.5564,2.159,4.0057,-1.8467,1.1841,0.8,negative_to_positive,midweek_partial,True,False,0.0,1.4881,-1.4881,0.9722,normal,0.23000000000000004,0.0,False,False,False,False,True,,,,,1_0
000421,2026-03-30,L2,1,5,-0.7267,3.3344,4.0057,-0.6713,1.1275,0.2,negative_to_positive,monday,True,False,-1.0145,1.173,-2.1875,1.0099,normal,0.21071428571428566,-0.3322,False,False,False,False,True,,,,,1_0
000422,2026-01-05,L2,1,5,1.9649,4.3778,3.0282,1.3496,0.6709,0.2,none,monday,False,False,2.2519,-2.2696,4.5215,1.4066,expanding,0.43357142857142883,0.7381,False,False,False,False,True,,,,,0_0
000422,2026-01-07,L2,3,5,5.0526,2.1415,2.9372,-0.7957,2.3594,0.6,negative_to_positive,midweek_partial,True,False,-0.7952,3.8541,-4.6493,0.7179,shrinking,0.415714285714286,-0.2887,False,False,False,False,True,,,,,1_0
000422,2026-01-09,L2,5,5,4.6316,2.1016,2.9372,-0.8356,2.2038,1.0,negative_to_positive,completed_week,True,False,-0.2008,-0.2004,-0.0004,0.8656,shrinking,0.41714285714285754,-0.0719,False,False,False,False,True,,,,,1_0
000422,2026-01-13,L2,2,5,-0.4711,,,,,0.4,negative_to_positive,tuesday_B,True,False,0.2033,-1.006,1.2093,0.993,normal,0.4042857142857145,0.0742,True,True,False,False,True,False,True,,,1_1
000422,2026-01-15,L2,4,5,2.288,1.8148,4.6316,-2.8168,1.2608,0.8,none,midweek_partial,False,False,1.3333,1.4199,-0.0865,0.9215,normal,0.41857142857142876,0.4778,False,False,False,False,True,,,,,0_0
000422,2026-01-19,L2,1,5,4.6791,1.0995,4.6316,-3.5321,1.2241,0.2,none,monday,False,False,3.9841,-0.9211,4.9051,1.4826,expanding,0.4485714285714288,1.3376,False,False,False,False,False,,,,,0_0
000422,2026-01-21,L2,3,5,6.9519,5.7935,1.3459,4.4476,1.1999,0.6,double_positive_efficiency_improved,midweek_partial,True,False,1.0101,1.1494,-0.1393,1.0941,normal,0.4964285714285715,0.3223,False,False,False,False,True,,,,,1_0
000422,2026-01-23,L2,5,5,9.893,8.4773,1.3459,7.1314,1.167,1.0,double_positive_efficiency_improved,completed_week,True,False,1.0449,1.6875,-0.6426,0.8779,shrinking,0.47142857142857125,0.3606,False,False,False,False,True,,,,,1_0
000422,2026-01-27,L2,2,5,-1.1405,,,,,0.4,double_positive_efficiency_improved,tuesday_C,True,False,-0.6035,0.7908,-1.3943,0.7492,shrinking,0.4849999999999998,-0.2062,False,False,False,False,True,,,,,1_0
000422,2026-01-29,L2,4,5,0.5402,0.4515,9.893,-9.4415,1.1966,0.8,none,midweek_partial,False,False,-2.6163,4.4323,-7.0486,0.9773,normal,0.517142857142857,-0.8702,False,False,False,False,True,,,,,0_0
000422,2026-02-04,L2,3,5,-2.3661,,,,,0.6,none,midweek_partial,False,False,0.5773,2.8364,-2.2591,0.8351,shrinking,0.7057142857142856,0.1275,False,False,False,False,True,,,,,0_0
000422,2026-02-06,L2,5,5,-3.5492,5.6454,0.4202,5.2252,0.6287,1.0,none,completed_week,False,False,2.3118,-3.4439,5.7556,1.2408,expanding,0.705,0.4965,False,False,False,False,True,,,,,0_0
000422,2026-02-10,L2,2,5,-0.1276,,,,,0.4,none,tuesday_gate_failed,,False,-0.2548,1.3557,-1.6105,0.7532,shrinking,0.7342857142857142,-0.0545,False,False,False,False,True,,,,,0_0
000422,2026-02-12,L2,4,5,1.0842,1.2794,3.5492,-2.2698,0.8474,0.8,negative_to_positive,midweek_partial,True,False,-0.5022,1.7241,-2.2263,0.6508,shrinking,0.7207142857142859,-0.111,False,False,False,False,True,,,,,1_0
000422,2026-02-24,L2,1,5,7.0752,,,,,0.2,none,tuesday_gate_failed,,False,9.9935,-2.776,12.7695,2.8115,expanding,0.7264285714285714,2.12,False,False,False,False,False,,,,,0_0
000422,2026-02-26,L2,3,5,12.4447,4.2423,1.7219,2.5204,2.9335,0.6,negative_to_positive,midweek_partial,True,False,-1.4942,6.6077,-8.1019,0.5865,shrinking,0.7664285714285712,-0.3523,False,False,False,False,True,,,,,1_0
000422,2026-03-02,L2,1,5,-1.469,6.8805,1.7219,5.1586,2.1209,0.2,negative_to_positive,monday,True,False,-0.1654,1.9101,-2.0755,1.4505,expanding,0.796428571428571,-0.0377,False,False,False,False,True,,,,,1_0
000422,2026-03-04,L2,3,5,-3.0468,,,,,0.6,none,midweek_partial,False,False,1.6543,-3.2027,4.857,1.0438,normal,0.7449999999999996,0.3893,False,False,False,False,True,,,,,0_0
000422,2026-03-06,L2,5,5,-0.8705,0.7156,14.5925,-13.8769,1.2165,1.0,none,completed_week,False,True,4.2334,-1.908,6.1414,1.3617,expanding,0.844285714285714,0.8765,False,False,False,False,False,,,,,0_0
000422,2026-03-10,L2,2,5,-8.3551,,,,,0.4,none,tuesday_gate_failed,,False,-3.9934,0.3293,-4.3227,0.6557,shrinking,0.8721428571428564,-0.837,False,False,False,False,True,,,,,0_0
000422,2026-03-12,L2,4,5,1.5144,1.3083,0.8705,0.4378,1.1575,0.8,negative_to_positive,midweek_partial,True,False,5.7671,4.7293,1.0378,1.7727,expanding,0.973571428571428,1.0888,False,False,True,False,False,,,True,False,1_0
000422,2026-03-16,L2,1,5,-5.7201,1.026,0.8705,0.1555,1.1706,0.2,negative_to_positive,monday,True,False,-4.7472,-0.3086,-4.4385,0.9935,normal,1.111428571428571,-0.8278,False,False,False,False,True,,,,,1_0
000422,2026-03-18,L2,3,5,-11.3892,,,,,0.6,none,midweek_partial,False,False,-2.4184,-3.6836,1.2652,0.6331,shrinking,1.1657142857142855,-0.3689,False,False,False,False,True,,,,,0_0
000422,2026-03-26,L2,4,5,7.1795,6.5514,19.2543,-12.7029,1.0959,0.8,negative_to_positive,midweek_partial,True,False,-1.2987,2.0482,-3.3469,0.724,shrinking,1.232142857142857,-0.1786,False,False,False,False,True,,,,,1_0
000422,2026-03-30,L2,1,5,-0.5178,10.0289,19.2543,-9.2254,1.0674,0.2,negative_to_positive,monday,True,False,0.1158,3.2895,-3.1737,0.9406,normal,1.1885714285714286,0.0168,False,False,False,False,True,,,,,1_0
000425,2026-01-05,L2,1,5,-0.2593,5.4152,0.0,5.4152,0.5755,0.2,negative_to_positive,monday,True,False,-0.3454,2.2065,-2.552,1.1309,expanding,0.31285714285714267,-0.1279,False,False,False,False,True,,,,,1_0
000425,2026-01-07,L2,3,5,1.3829,0.786,3.1167,-2.3307,1.7594,0.6,none,midweek_partial,False,False,-0.2551,1.9064,-2.1615,0.8034,shrinking,0.32857142857142857,-0.0913,False,False,False,False,True,,,,,0_0
000425,2026-01-09,L2,5,5,1.9879,1.059,3.1167,-2.0577,1.8771,1.0,none,completed_week,False,False,3.6907,-2.9838,6.6745,1.208,expanding,0.3471428571428571,1.2099,False,False,False,False,False,,,,,0_0
000425,2026-01-13,L2,2,5,-4.1455,,,,,0.4,none,tuesday_gate_failed,,False,-2.9966,-1.0169,-1.9796,1.3983,expanding,0.3821428571428571,-0.9159,False,False,False,False,True,,,,,0_0
000425,2026-01-15,L2,4,5,-5.9222,,,,,0.8,none,midweek_partial,False,False,0.5425,-2.3831,2.9255,0.5467,shrinking,0.38428571428571434,0.1561,True,True,False,False,True,False,True,,,0_1
000425,2026-01-19,L2,1,5,0.6381,5.0756,1.9879,3.0877,1.2668,0.2,none,monday,False,False,-0.1808,-0.5396,0.3587,0.7586,shrinking,0.3950000000000001,-0.0506,False,False,False,False,True,,,,,0_0
000425,2026-01-21,L2,3,5,0.5469,0.539,6.4298,-5.8908,1.0147,0.6,negative_to_positive,midweek_partial,True,False,-1.6934,1.6304,-3.3238,1.7347,expanding,0.3814285714285713,-0.4981,False,False,False,False,True,,,,,1_0
000425,2026-01-23,L2,5,5,-0.5469,0.4417,6.4298,-5.9881,1.2382,1.0,none,completed_week,False,True,0.4604,-1.5413,2.0017,2.5189,expanding,0.3957142857142855,0.1264,False,False,False,False,True,,,,,0_0
000425,2026-01-27,L2,2,5,-1.0036,,,,,0.4,none,tuesday_gate_failed,,False,-0.9132,0.3666,-1.2799,0.8311,shrinking,0.39999999999999986,-0.25,False,False,False,False,True,,,,,0_0
000425,2026-01-29,L2,4,5,-1.8248,,,,,0.8,none,midweek_partial,False,False,0.5607,-1.3825,1.9432,0.7238,shrinking,0.4007142857142855,0.1497,True,True,False,False,True,False,True,,,0_1
000425,2026-02-02,L2,1,5,-1.7707,1.7172,0.5469,1.1703,1.1689,0.2,none,monday,False,False,-1.8622,-0.1859,-1.6763,1.2349,expanding,0.37928571428571417,-0.5273,False,False,False,False,True,,,,,0_0
000425,2026-02-04,L2,3,5,8.6673,8.8178,2.0073,6.8105,0.9829,0.6,negative_to_positive,midweek_partial,True,False,3.1858,7.2106,-4.0248,0.7187,shrinking,0.382142857142857,0.9421,False,False,False,False,True,,,,,1_0
000425,2026-02-06,L2,5,5,6.7102,8.1158,2.0073,6.1085,0.8268,1.0,negative_to_positive,completed_week,True,False,-1.7167,-0.0858,-1.631,0.7555,shrinking,0.419285714285714,-0.477,False,False,False,False,True,,,,,1_0
000425,2026-02-10,L2,2,5,2.4871,,,,,0.4,negative_to_positive,tuesday_A,True,False,0.7589,3.5808,-2.8219,0.76,shrinking,0.40499999999999986,0.2222,False,False,False,False,True,,,,,1_0
000425,2026-02-12,L2,4,5,4.3739,5.5212,6.7102,-1.189,0.7922,0.8,none,midweek_partial,False,False,0.5785,1.2552,-0.6767,1.1598,expanding,0.4142857142857142,0.169,False,False,False,False,True,,,,,0_0
000425,2026-02-24,L2,1,5,6.3866,,,,,0.2,none,tuesday_gate_failed,,False,7.3791,-3.1224,10.5016,1.8035,expanding,0.40285714285714264,2.1596,False,False,False,False,False,,,,,0_0
000425,2026-02-26,L2,3,5,3.8655,2.9733,1.1149,1.8584,1.3001,0.6,double_positive_efficiency_improved,midweek_partial,True,False,-1.9048,-0.4739,-1.4308,0.9437,normal,0.4485714285714284,-0.535,False,False,False,False,True,,,,,1_0
000425,2026-03-02,L2,1,5,0.4136,3.145,1.1149,2.0301,0.9619,0.2,double_positive_efficiency_improved,monday,True,False,-0.9788,-0.8091,-0.1697,1.0969,normal,0.4535714285714284,-0.2646,False,False,False,False,True,,,,,1_0
000425,2026-03-04,L2,3,5,-0.8271,,,,,0.6,none,midweek_partial,False,False,0.0835,-1.318,1.4014,0.9721,normal,0.45999999999999985,0.0217,True,True,False,False,True,False,True,,,0_1
000425,2026-03-06,L2,5,5,1.6543,1.5448,3.0252,-1.4804,1.0709,1.0,none,completed_week,False,False,1.4026,1.0842,0.3184,0.7954,shrinking,0.42357142857142854,0.4013,True,True,False,False,True,True,False,,,0_1
000425,2026-03-10,L2,2,5,2.5684,,,,,0.4,none,tuesday_gate_failed,,False,5.0934,-4.1497,9.2431,0.8203,shrinking,0.45357142857142857,1.3228,True,False,False,False,False,False,True,,,0_0
000425,2026-03-12,L2,4,5,-4.971,,,,,0.8,none,midweek_partial,False,False,-6.748,-0.6462,-6.1018,3.0717,expanding,0.48357142857142865,-1.7164,False,False,False,False,True,,,,,0_0
000426,2026-01-05,L2,1,5,6.6449,3.6794,0.6667,3.0127,0.8505,0.2,none,monday,False,False,10.0,-2.9973,12.9973,1.4381,expanding,1.9135714285714296,1.8604,False,False,False,False,False,,,,,0_0
000426,2026-01-07,L2,3,5,14.7603,7.9191,3.1293,4.7898,1.8639,0.6,negative_to_positive,midweek_partial,True,False,4.5917,2.8856,1.7061,1.0298,normal,2.080714285714287,0.8891,False,False,True,False,False,,,True,False,1_0
000426,2026-01-09,L2,5,5,15.1144,9.0586,3.1293,5.9293,1.6685,1.0,negative_to_positive,completed_week,True,False,3.2991,-2.8951,6.1942,0.9156,normal,2.221428571428573,0.6077,True,True,False,False,True,False,True,,,1_1
000426,2026-01-13,L2,2,5,5.1259,,,,,0.4,negative_to_positive,tuesday_A,True,False,2.9956,7.4048,-4.4092,0.9352,normal,2.2850000000000015,0.5952,False,False,False,False,True,,,,,1_0
000426,2026-01-15,L2,4,5,12.0728,10.9939,15.1144,-4.1205,1.0981,0.8,none,midweek_partial,False,False,-1.052,7.7417,-8.7937,1.1501,expanding,2.509285714285716,-0.2112,False,False,False,False,True,,,,,0_0
000426,2026-01-19,L2,1,5,-3.1479,13.8648,15.1144,-1.2496,1.0572,0.2,none,monday,False,False,-1.6667,2.3069,-3.9736,0.8548,shrinking,2.7628571428571447,-0.3077,False,False,False,False,True,,,,,0_0
000426,2026-01-21,L2,3,5,4.6736,5.4784,14.6583,-9.1799,0.8531,0.6,none,midweek_partial,False,False,4.7343,3.1904,1.5439,0.964,normal,2.9750000000000014,0.8235,True,False,True,False,False,True,False,True,False,0_0
000426,2026-01-23,L2,5,5,11.7806,13.2393,14.6583,-1.419,0.8898,1.0,none,completed_week,False,False,9.9126,-2.8413,12.754,1.0162,normal,3.085000000000001,1.6921,False,False,True,False,False,,,False,True,0_0
000426,2026-01-27,L2,2,5,-0.1905,,,,,0.4,none,tuesday_gate_failed,,False,-1.2408,10.0035,-11.2442,1.8724,expanding,3.299285714285715,-0.2394,False,False,False,False,True,,,,,0_0
000426,2026-01-29,L2,4,5,8.5079,5.8874,11.7806,-5.8932,1.4451,0.8,none,midweek_partial,False,False,-0.6395,9.4148,-10.0543,1.1092,expanding,3.7321428571428568,-0.1179,False,False,False,False,True,,,,,0_0
000426,2026-03-02,L2,1,5,7.2103,8.7349,4.7723,3.9626,1.0016,0.2,negative_to_positive,monday,True,False,9.114,5.8496,3.2643,1.417,expanding,3.491428571428571,1.4407,False,False,True,False,False,,,True,False,1_0
000426,2026-03-04,L2,3,5,-7.78,,,,,0.6,none,midweek_partial,False,False,-4.428,-9.9967,5.5686,0.7941,shrinking,3.287142857142857,-0.7301,False,False,False,False,True,,,,,0_0
000426,2026-03-10,L2,2,5,7.4844,,,,,0.4,none,tuesday_gate_failed,,False,4.066,-0.9964,5.0624,0.7029,shrinking,2.991428571428571,0.6753,True,False,True,False,False,False,True,False,True,0_0
000428,2026-01-07,L2,3,5,2.1212,1.0157,2.0772,-1.0615,2.0884,0.6,negative_to_positive,midweek_partial,True,False,1.8127,1.2232,0.5894,1.1809,expanding,0.13071428571428573,0.459,False,False,True,True,True,,,True,False,1_1
000428,2026-01-09,L2,5,5,2.1212,1.119,2.0772,-0.9582,1.8957,1.0,negative_to_positive,completed_week,True,False,0.2976,-0.2967,0.5944,1.0643,normal,0.12642857142857142,0.0791,False,False,True,True,True,,,False,True,1_1
000428,2026-01-13,L2,2,5,-0.2967,,,,,0.4,negative_to_positive,tuesday_A,True,False,-1.7544,1.4837,-3.2381,0.9003,normal,0.10142857142857145,-0.5915,False,False,False,False,True,,,,,1_0
000428,2026-01-15,L2,4,5,2.3739,1.8886,2.1212,-0.2326,1.2569,0.8,none,midweek_partial,False,False,0.0,2.6786,-2.6786,1.2774,expanding,0.08857142857142862,0.0,False,False,False,False,True,,,,,0_0
000428,2026-01-19,L2,1,5,-3.2258,2.5004,2.1212,0.3792,1.3054,0.2,double_positive_efficiency_improved,monday,True,False,3.4483,0.8696,2.5787,2.619,expanding,0.0835714285714286,1.4359,False,False,True,True,True,,,True,False,1_1
000428,2026-01-21,L2,3,5,-5.1075,,,,,0.6,none,midweek_partial,False,False,-2.4862,0.5556,-3.0417,0.5098,shrinking,0.095,-0.9474,False,False,False,False,True,,,,,0_0
000428,2026-01-23,L2,5,5,-4.0323,2.7008,3.2641,-0.5633,1.493,1.0,none,completed_week,False,True,-0.8333,1.983,-2.8163,0.8087,shrinking,0.10428571428571431,-0.2877,False,False,False,False,True,,,,,0_0
000428,2026-01-27,L2,2,5,-1.6901,,,,,0.4,none,tuesday_gate_failed,,False,-1.4124,-0.8403,-0.5721,0.8068,shrinking,0.1092857142857143,-0.4575,False,False,False,False,True,,,,,0_0
000428,2026-01-29,L2,4,5,0.0,,,,,0.8,none,midweek_partial,False,False,2.0115,-0.2865,2.298,1.5975,expanding,0.11142857142857143,0.6282,False,False,True,True,True,,,False,True,0_1
000428,2026-02-02,L2,1,5,0.5464,2.3236,4.0323,-1.7087,0.4849,0.2,negative_to_positive,monday,True,False,2.507,1.1268,1.3802,2.2624,expanding,0.11714285714285715,0.7683,False,False,True,True,True,,,True,False,1_1
000428,2026-02-04,L2,3,5,5.1913,2.0274,1.1268,0.9006,2.5606,0.6,double_positive_efficiency_improved,midweek_partial,True,False,1.0499,3.5326,-2.4827,0.6195,shrinking,0.12714285714285717,0.3146,False,False,False,False,True,,,,,1_0
000428,2026-02-06,L2,5,5,8.7432,3.8134,1.1268,2.6866,2.2928,1.0,double_positive_efficiency_improved,completed_week,True,False,0.7595,2.5974,-1.8379,0.7979,shrinking,0.13785714285714284,0.2176,False,False,False,False,True,,,,,1_0
000428,2026-02-10,L2,2,5,0.0,,,,,0.4,double_positive_efficiency_improved,tuesday_C,True,False,0.2532,-0.7538,1.0069,0.7923,shrinking,0.13357142857142854,0.0749,True,True,False,False,True,False,True,,,1_1
000428,2026-02-12,L2,4,5,-2.0202,,,,,0.8,none,midweek_partial,False,False,-2.0202,0.0,-2.0202,1.0374,normal,0.12999999999999998,-0.6154,False,False,False,False,True,,,,,0_0
000428,2026-02-24,L2,1,5,-3.0534,,,,,0.2,none,tuesday_gate_failed,,False,-2.0566,0.2577,-2.3143,1.3749,expanding,0.13428571428571429,-0.5957,False,False,False,False,True,,,,,0_0
000428,2026-02-26,L2,3,5,-2.799,,,,,0.6,none,midweek_partial,False,False,-1.0363,1.3123,-2.3486,0.638,shrinking,0.14000000000000004,-0.2857,False,False,False,False,True,,,,,0_0
000428,2026-03-02,L2,1,5,-2.611,2.2825,1.7677,0.5148,0.5574,0.2,none,monday,False,False,-3.866,1.5707,-5.4367,1.6172,expanding,0.13642857142857143,-1.0995,False,False,False,False,True,,,,,0_0
000428,2026-03-04,L2,3,5,-3.1332,,,,,0.6,none,midweek_partial,False,False,0.0,-0.5362,0.5362,0.7251,shrinking,0.13357142857142854,0.0,False,False,False,False,True,,,,,0_0
000428,2026-03-06,L2,5,5,1.5666,1.054,1.2723,-0.2183,1.4863,1.0,negative_to_positive,completed_week,True,False,2.6385,2.1563,0.4822,1.079,normal,0.1235714285714286,0.8092,False,False,True,True,True,,,True,False,1_1
000428,2026-03-10,L2,2,5,0.7772,,,,,0.4,negative_to_positive,tuesday_B,True,False,2.0997,-2.0566,4.1563,1.0498,normal,0.12142857142857147,0.6588,False,False,False,False,True,,,,,1_0
000428,2026-03-12,L2,4,5,0.5181,0.704,1.5666,-0.8626,0.7359,0.8,none,midweek_partial,False,False,1.0417,-1.2853,2.327,1.0146,normal,0.12285714285714287,0.3256,False,False,False,False,True,,,,,0_0
000428,2026-03-16,L2,1,5,0.0,0.3661,1.5666,-1.2005,0.7077,0.2,none,monday,False,False,-0.5168,-0.2577,-0.2591,1.1364,expanding,0.11714285714285715,-0.1707,False,False,False,False,True,,,,,0_0
000428,2026-03-18,L2,3,5,0.7792,0.8427,0.2591,0.5836,0.9247,0.6,double_positive_efficiency_improved,midweek_partial,True,False,0.5181,0.2597,0.2584,0.7571,shrinking,0.10999999999999997,0.1818,True,True,True,True,True,True,False,True,False,1_1
000428,2026-03-20,L2,5,5,-1.8182,1.8172,0.2591,1.5581,1.0005,1.0,none,completed_week,False,False,-1.0471,-1.5464,0.4993,1.4901,expanding,0.11357142857142856,-0.3522,False,False,False,False,True,,,,,0_0
000428,2026-03-24,L2,2,5,-0.8086,,,,,0.4,none,tuesday_gate_failed,,False,4.5455,-6.8783,11.4238,0.5808,shrinking,0.11357142857142856,1.4088,True,False,False,False,False,False,True,,,0_0
000428,2026-03-26,L2,4,5,6.1995,3.9848,1.8182,2.1666,1.5558,0.8,negative_to_positive,midweek_partial,True,False,1.0256,5.9783,-4.9526,1.1313,expanding,0.12857142857142856,0.3111,False,False,False,False,True,,,,,1_0
000428,2026-03-30,L2,1,5,1.7812,4.8005,1.8182,2.9823,1.4599,0.2,negative_to_positive,monday,True,False,0.7557,0.7614,-0.0058,1.1919,expanding,0.13214285714285712,0.227,False,False,False,False,True,,,,,1_0
000430,2026-01-05,L2,1,5,-1.5464,17.5638,0.0,17.5638,0.4343,0.2,negative_to_positive,monday,True,False,-1.5464,2.5099,-4.0563,0.642,shrinking,0.23142857142857146,-0.5185,False,False,False,False,True,,,,,1_0
000430,2026-01-07,L2,3,5,-2.0619,,,,,0.6,none,midweek_partial,False,False,-0.5236,0.0,-0.5236,0.752,shrinking,0.2492857142857143,-0.1605,False,False,False,False,True,,,,,0_0
000430,2026-01-09,L2,5,5,-1.0309,0.409,7.6283,-7.2193,2.5207,1.0,none,completed_week,False,False,-1.7903,2.8947,-4.685,1.1156,expanding,0.23999999999999996,-0.5833,False,False,False,False,True,,,,,0_0
000430,2026-01-13,L2,2,5,-3.6364,,,,,0.4,none,tuesday_gate_failed,,False,-2.8796,-0.5208,-2.3587,1.5973,expanding,0.25214285714285706,-0.8725,False,False,False,False,True,,,,,0_0
000430,2026-01-15,L2,4,5,-2.8571,,,,,0.8,none,midweek_partial,False,False,0.1339,0.6739,-0.54,1.2285,expanding,0.24928571428571417,0.0401,False,False,False,False,True,,,,,0_0
000430,2026-01-19,L2,1,5,0.2729,4.4965,1.0309,3.4656,0.9242,0.2,none,monday,False,False,-0.4065,-1.3369,0.9304,0.9827,normal,0.26714285714285696,-0.1123,False,False,False,False,True,,,,,0_0
000430,2026-01-21,L2,3,5,-1.0914,,,,,0.6,none,midweek_partial,False,False,0.1381,-1.4966,1.6347,0.6143,shrinking,0.25428571428571417,0.0393,True,True,False,False,True,False,True,,,0_1
000430,2026-01-23,L2,5,5,-0.4093,0.5182,4.1558,-3.6376,0.7898,1.0,none,completed_week,False,False,0.2747,0.4138,-0.1391,1.2067,expanding,0.1964285714285713,0.1018,False,False,False,False,True,,,,,0_0
000430,2026-01-27,L2,2,5,-1.5089,,,,,0.4,none,tuesday_gate_failed,,False,-0.8287,-0.8219,-0.0068,0.6482,shrinking,0.1642857142857141,-0.3652,False,False,False,False,True,,,,,0_0
000430,2026-01-29,L2,4,5,-1.3717,,,,,0.8,none,midweek_partial,False,False,0.5594,-0.4178,0.9773,1.511,expanding,0.17214285714285696,0.2324,False,False,False,False,True,,,,,0_0
000498,2026-01-05,L2,1,5,0.0,1.7059,1.1706,0.5353,0.6727,0.2,none,monday,False,False,0.3317,0.1661,0.1656,1.2073,expanding,0.09071428571428587,0.2205,False,False,True,True,True,,,True,False,0_1
000498,2026-01-07,L2,3,5,0.0,,,,,0.6,none,midweek_partial,False,False,-0.4934,0.4959,-0.9893,1.0157,normal,0.07642857142857158,-0.3925,False,False,False,False,True,,,,,0_0
000498,2026-01-09,L2,5,5,0.3306,0.2055,1.1475,-0.942,1.6083,1.0,negative_to_positive,completed_week,True,False,0.4967,-0.1653,0.662,1.165,expanding,0.07142857142857162,0.42,False,False,False,False,True,,,,,1_0
000498,2026-01-13,L2,2,5,0.8278,,,,,0.4,negative_to_positive,tuesday_A,True,False,-0.1639,0.4942,-0.6582,0.9726,normal,0.06500000000000014,-0.1538,False,False,False,False,True,,,,,1_0
000498,2026-01-15,L2,4,5,1.9868,1.1384,0.3306,0.8078,1.7452,0.8,double_positive_efficiency_improved,midweek_partial,True,False,0.4894,0.6568,-0.1674,0.4442,shrinking,0.06571428571428577,0.4565,False,False,False,False,True,,,,,1_0
000498,2026-01-19,L2,1,5,-0.1623,1.068,0.3306,0.7374,1.7053,0.2,double_positive_efficiency_improved,monday,True,False,0.0,-0.1623,0.1623,0.6137,shrinking,0.0792857142857143,0.0,False,False,False,False,True,,,,,1_0
000498,2026-01-21,L2,3,5,1.2987,1.5266,1.8212,-0.2946,0.8507,0.6,none,midweek_partial,False,False,-0.4785,1.9512,-2.4297,0.6396,shrinking,0.07857142857142854,-0.3818,False,False,False,False,True,,,,,0_0
000498,2026-01-23,L2,5,5,1.461,1.831,1.8212,0.0098,0.798,1.0,double_positive_efficiency_improved,completed_week,True,False,-0.4777,0.641,-1.1187,0.9544,normal,0.07928571428571425,-0.3784,False,False,False,False,True,,,,,1_0
000498,2026-01-27,L2,2,5,-0.64,,,,,0.4,double_positive_efficiency_improved,tuesday_C,True,False,-0.64,0.0,-0.64,0.7632,shrinking,0.08285714285714281,-0.4828,False,False,False,False,True,,,,,1_0
000498,2026-01-29,L2,4,5,0.96,0.8278,1.461,-0.6332,1.1597,0.8,none,midweek_partial,False,False,0.318,1.2882,-0.9703,0.5464,shrinking,0.087142857142857,0.2295,False,False,False,False,True,,,,,0_0
000498,2026-02-02,L2,1,5,-2.3772,1.1494,1.461,-0.3116,1.1136,0.2,none,monday,False,False,-2.6856,0.317,-3.0026,1.2065,expanding,0.09785714285714274,-1.7372,False,False,False,False,True,,,,,0_0
000498,2026-02-04,L2,3,5,-0.1585,,,,,0.6,none,midweek_partial,False,False,1.6129,0.6494,0.9636,1.0652,normal,0.10999999999999988,0.9091,False,False,False,False,True,,,,,0_0
000498,2026-02-06,L2,5,5,-1.4263,1.9247,1.28,0.6447,0.7411,1.0,none,completed_week,False,False,-0.9554,-0.3175,-0.638,1.0402,normal,0.10642857142857139,-0.5638,False,False,False,False,True,,,,,0_0
000498,2026-02-10,L2,2,5,-0.319,,,,,0.4,none,tuesday_gate_failed,,False,-0.6359,1.1254,-1.7613,0.8636,shrinking,0.10642857142857151,-0.3758,False,False,False,False,True,,,,,0_0
000498,2026-02-12,L2,4,5,-0.638,,,,,0.8,none,midweek_partial,False,False,-0.638,0.32,-0.958,1.3143,expanding,0.10142857142857149,-0.3944,False,False,False,False,True,,,,,0_0
000498,2026-02-24,L2,1,5,0.3247,,,,,0.2,none,tuesday_gate_failed,,False,1.1457,-1.9262,3.0718,0.9337,normal,0.10071428571428578,0.695,True,True,False,False,True,False,True,,,0_1
000498,2026-02-26,L2,3,5,1.461,1.1373,2.5518,-1.4145,1.2846,0.6,negative_to_positive,midweek_partial,True,False,0.0,1.1327,-1.1327,0.5587,shrinking,0.10214285714285724,0.0,False,False,False,False,True,,,,,1_0
000498,2026-03-02,L2,1,5,0.7987,2.3234,2.5518,-0.2284,1.0481,0.2,negative_to_positive,monday,True,False,0.0,0.96,-0.96,1.5037,expanding,0.10000000000000016,0.0,False,False,False,False,True,,,,,1_0
000498,2026-03-04,L2,3,5,-3.9936,,,,,0.6,none,midweek_partial,False,False,-3.2206,-1.5848,-1.6358,1.1453,expanding,0.09214285714285733,-2.1705,False,False,False,False,True,,,,,0_0
000498,2026-03-06,L2,5,5,-2.2364,1.1844,2.4351,-1.2507,1.8882,1.0,none,completed_week,False,False,1.6611,0.1664,1.4947,0.8986,shrinking,0.10142857142857162,0.9859,True,True,False,False,True,True,False,,,0_1
000498,2026-03-10,L2,2,5,0.4942,,,,,0.4,none,tuesday_gate_failed,,False,0.3289,-0.6536,0.9825,1.2551,expanding,0.10714285714285733,0.1867,False,False,True,True,True,,,False,True,0_1
000498,2026-03-12,L2,4,5,1.9769,1.9481,2.2364,-0.2883,1.0148,0.8,negative_to_positive,midweek_partial,True,False,0.3241,1.1475,-0.8234,1.1492,expanding,0.11428571428571452,0.175,False,False,False,False,True,,,,,1_0
000498,2026-03-16,L2,1,5,-1.7516,3.022,2.2364,0.7856,1.1448,0.2,negative_to_positive,monday,True,False,-1.7516,1.454,-3.2056,0.7432,shrinking,0.12000000000000018,-0.9167,False,False,False,False,True,,,,,1_0
000498,2026-03-18,L2,3,5,-3.0255,,,,,0.6,none,midweek_partial,False,False,-0.6525,-0.6483,-0.0042,1.3078,expanding,0.1250000000000002,-0.32,False,False,False,False,True,,,,,0_0
000498,2026-03-20,L2,5,5,-6.051,7.223,3.4596,3.7634,0.8377,1.0,none,completed_week,False,False,-1.6667,-1.4778,-0.1888,0.9756,normal,0.12428571428571449,-0.8046,False,False,False,False,True,,,,,0_0
000498,2026-03-30,L2,1,5,3.1579,1.2703,6.051,-4.7807,1.2131,0.2,none,monday,False,False,2.2609,-0.519,2.7799,1.5869,expanding,0.1492857142857146,0.8708,False,False,True,True,True,,,False,True,0_1
000501,2026-01-05,L2,1,5,-0.7937,3.3136,1.5326,1.781,0.5274,0.2,none,monday,False,False,-1.1858,1.7085,-2.8943,0.9489,normal,0.3428571428571428,-0.35,False,False,False,False,True,,,,,0_0
000501,2026-01-07,L2,3,5,2.9762,1.5692,1.7476,-0.1784,1.8966,0.6,negative_to_positive,midweek_partial,True,False,2.5692,1.2,1.3692,1.452,expanding,0.3499999999999999,0.7429,False,False,True,True,True,,,True,False,1_1
000501,2026-01-09,L2,5,5,10.119,4.0468,1.7476,2.2992,2.5005,1.0,negative_to_positive,completed_week,True,False,7.767,-0.7707,8.5377,3.2602,expanding,0.3392857142857143,2.3579,False,False,True,False,False,,,False,True,1_0
000501,2026-01-13,L2,2,5,-1.2739,,,,,0.4,negative_to_positive,tuesday_A,True,False,-2.3402,0.0901,-2.4303,0.6103,shrinking,0.375,-0.6933,False,False,False,False,True,,,,,1_0
000501,2026-01-15,L2,4,5,-2.4568,,,,,0.8,none,midweek_partial,False,True,0.0,-1.1982,1.1982,0.5548,shrinking,0.3714285714285715,0.0,False,False,False,False,True,,,,,0_0
000501,2026-01-19,L2,1,5,4.4634,3.5335,10.119,-6.5855,1.2618,0.2,none,monday,False,False,4.7619,-2.0522,6.8141,1.6183,expanding,0.39000000000000007,1.2821,False,False,False,False,False,,,,,0_0
000501,2026-01-21,L2,3,5,2.0893,3.7236,4.4586,-0.735,0.5611,0.6,negative_to_positive,midweek_partial,True,False,-0.9217,-1.3636,0.442,0.7892,shrinking,0.4164285714285714,-0.2401,False,False,False,False,True,,,,,1_0
000501,2026-01-23,L2,5,5,2.849,5.3144,4.4586,0.8558,0.5361,1.0,negative_to_positive,completed_week,True,False,0.185,0.5581,-0.3731,0.7973,shrinking,0.4042857142857143,0.0495,False,False,False,False,True,,,,,1_0
000501,2026-01-27,L2,2,5,-3.8175,,,,,0.4,negative_to_positive,tuesday_C,True,False,-0.1932,-4.4321,4.2389,0.4408,shrinking,0.38928571428571423,-0.0514,False,False,False,False,True,,,,,1_0
000501,2026-01-29,L2,4,5,-1.3035,,,,,0.8,none,midweek_partial,False,False,0.7605,1.8393,-1.0788,1.9361,expanding,0.4107142857142855,0.1948,False,False,False,False,True,,,,,0_0
000501,2026-02-02,L2,1,5,-3.901,1.305,2.849,-1.544,1.0702,0.2,none,monday,False,False,-4.627,-0.0943,-4.5327,1.05,normal,0.37714285714285684,-1.2992,False,False,False,False,True,,,,,0_0
000501,2026-02-04,L2,3,5,-1.9029,,,,,0.6,none,midweek_partial,False,False,0.3895,1.6832,-1.2937,1.1126,expanding,0.3628571428571426,0.1102,False,False,False,False,True,,,,,0_0
000501,2026-02-06,L2,5,5,-3.5205,5.1579,1.3966,3.7613,0.6825,1.0,none,completed_week,False,False,-2.2179,0.582,-2.7999,1.2186,expanding,0.3321428571428569,-0.6925,False,False,False,False,True,,,,,0_0
000501,2026-02-10,L2,2,5,-1.8664,,,,,0.4,none,tuesday_gate_failed,,False,-2.2505,0.789,-3.0394,1.4297,expanding,0.30785714285714266,-0.7471,False,False,False,False,True,,,,,0_0
000501,2026-03-02,L2,1,5,-2.3933,3.2973,6.3851,-3.0878,0.4432,0.2,negative_to_positive,monday,True,False,-3.4979,0.103,-3.6009,2.5233,expanding,0.22642857142857192,-1.5016,False,False,False,False,True,,,,,1_0
000501,2026-03-04,L2,3,5,-6.5557,,,,,0.6,none,midweek_partial,False,False,-1.9651,-2.3454,0.3804,0.7735,shrinking,0.19571428571428623,-0.9197,False,False,False,False,True,,,,,0_0
000501,2026-03-06,L2,5,5,-4.8907,2.8786,1.4614,1.4172,1.699,1.0,none,completed_week,False,False,0.4396,1.3363,-0.8967,0.9712,normal,0.20785714285714324,0.1924,False,False,False,False,True,,,,,0_0
000501,2026-03-10,L2,2,5,2.0112,,,,,0.4,none,tuesday_gate_failed,,False,1.2195,-1.3129,2.5324,0.8337,shrinking,0.1978571428571432,0.556,True,True,True,True,True,False,True,False,True,0_1
000501,2026-03-12,L2,4,5,1.2291,1.6835,4.8907,-3.2072,0.73,0.8,negative_to_positive,midweek_partial,True,False,-0.4396,-0.3286,-0.111,1.1868,expanding,0.1978571428571432,-0.2022,False,False,False,False,True,,,,,1_0
000501,2026-03-16,L2,1,5,0.3337,0.6169,4.8907,-4.2738,0.7245,0.2,negative_to_positive,monday,True,False,0.3337,-0.7726,1.1063,0.9374,normal,0.17928571428571452,0.1673,True,True,False,False,True,False,True,,,1_1
000504,2026-01-05,L2,1,5,-1.7817,5.2779,8.4906,-3.2127,0.4747,0.2,none,monday,False,False,-1.4525,1.359,-2.8115,2.113,expanding,0.262142857142857,-0.4959,False,False,False,False,True,,,,,0_0
000504,2026-01-07,L2,3,5,-3.4521,,,,,0.6,none,midweek_partial,False,False,-0.9143,-0.7937,-0.1206,1.1332,expanding,0.26642857142857135,-0.3003,False,False,False,False,True,,,,,0_0
000504,2026-01-09,L2,5,5,-1.559,0.7115,2.5054,-1.7939,2.191,1.0,none,completed_week,False,False,1.4925,0.4614,1.0312,1.2907,expanding,0.2535714285714285,0.5127,False,False,False,False,True,,,,,0_0
000504,2026-01-13,L2,2,5,-2.8249,,,,,0.4,none,tuesday_gate_failed,,False,0.939,-3.6199,4.5589,0.6679,shrinking,0.2278571428571427,0.3511,True,True,False,False,True,False,True,,,0_1
000504,2026-01-15,L2,4,5,-3.2768,,,,,0.8,none,midweek_partial,False,False,0.4695,-0.9302,1.3997,0.532,shrinking,0.24857142857142847,0.1609,True,True,False,False,True,False,True,,,0_1
000504,2026-01-19,L2,1,5,6.8182,2.9988,1.559,1.4398,1.3188,0.2,none,monday,False,False,5.0588,-0.7009,5.7598,1.6469,expanding,0.22500000000000003,1.9111,False,False,False,False,False,,,,,0_0
000504,2026-01-21,L2,3,5,10.8852,6.0825,3.9548,2.1277,1.7896,0.6,negative_to_positive,midweek_partial,True,False,-0.9615,4.8152,-5.7768,0.4829,shrinking,0.23357142857142868,-0.3853,False,False,False,False,True,,,,,1_0
000504,2026-01-23,L2,5,5,5.8612,2.434,3.9548,-1.5208,2.4081,1.0,negative_to_positive,completed_week,True,False,-4.8387,0.3236,-5.1623,3.2169,expanding,0.2571428571428574,-1.75,False,False,False,False,True,,,,,1_0
000504,2026-01-27,L2,2,5,0.0,,,,,0.4,negative_to_positive,tuesday_A,True,False,-2.323,2.1469,-4.4699,0.5585,shrinking,0.28357142857142875,-0.7406,False,False,False,False,True,,,,,1_0
000504,2026-01-29,L2,4,5,-2.4915,,,,,0.8,none,midweek_partial,False,False,-1.0345,-1.4723,0.4378,0.73,shrinking,0.3064285714285716,-0.2937,False,False,False,False,True,,,,,0_0
000505,2026-01-05,L2,1,5,-5.8057,12.7747,18.775,-6.0003,0.5871,0.2,none,monday,False,False,-6.5805,-1.7321,-4.8484,1.1951,expanding,0.6342857142857142,-0.8829,False,False,False,False,True,,,,,0_0
000505,2026-01-09,L2,5,5,-6.3981,6.2636,7.5,-1.2364,1.0215,1.0,none,completed_week,False,False,0.7653,1.1613,-0.396,1.3587,expanding,0.5764285714285713,0.1041,False,False,False,False,True,,,,,0_0
000505,2026-02-06,L2,5,5,-0.4167,0.5149,4.2838,-3.7689,0.8092,1.0,none,completed_week,False,False,0.7022,-0.4196,1.1218,0.8432,shrinking,0.252857142857143,0.1977,True,True,False,False,True,False,True,,,0_1
000505,2026-02-10,L2,2,5,0.1393,,,,,0.4,none,tuesday_gate_failed,,False,-0.1389,0.4184,-0.5573,0.7802,shrinking,0.25500000000000017,-0.0392,False,False,False,False,True,,,,,0_0
000505,2026-03-02,L2,1,5,1.4085,3.244,4.3175,-1.0735,0.7117,0.2,negative_to_positive,monday,True,False,1.5515,0.9972,0.5543,2.7079,expanding,0.2407142857142859,0.457,False,False,True,True,True,,,True,False,1_1
000505,2026-03-04,L2,3,5,7.7465,1.6778,2.3088,-0.631,4.6169,0.6,none,midweek_partial,False,False,4.5082,1.6667,2.8415,1.5465,expanding,0.17357142857142874,1.9012,False,False,True,False,False,,,True,False,0_0
000505,2026-03-06,L2,5,5,2.2535,0.5227,2.3088,-1.7861,4.3111,1.0,none,completed_week,False,False,0.4149,-5.4902,5.9051,0.6646,shrinking,0.19857142857142865,0.1511,True,True,False,False,True,False,True,,,0_1
000505,2026-03-10,L2,2,5,-1.2312,,,,,0.4,none,tuesday_gate_failed,,False,-1.9022,1.3774,-3.2796,0.5913,shrinking,0.23285714285714296,-0.6012,False,False,False,False,True,,,,,0_0
000505,2026-03-12,L2,4,5,0.5472,0.7077,2.2535,-1.5458,0.7732,0.8,none,midweek_partial,False,False,2.0833,-0.277,2.3603,1.712,expanding,0.24785714285714297,0.6052,False,False,True,True,True,,,False,True,0_1
000505,2026-03-16,L2,1,5,3.3784,0.0,2.2535,-2.2535,0.7536,0.2,none,monday,False,False,4.6512,-0.5442,5.1954,2.0,expanding,0.26571428571428585,1.2796,False,False,False,False,False,,,,,0_0
000505,2026-03-18,L2,3,5,-3.3784,,,,,0.6,none,midweek_partial,False,False,-2.5886,-4.0523,1.4637,0.7411,shrinking,0.2907142857142858,-0.6536,False,False,False,False,True,,,,,0_0
000505,2026-03-20,L2,5,5,-8.5135,8.4749,0.0,8.4749,1.0046,1.0,none,completed_week,False,False,-4.6479,-0.6993,-3.9486,1.2889,expanding,0.3107142857142858,-1.0621,False,False,False,False,True,,,,,0_0
000505,2026-03-24,L2,2,5,-0.1515,,,,,0.4,none,tuesday_gate_failed,,False,4.1074,-6.4993,10.6067,0.6923,shrinking,0.3221428571428572,0.8071,True,False,False,False,False,False,True,,,0_0
000505,2026-03-26,L2,4,5,1.0606,2.1328,8.5135,-6.3807,0.4973,0.8,negative_to_positive,midweek_partial,True,False,-0.5961,1.8209,-2.4171,0.8952,shrinking,0.32214285714285723,-0.1242,False,False,False,False,True,,,,,1_0
000505,2026-03-30,L2,1,5,4.9853,9.396,8.5135,0.8825,0.516,0.2,negative_to_positive,monday,True,False,3.4682,3.7481,-0.2799,1.579,expanding,0.29500000000000004,0.8136,False,False,False,False,True,,,,,1_0
000506,2026-01-05,L2,1,5,-0.6015,7.2845,0.4412,6.8433,0.4964,0.2,none,monday,False,False,1.2251,-1.0606,2.2857,1.6114,expanding,0.6878571428571426,0.2326,False,False,False,False,True,,,,,0_0
000506,2026-01-07,L2,3,5,0.9774,0.4939,3.6162,-3.1223,1.9791,0.6,negative_to_positive,midweek_partial,True,False,0.7502,0.8321,-0.0819,1.0124,normal,0.6285714285714284,0.1591,False,False,False,False,True,,,,,1_0
000506,2026-01-09,L2,5,5,3.2331,1.5222,3.6162,-2.094,2.124,1.0,negative_to_positive,completed_week,True,False,2.7695,-0.5212,3.2907,1.1373,expanding,0.5535714285714286,0.6684,False,False,True,True,True,,,False,True,1_1
000506,2026-01-13,L2,2,5,0.4237,,,,,0.4,negative_to_positive,tuesday_B,True,False,2.5974,0.9468,1.6506,1.2087,expanding,0.5485714285714287,0.6562,False,False,False,False,True,,,,,1_0
000506,2026-01-15,L2,4,5,4.5198,3.1791,3.2331,-0.054,1.4217,0.8,none,midweek_partial,False,False,3.352,0.7032,2.6487,1.2889,expanding,0.5585714285714287,0.8593,False,False,False,False,True,,,,,0_0
000506,2026-01-19,L2,1,5,7.5421,1.9407,3.2331,-1.2924,1.31,0.2,none,monday,False,False,9.9862,-1.8919,11.8781,2.3495,expanding,0.6071428571428571,2.3882,False,False,False,False,False,,,,,0_0
000506,2026-01-21,L2,3,5,30.1684,14.4248,2.5424,11.8824,2.0914,0.6,double_positive_efficiency_improved,midweek_partial,True,False,10.0171,10.0188,-0.0017,1.0404,normal,0.6835714285714287,2.5747,False,False,False,False,False,,,,,1_0
000506,2026-01-23,L2,5,5,31.1785,13.0866,2.5424,10.5442,2.3825,1.0,double_positive_efficiency_improved,completed_week,True,False,-0.1026,0.8795,-0.982,0.8252,shrinking,0.832857142857143,-0.024,False,False,False,False,True,,,,,1_0
000506,2026-01-27,L2,2,5,16.9727,,,,,0.4,double_positive_efficiency_improved,tuesday_A,True,False,9.986,10.0103,-0.0243,1.5586,expanding,1.0157142857142858,2.1069,False,False,False,False,False,,,,,1_0
000506,2026-01-29,L2,4,5,41.5385,37.2588,31.1785,6.0803,1.1149,0.8,double_positive_efficiency_improved,midweek_partial,True,False,9.9884,10.0127,-0.0243,2.3361,expanding,1.2899999999999996,2.0078,False,False,False,False,False,,,,,1_0
000506,2026-03-02,L2,1,5,5.7292,0.9579,2.9798,-2.0219,0.8293,0.2,negative_to_positive,monday,True,False,10.0,2.0101,7.9899,2.8008,expanding,1.3907142857142862,1.4597,False,False,True,False,False,,,True,False,1_0
000506,2026-03-04,L2,3,5,-3.3617,,,,,0.6,none,midweek_partial,False,False,-5.5093,-3.2691,-2.2401,0.5297,shrinking,1.193571428571429,-0.997,False,False,False,False,True,,,,,0_0
000506,2026-03-06,L2,5,5,-5.3504,2.7164,0.7944,1.922,1.9696,1.0,none,completed_week,False,False,-0.1499,-1.9108,1.761,0.7919,shrinking,1.2300000000000004,-0.0244,False,False,False,False,True,,,,,0_0
000506,2026-03-10,L2,2,5,2.4962,,,,,0.4,none,tuesday_gate_failed,,False,-0.74,1.4007,-2.1407,0.6104,shrinking,1.142857142857143,-0.1312,False,False,False,False,True,,,,,0_0
000506,2026-03-12,L2,4,5,-2.0377,,,,,0.8,none,midweek_partial,False,False,-3.4639,-0.994,-2.4698,1.1733,expanding,1.193571428571429,-0.5781,False,False,False,False,True,,,,,0_0
000507,2026-03-12,L2,4,5,2.669,4.1443,0.5329,3.6114,0.644,0.8,negative_to_positive,midweek_partial,True,False,2.1239,1.0733,1.0505,2.0962,expanding,0.16571428571428568,0.7241,False,False,True,True,True,,,True,False,1_1
000507,2026-03-16,L2,1,5,-0.1751,2.1942,0.5329,1.6613,0.6487,0.2,negative_to_positive,monday,True,False,0.0,-1.2132,1.2132,0.6988,shrinking,0.1721428571428571,0.0,False,False,False,False,True,,,,,1_0
000507,2026-03-18,L2,3,5,0.0,,,,,0.6,none,midweek_partial,False,False,1.6014,-1.4035,3.0049,1.0469,normal,0.16785714285714276,0.5362,False,False,False,False,True,,,,,0_0
000507,2026-03-26,L2,4,5,5.7451,3.0219,1.2259,1.796,1.9012,0.8,negative_to_positive,midweek_partial,True,False,0.6838,3.5398,-2.8561,0.9597,normal,0.16071428571428564,0.2489,False,False,False,False,True,,,,,1_0
000507,2026-03-30,L2,1,5,-0.349,2.1145,1.2259,0.8886,1.8679,0.2,negative_to_positive,monday,True,False,-1.3817,-1.6978,0.3161,0.8893,shrinking,0.16928571428571418,-0.4726,False,False,False,False,True,,,,,1_0
000509,2026-01-05,L2,1,5,-2.8409,3.7693,2.0231,1.7462,0.6261,0.2,negative_to_positive,monday,True,False,-1.4409,2.0588,-3.4997,0.9025,normal,0.10142857142857149,-0.493,False,False,False,False,True,,,,,1_0
000509,2026-01-07,L2,3,5,-4.5455,,,,,0.6,none,midweek_partial,False,False,-4.0,2.3392,-6.3392,1.4168,expanding,0.09857142857142866,-1.4203,False,False,False,False,True,,,,,0_0
000509,2026-01-09,L2,5,5,-2.2727,1.1326,2.3599,-1.2273,2.0067,1.0,none,completed_week,False,False,0.0,2.381,-2.381,0.8425,shrinking,0.10142857142857155,0.0,False,False,False,False,True,,,,,0_0
000509,2026-01-13,L2,2,5,0.0,,,,,0.4,none,tuesday_gate_failed,,False,-1.4286,1.7442,-3.1728,1.0537,normal,0.09857142857142868,-0.5072,False,False,False,False,True,,,,,0_0
000509,2026-01-15,L2,4,5,-0.8696,,,,,0.8,none,midweek_partial,False,False,-0.8696,0.0,-0.8696,0.6762,shrinking,0.10357142857142868,-0.2897,False,False,False,False,True,,,,,0_0
000509,2026-01-19,L2,1,5,1.173,1.667,2.2727,-0.6057,0.8694,0.2,none,monday,False,False,1.4706,-0.5848,2.0554,1.1292,expanding,0.10357142857142865,0.4828,False,False,False,False,True,,,,,0_0
000509,2026-01-21,L2,3,5,0.5865,0.8027,1.4493,-0.6466,0.7307,0.6,negative_to_positive,midweek_partial,True,False,0.0,-0.5797,0.5797,0.9009,normal,0.10142857142857152,0.0,False,False,False,False,True,,,,,1_0
000509,2026-01-23,L2,5,5,4.6921,5.0841,1.4493,3.6348,0.9229,1.0,negative_to_positive,completed_week,True,False,0.8475,3.207,-2.3595,0.7374,shrinking,0.09785714285714293,0.3066,False,False,False,False,True,,,,,1_0
000509,2026-01-27,L2,2,5,-1.3966,,,,,0.4,negative_to_positive,tuesday_C,True,False,0.0,-1.1204,1.1204,0.9001,normal,0.09071428571428575,0.0,False,False,False,False,True,,,,,1_0
000509,2026-01-29,L2,4,5,-4.1899,,,,,0.8,none,midweek_partial,False,False,-1.4368,-1.4164,-0.0204,0.8922,shrinking,0.09000000000000001,-0.5556,False,False,False,False,True,,,,,0_0
000509,2026-02-02,L2,1,5,-1.4706,4.3367,4.6921,-0.3554,1.0306,0.2,none,monday,False,False,-2.0468,-0.2915,-1.7552,1.0809,normal,0.09000000000000005,-0.7778,False,False,False,False,True,,,,,0_0
000509,2026-02-04,L2,3,5,1.1765,1.6094,4.4693,-2.8599,0.731,0.6,negative_to_positive,midweek_partial,True,False,1.1765,1.4925,-0.3161,0.8063,shrinking,0.08928571428571432,0.448,False,False,False,False,True,,,,,1_0
000509,2026-02-06,L2,5,5,1.7647,2.4373,4.4693,-2.032,0.724,1.0,negative_to_positive,completed_week,True,False,0.8746,-0.2907,1.1653,0.9796,normal,0.08642857142857145,0.3471,True,True,False,False,True,False,True,,,1_1
000509,2026-02-10,L2,2,5,2.0115,,,,,0.4,negative_to_positive,tuesday_A,True,False,0.8523,1.7341,-0.8818,0.8144,shrinking,0.08857142857142859,0.3387,False,False,False,False,True,,,,,1_0
000509,2026-02-12,L2,4,5,-1.1494,,,,,0.8,none,midweek_partial,False,False,-1.9943,-1.1268,-0.8675,1.2337,expanding,0.09142857142857148,-0.7656,False,False,False,False,True,,,,,0_0
000509,2026-02-24,L2,1,5,0.8696,,,,,0.2,none,tuesday_gate_failed,,False,1.7544,-0.5814,2.3358,1.2966,expanding,0.08928571428571438,0.672,False,False,False,False,True,,,,,0_0
000509,2026-02-26,L2,3,5,2.029,1.7353,1.7241,0.0112,1.1692,0.6,negative_to_positive,midweek_partial,True,False,0.2849,0.8621,-0.5772,0.7695,shrinking,0.08285714285714293,0.1207,False,False,False,False,True,,,,,1_0
000509,2026-03-02,L2,1,5,-2.0,2.6743,1.7241,0.9502,0.8671,0.2,negative_to_positive,monday,True,False,-2.8329,0.2841,-3.117,1.8667,expanding,0.08000000000000004,-1.25,False,False,False,False,True,,,,,1_0
000509,2026-03-04,L2,3,5,-5.7143,,,,,0.6,none,midweek_partial,False,False,0.6098,-4.3732,4.9829,0.5254,shrinking,0.07928571428571438,0.2523,True,True,False,False,True,False,True,,,0_1
000509,2026-03-06,L2,5,5,14.0,2.8804,2.3188,0.5616,4.8605,1.0,double_positive_efficiency_improved,completed_week,True,False,9.9174,10.0,-0.0826,3.5342,expanding,0.09142857142857154,3.9375,False,False,False,False,False,,,,,1_0
000509,2026-03-10,L2,2,5,3.125,,,,,0.4,double_positive_efficiency_improved,tuesday_A,True,False,2.3256,-3.0075,5.3331,0.6876,shrinking,0.13857142857142865,0.6495,True,True,True,True,True,False,True,False,True,1_1
000509,2026-03-12,L2,4,5,1.5625,0.8494,14.0,-13.1506,1.8396,0.8,none,midweek_partial,False,False,-1.7632,0.2525,-2.0157,0.6704,shrinking,0.15642857142857153,-0.4475,False,False,False,False,True,,,,,0_0
000509,2026-03-16,L2,1,5,-0.2451,1.4656,14.0,-12.5344,1.7769,0.2,none,monday,False,False,3.2995,1.0256,2.2739,1.0723,normal,0.1707142857142858,0.7615,False,False,True,True,True,,,True,False,0_1
000509,2026-03-18,L2,3,5,2.2059,2.9157,2.6042,0.3115,0.7566,0.6,double_positive_efficiency_improved,midweek_partial,True,False,2.2059,0.2457,1.9602,0.8217,shrinking,0.2057142857142858,0.4375,True,True,True,True,True,True,False,True,False,1_1
000509,2026-03-20,L2,5,5,11.2745,15.7175,2.6042,13.1133,0.7173,1.0,double_positive_efficiency_improved,completed_week,True,False,9.9274,-0.9592,10.8866,1.6913,expanding,0.22285714285714292,1.8397,False,False,True,False,False,,,False,True,1_0
000509,2026-03-24,L2,2,5,0.2227,,,,,0.4,double_positive_efficiency_improved,tuesday_B,True,False,10.0244,-9.9119,19.9363,0.6577,shrinking,0.2557142857142858,1.6034,True,False,False,False,False,False,True,,,1_0
000509,2026-03-26,L2,4,5,-2.8953,,,,,0.8,none,midweek_partial,False,True,-5.0109,2.0,-7.0109,0.6325,shrinking,0.29571428571428576,-0.7778,False,False,False,False,True,,,,,0_0
000509,2026-03-30,L2,1,5,4.3689,2.6518,11.2745,-8.6227,1.7637,0.2,none,monday,False,False,0.4673,-1.8349,2.3022,1.2038,expanding,0.2900000000000001,0.069,False,False,True,True,True,,,False,True,0_1
000510,2026-01-05,L2,1,5,2.1904,8.2375,7.2907,0.9468,0.6075,0.2,none,monday,False,False,4.7496,-5.8537,10.6032,0.8653,shrinking,0.8228571428571431,0.6684,True,False,False,False,False,False,True,,,0_0
000510,2026-01-07,L2,3,5,13.7321,8.5554,5.0041,3.5513,1.6051,0.6,negative_to_positive,midweek_partial,True,False,1.1994,9.9753,-8.7759,1.3064,expanding,0.8642857142857147,0.1851,False,False,False,False,True,,,,,1_0
000510,2026-01-09,L2,5,5,13.0581,8.0861,5.0041,3.082,1.6149,1.0,negative_to_positive,completed_week,True,False,5.5862,-5.8519,11.438,0.8888,shrinking,0.8950000000000004,0.7933,True,False,False,False,False,False,True,,,1_0
000510,2026-01-13,L2,2,5,3.8117,,,,,0.4,negative_to_positive,tuesday_A,True,False,-0.2872,3.8003,-4.0874,0.9703,normal,0.9600000000000001,-0.0417,False,False,False,False,True,,,,,1_0
000510,2026-01-15,L2,4,5,7.997,7.9889,13.0581,-5.0692,1.001,0.8,none,midweek_partial,False,False,5.3975,-1.2959,6.6934,0.9085,normal,0.9471428571428575,0.7813,True,False,False,False,False,False,True,,,0_0
000510,2026-01-19,L2,1,5,8.5882,14.6455,13.0581,1.5874,1.0819,0.2,double_positive_efficiency_improved,monday,True,False,7.6774,7.2664,0.411,1.0104,normal,1.0228571428571431,1.1634,False,False,True,False,False,,,True,False,1_0
000510,2026-01-21,L2,3,5,17.0462,14.6523,15.8445,-1.1922,1.1634,0.6,none,midweek_partial,False,False,10.0306,-2.0371,12.0677,0.9003,normal,1.188571428571429,1.3798,True,False,False,False,False,False,True,,,0_0
000510,2026-01-23,L2,5,5,21.3403,18.7522,15.8445,2.9077,1.138,1.0,double_positive_efficiency_improved,completed_week,True,False,2.7548,0.8894,1.8654,0.8179,shrinking,1.363571428571429,0.3667,True,True,False,False,True,True,False,,,1_1
000510,2026-01-27,L2,2,5,6.6667,,,,,0.4,double_positive_efficiency_improved,tuesday_A,True,False,-2.2178,8.7936,-11.0114,1.0391,normal,1.3942857142857146,-0.3227,False,False,False,False,True,,,,,1_0
000510,2026-01-29,L2,4,5,-10.5914,,,,,0.8,none,midweek_partial,False,False,-10.0108,-6.8548,-3.156,1.1609,expanding,1.4864285714285714,-1.2446,False,False,False,False,True,,,,,0_0
000510,2026-02-04,L2,3,5,4.0027,4.3406,13.0645,-8.7239,0.9221,0.6,negative_to_positive,midweek_partial,True,False,-0.3197,6.25,-6.5697,0.9684,normal,1.7135714285714287,-0.0292,False,False,False,False,True,,,,,1_0
000510,2026-02-06,L2,5,5,4.2695,5.4253,13.0645,-7.6392,0.787,1.0,negative_to_positive,completed_week,True,False,4.6185,-4.1693,8.7878,0.9917,normal,1.7364285714285717,0.3974,True,False,False,False,False,False,True,,,1_0
000510,2026-02-10,L2,2,5,-3.7275,,,,,0.4,negative_to_positive,tuesday_A,True,False,-5.1899,1.0877,-6.2775,1.0117,normal,1.6028571428571428,-0.5116,False,False,False,False,True,,,,,1_0
000510,2026-02-12,L2,4,5,12.7892,16.4868,4.2695,12.2173,0.7757,0.8,double_positive_efficiency_improved,midweek_partial,True,False,6.4927,10.0134,-3.5206,2.1363,expanding,1.4135714285714285,0.7569,False,False,False,False,False,,,,,1_0
000510,2026-02-24,L2,1,5,0.3432,,,,,0.2,double_positive_efficiency_improved,tuesday_A,True,False,3.1765,-3.1339,6.3104,1.0093,normal,1.4764285714285712,0.3657,False,False,False,False,True,,,,,1_0
000510,2026-02-26,L2,3,5,6.1213,6.1055,9.2545,-3.149,1.0026,0.6,none,midweek_partial,False,False,-0.8021,6.6135,-7.4156,1.0152,normal,1.3814285714285717,-0.1086,False,False,False,False,True,,,,,0_0
000510,2026-03-02,L2,1,5,5.3991,20.3771,9.2545,11.1226,0.8226,0.2,double_positive_efficiency_improved,monday,True,False,9.9951,10.027,-0.0319,0.9924,normal,1.320714285714286,1.5446,False,False,False,False,False,,,,,1_0
000510,2026-03-04,L2,3,5,-4.9765,,,,,0.6,none,midweek_partial,False,False,-3.2967,-6.7706,3.4739,0.5778,shrinking,1.4100000000000001,-0.4894,False,False,False,False,True,,,,,0_0
000510,2026-03-06,L2,5,5,-5.3052,3.5491,16.762,-13.2129,1.4948,1.0,none,completed_week,False,False,1.4077,-1.7292,3.137,1.2823,expanding,1.5392857142857141,0.1819,False,False,False,False,True,,,,,0_0
000510,2026-03-10,L2,2,5,-3.2603,,,,,0.4,none,tuesday_gate_failed,,False,-1.2994,-4.6108,3.3114,0.8758,shrinking,1.5485714285714287,-0.1614,False,False,False,False,True,,,,,0_0
000514,2026-01-05,L2,1,5,1.626,3.0862,0.7905,2.2957,0.5821,0.2,none,monday,False,False,1.626,0.2037,1.4224,1.0328,normal,0.1071428571428572,0.7467,False,False,False,False,True,,,,,0_0
000514,2026-01-07,L2,3,5,2.0325,0.9918,1.7964,-0.8046,2.0494,0.6,negative_to_positive,midweek_partial,True,False,-0.9862,1.4,-2.3862,0.83,shrinking,0.09571428571428583,-0.5224,False,False,False,False,True,,,,,1_0
000514,2026-01-09,L2,5,5,3.6585,1.6506,1.7964,-0.1458,2.2165,1.0,negative_to_positive,completed_week,True,False,0.1965,1.3944,-1.198,0.826,shrinking,0.09428571428571438,0.1061,False,False,False,False,True,,,,,1_0
000514,2026-01-13,L2,2,5,-0.3929,,,,,0.4,negative_to_positive,tuesday_A,True,False,-0.5882,0.0,-0.5882,1.118,expanding,0.09571428571428577,-0.3134,False,False,False,False,True,,,,,1_0
000514,2026-01-15,L2,4,5,-0.7859,,,,,0.8,none,midweek_partial,False,False,0.5976,-0.9862,1.5838,0.6137,shrinking,0.09142857142857151,0.3281,True,True,False,False,True,False,True,,,0_1
000514,2026-01-19,L2,1,5,1.4,1.3563,3.6585,-2.3022,1.014,0.2,none,monday,False,False,0.996,-0.5941,1.5901,1.1864,expanding,0.09500000000000007,0.5263,False,False,False,False,True,,,,,0_0
000514,2026-01-21,L2,3,5,4.6,1.7751,1.3752,0.3999,2.5914,0.6,negative_to_positive,midweek_partial,True,False,-2.4254,5.7199,-8.1453,0.5841,shrinking,0.09571428571428577,-1.3582,False,False,False,False,True,,,,,1_0
000514,2026-01-23,L2,5,5,4.2,2.0381,1.3752,0.6629,2.0607,1.0,negative_to_positive,completed_week,True,False,-0.5725,0.1912,-0.7637,0.8551,shrinking,0.1350000000000001,-0.2222,False,False,False,False,True,,,,,1_0
000514,2026-01-27,L2,2,5,-1.7308,,,,,0.4,negative_to_positive,tuesday_C,True,False,-1.3514,-0.5758,-0.7755,0.8439,shrinking,0.13357142857142865,-0.5241,False,False,False,False,True,,,,,1_0
000514,2026-01-29,L2,4,5,1.1538,1.6402,4.2,-2.5598,0.7035,0.8,none,midweek_partial,False,False,1.5444,1.3699,0.1745,2.2224,expanding,0.13714285714285715,0.5833,False,False,True,True,True,,,True,False,0_1
000514,2026-02-02,L2,1,5,-1.7822,3.1737,4.2,-1.0263,0.7271,0.2,none,monday,False,False,-2.3622,-3.4221,1.0598,0.6756,shrinking,0.1457142857142857,-0.8235,False,False,False,False,True,,,,,0_0
000514,2026-02-04,L2,3,5,2.9703,3.7436,2.3077,1.4359,0.7934,0.6,negative_to_positive,midweek_partial,True,False,3.3797,1.4113,1.9684,2.1594,expanding,0.16285714285714295,1.0439,False,False,True,True,True,,,True,False,1_1
000514,2026-02-06,L2,5,5,2.3762,3.1232,2.3077,0.8155,0.7608,1.0,negative_to_positive,completed_week,True,False,-0.3854,-0.1923,-0.193,0.669,shrinking,0.17142857142857146,-0.1167,False,False,False,False,True,,,,,1_0
000514,2026-02-10,L2,2,5,0.578,,,,,0.4,negative_to_positive,tuesday_A,True,False,-0.7605,1.7408,-2.5013,0.7277,shrinking,0.16999999999999998,-0.2353,False,False,False,False,True,,,,,1_0
000514,2026-02-12,L2,4,5,-0.7707,,,,,0.8,none,midweek_partial,False,False,-1.1516,-0.1916,-0.9601,1.2235,expanding,0.1414285714285714,-0.4242,False,False,False,False,True,,,,,0_0
000514,2026-02-24,L2,1,5,0.1949,,,,,0.2,none,tuesday_gate_failed,,False,0.7843,-0.9709,1.7552,0.9868,normal,0.14142857142857146,0.2828,True,True,False,False,True,False,True,,,0_1
000514,2026-02-26,L2,3,5,-0.7797,,,,,0.6,none,midweek_partial,False,False,-2.8626,1.9455,-4.8081,1.0707,normal,0.13357142857142865,-1.123,False,False,False,False,True,,,,,0_0
000518,2026-03-02,L2,1,5,1.0791,5.3773,1.9084,3.4689,1.2206,0.2,negative_to_positive,monday,True,False,1.8116,-0.7194,2.531,1.2917,expanding,0.07714285714285711,0.6481,False,False,False,False,True,,,,,1_0
000518,2026-03-04,L2,3,5,0.0,,,,,0.6,none,midweek_partial,False,False,1.8315,-2.847,4.6785,0.6831,shrinking,0.07642857142857139,0.6542,True,True,False,False,True,False,True,,,0_1
000518,2026-03-06,L2,5,5,1.0791,0.9211,6.5637,-5.6426,1.1715,1.0,none,completed_week,False,False,0.0,1.0791,-1.0791,1.1515,expanding,0.08214285714285707,0.0,False,False,False,False,True,,,,,0_0
000518,2026-03-10,L2,2,5,2.8571,,,,,0.4,none,tuesday_gate_failed,,False,2.8571,-0.3559,3.213,1.4681,expanding,0.07928571428571421,1.009,False,False,False,False,True,,,,,0_0
000518,2026-03-12,L2,4,5,5.0,2.9902,1.0791,1.9111,1.6722,0.8,double_positive_efficiency_improved,midweek_partial,True,False,1.3793,0.6944,0.6849,3.924,expanding,0.08499999999999994,0.4706,False,False,True,True,True,,,True,False,1_1
000518,2026-03-16,L2,1,5,2.7304,2.4051,1.0791,1.326,1.6334,0.2,double_positive_efficiency_improved,monday,True,False,3.4364,-1.0204,4.4568,1.6418,expanding,0.09357142857142854,1.0687,False,False,True,True,True,,,False,True,1_1
000518,2026-03-18,L2,3,5,4.7782,4.1143,3.9286,0.1857,1.1614,0.6,double_positive_efficiency_improved,midweek_partial,True,False,3.7162,-1.6611,5.3773,0.9949,normal,0.10285714285714283,1.0694,True,False,False,False,False,False,True,,,1_0
000518,2026-03-20,L2,5,5,-0.3413,0.3019,3.9286,-3.6267,1.1307,1.0,none,completed_week,False,True,-3.9474,-0.9772,-2.9702,1.695,expanding,0.10285714285714283,-1.1667,False,False,False,False,True,,,,,0_0
000518,2026-03-24,L2,2,5,-0.3448,,,,,0.4,none,tuesday_gate_failed,,False,2.1201,-3.0822,5.2023,0.7519,shrinking,0.10714285714285711,0.56,True,True,False,False,True,False,True,,,0_1
000518,2026-03-26,L2,4,5,0.6897,1.2759,0.3413,0.9346,0.5405,0.8,negative_to_positive,midweek_partial,True,False,-0.3413,1.3841,-1.7254,0.9488,normal,0.10642857142857141,-0.094,False,False,False,False,True,,,,,1_0
000518,2026-03-30,L2,1,5,1.7065,3.4497,0.3413,3.1084,0.4998,0.2,negative_to_positive,monday,True,False,1.0169,1.0274,-0.0104,1.09,normal,0.10857142857142854,0.2763,False,False,False,False,True,,,,,1_0
000523,2026-01-05,L2,1,5,1.0582,17.5191,3.8462,13.6729,0.5475,0.2,none,monday,False,False,1.3263,-1.8229,3.1492,1.6886,expanding,0.22285714285714273,0.2244,False,False,False,False,True,,,,,0_0
000523,2026-01-07,L2,3,5,-2.1164,,,,,0.6,none,midweek_partial,False,False,-1.8568,-1.3089,-0.5479,0.662,shrinking,0.23357142857142849,-0.2997,False,False,False,False,True,,,,,0_0
000523,2026-01-09,L2,5,5,4.2328,3.0167,9.5923,-6.5756,1.4031,1.0,negative_to_positive,completed_week,True,False,5.63,0.8108,4.8192,2.6903,expanding,0.23071428571428568,0.9102,False,False,True,False,False,,,True,False,1_0
000523,2026-01-13,L2,2,5,0.7712,,,,,0.4,negative_to_positive,tuesday_A,True,False,-1.7544,1.269,-3.0234,0.8677,shrinking,0.23785714285714282,-0.2943,False,False,False,False,True,,,,,1_0
000523,2026-01-15,L2,4,5,-0.5141,,,,,0.8,none,midweek_partial,False,False,-0.2577,-1.0204,0.7627,0.6481,shrinking,0.20642857142857143,-0.0484,False,False,False,False,True,,,,,0_0
000523,2026-01-19,L2,1,5,2.9412,3.9631,4.2328,-0.2697,0.8433,0.2,none,monday,False,False,2.3936,-2.8424,5.236,0.6744,shrinking,0.19285714285714287,0.4667,True,True,False,False,True,False,True,,,0_1
000523,2026-01-21,L2,3,5,10.9626,6.9575,3.3419,3.6156,1.5756,0.6,negative_to_positive,midweek_partial,True,False,-2.1226,10.1299,-12.2525,1.5665,expanding,0.18714285714285714,-0.4809,False,False,False,False,True,,,,,1_0
000523,2026-01-23,L2,5,5,12.2995,8.5683,3.3419,5.2264,1.4355,1.0,negative_to_positive,completed_week,True,False,0.9615,0.241,0.7206,1.1182,expanding,0.2057142857142857,0.1944,False,False,False,False,True,,,,,1_0
000523,2026-01-27,L2,2,5,-3.8278,,,,,0.4,negative_to_positive,tuesday_C,True,False,-2.6634,-1.6667,-0.9968,0.9207,normal,0.18714285714285722,-0.5878,False,False,False,False,True,,,,,1_0
000523,2026-01-29,L2,4,5,-0.7177,,,,,0.8,none,midweek_partial,False,False,4.2714,-0.995,5.2664,2.5226,expanding,0.1914285714285715,0.8881,False,False,False,False,False,,,,,0_0
000523,2026-02-02,L2,1,5,-3.8265,6.2785,12.2995,-6.021,0.6859,0.2,none,monday,False,False,-5.75,-3.6145,-2.1355,0.7825,shrinking,0.18571428571428586,-1.2385,False,False,False,False,True,,,,,0_0
000523,2026-02-04,L2,3,5,-0.5102,,,,,0.6,none,midweek_partial,False,False,2.3622,1.061,1.3012,1.1697,expanding,0.2000000000000001,0.45,False,False,False,False,True,,,,,0_0
000523,2026-02-06,L2,5,5,3.8265,2.3527,4.3062,-1.9535,1.6265,1.0,negative_to_positive,completed_week,True,False,-1.6908,6.1538,-7.8447,0.8159,shrinking,0.2000000000000001,-0.35,False,False,False,False,True,,,,,1_0
000523,2026-02-10,L2,2,5,-1.7115,,,,,0.4,negative_to_positive,tuesday_C,True,False,-1.4706,0.2457,-1.7163,0.6487,shrinking,0.21285714285714294,-0.2819,False,False,False,False,True,,,,,1_0
000523,2026-02-12,L2,4,5,-6.1125,,,,,0.8,none,midweek_partial,False,False,-1.2853,-3.2338,1.9485,1.0117,normal,0.18071428571428577,-0.2767,False,False,False,False,True,,,,,0_0
000523,2026-02-24,L2,1,5,2.6178,,,,,0.2,none,tuesday_gate_failed,,False,3.9788,-1.8229,5.8017,1.1636,expanding,0.1842857142857143,0.814,False,False,False,False,False,,,,,0_0
000523,2026-02-26,L2,3,5,1.5707,2.065,7.824,-5.759,0.7606,0.6,negative_to_positive,midweek_partial,True,False,-1.7722,0.7653,-2.5375,0.8189,shrinking,0.18285714285714283,-0.3828,False,False,False,False,True,,,,,1_0
000523,2026-03-02,L2,1,5,0.2618,3.7769,7.824,-4.0471,0.5545,0.2,negative_to_positive,monday,True,False,-1.7949,0.5155,-2.3103,1.2508,expanding,0.17357142857142852,-0.4033,False,False,False,False,True,,,,,1_0
000523,2026-03-06,L2,5,5,-2.356,2.3296,2.0942,0.2354,1.0114,1.0,none,completed_week,False,False,3.0387,1.4006,1.6381,1.2125,expanding,0.16071428571428573,0.6844,False,False,False,False,True,,,,,0_0
000523,2026-03-10,L2,2,5,-0.8086,,,,,0.4,none,tuesday_gate_failed,,False,-0.5405,-0.8043,0.2637,0.809,shrinking,0.13285714285714287,-0.1505,False,False,False,False,True,,,,,0_0
000523,2026-03-12,L2,4,5,-1.0782,,,,,0.8,none,midweek_partial,False,False,-1.6086,1.3587,-2.9673,0.5872,shrinking,0.12357142857142867,-0.4855,False,False,False,False,True,,,,,0_0
000523,2026-03-16,L2,1,5,1.3699,2.034,2.356,-0.322,0.6626,0.2,none,monday,False,False,1.0929,-0.2725,1.3654,0.8704,shrinking,0.11928571428571434,0.3353,True,True,True,True,True,False,True,False,True,0_1
000523,2026-03-18,L2,3,5,0.5479,0.5877,1.3477,-0.76,0.9323,0.6,negative_to_positive,midweek_partial,True,False,0.8242,-1.6216,2.4458,0.7506,shrinking,0.11071428571428577,0.271,True,True,False,False,True,False,True,,,1_1
000524,2026-01-05,L2,1,5,0.2504,5.4676,3.0016,2.466,0.3001,0.2,none,monday,False,False,0.1668,0.1671,-0.0003,0.9385,normal,0.34214285714285736,0.0585,False,False,False,False,True,,,,,0_0
000524,2026-01-07,L2,3,5,2.2538,1.0303,1.6407,-0.6104,2.1876,0.6,negative_to_positive,midweek_partial,True,False,1.9983,0.0,1.9983,1.4177,expanding,0.3035714285714288,0.7906,False,False,False,False,True,,,,,1_0
000524,2026-01-09,L2,5,5,2.5876,1.149,1.6407,-0.4917,2.252,1.0,negative_to_positive,completed_week,True,False,0.3265,0.0,0.3265,1.0567,normal,0.3064285714285715,0.1305,False,False,True,True,True,,,False,True,1_1
000524,2026-01-13,L2,2,5,-0.4878,,,,,0.4,negative_to_positive,tuesday_A,True,False,-1.8444,1.4646,-3.309,0.9806,normal,0.2721428571428571,-0.8451,False,False,False,False,True,,,,,1_0
000524,2026-01-15,L2,4,5,3.9024,1.6239,2.5876,-0.9637,2.4032,0.8,none,midweek_partial,False,False,-1.4649,5.9641,-7.429,0.9901,normal,0.24785714285714264,-0.7666,False,False,False,False,True,,,,,0_0
000524,2026-01-19,L2,1,5,2.6295,0.6013,2.5876,-1.9863,2.2986,0.2,none,monday,False,False,3.2879,-2.4257,5.7136,0.8976,shrinking,0.27785714285714264,1.4756,True,True,False,False,True,False,True,,,0_1
000524,2026-01-21,L2,3,5,1.8327,2.2028,1.3821,0.8207,0.832,0.6,double_positive_efficiency_improved,midweek_partial,True,False,-2.5172,1.7857,-4.3029,0.5941,shrinking,0.3149999999999996,-1.0476,False,False,False,False,True,,,,,1_0
000524,2026-01-23,L2,5,5,1.2749,1.8984,1.3821,0.5163,0.6716,1.0,double_positive_efficiency_improved,completed_week,True,False,-0.3918,-0.1565,-0.2354,0.9552,normal,0.35357142857142804,-0.1414,False,False,False,False,True,,,,,1_0
000524,2026-01-27,L2,2,5,-2.0456,,,,,0.4,double_positive_efficiency_improved,tuesday_C,True,False,-0.7177,-1.3375,0.6198,0.7404,shrinking,0.35642857142857093,-0.2525,False,False,False,False,True,,,,,1_0
000524,2026-01-29,L2,4,5,1.0228,1.3395,1.2749,0.0646,0.7636,0.8,double_positive_efficiency_improved,midweek_partial,True,False,3.9676,-0.8032,4.7708,3.0986,expanding,0.3607142857142855,1.3584,False,False,False,False,False,,,,,1_0
000524,2026-02-02,L2,1,5,0.0791,0.2808,1.2749,-0.9941,0.8405,0.2,none,monday,False,False,-0.7064,-0.7788,0.0724,0.7071,shrinking,0.4142857142857142,-0.2172,False,False,False,False,True,,,,,0_0
000524,2026-02-04,L2,3,5,2.2943,2.5411,0.236,2.3051,0.9029,0.6,double_positive_efficiency_improved,midweek_partial,True,False,0.7794,1.4229,-0.6435,1.2322,expanding,0.4192857142857144,0.2385,False,False,False,False,True,,,,,1_0
000524,2026-02-06,L2,5,5,0.5538,0.5725,0.236,0.3365,0.9674,1.0,double_positive_efficiency_improved,completed_week,True,False,-2.5307,0.8507,-3.3814,0.8969,shrinking,0.36000000000000004,-0.9167,False,False,False,False,True,,,,,1_0
000524,2026-02-10,L2,2,5,0.8567,,,,,0.4,double_positive_efficiency_improved,tuesday_A,True,False,0.1547,1.7309,-1.5762,1.0342,normal,0.33642857142857163,0.0594,False,False,False,False,True,,,,,1_0
000524,2026-02-12,L2,4,5,-3.271,,,,,0.8,none,midweek_partial,False,False,-1.3503,-2.7799,1.4296,0.7141,shrinking,0.30071428571428577,-0.5653,False,False,False,False,True,,,,,0_0
000524,2026-02-24,L2,1,5,-3.8095,,,,,0.2,none,tuesday_gate_failed,,False,-3.58,1.2077,-4.7877,1.4958,expanding,0.32142857142857145,-1.4,False,False,False,False,True,,,,,0_0
000524,2026-02-26,L2,3,5,-1.9841,,,,,0.6,none,midweek_partial,False,False,-0.3228,2.2277,-2.5506,0.6799,shrinking,0.34214285714285697,-0.1169,False,False,False,False,True,,,,,0_0
000528,2026-03-02,L2,1,5,-1.1864,3.9548,1.5491,2.4057,0.8765,0.2,negative_to_positive,monday,True,False,-2.3451,0.5051,-2.8501,1.3054,expanding,0.3485714285714285,-0.8033,False,False,False,False,True,,,,,1_0
000528,2026-03-06,L2,5,5,-6.5254,3.94,3.4662,0.4738,1.6562,1.0,none,completed_week,False,False,0.2727,0.5484,-0.2757,0.9044,normal,0.322142857142857,0.0931,False,False,False,False,True,,,,,0_0
000529,2026-02-04,L2,3,5,0.6441,0.8849,1.626,-0.7411,0.7279,0.6,none,midweek_partial,False,False,1.9576,0.3273,1.6303,1.5819,expanding,0.10499999999999986,1.1429,False,False,False,False,True,,,,,0_0
000529,2026-02-06,L2,5,5,0.161,0.2314,1.626,-1.3946,0.6959,1.0,none,completed_week,False,False,-0.3205,-0.16,-0.1605,0.7204,shrinking,0.10928571428571411,-0.183,False,False,False,False,True,,,,,0_0
000529,2026-02-10,L2,2,5,-0.4769,,,,,0.4,none,tuesday_gate_failed,,False,-0.1595,0.8039,-0.9633,1.078,normal,0.10857142857142842,-0.0921,False,False,False,False,True,,,,,0_0
000529,2026-03-02,L2,1,5,-1.7915,1.378,3.8156,-2.4376,0.7162,0.2,negative_to_positive,monday,True,False,-1.7915,0.821,-2.6125,1.6748,expanding,0.10357142857142852,-1.0621,False,False,False,False,True,,,,,1_0
000529,2026-03-04,L2,3,5,-4.2345,,,,,0.6,none,midweek_partial,False,False,-1.8364,-0.6633,-1.173,1.034,normal,0.10071428571428566,-1.0922,False,False,False,False,True,,,,,0_0
000529,2026-03-06,L2,5,5,-1.3029,0.8609,0.9868,-0.1259,1.5134,1.0,none,completed_week,False,False,2.5381,0.5102,2.0279,1.4312,expanding,0.10499999999999998,1.4286,False,False,False,False,True,,,,,0_0
000529,2026-03-10,L2,2,5,-0.1653,,,,,0.4,none,tuesday_gate_failed,,False,0.0,-0.33,0.33,0.8237,shrinking,0.11214285714285717,0.0,False,False,False,False,True,,,,,0_0
000529,2026-03-12,L2,4,5,0.6612,0.8191,1.3029,-0.4838,0.8072,0.8,negative_to_positive,midweek_partial,True,False,0.495,0.3311,0.1639,1.3425,expanding,0.11285714285714286,0.2658,False,False,False,False,True,,,,,1_0
000529,2026-03-16,L2,1,5,1.6529,0.1976,1.3029,-1.1053,0.8363,0.2,negative_to_positive,monday,True,False,1.4851,-0.4926,1.9778,1.3135,expanding,0.1071428571428572,0.84,False,False,False,False,True,,,,,1_0
000529,2026-03-18,L2,3,5,0.1653,0.1422,0.1653,-0.0231,1.1627,0.6,none,midweek_partial,False,False,-0.3289,-1.1382,0.8093,0.9092,normal,0.11000000000000007,-0.1818,False,False,False,False,True,,,,,0_0
000529,2026-03-30,L2,1,5,2.4518,2.8282,5.124,-2.2958,0.7536,0.2,negative_to_positive,monday,True,False,1.7391,1.7699,-0.0308,1.1232,expanding,0.13500000000000018,0.7407,False,False,False,False,True,,,,,1_0
000530,2026-01-05,L2,1,5,-2.459,4.4534,4.9268,-0.4734,0.6958,0.2,negative_to_positive,monday,True,False,-2.459,-2.6596,0.2006,0.7097,shrinking,0.49714285714285705,-0.3621,False,False,False,False,True,,,,,1_0
000530,2026-01-07,L2,3,5,-1.2295,,,,,0.6,none,midweek_partial,False,False,-0.2759,1.5406,-1.8165,1.0289,normal,0.44785714285714284,-0.0447,False,False,False,False,True,,,,,0_0
000530,2026-01-09,L2,5,5,0.9563,0.7731,3.0986,-2.3255,1.237,1.0,none,completed_week,False,False,1.0944,1.1065,-0.0121,1.0008,normal,0.3985714285714286,0.2007,False,False,False,False,True,,,,,0_0
000530,2026-01-13,L2,2,5,-1.745,,,,,0.4,none,tuesday_gate_failed,,False,-4.1885,3.3829,-7.5714,0.8257,shrinking,0.3450000000000001,-0.9275,False,False,False,False,True,,,,,0_0
000530,2026-01-15,L2,4,5,-3.0872,,,,,0.8,none,midweek_partial,False,False,-2.5641,1.2295,-3.7936,0.6821,shrinking,0.3450000000000001,-0.5507,False,False,False,False,True,,,,,0_0
000530,2026-01-19,L2,1,5,3.9381,4.4301,0.9563,3.4738,0.9696,0.2,none,monday,False,False,3.6466,-1.2465,4.8931,1.4991,expanding,0.31500000000000006,0.8254,False,False,False,False,False,,,,,0_0
000530,2026-01-21,L2,3,5,0.8439,1.2483,4.2953,-3.047,0.676,0.6,negative_to_positive,midweek_partial,True,False,-0.4167,-2.571,2.1544,0.72,shrinking,0.3214285714285715,-0.0933,False,False,False,False,True,,,,,1_0
000530,2026-01-23,L2,5,5,4.5007,6.1283,4.2953,1.833,0.7344,1.0,negative_to_positive,completed_week,True,False,-0.6684,4.3236,-4.992,0.6917,shrinking,0.2771428571428572,-0.1804,False,False,False,False,True,,,,,1_0
000530,2026-01-27,L2,2,5,-4.9798,,,,,0.4,negative_to_positive,tuesday_C,True,False,-2.7548,-2.288,-0.4668,0.9686,normal,0.2692857142857143,-0.7427,False,False,False,False,True,,,,,1_0
000530,2026-01-29,L2,4,5,-8.3445,,,,,0.8,none,midweek_partial,False,False,-0.8734,-2.6912,1.8179,0.7117,shrinking,0.2778571428571429,-0.2159,False,False,False,False,True,,,,,0_0
000530,2026-02-02,L2,1,5,-0.7353,10.8976,4.5007,6.3969,0.7287,0.2,none,monday,False,False,-1.3158,0.4405,-1.7563,0.9339,normal,0.27571428571428575,-0.3264,False,False,False,False,True,,,,,0_0
000530,2026-02-04,L2,3,5,3.3824,4.6647,7.9408,-3.2761,0.7251,0.6,negative_to_positive,midweek_partial,True,False,1.0057,3.1111,-2.1054,1.0397,normal,0.2542857142857143,0.2753,False,False,False,False,True,,,,,1_0
000530,2026-02-06,L2,5,5,1.6176,2.4596,7.9408,-5.4812,0.6577,1.0,negative_to_positive,completed_week,True,False,0.1449,-1.8492,1.9941,0.7888,shrinking,0.2414285714285714,0.0414,True,True,False,False,True,False,True,,,1_1
000530,2026-02-10,L2,2,5,-0.4298,,,,,0.4,negative_to_positive,tuesday_A,True,False,-0.9972,1.5919,-2.589,0.796,shrinking,0.22357142857142862,-0.3131,False,False,False,False,True,,,,,1_0
000530,2026-02-12,L2,4,5,-2.4355,,,,,0.8,none,midweek_partial,False,False,-1.0174,-1.0072,-0.0102,1.199,expanding,0.2035714285714286,-0.3439,False,False,False,False,True,,,,,0_0
000530,2026-02-24,L2,1,5,0.7364,,,,,0.2,none,tuesday_gate_failed,,False,2.0896,-1.6153,3.7048,1.263,expanding,0.18999999999999995,0.7368,False,False,False,False,True,,,,,0_0
000530,2026-02-26,L2,3,5,1.62,1.5852,4.0115,-2.4263,1.022,0.6,negative_to_positive,midweek_partial,True,False,0.2907,0.5848,-0.2941,0.8946,shrinking,0.1721428571428571,0.1162,False,False,False,False,True,,,,,1_0
000530,2026-03-02,L2,1,5,-1.7341,3.0916,4.0115,-0.9199,0.8575,0.2,negative_to_positive,monday,True,False,-2.439,1.0145,-3.4535,1.3237,expanding,0.15428571428571422,-1.1019,False,False,False,False,True,,,,,1_0
000530,2026-03-06,L2,5,5,-5.6358,2.798,2.651,0.147,2.0142,1.0,none,completed_week,False,False,0.7716,2.6941,-1.9225,0.7299,shrinking,0.18928571428571425,0.2642,False,False,False,False,True,,,,,0_0
000530,2026-03-10,L2,2,5,2.9503,,,,,0.4,none,tuesday_gate_failed,,False,1.6871,-0.1531,1.8403,0.9737,normal,0.1942857142857142,0.5662,True,True,True,True,True,False,True,False,True,0_1
000530,2026-03-12,L2,4,5,0.3106,0.5764,5.6358,-5.0594,0.5388,0.8,negative_to_positive,midweek_partial,True,False,-1.6743,-0.905,-0.7693,1.2093,expanding,0.1964285714285713,-0.56,False,False,False,False,True,,,,,1_0
000530,2026-03-16,L2,1,5,-0.9202,0.8456,5.6358,-4.7902,0.5509,0.2,negative_to_positive,monday,True,False,-0.1546,0.1548,-0.3094,0.7988,shrinking,0.19714285714285712,-0.0507,False,False,False,False,True,,,,,1_0
000530,2026-03-18,L2,3,5,-1.5337,,,,,0.6,none,midweek_partial,False,False,2.0668,-2.6316,4.6984,1.0388,normal,0.19928571428571423,0.6523,False,False,False,False,True,,,,,0_0
000531,2026-01-05,L2,1,5,0.7788,4.8472,1.849,2.9982,0.5939,0.2,none,monday,False,False,0.936,-0.9274,1.8634,1.1949,expanding,0.1464285714285716,0.4098,False,False,False,False,True,,,,,0_0
000531,2026-01-07,L2,3,5,3.4268,1.6397,2.8788,-1.2391,2.0899,0.6,negative_to_positive,midweek_partial,True,False,1.2195,1.391,-0.1715,1.3627,expanding,0.1342857142857144,0.5957,False,False,False,False,True,,,,,1_0
000531,2026-01-09,L2,5,5,7.0093,2.6137,2.8788,-0.2651,2.6818,1.0,negative_to_positive,completed_week,True,False,3.3083,0.1506,3.1577,2.8757,expanding,0.13000000000000014,1.6923,False,False,True,True,True,,,True,False,1_1
000531,2026-01-13,L2,2,5,-0.4317,,,,,0.4,negative_to_positive,tuesday_C,True,False,-0.4317,1.1645,-1.5961,0.7465,shrinking,0.15285714285714297,-0.1963,False,False,False,False,True,,,,,1_0
000531,2026-01-15,L2,4,5,-1.5827,,,,,0.8,none,midweek_partial,False,False,-0.4367,-0.7225,0.2859,0.5505,shrinking,0.1664285714285715,-0.1803,False,False,False,False,True,,,,,0_0
000531,2026-01-19,L2,1,5,3.0702,1.2428,7.0093,-5.7665,1.042,0.2,none,monday,False,False,2.7697,0.2924,2.4773,1.2469,expanding,0.162857142857143,1.1667,False,False,True,True,True,,,True,False,0_1
000531,2026-01-21,L2,3,5,2.6316,2.9609,1.295,1.6659,0.8888,0.6,negative_to_positive,midweek_partial,True,False,-1.1268,0.7092,-1.836,0.7553,shrinking,0.17785714285714294,-0.4498,False,False,False,False,True,,,,,1_0
000531,2026-01-23,L2,5,5,5.5556,6.2991,1.295,5.0041,0.882,1.0,negative_to_positive,completed_week,True,False,0.4172,2.4217,-2.0044,0.8351,shrinking,0.17357142857142863,0.1728,False,False,False,False,True,,,,,1_0
000531,2026-01-27,L2,2,5,-1.385,,,,,0.4,negative_to_positive,tuesday_A,True,False,-2.1978,0.831,-3.0288,0.9479,normal,0.18285714285714297,-0.875,False,False,False,False,True,,,,,1_0
000531,2026-01-29,L2,4,5,-2.7701,,,,,0.8,none,midweek_partial,False,False,-1.8182,0.4213,-2.2395,1.2593,expanding,0.18285714285714288,-0.7109,False,False,False,False,True,,,,,0_0
000531,2026-02-02,L2,1,5,-4.1731,8.3133,5.5556,2.7577,1.2662,0.2,none,monday,False,False,-4.0248,-7.9772,3.9524,0.7818,shrinking,0.16785714285714295,-1.5489,False,False,False,False,True,,,,,0_0
000531,2026-02-04,L2,3,5,-1.8547,,,,,0.6,none,midweek_partial,False,False,1.9262,0.4839,1.4423,1.1142,expanding,0.2028571428571429,0.5915,False,False,False,False,True,,,,,0_0
000531,2026-02-06,L2,5,5,-2.473,2.2824,10.5263,-8.2439,1.0835,1.0,none,completed_week,False,False,0.96,-1.5748,2.5348,0.7451,shrinking,0.20857142857142857,0.2877,True,True,False,False,True,False,True,,,0_1
000531,2026-02-10,L2,2,5,0.0,,,,,0.4,none,tuesday_gate_failed,,False,0.0,0.6339,-0.6339,0.8112,shrinking,0.19999999999999998,0.0,False,False,False,False,True,,,,,0_0
000531,2026-02-12,L2,4,5,1.1024,1.7679,2.473,-0.7051,0.6235,0.8,negative_to_positive,midweek_partial,True,False,0.4695,0.6299,-0.1604,1.3072,expanding,0.19285714285714275,0.1556,False,False,False,False,True,,,,,1_0
000531,2026-02-24,L2,1,5,1.7378,,,,,0.2,none,tuesday_gate_failed,,False,2.3847,-2.0249,4.4097,0.9901,normal,0.1864285714285712,0.8046,True,True,False,False,True,False,True,,,0_1
000531,2026-02-26,L2,3,5,5.0553,4.2988,0.9449,3.3539,1.176,0.6,negative_to_positive,midweek_partial,True,False,2.1505,1.087,1.0636,1.1201,expanding,0.18142857142857124,0.7717,False,False,True,True,True,,,True,False,1_1
000531,2026-03-02,L2,1,5,1.3139,8.4664,0.9449,7.5215,1.1009,0.2,negative_to_positive,monday,True,False,0.289,4.0602,-3.7711,1.3283,expanding,0.18071428571428555,0.1107,False,False,False,False,True,,,,,1_0
000531,2026-03-04,L2,3,5,-1.3139,,,,,0.6,none,midweek_partial,False,False,-0.1477,-2.4496,2.3019,0.7635,shrinking,0.15714285714285697,-0.0636,False,False,False,False,True,,,,,0_0
000531,2026-03-06,L2,5,5,3.2117,1.8649,9.3207,-7.4558,1.7222,1.0,none,completed_week,False,False,3.5139,1.0355,2.4784,1.7316,expanding,0.16499999999999984,1.4545,False,False,False,False,False,,,,,0_0
000531,2026-03-10,L2,2,5,0.4243,,,,,0.4,none,tuesday_gate_failed,,False,-0.6993,1.1315,-1.8308,0.7436,shrinking,0.18357142857142847,-0.2724,False,False,False,False,True,,,,,0_0
000531,2026-03-12,L2,4,5,5.9406,4.6886,3.2117,1.4769,1.267,0.8,double_positive_efficiency_improved,midweek_partial,True,False,3.453,1.9718,1.4812,1.7389,expanding,0.20357142857142854,1.2281,False,False,True,True,True,,,True,False,1_1
000531,2026-03-16,L2,1,5,-1.676,0.9581,3.2117,-2.2536,1.3286,0.2,none,monday,False,False,-1.676,-4.4059,2.7299,0.6208,shrinking,0.24357142857142863,-0.4927,False,False,False,False,True,,,,,0_0
000531,2026-03-18,L2,3,5,2.2346,2.7068,1.273,1.4338,0.8256,0.6,double_positive_efficiency_improved,midweek_partial,True,False,4.8711,-0.8523,5.7233,2.6199,expanding,0.2685714285714287,1.266,False,False,False,False,False,,,,,1_0
000531,2026-03-20,L2,5,5,2.6536,2.5789,1.273,1.3059,1.029,1.0,double_positive_efficiency_improved,completed_week,True,False,1.1004,-0.6831,1.7835,1.2362,expanding,0.3050000000000001,0.2623,False,False,True,True,True,,,False,True,1_1
000531,2026-03-24,L2,2,5,9.4444,,,,,0.4,double_positive_efficiency_improved,tuesday_A,True,False,9.1413,-1.7687,10.91,2.5745,expanding,0.3100000000000001,2.129,False,False,True,False,False,,,False,True,1_0
000531,2026-03-26,L2,4,5,16.9444,5.5621,2.6536,2.9085,3.0464,0.8,double_positive_efficiency_improved,midweek_partial,True,False,4.8568,1.9036,2.9532,0.9345,normal,0.35571428571428587,1.0964,True,False,True,False,False,True,False,True,False,1_0
000531,2026-03-30,L2,1,5,-6.9142,3.9368,2.6536,1.2832,2.8929,0.2,double_positive_efficiency_improved,monday,True,False,-9.3516,-4.7506,-4.601,0.8895,shrinking,0.417857142857143,-1.7949,False,False,False,False,True,,,,,1_0
000532,2026-01-05,L2,1,5,-0.9311,6.7359,4.5252,2.2107,0.3419,0.2,none,monday,False,False,-0.9926,-0.9828,-0.0098,1.1257,expanding,0.7514285714285718,-0.2129,False,False,False,False,True,,,,,0_0
000532,2026-01-07,L2,3,5,-0.6828,,,,,0.6,none,midweek_partial,False,False,-2.0208,2.3183,-4.3391,1.3661,expanding,0.701428571428572,-0.4705,False,False,False,False,True,,,,,0_0
000532,2026-01-09,L2,5,5,7.3867,3.4738,2.303,1.1708,2.1264,1.0,negative_to_positive,completed_week,True,False,9.9809,-1.6875,11.6684,1.7094,expanding,0.7135714285714289,2.2002,False,False,False,False,False,,,,,1_0
000532,2026-01-13,L2,2,5,-7.9979,,,,,0.4,negative_to_positive,tuesday_C,True,False,-4.7175,5.3757,-10.0932,0.4581,shrinking,0.7635714285714289,-1.1263,False,False,False,False,True,,,,,1_0
000532,2026-01-15,L2,4,5,-11.3877,,,,,0.8,none,midweek_partial,False,False,-2.676,-1.0363,-1.6397,0.7496,shrinking,0.8921428571428576,-0.5156,False,False,False,False,True,,,,,0_0
000532,2026-01-19,L2,1,5,3.0704,10.2662,7.3867,2.8795,1.1969,0.2,none,monday,False,False,3.3816,-1.0161,4.3978,1.6266,expanding,0.8714285714285719,0.6426,False,False,False,False,True,,,,,0_0
000532,2026-01-21,L2,3,5,-0.1806,,,,,0.6,none,midweek_partial,False,False,0.3632,-3.5047,3.8679,0.6466,shrinking,0.8057142857142863,0.0745,True,True,False,False,True,False,True,,,0_1
000532,2026-01-23,L2,5,5,1.3245,2.6273,12.2881,-9.6608,0.5041,1.0,negative_to_positive,completed_week,True,False,0.3578,1.146,-0.7882,0.8968,shrinking,0.8321428571428575,0.0721,False,False,False,False,True,,,,,1_0
000532,2026-01-27,L2,2,5,-2.801,,,,,0.4,negative_to_positive,tuesday_C,True,False,-1.2114,-1.9014,0.69,0.7962,shrinking,0.8007142857142862,-0.2498,False,False,False,False,True,,,,,1_0
000532,2026-01-29,L2,4,5,-4.41,,,,,0.8,none,midweek_partial,False,False,-1.2315,-0.4292,-0.8023,0.9156,normal,0.7928571428571437,-0.2523,False,False,False,False,True,,,,,0_0
000532,2026-02-02,L2,1,5,-1.1421,8.1037,1.3245,6.7792,0.728,0.2,none,monday,False,False,-1.33,-1.5586,0.2286,0.9575,normal,0.7357142857142865,-0.2854,False,False,False,False,True,,,,,0_0
000532,2026-02-04,L2,3,5,1.7132,2.5235,5.8999,-3.3764,0.6789,0.6,negative_to_positive,midweek_partial,True,False,0.691,2.1823,-1.4913,1.0285,normal,0.5885714285714292,0.1869,False,False,False,False,True,,,,,1_0
000532,2026-02-06,L2,5,5,0.5076,0.7619,5.8999,-5.138,0.6663,1.0,negative_to_positive,completed_week,True,False,-1.1236,-0.0624,-1.0612,0.7207,shrinking,0.5178571428571436,-0.3476,False,False,False,False,True,,,,,1_0
000532,2026-02-10,L2,2,5,1.75,,,,,0.4,negative_to_positive,tuesday_A,True,False,1.3699,1.3889,-0.019,1.2734,expanding,0.4642857142857148,0.4738,False,False,False,False,True,,,,,1_0
000532,2026-02-12,L2,4,5,1.1875,1.5134,0.5076,1.0058,0.7846,0.8,double_positive_efficiency_improved,midweek_partial,True,False,-0.3692,-0.1843,-0.185,1.0439,normal,0.3985714285714292,-0.1505,False,False,False,False,True,,,,,1_0
000532,2026-02-24,L2,1,5,-0.1219,,,,,0.2,double_positive_efficiency_improved,tuesday_pending,True,False,0.306,0.9265,-0.6205,0.9698,normal,0.39500000000000035,0.1266,False,False,False,False,True,,,,,1_0
000532,2026-02-26,L2,3,5,0.4875,0.4426,2.125,-1.6824,1.1016,0.6,none,midweek_partial,False,False,0.4875,0.122,0.3655,0.9013,normal,0.3492857142857143,0.229,True,True,True,True,True,True,False,True,False,0_1
000532,2026-03-02,L2,1,5,-5.2437,1.7347,2.125,-0.3903,0.9134,0.2,none,monday,False,False,-7.8584,1.0916,-8.95,3.4491,expanding,0.2878571428571429,-4.5509,False,False,False,False,True,,,,,0_0
000533,2026-01-05,L2,1,5,0.9501,13.3783,2.5822,10.7961,0.2848,0.2,none,monday,False,False,2.0408,-1.7689,3.8097,0.8876,shrinking,0.4185714285714287,0.4061,True,True,False,False,True,False,True,,,0_1
000533,2026-01-07,L2,3,5,5.3444,2.5598,3.8106,-1.2508,2.0879,0.6,negative_to_positive,midweek_partial,True,False,3.6215,0.7059,2.9156,2.3753,expanding,0.3942857142857145,0.7862,False,False,True,False,False,,,True,False,1_0
000533,2026-01-09,L2,5,5,9.0261,3.2461,3.8106,-0.5645,2.7806,1.0,negative_to_positive,completed_week,True,False,0.3279,3.1567,-2.8288,0.7959,shrinking,0.38285714285714295,0.0784,False,False,False,False,True,,,,,1_0
000533,2026-01-13,L2,2,5,2.8292,,,,,0.4,negative_to_positive,tuesday_A,True,False,2.6059,0.3268,2.2791,1.5931,expanding,0.397857142857143,0.6032,False,False,True,True,True,,,True,False,1_1
000533,2026-01-15,L2,4,5,0.9793,0.6949,9.0261,-8.3312,1.4094,0.8,none,midweek_partial,False,False,-0.5359,-1.2698,0.7339,0.6409,shrinking,0.41714285714285726,-0.1199,False,False,False,False,True,,,,,0_0
000533,2026-01-19,L2,1,5,6.8207,0.2363,9.0261,-8.7898,1.3813,0.2,none,monday,False,False,6.0044,-1.2931,7.2975,1.1183,expanding,0.38428571428571445,1.4312,False,False,False,False,False,,,,,0_0
000533,2026-01-21,L2,3,5,2.2002,2.7056,0.3264,2.3792,0.8132,0.6,negative_to_positive,midweek_partial,True,False,-2.8243,-1.5448,-1.2795,0.7584,shrinking,0.4278571428571431,-0.6311,False,False,False,False,True,,,,,1_0
000533,2026-01-23,L2,5,5,5.0605,6.736,0.3264,6.4096,0.7513,1.0,negative_to_positive,completed_week,True,False,0.5263,2.2605,-1.7342,1.1025,expanding,0.4642857142857143,0.1077,False,False,False,False,True,,,,,1_0
000533,2026-01-27,L2,2,5,-5.0052,,,,,0.4,negative_to_positive,tuesday_C_failed_volume,False,False,-4.7071,0.1047,-4.8118,1.0851,normal,0.48857142857142843,-0.9211,False,False,False,False,True,,,,,0_0
000533,2026-01-29,L2,4,5,-10.1147,,,,,0.8,none,midweek_partial,False,False,-2.8185,-2.6345,-0.184,0.8765,shrinking,0.5257142857142857,-0.4755,False,False,False,False,True,,,,,0_0
000533,2026-02-02,L2,1,5,0.0,19.1141,5.0605,14.0536,0.6601,0.2,none,monday,False,False,10.0239,-2.7842,12.8081,0.6327,shrinking,0.5085714285714287,1.6517,True,False,False,False,False,False,True,,,0_0
000533,2026-02-04,L2,3,5,20.9328,14.4229,12.6173,1.8056,1.4514,0.6,negative_to_positive,midweek_partial,True,False,9.9606,9.9783,-0.0178,0.9701,normal,0.5264285714285715,1.9186,False,False,False,False,False,,,,,1_0
000533,2026-02-06,L2,5,5,22.0174,9.0166,12.6173,-3.6007,2.4419,1.0,negative_to_positive,completed_week,True,False,4.3599,-3.3184,7.6783,0.9556,normal,0.5992857142857143,0.7843,True,False,False,False,False,False,True,,,1_0
000533,2026-02-10,L2,2,5,2.1239,,,,,0.4,negative_to_positive,tuesday_A,True,False,0.3478,2.2222,-1.8744,0.7671,shrinking,0.6692857142857144,0.0598,False,False,False,False,True,,,,,1_0
000533,2026-02-12,L2,4,5,6.2832,6.2814,22.0174,-15.736,1.0003,0.8,none,midweek_partial,False,False,9.9817,-5.3726,15.3543,0.847,shrinking,0.7121428571428574,1.5306,True,False,False,False,False,False,True,,,0_0
000533,2026-02-24,L2,1,5,2.1796,,,,,0.2,none,tuesday_gate_failed,,False,3.9929,-6.1615,10.1544,0.8735,shrinking,0.7778571428571432,0.5785,True,False,False,False,False,False,True,,,0_0
000533,2026-02-26,L2,3,5,3.0514,3.8706,0.2655,3.6051,0.7884,0.6,negative_to_positive,midweek_partial,True,False,2.0725,-1.1945,3.2671,1.1517,expanding,0.8035714285714289,0.2987,False,False,False,False,True,,,,,1_0
000533,2026-03-02,L2,1,5,0.7073,3.1294,0.2655,2.8639,0.5851,0.2,negative_to_positive,monday,True,False,-2.4829,-1.1844,-1.2984,0.8623,shrinking,0.8335714285714289,-0.3479,False,False,False,False,True,,,,,1_0
000533,2026-03-04,L2,3,5,8.7533,8.6974,1.8309,6.8665,1.0064,0.6,double_positive_efficiency_improved,midweek_partial,True,False,10.0179,-1.8437,11.8616,0.6076,shrinking,0.8142857142857144,1.3754,True,False,False,False,False,False,True,,,1_0
000533,2026-03-06,L2,5,5,31.565,48.1464,1.8309,46.3155,0.6556,1.0,double_positive_efficiency_improved,completed_week,True,False,9.9778,10.0,-0.0222,1.2456,expanding,0.8414285714285717,1.6044,False,False,False,False,False,,,,,1_0
000533,2026-03-10,L2,2,5,12.0558,,,,,0.4,double_positive_efficiency_improved,tuesday_A,True,False,7.8803,10.0134,-2.1332,4.932,expanding,0.8585714285714288,1.5025,False,False,False,False,False,,,,,1_0
000533,2026-03-12,L2,4,5,19.5431,4.2461,31.565,-27.3189,4.6026,0.8,none,midweek_partial,False,False,5.4281,1.1891,4.239,1.1222,expanding,0.9664285714285716,1.0037,False,False,False,False,False,,,,,0_0
000533,2026-03-16,L2,1,5,11.1376,1.7376,31.565,-29.8274,4.3821,0.2,none,monday,False,False,10.0236,-9.9788,20.0024,1.2738,expanding,1.1514285714285717,1.4764,False,False,False,False,False,,,,,0_0
000533,2026-03-18,L2,3,5,17.6295,14.6134,7.6142,6.9992,1.2064,0.6,double_positive_efficiency_improved,midweek_partial,True,False,-3.7993,10.0214,-13.8208,0.9079,normal,1.3578571428571429,-0.5744,False,False,False,False,True,,,,,1_0
000533,2026-03-20,L2,5,5,-0.2382,0.212,7.6142,-7.4022,1.1235,1.0,none,completed_week,False,True,-9.8493,-5.9241,-3.9252,0.9814,normal,1.6457142857142857,-1.112,False,False,False,False,True,,,,,0_0
000533,2026-03-24,L2,2,5,7.1608,,,,,0.4,none,tuesday_gate_failed,,False,4.4703,-2.5075,6.9778,1.082,normal,1.9014285714285715,0.3839,False,False,True,False,False,,,False,True,0_0
000533,2026-03-26,L2,4,5,-2.4497,,,,,0.8,none,midweek_partial,False,False,-9.971,1.1137,-11.0847,0.8805,shrinking,1.9078571428571425,-0.9015,False,False,False,False,True,,,,,0_0
000533,2026-03-30,L2,1,5,-0.6,6.41,0.2382,6.1718,0.6272,0.2,none,monday,False,False,-2.4215,-1.6098,-0.8117,0.8901,shrinking,1.9378571428571425,-0.1909,False,False,False,False,True,,,,,0_0
000534,2026-01-05,L2,1,5,-1.9749,9.3962,8.0285,1.3677,0.9314,0.2,none,monday,False,False,-0.7273,0.2735,-1.0007,0.7683,shrinking,1.6514285714285712,-0.0969,False,False,False,False,True,,,,,0_0
000534,2026-01-07,L2,3,5,-6.1939,,,,,0.6,none,midweek_partial,False,False,-0.1433,-4.1667,4.0233,0.6203,shrinking,1.557142857142857,-0.0193,False,False,False,False,True,,,,,0_0
000534,2026-01-09,L2,5,5,1.7504,0.9751,8.7516,-7.7765,1.7952,1.0,negative_to_positive,completed_week,True,False,5.051,3.2536,1.7974,1.9025,expanding,1.3471428571428572,0.8091,False,False,True,False,False,,,True,False,1_0
000534,2026-01-13,L2,2,5,-4.0871,,,,,0.4,negative_to_positive,tuesday_A,True,False,-6.9798,2.382,-9.3618,0.6918,shrinking,1.3935714285714287,-1.1625,False,False,False,False,True,,,,,1_0
000534,2026-01-15,L2,4,5,-1.466,,,,,0.8,none,midweek_partial,False,False,1.3248,1.3895,-0.0647,0.6862,shrinking,1.4442857142857144,0.2008,False,False,False,False,True,,,,,0_0
000534,2026-01-19,L2,1,5,9.7337,1.9129,1.7504,0.1625,0.7896,0.2,double_positive_efficiency_improved,monday,True,False,10.0219,3.0207,7.0011,1.0589,normal,1.4035714285714285,1.6316,False,False,True,False,False,,,True,False,1_0
000534,2026-01-21,L2,3,5,13.6622,9.1932,1.5104,7.6828,1.4861,0.6,double_positive_efficiency_improved,midweek_partial,True,False,4.3269,-0.716,5.0429,0.8546,shrinking,1.5150000000000001,0.7129,True,False,False,False,False,False,True,,,1_0
000534,2026-01-23,L2,5,5,18.7254,13.0353,1.5104,11.5249,1.4365,1.0,double_positive_efficiency_improved,completed_week,True,False,-1.9466,6.5284,-8.4751,0.7451,shrinking,1.542857142857143,-0.35,False,False,False,False,True,,,,,1_0
000534,2026-01-27,L2,2,5,13.2353,,,,,0.4,double_positive_efficiency_improved,tuesday_A,True,False,8.4507,4.4118,4.0389,0.934,normal,1.6514285714285715,1.4533,True,False,True,False,False,True,False,True,False,1_0
000534,2026-01-29,L2,4,5,13.6397,13.8908,18.7254,-4.8346,0.9819,0.8,none,midweek_partial,False,False,-0.1292,0.487,-0.6163,1.2072,expanding,1.9507142857142858,-0.0205,False,False,False,False,True,,,,,0_0
000534,2026-02-02,L2,1,5,-4.9147,8.5419,18.7254,-10.1835,0.9297,0.2,none,monday,False,False,-5.109,-5.0146,-0.0944,1.0824,normal,2.0164285714285715,-0.7439,False,False,False,False,True,,,,,0_0
000534,2026-02-04,L2,3,5,5.8703,5.9757,7.9412,-1.9655,0.9824,0.6,none,midweek_partial,False,False,1.2072,10.0144,-8.8072,0.9422,normal,2.102142857142857,0.176,False,False,False,False,True,,,,,0_0
000534,2026-02-06,L2,5,5,-0.8532,1.0303,7.9412,-6.9109,0.8282,1.0,none,completed_week,False,False,-2.7127,-3.7395,1.0269,0.6289,shrinking,2.2857142857142856,-0.3544,False,False,False,False,True,,,,,0_0
000534,2026-02-10,L2,2,5,12.6904,,,,,0.4,none,tuesday_gate_failed,,False,5.1136,9.0534,-3.9397,1.0402,normal,2.2914285714285714,0.707,False,False,False,False,False,,,,,0_0
000534,2026-02-12,L2,4,5,18.1049,17.1763,0.8532,16.3231,1.0541,0.8,negative_to_positive,midweek_partial,True,False,8.2506,-3.1832,11.4338,2.3551,expanding,2.494285714285714,1.0664,False,False,False,False,False,,,,,1_0
000534,2026-02-24,L2,1,5,8.3183,,,,,0.2,negative_to_positive,tuesday_A,True,False,9.1075,-5.616,14.7235,0.9165,normal,2.603571428571428,1.1523,True,False,False,False,False,False,True,,,1_0
000534,2026-02-26,L2,3,5,17.4201,22.4978,11.4721,11.0257,0.7743,0.6,double_positive_efficiency_improved,midweek_partial,True,False,9.9944,-1.4469,11.4412,1.3051,expanding,2.639285714285714,1.3413,False,False,False,False,False,,,,,1_0
000534,2026-03-02,L2,1,5,0.9436,37.6032,11.4721,26.1311,0.6949,0.2,double_positive_efficiency_improved,monday,True,False,-5.4241,7.4179,-12.842,0.9514,normal,2.703571428571428,-0.8396,False,False,False,False,True,,,,,1_0
000534,2026-03-06,L2,5,5,5.1773,3.563,26.1302,-22.5672,1.4531,1.0,none,completed_week,False,False,10.0027,5.5165,4.4862,0.7343,shrinking,3.0835714285714277,1.2161,True,False,True,False,False,True,False,True,False,0_0
000534,2026-03-10,L2,2,5,19.2741,,,,,0.4,none,tuesday_gate_failed,,False,5.0485,9.9903,-4.9418,0.8616,shrinking,3.283571428571428,0.6974,False,False,False,False,False,,,,,0_0
000534,2026-03-12,L2,4,5,11.8899,7.8517,5.1773,2.6744,1.5143,0.8,double_positive_efficiency_improved,midweek_partial,True,False,-3.6638,-2.6233,-1.0405,1.1361,expanding,3.533571428571428,-0.4811,False,False,False,False,True,,,,,1_0
000534,2026-03-16,L2,1,5,-3.0423,1.0043,5.1773,-4.173,1.5454,0.2,none,monday,False,False,-3.3769,-9.2394,5.8625,0.6527,shrinking,3.5921428571428566,-0.3814,False,False,False,False,True,,,,,0_0
000534,2026-03-18,L2,3,5,6.7277,9.4568,1.5519,7.9049,0.7114,0.6,double_positive_efficiency_improved,midweek_partial,True,False,8.6081,1.352,7.2561,0.904,normal,3.612142857142856,0.9468,True,False,False,False,False,True,False,,,1_0
000534,2026-03-20,L2,5,5,2.4734,3.9934,1.5519,2.4415,0.6194,1.0,double_positive_efficiency_improved,completed_week,True,False,-1.2396,-2.781,1.5414,0.9181,normal,3.707142857142856,-0.1403,False,False,False,False,True,,,,,1_0
000534,2026-03-24,L2,2,5,-2.2392,,,,,0.4,double_positive_efficiency_improved,tuesday_C_failed_volume,False,False,6.5433,-9.9928,16.5361,1.1725,expanding,3.547142857142856,0.6879,False,False,False,False,False,,,,,0_0
000534,2026-03-26,L2,4,5,-0.5413,,,,,0.8,none,midweek_partial,False,False,-1.7979,3.5993,-5.3972,0.9198,normal,3.5235714285714272,-0.21,False,False,False,False,True,,,,,0_0
000536,2026-01-05,L2,1,5,1.227,4.9218,1.1765,3.7453,0.4876,0.2,none,monday,False,False,1.4344,0.6186,0.8159,1.1443,expanding,0.2507142857142858,0.2792,False,False,True,True,True,,,True,False,0_1
000536,2026-01-07,L2,3,5,4.09,1.4301,2.4,-0.9699,2.8599,0.6,negative_to_positive,midweek_partial,True,False,-2.8626,5.8586,-8.7212,0.5797,shrinking,0.21214285714285724,-0.7071,False,False,False,False,True,,,,,1_0
000536,2026-01-09,L2,5,5,5.317,2.072,2.4,-0.328,2.5661,1.0,negative_to_positive,completed_week,True,False,0.9804,0.1965,0.7839,1.4912,expanding,0.18928571428571436,0.2642,False,False,False,False,True,,,,,1_0
000536,2026-01-13,L2,2,5,-1.3566,,,,,0.4,negative_to_positive,tuesday_A,True,False,-2.6769,1.5534,-4.2303,0.7708,shrinking,0.16214285714285717,-0.8634,False,False,False,False,True,,,,,1_0
000536,2026-01-15,L2,4,5,-2.907,,,,,0.8,none,midweek_partial,False,False,-1.7647,0.1965,-1.9612,0.737,shrinking,0.1600000000000001,-0.5625,False,False,False,False,True,,,,,0_0
000536,2026-01-19,L2,1,5,-0.9843,2.0581,5.317,-3.2589,0.8475,0.2,none,monday,False,False,-0.789,1.1976,-1.9866,0.7138,shrinking,0.15428571428571436,-0.2593,False,False,False,False,True,,,,,0_0
000536,2026-01-21,L2,3,5,-2.5591,,,,,0.6,none,midweek_partial,False,False,0.2024,-1.7893,1.9917,0.6574,shrinking,0.1521428571428572,0.0657,True,True,False,False,True,False,True,,,0_1
000536,2026-01-23,L2,5,5,-0.7874,1.4771,1.7442,-0.2671,0.5331,1.0,none,completed_week,False,False,2.0243,-0.202,2.2263,1.7879,expanding,0.1492857142857144,0.6699,False,False,False,False,True,,,,,0_0
000536,2026-01-27,L2,2,5,-2.381,,,,,0.4,none,tuesday_gate_failed,,False,-0.2028,-2.1825,1.9797,0.773,shrinking,0.14714285714285724,-0.068,False,False,False,False,True,,,,,0_0
000536,2026-01-29,L2,4,5,-7.3413,,,,,0.8,none,midweek_partial,False,False,-3.7113,-1.4228,-2.2886,2.1275,expanding,0.12142857142857144,-1.4824,False,False,False,False,True,,,,,0_0
000536,2026-02-02,L2,1,5,-0.6494,7.2353,0.7874,6.4479,1.0147,0.2,none,monday,False,False,-1.7131,0.0,-1.7131,0.9858,normal,0.12642857142857147,-0.6328,False,False,False,False,True,,,,,0_0
000536,2026-02-04,L2,3,5,1.0823,1.3363,7.3413,-6.005,0.8099,0.6,negative_to_positive,midweek_partial,True,False,1.9651,-0.2179,2.1829,1.2217,expanding,0.11571428571428566,0.7778,False,False,False,False,True,,,,,1_0
000536,2026-02-06,L2,5,5,1.0823,1.4448,7.3413,-5.8965,0.7491,1.0,negative_to_positive,completed_week,True,False,-0.8493,0.8565,-1.7058,0.7651,shrinking,0.11785714285714276,-0.3394,False,False,False,False,True,,,,,1_0
000536,2026-02-10,L2,2,5,0.8493,,,,,0.4,negative_to_positive,tuesday_B,True,False,1.2793,0.4283,0.8511,1.3967,expanding,0.11571428571428559,0.5185,False,False,False,False,True,,,,,1_0
000536,2026-02-12,L2,4,5,-1.6985,,,,,0.8,none,midweek_partial,False,False,-1.0684,-1.4737,0.4053,1.0735,normal,0.1142857142857142,-0.4375,False,False,False,False,True,,,,,0_0
000536,2026-02-24,L2,1,5,1.0661,,,,,0.2,none,tuesday_gate_failed,,False,3.0435,-0.6479,3.6914,2.8803,expanding,0.11214285714285703,1.2484,False,False,False,False,True,,,,,0_0
000536,2026-02-26,L2,3,5,0.4264,0.2836,2.3355,-2.0519,1.5038,0.6,negative_to_positive,midweek_partial,True,False,-1.0504,0.4219,-1.4724,0.9078,normal,0.11071428571428564,-0.4516,False,False,False,False,True,,,,,1_0
000536,2026-03-02,L2,1,5,-1.5054,0.9648,2.3355,-1.3707,1.105,0.2,negative_to_positive,monday,True,False,-3.3755,0.6369,-4.0125,1.7735,expanding,0.10142857142857142,-1.5775,False,False,False,False,True,,,,,1_0
000536,2026-03-06,L2,5,5,-0.4301,0.2283,1.0661,-0.8378,1.8838,1.0,none,completed_week,False,True,-2.3207,9.9768,-12.2975,1.2507,expanding,0.11000000000000007,-1.0,False,False,False,False,True,,,,,0_0
000536,2026-03-10,L2,2,5,2.6374,,,,,0.4,none,tuesday_gate_failed,,False,0.6466,0.216,0.4306,1.0031,normal,0.14285714285714293,0.21,False,False,True,True,True,,,True,False,0_1
000536,2026-03-12,L2,4,5,6.8132,6.3739,0.4301,5.9438,1.0689,0.8,negative_to_positive,midweek_partial,True,False,3.1847,0.8565,2.3282,2.8604,expanding,0.14500000000000007,1.0345,False,False,True,True,True,,,True,False,1_1
000536,2026-03-16,L2,1,5,1.2048,6.7046,0.4301,6.2745,1.1145,0.2,negative_to_positive,monday,True,False,3.0675,0.6173,2.4502,1.5296,expanding,0.17571428571428585,0.8537,False,False,True,True,True,,,True,False,1_1
000536,2026-03-18,L2,3,5,-6.6265,,,,,0.6,none,midweek_partial,False,False,-2.9228,-4.9603,2.0376,0.9134,normal,0.18785714285714297,-0.7452,False,False,False,False,True,,,,,0_0
000536,2026-03-20,L2,5,5,-10.4418,9.2862,7.4725,1.8137,1.1244,1.0,none,completed_week,False,True,-1.1086,-3.0108,1.9021,0.7555,shrinking,0.21428571428571436,-0.2333,False,False,False,False,True,,,,,0_0
000536,2026-03-24,L2,2,5,0.9153,,,,,0.4,none,tuesday_gate_failed,,False,1.8476,-2.9148,4.7624,0.7327,shrinking,0.21714285714285722,0.3684,True,True,False,False,True,False,True,,,0_1
000537,2026-03-12,L2,4,5,33.7968,18.339,2.7655,15.5735,1.8429,0.8,double_positive_efficiency_improved,midweek_partial,True,False,10.0264,9.9613,0.0651,0.6517,shrinking,0.30571428571428566,3.729,True,False,True,False,False,True,False,True,False,1_0
000537,2026-03-18,L2,3,5,-5.8197,,,,,0.6,none,midweek_partial,False,True,-1.6267,4.0071,-5.6338,0.7619,shrinking,0.5978571428571426,-0.3178,False,False,False,False,True,,,,,0_0
000537,2026-03-24,L2,2,5,9.0328,,,,,0.4,none,tuesday_gate_failed,,False,10.0368,-2.1622,12.199,1.5573,expanding,0.8314285714285713,1.311,False,False,False,False,False,,,,,0_0
000537,2026-03-26,L2,4,5,7.1168,7.8225,9.0164,-1.1939,0.9098,0.8,negative_to_positive,midweek_partial,True,False,-4.9393,3.3473,-8.2866,0.6628,shrinking,0.9228571428571428,-0.661,False,False,False,False,True,,,,,1_0
000538,2026-01-05,L2,1,5,0.9866,0.247,0.3007,-0.0537,0.5713,0.2,none,monday,False,False,0.9866,-0.3161,1.3027,2.4858,expanding,0.4021428571428573,1.3925,False,False,False,False,True,,,,,0_0
000538,2026-01-07,L2,3,5,1.0042,0.3488,0.1411,0.2077,2.8793,0.6,double_positive_efficiency_improved,midweek_partial,True,False,-0.1045,0.1221,-0.2267,0.9114,normal,0.44571428571428584,-0.1346,False,False,False,False,True,,,,,1_0
000538,2026-01-09,L2,5,5,0.9866,0.3758,0.1411,0.2347,2.6254,1.0,double_positive_efficiency_improved,completed_week,True,False,0.1923,-0.2093,0.4016,0.9252,normal,0.4635714285714287,0.2373,True,True,False,False,True,False,True,,,1_1
000538,2026-01-13,L2,2,5,-0.3315,,,,,0.4,double_positive_efficiency_improved,tuesday_B,True,False,0.4042,-0.7327,1.1369,0.9102,normal,0.4300000000000002,0.5349,True,True,False,False,True,False,True,,,1_1
000539,2026-03-02,L2,1,5,1.1952,4.9948,2.0576,2.9372,1.2513,0.2,negative_to_positive,monday,True,False,-0.3922,2.8226,-3.2147,1.0896,normal,0.11,-0.1818,False,False,False,False,True,,,,,1_0
000539,2026-03-04,L2,3,5,-0.1992,,,,,0.6,none,midweek_partial,False,False,-0.1992,-1.1811,0.9819,0.9065,normal,0.11142857142857146,-0.0897,False,False,False,False,True,,,,,0_0
000539,2026-03-06,L2,5,5,2.7888,1.8996,6.25,-4.3504,1.4681,1.0,none,completed_week,False,False,1.9763,0.998,0.9783,1.111,expanding,0.11857142857142852,0.8434,False,False,False,False,True,,,,,0_0
000539,2026-03-10,L2,2,5,0.7843,,,,,0.4,none,tuesday_gate_failed,,False,-0.7722,0.3876,-1.1598,0.8895,shrinking,0.1235714285714286,-0.3237,False,False,False,False,True,,,,,0_0
000539,2026-03-12,L2,4,5,5.6863,4.443,2.7888,1.6542,1.2798,0.8,double_positive_efficiency_improved,midweek_partial,True,False,3.4549,1.3619,2.093,1.5017,expanding,0.13285714285714287,1.3548,False,False,True,True,True,,,True,False,1_1
000539,2026-03-16,L2,1,5,-3.5849,2.919,2.7888,0.1302,1.4107,0.2,double_positive_efficiency_improved,monday,True,False,-3.7665,-1.4842,-2.2822,0.6812,shrinking,0.15357142857142853,-1.3023,False,False,False,False,True,,,,,1_0
000539,2026-03-18,L2,3,5,5.8491,8.0883,4.1176,3.9707,0.7232,0.6,double_positive_efficiency_improved,midweek_partial,True,False,10.0,-0.1957,10.1957,0.6487,shrinking,0.16142857142857134,3.1593,True,False,False,False,False,False,True,,,1_0
000539,2026-03-20,L2,5,5,25.6604,11.4063,4.1176,7.2887,2.2497,1.0,double_positive_efficiency_improved,completed_week,True,False,7.9417,9.9822,-2.0405,2.529,expanding,0.19785714285714276,2.4765,False,False,False,False,False,,,,,1_0
000539,2026-03-24,L2,2,5,10.7843,,,,,0.4,double_positive_efficiency_improved,tuesday_A,True,False,10.0649,-7.5075,17.5724,1.1204,expanding,0.28214285714285703,2.1975,False,False,True,False,False,,,False,True,1_0
000539,2026-03-26,L2,4,5,22.3856,9.4637,25.6604,-16.1967,2.3654,0.8,none,midweek_partial,False,False,0.4021,10.0295,-9.6274,1.6577,expanding,0.3585714285714285,0.0837,False,False,False,False,True,,,,,0_0
000539,2026-03-30,L2,1,5,-7.7599,5.8884,25.6604,-19.772,2.2755,0.2,none,monday,False,False,-9.2219,-7.3431,-1.8788,0.8945,shrinking,0.4842857142857141,-1.3215,False,False,False,False,True,,,,,0_0
000543,2026-03-02,L2,1,5,3.3958,7.5178,2.5,5.0178,1.2862,0.2,negative_to_positive,monday,True,False,2.4362,4.3584,-1.9222,1.1575,expanding,0.1764285714285713,1.1903,False,False,False,False,True,,,,,1_0
000543,2026-03-04,L2,3,5,0.1171,0.0585,9.6692,-9.6107,2.0013,0.6,none,midweek_partial,False,False,-1.0417,-2.1518,1.1101,0.7176,shrinking,0.2114285714285713,-0.4257,False,False,False,False,True,,,,,0_0
000543,2026-03-06,L2,5,5,2.459,1.4768,9.6692,-8.1924,1.6651,1.0,none,completed_week,False,False,1.0393,1.2865,-0.2473,0.9038,normal,0.22785714285714276,0.395,False,False,False,False,True,,,,,0_0
000543,2026-03-10,L2,2,5,-0.1151,,,,,0.4,none,tuesday_gate_failed,,False,-0.1151,-0.6857,0.5706,0.8089,shrinking,0.2364285714285714,-0.0423,False,False,False,False,True,,,,,0_0
000543,2026-03-12,L2,4,5,7.3648,7.2215,2.459,4.7625,1.0198,0.8,double_positive_efficiency_improved,midweek_partial,True,False,5.9024,1.4977,4.4047,2.2353,expanding,0.25142857142857145,2.0682,False,False,True,False,False,,,True,False,1_0
000543,2026-03-16,L2,1,5,-3.7989,2.1248,2.459,-0.3342,1.0832,0.2,none,monday,False,False,-3.1496,-4.716,1.5664,0.6303,shrinking,0.30214285714285716,-0.9267,False,False,False,False,True,,,,,0_0
000543,2026-03-18,L2,3,5,-4.3575,,,,,0.6,none,midweek_partial,False,False,0.8245,-1.3937,2.2182,0.9523,normal,0.3307142857142856,0.2117,True,True,False,False,True,False,True,,,0_1
000543,2026-03-20,L2,5,5,-5.6983,8.6412,2.3015,6.3397,0.6594,1.0,none,completed_week,False,False,0.1186,-1.5187,1.6373,1.1159,expanding,0.332142857142857,0.0301,False,False,False,False,True,,,,,0_0
000543,2026-03-24,L2,2,5,0.8444,,,,,0.4,none,tuesday_gate_failed,,False,4.1096,-4.8578,8.9674,0.782,shrinking,0.30428571428571427,1.0845,True,False,False,False,False,False,True,,,0_0
000543,2026-03-26,L2,4,5,6.2726,4.5137,5.6983,-1.1846,1.3897,0.8,negative_to_positive,midweek_partial,True,False,-0.2265,5.622,-5.8485,0.8925,shrinking,0.32500000000000007,-0.0615,False,False,False,False,True,,,,,1_0
000543,2026-03-30,L2,1,5,-3.1461,6.6588,5.6983,0.9605,1.4855,0.2,negative_to_positive,monday,True,False,-5.3787,3.4052,-8.7839,1.076,normal,0.35571428571428576,-1.3775,False,False,False,False,True,,,,,1_0
000544,2026-01-05,L2,1,5,0.3597,0.5241,0.4843,0.0398,0.6905,0.2,double_positive_efficiency_improved,monday,True,False,0.601,0.1203,0.4806,1.0201,normal,0.11000000000000007,0.4545,False,False,False,False,True,,,,,1_0
000544,2026-01-07,L2,3,5,0.3597,0.1848,0.3619,-0.1771,1.9461,0.6,none,midweek_partial,False,False,-0.4756,0.4779,-0.9535,0.7179,shrinking,0.10142857142857155,-0.3944,False,False,False,False,True,,,,,0_0
000544,2026-01-09,L2,5,5,0.2398,0.1355,0.3619,-0.2264,1.7695,1.0,none,completed_week,False,False,-0.1195,0.0,-0.1195,1.0961,normal,0.09642857142857153,-0.1037,False,False,False,False,True,,,,,0_0
000544,2026-01-13,L2,2,5,0.5974,,,,,0.4,none,tuesday_gate_failed,,False,0.0,0.7177,-0.7177,1.0515,normal,0.08857142857142872,0.0,False,False,False,False,True,,,,,0_0
000544,2026-01-15,L2,4,5,0.0,,,,,0.8,none,midweek_partial,False,False,0.2395,-0.8314,1.0709,0.6751,shrinking,0.08785714285714288,0.2276,True,True,False,False,True,False,True,,,0_1
000544,2026-01-19,L2,1,5,0.9423,0.8384,0.2398,0.5986,1.2825,0.2,double_positive_efficiency_improved,monday,True,False,1.3002,1.0753,0.225,0.724,shrinking,0.08999999999999998,1.2222,True,True,True,True,True,True,False,True,False,1_1
000544,2026-01-21,L2,3,5,1.2956,1.3603,1.0753,0.285,0.9525,0.6,double_positive_efficiency_improved,midweek_partial,True,False,-0.3476,0.7001,-1.0477,0.5195,shrinking,0.09428571428571418,-0.3182,False,False,False,False,True,,,,,1_0
000544,2026-01-23,L2,5,5,1.649,1.891,1.0753,0.8157,0.872,1.0,double_positive_efficiency_improved,completed_week,True,False,0.116,0.2326,-0.1165,1.1446,expanding,0.09285714285714278,0.1077,False,False,False,False,True,,,,,1_0
000544,2026-01-27,L2,2,5,-0.6952,,,,,0.4,double_positive_efficiency_improved,tuesday_A,True,False,-1.2673,0.5794,-1.8467,0.7795,shrinking,0.08714285714285719,-1.2623,False,False,False,False,True,,,,,1_0
000544,2026-01-29,L2,4,5,-0.2317,,,,,0.8,none,midweek_partial,False,False,-0.3472,0.8168,-1.164,0.9578,normal,0.10142857142857155,-0.2958,False,False,False,False,True,,,,,0_0
000544,2026-02-02,L2,1,5,-2.1991,0.3286,1.649,-1.3204,1.058,0.2,none,monday,False,False,-2.4249,0.5807,-3.0057,0.8336,shrinking,0.11142857142857146,-1.8846,False,False,False,False,True,,,,,0_0
000544,2026-02-04,L2,3,5,-0.1157,,,,,0.6,none,midweek_partial,False,False,1.649,0.4734,1.1756,1.3699,expanding,0.1264285714285714,1.1073,False,False,False,False,True,,,,,0_0
000544,2026-02-06,L2,5,5,-0.5787,0.6846,0.3476,0.337,0.8453,1.0,none,completed_week,False,False,0.1166,-0.5794,0.6959,1.4049,expanding,0.13214285714285726,0.0757,False,False,False,False,True,,,,,0_0
000544,2026-02-10,L2,2,5,-1.1521,,,,,0.4,none,tuesday_gate_failed,,False,-0.5794,0.4657,-1.045,0.8779,shrinking,0.13285714285714306,-0.3763,False,False,False,False,True,,,,,0_0
000544,2026-02-12,L2,4,5,-1.4977,,,,,0.8,none,midweek_partial,False,False,-0.5814,0.2331,-0.8145,0.9033,normal,0.13214285714285737,-0.3784,False,False,False,False,True,,,,,0_0
000544,2026-02-24,L2,1,5,1.7606,,,,,0.2,none,tuesday_gate_failed,,False,2.2406,-0.8187,3.0593,1.6762,expanding,0.13571428571428587,1.4,False,False,False,False,True,,,,,0_0
000544,2026-02-26,L2,3,5,3.5211,2.2776,2.3041,-0.0265,1.546,0.6,negative_to_positive,midweek_partial,True,False,1.1468,0.5767,0.5701,1.0842,normal,0.13571428571428562,0.7368,False,False,True,True,True,,,True,False,1_1
000544,2026-03-02,L2,1,5,3.8331,3.6063,2.3041,1.3022,1.4646,0.2,negative_to_positive,monday,True,False,2.6756,1.7007,0.9749,2.3522,expanding,0.1378571428571427,1.7409,False,False,True,True,True,,,True,False,1_1
000544,2026-03-04,L2,3,5,-0.3382,,,,,0.6,none,midweek_partial,False,True,-3.913,-0.1086,-3.8045,1.2072,expanding,0.17071428571428562,-2.1088,False,False,False,False,True,,,,,0_0
000544,2026-03-06,L2,5,5,2.3675,0.7442,5.2817,-4.5375,3.1812,1.0,none,completed_week,False,False,1.908,0.7919,1.1161,0.9155,normal,0.21285714285714277,0.7987,True,True,False,False,True,True,False,,,0_1
000544,2026-03-10,L2,2,5,0.8869,,,,,0.4,none,tuesday_gate_failed,,False,0.4415,-0.2203,0.6618,0.6212,shrinking,0.2278571428571427,0.1755,True,True,True,True,True,False,True,False,True,0_1
000544,2026-03-12,L2,4,5,2.8825,5.3596,2.3675,2.9921,0.5378,0.8,double_positive_efficiency_improved,midweek_partial,True,False,0.8696,1.0989,-0.2293,1.1075,expanding,0.2457142857142854,0.3256,False,False,False,False,True,,,,,1_0
000544,2026-03-16,L2,1,5,-2.1763,3.2845,2.3675,0.917,0.5063,0.2,double_positive_efficiency_improved,monday,True,False,-1.9629,-1.1853,-0.7776,1.0347,normal,0.2678571428571426,-0.672,False,False,False,False,True,,,,,1_0
000544,2026-03-18,L2,3,5,-3.1556,,,,,0.6,none,midweek_partial,False,False,0.1125,-1.1123,1.2248,0.8633,shrinking,0.2735714285714286,0.0366,True,True,False,False,True,False,True,,,0_1
000544,2026-03-20,L2,5,5,-3.9173,6.3541,1.663,4.6911,0.6165,1.0,none,completed_week,False,False,0.4551,-1.236,1.691,1.3906,expanding,0.2771428571428573,0.1443,False,False,False,False,True,,,,,0_0
000544,2026-03-24,L2,2,5,-3.4364,,,,,0.4,none,tuesday_gate_failed,,False,2.5547,-6.9083,9.463,0.6308,shrinking,0.24857142857142872,0.8448,True,True,False,False,True,False,True,,,0_1
000544,2026-03-26,L2,4,5,-0.5727,,,,,0.8,none,midweek_partial,False,False,-1.2514,4.2705,-5.5219,0.5943,shrinking,0.2492857142857143,-0.4413,False,False,False,False,True,,,,,0_0
000544,2026-03-30,L2,1,5,-0.117,0.6661,3.9173,-3.2512,1.3757,0.2,none,monday,False,False,-1.2717,-0.3456,-0.9261,0.9641,normal,0.2599999999999999,-0.4231,False,False,False,False,True,,,,,0_0
000545,2026-01-05,L2,1,5,0.0,9.2714,3.1142,6.1572,0.6808,0.2,none,monday,False,False,0.7092,-3.0928,3.802,1.0319,normal,0.11499999999999999,0.1739,False,False,False,False,True,,,,,0_0
000545,2026-01-07,L2,3,5,7.3944,2.6881,6.3123,-3.6242,2.7508,0.6,negative_to_positive,midweek_partial,True,False,-2.2436,9.8592,-12.1027,1.1985,expanding,0.11785714285714285,-0.5939,False,False,False,False,True,,,,,1_0
000545,2026-01-09,L2,5,5,11.2676,4.1122,6.3123,-2.2001,2.7401,1.0,negative_to_positive,completed_week,True,False,2.2654,1.3115,0.9539,1.0188,normal,0.12928571428571428,0.5414,False,False,False,False,True,,,,,1_0
000545,2026-01-13,L2,2,5,-1.25,,,,,0.4,negative_to_positive,tuesday_A,True,False,-1.5576,1.5823,-3.1399,0.871,shrinking,0.13142857142857145,-0.3804,False,False,False,False,True,,,,,1_0
000545,2026-01-15,L2,4,5,-2.1875,,,,,0.8,none,midweek_partial,False,False,0.3205,-1.2658,1.5863,0.6744,shrinking,0.13428571428571434,0.0745,True,True,False,False,True,False,True,,,0_1
000545,2026-01-19,L2,1,5,2.1898,7.0234,11.2676,-4.2442,0.7119,0.2,none,monday,False,False,-7.8947,-2.8754,-5.0193,2.8033,expanding,0.13714285714285718,-1.75,False,False,False,False,True,,,,,0_0
000545,2026-01-21,L2,3,5,8.3942,4.4643,5.0,-0.5357,1.8803,0.6,negative_to_positive,midweek_partial,True,False,5.3191,0.7143,4.6049,2.3879,expanding,0.14500000000000002,1.0345,False,False,True,False,False,,,True,False,1_0
000545,2026-01-23,L2,5,5,12.7737,7.8399,5.0,2.8399,1.6293,1.0,negative_to_positive,completed_week,True,False,3.0,1.0101,1.9899,0.6354,shrinking,0.15642857142857142,0.5753,True,True,True,True,True,True,False,True,False,1_1
000545,2026-01-27,L2,2,5,-1.2945,,,,,0.4,negative_to_positive,tuesday_A,True,False,-2.5559,1.2945,-3.8504,0.7849,shrinking,0.15071428571428566,-0.5308,False,False,False,False,True,,,,,1_0
000545,2026-01-29,L2,4,5,-0.6472,,,,,0.8,none,midweek_partial,False,False,-3.4591,4.2623,-7.7214,0.6149,shrinking,0.14214285714285707,-0.7739,False,False,False,False,True,,,,,0_0
000545,2026-02-02,L2,1,5,-4.0678,6.0586,12.7737,-6.7151,0.7478,0.2,none,monday,False,False,-4.0678,-3.9088,-0.159,0.6748,shrinking,0.15071428571428563,-0.7962,False,False,False,False,True,,,,,0_0
000545,2026-02-04,L2,3,5,0.0,,,,,0.6,none,midweek_partial,False,False,2.4306,1.7668,0.6638,0.9703,normal,0.16071428571428562,0.4356,True,True,False,False,True,True,False,,,0_1
000545,2026-02-06,L2,5,5,0.0,0.0,4.5307,-4.5307,0.56,1.0,none,completed_week,False,False,2.4306,-2.3729,4.8034,1.2562,expanding,0.15928571428571422,0.4395,False,False,False,False,True,,,,,0_0
000545,2026-02-10,L2,2,5,0.6623,,,,,0.4,none,tuesday_gate_failed,,False,0.6623,2.3729,-1.7106,0.8724,shrinking,0.1514285714285714,0.1321,False,False,False,False,True,,,,,0_0
000545,2026-02-12,L2,4,5,-3.6424,,,,,0.8,none,midweek_partial,False,False,-4.5902,0.3289,-4.9191,1.3011,expanding,0.13499999999999998,-1.037,False,False,False,False,True,,,,,0_0
000545,2026-02-24,L2,1,5,7.2414,,,,,0.2,none,tuesday_gate_failed,,False,9.894,-2.7491,12.6431,1.7344,expanding,0.13642857142857143,2.0524,False,False,False,False,False,,,,,0_0
000545,2026-02-26,L2,3,5,15.5172,4.9375,6.2914,-1.3539,3.1428,0.6,negative_to_positive,midweek_partial,True,False,-2.0468,9.9678,-12.0146,1.3698,expanding,0.14428571428571435,-0.4851,False,False,False,False,True,,,,,1_0
000545,2026-03-02,L2,1,5,-4.1322,7.4016,6.2914,1.1102,2.8885,0.2,negative_to_positive,monday,True,False,-1.1364,5.0746,-6.211,0.7561,shrinking,0.1585714285714286,-0.2523,False,False,False,False,True,,,,,1_0
000545,2026-03-04,L2,3,5,-6.3361,,,,,0.6,none,midweek_partial,False,True,-2.0173,-0.2874,-1.7299,0.6452,shrinking,0.18071428571428577,-0.3874,False,False,False,False,True,,,,,0_0
000545,2026-03-06,L2,5,5,3.3058,2.8713,21.3793,-18.508,1.1513,1.0,none,completed_week,False,False,9.9707,0.2941,9.6766,2.1,expanding,0.2071428571428572,1.6414,False,False,False,False,False,,,,,0_0
000545,2026-03-10,L2,2,5,-7.4468,,,,,0.4,none,tuesday_gate_failed,,False,-3.8674,-3.4667,-0.4007,0.5566,shrinking,0.22571428571428576,-0.6203,False,False,False,False,True,,,,,0_0
000545,2026-03-12,L2,4,5,4.7872,3.7073,3.3058,0.4015,1.2913,0.8,double_positive_efficiency_improved,midweek_partial,True,False,2.8721,10.0575,-7.1854,2.357,expanding,0.23928571428571435,0.4597,False,False,False,False,True,,,,,1_0
000545,2026-03-16,L2,1,5,5.6995,3.597,3.3058,0.2912,1.3309,0.2,double_positive_efficiency_improved,monday,True,False,3.5533,0.0,3.5533,1.065,normal,0.2771428571428572,0.5052,False,False,True,False,False,,,False,True,1_0
000545,2026-03-18,L2,3,5,-1.8135,,,,,0.6,none,midweek_partial,False,False,-4.0506,-3.1863,-0.8644,0.7497,shrinking,0.30214285714285716,-0.5296,False,False,False,False,True,,,,,0_0
000545,2026-03-20,L2,5,5,-14.7668,18.9439,4.7872,14.1567,0.7795,1.0,none,completed_week,False,False,-7.3239,-6.3325,-0.9915,0.7248,shrinking,0.3057142857142857,-0.8505,False,False,False,False,True,,,,,0_0
000545,2026-03-24,L2,2,5,5.296,,,,,0.4,none,tuesday_gate_failed,,False,5.9561,-3.0395,8.9956,0.8466,shrinking,0.3085714285714286,0.6157,True,False,False,False,False,False,True,,,0_0
000545,2026-03-26,L2,4,5,3.1153,5.5038,14.7668,-9.263,0.566,0.8,negative_to_positive,midweek_partial,True,False,-3.7791,1.7751,-5.5542,0.8227,shrinking,0.3092857142857143,-0.4203,False,False,False,False,True,,,,,1_0
000545,2026-03-30,L2,1,5,-0.2907,14.1134,14.7668,-0.6534,0.5739,0.2,negative_to_positive,monday,True,False,-1.1527,4.8338,-5.9866,0.6129,shrinking,0.295,-0.1356,False,False,False,False,True,,,,,1_0
000546,2026-01-05,L2,1,5,3.2609,34.7393,6.158,28.5813,0.3278,0.2,none,monday,False,False,4.232,-2.5954,6.8274,1.179,expanding,0.5757142857142857,0.469,False,False,False,False,False,,,,,0_0
000546,2026-01-07,L2,3,5,4.3478,2.8267,11.3889,-8.5622,1.5381,0.6,negative_to_positive,midweek_partial,True,False,-0.5917,1.6541,-2.2459,1.1997,expanding,0.5557142857142857,-0.072,False,False,False,False,True,,,,,1_0
000546,2026-01-09,L2,5,5,2.6398,1.8459,11.3889,-9.543,1.43,1.0,negative_to_positive,completed_week,True,False,-1.4903,-0.1488,-1.3415,0.8001,shrinking,0.5507142857142858,-0.1816,False,False,False,False,True,,,,,1_0
000546,2026-01-13,L2,2,5,1.312,,,,,0.4,negative_to_positive,tuesday_A,True,False,-0.9972,6.2027,-7.1999,1.1241,expanding,0.5014285714285714,-0.1396,False,False,False,False,True,,,,,1_0
000546,2026-01-15,L2,4,5,-2.6239,,,,,0.8,none,midweek_partial,False,False,-1.62,-2.3022,0.6821,0.7253,shrinking,0.43857142857142856,-0.2508,False,False,False,False,True,,,,,0_0
000546,2026-01-19,L2,1,5,5.1495,8.1933,2.6398,5.5535,1.3166,0.2,none,monday,False,False,3.4314,-8.3832,11.8146,0.641,shrinking,0.4014285714285715,0.5231,True,True,False,False,True,False,True,,,0_1
000546,2026-01-21,L2,3,5,7.1429,13.0447,10.7872,2.2575,0.5476,0.6,negative_to_positive,midweek_partial,True,False,3.2,-1.2638,4.4638,1.1696,expanding,0.3935714285714287,0.5082,False,False,False,False,True,,,,,1_0
000546,2026-01-23,L2,5,5,13.7874,24.8976,10.7872,14.1104,0.5538,1.0,negative_to_positive,completed_week,True,False,5.3846,0.7752,4.6094,1.5194,expanding,0.3664285714285715,0.9552,False,False,True,False,False,,,True,False,1_0
000546,2026-01-27,L2,2,5,-5.0287,,,,,0.4,negative_to_positive,tuesday_C,True,False,-2.651,-0.8759,-1.775,0.841,shrinking,0.357857142857143,-0.503,False,False,False,False,True,,,,,1_0
000546,2026-01-29,L2,4,5,-6.8966,,,,,0.8,none,midweek_partial,False,False,-2.8486,0.9077,-3.7563,0.8526,shrinking,0.36000000000000004,-0.5278,False,False,False,False,True,,,,,0_0
000546,2026-02-02,L2,1,5,2.4779,16.0127,13.7874,2.2253,1.0139,0.2,none,monday,False,False,-0.6861,-10.0309,9.3448,0.7782,shrinking,0.3685714285714287,-0.1085,False,False,False,False,True,,,,,0_0
000546,2026-02-04,L2,3,5,2.8319,3.8998,16.2356,-12.3358,0.7261,0.6,negative_to_positive,midweek_partial,True,False,-0.1718,0.5181,-0.69,0.754,shrinking,0.3685714285714287,-0.0271,False,False,False,False,True,,,,,1_0
000546,2026-02-06,L2,5,5,2.4779,3.8173,16.2356,-12.4183,0.6491,1.0,negative_to_positive,completed_week,True,False,2.1164,-2.4096,4.526,1.0725,normal,0.34500000000000014,0.3478,False,False,False,False,True,,,,,1_0
000546,2026-02-10,L2,2,5,-1.1966,,,,,0.4,negative_to_positive,tuesday_C,True,False,-0.3448,0.1727,-0.5175,0.8854,shrinking,0.29928571428571443,-0.0668,False,False,False,False,True,,,,,1_0
000546,2026-02-12,L2,4,5,-1.5385,,,,,0.8,none,midweek_partial,False,False,-1.7065,1.3841,-3.0906,0.939,normal,0.2714285714285715,-0.3684,False,False,False,False,True,,,,,0_0
000546,2026-02-24,L2,1,5,1.0239,,,,,0.2,none,tuesday_gate_failed,,False,2.9565,-0.1736,3.1301,1.71,expanding,0.2614285714285715,0.6503,False,False,False,False,True,,,,,0_0
000546,2026-02-26,L2,3,5,16.5529,11.7051,1.7094,9.9957,1.4142,0.6,negative_to_positive,midweek_partial,True,False,9.9839,4.8986,5.0852,0.3542,shrinking,0.23142857142857157,2.679,True,False,True,False,False,True,False,True,False,1_0
000546,2026-03-02,L2,1,5,-1.8265,6.9432,1.7094,5.2338,2.0891,0.2,negative_to_positive,monday,True,False,-3.8748,-1.757,-2.1179,0.5891,shrinking,0.2685714285714287,-0.9681,False,False,False,False,True,,,,,1_0
000546,2026-03-06,L2,5,5,-5.7839,5.8821,14.5051,-8.623,0.9833,1.0,none,completed_week,False,False,1.1438,0.4926,0.6512,0.7203,shrinking,0.2821428571428571,0.2481,True,True,False,False,True,True,False,,,0_1
000546,2026-03-10,L2,2,5,3.6184,,,,,0.4,none,tuesday_gate_failed,,False,0.639,1.1309,-0.4919,0.7825,shrinking,0.27785714285714275,0.144,False,False,False,False,True,,,,,0_0
000546,2026-03-12,L2,4,5,2.6316,4.1557,5.7839,-1.6282,0.6332,0.8,negative_to_positive,midweek_partial,True,False,-1.2658,0.3175,-1.5833,0.9274,normal,0.2928571428571428,-0.2732,False,False,False,False,True,,,,,1_0
000546,2026-03-30,L2,1,5,2.0927,16.391,11.8859,4.5051,1.3395,0.2,negative_to_positive,monday,True,False,3.3283,9.9834,-6.6551,2.5034,expanding,0.26071428571428573,0.8438,False,False,False,False,True,,,,,1_0
000547,2026-01-05,L2,1,5,0.2121,15.0891,26.8468,-11.7577,0.7139,0.2,none,monday,False,False,0.2121,9.9967,-9.7846,0.9228,normal,2.1935714285714285,0.0319,False,False,False,False,True,,,,,0_0
000547,2026-01-07,L2,3,5,11.1784,6.9,10.7718,-3.8718,1.6201,0.6,none,midweek_partial,False,False,7.6878,3.023,4.6648,0.999,normal,2.3928571428571423,1.0949,True,False,True,False,False,True,False,True,False,0_0
000547,2026-01-09,L2,5,5,14.4502,9.4427,10.7718,-1.3291,1.5303,1.0,none,completed_week,False,False,2.5794,0.3542,2.2252,0.9502,normal,2.515714285714285,0.3776,True,True,True,True,True,True,False,True,False,0_1
000547,2026-01-13,L2,2,5,-4.661,,,,,0.4,none,tuesday_gate_failed,,False,-10.0,5.8761,-15.8761,0.5115,shrinking,2.5107142857142852,-1.5932,False,False,False,False,True,,,,,0_0
000547,2026-02-02,L2,1,5,4.7687,0.2323,0.6081,-0.3758,0.9087,0.2,negative_to_positive,monday,True,False,3.3708,4.7829,-1.4121,0.9811,normal,2.448571428571429,0.3921,False,False,False,False,True,,,,,1_0
000547,2026-02-04,L2,3,5,15.6584,8.5012,0.2111,8.2901,1.8419,0.6,double_positive_efficiency_improved,midweek_partial,True,False,0.3706,9.9864,-9.6158,1.1093,expanding,2.317142857142858,0.0518,False,False,False,False,True,,,,,1_0
000547,2026-02-06,L2,5,5,8.0071,4.6286,0.2111,4.4175,1.7299,1.0,double_positive_efficiency_improved,completed_week,True,False,-5.1562,-1.5385,-3.6178,0.8054,shrinking,2.2485714285714296,-0.7338,False,False,False,False,True,,,,,1_0
000547,2026-02-10,L2,2,5,-7.5875,,,,,0.4,double_positive_efficiency_improved,tuesday_C,True,False,-6.0646,-0.0329,-6.0317,0.993,normal,2.4028571428571435,-0.7658,False,False,False,False,True,,,,,1_0
000547,2026-02-12,L2,4,5,-7.847,,,,,0.8,none,midweek_partial,False,False,1.5,-1.7544,3.2544,0.9762,normal,2.3400000000000003,0.1795,True,True,False,False,True,False,True,,,0_1
000547,2026-02-24,L2,1,5,-0.6126,,,,,0.2,none,tuesday_gate_failed,,False,-1.8505,-1.126,-0.7246,0.848,shrinking,2.232142857142858,-0.233,False,False,False,False,True,,,,,0_0
000547,2026-02-26,L2,3,5,10.7748,9.9354,8.8846,1.0508,1.0845,0.6,negative_to_positive,midweek_partial,True,False,1.3184,10.0073,-8.6889,1.3518,expanding,2.0278571428571435,0.1973,False,False,False,False,True,,,,,1_0
000547,2026-03-02,L2,1,5,4.2699,12.1649,8.8846,3.2803,0.8887,0.2,negative_to_positive,monday,True,False,4.0325,0.0325,4.0,1.0417,normal,2.234285714285715,0.555,False,False,True,False,False,,,True,False,1_0
000547,2026-03-04,L2,3,5,-4.3351,,,,,0.6,none,midweek_partial,False,False,1.1371,-9.2842,10.4213,0.6718,shrinking,2.113571428571429,0.1561,True,True,False,False,True,False,True,,,0_1
000547,2026-03-06,L2,5,5,6.4537,4.8771,10.8108,-5.9337,1.3233,1.0,none,completed_week,False,False,3.3217,7.7002,-4.3784,1.3283,expanding,2.063571428571429,0.5088,False,False,False,False,True,,,,,0_0
000547,2026-03-10,L2,2,5,7.5399,,,,,0.4,none,tuesday_gate_failed,,False,4.8598,-1.7146,6.5744,1.1708,expanding,2.108571428571429,0.7398,False,False,True,False,False,,,False,True,0_0
000547,2026-03-12,L2,4,5,0.5431,0.5057,6.4537,-5.948,1.0741,0.8,none,midweek_partial,False,False,-5.5239,-1.0398,-4.4841,0.8653,shrinking,2.1385714285714292,-0.8604,False,False,False,False,True,,,,,0_0
000547,2026-03-16,L2,1,5,3.8111,0.8509,6.4537,-5.6028,1.0138,0.2,none,monday,False,False,2.7071,-1.3982,4.1052,0.8428,shrinking,2.1728571428571435,0.3866,True,True,True,True,True,False,True,False,True,0_1
000547,2026-03-18,L2,3,5,2.2801,3.4416,0.8626,2.579,0.6625,0.6,negative_to_positive,midweek_partial,True,False,2.9846,-4.3301,7.3147,1.2994,expanding,2.2814285714285725,0.3989,False,False,False,False,True,,,,,1_0
000547,2026-03-30,L2,1,5,5.8303,1.2539,8.7948,-7.5409,1.0634,0.2,negative_to_positive,monday,True,False,4.8246,-2.8064,7.631,1.3287,expanding,1.976428571428572,0.6679,False,False,True,False,False,,,False,True,1_0
000548,2026-01-05,L2,1,5,-1.1029,4.2179,1.7699,2.448,0.6362,0.2,none,monday,False,False,-1.1029,1.3035,-2.4065,1.5429,expanding,0.14785714285714283,-0.4058,False,False,False,False,True,,,,,0_0
000548,2026-01-07,L2,3,5,-0.3676,,,,,0.6,none,midweek_partial,False,False,-0.5505,1.3011,-1.8516,0.8651,shrinking,0.13428571428571429,-0.2234,False,False,False,False,True,,,,,0_0
000548,2026-01-09,L2,5,5,0.5515,0.2594,2.6834,-2.424,2.1257,1.0,negative_to_positive,completed_week,True,False,0.0,0.9225,-0.9225,0.9139,normal,0.12071428571428575,0.0,False,False,False,False,True,,,,,1_0
000548,2026-01-13,L2,2,5,-0.5474,,,,,0.4,negative_to_positive,tuesday_C,True,False,-0.3656,0.0,-0.3656,0.9511,normal,0.11142857142857146,-0.1795,False,False,False,False,True,,,,,1_0
000548,2026-01-15,L2,4,5,-0.5474,,,,,0.8,none,midweek_partial,False,False,0.5535,-0.5505,1.104,0.5685,shrinking,0.09857142857142863,0.3043,True,True,False,False,True,False,True,,,0_1
000548,2026-01-19,L2,1,5,2.9575,0.7054,0.5515,0.1539,1.0347,0.2,none,monday,False,False,2.3897,-0.1835,2.5732,1.4173,expanding,0.10214285714285719,1.2727,False,False,False,False,True,,,,,0_0
000548,2026-01-21,L2,3,5,6.6543,5.0451,0.7299,4.3152,1.319,0.6,negative_to_positive,midweek_partial,True,False,2.852,0.7181,2.1339,1.6476,expanding,0.10500000000000005,1.5238,False,False,True,True,True,,,True,False,1_1
000548,2026-01-23,L2,5,5,6.4695,4.2916,0.7299,3.5617,1.5075,1.0,negative_to_positive,completed_week,True,False,-0.6897,0.5199,-1.2096,0.5035,shrinking,0.12142857142857144,-0.3294,False,False,False,False,True,,,,,1_0
000548,2026-01-27,L2,2,5,-0.3472,,,,,0.4,negative_to_positive,tuesday_C,True,False,0.0,-0.3472,0.3472,0.8776,shrinking,0.13285714285714295,0.0,False,False,False,False,True,,,,,1_0
000548,2026-01-29,L2,4,5,-1.2153,,,,,0.8,none,midweek_partial,False,False,-0.1754,-0.6969,0.5214,0.909,normal,0.14571428571428577,-0.0686,False,False,False,False,True,,,,,0_0
000548,2026-02-02,L2,1,5,-1.0471,0.0,6.4695,-6.4695,0.6486,0.2,none,monday,False,False,-1.5625,1.2302,-2.7927,1.0393,normal,0.14857142857142858,-0.6058,False,False,False,False,True,,,,,0_0
000548,2026-02-04,L2,3,5,2.0942,1.9711,0.0,1.9711,1.0625,0.6,negative_to_positive,midweek_partial,True,False,1.2111,1.94,-0.729,1.2196,expanding,0.15714285714285708,0.4455,False,False,False,False,True,,,,,1_0
000548,2026-02-06,L2,5,5,1.3962,1.3196,0.0,1.3196,1.058,1.0,negative_to_positive,completed_week,True,False,0.0,-0.6838,0.6838,0.7918,shrinking,0.15714285714285708,0.0,False,False,False,False,True,,,,,1_0
000548,2026-02-10,L2,2,5,-1.3652,,,,,0.4,negative_to_positive,tuesday_C_failed_volume,False,False,-0.8576,0.3442,-1.2019,1.105,expanding,0.1564285714285714,-0.3196,False,False,False,False,True,,,,,0_0
000548,2026-02-12,L2,4,5,-3.5836,,,,,0.8,none,midweek_partial,False,False,-2.921,0.692,-3.613,1.2635,expanding,0.13785714285714276,-1.2332,False,False,False,False,True,,,,,0_0
000548,2026-02-24,L2,1,5,2.2887,,,,,0.2,none,tuesday_gate_failed,,False,2.6502,0.177,2.4732,1.583,expanding,0.1307142857142856,1.1475,False,False,True,True,True,,,True,False,0_1
000548,2026-02-26,L2,3,5,1.4085,1.5453,3.413,-1.8677,0.9114,0.6,negative_to_positive,midweek_partial,True,False,-0.8606,0.0,-0.8606,0.8691,shrinking,0.12499999999999988,-0.4,False,False,False,False,True,,,,,1_0
000548,2026-03-02,L2,1,5,-1.5598,3.5502,3.413,0.1372,0.6943,0.2,negative_to_positive,monday,True,False,-2.4055,1.0417,-3.4472,1.5485,expanding,0.12428571428571424,-1.1264,False,False,False,False,True,,,,,1_0
000548,2026-03-04,L2,3,5,-4.3328,,,,,0.6,none,midweek_partial,False,False,-1.4286,-1.4085,-0.0201,1.0178,normal,0.12785714285714286,-0.6257,False,False,False,False,True,,,,,0_0
000548,2026-03-06,L2,5,5,0.6932,0.4284,2.4648,-2.0364,1.6181,1.0,none,completed_week,False,False,3.75,1.4493,2.3007,1.2332,expanding,0.13499999999999998,1.5556,False,False,False,False,False,,,,,0_0
000548,2026-03-10,L2,2,5,0.5146,,,,,0.4,none,tuesday_gate_failed,,False,2.0906,-1.2048,3.2954,1.0026,normal,0.14499999999999996,0.8276,False,False,False,False,True,,,,,0_0
000548,2026-03-12,L2,4,5,-0.6861,,,,,0.8,none,midweek_partial,False,False,-1.1945,0.0,-1.1945,0.8305,shrinking,0.14857142857142863,-0.4712,False,False,False,False,True,,,,,0_0
000548,2026-03-16,L2,1,5,-0.1724,0.8289,0.6932,0.1357,0.8278,0.2,none,monday,False,False,0.0,0.0,0.0,0.9989,normal,0.14214285714285715,0.0,False,False,False,False,True,,,,,0_0
000548,2026-03-18,L2,3,5,-1.5517,,,,,0.6,none,midweek_partial,False,False,-0.1748,-1.209,1.0342,1.1092,expanding,0.14071428571428576,-0.0711,False,False,False,False,True,,,,,0_0
000548,2026-03-20,L2,5,5,-7.4138,6.994,0.6861,6.3079,1.06,1.0,none,completed_week,False,False,-3.0686,-2.9772,-0.0914,1.4094,expanding,0.14500000000000002,-1.1724,False,False,False,False,True,,,,,0_0
000548,2026-03-26,L2,4,5,2.2727,1.3704,7.4138,-6.0434,1.6584,0.8,negative_to_positive,midweek_partial,True,False,-1.0989,3.4091,-4.508,0.871,shrinking,0.17928571428571427,-0.3347,False,False,False,False,True,,,,,1_0
000548,2026-03-30,L2,1,5,2.4254,1.3275,7.4138,-6.0863,1.5694,0.2,negative_to_positive,monday,True,False,1.8553,-0.1852,2.0405,0.8473,shrinking,0.18285714285714288,0.5469,True,True,False,False,True,False,True,,,1_1
000551,2026-01-05,L2,1,5,1.9391,11.5063,48.8596,-37.3533,0.6051,0.2,none,monday,False,False,0.1361,3.8869,-3.7509,0.7009,shrinking,0.9357142857142856,0.0214,False,False,False,False,True,,,,,0_0
000551,2026-01-07,L2,3,5,1.0388,0.8063,6.962,-6.1557,1.2884,0.6,negative_to_positive,midweek_partial,True,False,-3.8233,3.0571,-6.8804,0.8341,shrinking,1.0492857142857142,-0.5528,False,False,False,False,True,,,,,1_0
000551,2026-01-09,L2,5,5,3.1856,2.6708,6.962,-4.2912,1.1928,1.0,negative_to_positive,completed_week,True,False,-0.2009,2.3304,-2.5313,1.1439,expanding,1.1107142857142855,-0.027,False,False,False,False,True,,,,,1_0
000551,2026-01-13,L2,2,5,-3.4483,,,,,0.4,negative_to_positive,tuesday_A,True,False,-7.393,3.4899,-10.8829,0.8241,shrinking,1.1378571428571427,-1.0019,False,False,False,False,True,,,,,1_0
000551,2026-01-15,L2,4,5,2.3665,2.3451,3.1856,-0.8405,1.0091,0.8,none,midweek_partial,False,False,-2.9487,9.2437,-12.1924,0.563,shrinking,1.1892857142857143,-0.3868,False,False,False,False,True,,,,,0_0
000551,2026-01-19,L2,1,5,-0.6923,7.6641,3.1856,4.4785,1.041,0.2,double_positive_efficiency_improved,monday,True,False,-1.1897,5.4822,-6.6719,0.7418,shrinking,1.159285714285714,-0.1639,False,False,False,False,True,,,,,1_0
000551,2026-01-21,L2,3,5,-4.0906,,,,,0.6,none,midweek_partial,False,False,-0.8458,-2.5982,1.7524,0.7685,shrinking,1.0164285714285712,-0.1279,False,False,False,False,True,,,,,0_0
000551,2026-01-23,L2,5,5,0.5664,0.7442,7.9784,-7.2342,0.761,1.0,none,completed_week,False,False,-0.125,4.9869,-5.1119,0.7803,shrinking,0.929285714285714,-0.0215,False,False,False,False,True,,,,,0_0
000551,2026-01-27,L2,2,5,-1.7722,,,,,0.4,none,tuesday_gate_failed,,False,1.8373,-4.6308,6.4681,0.9702,normal,0.8685714285714284,0.3224,True,True,False,False,True,False,True,,,0_1
000551,2026-01-29,L2,4,5,-8.2278,,,,,0.8,none,midweek_partial,False,False,-2.3569,-4.317,1.9601,0.7598,shrinking,0.8899999999999999,-0.3933,False,False,False,False,True,,,,,0_0
000551,2026-02-02,L2,1,5,-0.3434,11.589,0.5664,11.0226,0.6117,0.2,none,monday,False,False,-1.158,1.2414,-2.3994,0.7384,shrinking,0.892142857142857,-0.1906,False,False,False,False,True,,,,,0_0
000551,2026-02-04,L2,3,5,6.3187,8.7017,7.0886,1.6131,0.7261,0.6,negative_to_positive,midweek_partial,True,False,3.7534,2.8256,0.9277,2.4379,expanding,0.8235714285714285,0.68,False,False,True,False,False,,,True,False,1_0
000551,2026-02-06,L2,5,5,3.228,4.8696,7.0886,-2.219,0.6629,1.0,negative_to_positive,completed_week,True,False,-1.7005,-1.2274,-0.4731,1.0151,normal,0.7821428571428571,-0.3324,False,False,False,False,True,,,,,1_0
000551,2026-02-10,L2,2,5,0.3289,,,,,0.4,negative_to_positive,tuesday_A,True,False,-0.0655,1.5303,-1.5958,0.8787,shrinking,0.7385714285714284,-0.0135,False,False,False,False,True,,,,,1_0
000551,2026-02-12,L2,4,5,-1.3816,,,,,0.8,none,midweek_partial,False,False,0.604,-2.2951,2.8991,0.8647,shrinking,0.6621428571428573,0.1359,True,True,False,False,True,False,True,,,0_1
000551,2026-02-24,L2,1,5,1.3342,,,,,0.2,none,tuesday_gate_failed,,False,2.0833,-0.7338,2.8172,1.412,expanding,0.6164285714285714,0.5029,False,False,False,False,True,,,,,0_0
000551,2026-02-26,L2,3,5,3.0687,2.645,2.1053,0.5397,1.1602,0.6,negative_to_positive,midweek_partial,True,False,0.3899,1.3167,-0.9268,1.0008,normal,0.5457142857142855,0.1099,False,False,False,False,True,,,,,1_0
000551,2026-03-02,L2,1,5,-1.3333,2.7771,2.1053,0.6718,0.8888,0.2,negative_to_positive,monday,True,False,-3.6458,-0.5825,-3.0633,1.3907,expanding,0.49428571428571416,-1.1329,False,False,False,False,True,,,,,1_0
000551,2026-03-06,L2,5,5,-2.8667,2.1274,2.4683,-0.3409,1.3475,1.0,none,completed_week,False,False,1.3918,3.5303,-2.1385,0.6869,shrinking,0.48000000000000004,0.4167,False,False,False,False,True,,,,,0_0
000551,2026-03-10,L2,2,5,2.9371,,,,,0.4,none,tuesday_gate_failed,,False,2.3644,-1.304,3.6684,0.8328,shrinking,0.4885714285714287,0.6959,True,True,True,True,True,False,True,False,True,0_1
000551,2026-03-12,L2,4,5,-0.1399,,,,,0.8,none,midweek_partial,False,False,-1.9904,-1.019,-0.9714,1.0425,normal,0.48714285714285704,-0.5953,False,False,False,False,True,,,,,0_0
000554,2026-01-05,L2,1,5,-2.6706,0.145,0.1546,-0.0096,1.066,0.2,none,monday,False,False,1.2346,-1.3699,2.6044,2.5179,expanding,0.1128571428571428,0.7089,False,False,False,False,True,,,,,0_0
000554,2026-01-07,L2,3,5,-3.2641,,,,,0.6,none,midweek_partial,False,True,-2.3952,1.8293,-4.2245,0.835,shrinking,0.12285714285714278,-1.3023,False,False,False,False,True,,,,,0_0
000554,2026-01-09,L2,5,5,1.0386,0.295,0.1546,0.1404,3.5204,1.0,double_positive_efficiency_improved,completed_week,True,False,3.0257,1.3804,1.6454,2.6099,expanding,0.13214285714285706,1.5135,False,False,True,True,True,,,True,False,1_1
000554,2026-01-13,L2,2,5,1.3274,,,,,0.4,double_positive_efficiency_improved,tuesday_B,True,False,2.0802,-1.1747,3.255,1.4991,expanding,0.15428571428571417,0.9074,False,False,False,False,True,,,,,1_0
000554,2026-01-15,L2,4,5,4.4248,3.076,1.0386,2.0374,1.4385,0.8,double_positive_efficiency_improved,midweek_partial,True,False,0.9986,2.0378,-1.0393,0.751,shrinking,0.17285714285714274,0.405,False,False,False,False,True,,,,,1_0
000554,2026-01-19,L2,1,5,2.8232,0.6524,1.0386,-0.3862,1.3565,0.2,none,monday,False,False,1.1696,-3.3898,4.5594,0.7246,shrinking,0.20785714285714268,0.3849,True,True,False,False,True,False,True,,,0_1
000554,2026-01-21,L2,3,5,5.4978,9.0962,0.885,8.2112,0.6044,0.6,double_positive_efficiency_improved,midweek_partial,True,False,2.3055,0.289,2.0165,1.5812,expanding,0.23428571428571413,0.6829,False,False,True,True,True,,,True,False,1_1
000554,2026-01-23,L2,5,5,9.8068,12.7515,0.885,11.8665,0.7691,1.0,double_positive_efficiency_improved,completed_week,True,False,-0.1351,4.2254,-4.3605,0.6415,shrinking,0.23785714285714268,-0.042,False,False,False,False,True,,,,,1_0
000554,2026-01-27,L2,2,5,1.0638,,,,,0.4,double_positive_efficiency_improved,tuesday_A,True,False,-1.8088,4.7361,-6.5449,0.6601,shrinking,0.24714285714285694,-0.5665,False,False,False,False,True,,,,,1_0
000554,2026-01-29,L2,4,5,18.75,7.8207,9.8068,-1.9861,2.3975,0.8,none,midweek_partial,False,False,9.9754,6.8421,3.1333,1.372,expanding,0.27142857142857124,2.9842,False,False,True,False,False,,,True,False,0_0
000554,2026-02-04,L2,3,5,4.9803,6.6336,12.5,-5.8664,0.7508,0.6,none,midweek_partial,False,False,3.3548,0.0,3.3548,0.9773,normal,0.4585714285714286,0.567,True,True,False,False,True,False,True,,,0_1
000554,2026-02-06,L2,5,5,8.2569,12.51,12.5,0.01,0.66,1.0,double_positive_efficiency_improved,completed_week,True,False,5.2229,-1.9975,7.2204,1.2361,expanding,0.4521428571428571,0.9068,False,False,False,False,False,,,,,1_0
000554,2026-02-10,L2,2,5,-1.7032,,,,,0.4,double_positive_efficiency_improved,tuesday_C,True,False,-0.4926,-1.6949,1.2023,0.7744,shrinking,0.4978571428571429,-0.0803,False,False,False,False,True,,,,,1_0
000554,2026-02-12,L2,4,5,-2.3114,,,,,0.8,none,midweek_partial,False,False,-1.5931,0.9901,-2.5832,0.9482,normal,0.5014285714285716,-0.2593,False,False,False,False,True,,,,,0_0
000554,2026-02-24,L2,1,5,5.187,,,,,0.2,none,tuesday_gate_failed,,False,9.9622,-1.2453,11.2075,0.7392,shrinking,0.5007142857142858,1.5777,True,False,True,False,False,False,True,False,True,0_0
000554,2026-02-26,L2,3,5,4.9457,3.056,3.528,-0.472,1.6183,0.6,negative_to_positive,midweek_partial,True,False,-1.4723,1.2615,-2.7337,0.5598,shrinking,0.5307142857142859,-0.245,False,False,False,False,True,,,,,1_0
000554,2026-03-02,L2,1,5,0.0,6.2561,3.528,2.7281,1.2919,0.2,negative_to_positive,monday,True,False,10.0446,2.9885,7.0561,0.5718,shrinking,0.4692857142857145,1.9178,True,False,True,False,False,True,False,True,False,1_0
000554,2026-03-04,L2,3,5,17.8499,10.4308,8.082,2.3488,1.7113,0.6,double_positive_efficiency_improved,midweek_partial,True,False,7.0968,10.0406,-2.9438,7.6635,expanding,0.42000000000000004,1.8333,False,False,False,False,False,,,,,1_0
000554,2026-03-06,L2,5,5,5.2738,2.6702,8.082,-5.4118,1.9751,1.0,none,completed_week,False,False,-4.6832,-6.2823,1.5991,0.6476,shrinking,0.5592857142857144,-0.9119,False,False,False,False,True,,,,,0_0
000554,2026-03-10,L2,2,5,-15.8494,,,,,0.4,none,tuesday_gate_failed,,False,-7.6849,0.289,-7.9739,0.6934,shrinking,0.6142857142857144,-1.3023,False,False,False,False,True,,,,,0_0
000554,2026-03-12,L2,4,5,-16.1121,,,,,0.8,none,midweek_partial,False,False,-1.4403,1.1446,-2.585,0.9868,normal,0.7378571428571429,-0.1897,False,False,False,False,True,,,,,0_0
000554,2026-03-16,L2,1,5,1.5054,21.5793,5.2738,16.3055,0.8643,0.2,none,monday,False,False,1.6146,-3.0271,4.6418,1.227,expanding,0.7485714285714284,0.2004,False,False,False,False,True,,,,,0_0
000554,2026-03-18,L2,3,5,-3.7634,,,,,0.6,none,midweek_partial,False,False,-2.823,-2.4364,-0.3866,0.7996,shrinking,0.7507142857142856,-0.3463,False,False,False,False,True,,,,,0_0
000554,2026-03-20,L2,5,5,-7.6344,10.7588,18.6515,-7.8927,0.7096,1.0,none,completed_week,False,False,-7.535,3.7989,-11.3339,0.735,shrinking,0.7507142857142856,-0.9324,False,False,False,False,True,,,,,0_0
000554,2026-03-24,L2,2,5,-2.5258,,,,,0.4,none,tuesday_gate_failed,,False,0.5924,-1.7462,2.3386,1.1011,expanding,0.7528571428571428,0.0664,False,False,False,False,True,,,,,0_0
000554,2026-03-26,L2,4,5,-3.5591,,,,,0.8,none,midweek_partial,False,False,0.1192,-1.1779,1.297,1.3255,expanding,0.6271428571428571,0.0159,False,False,True,True,True,,,False,True,0_1
000554,2026-03-30,L2,1,5,-4.9494,2.9857,7.6344,-4.6487,0.7306,0.2,none,monday,False,False,-0.8216,1.4286,-2.2502,1.214,expanding,0.5335714285714285,-0.1312,False,False,False,False,True,,,,,0_0
000555,2026-01-05,L2,1,5,1.8018,0.2881,4.2473,-3.9592,0.6281,0.2,none,monday,False,False,2.4169,1.1614,1.2555,1.2298,expanding,0.46285714285714274,0.8642,False,False,True,True,True,,,True,False,0_1
000555,2026-01-07,L2,3,5,3.1231,1.1886,0.1809,1.0077,2.6275,0.6,negative_to_positive,midweek_partial,True,False,-1.7172,3.0678,-4.7851,0.8201,shrinking,0.512857142857143,-0.585,False,False,False,False,True,,,,,1_0
000555,2026-01-09,L2,5,5,11.3514,2.813,0.1809,2.6321,4.0353,1.0,negative_to_positive,completed_week,True,False,2.3179,5.5329,-3.215,0.8123,shrinking,0.5235714285714288,0.8022,False,False,False,False,True,,,,,1_0
000555,2026-01-13,L2,2,5,-2.4811,,,,,0.4,negative_to_positive,tuesday_A,True,False,-9.5095,7.767,-17.2765,0.8047,shrinking,0.6350000000000005,-2.9921,False,False,False,False,True,,,,,1_0
000555,2026-01-15,L2,4,5,-1.6181,,,,,0.8,none,midweek_partial,False,True,-2.4077,3.3739,-5.7816,0.5725,shrinking,0.865714285714286,-0.5198,False,False,False,False,True,,,,,0_0
000555,2026-01-19,L2,1,5,1.6562,3.7877,11.3514,-7.5637,1.1677,0.2,none,monday,False,False,0.4515,-2.8509,3.3023,0.6357,shrinking,0.9428571428571431,0.0848,True,True,False,False,True,False,True,,,0_1
000555,2026-01-21,L2,3,5,-3.1982,,,,,0.6,none,midweek_partial,False,False,-1.0508,-3.764,2.7133,0.6972,shrinking,0.9935714285714285,-0.1812,False,False,False,False,True,,,,,0_0
000555,2026-01-23,L2,5,5,-0.1713,0.5068,4.4229,-3.9161,0.3381,1.0,none,completed_week,False,False,1.0989,2.0059,-0.907,1.0603,normal,1.0450000000000002,0.1818,False,False,False,False,True,,,,,0_0
000555,2026-01-27,L2,2,5,-5.2452,,,,,0.4,none,tuesday_gate_failed,,False,-0.1802,-4.7483,4.5681,0.6146,shrinking,1.0092857142857141,-0.0297,False,False,False,False,True,,,,,0_0
000555,2026-01-29,L2,4,5,-5.3022,,,,,0.8,none,midweek_partial,False,False,-1.5412,1.5042,-3.0454,1.0617,normal,1.0414285714285714,-0.2497,False,False,False,False,True,,,,,0_0
000555,2026-02-02,L2,1,5,-0.1807,7.4784,0.1713,7.3071,1.0368,0.2,none,monday,False,False,2.4104,-2.5888,4.9992,1.6942,expanding,0.9842857142857141,0.3962,False,False,False,False,True,,,,,0_0
000555,2026-02-04,L2,3,5,4.2169,3.4748,7.7537,-4.2789,1.2135,0.6,negative_to_positive,midweek_partial,True,False,1.5854,2.7761,-1.1907,1.6925,expanding,0.8228571428571428,0.3281,False,False,False,False,True,,,,,1_0
000555,2026-02-06,L2,5,5,7.5301,5.8903,7.7537,-1.8634,1.2784,1.0,negative_to_positive,completed_week,True,False,2.4684,0.6936,1.7748,1.9217,expanding,0.7528571428571428,0.5712,False,False,True,True,True,,,True,False,1_1
000555,2026-02-10,L2,2,5,1.2892,,,,,0.4,negative_to_positive,tuesday_A,True,False,-0.3309,1.5686,-1.8996,0.801,shrinking,0.7507142857142861,-0.0799,False,False,False,False,True,,,,,1_0
000555,2026-02-12,L2,4,5,2.8587,2.6735,7.5301,-4.8566,1.0693,0.8,none,midweek_partial,False,False,2.1146,-0.5534,2.668,1.2471,expanding,0.723571428571429,0.5252,False,False,True,True,True,,,False,True,0_1
000555,2026-02-24,L2,1,5,-2.3333,,,,,0.2,none,tuesday_gate_failed,,False,-3.9869,-0.218,-3.7689,1.1869,expanding,0.7300000000000004,-1.0,False,False,False,False,True,,,,,0_0
000555,2026-02-26,L2,3,5,-0.6111,,,,,0.6,none,midweek_partial,False,False,-0.6111,2.3891,-3.0002,0.9182,normal,0.6914285714285714,-0.1591,False,False,False,False,True,,,,,0_0
000555,2026-03-02,L2,1,5,-0.9643,2.324,2.6345,-0.3105,0.6454,0.2,none,monday,False,False,-4.4335,2.1241,-6.5576,0.9043,normal,0.6449999999999996,-1.2558,False,False,False,False,True,,,,,0_0
000555,2026-03-06,L2,5,5,3.9705,2.5101,1.5,1.0101,1.5818,1.0,double_positive_efficiency_improved,completed_week,True,False,1.7203,10.0122,-8.2919,2.2789,expanding,0.7028571428571423,0.4411,False,False,False,False,True,,,,,1_0
000555,2026-03-10,L2,2,5,3.6464,,,,,0.4,double_positive_efficiency_improved,tuesday_A,True,False,0.3209,2.0185,-1.6977,0.9369,normal,0.7592857142857137,0.079,False,False,False,False,True,,,,,1_0
000555,2026-03-12,L2,4,5,1.768,1.3687,3.9705,-2.6018,1.2917,0.8,none,midweek_partial,False,False,-1.1803,-0.6397,-0.5406,0.9113,normal,0.7628571428571421,-0.2884,False,False,False,False,True,,,,,0_0
000555,2026-03-16,L2,1,5,3.3258,1.6351,3.9705,-2.3354,1.2164,0.2,none,monday,False,False,3.3258,-3.6916,7.0175,0.9866,normal,0.7585714285714277,0.7778,True,True,False,False,True,False,True,,,0_1
000555,2026-03-18,L2,3,5,4.115,5.6447,1.989,3.6557,0.729,0.6,negative_to_positive,midweek_partial,True,False,6.2105,-5.1282,11.3387,1.345,expanding,0.7771428571428566,1.3897,False,False,False,False,False,,,,,1_0
000555,2026-03-20,L2,5,5,-0.451,0.5065,1.989,-1.4825,0.8904,1.0,none,completed_week,False,False,-3.2329,-1.1911,-2.0418,2.6276,expanding,0.8535714285714285,-0.6912,False,False,False,False,True,,,,,0_0
000558,2026-01-05,L2,1,5,-0.3883,2.2658,4.0441,-1.7783,0.4244,0.2,none,monday,False,False,-0.3883,0.5859,-0.9743,1.3059,expanding,0.14357142857142874,-0.1393,False,False,False,False,True,,,,,0_0
000558,2026-01-07,L2,3,5,0.9709,0.4534,0.9615,-0.5081,2.1414,0.6,negative_to_positive,midweek_partial,True,False,0.7752,0.5848,0.1904,1.095,normal,0.12642857142857153,0.3164,False,False,True,True,True,,,True,False,1_1
000558,2026-01-09,L2,5,5,1.9417,0.8507,0.9615,-0.1108,2.2825,1.0,negative_to_positive,completed_week,True,False,1.1561,-0.1923,1.3484,1.805,expanding,0.11142857142857146,0.5385,False,False,True,True,True,,,False,True,1_1
000558,2026-01-13,L2,2,5,-2.0794,,,,,0.4,negative_to_positive,tuesday_A,True,False,-2.4482,1.1429,-3.5911,0.9091,normal,0.09714285714285717,-1.3382,False,False,False,False,True,,,,,1_0
000558,2026-01-15,L2,4,5,2.2684,1.1519,1.9417,-0.7898,1.9693,0.8,none,midweek_partial,False,False,0.9328,3.4749,-2.5421,1.0982,normal,0.0921428571428572,0.5426,False,False,False,False,True,,,,,0_0
000558,2026-01-19,L2,1,5,1.5385,0.8018,1.9417,-1.1399,1.8861,0.2,none,monday,False,False,1.3436,-3.6969,5.0404,0.6032,shrinking,0.10428571428571434,0.6712,True,True,False,False,True,False,True,,,0_1
000558,2026-01-21,L2,3,5,2.8846,4.6844,1.5123,3.1721,0.6158,0.6,negative_to_positive,midweek_partial,True,False,2.0992,-0.7576,2.8568,1.7876,expanding,0.11928571428571434,0.9222,False,False,True,True,True,,,False,True,1_1
000558,2026-01-23,L2,5,5,1.7308,3.0037,1.5123,1.4914,0.5762,1.0,negative_to_positive,completed_week,True,False,-0.1887,-0.9346,0.7459,0.7889,shrinking,0.125,-0.08,False,False,False,False,True,,,,,1_0
000558,2026-01-27,L2,2,5,0.5693,,,,,0.4,negative_to_positive,tuesday_B,True,False,2.3166,-2.0794,4.396,1.0682,normal,0.12428571428571443,0.9655,False,False,False,False,True,,,,,1_0
000558,2026-01-29,L2,4,5,-0.1898,,,,,0.8,none,midweek_partial,False,False,0.3817,-1.1321,1.5138,1.3008,expanding,0.13571428571428581,0.1474,False,False,False,False,True,,,,,0_0
000558,2026-02-04,L2,3,5,2.4345,1.6664,1.1385,0.5279,1.4609,0.6,double_positive_efficiency_improved,midweek_partial,True,False,-0.1825,1.4815,-1.664,0.6809,shrinking,0.15642857142857153,-0.0639,False,False,False,False,True,,,,,1_0
000558,2026-02-10,L2,2,5,4.3071,,,,,0.4,none,tuesday_gate_failed,,False,2.5783,2.4528,0.1254,1.4613,expanding,0.15285714285714283,0.9159,False,False,True,True,True,,,True,False,0_1
000559,2026-01-05,L2,1,5,3.1515,21.1058,18.316,2.7898,1.241,0.2,double_positive_efficiency_improved,monday,True,False,-1.0465,9.624,-10.6705,0.8036,shrinking,0.6871428571428568,-0.262,False,False,False,False,True,,,,,1_0
000559,2026-01-07,L2,3,5,8.0,4.0873,26.1922,-22.1049,1.9573,0.6,none,midweek_partial,False,False,-1.4925,6.2867,-7.7793,0.8554,shrinking,0.8271428571428571,-0.3264,False,False,False,False,True,,,,,0_0
000559,2026-01-09,L2,5,5,20.303,10.8471,26.1922,-15.3451,1.8718,1.0,none,completed_week,False,False,7.2393,3.8721,3.3673,1.0538,normal,1.044285714285714,1.2832,False,False,True,False,False,,,True,False,0_0
000559,2026-01-13,L2,2,5,-4.534,,,,,0.4,none,tuesday_gate_failed,,False,-7.335,3.0227,-10.3576,0.9687,normal,1.2899999999999996,-1.1628,False,False,False,False,True,,,,,0_0
000559,2026-01-15,L2,4,5,-9.3703,,,,,0.8,none,midweek_partial,False,True,-4.2576,-0.8443,-3.4133,0.7216,shrinking,1.587142857142857,-0.5041,False,False,False,False,True,,,,,0_0
000559,2026-01-19,L2,1,5,-0.0515,3.4481,20.303,-16.8549,0.862,0.2,none,monday,False,False,0.8307,7.0595,-6.2287,0.8621,shrinking,1.671428571428571,0.0957,False,False,False,False,True,,,,,0_0
000559,2026-01-21,L2,3,5,3.2424,3.8897,2.9723,0.9174,0.8336,0.6,negative_to_positive,midweek_partial,True,False,3.0832,0.206,2.8773,1.2866,expanding,1.748571428571428,0.3431,False,False,True,True,True,,,True,False,1_1
000559,2026-01-23,L2,5,5,1.3381,1.7271,2.9723,-1.2452,0.7748,1.0,negative_to_positive,completed_week,True,False,0.0508,-1.8943,1.9451,0.8685,shrinking,1.6842857142857142,0.0059,True,True,False,False,True,False,True,,,1_1
000559,2026-01-27,L2,2,5,-6.5623,,,,,0.4,negative_to_positive,tuesday_C,True,False,-1.5949,-4.4693,2.8744,0.7426,shrinking,1.675714285714285,-0.179,False,False,False,False,True,,,,,1_0
000559,2026-01-29,L2,4,5,-13.1752,,,,,0.8,none,midweek_partial,False,False,-3.3708,-3.8358,0.465,0.8941,shrinking,1.5764285714285713,-0.3806,False,False,False,False,True,,,,,0_0
000559,2026-02-02,L2,1,5,1.0551,21.4008,1.3381,20.0627,0.6086,0.2,none,monday,False,False,0.058,0.1744,-0.1164,1.1851,expanding,1.4107142857142854,0.0071,False,False,False,False,True,,,,,0_0
000559,2026-02-04,L2,3,5,0.762,0.9241,13.0237,-12.0996,0.8246,0.6,negative_to_positive,midweek_partial,True,False,-1.8836,1.6241,-3.5077,0.7596,shrinking,1.19,-0.2773,False,False,False,False,True,,,,,1_0
000559,2026-02-06,L2,5,5,2.1102,2.5186,13.0237,-10.5051,0.8379,1.0,negative_to_positive,completed_week,True,False,4.6246,-3.1414,7.766,2.0463,expanding,1.0864285714285717,0.7087,False,False,False,False,False,,,,,1_0
000559,2026-02-10,L2,2,5,12.1769,,,,,0.4,negative_to_positive,tuesday_A,True,False,10.0282,1.8944,8.1338,1.7499,expanding,1.0250000000000004,1.7366,False,False,True,False,False,,,True,False,1_0
000559,2026-02-12,L2,4,5,12.6939,6.6381,2.1102,4.5279,1.9123,0.8,double_positive_efficiency_improved,midweek_partial,True,False,-2.9193,3.4818,-6.4012,0.6554,shrinking,1.028571428571429,-0.5736,False,False,False,False,True,,,,,1_0
000559,2026-02-24,L2,1,5,-2.5968,,,,,0.2,double_positive_efficiency_improved,tuesday_pending,True,False,-2.1172,3.5168,-5.634,0.9606,normal,1.0664285714285722,-0.4032,False,False,False,False,True,,,,,1_0
000559,2026-02-26,L2,3,5,-4.7526,,,,,0.6,none,midweek_partial,False,False,0.8299,-3.0181,3.848,1.0675,normal,1.1071428571428577,0.1445,False,False,False,False,True,,,,,0_0
000559,2026-03-02,L2,1,5,-3.0114,2.8992,16.6571,-13.7579,0.5746,0.2,none,monday,False,False,-6.9258,3.2407,-10.1665,1.1458,expanding,1.1257142857142863,-1.2348,False,False,False,False,True,,,,,0_0
000561,2026-01-05,L2,1,5,4.4971,1.6821,3.5436,-1.8615,1.1404,0.2,none,monday,False,False,4.5827,-0.9724,5.5551,2.0368,expanding,0.524285714285714,1.0681,False,False,False,False,False,,,,,0_0
000561,2026-01-07,L2,3,5,4.6607,2.1745,1.9183,0.2562,2.1433,0.6,double_positive_efficiency_improved,midweek_partial,True,False,1.992,-1.7997,3.7917,1.1164,expanding,0.579285714285714,0.4316,False,False,True,True,True,,,False,True,1_1
000561,2026-01-09,L2,5,5,8.0131,3.4838,1.9183,1.5655,2.3001,1.0,double_positive_efficiency_improved,completed_week,True,False,-1.0487,4.2969,-5.3456,1.1444,expanding,0.584285714285714,-0.2396,False,False,False,False,True,,,,,1_0
000561,2026-01-13,L2,2,5,-3.8404,,,,,0.4,double_positive_efficiency_improved,tuesday_A,True,False,-10.007,7.4186,-17.4257,0.7674,shrinking,0.6335714285714283,-2.2413,False,False,False,False,True,,,,,1_0
000561,2026-01-15,L2,4,5,-6.7018,,,,,0.8,none,midweek_partial,False,True,-9.562,7.2827,-16.8447,0.6633,shrinking,0.7807142857142857,-1.678,False,False,False,False,True,,,,,0_0
000561,2026-01-19,L2,1,5,2.0236,8.4421,8.0131,0.429,1.1417,0.2,none,monday,False,False,0.8333,-3.1477,3.981,0.6991,shrinking,0.9028571428571431,0.1108,True,True,False,False,True,False,True,,,0_1
000561,2026-01-21,L2,3,5,-1.9393,,,,,0.6,none,midweek_partial,False,False,-0.5983,-3.3058,2.7075,0.5821,shrinking,0.9235714285714289,-0.0758,False,False,False,False,True,,,,,0_0
000561,2026-01-23,L2,5,5,10.8769,27.4668,9.6386,17.8282,0.396,1.0,negative_to_positive,completed_week,True,False,10.0418,2.7515,7.2903,2.6017,expanding,0.888571428571429,1.3505,False,False,True,False,False,,,True,False,1_0
000561,2026-01-27,L2,2,5,-6.8441,,,,,0.4,negative_to_positive,tuesday_C,True,False,-1.2893,-5.6274,4.3381,0.4285,shrinking,0.9021428571428576,-0.1774,False,False,False,False,True,,,,,1_0
000561,2026-01-29,L2,4,5,-9.3536,,,,,0.8,none,midweek_partial,False,False,0.084,-2.7755,2.8595,1.2364,expanding,0.9264285714285718,0.0108,False,False,False,False,True,,,,,0_0
000561,2026-02-02,L2,1,5,-0.8945,10.8179,10.8769,-0.059,1.2231,0.2,none,monday,False,False,-2.8922,-4.2785,1.3863,0.714,shrinking,0.8750000000000002,-0.3771,False,False,False,False,True,,,,,0_0
000561,2026-02-04,L2,3,5,3.8462,7.5077,13.2319,-5.7242,0.5123,0.6,negative_to_positive,midweek_partial,True,False,1.5748,3.1588,-1.584,1.1805,expanding,0.7435714285714287,0.2421,False,False,False,False,True,,,,,1_0
000561,2026-02-06,L2,5,5,2.0572,4.5546,13.2319,-8.6773,0.4517,1.0,negative_to_positive,completed_week,True,False,0.3518,-2.0672,2.419,0.9394,normal,0.5992857142857142,0.0667,True,True,False,False,True,False,True,,,1_1
000561,2026-02-10,L2,2,5,-2.1552,,,,,0.4,negative_to_positive,tuesday_C_failed_volume,False,False,-2.1552,1.6652,-3.8204,1.1075,expanding,0.5557142857142857,-0.4499,False,False,False,False,True,,,,,0_0
000561,2026-02-12,L2,4,5,-4.3966,,,,,0.8,none,midweek_partial,False,False,-0.7162,-1.5859,0.8697,0.7036,shrinking,0.5321428571428571,-0.1503,False,False,False,False,True,,,,,0_0
000561,2026-02-24,L2,1,5,0.1784,,,,,0.2,none,tuesday_gate_failed,,False,1.8132,-0.541,2.3543,1.2853,expanding,0.44928571428571423,0.4452,False,False,False,False,True,,,,,0_0
000561,2026-02-26,L2,3,5,1.6057,1.7978,4.9138,-3.116,0.8932,0.6,negative_to_positive,midweek_partial,True,False,0.6184,0.8014,-0.1831,1.146,expanding,0.3678571428571429,0.1903,False,False,False,False,True,,,,,1_0
000561,2026-03-02,L2,1,5,4.4828,2.0215,4.9138,-2.8923,0.706,0.2,negative_to_positive,monday,True,False,6.5963,-0.1756,6.7719,4.7059,expanding,0.3071428571428572,2.4419,False,False,False,False,False,,,,,1_0
000561,2026-03-04,L2,3,5,-3.7931,,,,,0.6,none,midweek_partial,False,False,-1.0638,-6.9307,5.8669,0.4776,shrinking,0.31642857142857156,-0.3792,False,False,False,False,True,,,,,0_0
000561,2026-03-06,L2,5,5,-3.8793,1.4324,1.4273,0.0051,2.7083,1.0,none,completed_week,False,False,-0.0896,0.0,-0.0896,0.7646,shrinking,0.3642857142857144,-0.0275,False,False,False,False,True,,,,,0_0
000561,2026-03-10,L2,2,5,0.1813,,,,,0.4,none,tuesday_gate_failed,,False,1.5625,-2.4215,3.984,0.7192,shrinking,0.35428571428571437,0.4798,True,True,False,False,True,False,True,,,0_1
000561,2026-03-12,L2,4,5,-3.8985,,,,,0.8,none,midweek_partial,False,False,-2.3941,-1.7195,-0.6746,0.8978,shrinking,0.3649999999999998,-0.7123,False,False,False,False,True,,,,,0_0
000563,2026-01-05,L2,1,5,0.8646,1.4733,0.8671,0.6062,0.5851,0.2,none,monday,False,False,1.4493,-0.289,1.7383,2.0462,expanding,0.05357142857142854,0.9333,False,False,False,False,True,,,,,0_0
000563,2026-01-07,L2,3,5,1.4409,0.4522,0.8621,-0.4099,3.1865,0.6,negative_to_positive,midweek_partial,True,False,-1.4006,2.0,-3.4006,0.637,shrinking,0.05357142857142854,-0.9333,False,False,False,False,True,,,,,1_0
000563,2026-01-09,L2,5,5,2.0173,0.6995,0.8621,-0.1626,2.8838,1.0,negative_to_positive,completed_week,True,False,0.8547,-0.2841,1.1388,1.1525,expanding,0.0557142857142857,0.5385,False,False,False,False,True,,,,,1_0
000563,2026-01-13,L2,2,5,0.277,,,,,0.4,negative_to_positive,tuesday_A,True,False,-0.2755,2.5424,-2.8179,0.9483,normal,0.05142857142857144,-0.1944,False,False,False,False,True,,,,,1_0
000563,2026-01-15,L2,4,5,-2.2161,,,,,0.8,none,midweek_partial,False,True,-1.3966,-1.105,-0.2917,0.5645,shrinking,0.057857142857142864,-0.8642,False,False,False,False,True,,,,,0_0
000563,2026-01-19,L2,1,5,0.8499,1.4676,2.0173,-0.5497,1.5099,0.2,none,monday,False,False,0.8499,0.0,0.8499,0.9573,normal,0.06285714285714285,0.4773,True,True,False,False,True,False,True,,,0_1
000563,2026-01-21,L2,3,5,1.4164,2.7229,2.2161,0.5068,0.5202,0.6,negative_to_positive,midweek_partial,True,False,0.0,0.5618,-0.5618,0.8344,shrinking,0.06500000000000002,0.0,False,False,False,False,True,,,,,1_0
000563,2026-01-23,L2,5,5,3.1161,5.5936,2.2161,3.3775,0.5571,1.0,negative_to_positive,completed_week,True,False,0.831,0.838,-0.007,1.0539,normal,0.06285714285714285,0.4773,False,False,False,False,True,,,,,1_0
000563,2026-01-27,L2,2,5,-0.8242,,,,,0.4,negative_to_positive,tuesday_C_failed_volume,False,False,-0.551,-0.2747,-0.2762,1.0912,normal,0.06285714285714282,-0.3182,False,False,False,False,True,,,,,0_0
000563,2026-01-29,L2,4,5,0.0,,,,,0.8,none,midweek_partial,False,False,0.0,0.831,-0.831,0.7792,shrinking,0.062142857142857055,0.0,False,False,False,False,True,,,,,0_0
000564,2026-01-05,L2,1,5,-0.8,5.7574,2.6616,3.0958,0.3406,0.2,none,monday,False,False,-0.8,0.4016,-1.2016,1.0329,normal,0.0942857142857143,-0.2121,False,False,False,False,True,,,,,0_0
000564,2026-01-07,L2,3,5,-0.4,,,,,0.6,none,midweek_partial,False,False,-1.1905,1.6129,-2.8034,0.7613,shrinking,0.08642857142857145,-0.3471,False,False,False,False,True,,,,,0_0
000564,2026-01-09,L2,5,5,0.0,0.0,1.9608,-1.9608,1.5678,1.0,none,completed_week,False,False,0.0,0.4016,-0.4016,1.1557,expanding,0.07142857142857147,0.0,False,False,False,False,True,,,,,0_0
000564,2026-01-13,L2,2,5,0.0,,,,,0.4,none,tuesday_gate_failed,,False,-1.9608,2.0,-3.9608,0.9933,normal,0.06285714285714292,-0.7955,False,False,False,False,True,,,,,0_0
000564,2026-01-15,L2,4,5,-2.4,,,,,0.8,none,midweek_partial,False,False,-1.6129,-0.8,-0.8129,0.5486,shrinking,0.0535714285714286,-0.7467,False,False,False,False,True,,,,,0_0
000564,2026-01-19,L2,1,5,-0.4016,0.2771,0.0,0.2771,1.4433,0.2,negative_to_positive,monday,True,False,-1.1952,2.8689,-4.0641,0.6275,shrinking,0.04785714285714288,-0.6269,False,False,False,False,True,,,,,1_0
000564,2026-01-21,L2,3,5,-0.8032,,,,,0.6,none,midweek_partial,False,False,-0.8032,0.4032,-1.2064,0.651,shrinking,0.05285714285714287,-0.3784,False,False,False,False,True,,,,,0_0
000564,2026-01-23,L2,5,5,-1.2048,2.2201,0.4,1.8201,0.5427,1.0,none,completed_week,False,False,-0.4049,0.0,-0.4049,1.1737,expanding,0.0528571428571429,-0.1892,False,False,False,False,True,,,,,0_0
000564,2026-01-27,L2,2,5,-1.626,,,,,0.4,none,tuesday_gate_failed,,False,-0.4115,-1.2195,0.808,0.7502,shrinking,0.049285714285714315,-0.2029,False,False,False,False,True,,,,,0_0
000564,2026-01-29,L2,4,5,-0.4065,,,,,0.8,none,midweek_partial,False,False,-1.2097,2.4793,-3.689,0.7012,shrinking,0.048571428571428585,-0.6176,False,False,False,False,True,,,,,0_0
000566,2026-01-05,L2,1,5,-0.5487,22.3448,10.8368,11.508,0.3991,0.2,none,monday,False,False,1.3986,0.8463,0.5523,0.9701,normal,0.5828571428571429,0.1716,True,True,False,False,True,True,False,,,0_1
000566,2026-01-07,L2,3,5,-2.6063,,,,,0.6,none,midweek_partial,False,False,-2.3384,0.2759,-2.6142,0.7992,shrinking,0.5528571428571428,-0.3075,False,False,False,False,True,,,,,0_0
000566,2026-01-09,L2,5,5,1.3717,0.8661,8.9172,-8.0511,1.5839,1.0,negative_to_positive,completed_week,True,False,-1.071,5.2113,-6.2822,0.6676,shrinking,0.5107142857142857,-0.1566,False,False,False,False,True,,,,,1_0
000566,2026-01-13,L2,2,5,-3.6585,,,,,0.4,negative_to_positive,tuesday_A,True,False,-4.8193,1.0825,-5.9018,1.0352,normal,0.5221428571428571,-0.6895,False,False,False,False,True,,,,,1_0
000566,2026-01-15,L2,4,5,-7.7236,,,,,0.8,none,midweek_partial,False,False,-2.5751,-1.6878,-0.8873,0.5582,shrinking,0.4699999999999999,-0.383,False,False,False,False,True,,,,,0_0
000566,2026-01-19,L2,1,5,4.0541,12.0755,1.3717,10.7038,0.7406,0.2,none,monday,False,False,3.125,-1.3216,4.4466,1.5297,expanding,0.39499999999999996,0.5316,False,False,False,False,True,,,,,0_0
000566,2026-01-21,L2,3,5,0.7508,1.3575,8.9431,-7.5856,0.553,0.6,negative_to_positive,midweek_partial,True,False,0.1493,-3.3189,3.4682,0.7507,shrinking,0.36571428571428566,0.0273,True,True,False,False,True,False,True,,,1_1
000566,2026-01-23,L2,5,5,2.5526,5.2085,8.9431,-3.7346,0.4901,1.0,negative_to_positive,completed_week,True,False,1.7884,0.0,1.7884,1.7509,expanding,0.32642857142857135,0.3676,False,False,True,True,True,,,False,True,1_1
000566,2026-01-27,L2,2,5,-0.2928,,,,,0.4,negative_to_positive,tuesday_A,True,False,-4.2194,4.0996,-8.319,0.618,shrinking,0.3021428571428571,-0.9929,False,False,False,False,True,,,,,1_0
000566,2026-02-02,L2,1,5,-2.3585,4.1175,2.5526,1.5649,1.3157,0.2,none,monday,False,False,-3.87,0.3106,-4.1805,1.2732,expanding,0.2942857142857143,-0.8495,False,False,False,False,True,,,,,0_0
000566,2026-02-04,L2,3,5,-0.3145,,,,,0.6,none,midweek_partial,False,False,0.7949,1.2882,-0.4933,0.9606,normal,0.2778571428571429,0.1799,False,False,False,False,True,,,,,0_0
000566,2026-02-06,L2,5,5,-0.3145,0.6315,5.4173,-4.7858,0.498,1.0,none,completed_week,False,False,0.6349,-0.6309,1.2658,1.0433,normal,0.26500000000000007,0.1509,False,False,False,False,True,,,,,0_0
000566,2026-02-10,L2,2,5,1.7488,,,,,0.4,none,tuesday_gate_failed,,False,0.1565,0.7886,-0.6321,0.9285,normal,0.2471428571428572,0.0405,False,False,False,False,True,,,,,0_0
000566,2026-02-12,L2,4,5,-0.9539,,,,,0.8,none,midweek_partial,False,False,-1.1111,-1.5625,0.4514,0.9514,normal,0.2250000000000001,-0.3111,False,False,False,False,True,,,,,0_0
000566,2026-02-24,L2,1,5,1.1164,,,,,0.2,none,tuesday_gate_failed,,False,2.0934,-0.321,2.4144,1.4,expanding,0.22000000000000014,0.5909,False,False,False,False,True,,,,,0_0
000566,2026-02-26,L2,3,5,-4.4657,,,,,0.6,none,midweek_partial,False,False,-7.1318,1.735,-8.8668,3.2691,expanding,0.1664285714285715,-2.7639,False,False,False,False,True,,,,,0_0
000566,2026-03-02,L2,1,5,-2.521,2.3689,1.2719,1.097,1.6158,0.2,none,monday,False,False,-3.8143,0.6678,-4.482,1.2716,expanding,0.18142857142857155,-1.2677,False,False,False,False,True,,,,,0_0
000566,2026-03-04,L2,3,5,-5.8824,,,,,0.6,none,midweek_partial,False,False,-0.1783,-3.2759,3.0976,0.7778,shrinking,0.1757142857142859,-0.0569,False,False,False,False,True,,,,,0_0
000566,2026-03-06,L2,5,5,-3.0252,3.5539,3.8278,-0.2739,0.8512,1.0,none,completed_week,False,False,1.7637,1.25,0.5137,0.9912,normal,0.18714285714285728,0.5344,True,True,True,True,True,True,False,True,False,0_1
000566,2026-03-10,L2,2,5,0.8787,,,,,0.4,none,tuesday_gate_failed,,False,0.0,-0.5199,0.5199,0.8939,shrinking,0.1850000000000001,0.0,False,False,False,False,True,,,,,0_0
000566,2026-03-12,L2,4,5,-1.2302,,,,,0.8,none,midweek_partial,False,False,-0.8818,-1.2195,0.3377,1.0194,normal,0.1842857142857144,-0.2713,False,False,False,False,True,,,,,0_0
000566,2026-03-16,L2,1,5,1.444,3.6574,3.0252,0.6322,0.6727,0.2,none,monday,False,False,1.2613,-1.2456,2.5068,0.9891,normal,0.18357142857142866,0.3813,True,True,False,False,True,False,True,,,0_1
000566,2026-03-18,L2,3,5,0.1805,0.1825,2.4605,-2.278,0.9891,0.6,negative_to_positive,midweek_partial,True,False,0.3617,-1.6014,1.9631,0.8089,shrinking,0.1814285714285715,0.1102,True,True,False,False,True,False,True,,,1_1
000566,2026-03-30,L2,1,5,2.2059,3.9616,5.4152,-1.4536,1.4077,0.2,negative_to_positive,monday,True,False,1.275,4.1746,-2.8995,0.7587,shrinking,0.1542857142857143,0.4537,False,False,False,False,True,,,,,1_0
000567,2026-01-05,L2,1,5,-2.5,14.9986,7.21,7.7886,0.3726,0.2,none,monday,False,False,-2.8037,-1.0786,-1.7252,1.1716,expanding,0.37214285714285716,-0.4837,False,False,False,False,True,,,,,0_0
000567,2026-01-07,L2,3,5,-3.2812,,,,,0.6,none,midweek_partial,False,False,-1.2759,0.4808,-1.7567,0.8559,shrinking,0.3642857142857143,-0.2196,False,False,False,False,True,,,,,0_0
000567,2026-01-09,L2,5,5,-1.25,0.9962,5.5882,-4.592,1.2547,1.0,none,completed_week,False,False,1.6077,0.4847,1.1231,1.2023,expanding,0.33785714285714297,0.296,False,False,True,True,True,,,True,False,0_1
000567,2026-01-13,L2,2,5,-3.3123,,,,,0.4,none,tuesday_gate_failed,,False,-3.1596,0.1582,-3.3178,1.0512,normal,0.3142857142857145,-0.6364,False,False,False,False,True,,,,,0_0
000567,2026-01-19,L2,1,5,2.1703,5.2615,1.25,4.0115,0.9893,0.2,none,monday,False,False,1.8303,-0.8251,2.6554,1.1522,expanding,0.23571428571428577,0.4667,False,False,False,False,True,,,,,0_0
000567,2026-01-23,L2,5,5,1.8364,3.034,5.205,-2.171,0.6053,1.0,negative_to_positive,completed_week,True,False,1.3289,0.8375,0.4914,1.4206,expanding,0.16785714285714295,0.4766,False,False,True,True,True,,,True,False,1_1
000567,2026-02-02,L2,1,5,-0.6908,4.4313,1.8364,2.5949,1.0005,0.2,none,monday,False,False,-1.2027,-1.0204,-0.1823,0.8258,shrinking,0.14357142857142863,-0.4876,False,False,False,False,True,,,,,0_0
000567,2026-02-04,L2,3,5,2.2453,2.8649,4.4335,-1.5686,0.7837,0.6,negative_to_positive,midweek_partial,True,False,2.069,0.8696,1.1994,1.4958,expanding,0.1378571428571429,0.8705,False,False,True,True,True,,,True,False,1_1
000567,2026-02-06,L2,5,5,1.0363,1.3959,4.4335,-3.0376,0.7424,1.0,negative_to_positive,completed_week,True,False,-0.6791,-0.5068,-0.1724,1.1397,expanding,0.13357142857142865,-0.2995,False,False,False,False,True,,,,,1_0
000567,2026-02-10,L2,2,5,-0.5085,,,,,0.4,negative_to_positive,tuesday_A,True,False,-0.8446,1.1966,-2.0412,1.0459,normal,0.13071428571428573,-0.3825,False,False,False,False,True,,,,,1_0
000567,2026-02-12,L2,4,5,-2.3729,,,,,0.8,none,midweek_partial,False,False,-1.5385,-0.3407,-1.1977,1.1868,expanding,0.12714285714285703,-0.7079,False,False,False,False,True,,,,,0_0
000567,2026-02-24,L2,1,5,-0.6957,,,,,0.2,none,tuesday_gate_failed,,False,-0.349,-0.5208,0.1718,1.0979,normal,0.12642857142857128,-0.1582,False,False,False,False,True,,,,,0_0
000567,2026-02-26,L2,3,5,-0.5217,,,,,0.6,none,midweek_partial,False,False,-1.8868,2.1016,-3.9884,0.9642,normal,0.11571428571428553,-0.9506,False,False,False,False,True,,,,,0_0
000570,2026-01-05,L2,1,5,0.1799,3.2686,0.7117,2.5569,0.5935,0.2,none,monday,False,False,0.1799,0.0,0.1799,1.3885,expanding,0.13714285714285715,0.0729,False,False,False,False,True,,,,,0_0
000570,2026-01-07,L2,3,5,0.0,,,,,0.6,none,midweek_partial,False,False,-1.2433,1.0772,-2.3205,0.8497,shrinking,0.11857142857142858,-0.5904,False,False,False,False,True,,,,,0_0
000570,2026-01-09,L2,5,5,1.259,0.5586,1.94,-1.3814,2.2537,1.0,negative_to_positive,completed_week,True,False,0.3565,0.8993,-0.5428,1.1195,expanding,0.11500000000000002,0.1739,False,False,False,False,True,,,,,1_0
000570,2026-01-13,L2,2,5,0.0,,,,,0.4,negative_to_positive,tuesday_A,True,False,-0.7055,0.7105,-1.4159,1.2967,expanding,0.10142857142857135,-0.3944,False,False,False,False,True,,,,,1_0
000570,2026-01-15,L2,4,5,-0.7105,,,,,0.8,none,midweek_partial,False,False,0.1792,-0.8881,1.0673,0.5064,shrinking,0.09499999999999988,0.1053,True,True,False,False,True,False,True,,,0_1
000570,2026-01-19,L2,1,5,2.1429,0.3127,1.259,-0.9463,1.1359,0.2,none,monday,False,False,1.9608,0.3578,1.603,1.6374,expanding,0.09642857142857134,1.1407,False,False,False,False,True,,,,,0_0
000570,2026-01-21,L2,3,5,3.5714,3.5916,0.3552,3.2364,0.9944,0.6,negative_to_positive,midweek_partial,True,False,1.7544,-0.3497,2.104,1.3984,expanding,0.09642857142857134,1.037,False,False,False,False,True,,,,,1_0
000570,2026-01-23,L2,5,5,4.8214,5.1247,0.3552,4.7695,0.9408,1.0,negative_to_positive,completed_week,True,False,-0.1701,1.3793,-1.5494,0.7257,shrinking,0.09785714285714274,-0.1022,False,False,False,False,True,,,,,1_0
000570,2026-01-27,L2,2,5,-1.1925,,,,,0.4,negative_to_positive,tuesday_C_failed_volume,False,False,-1.1925,0.0,-1.1925,1.1016,expanding,0.10142857142857123,-0.6901,False,False,False,False,True,,,,,0_0
000570,2026-01-29,L2,4,5,-1.0221,,,,,0.8,none,midweek_partial,False,False,1.0435,-0.8621,1.9055,1.3152,expanding,0.10714285714285701,0.56,False,False,False,False,True,,,,,0_0
000570,2026-02-02,L2,1,5,-1.3559,0.8366,4.8214,-3.9848,1.2217,0.2,none,monday,False,False,-1.855,2.0654,-3.9204,0.7625,shrinking,0.11357142857142843,-0.9686,False,False,False,False,True,,,,,0_0
000570,2026-02-04,L2,3,5,1.8644,1.7878,1.0221,0.7657,1.0429,0.6,double_positive_efficiency_improved,midweek_partial,True,False,0.67,2.5773,-1.9073,0.9932,normal,0.12642857142857133,0.3164,False,False,False,False,True,,,,,1_0
000570,2026-02-06,L2,5,5,0.678,0.6874,1.0221,-0.3347,0.9863,1.0,none,completed_week,False,False,0.0,-1.1647,1.1647,1.0548,normal,0.1299999999999999,0.0,False,False,False,False,True,,,,,0_0
000570,2026-02-10,L2,2,5,1.8364,,,,,0.4,none,tuesday_gate_failed,,False,0.1642,2.5253,-2.361,0.7707,shrinking,0.1328571428571428,0.0753,False,False,False,False,True,,,,,0_0
000570,2026-02-12,L2,4,5,0.0,,,,,0.8,none,midweek_partial,False,False,-1.642,-0.1639,-1.4781,1.3537,expanding,0.13714285714285715,-0.7292,False,False,False,False,True,,,,,0_0
000570,2026-02-24,L2,1,5,1.005,,,,,0.2,none,tuesday_gate_failed,,False,1.8581,-1.1686,3.0267,0.9333,normal,0.1371428571428572,0.8021,True,True,False,False,True,False,True,,,0_1
000570,2026-02-26,L2,3,5,0.8375,0.9942,1.1686,-0.1744,0.8424,0.6,negative_to_positive,midweek_partial,True,False,0.1664,-0.3317,0.4981,0.787,shrinking,0.13214285714285717,0.0757,True,True,False,False,True,False,True,,,1_1
000570,2026-03-02,L2,1,5,-2.4752,3.3445,1.1686,2.1759,0.7012,0.2,negative_to_positive,monday,True,False,-3.2733,1.495,-4.7683,1.7162,expanding,0.1292857142857144,-1.547,False,False,False,False,True,,,,,1_0
000570,2026-03-04,L2,3,5,-5.4455,,,,,0.6,none,midweek_partial,False,False,-1.5464,-1.5228,-0.0235,1.0532,normal,0.1364285714285715,-0.6597,False,False,False,False,True,,,,,0_0
000570,2026-03-06,L2,5,5,4.2904,1.2418,2.3451,-1.1033,3.455,1.0,none,completed_week,False,False,7.8498,2.2688,5.5811,6.6418,expanding,0.14142857142857151,3.2525,False,False,False,False,False,,,,,0_0
000570,2026-03-10,L2,2,5,-1.4085,,,,,0.4,none,tuesday_gate_failed,,False,0.639,-0.9494,1.5883,0.4806,shrinking,0.18357142857142866,0.2179,True,True,False,False,True,False,True,,,0_1
000570,2026-03-12,L2,4,5,-2.9734,,,,,0.8,none,midweek_partial,False,True,-1.5873,0.0,-1.5873,0.8882,shrinking,0.19142857142857153,-0.5224,False,False,False,False,True,,,,,0_0
000570,2026-03-16,L2,1,5,-0.4934,3.5866,4.2904,-0.7038,1.2654,0.2,none,monday,False,False,-0.8197,-1.6129,0.7932,0.7979,shrinking,0.19142857142857148,-0.2612,False,False,False,False,True,,,,,0_0
000570,2026-03-18,L2,3,5,-1.9737,,,,,0.6,none,midweek_partial,False,False,0.6757,-2.1488,2.8244,1.0732,normal,0.1985714285714286,0.2014,False,False,False,False,True,,,,,0_0
000570,2026-03-30,L2,1,5,3.8182,1.6302,8.3882,-6.758,1.0019,0.2,negative_to_positive,monday,True,False,1.9643,1.4493,0.515,1.0859,normal,0.20357142857142854,0.5404,False,False,True,True,True,,,True,False,1_1
000571,2026-01-05,L2,1,5,0.8532,4.4586,4.2934,0.1652,0.3104,0.2,double_positive_efficiency_improved,monday,True,False,0.8532,0.6873,0.166,1.1166,expanding,0.38785714285714296,0.1289,False,False,True,True,True,,,True,False,1_1
000571,2026-01-07,L2,3,5,3.7543,2.3131,1.3841,0.929,1.6231,0.6,double_positive_efficiency_improved,midweek_partial,True,False,-0.8157,3.7225,-4.5382,0.8633,shrinking,0.31642857142857156,-0.158,False,False,False,False,True,,,,,1_0
000571,2026-01-09,L2,5,5,4.6075,3.0186,1.3841,1.6345,1.5264,1.0,double_positive_efficiency_improved,completed_week,True,False,2.3372,-1.4803,3.8175,0.9836,normal,0.2857142857142857,0.49,True,True,False,False,True,False,True,,,1_1
000571,2026-01-13,L2,2,5,-6.0458,,,,,0.4,double_positive_efficiency_improved,tuesday_C,True,False,-4.485,-1.7945,-2.6906,0.9828,normal,0.2799999999999999,-0.9643,False,False,False,False,True,,,,,1_0
000571,2026-01-15,L2,4,5,-3.7582,,,,,0.8,none,midweek_partial,False,False,0.6838,1.7391,-1.0554,0.7132,shrinking,0.24285714285714283,0.1647,False,False,False,False,True,,,,,0_0
000571,2026-01-19,L2,1,5,7.1074,1.2582,4.6075,-3.3493,0.9091,0.2,none,monday,False,False,7.1074,2.7165,4.391,1.6331,expanding,0.23214285714285715,1.8523,False,False,True,False,False,,,True,False,0_0
000571,2026-01-21,L2,3,5,8.7603,6.3022,1.1438,5.1584,1.39,0.6,negative_to_positive,midweek_partial,True,False,3.9494,-2.3148,6.2643,1.1028,expanding,0.2514285714285714,0.9943,False,False,False,False,False,,,,,1_0
000571,2026-01-23,L2,5,5,12.2314,9.3678,1.1438,8.224,1.3057,1.0,negative_to_positive,completed_week,True,False,0.1475,3.0395,-2.892,0.6058,shrinking,0.26999999999999996,0.037,False,False,False,False,True,,,,,1_0
000571,2026-01-27,L2,2,5,-6.5123,,,,,0.4,negative_to_positive,tuesday_C,True,False,-2.8571,-2.0619,-0.7953,0.9378,normal,0.2899999999999999,-0.6552,False,False,False,False,True,,,,,1_0
000571,2026-01-29,L2,4,5,-12.301,,,,,0.8,none,midweek_partial,False,False,-2.1002,-4.1796,2.0794,0.549,shrinking,0.29357142857142854,-0.4428,False,False,False,False,True,,,,,0_0
000571,2026-02-02,L2,1,5,-1.7544,10.1306,12.2314,-2.1008,0.9,0.2,none,monday,False,False,-1.9108,3.6304,-5.5412,0.4359,shrinking,0.30214285714285716,-0.3972,False,False,False,False,True,,,,,0_0
000571,2026-02-04,L2,3,5,2.7113,4.1997,9.1172,-4.9175,0.6456,0.6,negative_to_positive,midweek_partial,True,False,3.2051,1.2987,1.9064,2.231,expanding,0.32642857142857146,0.6127,False,False,True,True,True,,,True,False,1_1
000571,2026-02-06,L2,5,5,-2.0734,3.5403,9.1172,-5.5769,0.5857,1.0,none,completed_week,False,False,-0.6472,-4.0373,3.39,0.7266,shrinking,0.3178571428571428,-0.1258,False,False,False,False,True,,,,,0_0
000571,2026-02-10,L2,2,5,14.24,,,,,0.4,none,tuesday_gate_failed,,False,5.7778,9.9349,-4.1571,1.4769,expanding,0.295,1.322,False,False,False,False,False,,,,,0_0
000571,2026-02-12,L2,4,5,15.04,5.0816,2.0734,3.0082,2.9597,0.8,negative_to_positive,midweek_partial,True,False,2.7143,-1.9608,4.6751,0.9954,normal,0.31928571428571423,0.5951,True,True,False,False,True,False,True,,,1_1
000571,2026-02-24,L2,1,5,0.2774,,,,,0.2,negative_to_positive,tuesday_A,True,False,1.1189,-0.5563,1.6752,1.049,normal,0.3264285714285714,0.2451,False,False,False,False,True,,,,,1_0
000571,2026-02-26,L2,3,5,2.3578,4.3629,14.4,-10.0371,0.5404,0.6,none,midweek_partial,False,False,-0.9396,3.0429,-3.9825,0.8544,shrinking,0.31857142857142856,-0.2197,False,False,False,False,True,,,,,0_0
000571,2026-03-02,L2,1,5,-1.1613,18.7248,14.4,4.3248,0.4592,0.2,double_positive_efficiency_improved,monday,True,False,-2.1711,6.0976,-8.2687,1.1647,expanding,0.3321428571428572,-0.5118,False,False,False,False,True,,,,,1_0
000571,2026-03-04,L2,3,5,-4.2581,,,,,0.6,none,midweek_partial,False,False,0.0,-3.1332,3.1332,0.7257,shrinking,0.34142857142857147,0.0,False,False,False,False,True,,,,,0_0
000571,2026-03-06,L2,5,5,-3.871,3.3292,8.5992,-5.27,1.1627,1.0,none,completed_week,False,False,-0.4011,0.8086,-1.2097,0.8683,shrinking,0.3692857142857142,-0.0812,False,False,False,False,True,,,,,0_0
000571,2026-03-10,L2,2,5,3.3557,,,,,0.4,none,tuesday_gate_failed,,False,2.9412,0.4027,2.5385,0.9237,normal,0.3649999999999999,0.6027,True,True,True,True,True,True,False,True,False,0_1
000571,2026-03-12,L2,4,5,-0.1342,,,,,0.8,none,midweek_partial,False,False,-1.5873,-1.8182,0.2309,0.6937,shrinking,0.33928571428571436,-0.3537,False,False,False,False,True,,,,,0_0
000572,2026-01-05,L2,1,5,-3.4956,19.0043,4.5024,14.5019,0.3323,0.2,none,monday,False,False,-5.2696,0.0,-5.2696,1.3067,expanding,0.7657142857142857,-0.5616,False,False,False,False,True,,,,,0_0
000572,2026-01-07,L2,3,5,-4.9938,,,,,0.6,none,midweek_partial,False,False,-2.5608,1.0349,-3.5957,1.1127,expanding,0.7042857142857141,-0.284,False,False,False,False,True,,,,,0_0
000572,2026-01-09,L2,5,5,-4.8689,3.7613,6.3146,-2.5533,1.2945,1.0,none,completed_week,False,False,0.0,0.1314,-0.1314,0.9766,normal,0.5907142857142855,0.0,False,False,False,False,True,,,,,0_0
000572,2026-02-02,L2,1,5,-1.895,7.455,1.5257,5.9293,0.789,0.2,none,monday,False,False,-2.1802,-0.2899,-1.8904,1.0714,normal,0.26999999999999996,-0.5556,False,False,False,False,True,,,,,0_0
000572,2026-02-04,L2,3,5,3.0612,3.2071,5.8824,-2.6753,0.9545,0.6,negative_to_positive,midweek_partial,True,False,2.1676,2.8232,-0.6555,1.1034,expanding,0.2457142857142856,0.6105,False,False,False,False,True,,,,,1_0
000572,2026-02-06,L2,5,5,3.6443,3.692,5.8824,-2.1904,0.9871,1.0,negative_to_positive,completed_week,True,False,0.5658,0.0,0.5658,1.2451,expanding,0.24857142857142842,0.1609,False,False,True,True,True,,,False,True,1_1
000572,2026-02-10,L2,2,5,-0.5587,,,,,0.4,negative_to_positive,tuesday_A,True,False,-1.385,1.5471,-2.9322,0.667,shrinking,0.24999999999999986,-0.4,False,False,False,False,True,,,,,1_0
000572,2026-02-12,L2,4,5,-3.0726,,,,,0.8,none,midweek_partial,False,False,-1.5603,-0.9831,-0.5771,1.0936,normal,0.23142857142857132,-0.4753,False,False,False,False,True,,,,,0_0
000572,2026-02-24,L2,1,5,-0.2857,,,,,0.2,none,tuesday_gate_failed,,False,-0.1431,0.7205,-0.8635,0.9289,normal,0.23142857142857137,-0.0432,False,False,False,False,True,,,,,0_0
000572,2026-02-26,L2,3,5,-2.1429,,,,,0.6,none,midweek_partial,False,False,-2.9745,1.1461,-4.1206,1.7775,expanding,0.19714285714285712,-1.0652,False,False,False,False,True,,,,,0_0
000572,2026-03-02,L2,1,5,-0.4464,1.7815,2.3743,-0.5928,0.8821,0.2,none,monday,False,False,-2.9028,0.5839,-3.4867,1.4473,expanding,0.20428571428571432,-0.979,False,False,False,False,True,,,,,0_0
000572,2026-03-06,L2,5,5,-2.6786,2.3414,1.5714,0.77,1.144,1.0,none,completed_week,False,False,1.5528,1.7378,-0.185,0.8511,shrinking,0.20928571428571438,0.4778,False,False,False,False,True,,,,,0_0
000572,2026-03-10,L2,2,5,-0.4651,,,,,0.4,none,tuesday_gate_failed,,False,-0.1555,-1.682,1.5264,0.7861,shrinking,0.20000000000000012,-0.05,False,False,False,False,True,,,,,0_0
000572,2026-03-18,L2,3,5,8.1433,2.4463,4.4961,-2.0498,3.3288,0.6,negative_to_positive,midweek_partial,True,False,-2.6393,10.0,-12.6393,1.7845,expanding,0.20142857142857137,-0.8936,False,False,False,False,True,,,,,1_0
000573,2026-01-05,L2,1,5,-0.7264,1.7574,2.9777,-1.2203,0.4104,0.2,none,monday,False,False,-0.7264,1.2255,-1.9519,1.277,expanding,0.11785714285714295,-0.2545,False,False,False,False,True,,,,,0_0
000573,2026-01-09,L2,5,5,2.1792,0.8884,0.7212,0.1672,2.4528,1.0,negative_to_positive,completed_week,True,False,1.4423,2.2113,-0.769,0.6617,shrinking,0.10642857142857144,0.5638,False,False,False,False,True,,,,,1_0
000573,2026-01-13,L2,2,5,-1.4218,,,,,0.4,negative_to_positive,tuesday_C,True,False,-1.1876,-0.237,-0.9507,0.9962,normal,0.11142857142857153,-0.4487,False,False,False,False,True,,,,,1_0
000573,2026-01-15,L2,4,5,-2.1327,,,,,0.8,none,midweek_partial,False,False,-1.1962,0.4808,-1.6769,0.6602,shrinking,0.10642857142857144,-0.4698,False,False,False,False,True,,,,,0_0
000573,2026-01-19,L2,1,5,0.9281,2.879,2.1792,0.6998,1.2346,0.2,double_positive_efficiency_improved,monday,True,False,-0.4577,5.8111,-6.2688,0.6159,shrinking,0.08999999999999998,-0.2222,False,False,False,False,True,,,,,1_0
000573,2026-01-21,L2,3,5,3.0162,2.7413,3.5545,-0.8132,1.1003,0.6,none,midweek_partial,False,False,0.4525,1.6092,-1.1567,0.7332,shrinking,0.11428571428571432,0.175,False,False,False,False,True,,,,,0_0
000573,2026-01-23,L2,5,5,5.1044,4.8196,3.5545,1.2651,1.0591,1.0,double_positive_efficiency_improved,completed_week,True,False,0.2212,1.8018,-1.5806,0.8135,shrinking,0.12000000000000004,0.0833,False,False,False,False,True,,,,,1_0
000573,2026-01-27,L2,2,5,-2.649,,,,,0.4,double_positive_efficiency_improved,tuesday_C,True,False,-0.6757,-1.9868,1.3111,0.6741,shrinking,0.1228571428571429,-0.2442,False,False,False,False,True,,,,,1_0
000573,2026-01-29,L2,4,5,-1.9868,,,,,0.8,none,midweek_partial,False,True,-8.4536,9.9773,-18.4309,1.5709,expanding,0.1335714285714287,-3.0695,False,False,False,False,True,,,,,0_0
000573,2026-02-02,L2,1,5,-2.1176,1.7259,5.1044,-3.3785,3.5813,0.2,none,monday,False,False,-2.1176,-4.2793,2.1616,0.5512,shrinking,0.18142857142857155,-0.4961,False,False,False,False,True,,,,,0_0
000573,2026-02-04,L2,3,5,1.1765,2.3177,6.181,-3.8633,0.5076,0.6,negative_to_positive,midweek_partial,True,False,2.1378,1.2019,0.9358,0.8644,shrinking,0.22214285714285728,0.4051,True,True,False,False,True,True,False,,,1_1
000573,2026-02-06,L2,5,5,1.8824,4.3477,6.181,-1.8333,0.433,1.0,negative_to_positive,completed_week,True,False,0.2315,0.4651,-0.2336,0.9338,normal,0.2285714285714287,0.0437,False,False,False,False,True,,,,,1_0
000573,2026-02-10,L2,2,5,1.6018,,,,,0.4,negative_to_positive,tuesday_A,True,False,0.2257,2.3095,-2.0837,0.7572,shrinking,0.2100000000000001,0.0476,False,False,False,False,True,,,,,1_0
000573,2026-02-12,L2,4,5,-0.9153,,,,,0.8,none,midweek_partial,False,False,-2.0362,-0.4505,-1.5857,1.0203,normal,0.20857142857142863,-0.4315,False,False,False,False,True,,,,,0_0
000573,2026-02-24,L2,1,5,2.2883,,,,,0.2,none,tuesday_gate_failed,,False,2.7586,0.4619,2.2967,1.0283,normal,0.20642857142857154,0.5813,False,False,True,True,True,,,True,False,0_1
000573,2026-02-26,L2,3,5,1.8307,1.8113,0.4577,1.3536,1.0107,0.6,negative_to_positive,midweek_partial,True,False,-1.3304,0.8949,-2.2252,0.9724,normal,0.19999999999999998,-0.3,False,False,False,False,True,,,,,1_0
000573,2026-03-02,L2,1,5,-2.0408,4.4664,0.4577,4.0087,0.7685,0.2,negative_to_positive,monday,True,False,-4.4248,1.573,-5.9978,1.4167,expanding,0.14571428571428566,-1.3725,False,False,False,False,True,,,,,1_0
000573,2026-03-04,L2,3,5,-4.7619,,,,,0.6,none,midweek_partial,False,False,0.9615,-3.7037,4.6652,0.9468,normal,0.11857142857142852,0.3373,True,True,False,False,True,False,True,,,0_1
000573,2026-03-06,L2,5,5,0.0,0.0,3.4325,-3.4325,1.3956,1.0,none,completed_week,False,False,4.2553,0.7143,3.541,1.1472,expanding,0.12428571428571424,1.4483,False,False,False,False,False,,,,,0_0
000573,2026-03-10,L2,2,5,2.069,,,,,0.4,none,tuesday_gate_failed,,False,1.139,-0.4535,1.5925,0.8196,shrinking,0.12714285714285717,0.3933,True,True,True,True,True,False,True,False,True,0_1
000573,2026-03-12,L2,4,5,0.6897,0.9043,0.0,0.9043,0.7626,0.8,negative_to_positive,midweek_partial,True,False,-0.905,-0.4505,-0.4545,1.3657,expanding,0.12500000000000006,-0.32,False,False,False,False,True,,,,,1_0
000573,2026-03-16,L2,1,5,1.3793,0.0,0.0,0.0,0.73,0.2,none,monday,False,False,1.3793,-0.6849,2.0642,1.0757,normal,0.125,0.48,False,False,False,False,True,,,,,0_0
000573,2026-03-18,L2,3,5,0.0,,,,,0.6,none,midweek_partial,False,False,-0.4577,-0.907,0.4494,0.9375,normal,0.12714285714285717,-0.1573,False,False,False,False,True,,,,,0_0
000573,2026-03-30,L2,1,5,1.4252,4.7198,5.7471,-1.0273,1.2712,0.2,negative_to_positive,monday,True,False,0.7075,2.9126,-2.2051,0.7182,shrinking,0.14642857142857135,0.2049,False,False,False,False,True,,,,,1_0
000576,2026-01-05,L2,1,5,-0.4726,0.7473,3.2385,-2.4912,0.5102,0.2,none,monday,False,False,0.0,1.25,-1.25,1.2876,expanding,0.2571428571428571,0.0,False,False,False,False,True,,,,,0_0
000576,2026-01-07,L2,3,5,0.5671,0.2372,0.3813,-0.1441,2.3909,0.6,none,midweek_partial,False,False,-0.5607,1.6144,-2.1752,0.8127,shrinking,0.26000000000000006,-0.2308,False,False,False,False,True,,,,,0_0
000576,2026-01-09,L2,5,5,5.482,1.7693,0.3813,1.388,3.0984,1.0,double_positive_efficiency_improved,completed_week,True,False,2.1043,2.7256,-0.6213,1.2975,expanding,0.24214285714285705,0.9499,False,False,False,False,True,,,,,1_0
000576,2026-01-13,L2,2,5,-2.7753,,,,,0.4,double_positive_efficiency_improved,tuesday_A,True,False,-3.5524,0.8961,-4.4485,0.906,normal,0.23285714285714285,-1.7178,False,False,False,False,True,,,,,1_0
000576,2026-01-15,L2,4,5,-1.3429,,,,,0.8,none,midweek_partial,False,True,2.9907,-1.4733,4.464,1.5032,expanding,0.24642857142857139,1.2986,False,False,False,False,True,,,,,0_0
000576,2026-01-19,L2,1,5,7.8539,0.8982,5.482,-4.5838,1.4951,0.2,none,monday,False,False,7.1688,0.0,7.1688,2.0831,expanding,0.29071428571428576,2.7174,False,False,True,False,False,,,False,True,0_0
000576,2026-01-21,L2,3,5,5.0228,3.5997,1.3429,2.2568,1.3953,0.6,negative_to_positive,midweek_partial,True,False,0.0,-2.6249,2.6249,0.6518,shrinking,0.3735714285714287,0.0,False,False,False,False,True,,,,,1_0
000576,2026-01-23,L2,5,5,5.4795,4.8076,1.3429,3.4647,1.1397,1.0,negative_to_positive,completed_week,True,False,-0.9434,1.3913,-2.3347,0.9916,normal,0.4250000000000002,-0.2588,False,False,False,False,True,,,,,1_0
000576,2026-01-27,L2,2,5,1.2111,,,,,0.4,negative_to_positive,tuesday_A,True,False,0.4292,0.8658,-0.4366,0.7057,shrinking,0.43785714285714306,0.1142,False,False,False,False,True,,,,,1_0
000576,2026-01-29,L2,4,5,-6.2284,,,,,0.8,none,midweek_partial,False,False,-3.9858,-3.5043,-0.4816,0.8683,shrinking,0.4742857142857146,-0.9488,False,False,False,False,True,,,,,0_0
000576,2026-02-02,L2,1,5,-2.5448,8.808,5.4795,3.3285,0.8937,0.2,none,monday,False,False,-2.9108,-1.7528,-1.158,0.9494,normal,0.4950000000000002,-0.6263,False,False,False,False,True,,,,,0_0
000576,2026-02-04,L2,3,5,1.508,2.4361,7.872,-5.4359,0.619,0.6,negative_to_positive,midweek_partial,True,False,2.2792,1.8375,0.4417,1.1206,expanding,0.5014285714285716,0.4786,False,False,True,True,True,,,True,False,1_1
000576,2026-02-06,L2,5,5,0.1885,0.3549,7.872,-7.5171,0.5312,1.0,negative_to_positive,completed_week,True,False,0.0,-1.2999,1.2999,0.8482,shrinking,0.4828571428571428,0.0,False,False,False,False,True,,,,,1_0
000576,2026-02-10,L2,2,5,0.8403,,,,,0.4,negative_to_positive,tuesday_A,True,False,0.1855,1.4111,-1.2256,0.8631,shrinking,0.4178571428571428,0.0479,False,False,False,False,True,,,,,1_0
000576,2026-02-12,L2,4,5,0.3735,0.5085,0.1885,0.32,0.7344,0.8,double_positive_efficiency_improved,midweek_partial,True,False,0.0931,-0.5556,0.6487,1.5087,expanding,0.37928571428571434,0.0264,False,False,False,False,True,,,,,1_0
000576,2026-02-24,L2,1,5,2.5641,,,,,0.2,double_positive_efficiency_improved,tuesday_A,True,False,3.0359,1.1163,1.9196,1.3689,expanding,0.36214285714285716,0.9112,False,False,True,True,True,,,True,False,1_1
000576,2026-02-26,L2,3,5,2.9304,2.1001,1.4939,0.6062,1.3954,0.6,double_positive_efficiency_improved,midweek_partial,True,False,0.8977,-0.5357,1.4334,0.8812,shrinking,0.3457142857142856,0.2893,True,True,False,False,True,False,True,,,1_1
000581,2026-01-05,L2,1,5,-0.2425,0.6105,0.9828,-0.3723,0.638,0.2,none,monday,False,False,-0.2425,-0.2419,-0.0006,1.5718,expanding,0.3249999999999993,-0.1538,False,False,False,False,True,,,,,0_0
000581,2026-01-07,L2,3,5,-0.485,,,,,0.6,none,midweek_partial,False,False,-1.0608,0.8264,-1.8872,0.9695,normal,0.2964285714285708,-0.7422,False,False,False,False,True,,,,,0_0
000581,2026-01-09,L2,5,5,0.097,0.0377,0.3895,-0.3518,2.5718,1.0,none,completed_week,False,False,1.2758,-0.6823,1.958,0.9844,normal,0.28499999999999964,0.9123,True,True,False,False,True,False,True,,,0_1
000581,2026-01-13,L2,2,5,-0.5335,,,,,0.4,none,tuesday_gate_failed,,False,-1.0613,0.436,-1.4973,0.9106,normal,0.2857142857142857,-0.77,False,False,False,False,True,,,,,0_0
000581,2026-01-15,L2,4,5,-0.679,,,,,0.8,none,midweek_partial,False,False,0.1957,-0.3413,0.537,0.4582,shrinking,0.2778571428571429,0.144,True,True,False,False,True,False,True,,,0_1
000581,2026-01-19,L2,1,5,1.9664,0.6043,0.097,0.5073,1.2841,0.2,double_positive_efficiency_improved,monday,True,False,2.3099,1.4648,0.8451,1.1098,expanding,0.2878571428571427,1.6675,False,False,True,True,True,,,True,False,1_1
000581,2026-01-21,L2,3,5,2.7338,2.453,0.7759,1.6771,1.1145,0.6,double_positive_efficiency_improved,midweek_partial,True,False,0.3279,0.4233,-0.0955,0.951,normal,0.3078571428571428,0.2274,False,False,False,False,True,,,,,1_0
000581,2026-01-23,L2,5,5,4.3165,3.8564,0.7759,3.0805,1.1193,1.0,double_positive_efficiency_improved,completed_week,True,False,0.7878,0.747,0.0408,0.885,shrinking,0.31071428571428555,0.5471,True,True,True,True,True,True,False,True,False,1_1
000581,2026-01-27,L2,2,5,-1.1442,,,,,0.4,double_positive_efficiency_improved,tuesday_B,True,False,0.4651,-1.1494,1.6145,0.8518,shrinking,0.33785714285714236,0.296,True,True,False,False,True,False,True,,,1_1
000581,2026-01-29,L2,4,5,1.6934,1.5547,4.3165,-2.7618,1.0892,0.8,none,midweek_partial,False,False,2.918,-0.0463,2.9643,2.549,expanding,0.38928571428571396,1.6183,False,False,True,True,True,,,False,True,0_1
000581,2026-02-02,L2,1,5,-3.0928,1.7965,4.3165,-2.52,1.1209,0.2,none,monday,False,False,-3.4096,-3.6454,0.2357,0.7401,shrinking,0.4214285714285711,-1.7322,False,False,False,False,True,,,,,0_0
000581,2026-02-04,L2,3,5,-0.7966,,,,,0.6,none,midweek_partial,False,False,1.0984,1.2573,-0.1589,1.1312,expanding,0.5064285714285709,0.4542,False,False,False,False,True,,,,,0_0
000581,2026-02-06,L2,5,5,-3.3739,6.3212,2.0137,4.3075,0.5338,1.0,none,completed_week,False,False,-1.1031,-1.5116,0.4085,1.1932,expanding,0.521428571428571,-0.4411,False,False,False,False,True,,,,,0_0
000581,2026-02-10,L2,2,5,-0.4317,,,,,0.4,none,tuesday_gate_failed,,False,-0.6699,1.3579,-2.0278,0.8234,shrinking,0.5135714285714285,-0.2726,False,False,False,False,True,,,,,0_0
000581,2026-02-12,L2,4,5,2.3501,2.3713,3.3739,-1.0026,0.9911,0.8,negative_to_positive,midweek_partial,True,False,1.619,1.1561,0.463,1.1345,expanding,0.5099999999999998,0.6667,False,False,True,True,True,,,True,False,1_1
000581,2026-02-24,L2,1,5,1.518,,,,,0.2,none,tuesday_gate_failed,,False,3.1325,-2.7648,5.8973,1.5091,expanding,0.5185714285714285,1.2534,False,False,False,False,True,,,,,0_0
000581,2026-02-26,L2,3,5,18.074,3.4033,0.4796,2.9237,5.3108,0.6,negative_to_positive,midweek_partial,True,False,5.7349,10.0,-4.2651,1.8307,expanding,0.534285714285714,2.5267,False,False,False,False,False,,,,,1_0
000581,2026-03-02,L2,1,5,-0.2385,4.641,0.4796,4.1614,4.4157,0.2,negative_to_positive,monday,True,False,-1.1811,2.049,-3.2301,0.6346,shrinking,0.7542857142857137,-0.3977,False,False,False,False,True,,,,,1_0
000581,2026-03-04,L2,3,5,-5.8426,,,,,0.6,none,midweek_partial,False,False,-0.7125,-4.9402,4.2277,0.6307,shrinking,0.853571428571428,-0.1992,False,False,False,False,True,,,,,0_0
000581,2026-03-06,L2,5,5,0.2385,0.3269,20.4934,-20.1665,0.7295,1.0,none,completed_week,False,False,5.0833,1.3086,3.7748,1.9433,expanding,0.9649999999999999,1.2642,False,False,False,False,False,,,,,0_0
000581,2026-03-10,L2,2,5,2.5101,,,,,0.4,none,tuesday_gate_failed,,False,1.8913,-1.4671,3.3584,1.2169,expanding,1.1149999999999995,0.4215,False,False,True,True,True,,,False,True,0_1
000581,2026-03-12,L2,4,5,-1.1336,,,,,0.8,none,midweek_partial,False,False,-2.515,-1.0664,-1.4486,0.8664,shrinking,1.2321428571428563,-0.5113,False,False,False,False,True,,,,,0_0
000581,2026-03-18,L2,3,5,-0.8827,,,,,0.6,none,midweek_partial,False,False,1.9455,-0.6443,2.5899,0.7235,shrinking,1.2807142857142852,0.3514,True,True,False,False,True,False,True,,,0_1
000582,2026-01-05,L2,1,5,-0.7423,16.4756,13.3841,3.0915,0.5475,0.2,none,monday,False,False,-0.2132,0.8602,-1.0734,0.7793,shrinking,0.4250000000000001,-0.0471,False,False,False,False,True,,,,,0_0
000582,2026-01-07,L2,3,5,3.0753,2.7213,9.0204,-6.2991,1.1301,0.6,negative_to_positive,midweek_partial,True,False,2.9661,0.8547,2.1114,1.6767,expanding,0.4471428571428571,0.6262,False,False,True,True,True,,,True,False,1_1
000582,2026-01-09,L2,5,5,0.8484,0.8379,9.0204,-8.1825,1.0124,1.0,negative_to_positive,completed_week,True,False,-0.2099,-1.9547,1.7449,0.8154,shrinking,0.4749999999999999,-0.0421,False,False,False,False,True,,,,,1_0
000582,2026-01-13,L2,2,5,-1.7932,,,,,0.4,negative_to_positive,tuesday_A,True,False,-2.3085,0.2103,-2.5188,1.1699,expanding,0.47500000000000003,-0.4632,False,False,False,False,True,,,,,1_0
000582,2026-01-15,L2,4,5,-1.1603,,,,,0.8,none,midweek_partial,False,False,0.1068,0.5371,-0.4302,0.6102,shrinking,0.4435714285714286,0.0225,False,False,False,False,True,,,,,0_0
000582,2026-01-19,L2,1,5,2.3933,1.895,0.8484,1.0466,0.9463,0.2,double_positive_efficiency_improved,monday,True,False,1.9689,2.9883,-1.0193,0.8668,shrinking,0.39285714285714296,0.4836,False,False,False,False,True,,,,,1_0
000582,2026-01-21,L2,3,5,1.6649,1.7546,1.7932,-0.0386,0.9489,0.6,none,midweek_partial,False,False,-0.9128,0.2033,-1.116,0.6861,shrinking,0.31571428571428584,-0.2851,False,False,False,False,True,,,,,0_0
000582,2026-01-23,L2,5,5,1.3528,1.5731,1.7932,-0.2201,0.86,1.0,none,completed_week,False,False,-0.7136,0.4094,-1.123,1.6689,expanding,0.26785714285714285,-0.2613,False,False,False,False,True,,,,,0_0
000582,2026-01-27,L2,2,5,1.6495,,,,,0.4,none,tuesday_gate_failed,,False,1.1282,0.1027,1.0255,0.8118,shrinking,0.24714285714285708,0.4451,True,True,True,True,True,True,False,True,False,0_1
000582,2026-01-29,L2,4,5,2.0619,1.4753,1.3528,0.1225,1.3976,0.8,double_positive_efficiency_improved,midweek_partial,True,False,-0.3021,0.7099,-1.0121,0.8424,shrinking,0.23928571428571427,-0.1254,False,False,False,False,True,,,,,1_0
000582,2026-02-02,L2,1,5,-2.7692,0.6119,1.3528,-0.7409,1.3478,0.2,none,monday,False,False,-3.0675,-1.2121,-1.8554,1.0038,normal,0.2535714285714285,-1.1831,False,False,False,False,True,,,,,0_0
000582,2026-02-04,L2,3,5,1.2308,1.4527,0.8247,0.628,0.8472,0.6,double_positive_efficiency_improved,midweek_partial,True,False,1.4388,2.6371,-1.1983,0.9176,normal,0.27499999999999997,0.5091,False,False,False,False,True,,,,,1_0
000582,2026-02-06,L2,5,5,-0.9231,1.2614,0.8247,0.4367,0.7318,1.0,none,completed_week,False,False,-1.1259,-1.0132,-0.1127,1.1885,expanding,0.2857142857142856,-0.385,False,False,False,False,True,,,,,0_0
000582,2026-02-10,L2,2,5,1.6444,,,,,0.4,none,tuesday_gate_failed,,False,1.8538,0.5176,1.3362,1.6585,expanding,0.2564285714285713,0.7019,False,False,False,False,True,,,,,0_0
000582,2026-02-12,L2,4,5,6.2693,3.0557,0.9231,2.1326,2.0517,0.8,negative_to_positive,midweek_partial,True,False,-1.1472,5.7634,-6.9106,0.4889,shrinking,0.2535714285714285,-0.4732,False,False,False,False,True,,,,,1_0
000582,2026-02-24,L2,1,5,1.564,,,,,0.2,negative_to_positive,tuesday_A,True,False,2.8713,-2.3211,5.1924,1.0762,normal,0.31928571428571434,0.9083,False,False,False,False,True,,,,,1_0
000582,2026-02-26,L2,3,5,5.2786,6.7911,3.8027,2.9884,0.7773,0.6,double_positive_efficiency_improved,midweek_partial,True,False,1.6038,2.0212,-0.4174,0.8692,shrinking,0.3285714285714287,0.5174,False,False,False,False,True,,,,,1_0
000582,2026-03-02,L2,1,5,-1.3913,16.027,3.8027,12.2243,0.7197,0.2,double_positive_efficiency_improved,monday,True,False,-0.6135,5.9424,-6.5559,1.221,expanding,0.3392857142857143,-0.2063,False,False,False,False,True,,,,,1_0
000582,2026-03-04,L2,3,5,-3.8261,,,,,0.6,none,midweek_partial,False,False,0.6369,-3.0864,3.7234,0.573,shrinking,0.3814285714285714,0.1835,True,True,False,False,True,False,True,,,0_1
000582,2026-03-06,L2,5,5,-1.3043,0.9034,11.5347,-10.6313,1.4439,1.0,none,completed_week,False,True,1.3393,1.2658,0.0735,0.7532,shrinking,0.427857142857143,0.3506,True,True,False,False,True,True,False,,,0_1
000582,2026-03-10,L2,2,5,3.2143,,,,,0.4,none,tuesday_gate_failed,,False,4.6154,-2.6432,7.2586,1.0264,normal,0.4585714285714286,1.1121,False,False,False,False,False,,,,,0_0
000582,2026-03-12,L2,4,5,3.2143,4.6614,1.3043,3.3571,0.6895,0.8,negative_to_positive,midweek_partial,True,False,0.0866,-0.0865,0.1731,0.9792,normal,0.5114285714285713,0.0196,True,True,True,True,True,False,True,False,True,1_1
000582,2026-03-16,L2,1,5,0.5329,0.128,1.3043,-1.1763,0.6977,0.2,none,monday,False,False,1.1618,-3.2007,4.3624,0.6869,shrinking,0.45642857142857124,0.2848,True,True,False,False,True,False,True,,,0_1
000582,2026-03-18,L2,3,5,-2.7531,,,,,0.6,none,midweek_partial,False,False,-0.905,-2.3852,1.4802,1.4033,expanding,0.4485714285714283,-0.2229,False,False,False,False,True,,,,,0_0
000582,2026-03-20,L2,5,5,-5.8615,8.1077,0.0893,8.0184,0.7229,1.0,none,completed_week,False,False,-1.5785,-1.6438,0.0654,1.4222,expanding,0.4499999999999998,-0.3778,False,False,False,False,True,,,,,0_0
000582,2026-03-24,L2,2,5,4.3689,,,,,0.4,none,tuesday_gate_failed,,False,4.9805,-3.3962,8.3767,1.105,expanding,0.4021428571428571,1.2682,False,False,False,False,False,,,,,0_0
000582,2026-03-26,L2,4,5,5.534,4.9295,5.8615,-0.932,1.1226,0.8,negative_to_positive,midweek_partial,True,False,-0.9116,2.0465,-2.9581,0.7929,shrinking,0.38428571428571406,-0.2602,False,False,False,False,True,,,,,1_0
000582,2026-03-30,L2,1,5,1.4842,5.4968,5.8615,-0.3647,1.0244,0.2,negative_to_positive,monday,True,False,0.5515,0.092,0.4595,1.1614,expanding,0.36857142857142844,0.1628,False,False,True,True,True,,,True,False,1_1
000586,2026-01-05,L2,1,5,0.0,12.5494,0.428,12.1214,0.2895,0.2,none,monday,False,False,0.2956,-0.6608,0.9564,1.2521,expanding,0.48857142857142855,0.0819,False,False,False,False,True,,,,,0_0
000586,2026-01-07,L2,3,5,-2.3581,,,,,0.6,none,midweek_partial,False,False,0.1512,-2.5055,2.6567,0.8825,shrinking,0.4828571428571428,0.0414,True,True,False,False,True,False,True,,,0_1
000586,2026-01-09,L2,5,5,-2.3581,0.9179,3.6325,-2.7146,2.569,1.0,none,completed_week,False,False,-0.7491,0.7547,-1.5038,1.0983,normal,0.49499999999999983,-0.202,False,False,False,False,True,,,,,0_0
000586,2026-01-13,L2,2,5,-0.6721,,,,,0.4,none,tuesday_gate_failed,,False,-0.8942,1.283,-2.1772,1.1468,expanding,0.4799999999999999,-0.25,False,False,False,False,True,,,,,0_0
000586,2026-01-15,L2,4,5,3.3607,1.9805,2.3581,-0.3776,1.6969,0.8,negative_to_positive,midweek_partial,True,False,-0.6461,4.7368,-5.3829,0.5434,shrinking,0.38999999999999996,-0.2308,False,False,False,False,True,,,,,1_0
000586,2026-01-19,L2,1,5,1.5262,2.047,2.3581,-0.3111,1.6418,0.2,negative_to_positive,monday,True,False,0.9393,0.0,0.9393,0.7222,shrinking,0.46428571428571414,0.28,True,True,False,False,True,False,True,,,1_1
000586,2026-01-21,L2,3,5,-0.436,,,,,0.6,none,midweek_partial,False,False,1.2565,-3.1496,4.4061,0.7016,shrinking,0.4857142857142855,0.35,True,True,False,False,True,False,True,,,0_1
000586,2026-01-23,L2,5,5,1.1628,2.0039,3.3607,-1.3568,0.5803,1.0,none,completed_week,False,False,0.5054,1.0949,-0.5895,0.9257,normal,0.5035714285714283,0.139,False,False,False,False,True,,,,,0_0
000586,2026-01-27,L2,2,5,0.0,,,,,0.4,none,tuesday_gate_failed,,False,0.3592,0.0,0.3592,1.0397,normal,0.49428571428571405,0.1012,False,False,False,False,True,,,,,0_0
000586,2026-01-29,L2,4,5,-4.5812,,,,,0.8,none,midweek_partial,False,False,-3.3358,-1.2885,-2.0473,1.0648,normal,0.5207142857142856,-0.8834,False,False,False,False,True,,,,,0_0
000586,2026-02-02,L2,1,5,-0.1418,0.3695,1.1628,-0.7933,1.55,0.2,none,monday,False,False,0.2135,5.4014,-5.1878,0.7884,shrinking,0.5864285714285712,0.0512,False,False,False,False,True,,,,,0_0
000586,2026-02-04,L2,3,5,4.539,3.9613,0.5727,3.3886,1.1458,0.6,double_positive_efficiency_improved,midweek_partial,True,False,0.4087,4.2614,-3.8526,0.9887,normal,0.636428571428571,0.0943,False,False,False,False,True,,,,,1_0
000586,2026-02-06,L2,5,5,3.617,3.4471,0.5727,2.8744,1.0493,1.0,double_positive_efficiency_improved,completed_week,True,False,2.1678,-2.9851,5.1529,1.7595,expanding,0.5978571428571426,0.5185,False,False,False,False,True,,,,,1_0
000586,2026-02-10,L2,2,5,4.3333,,,,,0.4,double_positive_efficiency_improved,tuesday_A,True,False,2.8928,4.1068,-1.2139,1.462,expanding,0.6314285714285713,0.6968,False,False,False,False,True,,,,,1_0
000586,2026-02-12,L2,4,5,1.8667,1.8431,3.617,-1.7739,1.0128,0.8,none,midweek_partial,False,False,0.0,-2.3642,2.3642,0.9083,normal,0.6799999999999997,0.0,False,False,False,False,True,,,,,0_0
000586,2026-02-24,L2,1,5,1.9737,,,,,0.2,none,tuesday_gate_failed,,False,3.8178,-2.2906,6.1084,1.1116,expanding,0.7364285714285714,0.774,False,False,False,False,False,,,,,0_0
000586,2026-02-26,L2,3,5,4.0789,3.646,0.4667,3.1793,1.1188,0.6,negative_to_positive,midweek_partial,True,False,4.7682,-2.5806,7.3489,2.3935,expanding,0.7242857142857143,0.9941,False,False,False,False,False,,,,,1_0
000586,2026-03-02,L2,1,5,-0.1923,4.5078,0.4667,4.0411,0.9049,0.2,negative_to_positive,monday,True,False,-1.5803,0.0,-1.5803,0.9239,normal,0.7492857142857144,-0.3337,False,False,False,False,True,,,,,1_0
000586,2026-03-04,L2,3,5,-0.7692,,,,,0.6,none,midweek_partial,False,False,1.8421,-2.3764,4.2185,0.8497,shrinking,0.7521428571428576,0.3723,True,True,False,False,True,False,True,,,0_1
000586,2026-03-06,L2,5,5,1.859,1.8442,4.0789,-2.2347,1.008,1.0,none,completed_week,False,False,1.7937,0.8398,0.9539,1.0308,normal,0.8071428571428575,0.3469,False,False,False,False,True,,,,,0_0
000586,2026-03-10,L2,2,5,6.7179,,,,,0.4,none,tuesday_gate_failed,,False,6.242,-1.1957,7.4378,1.4816,expanding,0.7742857142857147,1.2657,False,False,True,False,False,,,False,True,0_0
000586,2026-03-12,L2,4,5,1.2156,0.9854,1.859,-0.8736,1.2336,0.8,none,midweek_partial,False,False,-2.8852,-2.3381,-0.5471,0.5013,shrinking,0.7857142857142861,-0.5982,False,False,False,False,True,,,,,0_0
000586,2026-03-16,L2,1,5,0.3185,1.0368,1.859,-0.8222,1.1725,0.2,none,monday,False,False,-0.4425,0.0,-0.4425,0.7255,shrinking,0.8085714285714288,-0.0866,False,False,False,False,True,,,,,0_0
000586,2026-03-18,L2,3,5,-2.0382,,,,,0.6,none,midweek_partial,False,False,2.6017,-4.8254,7.4271,0.7969,shrinking,0.8221428571428574,0.4744,True,True,False,False,True,False,True,,,0_1
000586,2026-03-20,L2,5,5,-5.9236,8.5342,1.2156,7.3186,0.6941,1.0,none,completed_week,False,False,-1.204,-2.7958,1.5918,1.5098,expanding,0.7785714285714287,-0.2312,False,False,False,False,True,,,,,0_0
000586,2026-03-26,L2,4,5,2.2099,2.0147,5.9236,-3.9089,1.0969,0.8,negative_to_positive,midweek_partial,True,False,-1.6611,3.9365,-5.5976,0.6721,shrinking,0.8028571428571428,-0.3114,False,False,False,False,True,,,,,1_0
000586,2026-03-30,L2,1,5,6.6396,3.6169,5.9236,-2.3067,1.0311,0.2,negative_to_positive,monday,True,False,4.7936,1.4865,3.3071,1.7992,expanding,0.8414285714285714,0.8557,False,False,True,False,False,,,True,False,1_0
000589,2026-03-02,L2,1,5,0.5825,2.1214,2.9014,-0.78,1.3043,0.2,negative_to_positive,monday,True,False,-0.3846,0.9709,-1.3555,1.2337,expanding,0.10428571428571416,-0.1918,False,False,False,False,True,,,,,1_0
000589,2026-03-04,L2,3,5,-6.4078,,,,,0.6,none,midweek_partial,False,False,-3.9841,-3.0888,-0.8953,1.1553,expanding,0.09999999999999984,-2.0,False,False,False,False,True,,,,,0_0
000589,2026-03-06,L2,5,5,-3.4951,2.366,2.7668,-0.4008,1.4772,1.0,none,completed_week,False,False,1.8443,1.2448,0.5994,0.8215,shrinking,0.10928571428571418,0.8235,True,True,False,False,True,True,False,,,0_1
000589,2026-03-10,L2,2,5,0.0,,,,,0.4,none,tuesday_gate_failed,,False,0.2037,-1.2072,1.4109,0.7853,shrinking,0.1121428571428571,0.0892,True,True,False,False,True,False,True,,,0_1
000589,2026-03-12,L2,4,5,1.2195,1.5038,3.4951,-1.9913,0.811,0.8,negative_to_positive,midweek_partial,True,False,0.6061,0.6098,-0.0037,1.1479,expanding,0.11571428571428573,0.2593,False,False,False,False,True,,,,,1_0
000589,2026-03-16,L2,1,5,-0.8016,1.7427,3.4951,-1.7524,0.8164,0.2,negative_to_positive,monday,True,False,-0.8016,0.2008,-1.0024,0.947,normal,0.12357142857142854,-0.3237,False,False,False,False,True,,,,,1_0
000589,2026-03-18,L2,3,5,-2.8056,,,,,0.6,none,midweek_partial,False,False,-1.222,-0.8081,-0.4139,1.2126,expanding,0.1264285714285714,-0.4746,False,False,False,False,True,,,,,0_0
000590,2026-01-05,L2,1,5,3.2456,0.1434,0.2698,-0.1264,0.6225,0.2,negative_to_positive,monday,True,False,4.9955,2.6557,2.3399,2.5376,expanding,0.290714285714286,1.9263,False,False,True,False,False,,,True,False,1_0
000590,2026-01-07,L2,3,5,1.7544,0.4647,0.0893,0.3754,3.7755,0.6,double_positive_efficiency_improved,midweek_partial,True,False,-1.1925,-0.2549,-0.9376,0.6563,shrinking,0.355714285714286,-0.3936,False,False,False,False,True,,,,,1_0
000590,2026-01-09,L2,5,5,1.4912,0.4955,0.0893,0.4062,3.0093,1.0,double_positive_efficiency_improved,completed_week,True,False,-0.2586,0.0,-0.2586,1.1597,expanding,0.3271428571428575,-0.0917,False,False,False,False,True,,,,,1_0
000590,2026-01-13,L2,2,5,-0.6024,,,,,0.4,double_positive_efficiency_improved,tuesday_C_failed_volume,False,False,0.1735,-0.3457,0.5192,1.3515,expanding,0.30714285714285744,0.0651,False,False,False,False,True,,,,,0_0
000590,2026-01-15,L2,4,5,-1.5491,,,,,0.8,none,midweek_partial,False,False,-0.5217,-0.4329,-0.0888,0.5702,shrinking,0.3135714285714287,-0.1913,False,False,False,False,True,,,,,0_0
000590,2026-01-19,L2,1,5,0.8569,0.2166,1.4912,-1.2746,0.7945,0.2,none,monday,False,False,1.4655,1.3986,0.0669,1.2731,expanding,0.3200000000000002,0.5312,False,False,True,True,True,,,True,False,0_1
000590,2026-01-21,L2,3,5,0.5998,0.6672,0.1721,0.4951,0.8991,0.6,negative_to_positive,midweek_partial,True,False,0.5137,-0.7647,1.2784,1.0043,normal,0.3021428571428573,0.1986,False,False,False,False,True,,,,,1_0
000590,2026-01-23,L2,5,5,1.1997,1.4772,0.1721,1.3051,0.8121,1.0,negative_to_positive,completed_week,True,False,-0.1691,0.7666,-0.9357,0.8854,shrinking,0.30714285714285733,-0.0651,False,False,False,False,True,,,,,1_0
000590,2026-01-27,L2,2,5,-1.1854,,,,,0.4,negative_to_positive,tuesday_C,True,False,-0.4266,-0.7621,0.3354,0.9587,normal,0.23857142857142868,-0.2096,False,False,False,False,True,,,,,1_0
000590,2026-01-29,L2,4,5,-4.9958,,,,,0.8,none,midweek_partial,False,False,-2.773,-1.114,-1.659,1.3756,expanding,0.25714285714285723,-1.2444,False,False,False,False,True,,,,,0_0
000590,2026-02-02,L2,1,5,-2.8998,3.8871,1.1997,2.6874,1.3288,0.2,none,monday,False,False,-1.3393,-0.1783,-1.161,0.8902,shrinking,0.292857142857143,-0.5122,False,False,False,False,True,,,,,0_0
000590,2026-02-04,L2,3,5,-0.7909,,,,,0.6,none,midweek_partial,False,False,1.4376,0.724,0.7136,0.9257,normal,0.3085714285714287,0.5185,True,True,True,True,True,True,False,True,False,0_1
000590,2026-02-06,L2,5,5,3.3392,3.4223,5.1651,-1.7428,0.9757,1.0,negative_to_positive,completed_week,True,False,2.2609,1.8601,0.4008,1.6589,expanding,0.29714285714285715,0.875,False,False,True,True,True,,,True,False,1_1
000590,2026-02-10,L2,2,5,4.3808,,,,,0.4,negative_to_positive,tuesday_A,True,False,0.8958,4.4218,-3.526,0.614,shrinking,0.29928571428571427,0.3675,False,False,False,False,True,,,,,1_0
000590,2026-02-12,L2,4,5,4.6335,3.0845,3.3392,-0.2547,1.5022,0.8,none,midweek_partial,False,False,-0.401,0.6457,-1.0466,1.1443,expanding,0.33642857142857135,-0.1486,False,False,False,False,True,,,,,0_0
000590,2026-02-24,L2,1,5,1.2831,,,,,0.2,none,tuesday_gate_failed,,False,1.7728,-0.0805,1.8533,1.1087,expanding,0.3464285714285714,0.6351,False,False,True,True,True,,,False,True,0_1
000590,2026-02-26,L2,3,5,-1.0425,,,,,0.6,none,midweek_partial,False,False,-0.2425,-2.0586,1.8161,1.0125,normal,0.3442857142857142,-0.0871,False,False,False,False,True,,,,,0_0
000590,2026-03-18,L2,3,5,4.6257,5.0042,1.9544,3.0498,0.9244,0.6,negative_to_positive,midweek_partial,True,False,2.8099,-0.165,2.9749,1.2593,expanding,0.4314285714285716,0.7881,False,False,False,False,True,,,,,1_0
000591,2026-02-02,L2,1,5,1.6886,5.0636,14.257,-9.1934,1.6514,0.2,none,monday,False,False,0.9311,-3.0686,3.9997,0.9745,normal,0.27285714285714274,0.1832,True,True,False,False,True,False,True,,,0_1
000591,2026-02-04,L2,3,5,7.5047,9.8015,8.3618,1.4397,0.7657,0.6,negative_to_positive,midweek_partial,True,False,1.5957,4.059,-2.4633,1.114,expanding,0.3028571428571429,0.2972,False,False,False,False,True,,,,,1_0
000591,2026-02-06,L2,5,5,4.3152,5.9984,8.3618,-2.3634,0.7194,1.0,negative_to_positive,completed_week,True,False,2.3941,-5.2356,7.6297,0.8789,shrinking,0.28357142857142853,0.4584,True,True,False,False,True,False,True,,,1_1
000591,2026-02-10,L2,2,5,-1.0638,,,,,0.4,negative_to_positive,tuesday_A,True,False,-2.4476,2.8777,-5.3253,0.5883,shrinking,0.2857142857142857,-0.49,False,False,False,False,True,,,,,1_0
000591,2026-02-12,L2,4,5,0.0,,,,,0.8,none,midweek_partial,False,False,0.8945,0.1792,0.7152,0.7712,shrinking,0.2985714285714285,0.1675,True,True,False,False,True,True,False,,,0_1
000591,2026-02-24,L2,1,5,0.5455,,,,,0.2,none,tuesday_gate_failed,,False,1.4679,-3.3688,4.8367,0.8,shrinking,0.2785714285714285,0.2872,True,True,False,False,True,False,True,,,0_1
000591,2026-02-26,L2,3,5,2.3636,3.3351,3.3688,-0.0337,0.7087,0.6,negative_to_positive,midweek_partial,True,False,-0.53,2.3508,-2.8808,0.6878,shrinking,0.2399999999999999,-0.125,False,False,False,False,True,,,,,1_0
000591,2026-03-02,L2,1,5,1.0471,9.1421,3.3688,5.7733,0.6563,0.2,negative_to_positive,monday,True,False,-0.6861,3.5524,-4.2385,0.8297,shrinking,0.2335714285714284,-0.1713,False,False,False,False,True,,,,,1_0
000591,2026-03-04,L2,3,5,1.2216,0.736,6.0,-5.264,1.6599,0.6,none,midweek_partial,False,False,2.4735,-2.2453,4.7187,1.1339,expanding,0.21714285714285694,0.6447,False,False,False,False,True,,,,,0_0
000591,2026-03-06,L2,5,5,9.075,4.1414,6.0,-1.8586,2.1913,1.0,none,completed_week,False,False,2.9654,4.6552,-1.6898,0.9079,normal,0.22357142857142837,0.8051,False,False,False,False,True,,,,,0_0
000591,2026-03-10,L2,2,5,1.4516,,,,,0.4,none,tuesday_gate_failed,,False,-1.7188,2.4,-4.1188,0.9092,normal,0.2414285714285713,-0.4556,False,False,False,False,True,,,,,0_0
000591,2026-03-12,L2,4,5,7.5806,5.0467,9.075,-4.0283,1.5021,0.8,none,midweek_partial,False,False,0.3008,5.7234,-5.4226,0.8655,shrinking,0.25571428571428567,0.0782,False,False,False,False,True,,,,,0_0
000591,2026-03-16,L2,1,5,-4.9206,0.6595,9.075,-8.4155,1.4674,0.2,none,monday,False,False,-4.3131,-6.1469,1.8338,0.6795,shrinking,0.29999999999999993,-0.9,False,False,False,False,True,,,,,0_0
000591,2026-03-18,L2,3,5,-4.4444,,,,,0.6,none,midweek_partial,False,False,-1.634,2.1703,-3.8043,0.685,shrinking,0.3328571428571428,-0.3004,False,False,False,False,True,,,,,0_0
000591,2026-03-20,L2,5,5,-2.8571,4.5343,0.9677,3.5666,0.6301,1.0,none,completed_week,False,False,1.3245,0.3322,0.9923,1.493,expanding,0.3621428571428571,0.2209,False,False,True,True,True,,,True,False,0_1
000591,2026-03-24,L2,2,5,2.8333,,,,,0.4,none,tuesday_gate_failed,,False,7.6789,-6.3725,14.0514,1.23,expanding,0.38285714285714284,1.1493,False,False,False,False,False,,,,,0_0
000591,2026-03-26,L2,4,5,2.3333,1.712,2.8571,-1.1451,1.3629,0.8,negative_to_positive,midweek_partial,True,False,-3.9124,3.5656,-7.478,0.6493,shrinking,0.41000000000000003,-0.6098,False,False,False,False,True,,,,,1_0
000591,2026-03-30,L2,1,5,-3.6667,1.2083,2.8571,-1.6488,1.2414,0.2,negative_to_positive,monday,True,False,-5.0903,-0.8143,-4.276,1.1998,expanding,0.40142857142857136,-0.7722,False,False,False,False,True,,,,,1_0
000592,2026-01-05,L2,1,5,0.8609,2.2555,9.8446,-7.5891,0.6129,0.2,none,monday,False,False,-1.1039,-8.3333,7.2294,0.7059,shrinking,1.4121428571428571,-0.1204,False,False,False,False,True,,,,,0_0
000592,2026-01-07,L2,3,5,3.4437,2.5267,1.3825,1.1442,1.3629,0.6,double_positive_efficiency_improved,midweek_partial,True,False,7.7985,-4.8588,12.6573,1.144,expanding,1.452142857142857,0.7782,False,False,False,False,False,,,,,1_0
000592,2026-01-09,L2,5,5,-0.8609,0.6469,1.3825,-0.7356,1.3309,1.0,none,completed_week,False,False,-2.2208,-1.9846,-0.2361,0.9346,normal,1.3914285714285712,-0.2444,False,False,False,False,True,,,,,0_0
000592,2026-01-13,L2,2,5,4.9728,,,,,0.4,none,tuesday_gate_failed,,False,-0.1296,3.0728,-3.2024,1.0368,normal,1.2507142857142857,-0.016,False,False,False,False,True,,,,,0_0
000592,2026-02-02,L2,1,5,-2.4272,3.6502,4.5173,-0.8671,1.1171,0.2,none,monday,False,False,-2.8986,-2.0814,-0.8172,0.8108,shrinking,1.114285714285714,-0.2692,False,False,False,False,True,,,,,0_0
000592,2026-02-04,L2,3,5,4.3689,6.2442,4.0778,2.1664,0.6997,0.6,negative_to_positive,midweek_partial,True,False,2.8708,3.9801,-1.1093,1.457,expanding,1.0428571428571425,0.2877,False,False,False,False,True,,,,,1_0
000592,2026-02-06,L2,5,5,12.8155,15.0039,4.0778,10.9261,0.8541,1.0,negative_to_positive,completed_week,True,False,-1.7751,10.0465,-11.8217,2.2822,expanding,0.9164285714285711,-0.2292,False,False,False,False,True,,,,,1_0
000592,2026-02-10,L2,2,5,-4.2278,,,,,0.4,negative_to_positive,tuesday_C,True,False,-3.2258,-1.2909,-1.9349,0.6707,shrinking,0.8757142857142856,-0.4225,False,False,False,False,True,,,,,1_0
000592,2026-02-12,L2,4,5,-9.7498,,,,,0.8,none,midweek_partial,False,False,-3.5055,-2.3423,-1.1632,0.905,normal,0.7835714285714285,-0.485,False,False,False,False,True,,,,,0_0
000592,2026-02-24,L2,1,5,2.0542,,,,,0.2,none,tuesday_gate_failed,,False,3.1132,1.3384,1.7748,1.0439,normal,0.7514285714285716,0.4392,False,False,False,False,True,,,,,0_0
000592,2026-02-26,L2,3,5,3.1746,3.1574,8.5418,-5.3844,1.0055,0.6,negative_to_positive,midweek_partial,True,False,0.1813,0.9149,-0.7336,1.5918,expanding,0.6807142857142859,0.0294,False,False,False,False,True,,,,,1_0
000592,2026-03-02,L2,1,5,4.8359,9.9058,8.5418,1.364,1.0463,0.2,negative_to_positive,monday,True,False,2.7073,6.9683,-4.261,0.9133,normal,0.6721428571428572,0.4761,False,False,False,False,True,,,,,1_0
000592,2026-03-04,L2,3,5,11.2263,5.3177,10.3641,-5.0464,2.1111,0.6,none,midweek_partial,False,False,6.183,-0.0824,6.2654,0.9754,normal,0.7892857142857144,0.9502,True,False,True,False,False,False,True,False,True,0_0
000592,2026-03-06,L2,5,5,3.9724,2.1096,10.3641,-8.2545,1.883,1.0,none,completed_week,False,False,-1.3115,-5.2795,3.968,0.6341,shrinking,0.8978571428571429,-0.1782,False,False,False,False,True,,,,,0_0
000592,2026-03-10,L2,2,5,-3.3524,,,,,0.4,none,tuesday_gate_failed,,False,1.7212,-3.4884,5.2095,0.8212,shrinking,0.8678571428571429,0.2305,True,True,False,False,True,False,True,,,0_1
000592,2026-03-12,L2,4,5,-9.2396,,,,,0.8,none,midweek_partial,False,False,-3.1414,-3.0457,-0.0957,0.9263,normal,0.8885714285714286,-0.4051,False,False,False,False,True,,,,,0_0
000592,2026-03-16,L2,1,5,2.2936,20.7206,3.9724,16.7482,0.4735,0.2,none,monday,False,False,1.0879,-0.6306,1.7186,0.7483,shrinking,0.8792857142857142,0.1365,True,True,True,True,True,False,True,False,True,0_1
000592,2026-03-30,L2,1,5,11.7308,5.8663,8.2569,-2.3906,1.6075,0.2,negative_to_positive,monday,True,False,10.0379,-1.2161,11.254,2.6477,expanding,0.6735714285714283,1.5737,False,False,True,False,False,,,False,True,1_0
000593,2026-01-05,L2,1,5,-4.1921,5.7511,12.089,-6.3379,0.5851,0.2,none,monday,False,False,-2.0536,-0.0892,-1.9644,1.8411,expanding,0.4964285714285718,-0.4633,False,False,False,False,True,,,,,0_0
000593,2026-01-07,L2,3,5,-0.524,,,,,0.6,none,midweek_partial,False,False,1.1545,2.6436,-1.489,0.807,shrinking,0.48857142857142905,0.2661,False,False,False,False,True,,,,,0_0
000593,2026-01-09,L2,5,5,14.2358,6.7403,3.365,3.3753,2.112,1.0,negative_to_positive,completed_week,True,False,8.0099,6.3213,1.6886,1.3859,expanding,0.44928571428571473,2.159,False,False,True,False,False,,,True,False,1_0
000593,2026-01-13,L2,2,5,21.2098,,,,,0.4,negative_to_positive,tuesday_A,True,False,10.0069,10.0153,-0.0083,0.9013,normal,0.5550000000000005,2.5946,False,False,False,False,False,,,,,1_0
000593,2026-01-15,L2,4,5,39.9694,18.5533,14.2358,4.3175,2.1543,0.8,double_positive_efficiency_improved,midweek_partial,True,False,4.9971,9.981,-4.9839,1.1235,expanding,0.7114285714285719,1.2229,False,False,False,False,False,,,,,1_0
000593,2026-01-19,L2,1,5,-5.9406,11.599,14.2358,-2.6368,2.2379,0.2,none,monday,False,False,-7.5988,-10.0109,2.4122,0.8375,shrinking,1.005714285714286,-1.2429,False,False,False,False,True,,,,,0_0
000593,2026-01-21,L2,3,5,-10.7054,,,,,0.6,none,midweek_partial,False,False,-4.0559,-1.0526,-3.0032,0.8495,shrinking,1.2028571428571433,-0.5071,False,False,False,False,True,,,,,0_0
000593,2026-01-23,L2,5,5,-0.3713,0.6416,25.9571,-25.3155,0.5787,1.0,none,completed_week,False,False,9.9727,1.4553,8.5174,0.6057,shrinking,1.2300000000000004,1.187,True,False,True,False,False,True,False,True,False,0_0
000593,2026-01-27,L2,2,5,4.8585,,,,,0.4,none,tuesday_gate_failed,,False,-3.7267,10.0,-13.7267,0.8769,shrinking,1.325714285714286,-0.4978,False,False,False,False,True,,,,,0_0
000593,2026-01-29,L2,4,5,-0.492,,,,,0.8,none,midweek_partial,False,False,-3.8622,-1.2903,-2.5718,0.7213,shrinking,1.510714285714286,-0.4303,False,False,False,False,True,,,,,0_0
000593,2026-02-02,L2,1,5,-3.6304,9.3613,0.3713,8.99,1.0249,0.2,none,monday,False,False,-0.6803,-9.1471,8.4668,0.6309,shrinking,1.4742857142857144,-0.0678,False,False,False,False,True,,,,,0_0
000593,2026-02-04,L2,3,5,-3.0363,,,,,0.6,none,midweek_partial,False,False,-1.5416,2.1918,-3.7333,0.9078,normal,1.4350000000000003,-0.1603,False,False,False,False,True,,,,,0_0
000593,2026-02-06,L2,5,5,-5.2145,11.8266,9.5941,2.2325,0.4409,1.0,none,completed_week,False,False,0.3494,-2.5868,2.9362,0.8544,shrinking,1.159285714285714,0.0431,True,True,False,False,True,False,True,,,0_1
000593,2026-02-10,L2,2,5,-3.8997,,,,,0.4,none,tuesday_gate_failed,,False,-2.7484,-1.1838,-1.5646,1.3239,expanding,0.9335714285714284,-0.4178,False,False,False,False,True,,,,,0_0
000593,2026-02-12,L2,4,5,-2.7159,,,,,0.8,none,midweek_partial,False,False,3.0236,-1.7391,4.7627,1.3413,expanding,0.886428571428571,0.4625,False,False,False,False,True,,,,,0_0
000593,2026-02-24,L2,1,5,3.1406,,,,,0.2,none,tuesday_gate_failed,,False,4.8621,-1.3601,6.2222,2.0094,expanding,0.8135714285714283,0.8235,False,False,False,False,False,,,,,0_0
000593,2026-02-26,L2,3,5,2.1413,0.8547,4.039,-3.1843,2.5052,0.6,negative_to_positive,midweek_partial,True,False,-10.0,10.0346,-20.0346,1.7533,expanding,0.6792857142857139,-2.3407,False,False,False,False,True,,,,,1_0
000593,2026-03-02,L2,1,5,-1.2739,6.0727,4.039,2.0337,2.0334,0.2,negative_to_positive,monday,True,False,-1.5248,9.993,-11.5178,1.1386,expanding,0.8364285714285709,-0.2869,False,False,False,False,True,,,,,1_0
000593,2026-03-04,L2,3,5,-3.1847,,,,,0.6,none,midweek_partial,False,False,-8.5439,7.2258,-15.7697,0.6386,shrinking,0.8299999999999995,-1.7108,False,False,False,False,True,,,,,0_0
000593,2026-03-06,L2,5,5,-4.7771,3.2029,12.3483,-9.1454,1.4915,1.0,none,completed_week,False,True,1.8392,-3.4211,5.2603,0.7911,shrinking,0.9964285714285711,0.271,True,True,False,False,True,False,True,,,0_1
000593,2026-03-12,L2,4,5,2.9605,5.4287,4.7771,0.6516,0.5453,0.8,negative_to_positive,midweek_partial,True,False,9.9789,-1.2491,11.2281,2.1962,expanding,1.1485714285714284,1.2363,False,False,False,False,False,,,,,1_0
000593,2026-03-16,L2,1,5,-2.9353,1.8318,4.7771,-2.9453,0.6106,0.2,none,monday,False,False,-3.1936,-3.9617,0.768,0.5503,shrinking,1.1935714285714287,-0.4022,False,False,False,False,True,,,,,0_0
000593,2026-03-18,L2,3,5,-2.4016,,,,,0.6,none,midweek_partial,False,False,2.8833,-2.268,5.1513,1.5216,expanding,1.2078571428571432,0.3394,False,False,False,False,True,,,,,0_0
000593,2026-03-24,L2,2,5,12.1348,,,,,0.4,none,tuesday_gate_failed,,False,9.0313,0.9559,8.0754,1.4304,expanding,1.0278571428571428,1.2064,False,False,True,False,False,,,True,False,0_0
000593,2026-03-26,L2,4,5,10.3371,9.4765,9.2728,0.2037,1.0908,0.8,negative_to_positive,midweek_partial,True,False,-2.5794,1.002,-3.5814,0.8995,shrinking,0.9614285714285712,-0.4056,False,False,False,False,True,,,,,1_0
000593,2026-03-30,L2,1,5,1.361,13.966,9.2728,4.6932,1.062,0.2,negative_to_positive,monday,True,False,2.0222,4.0733,-2.0511,1.193,expanding,0.934285714285714,0.3318,False,False,False,False,True,,,,,1_0
000599,2026-01-05,L2,1,5,-3.6145,3.0263,5.6198,-2.5935,1.0294,0.2,none,monday,False,False,-3.3233,2.1605,-5.4838,0.9135,normal,0.27071428571428563,-0.8127,False,False,False,False,True,,,,,0_0
000599,2026-01-07,L2,3,5,-6.0241,,,,,0.6,none,midweek_partial,False,False,-1.5773,-0.9375,-0.6398,0.8099,shrinking,0.24642857142857144,-0.4058,False,False,False,False,True,,,,,0_0
000599,2026-01-09,L2,5,5,-3.7651,2.5541,3.1153,-0.5612,1.4741,1.0,none,completed_week,False,False,-1.8433,4.3269,-6.1702,0.7536,shrinking,0.23071428571428573,-0.5201,False,False,False,False,True,,,,,0_0
000599,2026-01-13,L2,2,5,-3.5938,,,,,0.4,none,tuesday_gate_failed,,False,-2.8346,-0.626,-2.2087,1.3813,expanding,0.23142857142857146,-0.7778,False,False,False,False,True,,,,,0_0
000599,2026-01-19,L2,1,5,2.2913,5.3631,3.7651,1.598,0.7284,0.2,none,monday,False,False,1.626,1.1513,0.4747,1.1271,expanding,0.22000000000000006,0.4545,False,False,False,False,True,,,,,0_0
000599,2026-01-21,L2,3,5,1.1457,1.6759,3.9062,-2.2303,0.6836,0.6,negative_to_positive,midweek_partial,True,False,0.1621,-1.28,1.4421,0.9648,normal,0.22142857142857147,0.0452,True,True,False,False,True,False,True,,,1_1
000599,2026-01-23,L2,5,5,3.6007,5.1763,3.9062,1.2701,0.6956,1.0,negative_to_positive,completed_week,True,False,1.28,1.1327,0.1473,1.3832,expanding,0.19571428571428573,0.4088,False,False,True,True,True,,,True,False,1_1
000599,2026-01-27,L2,2,5,-3.1596,,,,,0.4,negative_to_positive,tuesday_C,True,False,1.1551,-4.2654,5.4205,0.7472,shrinking,0.15857142857142856,0.4414,True,True,False,False,True,False,True,,,1_1
000599,2026-01-29,L2,4,5,7.267,2.6665,3.6007,-0.9342,2.7253,0.8,none,midweek_partial,False,False,0.7418,9.9511,-9.2092,2.0442,expanding,0.1778571428571428,0.2811,False,False,False,False,True,,,,,0_0
000599,2026-02-02,L2,1,5,7.3206,3.2529,3.6007,-0.3478,3.1082,0.2,none,monday,False,False,5.165,2.651,2.514,1.0485,normal,0.20785714285714288,1.732,False,False,True,False,False,,,True,False,0_0
000599,2026-02-04,L2,3,5,15.3734,10.5881,10.1106,0.4775,1.452,0.6,double_positive_efficiency_improved,midweek_partial,True,False,7.0652,0.4093,6.6559,1.5893,expanding,0.27214285714285713,1.9108,False,False,True,False,False,,,True,False,1_0
000599,2026-02-06,L2,5,5,0.5857,0.4078,10.1106,-9.7028,1.4362,1.0,none,completed_week,False,False,-7.4124,-5.8376,-1.5748,1.1704,expanding,0.32857142857142857,-1.6739,False,False,False,False,True,,,,,0_0
000599,2026-02-10,L2,2,5,-3.5361,,,,,0.4,none,tuesday_gate_failed,,False,0.4418,-1.1645,1.6063,0.5705,shrinking,0.4142857142857143,0.0724,True,True,False,False,True,False,True,,,0_1
000599,2026-02-12,L2,4,5,-7.6379,,,,,0.8,none,midweek_partial,False,False,-1.5083,-2.7859,1.2776,0.816,shrinking,0.4528571428571429,-0.2208,False,False,False,False,True,,,,,0_0
000599,2026-02-24,L2,1,5,1.6345,,,,,0.2,none,tuesday_gate_failed,,False,2.7027,1.9908,0.7119,0.7668,shrinking,0.4635714285714286,0.3883,True,True,True,True,True,True,False,True,False,0_1
000599,2026-02-26,L2,3,5,5.4978,6.6281,5.7992,0.8289,0.8295,0.6,negative_to_positive,midweek_partial,True,False,1.4286,2.3392,-0.9106,0.5798,shrinking,0.4685714285714286,0.2134,False,False,False,False,True,,,,,1_0
000599,2026-03-02,L2,1,5,-3.0986,11.2292,5.7992,5.43,0.6352,0.2,negative_to_positive,monday,True,False,-4.577,1.5493,-6.1263,1.2446,expanding,0.4571428571428572,-0.7219,False,False,False,False,True,,,,,1_0
000599,2026-03-04,L2,3,5,-5.2113,,,,,0.6,none,midweek_partial,False,False,0.2981,-2.4709,2.769,0.8127,shrinking,0.41428571428571426,0.0483,True,True,False,False,True,False,True,,,0_1
000599,2026-03-06,L2,5,5,-1.6901,1.812,7.1322,-5.3202,0.9327,1.0,none,completed_week,False,False,2.7982,0.8915,1.9067,1.305,expanding,0.37285714285714283,0.5096,False,False,False,False,True,,,,,0_0
000599,2026-03-10,L2,2,5,0.1453,,,,,0.4,none,tuesday_gate_failed,,False,2.0741,-3.2951,5.3692,0.6648,shrinking,0.30214285714285705,0.4634,True,True,False,False,True,False,True,,,0_1
000599,2026-03-12,L2,4,5,0.436,0.4919,1.6901,-1.1982,0.8864,0.8,negative_to_positive,midweek_partial,True,False,1.4684,-1.1611,2.6295,1.3718,expanding,0.28714285714285703,0.3483,False,False,False,False,True,,,,,1_0
000600,2026-01-05,L2,1,5,0.0,6.8739,6.7879,0.086,0.526,0.2,none,monday,False,False,0.9379,1.1862,-0.2484,1.4262,expanding,0.24142857142857124,0.3314,False,False,False,False,True,,,,,0_0
000600,2026-01-07,L2,3,5,0.2323,0.1477,3.6158,-3.4681,1.5732,0.6,negative_to_positive,midweek_partial,True,False,-1.0321,1.2776,-2.3097,0.9753,normal,0.23714285714285704,-0.3795,False,False,False,False,True,,,,,1_0
000600,2026-01-09,L2,5,5,1.2776,0.8153,3.6158,-2.8005,1.567,1.0,negative_to_positive,completed_week,True,False,1.7503,-0.6952,2.4455,1.104,expanding,0.20928571428571413,0.7167,False,False,False,False,True,,,,,1_0
000600,2026-01-13,L2,2,5,0.1145,,,,,0.4,negative_to_positive,tuesday_B,True,False,0.4598,-0.2294,0.6891,1.0822,normal,0.20857142857142844,0.1918,False,False,False,False,True,,,,,1_0
000600,2026-01-15,L2,4,5,2.1764,1.7728,1.2776,0.4952,1.2277,0.8,double_positive_efficiency_improved,midweek_partial,True,False,2.2936,-0.2288,2.5224,1.1485,expanding,0.21571428571428555,0.9272,False,False,False,False,True,,,,,1_0
000600,2026-01-19,L2,1,5,3.1818,0.733,1.2776,-0.5446,1.2501,0.2,none,monday,False,False,3.0647,-1.2332,4.2979,0.8892,shrinking,0.21142857142857124,1.277,True,True,False,False,True,False,True,,,0_1
000600,2026-01-21,L2,3,5,1.3636,1.0389,0.9164,0.1225,1.3126,0.6,double_positive_efficiency_improved,midweek_partial,True,False,-3.7756,2.0925,-5.8681,2.2422,expanding,0.22142857142857114,-1.5806,False,False,False,False,True,,,,,1_0
000600,2026-01-23,L2,5,5,0.4545,0.3721,0.9164,-0.5443,1.2216,1.0,none,completed_week,False,False,0.2268,-1.1211,1.3478,0.7076,shrinking,0.2249999999999995,0.0889,True,True,False,False,True,False,True,,,0_1
000600,2026-01-27,L2,2,5,-3.8505,,,,,0.4,none,tuesday_gate_failed,,False,-1.8497,-2.1493,0.2996,0.7769,shrinking,0.22785714285714245,-0.7022,False,False,False,False,True,,,,,0_0
000600,2026-01-29,L2,4,5,-2.0385,,,,,0.8,none,midweek_partial,False,False,-1.4806,3.4158,-4.8964,0.619,shrinking,0.23999999999999957,-0.5417,False,False,False,False,True,,,,,0_0
000600,2026-02-02,L2,1,5,-3.3143,1.3577,0.4545,0.9032,0.8341,0.2,none,monday,False,False,-3.0928,0.9249,-4.0176,1.1794,expanding,0.25714285714285684,-1.05,False,False,False,False,True,,,,,0_0
000600,2026-02-04,L2,3,5,-2.4,,,,,0.6,none,midweek_partial,False,False,0.9456,0.0,0.9456,0.869,shrinking,0.2678571428571426,0.2987,True,True,False,False,True,False,True,,,0_1
000600,2026-02-06,L2,5,5,-2.5143,3.1656,1.1325,2.0331,0.7942,1.0,none,completed_week,False,False,2.1557,-2.2248,4.3805,1.0965,normal,0.257142857142857,0.7,False,False,False,False,True,,,,,0_0
000600,2026-02-10,L2,2,5,-1.7523,,,,,0.4,none,tuesday_gate_failed,,False,-1.4068,0.0,-1.4068,0.783,shrinking,0.2571428571428574,-0.4667,False,False,False,False,True,,,,,0_0
000600,2026-02-12,L2,4,5,3.5047,3.9286,2.5143,1.4143,0.8921,0.8,negative_to_positive,midweek_partial,True,False,4.6045,0.7134,3.8911,3.1212,expanding,0.230714285714286,1.6904,False,False,True,False,False,,,True,False,1_0
000600,2026-02-24,L2,1,5,2.1251,,,,,0.2,none,tuesday_gate_failed,,False,3.4689,-5.6433,9.1122,0.8407,shrinking,0.24785714285714303,1.17,True,True,False,False,True,False,True,,,0_1
000600,2026-02-26,L2,3,5,6.6116,4.4418,2.3364,2.1054,1.4885,0.6,negative_to_positive,midweek_partial,True,False,2.1493,2.1965,-0.0472,0.8799,shrinking,0.2721428571428574,0.6982,False,False,False,False,True,,,,,1_0
000600,2026-03-02,L2,1,5,2.0408,9.2058,2.3364,6.8694,1.321,0.2,negative_to_positive,monday,True,False,0.0,5.2049,-5.2049,0.9599,normal,0.2757142857142861,0.0,False,False,False,False,True,,,,,1_0
000600,2026-03-04,L2,3,5,-0.7519,,,,,0.6,none,midweek_partial,False,False,-0.1081,-2.6316,2.5235,0.6257,shrinking,0.30714285714285744,-0.0326,False,False,False,False,True,,,,,0_0
000600,2026-03-06,L2,5,5,2.9001,2.2969,12.1606,-9.8637,1.2626,1.0,none,completed_week,False,False,1.1616,2.4892,-1.3276,0.8927,shrinking,0.337857142857143,0.3256,False,False,False,False,True,,,,,0_0
000600,2026-03-10,L2,2,5,-0.8342,,,,,0.4,none,tuesday_gate_failed,,False,-0.7307,0.0,-0.7307,0.8329,shrinking,0.3464285714285714,-0.2021,False,False,False,False,True,,,,,0_0
000600,2026-03-12,L2,4,5,11.5746,9.0851,2.9001,6.185,1.274,0.8,double_positive_efficiency_improved,midweek_partial,True,False,9.9692,2.3134,7.6558,2.2744,expanding,0.3642857142857144,2.6627,False,False,True,False,False,,,True,False,1_0
000600,2026-03-16,L2,1,5,-6.5751,3.9081,2.9001,1.008,1.6009,0.2,double_positive_efficiency_improved,monday,True,False,-6.5751,-4.7664,-1.8087,0.5865,shrinking,0.4250000000000001,-1.5765,False,False,False,False,True,,,,,1_0
000600,2026-03-18,L2,3,5,-3.0422,,,,,0.6,none,midweek_partial,False,False,4.8832,-1.0504,5.9336,1.3171,expanding,0.4792857142857142,0.9598,False,False,False,False,False,,,,,0_0
000600,2026-03-20,L2,5,5,-4.9068,5.5114,6.2565,-0.7451,0.8903,1.0,none,completed_week,False,False,1.1482,-3.0364,4.1847,1.1857,expanding,0.5128571428571428,0.2145,False,False,False,False,True,,,,,0_0
000600,2026-03-24,L2,2,5,3.4335,,,,,0.4,none,tuesday_gate_failed,,False,5.0109,-5.2632,10.2741,0.9235,normal,0.5021428571428571,0.9161,True,False,False,False,False,False,True,,,0_0
000600,2026-03-26,L2,4,5,12.2318,10.2772,4.9068,5.3704,1.1902,0.8,negative_to_positive,midweek_partial,True,False,2.3483,6.0166,-3.6683,1.1479,expanding,0.5250000000000001,0.4571,False,False,False,False,True,,,,,1_0
000600,2026-03-30,L2,1,5,-6.3304,7.6223,4.9068,2.7155,1.1543,0.2,negative_to_positive,monday,True,False,-6.6075,-3.0593,-3.5482,0.9485,normal,0.5885714285714287,-1.1383,False,False,False,False,True,,,,,1_0
000601,2026-03-02,L2,1,5,0.5396,4.7739,1.1538,3.6201,1.8093,0.2,negative_to_positive,monday,True,False,-1.2367,4.0441,-5.2809,0.8332,shrinking,0.12642857142857147,-0.5537,False,False,False,False,True,,,,,1_0
000601,2026-03-04,L2,3,5,-1.0791,,,,,0.6,none,midweek_partial,False,True,-0.9009,-0.7156,-0.1853,0.8684,shrinking,0.15214285714285727,-0.3286,False,False,False,False,True,,,,,0_0
000601,2026-03-06,L2,5,5,10.4317,6.5654,8.6372,-2.0718,1.5889,1.0,none,completed_week,False,False,10.0358,1.4545,8.5813,1.0304,normal,0.17857142857142877,3.136,False,False,True,False,False,,,True,False,0_0
000601,2026-03-10,L2,2,5,6.0261,,,,,0.4,none,tuesday_gate_failed,,False,-3.5556,9.9349,-13.4904,1.0554,normal,0.22285714285714306,-1.0769,False,False,False,False,True,,,,,0_0
000601,2026-03-12,L2,4,5,14.1694,4.1985,10.4317,-6.2332,3.3749,0.8,none,midweek_partial,False,False,0.2861,7.3733,-7.0871,0.9132,normal,0.2871428571428573,0.0697,False,False,False,False,True,,,,,0_0
000601,2026-03-16,L2,1,5,-3.2258,1.6447,10.4317,-8.787,3.1687,0.2,none,monday,False,False,-2.4768,-7.8459,5.3692,0.7731,shrinking,0.37000000000000016,-0.4324,False,False,False,False,True,,,,,0_0
000601,2026-03-18,L2,3,5,3.3794,8.7897,5.2117,3.578,0.3845,0.6,double_positive_efficiency_improved,midweek_partial,True,False,9.9673,-2.8571,12.8245,0.3216,shrinking,0.41357142857142865,1.475,True,False,False,False,False,False,True,,,1_0
000601,2026-03-20,L2,5,5,25.0384,67.0716,5.2117,61.8599,0.3733,1.0,double_positive_efficiency_improved,completed_week,True,False,10.0,9.9554,0.0446,3.8851,expanding,0.4578571428571429,1.6162,False,False,False,False,False,,,,,1_0
000601,2026-03-24,L2,2,5,-0.7389,,,,,0.4,double_positive_efficiency_improved,tuesday_B,True,False,9.9591,-9.9509,19.9099,0.9225,normal,0.5121428571428572,1.4254,True,False,False,False,False,False,True,,,1_0
000601,2026-03-26,L2,4,5,-0.6158,,,,,0.8,none,midweek_partial,False,True,-9.0192,10.0496,-19.0688,1.4934,expanding,0.607857142857143,-1.3161,False,False,False,False,True,,,,,0_0
000601,2026-03-30,L2,1,5,-4.6753,1.1356,25.0384,-23.9028,3.4702,0.2,none,monday,False,False,-5.8974,-3.3457,-2.5517,0.9484,normal,0.6735714285714286,-0.6829,False,False,False,False,True,,,,,0_0
000603,2026-01-05,L2,1,5,0.4306,0.2859,3.051,-2.7651,0.9061,0.2,negative_to_positive,monday,True,False,5.4587,1.1104,4.3483,0.9215,normal,2.005000000000001,0.8429,True,False,False,False,False,True,False,,,1_0
000603,2026-01-07,L2,3,5,4.6447,3.0782,0.2591,2.8191,1.5089,0.6,double_positive_efficiency_improved,midweek_partial,True,False,0.1767,4.0123,-3.8356,0.898,shrinking,2.0821428571428577,0.0288,False,False,False,False,True,,,,,1_0
000603,2026-01-09,L2,5,5,6.7364,4.9402,0.2591,4.6811,1.3636,1.0,double_positive_efficiency_improved,completed_week,True,False,6.0838,-3.8507,9.9344,1.1575,expanding,2.0878571428571435,0.9531,False,False,False,False,False,,,,,1_0
000603,2026-01-13,L2,2,5,2.2293,,,,,0.4,double_positive_efficiency_improved,tuesday_B,True,False,2.5832,8.2133,-5.63,1.0135,normal,2.148571428571429,0.4515,False,False,False,False,True,,,,,1_0
000603,2026-01-15,L2,4,5,6.6614,6.926,6.7364,0.1896,0.9618,0.8,double_positive_efficiency_improved,midweek_partial,True,False,-1.784,6.2305,-8.0145,0.8968,shrinking,2.2650000000000006,-0.3223,False,False,False,False,True,,,,,1_0
000603,2026-01-19,L2,1,5,-2.0651,7.9344,6.7364,1.198,0.9232,0.2,double_positive_efficiency_improved,monday,True,False,-0.3215,0.622,-0.9435,0.8892,shrinking,2.357857142857143,-0.0551,False,False,False,False,True,,,,,1_0
000603,2026-01-21,L2,3,5,11.759,11.9134,7.3248,4.5886,0.987,0.6,double_positive_efficiency_improved,midweek_partial,True,False,9.576,4.1429,5.4331,1.069,normal,2.431428571428572,1.6533,False,False,True,False,False,,,True,False,1_0
000603,2026-01-23,L2,5,5,25.1215,24.0882,7.3248,16.7634,1.0429,1.0,double_positive_efficiency_improved,completed_week,True,False,9.9957,1.7826,8.2131,0.7801,shrinking,2.660714285714286,1.7589,True,False,True,False,False,True,False,True,False,1_0
000603,2026-01-27,L2,2,5,8.2669,,,,,0.4,double_positive_efficiency_improved,tuesday_A,True,False,7.9612,10.0,-2.0388,5.9126,expanding,3.0857142857142863,1.4616,False,False,False,False,False,,,,,1_0
000603,2026-01-29,L2,4,5,20.0212,13.2037,25.1215,-11.9178,1.5163,0.8,none,midweek_partial,False,False,0.7729,10.0065,-9.2337,1.248,expanding,3.569285714285715,0.1457,False,False,False,False,True,,,,,0_0
000603,2026-03-02,L2,1,5,5.1487,7.9077,7.015,0.8927,1.091,0.2,negative_to_positive,monday,True,False,8.7885,3.8339,4.9546,1.7051,expanding,3.545714285714286,1.2889,False,False,True,False,False,,,True,False,1_0
000603,2026-03-04,L2,3,5,-8.9219,,,,,0.6,none,midweek_partial,False,False,-3.7517,-10.0053,6.2536,0.7724,shrinking,3.280714285714286,-0.5822,False,False,False,False,True,,,,,0_0
000603,2026-03-10,L2,2,5,1.133,,,,,0.4,none,tuesday_gate_failed,,False,2.9255,-1.7415,4.667,0.602,shrinking,2.9414285714285717,0.4658,True,True,False,False,True,False,True,,,0_1
000605,2026-02-02,L2,1,5,-1.2623,0.2229,3.6337,-3.4108,1.255,0.2,none,monday,False,False,-1.2623,1.567,-2.8292,0.9508,normal,0.1335714285714286,-0.6738,False,False,False,False,True,,,,,0_0
000605,2026-02-04,L2,3,5,0.9818,0.9314,0.2797,0.6517,1.0541,0.6,negative_to_positive,midweek_partial,True,False,1.4085,0.8523,0.5562,0.8899,shrinking,0.14357142857142854,0.6965,True,True,False,False,True,True,False,,,1_1
000605,2026-02-06,L2,5,5,0.9818,1.0473,0.2797,0.7676,0.9374,1.0,negative_to_positive,completed_week,True,False,0.4184,-0.4167,0.8351,1.0596,normal,0.14857142857142858,0.2019,False,False,False,False,True,,,,,1_0
000605,2026-02-10,L2,2,5,0.2755,,,,,0.4,negative_to_positive,tuesday_A,True,False,-0.1372,1.25,-1.3872,0.9406,normal,0.1407142857142857,-0.0711,False,False,False,False,True,,,,,1_0
000605,2026-02-12,L2,4,5,-0.9642,,,,,0.8,none,midweek_partial,False,False,-1.5068,0.2747,-1.7816,1.0647,normal,0.1371428571428572,-0.8021,False,False,False,False,True,,,,,0_0
000605,2026-02-24,L2,1,5,1.8031,,,,,0.2,none,tuesday_gate_failed,,False,2.514,-0.4172,2.9312,1.4716,expanding,0.14500000000000007,1.2414,False,False,False,False,True,,,,,0_0
000605,2026-02-26,L2,3,5,1.2483,1.1573,1.3774,-0.2201,1.0786,0.6,negative_to_positive,midweek_partial,True,False,-0.6803,0.1362,-0.8165,1.2425,expanding,0.13928571428571437,-0.359,False,False,False,False,True,,,,,1_0
000605,2026-03-02,L2,1,5,-2.0492,2.2782,1.3774,0.9008,0.8523,0.2,negative_to_positive,monday,True,False,-2.449,0.6849,-3.1339,1.5889,expanding,0.13571428571428573,-1.3263,False,False,False,False,True,,,,,1_0
000605,2026-03-04,L2,3,5,-3.8251,,,,,0.6,none,midweek_partial,False,False,-1.676,-0.1395,-1.5365,0.9085,normal,0.13571428571428568,-0.8842,False,False,False,False,True,,,,,0_0
000605,2026-03-06,L2,5,5,0.8197,0.445,1.9417,-1.4967,1.8419,1.0,none,completed_week,False,False,2.6426,2.1307,0.5119,1.2602,expanding,0.14071428571428563,1.3503,False,False,False,False,True,,,,,0_0
000605,2026-03-10,L2,2,5,2.1978,,,,,0.4,none,tuesday_gate_failed,,False,1.2245,-0.4065,1.631,0.9796,normal,0.16142857142857134,0.5575,True,True,True,True,True,False,True,False,True,0_1
000605,2026-03-12,L2,4,5,0.1374,0.1616,0.8197,-0.6581,0.85,0.8,none,midweek_partial,False,False,-1.4865,-0.5376,-0.9489,1.204,expanding,0.1728571428571428,-0.6364,False,False,False,False,True,,,,,0_0
000605,2026-03-16,L2,1,5,-0.6821,0.8243,0.8197,0.0046,0.8332,0.2,double_positive_efficiency_improved,monday,True,False,-0.6821,0.5487,-1.2308,1.0105,normal,0.17142857142857132,-0.2917,False,False,False,False,True,,,,,1_0
000605,2026-03-18,L2,3,5,0.2729,0.2887,0.6868,-0.3981,0.9449,0.6,none,midweek_partial,False,False,2.3677,-1.3736,3.7413,1.0182,normal,0.1735714285714285,0.9794,False,False,False,False,True,,,,,0_0
000605,2026-03-26,L2,4,5,3.0973,1.8943,5.8663,-3.972,1.6351,0.8,negative_to_positive,midweek_partial,True,False,-1.9635,3.3333,-5.2969,0.5275,shrinking,0.2492857142857143,-0.5616,False,False,False,False,True,,,,,1_0
000605,2026-03-30,L2,1,5,0.2845,2.8545,5.8663,-3.0118,1.4985,0.2,negative_to_positive,monday,True,False,-0.2829,1.1445,-1.4274,0.9716,normal,0.25428571428571434,-0.0787,False,False,False,False,True,,,,,1_0
000607,2026-01-05,L2,1,5,1.6827,0.9229,3.0516,-2.1287,0.789,0.2,negative_to_positive,monday,True,False,1.9277,1.2195,0.7082,1.0887,normal,0.0978571428571428,0.8175,False,False,True,True,True,,,True,False,1_1
000607,2026-01-07,L2,3,5,1.4423,0.7338,0.7282,0.0056,1.9655,0.6,double_positive_efficiency_improved,midweek_partial,True,False,-1.171,0.9456,-2.1166,0.9636,normal,0.09642857142857134,-0.5185,False,False,False,False,True,,,,,1_0
000607,2026-01-09,L2,5,5,6.9712,2.8035,0.7282,2.0753,2.4866,1.0,double_positive_efficiency_improved,completed_week,True,False,3.7296,1.6588,2.0708,2.1188,expanding,0.0964285714285714,1.6593,False,False,True,False,False,,,True,False,1_0
000607,2026-01-13,L2,2,5,5.5432,,,,,0.4,double_positive_efficiency_improved,tuesday_A,True,False,-1.0395,8.0899,-9.1294,1.0513,normal,0.10285714285714276,-0.4861,False,False,False,False,True,,,,,1_0
000607,2026-01-15,L2,4,5,5.765,1.1488,6.9712,-5.8224,5.0183,0.8,none,midweek_partial,False,False,-3.8306,4.2017,-8.0323,0.6559,shrinking,0.13714285714285707,-1.3854,False,False,False,False,True,,,,,0_0
000607,2026-01-19,L2,1,5,-1.3304,0.0489,6.9712,-6.9223,4.5348,0.2,none,monday,False,False,-1.1111,-5.6604,4.5493,0.5729,shrinking,0.17214285714285715,-0.2905,False,False,False,False,True,,,,,0_0
000607,2026-01-21,L2,3,5,0.6652,1.9269,0.2217,1.7052,0.3452,0.6,negative_to_positive,midweek_partial,True,False,0.4425,1.573,-1.1306,0.7984,shrinking,0.1935714285714287,0.1033,False,False,False,False,True,,,,,1_0
000607,2026-01-23,L2,5,5,11.7517,20.0606,0.2217,19.8389,0.5858,1.0,negative_to_positive,completed_week,True,False,10.0437,0.8811,9.1626,5.6613,expanding,0.20714285714285724,2.2207,False,False,True,False,False,,,True,False,1_0
000607,2026-01-27,L2,2,5,-5.916,,,,,0.4,negative_to_positive,tuesday_B,True,False,-2.1825,0.0,-2.1825,0.4845,shrinking,0.23500000000000007,-0.4681,False,False,False,False,True,,,,,1_0
000607,2026-01-29,L2,4,5,0.7634,0.4208,11.7517,-11.3309,1.8139,0.8,none,midweek_partial,False,False,10.0,-2.6369,12.6369,0.9588,normal,0.28214285714285714,1.7013,True,False,False,False,False,False,True,,,0_0
000607,2026-02-02,L2,1,5,2.459,0.9914,11.7517,-10.7603,2.1174,0.2,none,monday,False,False,-2.5341,-2.8409,0.3068,0.5594,shrinking,0.31357142857142867,-0.4146,False,False,False,False,True,,,,,0_0
000607,2026-02-04,L2,3,5,5.9426,4.8779,2.0992,2.7787,1.2183,0.6,negative_to_positive,midweek_partial,True,False,-2.4528,6.0,-8.4528,0.7343,shrinking,0.29785714285714293,-0.4365,False,False,False,False,True,,,,,1_0
000607,2026-02-06,L2,5,5,4.3033,3.9432,2.0992,1.844,1.0913,1.0,negative_to_positive,completed_week,True,False,-3.7807,2.3211,-6.1018,0.7051,shrinking,0.30928571428571433,-0.6467,False,False,False,False,True,,,,,1_0
000607,2026-02-10,L2,2,5,4.2226,,,,,0.4,negative_to_positive,tuesday_A,True,False,2.6465,3.9293,-1.2828,1.7029,expanding,0.33214285714285713,0.4215,False,False,False,False,True,,,,,1_0
000607,2026-02-12,L2,4,5,-2.8791,,,,,0.8,none,midweek_partial,False,False,-2.5048,-4.4199,1.9151,0.7204,shrinking,0.35999999999999993,-0.3611,False,False,False,False,True,,,,,0_0
000607,2026-03-02,L2,1,5,-3.2967,11.5692,7.4856,4.0836,0.3557,0.2,none,monday,False,False,-5.5794,0.8658,-6.4452,1.634,expanding,0.2928571428571427,-0.8878,False,False,False,False,True,,,,,0_0
000607,2026-03-06,L2,5,5,-4.6154,5.2476,4.1152,1.1324,0.8795,1.0,none,completed_week,False,False,1.6393,0.4706,1.1688,0.8045,shrinking,0.24142857142857124,0.2899,True,True,False,False,True,True,False,,,0_1
000607,2026-03-10,L2,2,5,1.8779,,,,,0.4,none,tuesday_gate_failed,,False,-0.2299,0.2304,-0.4603,0.9917,normal,0.207142857142857,-0.0483,False,False,False,False,True,,,,,0_0
000607,2026-03-18,L2,3,5,3.6145,4.1974,2.1127,2.0847,0.8611,0.6,negative_to_positive,midweek_partial,True,False,1.1765,-0.7009,1.8774,0.7952,shrinking,0.12928571428571425,0.3867,True,True,False,False,True,False,True,,,1_1
000608,2026-01-05,L2,1,5,0.0,0.0,7.7869,-7.7869,0.6893,0.2,none,monday,False,False,4.943,0.0,4.943,0.1548,shrinking,0.10571428571428577,1.2297,True,False,False,False,False,False,True,,,0_0
000608,2026-01-07,L2,3,5,10.5072,8.7522,0.0,8.7522,1.2005,0.6,negative_to_positive,midweek_partial,True,False,5.1724,5.0725,0.1,6.9182,expanding,0.10571428571428577,1.4189,False,False,False,False,False,,,,,1_0
000608,2026-01-15,L2,1,5,0.0,,,,,0.2,unknown,midweek_partial,,False,4.918,5.1724,-0.2544,0.0462,shrinking,0.10785714285714287,1.3907,False,False,False,False,False,,,,,0_0
000608,2026-01-19,L2,1,5,1.1696,78.2282,10.5072,67.721,0.0639,0.2,double_positive_efficiency_improved,monday,True,False,2.9762,5.0,-2.0238,91.9826,expanding,0.11428571428571432,0.875,False,False,False,False,True,,,,,1_0
000608,2026-01-21,L2,3,5,-1.7544,,,,,0.6,none,midweek_partial,False,True,2.1277,-4.9133,7.041,1.2152,expanding,0.1357142857142857,0.5158,False,False,False,False,True,,,,,0_0
000608,2026-01-23,L2,5,5,3.8012,0.036,5.0,-4.964,105.632,1.0,none,completed_week,False,False,5.0296,0.5952,4.4343,1.24,expanding,0.15857142857142853,1.0721,False,False,True,False,False,,,True,False,0_0
000608,2026-01-27,L2,2,5,-3.4384,,,,,0.4,none,tuesday_gate_failed,,False,-3.1609,-1.9718,-1.1891,0.8408,shrinking,0.1685714285714286,-0.6525,False,False,False,False,True,,,,,0_0
000608,2026-01-29,L2,4,5,-5.1576,,,,,0.8,none,midweek_partial,False,True,2.4768,-4.1543,6.6311,1.4385,expanding,0.17642857142857146,0.4534,False,False,False,False,True,,,,,0_0
000608,2026-02-02,L2,1,5,2.6549,7.6719,3.8012,3.8707,0.6723,0.2,none,monday,False,False,5.136,0.0,5.136,0.3705,shrinking,0.1921428571428572,0.8848,True,False,True,False,False,False,True,False,True,0_0
000608,2026-02-04,L2,3,5,10.6195,15.2564,5.1576,10.0988,0.6961,0.6,negative_to_positive,midweek_partial,True,False,2.7397,4.8851,-2.1453,22.4595,expanding,0.19928571428571432,0.5018,False,False,False,False,True,,,,,1_0
000608,2026-02-06,L2,5,5,5.0147,5.7238,5.1576,0.5662,0.8761,1.0,negative_to_positive,completed_week,True,False,-4.5576,-0.5333,-4.0243,0.8447,shrinking,0.2092857142857143,-0.8123,False,False,False,False,True,,,,,1_0
000608,2026-02-10,L2,2,5,4.7091,,,,,0.4,negative_to_positive,tuesday_B,True,False,5.0,1.1236,3.8764,1.3713,expanding,0.21500000000000002,0.8372,False,False,False,False,False,,,,,1_0
000608,2026-02-12,L2,4,5,0.554,0.4504,5.0147,-4.5643,1.2302,0.8,none,midweek_partial,False,False,-2.4194,-1.5873,-0.8321,0.8862,shrinking,0.20642857142857146,-0.436,False,False,False,False,True,,,,,0_0
000608,2026-02-24,L2,1,5,2.7624,,,,,0.2,none,tuesday_gate_failed,,False,1.6393,0.8264,0.8129,1.1276,expanding,0.20714285714285716,0.2897,False,False,False,False,True,,,,,0_0
000608,2026-02-26,L2,3,5,0.0,,,,,0.6,none,midweek_partial,False,False,-2.9491,0.2688,-3.2179,1.8597,expanding,0.20428571428571432,-0.5385,False,False,False,False,True,,,,,0_0
000608,2026-03-02,L2,1,5,-3.4188,1.7297,1.385,0.3447,0.7985,0.2,none,monday,False,False,-5.042,-1.3812,-3.6608,0.7234,shrinking,0.18857142857142858,-0.9545,False,False,False,False,True,,,,,0_0
000608,2026-03-04,L2,3,5,-4.2735,,,,,0.6,none,midweek_partial,False,False,0.2985,-1.1799,1.4784,0.6536,shrinking,0.19000000000000003,0.0526,True,True,False,False,True,False,True,,,0_1
000608,2026-03-06,L2,5,5,-1.9943,1.572,1.3812,0.1908,1.2686,1.0,none,completed_week,False,False,0.2915,2.0833,-1.7918,0.6582,shrinking,0.17785714285714288,0.0562,False,False,False,False,True,,,,,0_0
000608,2026-03-10,L2,2,5,2.6706,,,,,0.4,none,tuesday_gate_failed,,False,3.9039,-3.1977,7.1016,1.2983,expanding,0.15785714285714292,0.8235,False,False,False,False,False,,,,,0_0
000608,2026-03-12,L2,4,5,8.9021,8.2599,1.9943,6.2656,1.0777,0.8,negative_to_positive,midweek_partial,True,False,1.1019,4.9133,-3.8114,1.0861,normal,0.15571428571428572,0.2569,False,False,False,False,True,,,,,1_0
000608,2026-03-16,L2,1,5,-0.2667,10.9551,1.9943,8.9608,1.0564,0.2,negative_to_positive,monday,True,False,-0.5319,2.4523,-2.9842,0.766,shrinking,0.15571428571428572,-0.1284,False,False,False,False,True,,,,,1_0
000608,2026-03-18,L2,3,5,4.2667,5.284,11.5727,-6.2887,0.8075,0.6,none,midweek_partial,False,False,5.1075,-0.5348,5.6423,1.728,expanding,0.1571428571428571,1.2091,False,False,False,False,False,,,,,0_0
000608,2026-03-20,L2,5,5,5.0667,5.7956,11.5727,-5.7771,0.8742,1.0,none,completed_week,False,False,-1.005,1.7903,-2.7953,0.7982,shrinking,0.16714285714285712,-0.2393,False,False,False,False,True,,,,,0_0
000608,2026-03-24,L2,2,5,2.0779,,,,,0.4,none,tuesday_gate_failed,,False,5.0802,-5.0761,10.1564,1.1415,expanding,0.16428571428571434,1.1565,False,False,False,False,False,,,,,0_0
000608,2026-03-26,L2,4,5,12.2078,10.1801,5.0667,5.1134,1.1992,0.8,double_positive_efficiency_improved,midweek_partial,True,False,4.6005,5.0891,-0.4886,1.1728,expanding,0.1728571428571429,1.0992,False,False,False,False,False,,,,,1_0
000608,2026-03-30,L2,1,5,2.8302,9.4685,5.0667,4.4018,1.1796,0.2,double_positive_efficiency_improved,monday,True,False,1.8692,-0.9259,2.7951,0.6891,shrinking,0.18142857142857144,0.4409,True,True,False,False,True,False,True,,,1_1
000609,2026-01-05,L2,1,5,-2.1814,2.6728,8.4915,-5.8187,0.6201,0.2,none,monday,False,False,-4.2697,1.8307,-6.1003,0.6937,shrinking,0.59,-0.6441,False,False,False,False,True,,,,,0_0
000609,2026-01-07,L2,3,5,3.7887,2.5839,1.6575,0.9264,1.4663,0.6,negative_to_positive,midweek_partial,True,False,1.0056,5.0469,-4.0414,1.461,expanding,0.5707142857142856,0.1577,False,False,False,False,True,,,,,1_0
000609,2026-01-09,L2,5,5,7.8071,5.355,1.6575,3.6975,1.4579,1.0,negative_to_positive,completed_week,True,False,5.0336,-1.1062,6.1398,0.9994,normal,0.5721428571428572,0.7865,True,False,False,False,False,False,True,,,1_0
000609,2026-01-13,L2,2,5,-9.5085,,,,,0.4,negative_to_positive,tuesday_C,True,False,-5.0448,-5.0053,-0.0395,0.8616,shrinking,0.5307142857142857,-0.8479,False,False,False,False,True,,,,,1_0
000609,2026-02-02,L2,1,5,1.0989,7.9013,6.0052,1.8961,1.1066,0.2,none,monday,False,False,-0.6748,1.7857,-2.4605,0.6499,shrinking,0.4150000000000001,-0.1205,False,False,False,False,True,,,,,0_0
000609,2026-02-04,L2,3,5,2.6099,2.4822,8.7438,-6.2616,1.0514,0.6,negative_to_positive,midweek_partial,True,False,-2.3529,3.9402,-6.2932,0.628,shrinking,0.41928571428571443,-0.4293,False,False,False,False,True,,,,,1_0
000609,2026-02-06,L2,5,5,13.0495,19.7681,8.7438,11.0243,0.6601,1.0,negative_to_positive,completed_week,True,False,4.9745,4.9531,0.0213,0.461,shrinking,0.4200000000000001,0.9286,True,False,False,False,False,True,False,,,1_0
000609,2026-02-10,L2,2,5,4.9769,,,,,0.4,negative_to_positive,tuesday_C_failed_volume,False,False,4.9769,4.9818,-0.0049,1.1563,expanding,0.41000000000000014,1.0488,False,False,False,False,False,,,,,0_0
000609,2026-02-12,L2,4,5,15.7407,34.9896,13.0495,21.9401,0.4499,0.8,double_positive_efficiency_improved,midweek_partial,True,False,5.042,4.9614,0.0806,45.5297,expanding,0.4071428571428572,1.1789,False,False,False,False,False,,,,,1_0
000609,2026-02-24,L2,1,5,-9.2727,,,,,0.2,double_positive_efficiency_improved,tuesday_pending,True,False,-4.9524,5.0,-9.9524,2.6283,expanding,0.4221428571428572,-1.2318,False,False,False,False,True,,,,,1_0
000609,2026-02-26,L2,3,5,0.0,,,,,0.6,none,midweek_partial,False,False,4.9618,5.01,-0.0482,0.1073,shrinking,0.47928571428571437,1.0849,False,False,False,False,False,,,,,0_0
000609,2026-03-02,L2,1,5,0.0,0.7804,21.5278,-20.7474,2.5628,0.2,none,monday,False,False,-5.0093,-2.0,-3.0093,0.0696,shrinking,0.47928571428571426,-1.1267,False,False,False,False,True,,,,,0_0
000609,2026-03-12,L2,4,5,11.0169,8.9065,6.543,2.3635,1.237,0.8,negative_to_positive,midweek_partial,True,False,5.01,5.0526,-0.0426,1.2024,expanding,0.5899999999999999,0.8475,False,False,False,False,False,,,,,1_0
000609,2026-03-16,L2,1,5,-4.0076,7.8747,6.543,1.3317,1.3049,0.2,negative_to_positive,monday,True,False,-3.3622,-0.6679,-2.6942,0.8294,shrinking,0.6064285714285713,-0.5771,False,False,False,False,True,,,,,1_0
000609,2026-03-18,L2,3,5,-4.3893,,,,,0.6,none,midweek_partial,False,False,2.2449,-2.5845,4.8294,1.3458,expanding,0.6107142857142857,0.3602,False,False,False,False,True,,,,,0_0
000612,2026-01-05,L2,1,5,0.177,0.2506,7.7527,-7.5021,0.7256,0.2,none,monday,False,False,2.7223,-0.6312,3.3535,1.4537,expanding,0.40785714285714303,0.7356,False,False,False,False,True,,,,,0_0
000612,2026-01-07,L2,3,5,6.5487,2.8178,0.1818,2.636,2.324,0.6,double_positive_efficiency_improved,midweek_partial,True,False,1.2616,5.0353,-3.7738,1.0042,normal,0.4235714285714288,0.3541,False,False,False,False,True,,,,,1_0
000612,2026-01-09,L2,5,5,7.0796,3.2797,0.1818,3.0979,2.1586,1.0,double_positive_efficiency_improved,completed_week,True,False,3.5073,-2.907,6.4142,0.9228,normal,0.46000000000000024,0.8913,True,False,False,False,False,False,True,,,1_0
000612,2026-01-13,L2,2,5,4.2605,,,,,0.4,double_positive_efficiency_improved,tuesday_A,True,False,-2.5545,10.0,-12.5545,0.7509,shrinking,0.492857142857143,-0.6899,False,False,False,False,True,,,,,1_0
000612,2026-01-15,L2,4,5,3.2958,2.783,7.0796,-4.2966,1.1843,0.8,none,midweek_partial,False,False,0.3906,-1.3107,1.7013,0.8948,shrinking,0.5800000000000003,0.0862,True,True,False,False,True,False,True,,,0_1
000612,2026-01-19,L2,1,5,2.0312,1.5273,7.0796,-5.5523,1.1053,0.2,none,monday,False,False,3.2411,-1.5564,4.7975,1.1435,expanding,0.6221428571428574,0.659,False,False,False,False,True,,,,,0_0
000612,2026-01-21,L2,3,5,4.4531,5.5681,1.6881,3.88,0.7998,0.6,double_positive_efficiency_improved,midweek_partial,True,False,-0.2239,2.6034,-2.8272,0.7097,shrinking,0.6571428571428576,-0.0457,False,False,False,False,True,,,,,1_0
000612,2026-01-23,L2,5,5,10.2344,12.065,1.6881,10.3769,0.8483,1.0,double_positive_efficiency_improved,completed_week,True,False,0.427,5.086,-4.659,0.9033,normal,0.668571428571429,0.0897,False,False,False,False,True,,,,,1_0
000612,2026-01-27,L2,2,5,-1.5406,,,,,0.4,double_positive_efficiency_improved,tuesday_A,True,False,-6.2041,6.2367,-12.4408,1.019,normal,0.7207142857142861,-1.2904,False,False,False,False,True,,,,,1_0
000612,2026-01-29,L2,4,5,4.7619,3.1332,10.2344,-7.1012,1.5198,0.8,none,midweek_partial,False,False,-0.9272,7.3969,-8.324,1.1269,expanding,0.770714285714286,-0.1816,False,False,False,False,True,,,,,0_0
000612,2026-02-02,L2,1,5,-0.6202,3.2885,10.2344,-6.9459,1.5119,0.2,none,monday,False,False,-5.5269,-9.2914,3.7645,0.6526,shrinking,0.8907142857142859,-0.842,False,False,False,False,True,,,,,0_0
000612,2026-02-04,L2,3,5,5.8915,10.5119,4.972,5.5399,0.5605,0.6,negative_to_positive,midweek_partial,True,False,1.7884,4.6802,-2.8918,0.8926,shrinking,0.9207142857142857,0.2607,False,False,False,False,True,,,,,1_0
000612,2026-02-06,L2,5,5,1.0078,2.1059,4.972,-2.8661,0.4785,1.0,negative_to_positive,completed_week,True,False,-0.1533,-4.4656,4.3123,0.8147,shrinking,0.9064285714285714,-0.0221,False,False,False,False,True,,,,,1_0
000612,2026-02-10,L2,2,5,-0.9774,,,,,0.4,negative_to_positive,tuesday_A,True,False,-1.1261,2.2256,-3.3518,0.8697,shrinking,0.9092857142857141,-0.165,False,False,False,False,True,,,,,1_0
000612,2026-02-12,L2,4,5,5.5639,5.9895,1.0078,4.9817,0.9289,0.8,double_positive_efficiency_improved,midweek_partial,True,False,0.2857,6.3022,-6.0165,0.5792,shrinking,0.8764285714285712,0.0456,False,False,False,False,True,,,,,1_0
000612,2026-02-24,L2,1,5,0.1421,,,,,0.2,double_positive_efficiency_improved,tuesday_A,True,False,2.3983,-1.9943,4.3926,0.948,normal,0.8978571428571426,0.3675,True,True,False,False,True,False,True,,,1_1
000612,2026-02-26,L2,3,5,3.909,3.6554,3.4586,0.1968,1.0694,0.6,double_positive_efficiency_improved,midweek_partial,True,False,1.5983,2.1292,-0.5308,1.0134,normal,0.8128571428571426,0.283,False,False,False,False,True,,,,,1_0
000612,2026-03-02,L2,1,5,1.7473,6.5656,3.4586,3.107,0.866,0.2,double_positive_efficiency_improved,monday,True,False,1.8157,1.71,0.1058,1.3356,expanding,0.7192857142857143,0.3754,False,False,True,True,True,,,True,False,1_1
000612,2026-03-04,L2,3,5,0.8065,0.4542,5.6859,-5.2317,1.7757,0.6,none,midweek_partial,False,False,3.377,-4.1612,7.5381,1.1413,expanding,0.6671428571428571,0.7345,False,False,False,False,True,,,,,0_0
000612,2026-03-06,L2,5,5,-2.1505,1.288,5.6859,-4.3979,1.6697,1.0,none,completed_week,False,False,-3.64,0.7333,-4.3733,0.7372,shrinking,0.7114285714285714,-0.7731,False,False,False,False,True,,,,,0_0
000612,2026-03-10,L2,2,5,-4.0775,,,,,0.4,none,tuesday_gate_failed,,False,-1.3067,-0.1374,-1.1694,0.8084,shrinking,0.7042857142857141,-0.2698,False,False,False,False,True,,,,,0_0
000612,2026-03-12,L2,4,5,-2.5401,,,,,0.8,none,midweek_partial,False,False,0.7602,0.8362,-0.076,1.4567,expanding,0.7342857142857141,0.1498,False,False,False,False,True,,,,,0_0
000615,2026-01-05,L2,1,5,0.2874,7.5945,1.2107,6.3838,0.7808,0.2,none,monday,False,False,0.0,-3.8567,3.8567,0.6366,shrinking,0.15357142857142855,0.0,False,False,False,False,True,,,,,0_0
000615,2026-01-07,L2,3,5,-1.4368,,,,,0.6,none,midweek_partial,False,False,-0.8671,-0.8596,-0.0075,0.6076,shrinking,0.1592857142857143,-0.1883,False,False,False,False,True,,,,,0_0
000615,2026-01-09,L2,5,5,-4.023,3.0274,5.9299,-2.9025,1.3289,1.0,none,completed_week,False,False,-1.1834,-1.4577,0.2743,1.4544,expanding,0.1564285714285715,-0.2557,False,False,False,False,True,,,,,0_0
000615,2026-01-13,L2,2,5,1.4925,,,,,0.4,none,tuesday_gate_failed,,False,3.0303,-1.1976,4.2279,1.3106,expanding,0.16071428571428578,0.6222,False,False,False,False,True,,,,,0_0
000615,2026-01-15,L2,4,5,2.0896,1.7256,4.023,-2.2974,1.2109,0.8,negative_to_positive,midweek_partial,True,False,2.0896,-1.4706,3.5601,0.7475,shrinking,0.16500000000000006,0.4242,True,True,False,False,True,False,True,,,1_1
000615,2026-01-19,L2,1,5,-1.7699,2.0204,4.023,-2.0026,1.182,0.2,negative_to_positive,monday,True,False,-2.9155,0.2924,-3.2078,0.9853,normal,0.15000000000000013,-0.6667,False,False,False,False,True,,,,,1_0
000615,2026-01-21,L2,3,5,-2.9499,,,,,0.6,none,midweek_partial,False,False,1.5432,-2.7027,4.2459,0.5507,shrinking,0.1514285714285715,0.3302,True,True,False,False,True,False,True,,,0_1
000615,2026-01-23,L2,5,5,-2.0649,3.4497,2.3881,1.0616,0.5986,1.0,none,completed_week,False,False,-0.5988,1.5198,-2.1186,1.1265,expanding,0.11714285714285722,-0.1707,False,False,False,False,True,,,,,0_0
000615,2026-02-02,L2,1,5,-0.6452,6.1446,2.0649,4.0797,1.18,0.2,none,monday,False,False,0.3257,-1.9169,2.2427,0.9177,normal,0.10428571428571429,0.0959,True,True,False,False,True,False,True,,,0_1
000615,2026-02-04,L2,3,5,0.9677,1.0365,7.2508,-6.2143,0.9337,0.6,negative_to_positive,midweek_partial,True,False,0.9677,0.6494,0.3184,1.0804,normal,0.09571428571428571,0.3134,False,False,True,True,True,,,True,False,1_1
000615,2026-02-06,L2,5,5,0.0,0.0,7.2508,-7.2508,0.9261,1.0,none,completed_week,False,False,-1.8987,0.9585,-2.8572,0.7218,shrinking,0.09071428571428565,-0.6614,False,False,False,False,True,,,,,0_0
000615,2026-02-10,L2,2,5,2.2436,,,,,0.4,none,tuesday_gate_failed,,False,2.2436,0.6452,1.5984,1.5434,expanding,0.08571428571428566,0.8167,False,False,False,False,True,,,,,0_0
000615,2026-02-12,L2,4,5,6.4103,5.1623,0.0,5.1623,1.2417,0.8,negative_to_positive,midweek_partial,True,False,-0.8955,5.0157,-5.9112,1.8409,expanding,0.07928571428571425,-0.3784,False,False,False,False,True,,,,,1_0
000615,2026-02-24,L2,1,5,-1.2232,,,,,0.2,negative_to_positive,tuesday_pending,True,False,-0.9202,-1.8072,0.887,0.6871,shrinking,0.09000000000000001,-0.3333,False,False,False,False,True,,,,,1_0
000615,2026-02-26,L2,3,5,0.6116,0.8201,4.4872,-3.6671,0.7458,0.6,none,midweek_partial,False,False,-0.6042,2.4768,-3.081,1.0492,normal,0.09214285714285711,-0.2171,False,False,False,False,True,,,,,0_0
000615,2026-03-02,L2,1,5,0.0,1.0254,4.4872,-3.4618,0.5965,0.2,none,monday,False,False,-0.6154,-1.2158,0.6004,1.137,expanding,0.09571428571428571,-0.209,False,False,False,False,True,,,,,0_0
000615,2026-03-04,L2,3,5,-1.8576,,,,,0.6,none,midweek_partial,False,False,0.3165,-2.1672,2.4836,0.6591,shrinking,0.09071428571428572,0.1102,True,True,False,False,True,False,True,,,0_1
000615,2026-03-06,L2,5,5,0.6192,0.6179,0.6116,0.0063,1.0021,1.0,negative_to_positive,completed_week,True,False,0.6192,1.8927,-1.2735,1.1382,expanding,0.0971428571428572,0.2059,False,False,False,False,True,,,,,1_0
000615,2026-03-10,L2,2,5,2.1807,,,,,0.4,negative_to_positive,tuesday_B,True,False,2.8213,-1.8462,4.6675,1.1443,expanding,0.0964285714285715,0.9333,False,False,False,False,True,,,,,1_0
000615,2026-03-12,L2,4,5,2.8037,2.5896,0.6192,1.9704,1.0827,0.8,double_positive_efficiency_improved,midweek_partial,True,False,1.227,-0.6098,1.8367,0.9385,normal,0.10214285714285719,0.3916,True,True,False,False,True,False,True,,,1_1
000615,2026-03-16,L2,1,5,0.9231,1.7538,0.6192,1.1346,1.0658,0.2,double_positive_efficiency_improved,monday,True,False,0.3058,-0.9091,1.2149,0.5915,shrinking,0.09071428571428578,0.1102,True,True,False,False,True,False,True,,,1_1
000615,2026-03-18,L2,3,5,-1.2308,,,,,0.6,none,midweek_partial,False,False,-1.5337,-0.6098,-0.924,1.153,expanding,0.08071428571428584,-0.6195,False,False,False,False,True,,,,,0_0
000615,2026-03-20,L2,5,5,-3.0769,3.8137,1.8692,1.9445,0.8068,1.0,none,completed_week,False,False,-0.6309,-1.2461,0.6152,0.5478,shrinking,0.07571428571428582,-0.2642,False,False,False,False,True,,,,,0_0
000615,2026-03-24,L2,2,5,0.6431,,,,,0.4,none,tuesday_gate_failed,,False,2.623,-3.1746,5.7976,0.7626,shrinking,0.07642857142857151,1.0467,True,True,False,False,True,False,True,,,0_1
000615,2026-03-26,L2,4,5,2.2508,1.83,3.0769,-1.2469,1.2299,0.8,negative_to_positive,midweek_partial,True,False,-1.548,3.1949,-4.7429,0.5885,shrinking,0.07642857142857144,-0.6542,False,False,False,False,True,,,,,1_0
000615,2026-03-30,L2,1,5,0.0,5.0357,3.0769,1.9588,1.4686,0.2,negative_to_positive,monday,True,False,2.6946,5.0314,-2.3368,1.4405,expanding,0.08071428571428571,1.115,False,False,False,False,True,,,,,1_0
000617,2026-01-05,L2,1,5,0.6316,0.0,4.8352,-4.8352,0.8041,0.2,none,monday,False,False,-0.4167,-1.1329,0.7162,1.1754,expanding,0.2778571428571429,-0.144,False,False,False,False,True,,,,,0_0
000617,2026-01-07,L2,3,5,1.5789,1.1282,0.0,1.1282,1.3996,0.6,negative_to_positive,midweek_partial,True,False,-0.7202,1.6736,-2.3938,0.9915,normal,0.2792857142857143,-0.2506,False,False,False,False,True,,,,,1_0
000617,2026-01-09,L2,5,5,3.0526,2.1495,0.0,2.1495,1.4201,1.0,negative_to_positive,completed_week,True,False,1.7672,-0.3109,2.078,1.3999,expanding,0.2771428571428572,0.6134,False,False,True,True,True,,,False,True,1_1
000617,2026-01-13,L2,2,5,-1.7365,,,,,0.4,negative_to_positive,tuesday_A,True,False,-3.5105,1.8386,-5.3491,0.7139,shrinking,0.27142857142857135,-1.2895,False,False,False,False,True,,,,,1_0
000617,2026-01-15,L2,4,5,-1.8386,,,,,0.8,none,midweek_partial,False,True,-4.0918,4.158,-8.2498,0.5872,shrinking,0.29928571428571427,-1.3699,False,False,False,False,True,,,,,0_0
000617,2026-01-19,L2,1,5,0.105,2.0756,3.0526,-0.977,1.3779,0.2,none,monday,False,False,0.2103,-1.0406,1.2509,0.805,shrinking,0.3649999999999998,0.0548,True,True,False,False,True,False,True,,,0_1
000617,2026-01-21,L2,3,5,-3.4664,,,,,0.6,none,midweek_partial,False,False,-1.2889,-2.3085,1.0196,0.8054,shrinking,0.33857142857142836,-0.3544,False,False,False,False,True,,,,,0_0
000617,2026-01-23,L2,5,5,-2.416,5.9892,2.8601,3.1291,0.4034,1.0,none,completed_week,False,False,0.324,0.7617,-0.4377,1.1146,expanding,0.3235714285714283,0.0927,False,False,False,False,True,,,,,0_0
000617,2026-01-27,L2,2,5,-2.2678,,,,,0.4,none,tuesday_gate_failed,,False,-0.7675,-1.8299,1.0624,0.7589,shrinking,0.30785714285714266,-0.2274,False,False,False,False,True,,,,,0_0
000617,2026-01-29,L2,4,5,-0.7559,,,,,0.8,none,midweek_partial,False,False,2.1111,-0.5525,2.6636,1.5695,expanding,0.2928571428571427,0.6488,False,False,False,False,True,,,,,0_0
000617,2026-02-02,L2,1,5,-0.8989,2.7202,2.416,0.3042,1.0719,0.2,none,monday,False,False,-1.891,-2.1763,0.2853,0.7196,shrinking,0.2807142857142856,-0.6056,False,False,False,False,True,,,,,0_0
000617,2026-02-04,L2,3,5,0.6742,1.0637,2.9158,-1.8521,0.6338,0.6,negative_to_positive,midweek_partial,True,False,0.7874,0.7937,-0.0062,0.9111,normal,0.257142857142857,0.2722,False,False,False,False,True,,,,,1_0
000617,2026-02-06,L2,5,5,-0.2247,0.3962,2.9158,-2.5196,0.5672,1.0,none,completed_week,False,False,-0.5599,-0.3348,-0.2251,0.8789,shrinking,0.18285714285714288,-0.2734,False,False,False,False,True,,,,,0_0
000617,2026-02-10,L2,2,5,-0.4479,,,,,0.4,none,tuesday_gate_failed,,False,-0.8919,1.0135,-1.9054,0.7736,shrinking,0.16642857142857156,-0.4807,False,False,False,False,True,,,,,0_0
000617,2026-02-12,L2,4,5,-1.2318,,,,,0.8,none,midweek_partial,False,False,-0.7874,0.0,-0.7874,1.1313,expanding,0.15285714285714289,-0.4579,False,False,False,False,True,,,,,0_0
000617,2026-02-24,L2,1,5,1.5927,,,,,0.2,none,tuesday_gate_failed,,False,2.1739,-0.907,3.0809,1.3722,expanding,0.1471428571428572,1.2913,False,False,False,False,True,,,,,0_0
000617,2026-02-26,L2,3,5,2.3891,1.6291,2.1277,-0.4986,1.4665,0.6,negative_to_positive,midweek_partial,True,False,-0.3322,1.1198,-1.452,0.7388,shrinking,0.1471428571428572,-0.2039,False,False,False,False,True,,,,,1_0
000619,2026-01-05,L2,1,5,-0.3221,3.2077,1.7685,1.4392,0.4941,0.2,none,monday,False,False,-0.3221,0.0,-0.3221,1.3863,expanding,0.15285714285714289,-0.1308,False,False,False,False,True,,,,,0_0
000619,2026-01-07,L2,3,5,-1.6103,,,,,0.6,none,midweek_partial,False,False,-1.6103,0.3231,-1.9334,0.8892,shrinking,0.14214285714285715,-0.7035,False,False,False,False,True,,,,,0_0
000619,2026-01-09,L2,5,5,0.161,0.0659,1.5848,-1.5189,2.4419,1.0,negative_to_positive,completed_week,True,False,0.0,1.8003,-1.8003,0.9791,normal,0.14428571428571438,0.0,False,False,False,False,True,,,,,1_0
000619,2026-01-13,L2,2,5,0.3215,,,,,0.4,negative_to_positive,tuesday_A,True,False,-0.7949,1.1254,-1.9203,0.993,normal,0.1392857142857143,-0.359,False,False,False,False,True,,,,,1_0
000619,2026-01-15,L2,4,5,-1.2862,,,,,0.8,none,midweek_partial,False,False,-0.8078,-0.8013,-0.0065,0.5345,shrinking,0.13285714285714287,-0.3763,False,False,False,False,True,,,,,0_0
000619,2026-01-19,L2,1,5,3.7891,2.0213,0.161,1.8603,1.1136,0.2,none,monday,False,False,3.6184,-0.9772,4.5956,1.2506,expanding,0.13642857142857143,1.6126,False,False,False,False,False,,,,,0_0
000619,2026-01-21,L2,3,5,6.425,6.4575,2.2508,4.2067,0.995,0.6,negative_to_positive,midweek_partial,True,False,1.2539,1.2698,-0.0159,0.9812,normal,0.1471428571428571,0.5437,False,False,False,False,True,,,,,1_0
000619,2026-01-23,L2,5,5,7.743,8.2126,2.2508,5.9618,0.9428,1.0,negative_to_positive,completed_week,True,False,-0.1527,1.3932,-1.5459,1.0413,normal,0.15214285714285714,-0.0657,False,False,False,False,True,,,,,1_0
000619,2026-01-27,L2,2,5,0.7634,,,,,0.4,negative_to_positive,tuesday_B,True,False,0.7634,0.1529,0.6105,1.3688,expanding,0.1500000000000001,0.3333,False,False,False,False,True,,,,,1_0
000619,2026-01-29,L2,4,5,-1.0687,,,,,0.8,none,midweek_partial,False,False,-0.1541,-1.6667,1.5126,0.7094,shrinking,0.1664285714285715,-0.0601,False,False,False,False,True,,,,,0_0
000619,2026-02-02,L2,1,5,-2.7481,0.3444,7.743,-7.3986,1.3298,0.2,none,monday,False,False,-2.3006,0.6173,-2.9179,0.9478,normal,0.16642857142857162,-0.9013,False,False,False,False,True,,,,,0_0
000619,2026-02-04,L2,3,5,1.6794,1.9869,0.458,1.5289,0.8452,0.6,negative_to_positive,midweek_partial,True,False,2.4615,2.0408,0.4207,1.1356,expanding,0.17785714285714307,0.8996,False,False,True,True,True,,,True,False,1_1
000619,2026-02-06,L2,5,5,0.1527,0.1971,0.458,-0.2609,0.7748,1.0,negative_to_positive,completed_week,True,False,-0.6061,-0.9009,0.2948,0.838,shrinking,0.18214285714285738,-0.2196,False,False,False,False,True,,,,,1_0
000619,2026-02-10,L2,2,5,-0.6024,,,,,0.4,negative_to_positive,tuesday_C_failed_volume,False,False,-0.1513,0.7622,-0.9135,1.1418,expanding,0.1685714285714288,-0.0593,False,False,False,False,True,,,,,0_0
000619,2026-02-12,L2,4,5,-2.259,,,,,0.8,none,midweek_partial,False,False,-2.1116,0.4545,-2.5662,1.1027,expanding,0.16285714285714295,-0.8596,False,False,False,False,True,,,,,0_0
000619,2026-02-24,L2,1,5,2.1705,,,,,0.2,none,tuesday_gate_failed,,False,2.8081,-1.2327,4.0408,1.4593,expanding,0.16571428571428568,1.0862,False,False,False,False,True,,,,,0_0
000619,2026-02-26,L2,3,5,1.5504,1.4979,3.4639,-1.966,1.0351,0.6,negative_to_positive,midweek_partial,True,False,-1.0574,0.4552,-1.5126,0.8972,shrinking,0.14714285714285705,-0.4757,False,False,False,False,True,,,,,1_0
000619,2026-03-02,L2,1,5,-2.4845,0.9774,3.4639,-2.4865,0.7931,0.2,negative_to_positive,monday,True,False,-3.3846,-0.7634,-2.6213,1.7643,expanding,0.14285714285714265,-1.54,False,False,False,False,True,,,,,1_0
000619,2026-03-04,L2,3,5,-4.3478,,,,,0.6,none,midweek_partial,False,False,-0.4847,-1.4331,0.9485,0.7984,shrinking,0.14428571428571413,-0.2079,False,False,False,False,True,,,,,0_0
000619,2026-03-06,L2,5,5,0.6211,0.3707,0.7752,-0.4045,1.6756,1.0,none,completed_week,False,False,3.68,1.461,2.219,1.6973,expanding,0.14499999999999982,1.5862,False,False,False,False,False,,,,,0_0
000619,2026-03-10,L2,2,5,0.9259,,,,,0.4,none,tuesday_gate_failed,,False,2.3474,-1.3889,3.7363,0.8429,shrinking,0.16357142857142845,0.917,True,True,False,False,True,False,True,,,0_1
000619,2026-03-12,L2,4,5,-2.0062,,,,,0.8,none,midweek_partial,False,False,-1.5504,-1.3761,-0.1742,1.009,normal,0.1714285714285714,-0.5833,False,False,False,False,True,,,,,0_0
000619,2026-03-16,L2,1,5,-0.314,2.1678,0.6211,1.5467,0.7831,0.2,none,monday,False,False,-0.314,0.315,-0.6289,0.9981,normal,0.17500000000000002,-0.1143,False,False,False,False,True,,,,,0_0
000619,2026-03-18,L2,3,5,-0.7849,,,,,0.6,none,midweek_partial,False,False,0.9585,-1.4173,2.3758,0.8268,shrinking,0.17642857142857146,0.3401,True,True,False,False,True,False,True,,,0_1
000619,2026-03-30,L2,1,5,5.2356,2.5367,7.8493,-5.3126,1.1554,0.2,negative_to_positive,monday,True,False,1.005,1.8771,-0.8721,2.4288,expanding,0.21928571428571417,0.2736,False,False,False,False,True,,,,,1_0
000620,2026-01-05,L2,1,5,3.7736,9.1193,2.7875,6.3318,0.47,0.2,none,monday,False,False,2.6119,-2.1898,4.8017,1.2168,expanding,0.16999999999999998,0.4118,False,False,False,False,True,,,,,0_0
000620,2026-01-07,L2,3,5,25.6604,16.3158,4.2857,12.0301,1.5727,0.6,negative_to_positive,midweek_partial,True,False,9.901,10.1818,-0.2808,0.2028,shrinking,0.16714285714285712,1.7949,False,False,False,False,False,,,,,1_0
000620,2026-01-09,L2,5,5,23.3962,7.03,4.2857,2.7443,3.3281,1.0,negative_to_positive,completed_week,True,False,-5.2174,3.6036,-8.821,0.6904,shrinking,0.1592857142857143,-1.13,False,False,False,False,True,,,,,1_0
000620,2026-01-13,L2,2,5,-5.8104,,,,,0.4,negative_to_positive,tuesday_C,True,False,-5.2308,-0.6116,-4.6191,0.7818,shrinking,0.18000000000000002,-0.9444,False,False,False,False,True,,,,,1_0
000620,2026-01-15,L2,4,5,-6.7278,,,,,0.8,none,midweek_partial,False,False,-2.8662,1.9481,-4.8143,0.6484,shrinking,0.1885714285714286,-0.4773,False,False,False,False,True,,,,,0_0
000620,2026-01-19,L2,1,5,3.4682,2.9514,23.3962,-20.4448,0.9325,0.2,none,monday,False,False,6.5476,10.1639,-3.6163,1.5552,expanding,0.19999999999999998,1.1,False,False,False,False,False,,,,,0_0
000620,2026-01-21,L2,3,5,2.8902,1.6686,2.7523,-1.0837,1.7321,0.6,none,midweek_partial,False,False,-1.1111,0.5587,-1.6698,0.7889,shrinking,0.21714285714285708,-0.1842,False,False,False,False,True,,,,,0_0
000620,2026-01-23,L2,5,5,4.3353,2.9107,2.7523,0.1584,1.4894,1.0,double_positive_efficiency_improved,completed_week,True,False,0.5571,0.8427,-0.2856,0.9081,normal,0.23642857142857135,0.0846,False,False,False,False,True,,,,,1_0
000620,2026-01-27,L2,2,5,-7.9019,,,,,0.4,double_positive_efficiency_improved,tuesday_B,True,False,-0.5882,-5.8172,5.2289,0.7194,shrinking,0.2557142857142856,-0.0782,False,False,False,False,True,,,,,1_0
000620,2026-01-29,L2,4,5,1.3624,1.8784,4.3353,-2.4569,0.7253,0.8,none,midweek_partial,False,False,0.0,10.0592,-10.0592,11.4278,expanding,0.25785714285714273,0.0,False,False,False,False,True,,,,,0_0
000620,2026-02-02,L2,1,5,-0.9202,11.2859,4.3353,6.9506,0.7484,0.2,none,monday,False,False,-3.869,-9.6774,5.8084,0.5728,shrinking,0.282142857142857,-0.4608,False,False,False,False,True,,,,,0_0
000620,2026-02-04,L2,3,5,1.227,2.0723,8.4469,-6.3746,0.5921,0.6,negative_to_positive,midweek_partial,True,False,-0.3021,2.4768,-2.7789,0.9389,normal,0.30214285714285705,-0.0331,False,False,False,False,True,,,,,1_0
000620,2026-02-06,L2,5,5,-1.5337,3.0442,8.4469,-5.4027,0.5038,1.0,none,completed_week,False,False,0.3125,-3.0303,3.3428,0.8407,shrinking,0.29571428571428565,0.0338,True,True,False,False,True,False,True,,,0_1
000620,2026-02-10,L2,2,5,-0.6116,,,,,0.4,none,tuesday_gate_failed,,False,-3.2738,4.6729,-7.9467,0.6321,shrinking,0.26857142857142857,-0.4096,False,False,False,False,True,,,,,0_0
000620,2026-02-12,L2,4,5,-2.7523,,,,,0.8,none,midweek_partial,False,False,-0.9346,-1.2308,0.2962,1.0471,normal,0.24857142857142858,-0.1207,False,False,False,False,True,,,,,0_0
000620,2026-02-24,L2,1,5,-0.9404,,,,,0.2,none,tuesday_gate_failed,,False,0.9585,-1.5723,2.5308,1.0725,normal,0.22428571428571434,0.1338,False,False,False,False,True,,,,,0_0
000620,2026-02-26,L2,3,5,-2.5078,,,,,0.6,none,midweek_partial,False,False,-1.8927,0.3165,-2.2092,1.1827,expanding,0.19285714285714292,-0.3111,False,False,False,False,True,,,,,0_0
000620,2026-03-02,L2,1,5,-1.6556,3.3308,4.2813,-0.9505,0.6588,0.2,none,monday,False,False,-4.8077,0.3215,-5.1292,1.5915,expanding,0.14285714285714296,-1.05,False,False,False,False,True,,,,,0_0
000620,2026-03-04,L2,3,5,-4.3046,,,,,0.6,none,midweek_partial,False,False,1.4035,-4.0404,5.4439,0.736,shrinking,0.11714285714285722,0.3415,True,True,False,False,True,False,True,,,0_1
000620,2026-03-06,L2,5,5,-1.6556,1.1947,2.1944,-0.9997,1.3858,1.0,none,completed_week,False,False,0.678,2.0761,-1.3982,0.8776,shrinking,0.11928571428571434,0.1677,False,False,False,False,True,,,,,0_0
000620,2026-03-10,L2,2,5,2.0761,,,,,0.4,none,tuesday_gate_failed,,False,-1.3378,0.6734,-2.0112,0.8253,shrinking,0.11785714285714291,-0.3394,False,False,False,False,True,,,,,0_0
000620,2026-03-12,L2,4,5,5.1903,5.1381,1.6556,3.4825,1.0102,0.8,negative_to_positive,midweek_partial,True,False,2.0134,1.0169,0.9965,1.6072,expanding,0.11357142857142868,0.5283,False,False,True,True,True,,,True,False,1_1
000620,2026-03-16,L2,1,5,9.9668,3.6523,1.6556,1.9967,1.1369,0.2,negative_to_positive,monday,True,False,9.9668,-0.9868,10.9536,1.2771,expanding,0.11500000000000012,2.6087,False,False,True,False,False,,,False,True,1_0
000620,2026-03-18,L2,3,5,9.6346,3.6746,4.1522,-0.4776,2.622,0.6,none,midweek_partial,False,False,-2.6549,2.4169,-5.0718,0.5124,shrinking,0.1364285714285715,-0.6597,False,False,False,False,True,,,,,0_0
000620,2026-03-20,L2,5,5,-2.6578,1.2223,4.1522,-2.9299,2.1745,1.0,none,completed_week,False,True,-4.2484,-7.2727,3.0244,0.6986,shrinking,0.15785714285714295,-0.8235,False,False,False,False,True,,,,,0_0
000620,2026-03-24,L2,2,5,5.9028,,,,,0.4,none,tuesday_gate_failed,,False,6.6434,-2.3891,9.0324,1.242,expanding,0.17142857142857154,1.1083,False,False,False,False,False,,,,,0_0
000620,2026-03-26,L2,4,5,1.0417,1.8725,2.6578,-0.7853,0.5563,0.8,negative_to_positive,midweek_partial,True,False,-4.902,0.3279,-5.2298,0.8305,shrinking,0.177857142857143,-0.8434,False,False,False,False,True,,,,,1_0
000620,2026-03-30,L2,1,5,0.0,4.7345,2.6578,2.0767,0.5134,0.2,negative_to_positive,monday,True,False,-1.6949,1.3746,-3.0695,0.9797,normal,0.18214285714285725,-0.2745,False,False,False,False,True,,,,,1_0
000623,2026-01-05,L2,1,5,2.7636,2.8014,1.7454,1.056,0.54,0.2,none,monday,False,False,2.8162,-0.4587,3.2749,2.1376,expanding,0.3078571428571425,1.7865,False,False,False,False,True,,,,,0_0
000623,2026-01-07,L2,3,5,5.1689,1.29,1.5129,-0.2229,4.0069,0.6,negative_to_positive,midweek_partial,True,False,-1.5333,3.9343,-5.4676,0.6321,shrinking,0.33642857142857124,-0.9512,False,False,False,False,True,,,,,1_0
000623,2026-01-09,L2,5,5,3.4289,0.9377,1.5129,-0.5752,3.6568,1.0,negative_to_positive,completed_week,True,False,0.8483,-2.4818,3.3301,0.7176,shrinking,0.3835714285714284,0.4432,True,True,False,False,True,False,True,,,1_1
000623,2026-01-13,L2,2,5,0.2469,,,,,0.4,negative_to_positive,tuesday_A,True,False,-0.1476,0.5938,-0.7413,1.0279,normal,0.38214285714285673,-0.0785,False,False,False,False,True,,,,,1_0
000623,2026-01-15,L2,4,5,-0.4444,,,,,0.8,none,midweek_partial,False,False,-0.1486,-0.5419,0.3933,0.4785,shrinking,0.3885714285714282,-0.0772,False,False,False,False,True,,,,,0_0
000623,2026-01-19,L2,1,5,0.798,0.8438,3.4289,-2.5851,0.9364,0.2,none,monday,False,False,0.5973,-0.3472,0.9445,0.734,shrinking,0.42571428571428527,0.2819,True,True,False,False,True,False,True,,,0_1
000623,2026-01-21,L2,3,5,1.6958,2.6625,0.7901,1.8724,0.6369,0.6,negative_to_positive,midweek_partial,True,False,-0.049,0.9401,-0.9891,0.9305,normal,0.42357142857142804,-0.0236,False,False,False,False,True,,,,,1_0
000623,2026-01-23,L2,5,5,2.3441,3.7832,0.7901,2.9931,0.6196,1.0,negative_to_positive,completed_week,True,False,0.3423,0.2943,0.048,1.288,expanding,0.4157142857142855,0.1684,False,False,False,False,True,,,,,1_0
000623,2026-01-27,L2,2,5,-0.2434,,,,,0.4,negative_to_positive,tuesday_A,True,False,-1.253,1.1209,-2.3739,0.8549,shrinking,0.37571428571428533,-0.692,False,False,False,False,True,,,,,1_0
000623,2026-01-29,L2,4,5,1.2171,0.7181,2.3441,-1.626,1.695,0.8,none,midweek_partial,False,False,0.3863,1.0737,-0.6874,1.2743,expanding,0.34142857142857125,0.2343,False,False,False,False,True,,,,,0_0
000623,2026-02-02,L2,1,5,-4.6465,0.2908,2.3441,-2.0533,1.6739,0.2,none,monday,False,False,-7.6321,-1.6835,-5.9486,2.6495,expanding,0.3471428571428571,-4.4938,False,False,False,False,True,,,,,0_0
000623,2026-02-04,L2,3,5,-3.6364,,,,,0.6,none,midweek_partial,False,False,1.1129,-0.053,1.1658,0.7695,shrinking,0.46285714285714263,0.4537,True,True,False,False,True,False,True,,,0_1
000623,2026-02-06,L2,5,5,-4.4444,3.6339,0.4869,3.147,1.2231,1.0,none,completed_week,False,False,-0.1056,-0.7338,0.6282,1.2539,expanding,0.4507142857142856,-0.0444,False,False,False,False,True,,,,,0_0
000623,2026-02-10,L2,2,5,-0.4734,,,,,0.4,none,tuesday_gate_failed,,False,-0.7866,0.7928,-1.5794,0.8237,shrinking,0.4557142857142854,-0.3292,False,False,False,False,True,,,,,0_0
000623,2026-02-12,L2,4,5,-1.0521,,,,,0.8,none,midweek_partial,False,False,-0.4762,-0.1057,-0.3705,1.0656,normal,0.45071428571428535,-0.1997,False,False,False,False,True,,,,,0_0
000623,2026-02-26,L2,3,5,1.6739,1.5481,2.9984,-1.4503,1.0812,0.6,negative_to_positive,midweek_partial,True,False,-0.1591,1.0177,-1.1767,0.7506,shrinking,0.4264285714285713,-0.0704,False,False,False,False,True,,,,,1_0
000626,2026-01-05,L2,1,5,0.7576,3.8663,1.625,2.2413,0.6363,0.2,none,monday,False,False,0.6305,-0.7509,1.3815,0.7746,shrinking,0.20928571428571427,0.2389,True,True,False,False,True,False,True,,,0_1
000626,2026-01-07,L2,3,5,-0.1263,,,,,0.6,none,midweek_partial,False,False,-1.7391,0.8772,-2.6163,0.8742,shrinking,0.20000000000000004,-0.7,False,False,False,False,True,,,,,0_0
000626,2026-01-09,L2,5,5,2.1465,1.1306,2.46,-1.3294,1.8984,1.0,negative_to_positive,completed_week,True,False,-0.3695,2.6549,-3.0243,0.8889,shrinking,0.17428571428571438,-0.1721,False,False,False,False,True,,,,,1_0
000626,2026-01-13,L2,2,5,-0.8642,,,,,0.4,negative_to_positive,tuesday_A,True,False,-1.7136,0.9889,-2.7025,0.9054,normal,0.16857142857142865,-0.8305,False,False,False,False,True,,,,,1_0
000626,2026-01-15,L2,4,5,-2.4691,,,,,0.8,none,midweek_partial,False,False,-1.3733,-0.2491,-1.1242,0.6796,shrinking,0.17071428571428568,-0.6444,False,False,False,False,True,,,,,0_0
000626,2026-01-19,L2,1,5,1.5306,2.6683,2.1465,0.5218,1.2492,0.2,none,monday,False,False,1.6603,-0.8861,2.5464,0.8264,shrinking,0.1800000000000001,0.7222,True,True,False,False,True,False,True,,,0_1
000626,2026-01-21,L2,3,5,1.4031,2.2802,3.3333,-1.0531,0.6153,0.6,negative_to_positive,midweek_partial,True,False,0.6329,-0.7538,1.3867,0.873,shrinking,0.1814285714285715,0.2756,True,True,False,False,True,False,True,,,1_1
000626,2026-01-23,L2,5,5,4.3367,5.4634,3.3333,2.1301,0.7938,1.0,negative_to_positive,completed_week,True,False,0.7389,2.1384,-1.3994,1.2036,expanding,0.17928571428571433,0.3347,False,False,False,False,True,,,,,1_0
000626,2026-01-27,L2,2,5,-0.6098,,,,,0.4,negative_to_positive,tuesday_A,True,False,-1.2121,0.8557,-2.0679,0.9177,normal,0.1821428571428572,-0.549,False,False,False,False,True,,,,,1_0
000626,2026-01-29,L2,4,5,-2.561,,,,,0.8,none,midweek_partial,False,False,-0.6219,-1.3497,0.7278,0.8564,shrinking,0.2085714285714285,-0.2397,False,False,False,False,True,,,,,0_0
000626,2026-02-02,L2,1,5,-4.6424,2.1434,4.3367,-2.1933,1.4793,0.2,none,monday,False,False,-4.2821,-0.6258,-3.6563,1.0068,normal,0.20571428571428557,-1.6528,False,False,False,False,True,,,,,0_0
000626,2026-02-04,L2,3,5,-2.7604,,,,,0.6,none,midweek_partial,False,False,1.4398,0.5263,0.9135,0.6611,shrinking,0.23000000000000004,0.4783,True,True,False,False,True,True,False,,,0_1
000626,2026-02-06,L2,5,5,-2.8858,4.478,3.1707,1.3073,0.6444,1.0,none,completed_week,False,False,0.7812,-0.9032,1.6845,1.0746,normal,0.22285714285714273,0.2692,False,False,False,False,True,,,,,0_0
000626,2026-02-10,L2,2,5,-0.3841,,,,,0.4,none,tuesday_gate_failed,,False,0.3871,0.1292,0.2579,0.9413,normal,0.2235714285714285,0.1342,True,True,False,False,True,True,False,,,0_1
000626,2026-02-12,L2,4,5,-4.3534,,,,,0.8,none,midweek_partial,False,False,-3.1128,-0.8997,-2.2131,2.3109,expanding,0.22142857142857147,-1.0839,False,False,False,False,True,,,,,0_0
000626,2026-02-24,L2,1,5,1.5936,,,,,0.2,none,tuesday_gate_failed,,False,2.6846,-0.2677,2.9523,1.1234,expanding,0.22357142857142862,0.8946,False,False,False,False,True,,,,,0_0
000626,2026-02-26,L2,3,5,0.664,0.7007,4.6095,-3.9088,0.9476,0.6,negative_to_positive,midweek_partial,True,False,-0.5249,-0.3922,-0.1328,1.1034,expanding,0.20071428571428587,-0.1993,False,False,False,False,True,,,,,1_0
000626,2026-03-02,L2,1,5,-1.8182,2.6373,4.6095,-1.9722,1.0071,0.2,negative_to_positive,monday,True,False,-2.1992,1.9789,-4.1781,0.9806,normal,0.1942857142857144,-0.875,False,False,False,False,True,,,,,1_0
000626,2026-03-04,L2,3,5,-6.1039,,,,,0.6,none,midweek_partial,False,False,-0.6868,-3.7037,3.0169,0.6418,shrinking,0.21785714285714297,-0.2295,False,False,False,False,True,,,,,0_0
000626,2026-03-06,L2,5,5,-2.4675,1.7118,2.656,-0.9442,1.4415,1.0,none,completed_week,False,False,3.1593,0.6916,2.4678,1.4449,expanding,0.23214285714285735,0.9908,False,False,False,False,True,,,,,0_0
000626,2026-03-10,L2,2,5,2.6846,,,,,0.4,none,tuesday_gate_failed,,False,-1.5444,3.4621,-5.0065,0.7232,shrinking,0.2371428571428573,-0.506,False,False,False,False,True,,,,,0_0
000626,2026-03-12,L2,4,5,13.0201,2.7962,2.4675,0.3287,4.6564,0.8,negative_to_positive,midweek_partial,True,False,0.0,10.0654,-10.0654,1.3521,expanding,0.3114285714285715,0.0,False,False,False,False,True,,,,,1_0
000626,2026-03-16,L2,1,5,3.2941,2.9698,2.4675,0.5023,4.5197,0.2,negative_to_positive,monday,True,False,3.9053,0.3563,3.549,1.2701,expanding,0.3907142857142857,0.8446,False,False,True,False,False,,,True,False,1_0
000626,2026-03-18,L2,3,5,-3.2941,,,,,0.6,none,midweek_partial,False,False,-1.9093,-4.5558,2.6465,0.7344,shrinking,0.4257142857142858,-0.3758,False,False,False,False,True,,,,,0_0
000626,2026-03-20,L2,5,5,-6.5882,9.2083,13.4228,-4.2145,0.7155,1.0,none,completed_week,False,True,-3.4063,0.0,-3.4063,0.6954,shrinking,0.46214285714285724,-0.6059,False,False,False,False,True,,,,,0_0
000626,2026-03-24,L2,2,5,1.023,,,,,0.4,none,tuesday_gate_failed,,False,5.0532,-5.2897,10.3429,0.9311,normal,0.4685714285714286,0.811,True,False,False,False,False,False,True,,,0_0
000626,2026-03-26,L2,4,5,3.7084,6.4778,6.5882,-0.1104,0.5725,0.8,negative_to_positive,midweek_partial,True,False,0.4957,2.1519,-1.6562,1.1456,expanding,0.49214285714285716,0.0813,False,False,False,False,True,,,,,1_0
000626,2026-03-30,L2,1,5,-0.2418,11.9861,6.5882,5.3979,0.5654,0.2,negative_to_positive,monday,True,False,-1.1976,2.9593,-4.1569,0.9039,normal,0.5107142857142856,-0.1958,False,False,False,False,True,,,,,1_0
000629,2026-01-05,L2,1,5,1.9048,2.0846,2.2876,-0.203,0.6111,0.2,none,monday,False,False,3.5484,0.0,3.5484,2.001,expanding,0.06785714285714287,1.6211,False,False,True,False,False,,,False,True,0_0
000629,2026-01-07,L2,3,5,12.0635,1.958,1.2739,0.6841,6.161,0.6,negative_to_positive,midweek_partial,True,False,0.0,9.9688,-9.9688,1.1942,expanding,0.07642857142857142,0.0,False,False,False,False,True,,,,,1_0
000629,2026-01-09,L2,5,5,13.6508,2.3695,1.2739,1.0956,5.7611,1.0,negative_to_positive,completed_week,True,False,2.5788,-1.1331,3.7119,1.2377,expanding,0.09571428571428574,0.9403,False,False,False,False,True,,,,,1_0
000629,2026-01-13,L2,2,5,-1.9391,,,,,0.4,negative_to_positive,tuesday_A,True,False,-2.4793,1.3966,-3.876,0.9539,normal,0.10785714285714285,-0.8344,False,False,False,False,True,,,,,1_0
000629,2026-01-15,L2,4,5,-2.4931,,,,,0.8,none,midweek_partial,False,True,1.4409,-1.9774,3.4183,1.0099,normal,0.11214285714285713,0.4459,False,False,False,False,True,,,,,0_0
000629,2026-01-19,L2,1,5,1.1461,3.3784,13.6508,-10.2724,0.8199,0.2,none,monday,False,False,0.5698,-0.2841,0.8539,0.896,shrinking,0.13142857142857142,0.1522,True,True,False,False,True,False,True,,,0_1
000629,2026-01-21,L2,3,5,4.5845,4.8888,2.7701,2.1187,0.9378,0.6,negative_to_positive,midweek_partial,True,False,2.5281,0.8499,1.6782,1.6162,expanding,0.1407142857142857,0.6396,False,False,True,True,True,,,True,False,1_1
000629,2026-01-23,L2,5,5,10.3152,10.5031,2.7701,7.733,0.9821,1.0,negative_to_positive,completed_week,True,False,2.6667,2.7397,-0.0731,0.9895,normal,0.15571428571428567,0.6422,False,False,False,False,True,,,,,1_0
000629,2026-01-27,L2,2,5,2.8351,,,,,0.4,negative_to_positive,tuesday_A,True,False,-5.8962,10.1299,-16.0261,2.6057,expanding,0.16071428571428564,-1.5556,False,False,False,False,True,,,,,1_0
000629,2026-01-29,L2,4,5,7.9897,4.1476,10.3152,-6.1676,1.9263,0.8,none,midweek_partial,False,False,-3.2333,8.5213,-11.7546,0.8008,shrinking,0.1842857142857142,-0.7597,False,False,False,False,True,,,,,0_0
000629,2026-02-02,L2,1,5,-4.244,0.687,10.3152,-9.6282,1.8756,0.2,none,monday,False,False,-5.7441,-8.5919,2.8478,0.7058,shrinking,0.21999999999999995,-1.0,False,False,False,False,True,,,,,0_0
000629,2026-02-04,L2,3,5,0.2653,0.5607,1.2887,-0.728,0.4731,0.6,negative_to_positive,midweek_partial,True,False,2.1622,2.4931,-0.3309,0.9503,normal,0.2507142857142857,0.3191,False,False,False,False,True,,,,,1_0
000629,2026-02-06,L2,5,5,-3.183,8.0202,1.2887,6.7315,0.3969,1.0,none,completed_week,False,False,-0.545,-2.9101,2.3651,0.8433,shrinking,0.24357142857142858,-0.0821,False,False,False,False,True,,,,,0_0
000629,2026-02-10,L2,2,5,-2.9412,,,,,0.4,none,tuesday_gate_failed,,False,-1.3587,0.8219,-2.1806,0.8502,shrinking,0.24714285714285716,-0.2023,False,False,False,False,True,,,,,0_0
000629,2026-02-12,L2,4,5,-1.6043,,,,,0.8,none,midweek_partial,False,False,0.5464,0.8264,-0.28,1.0375,normal,0.23428571428571435,0.0854,False,False,False,False,True,,,,,0_0
000629,2026-02-24,L2,1,5,5.1913,,,,,0.2,none,tuesday_gate_failed,,False,7.2423,-2.4457,9.688,2.1158,expanding,0.2250000000000001,1.1556,False,False,False,False,False,,,,,0_0
000629,2026-02-26,L2,3,5,11.7486,4.5746,4.0107,0.5639,2.5682,0.6,negative_to_positive,midweek_partial,True,False,-0.9685,7.2727,-8.2413,0.5952,shrinking,0.2000000000000001,-0.2,False,False,False,False,True,,,,,1_0
000629,2026-03-02,L2,1,5,0.2347,7.7117,4.0107,3.701,2.0903,0.2,negative_to_positive,monday,True,False,0.4706,3.912,-3.4414,1.0503,normal,0.1721428571428572,0.1162,False,False,False,False,True,,,,,1_0
000629,2026-03-04,L2,3,5,-5.1643,,,,,0.6,none,midweek_partial,False,False,-0.4926,-4.918,4.4254,0.6122,shrinking,0.1521428571428572,-0.1315,False,False,False,False,True,,,,,0_0
000629,2026-03-06,L2,5,5,-5.1643,4.7696,16.1202,-11.3506,1.0828,1.0,none,completed_week,False,False,0.4975,-0.495,0.9926,0.9908,normal,0.16571428571428576,0.1207,True,True,False,False,True,False,True,,,0_1
000629,2026-03-10,L2,2,5,-0.7481,,,,,0.4,none,tuesday_gate_failed,,False,-1.7284,0.2475,-1.9759,0.8251,shrinking,0.16785714285714295,-0.417,False,False,False,False,True,,,,,0_0
000629,2026-03-12,L2,4,5,1.4963,1.8031,5.1643,-3.3612,0.8298,0.8,negative_to_positive,midweek_partial,True,False,0.4938,1.7588,-1.265,1.0772,normal,0.17928571428571444,0.1116,False,False,False,False,True,,,,,1_0
000630,2026-01-05,L2,1,5,1.0417,1.6694,7.8182,-6.1488,0.9804,0.2,none,monday,False,False,-3.1614,3.6207,-6.7821,1.3775,expanding,0.22,-0.8636,False,False,False,False,True,,,,,0_0
000630,2026-01-07,L2,3,5,1.2153,0.5818,1.6367,-1.0549,2.0888,0.6,negative_to_positive,midweek_partial,True,False,-1.5203,1.7182,-3.2385,0.9205,normal,0.24785714285714297,-0.3631,False,False,False,False,True,,,,,1_0
000630,2026-01-09,L2,5,5,2.6042,1.3362,1.6367,-0.3005,1.9489,1.0,negative_to_positive,completed_week,True,False,3.6842,-2.2298,5.9141,1.0119,normal,0.25214285714285717,0.8329,False,False,False,False,False,,,,,1_0
000630,2026-01-13,L2,2,5,-0.4992,,,,,0.4,negative_to_positive,tuesday_B,True,False,0.8432,0.3384,0.5048,1.1283,expanding,0.2621428571428572,0.1907,False,False,False,False,True,,,,,1_0
000630,2026-01-15,L2,4,5,1.9967,2.2062,2.6042,-0.398,0.905,0.8,none,midweek_partial,False,False,0.1634,2.3411,-2.1777,1.0263,normal,0.27499999999999997,0.0364,False,False,False,False,True,,,,,0_0
000630,2026-01-19,L2,1,5,-3.4258,1.9614,2.6042,-0.6428,0.9331,0.2,none,monday,False,False,-3.268,-0.1631,-3.1048,0.8005,shrinking,0.2957142857142857,-0.6763,False,False,False,False,True,,,,,0_0
000630,2026-01-21,L2,3,5,1.3051,1.4632,1.8303,-0.3671,0.8919,0.6,none,midweek_partial,False,False,2.8146,2.027,0.7875,1.0133,normal,0.3007142857142857,0.5653,False,False,True,True,True,,,True,False,0_1
000630,2026-01-23,L2,5,5,11.9086,11.6951,1.8303,9.8648,1.0183,1.0,double_positive_efficiency_improved,completed_week,True,False,9.9359,0.4831,9.4528,1.9746,expanding,0.29142857142857137,2.1275,False,False,True,False,False,,,True,False,1_0
000630,2026-01-27,L2,2,5,3.9726,,,,,0.4,double_positive_efficiency_improved,tuesday_A,True,False,0.5298,10.0583,-9.5285,1.1543,expanding,0.29071428571428565,0.1376,False,False,False,False,True,,,,,1_0
000630,2026-01-29,L2,4,5,25.8904,11.1413,11.9086,-0.7673,2.3238,0.8,none,midweek_partial,False,False,10.0599,10.0132,0.0467,1.425,expanding,0.3685714285714286,2.2791,False,False,True,False,False,,,True,False,0_0
000630,2026-02-04,L2,3,5,2.957,4.381,13.2877,-8.9067,0.675,0.6,none,midweek_partial,False,False,-2.2959,5.3763,-7.6723,0.679,shrinking,0.5521428571428572,-0.326,False,False,False,False,True,,,,,0_0
000630,2026-03-02,L2,1,5,3.8224,8.151,3.2922,4.8588,1.1507,0.2,negative_to_positive,monday,True,False,6.1791,4.4796,1.6995,1.2732,expanding,0.49142857142857144,0.9971,False,False,True,False,False,,,True,False,1_0
000630,2026-03-04,L2,3,5,-4.5623,,,,,0.6,none,midweek_partial,False,False,-0.2577,-7.8385,7.5807,0.5895,shrinking,0.46357142857142863,-0.0431,False,False,False,False,True,,,,,0_0
000630,2026-03-06,L2,5,5,-7.8915,7.6069,9.3793,-1.7724,1.0374,1.0,none,completed_week,False,False,-2.4804,-1.0336,-1.4468,0.96,normal,0.4271428571428572,-0.4448,False,False,False,False,True,,,,,0_0
000630,2026-03-10,L2,2,5,0.9655,,,,,0.4,none,tuesday_gate_failed,,False,0.5495,-2.5435,3.093,0.6927,shrinking,0.3935714285714286,0.1016,True,True,True,True,True,False,True,False,True,0_1
000631,2026-01-05,L2,1,5,0.9202,1.3982,1.2121,0.1861,0.6541,0.2,none,monday,False,False,1.2308,1.5625,-0.3317,1.7298,expanding,0.0685714285714286,0.5833,False,False,False,False,True,,,,,0_0
000631,2026-01-07,L2,3,5,2.1472,0.9815,0.9146,0.0669,2.1877,0.6,negative_to_positive,midweek_partial,True,False,0.0,1.2158,-1.2158,0.8865,shrinking,0.0671428571428572,0.0,False,False,False,False,True,,,,,1_0
000631,2026-01-09,L2,5,5,4.6012,1.9048,0.9146,0.9902,2.4156,1.0,negative_to_positive,completed_week,True,False,0.59,1.8018,-1.2118,1.0524,normal,0.06500000000000002,0.3077,False,False,False,False,True,,,,,1_0
000631,2026-01-13,L2,2,5,-1.7595,,,,,0.4,negative_to_positive,tuesday_C,True,False,-0.5935,-1.173,0.5795,0.768,shrinking,0.06857142857142857,-0.2917,False,False,False,False,True,,,,,1_0
000631,2026-01-15,L2,4,5,-1.4663,,,,,0.8,none,midweek_partial,False,True,-1.1765,1.4925,-2.669,0.5304,shrinking,0.06785714285714284,-0.5895,False,False,False,False,True,,,,,0_0
000631,2026-01-19,L2,1,5,1.7804,0.9131,4.6012,-3.6881,1.2846,0.2,none,monday,False,False,1.7804,0.2976,1.4828,0.9676,normal,0.07214285714285713,0.8317,True,True,False,False,True,True,False,,,0_1
000631,2026-01-21,L2,3,5,6.2315,5.7751,1.173,4.6021,1.079,0.6,negative_to_positive,midweek_partial,True,False,0.5618,3.7901,-3.2283,0.645,shrinking,0.07428571428571432,0.2692,False,False,False,False,True,,,,,1_0
000631,2026-01-23,L2,5,5,15.727,10.1616,1.173,8.9886,1.5477,1.0,negative_to_positive,completed_week,True,False,8.9385,0.0,8.9385,3.8492,expanding,0.08571428571428573,3.7333,False,False,True,False,False,,,False,True,1_0
000631,2026-01-27,L2,2,5,10.9661,,,,,0.4,negative_to_positive,tuesday_A,True,False,7.5949,1.2821,6.3129,1.7875,expanding,0.10499999999999998,2.8571,False,False,True,False,False,,,True,False,1_0
000631,2026-01-29,L2,4,5,6.7885,2.2986,15.727,-13.4284,2.9533,0.8,none,midweek_partial,False,False,-4.662,0.9412,-5.6032,0.6809,shrinking,0.14571428571428577,-1.3725,False,False,False,False,True,,,,,0_0
000631,2026-02-02,L2,1,5,-2.1687,3.1626,15.727,-12.5644,2.6419,0.2,none,monday,False,False,-2.1687,1.467,-3.6357,0.9015,normal,0.1700000000000001,-0.5294,False,False,False,False,True,,,,,0_0
000631,2026-02-06,L2,5,5,-6.2651,8.8708,8.3551,0.5157,0.7063,1.0,none,completed_week,False,True,1.3021,2.4,-1.0979,0.5691,shrinking,0.20928571428571438,0.2389,False,False,False,False,True,,,,,0_0
000631,2026-02-10,L2,2,5,4.0712,,,,,0.4,none,tuesday_gate_failed,,False,3.0227,2.0566,0.9661,1.4646,expanding,0.2307142857142858,0.5201,False,False,True,True,True,,,True,False,0_1
000631,2026-02-12,L2,4,5,-0.7634,,,,,0.8,none,midweek_partial,False,False,-2.0101,-2.6895,0.6794,0.6794,shrinking,0.23500000000000004,-0.3404,False,False,False,False,True,,,,,0_0
000631,2026-02-24,L2,1,5,-0.2611,,,,,0.2,none,tuesday_gate_failed,,False,1.3263,-3.3333,4.6596,1.1624,expanding,0.23071428571428582,0.2167,False,False,False,False,True,,,,,0_0
000631,2026-02-26,L2,3,5,0.0,,,,,0.6,none,midweek_partial,False,False,-1.0336,1.3089,-2.3425,0.859,shrinking,0.19857142857142862,-0.2014,False,False,False,False,True,,,,,0_0
000631,2026-03-02,L2,1,5,-0.7895,1.3777,4.0712,-2.6935,0.5685,0.2,negative_to_positive,monday,True,False,-2.3316,0.7833,-3.1149,1.5061,expanding,0.17714285714285713,-0.5081,False,False,False,False,True,,,,,1_0
000631,2026-03-04,L2,3,5,-2.6316,,,,,0.6,none,midweek_partial,False,False,1.3699,-3.183,4.5529,0.8549,shrinking,0.1692857142857143,0.2954,True,True,False,False,True,False,True,,,0_1
000631,2026-03-06,L2,5,5,2.1053,1.651,0.7833,0.8677,1.2751,1.0,double_positive_efficiency_improved,completed_week,True,False,2.3747,2.4324,-0.0578,0.9707,normal,0.15285714285714283,0.5888,False,False,False,False,True,,,,,1_0
000631,2026-03-10,L2,2,5,4.4041,,,,,0.4,double_positive_efficiency_improved,tuesday_B,True,False,4.4041,-0.5155,4.9196,1.4565,expanding,0.14785714285714283,1.1498,False,False,False,False,False,,,,,1_0
000631,2026-03-12,L2,4,5,2.8497,2.3896,2.1053,0.2843,1.1925,0.8,double_positive_efficiency_improved,midweek_partial,True,False,-0.5013,-0.9926,0.4913,1.2006,expanding,0.1521428571428571,-0.1315,False,False,False,False,True,,,,,1_0
000631,2026-03-16,L2,1,5,1.5228,2.0649,2.1053,-0.0404,1.1292,0.2,none,monday,False,False,1.2658,-0.5038,1.7696,1.004,normal,0.14142857142857132,0.3535,False,False,False,False,True,,,,,0_0
000631,2026-03-18,L2,3,5,0.5076,0.726,2.3316,-1.6056,0.6992,0.6,none,midweek_partial,False,False,0.0,-1.0,1.0,1.0618,normal,0.13785714285714282,0.0,False,False,False,False,True,,,,,0_0
000631,2026-03-20,L2,5,5,-4.3147,6.301,2.3316,3.9694,0.6848,1.0,none,completed_week,False,False,-1.3089,-3.5354,2.2265,0.7432,shrinking,0.13428571428571429,-0.3723,False,False,False,False,True,,,,,0_0
000631,2026-03-24,L2,2,5,-0.5319,,,,,0.4,none,tuesday_gate_failed,,False,7.4713,-7.6923,15.1636,0.8805,shrinking,0.1371428571428571,1.8958,True,False,False,False,False,False,True,,,0_0
000631,2026-03-26,L2,4,5,2.3936,1.5402,4.3147,-2.7745,1.5541,0.8,negative_to_positive,midweek_partial,True,False,-0.5168,3.4759,-3.9927,1.1,expanding,0.15785714285714283,-0.1267,False,False,False,False,True,,,,,1_0
000631,2026-03-30,L2,1,5,0.2584,2.6431,4.3147,-1.6716,1.7106,0.2,negative_to_positive,monday,True,False,-1.2723,2.0779,-3.3502,0.6076,shrinking,0.15214285714285714,-0.3286,False,False,False,False,True,,,,,1_0
000632,2026-01-05,L2,1,5,-0.885,28.2485,2.0767,26.1718,0.3952,0.2,none,monday,False,False,-0.885,-4.8822,3.9972,0.7552,shrinking,0.5178571428571427,-0.0966,False,False,False,False,True,,,,,0_0
000632,2026-01-07,L2,3,5,4.6018,3.3231,11.1635,-7.8404,1.3848,0.6,negative_to_positive,midweek_partial,True,False,4.417,1.0714,3.3455,2.0744,expanding,0.4607142857142856,0.5426,False,False,True,False,False,,,True,False,1_0
000632,2026-01-09,L2,5,5,0.177,0.131,11.1635,-11.0325,1.3512,1.0,negative_to_positive,completed_week,True,False,-1.2216,-3.0457,1.824,0.8259,shrinking,0.40928571428571425,-0.171,False,False,False,False,True,,,,,1_0
000632,2026-01-13,L2,2,5,-2.8169,,,,,0.4,negative_to_positive,tuesday_C_failed_volume,False,False,-2.3009,-0.1767,-2.1242,1.1751,expanding,0.3657142857142857,-0.3555,False,False,False,False,True,,,,,0_0
000632,2026-01-15,L2,4,5,-7.9225,,,,,0.8,none,midweek_partial,False,False,-4.0367,-1.2681,-2.7686,0.8947,shrinking,0.31714285714285717,-0.6937,False,False,False,False,True,,,,,0_0
000632,2026-01-19,L2,1,5,3.3465,10.2084,0.177,10.0314,0.8623,0.2,none,monday,False,False,1.3514,-0.956,2.3074,1.1013,expanding,0.2821428571428572,0.2481,False,False,False,False,True,,,,,0_0
000632,2026-01-21,L2,3,5,2.3622,4.1249,8.8028,-4.6779,0.5727,0.6,negative_to_positive,midweek_partial,True,False,0.7752,-1.7143,2.4895,0.9655,normal,0.24785714285714297,0.1614,True,True,False,False,True,False,True,,,1_1
000632,2026-01-23,L2,5,5,6.4961,11.0662,8.8028,2.2634,0.587,1.0,negative_to_positive,completed_week,True,False,2.0755,1.9231,0.1524,1.3189,expanding,0.21857142857142872,0.5033,False,False,True,True,True,,,True,False,1_1
000632,2026-01-27,L2,2,5,-1.8622,,,,,0.4,negative_to_positive,tuesday_B,True,False,0.5725,-3.1423,3.7148,0.754,shrinking,0.20214285714285726,0.1484,True,True,False,False,True,False,True,,,1_1
000632,2026-02-02,L2,1,5,-0.994,6.696,6.4961,0.1999,0.9456,0.2,none,monday,False,False,-0.994,-0.5929,-0.4012,0.5926,shrinking,0.1914285714285716,-0.2612,False,False,False,False,True,,,,,0_0
000632,2026-02-04,L2,3,5,2.5845,3.8988,6.3315,-2.4327,0.6629,0.6,negative_to_positive,midweek_partial,True,False,1.1765,2.4096,-1.2332,0.9761,normal,0.19285714285714312,0.3111,False,False,False,False,True,,,,,1_0
000632,2026-02-06,L2,5,5,0.7952,0.6881,6.3315,-5.6434,1.1557,1.0,negative_to_positive,completed_week,True,False,-3.7951,2.1318,-5.9268,0.6635,shrinking,0.17428571428571457,-1.1475,False,False,False,False,True,,,,,1_0
000632,2026-02-10,L2,2,5,1.5625,,,,,0.4,negative_to_positive,tuesday_A,True,False,-0.3831,2.9586,-3.3417,0.6953,shrinking,0.18500000000000025,-0.1081,False,False,False,False,True,,,,,1_0
000632,2026-02-12,L2,4,5,-2.5391,,,,,0.8,none,midweek_partial,False,False,-2.3483,-1.7308,-0.6176,1.2881,expanding,0.18357142857142872,-0.6537,False,False,False,False,True,,,,,0_0
000632,2026-02-24,L2,1,5,1.9841,,,,,0.2,none,tuesday_gate_failed,,False,2.8,0.2004,2.5996,1.3375,expanding,0.1800000000000001,0.7778,False,False,False,False,True,,,,,0_0
000632,2026-02-26,L2,3,5,1.7857,1.9767,2.3438,-0.3671,0.9034,0.6,negative_to_positive,midweek_partial,True,False,-1.7241,1.5564,-3.2806,0.8679,shrinking,0.1657142857142858,-0.5431,False,False,False,False,True,,,,,1_0
000632,2026-03-02,L2,1,5,-1.5534,4.7652,2.3438,2.4214,0.7078,0.2,negative_to_positive,monday,True,False,-2.6871,1.5595,-4.2466,1.321,expanding,0.16285714285714287,-0.8596,False,False,False,False,True,,,,,1_0
000632,2026-03-04,L2,3,5,-3.4951,,,,,0.6,none,midweek_partial,False,False,0.8114,-2.7613,3.5727,0.802,shrinking,0.15785714285714272,0.2534,True,True,False,False,True,False,True,,,0_1
000632,2026-03-06,L2,5,5,0.3883,0.2642,3.373,-3.1088,1.4698,1.0,none,completed_week,False,False,3.8153,0.2012,3.6141,1.5801,expanding,0.17071428571428557,1.113,False,False,False,False,False,,,,,0_0
000632,2026-03-10,L2,2,5,0.3914,,,,,0.4,none,tuesday_gate_failed,,False,0.9843,-1.7408,2.7251,0.6986,shrinking,0.15642857142857128,0.3196,True,True,False,False,True,False,True,,,0_1
000632,2026-03-12,L2,4,5,-2.9354,,,,,0.8,none,midweek_partial,False,False,-2.554,-0.7797,-1.7743,1.3347,expanding,0.15571428571428556,-0.8349,False,False,False,False,True,,,,,0_0
000632,2026-03-16,L2,1,5,0.2012,4.3107,0.3883,3.9224,0.7264,0.2,none,monday,False,False,0.6061,-0.2016,0.8077,1.0136,normal,0.15571428571428564,0.1927,False,False,False,False,True,,,,,0_0
000632,2026-03-18,L2,3,5,-1.2072,,,,,0.6,none,midweek_partial,False,False,0.409,-1.8072,2.2162,0.8441,shrinking,0.15785714285714278,0.1267,True,True,False,False,True,False,True,,,0_1
000632,2026-03-30,L2,1,5,7.265,3.6237,7.4447,-3.821,1.5331,0.2,negative_to_positive,monday,True,False,5.6842,0.6356,5.0486,3.2587,expanding,0.17642857142857155,1.5304,False,False,True,False,False,,,True,False,1_0
000633,2026-01-05,L2,1,5,-0.545,8.4468,2.1769,6.2699,0.5031,0.2,none,monday,False,False,1.2483,-0.8253,2.0736,0.996,normal,0.3392857142857144,0.2653,True,True,False,False,True,False,True,,,0_1
000633,2026-01-07,L2,3,5,2.1798,1.4422,4.2497,-2.8075,1.5114,0.6,negative_to_positive,midweek_partial,True,False,1.3514,1.3699,-0.0185,1.325,expanding,0.25214285714285717,0.3966,False,False,False,False,True,,,,,1_0
000633,2026-01-09,L2,5,5,4.0872,2.3602,4.2497,-1.8895,1.7317,1.0,negative_to_positive,completed_week,True,False,0.3942,1.4667,-1.0724,1.0349,normal,0.21714285714285722,0.1382,False,False,False,False,True,,,,,1_0
000633,2026-01-13,L2,2,5,-0.9091,,,,,0.4,negative_to_positive,tuesday_B,True,False,0.3947,-0.5236,0.9183,1.1964,expanding,0.2114285714285715,0.1419,False,False,False,False,True,,,,,1_0
000633,2026-01-15,L2,4,5,1.039,0.6925,4.0872,-3.3947,1.5002,0.8,none,midweek_partial,False,False,2.7741,-0.7864,3.5605,1.2988,expanding,0.22285714285714292,0.9423,False,False,True,True,True,,,False,True,0_1
000633,2026-01-19,L2,1,5,2.9101,0.6004,4.0872,-3.4868,1.514,0.2,none,monday,False,False,1.9659,-1.928,3.8939,0.7226,shrinking,0.23785714285714293,0.6306,True,True,False,False,True,False,True,,,0_1
000633,2026-01-21,L2,3,5,4.3651,5.9981,0.9091,5.089,0.7277,0.6,negative_to_positive,midweek_partial,True,False,2.3346,-0.8997,3.2344,1.3261,expanding,0.23428571428571437,0.7683,False,False,False,False,True,,,,,1_0
000633,2026-01-23,L2,5,5,6.8783,9.5708,0.9091,8.6617,0.7187,1.0,negative_to_positive,completed_week,True,False,1.8916,0.507,1.3846,1.1417,expanding,0.24357142857142858,0.6158,False,False,True,True,True,,,True,False,1_1
000633,2026-01-27,L2,2,5,-3.5496,,,,,0.4,negative_to_positive,tuesday_C,True,False,-3.075,0.6188,-3.6938,0.7595,shrinking,0.24499999999999997,-1.0204,False,False,False,False,True,,,,,1_0
000633,2026-01-29,L2,4,5,-2.0808,,,,,0.8,none,midweek_partial,False,False,-0.7444,2.2843,-3.0287,0.9299,normal,0.2671428571428572,-0.2246,False,False,False,False,True,,,,,0_0
000633,2026-02-02,L2,1,5,-1.9711,3.6316,6.8783,-3.2467,1.4493,0.2,none,monday,False,False,-3.6176,-3.25,-0.3676,0.7115,shrinking,0.292857142857143,-0.9561,False,False,False,False,True,,,,,0_0
000633,2026-02-04,L2,3,5,0.7884,1.5337,5.2632,-3.7295,0.5141,0.6,negative_to_positive,midweek_partial,True,False,0.3927,2.4129,-2.0202,0.9342,normal,0.3042857142857143,0.0986,False,False,False,False,True,,,,,1_0
000633,2026-02-06,L2,5,5,0.2628,0.5159,5.2632,-4.7473,0.5094,1.0,negative_to_positive,completed_week,True,False,-0.3916,-0.1304,-0.2613,0.7229,shrinking,0.29642857142857143,-0.1012,False,False,False,False,True,,,,,1_0
000633,2026-02-10,L2,2,5,-1.0336,,,,,0.4,negative_to_positive,tuesday_C,True,False,-0.5195,0.9174,-1.4369,0.6623,shrinking,0.2885714285714287,-0.1386,False,False,False,False,True,,,,,1_0
000633,2026-02-12,L2,4,5,-0.3876,,,,,0.8,none,midweek_partial,False,False,0.0,0.6527,-0.6527,1.0541,normal,0.2650000000000001,0.0,False,False,False,False,True,,,,,0_0
000633,2026-02-24,L2,1,5,2.9831,,,,,0.2,none,tuesday_gate_failed,,False,4.1995,-1.1673,5.3668,1.3842,expanding,0.262857142857143,1.2174,False,False,False,False,False,,,,,0_0
000633,2026-02-26,L2,3,5,2.8534,2.4894,1.5504,0.939,1.1462,0.6,negative_to_positive,midweek_partial,True,False,0.2528,-0.3778,0.6307,0.7226,shrinking,0.25428571428571434,0.0787,True,True,False,False,True,False,True,,,1_1
000633,2026-03-02,L2,1,5,-1.25,4.9891,1.5504,3.4387,1.0139,0.2,negative_to_positive,monday,True,False,-2.4691,2.1438,-4.6129,1.5223,expanding,0.22499999999999995,-0.8889,False,False,False,False,True,,,,,1_0
000633,2026-03-04,L2,3,5,-6.375,,,,,0.6,none,midweek_partial,False,False,0.5369,-5.6962,6.2331,0.5698,shrinking,0.22500000000000003,0.1778,True,True,False,False,True,False,True,,,0_1
000633,2026-03-06,L2,5,5,-3.75,2.5093,5.0584,-2.5491,1.4944,1.0,none,completed_week,False,False,1.5831,1.2016,0.3815,0.7365,shrinking,0.2471428571428572,0.4855,True,True,False,False,True,True,False,,,0_1
000633,2026-03-10,L2,2,5,0.2639,,,,,0.4,none,tuesday_gate_failed,,False,0.7958,-2.0779,2.8737,0.7005,shrinking,0.2449999999999999,0.2449,True,True,False,False,True,False,True,,,0_1
000635,2026-01-05,L2,1,5,-1.3498,3.5503,6.2435,-2.6932,0.65,0.2,none,monday,False,False,-1.3498,-0.8919,-0.458,1.2361,expanding,0.307857142857143,-0.3898,False,False,False,False,True,,,,,0_0
000635,2026-01-07,L2,3,5,11.4736,4.3913,2.3077,2.0836,2.6128,0.6,negative_to_positive,midweek_partial,True,False,9.9889,2.7366,7.2523,2.326,expanding,0.27500000000000024,3.2727,False,False,True,False,False,,,True,False,1_0
000635,2026-01-09,L2,5,5,8.9989,1.9986,2.3077,-0.3091,4.5026,1.0,negative_to_positive,completed_week,True,False,-1.4242,-0.8073,-0.6169,0.5282,shrinking,0.3171428571428572,-0.4414,False,False,False,False,True,,,,,1_0
000635,2026-01-13,L2,2,5,0.4141,,,,,0.4,negative_to_positive,tuesday_A,True,False,-0.3083,0.4128,-0.7211,1.1582,expanding,0.35714285714285715,-0.084,False,False,False,False,True,,,,,1_0
000635,2026-01-15,L2,4,5,3.0021,4.0563,8.9989,-4.9426,0.7401,0.8,none,midweek_partial,False,False,0.8105,1.7526,-0.942,0.8509,shrinking,0.35500000000000004,0.2254,False,False,False,False,True,,,,,0_0
000635,2026-01-19,L2,1,5,4.8654,1.4715,8.9989,-7.5274,0.7035,0.2,none,monday,False,False,3.791,-1.9095,5.7005,1.2891,expanding,0.35642857142857143,1.0381,False,False,False,False,False,,,,,0_0
000635,2026-01-21,L2,3,5,3.4161,4.2654,1.0352,3.2302,0.8009,0.6,double_positive_efficiency_improved,midweek_partial,True,False,-0.597,-0.7897,0.1927,0.6665,shrinking,0.3921428571428572,-0.153,False,False,False,False,True,,,,,1_0
000635,2026-01-23,L2,5,5,5.176,6.7998,1.0352,5.7646,0.7612,1.0,double_positive_efficiency_improved,completed_week,True,False,-0.5871,2.3023,-2.8894,0.8813,shrinking,0.38428571428571434,-0.1561,False,False,False,False,True,,,,,1_0
000635,2026-01-27,L2,2,5,-0.3937,,,,,0.4,double_positive_efficiency_improved,tuesday_A,True,False,-0.5894,0.1969,-0.7862,0.8619,shrinking,0.397857142857143,-0.1508,False,False,False,False,True,,,,,1_0
000635,2026-01-29,L2,4,5,-0.4921,,,,,0.8,none,midweek_partial,False,False,-1.7493,1.6798,-3.4291,0.9306,normal,0.3607142857142859,-0.499,False,False,False,False,True,,,,,0_0
000635,2026-02-02,L2,1,5,-5.1859,0.4586,5.176,-4.7174,1.073,0.2,none,monday,False,False,-5.093,0.9891,-6.0822,0.8083,shrinking,0.3342857142857145,-1.5556,False,False,False,False,True,,,,,0_0
000635,2026-02-04,L2,3,5,0.3914,0.5017,0.4921,0.0096,0.7801,0.6,double_positive_efficiency_improved,midweek_partial,True,False,3.6364,2.1672,1.4692,1.0129,normal,0.3650000000000002,0.9863,False,False,True,False,False,,,True,False,1_0
000635,2026-02-06,L2,5,5,-0.4892,0.6878,0.4921,0.1957,0.7113,1.0,none,completed_week,False,False,1.497,-2.3392,3.8362,1.1912,expanding,0.37571428571428583,0.3992,False,False,False,False,True,,,,,0_0
000635,2026-02-10,L2,2,5,0.1957,,,,,0.4,none,tuesday_gate_failed,,False,0.1957,0.4916,-0.2959,1.0257,normal,0.3592857142857144,0.0557,False,False,False,False,True,,,,,0_0
000635,2026-02-12,L2,4,5,-4.9902,,,,,0.8,none,midweek_partial,False,False,-4.2406,-0.9766,-3.2641,1.6574,expanding,0.35357142857142865,-1.2162,False,False,False,False,True,,,,,0_0
000635,2026-02-24,L2,1,5,8.6382,,,,,0.2,none,tuesday_gate_failed,,False,9.9794,0.103,9.8764,1.6953,expanding,0.37571428571428583,2.5817,False,False,False,False,False,,,,,0_0
000635,2026-02-26,L2,3,5,7.5203,3.1872,4.8924,-1.7052,2.3596,0.6,negative_to_positive,midweek_partial,True,False,-1.1215,0.0935,-1.215,0.5749,shrinking,0.4114285714285714,-0.2917,False,False,False,False,True,,,,,1_0
000635,2026-03-02,L2,1,5,-1.382,0.5325,4.8924,-4.3599,2.2901,0.2,negative_to_positive,monday,True,False,0.3012,-5.8601,6.1613,1.0322,normal,0.42857142857142844,0.07,False,False,False,False,True,,,,,1_0
000635,2026-03-06,L2,5,5,-6.1204,4.5178,1.2195,3.2983,1.3547,1.0,none,completed_week,False,True,5.7842,0.4469,5.3373,2.0019,expanding,0.5878571428571429,0.8846,False,False,False,False,False,,,,,0_0
000635,2026-03-10,L2,2,5,-4.7423,,,,,0.4,none,tuesday_gate_failed,,False,-1.3874,-1.4721,0.0847,0.6074,shrinking,0.6171428571428572,-0.2106,False,False,False,False,True,,,,,0_0
000635,2026-03-12,L2,4,5,-4.3299,,,,,0.8,none,midweek_partial,False,False,-0.5359,0.974,-1.5099,1.1683,expanding,0.6478571428571429,-0.0772,False,False,False,False,True,,,,,0_0
000635,2026-03-16,L2,1,5,-0.1081,7.7458,6.1204,1.6254,0.6255,0.2,none,monday,False,False,0.1083,-0.5388,0.6471,0.9377,normal,0.6385714285714286,0.0157,True,True,False,False,True,False,True,,,0_1
000636,2026-01-05,L2,1,5,3.3639,0.1099,4.2308,-4.1209,0.5592,0.2,none,monday,False,False,3.8084,-0.6711,4.4795,1.75,expanding,0.5071428571428571,1.2225,False,False,False,False,False,,,,,0_0
000636,2026-01-07,L2,3,5,4.7095,2.0618,0.0615,2.0003,2.2842,0.6,double_positive_efficiency_improved,midweek_partial,True,False,0.9434,0.355,0.5884,1.1702,expanding,0.5535714285714287,0.289,False,False,True,True,True,,,True,False,1_1
000636,2026-01-09,L2,5,5,6.6055,3.0476,0.0615,2.9861,2.1674,1.0,double_positive_efficiency_improved,completed_week,True,False,1.2783,0.5257,0.7526,1.3258,expanding,0.515,0.4272,False,False,True,True,True,,,True,False,1_1
000636,2026-01-13,L2,2,5,-1.0857,,,,,0.4,double_positive_efficiency_improved,tuesday_A,True,False,-3.0252,2.4096,-5.4348,1.0412,normal,0.512857142857143,-1.0529,False,False,False,False,True,,,,,1_0
000636,2026-01-15,L2,4,5,0.8,0.772,6.6055,-5.8335,1.0363,0.8,none,midweek_partial,False,False,1.3211,0.5777,0.7434,0.6503,shrinking,0.5292857142857145,0.4345,True,True,False,False,True,True,False,,,0_1
000636,2026-01-19,L2,1,5,0.6061,5.9395,6.6055,-0.666,1.2892,0.2,none,monday,False,False,5.7325,6.8027,-1.0702,1.2767,expanding,0.5078571428571428,2.1266,False,False,False,False,False,,,,,0_0
000636,2026-01-21,L2,3,5,3.8889,2.1255,7.6571,-5.5316,1.8297,0.6,none,midweek_partial,False,False,1.8821,1.3554,0.5267,0.9946,normal,0.7057142857142858,0.5385,True,True,True,True,True,True,False,True,False,0_1
000636,2026-01-23,L2,5,5,5.4545,3.2986,7.6571,-4.3585,1.6536,1.0,none,completed_week,False,False,1.016,0.4861,0.5298,0.9529,normal,0.7807142857142857,0.269,True,True,False,False,True,True,False,,,0_1
000636,2026-01-27,L2,2,5,0.7184,,,,,0.4,none,tuesday_gate_failed,,False,1.9389,-1.1973,3.1362,1.1637,expanding,0.7900000000000001,0.5063,False,False,False,False,True,,,,,0_0
000636,2026-01-29,L2,4,5,1.4847,1.7512,5.4545,-3.7033,0.8478,0.8,none,midweek_partial,False,False,-1.1199,1.902,-3.022,1.133,expanding,0.9014285714285718,-0.2662,False,False,False,False,True,,,,,0_0
000636,2026-02-02,L2,1,5,-4.5343,2.1426,5.4545,-3.3119,0.8494,0.2,none,monday,False,False,-5.5122,-3.2563,-2.2559,0.6485,shrinking,0.9635714285714287,-1.1727,False,False,False,False,True,,,,,0_0
000636,2026-02-04,L2,3,5,2.1193,3.2556,1.8199,1.4357,0.651,0.6,negative_to_positive,midweek_partial,True,False,3.6,3.2525,0.3475,1.3168,expanding,1.0835714285714284,0.6645,False,False,True,False,False,,,True,False,1_0
000636,2026-02-06,L2,5,5,4.8793,4.9267,1.8199,3.1068,0.9904,1.0,negative_to_positive,completed_week,True,False,-6.6257,9.9903,-16.6161,0.9521,normal,1.135,-1.3304,False,False,False,False,True,,,,,1_0
000636,2026-02-10,L2,2,5,-0.8866,,,,,0.4,negative_to_positive,tuesday_B,True,False,0.6635,-0.8459,1.5094,0.9405,normal,1.164285714285714,0.1202,True,True,False,False,True,False,True,,,1_1
000636,2026-02-12,L2,4,5,5.133,4.5105,4.8793,-0.3688,1.138,0.8,none,midweek_partial,False,False,6.9801,-0.8475,7.8275,1.597,expanding,1.1328571428571426,1.2976,False,False,False,False,False,,,,,0_0
000636,2026-02-24,L2,1,5,0.0,,,,,0.2,none,tuesday_gate_failed,,False,10.0141,-5.5925,15.6066,0.4659,shrinking,1.241428571428571,1.7158,True,False,False,False,False,False,True,,,0_0
000636,2026-02-26,L2,3,5,9.9573,4.7792,0.7466,4.0326,2.0835,0.6,negative_to_positive,midweek_partial,True,False,-0.0389,10.0,-10.0389,1.3665,expanding,1.3278571428571426,-0.0075,False,False,False,False,True,,,,,1_0
000636,2026-03-02,L2,1,5,4.2896,6.399,0.7466,5.6524,1.7364,0.2,negative_to_positive,monday,True,False,1.9231,1.0494,0.8737,1.1023,expanding,1.4907142857142854,0.3354,False,False,True,True,True,,,True,False,1_1
000637,2026-01-05,L2,1,5,-2.2779,1.7083,1.5766,0.1317,0.6729,0.2,none,monday,False,False,-0.2326,-0.6928,0.4603,1.0243,normal,0.11785714285714263,-0.0848,False,False,False,False,True,,,,,0_0
000637,2026-01-07,L2,3,5,-4.328,,,,,0.6,none,midweek_partial,False,False,-3.2258,1.1655,-4.3913,1.0839,normal,0.11785714285714276,-1.1879,False,False,False,False,True,,,,,0_0
000637,2026-01-09,L2,5,5,-0.2278,0.086,1.1494,-1.0634,2.6496,1.0,none,completed_week,False,True,2.5761,1.6667,0.9094,1.874,expanding,0.11714285714285706,0.939,False,False,True,True,True,,,True,False,0_1
000637,2026-01-13,L2,2,5,-0.6818,,,,,0.4,none,tuesday_gate_failed,,False,0.4598,-0.6849,1.1447,1.1476,expanding,0.11714285714285706,0.1707,False,False,False,False,True,,,,,0_0
000637,2026-01-15,L2,4,5,-0.9091,,,,,0.8,none,midweek_partial,False,False,-2.0225,1.8307,-3.8531,0.6368,shrinking,0.11785714285714281,-0.7636,False,False,False,False,True,,,,,0_0
000637,2026-01-19,L2,1,5,3.7559,2.5331,0.2278,2.3053,1.0767,0.2,none,monday,False,False,3.271,-1.8349,5.1059,0.8713,shrinking,0.11928571428571429,1.1737,True,True,False,False,True,False,True,,,0_1
000637,2026-01-21,L2,3,5,5.6338,7.9519,2.7273,5.2246,0.7085,0.6,negative_to_positive,midweek_partial,True,False,1.3514,0.4525,0.8989,1.059,normal,0.1335714285714286,0.4492,False,False,True,True,True,,,True,False,1_1
000637,2026-01-23,L2,5,5,7.7465,10.3611,2.7273,7.6338,0.7477,1.0,negative_to_positive,completed_week,True,False,-0.2174,2.2222,-2.4396,0.9141,normal,0.1335714285714286,-0.0749,False,False,False,False,True,,,,,1_0
000637,2026-01-27,L2,2,5,-0.8715,,,,,0.4,negative_to_positive,tuesday_A,True,False,-2.5696,1.7429,-4.3125,1.2719,expanding,0.1285714285714285,-0.9333,False,False,False,False,True,,,,,1_0
000637,2026-01-29,L2,4,5,2.3965,1.2444,7.7465,-6.5021,1.9259,0.8,none,midweek_partial,False,False,3.0702,0.2198,2.8504,1.3641,expanding,0.12714285714285703,1.1011,False,False,True,True,True,,,True,False,0_1
000637,2026-02-02,L2,1,5,-3.397,2.1409,7.7465,-5.6056,2.137,0.2,none,monday,False,False,-5.2083,2.1277,-7.336,0.6569,shrinking,0.13499999999999993,-1.8519,False,False,False,False,True,,,,,0_0
000637,2026-02-04,L2,3,5,1.2739,1.6737,4.5752,-2.9015,0.7611,0.6,none,midweek_partial,False,False,3.6957,1.0989,2.5968,1.143,expanding,0.16571428571428562,1.0259,False,False,False,False,False,,,,,0_0
000637,2026-02-06,L2,5,5,1.4862,2.2145,4.5752,-2.3607,0.6711,1.0,none,completed_week,False,False,2.1368,-1.8868,4.0235,1.0151,normal,0.17857142857142844,0.56,False,False,False,False,True,,,,,0_0
000637,2026-02-10,L2,2,5,0.6237,,,,,0.4,none,tuesday_gate_failed,,False,0.4149,0.8368,-0.4219,0.6627,shrinking,0.1828571428571427,0.1094,False,False,False,False,True,,,,,0_0
000637,2026-02-12,L2,4,5,-1.0395,,,,,0.8,none,midweek_partial,False,False,-2.0576,0.4132,-2.4708,1.3726,expanding,0.18285714285714263,-0.5469,False,False,False,False,True,,,,,0_0
000637,2026-02-24,L2,1,5,5.0,,,,,0.2,none,tuesday_gate_failed,,False,6.5539,-0.6303,7.1842,1.8505,expanding,0.18499999999999986,1.6757,False,False,False,False,False,,,,,0_0
000637,2026-02-26,L2,3,5,1.875,1.3991,1.6632,-0.2641,1.3402,0.6,negative_to_positive,midweek_partial,True,False,-2.3952,-0.5952,-1.8,0.8624,shrinking,0.19357142857142845,-0.6199,False,False,False,False,True,,,,,1_0
000637,2026-03-02,L2,1,5,6.0665,2.7167,1.6632,1.0535,0.9969,0.2,negative_to_positive,monday,True,False,9.9391,0.818,9.1212,3.8805,expanding,0.1907142857142856,2.5693,False,False,True,False,False,,,True,False,1_0
000637,2026-03-04,L2,3,5,0.3914,0.064,2.7083,-2.6443,6.1173,0.6,none,midweek_partial,False,False,-10.0,5.1661,-15.1661,0.5404,shrinking,0.1892857142857142,-3.0113,False,False,False,False,True,,,,,0_0
000637,2026-03-06,L2,5,5,2.3483,0.4209,2.7083,-2.2874,5.5788,1.0,none,completed_week,False,False,1.751,0.1949,1.556,0.7414,shrinking,0.24071428571428566,0.3739,True,True,True,True,True,True,False,True,False,0_1
000637,2026-03-10,L2,2,5,-8.5145,,,,,0.4,none,tuesday_gate_failed,,False,-3.2567,-0.1912,-3.0655,0.7509,shrinking,0.25928571428571434,-0.6556,False,False,False,False,True,,,,,0_0
000637,2026-03-12,L2,4,5,-10.1449,,,,,0.8,none,midweek_partial,False,False,-0.998,-0.7921,-0.2059,0.8782,shrinking,0.28642857142857153,-0.1746,False,False,False,False,True,,,,,0_0
000637,2026-03-16,L2,1,5,-2.5692,14.841,2.3483,12.4927,0.5859,0.2,none,monday,False,False,-2.1825,1.6129,-3.7954,0.8504,shrinking,0.2942857142857144,-0.3738,False,False,False,False,True,,,,,0_0
000637,2026-03-18,L2,3,5,-5.7312,,,,,0.6,none,midweek_partial,False,False,-1.4463,-1.8256,0.3793,0.9128,normal,0.3000000000000001,-0.2333,False,False,False,False,True,,,,,0_0
000637,2026-03-26,L2,4,5,3.386,4.1925,11.0672,-6.8747,0.8076,0.8,negative_to_positive,midweek_partial,True,False,-0.6508,1.9912,-2.6419,0.9244,normal,0.2414285714285715,-0.1243,False,False,False,False,True,,,,,1_0
000637,2026-03-30,L2,1,5,-1.8711,9.3946,11.0672,-1.6726,0.889,0.2,negative_to_positive,monday,True,False,-1.6667,4.8035,-6.4702,0.8534,shrinking,0.21714285714285714,-0.3684,False,False,False,False,True,,,,,1_0
000638,2026-01-05,L2,1,5,0.0,5.8338,2.6104,3.2234,0.4285,0.2,none,monday,False,False,4.9145,4.9327,-0.0182,0.6847,shrinking,0.275,0.8364,False,False,False,False,False,,,,,0_0
000638,2026-01-07,L2,3,5,-0.2037,,,,,0.6,none,midweek_partial,False,False,-5.0388,5.0916,-10.1304,17.6341,expanding,0.26642857142857146,-0.9759,False,False,False,False,True,,,,,0_0
000638,2026-01-09,L2,5,5,-1.833,1.3517,2.5,-1.1483,1.3561,1.0,none,completed_week,False,False,-0.207,-1.4286,1.2215,0.7371,shrinking,0.25928571428571434,-0.0386,False,False,False,False,True,,,,,0_0
000638,2026-01-13,L2,2,5,-0.8247,,,,,0.4,none,tuesday_gate_failed,,False,-4.9407,4.9793,-9.92,2.4329,expanding,0.25999999999999995,-0.9615,False,False,False,False,True,,,,,0_0
000638,2026-01-15,L2,4,5,-10.5155,,,,,0.8,none,midweek_partial,False,False,-5.0328,-4.9896,-0.0432,0.5803,shrinking,0.2614285714285714,-0.8798,False,False,False,False,True,,,,,0_0
000639,2026-01-05,L2,1,5,-0.6042,15.3414,2.2222,13.1192,0.3539,0.2,none,monday,False,False,-0.6042,-0.3012,-0.303,1.1097,expanding,0.17499999999999996,-0.1143,False,False,False,False,True,,,,,0_0
000639,2026-01-07,L2,3,5,-0.6042,,,,,0.6,none,midweek_partial,False,False,-1.497,1.5198,-3.0168,0.9383,normal,0.1564285714285714,-0.3196,False,False,False,False,True,,,,,0_0
000639,2026-01-09,L2,5,5,0.6042,0.3761,5.4286,-5.0525,1.6065,1.0,negative_to_positive,completed_week,True,False,0.3012,0.9119,-0.6106,1.0347,normal,0.14714285714285708,0.068,False,False,False,False,True,,,,,1_0
000639,2026-01-13,L2,2,5,1.5015,,,,,0.4,negative_to_positive,tuesday_A,True,False,-1.1696,2.7027,-3.8723,1.1062,expanding,0.13499999999999993,-0.2963,False,False,False,False,True,,,,,1_0
000639,2026-01-15,L2,4,5,-2.7027,,,,,0.8,none,midweek_partial,False,False,-2.7027,-1.4793,-1.2234,0.7705,shrinking,0.10571428571428562,-0.8514,False,False,False,False,True,,,,,0_0
000639,2026-01-19,L2,1,5,2.5157,3.8396,0.6042,3.2354,1.2514,0.2,none,monday,False,False,2.8391,-2.1605,4.9996,0.8099,shrinking,0.10642857142857134,0.8456,True,True,False,False,True,False,True,,,0_1
000639,2026-01-21,L2,3,5,1.8868,3.2851,4.8048,-1.5197,0.5743,0.6,negative_to_positive,midweek_partial,True,False,-0.3077,-0.3067,-0.0009,0.8909,shrinking,0.10285714285714283,-0.0972,False,False,False,False,True,,,,,1_0
000639,2026-01-23,L2,5,5,4.0881,7.1402,4.8048,2.3354,0.5725,1.0,negative_to_positive,completed_week,True,False,0.303,1.8519,-1.5488,0.8889,shrinking,0.09071428571428568,0.1102,False,False,False,False,True,,,,,1_0
000639,2026-01-27,L2,2,5,-3.9275,,,,,0.4,negative_to_positive,tuesday_C,True,False,-1.8519,-2.1148,0.263,0.9757,normal,0.08857142857142855,-0.6774,False,False,False,False,True,,,,,1_0
000639,2026-01-29,L2,4,5,-3.0211,,,,,0.8,none,midweek_partial,False,False,0.9434,0.0,0.9434,1.1178,expanding,0.09214285714285718,0.3256,False,False,True,True,True,,,False,True,0_1
000639,2026-02-10,L2,2,5,-1.0033,,,,,0.4,negative_to_positive,tuesday_C,True,False,0.0,1.0239,-1.0239,0.8418,shrinking,0.0992857142857143,0.0,False,False,False,False,True,,,,,1_0
000639,2026-03-16,L2,1,5,8.2759,1.8431,2.0833,-0.2402,0.9688,0.2,negative_to_positive,monday,True,False,10.1754,1.0638,9.1116,2.9414,expanding,0.08357142857142853,3.4701,False,False,True,False,False,,,True,False,1_0
000650,2026-01-05,L2,1,5,6.2609,2.4403,1.1966,1.2437,0.8522,0.2,none,monday,False,False,8.1416,-0.3527,8.4943,8.9983,expanding,0.07857142857142854,5.8545,False,False,False,False,False,,,,,0_0
000650,2026-01-07,L2,3,5,5.2174,0.506,2.0797,-1.5737,10.3104,0.6,negative_to_positive,midweek_partial,True,False,-3.2,2.2913,-5.4913,0.5747,shrinking,0.10214285714285719,-1.958,False,False,False,False,True,,,,,1_0
000650,2026-01-09,L2,5,5,5.2174,0.6151,2.0797,-1.4646,8.4817,1.0,negative_to_positive,completed_week,True,False,0.3317,-0.3306,0.6623,1.0842,normal,0.125,0.16,False,False,False,False,True,,,,,1_0
000650,2026-01-13,L2,2,5,1.1551,,,,,0.4,negative_to_positive,tuesday_A,True,False,-0.8091,2.1488,-2.9578,0.6624,shrinking,0.1264285714285714,-0.3955,False,False,False,False,True,,,,,1_0
000650,2026-01-15,L2,4,5,2.3102,2.7797,5.2174,-2.4377,0.8311,0.8,none,midweek_partial,False,False,-1.8987,3.0995,-4.9982,0.4436,shrinking,0.1471428571428572,-0.8155,False,False,False,False,True,,,,,0_0
000650,2026-01-19,L2,1,5,0.8251,0.6535,5.2174,-4.5639,0.7576,0.2,none,monday,False,False,0.3284,-1.7742,2.1026,0.6034,shrinking,0.1671428571428572,0.1197,True,True,False,False,True,False,True,,,0_1
000650,2026-01-21,L2,3,5,0.33,0.8786,0.495,0.3836,0.3756,0.6,double_positive_efficiency_improved,midweek_partial,True,False,-0.6536,0.1637,-0.8173,1.1047,expanding,0.17928571428571427,-0.2231,False,False,False,False,True,,,,,1_0
000650,2026-01-23,L2,5,5,1.6502,4.0956,0.495,3.6006,0.4029,1.0,double_positive_efficiency_improved,completed_week,True,False,1.1494,0.1645,0.985,1.9088,expanding,0.1764285714285714,0.3968,False,False,True,True,True,,,True,False,1_1
000650,2026-01-27,L2,2,5,-0.3252,,,,,0.4,double_positive_efficiency_improved,tuesday_A,True,False,-1.4469,0.974,-2.421,0.7545,shrinking,0.14857142857142852,-0.6058,False,False,False,False,True,,,,,1_0
000650,2026-01-29,L2,4,5,-1.626,,,,,0.8,none,midweek_partial,False,False,-0.3295,-0.9788,0.6493,0.9624,normal,0.13571428571428562,-0.1474,False,False,False,False,True,,,,,0_0
000650,2026-02-02,L2,1,5,-1.8487,1.9902,1.6502,0.34,1.3073,0.2,none,monday,False,False,-2.5042,-0.9917,-1.5124,0.8907,shrinking,0.1342857142857141,-1.117,False,False,False,False,True,,,,,0_0
000650,2026-02-04,L2,3,5,0.3361,0.5106,2.6016,-2.091,0.6583,0.6,negative_to_positive,midweek_partial,True,False,0.8446,1.3699,-0.5253,0.9272,normal,0.12714285714285692,0.3933,False,False,False,False,True,,,,,1_0
000650,2026-02-06,L2,5,5,0.0,0.0,2.6016,-2.6016,0.7309,1.0,none,completed_week,False,False,0.0,-0.335,0.335,2.41,expanding,0.10928571428571406,0.0,False,False,False,False,True,,,,,0_0
000650,2026-02-10,L2,2,5,-0.3344,,,,,0.4,none,tuesday_gate_failed,,False,-0.3344,0.5042,-0.8386,0.6583,shrinking,0.10714285714285701,-0.1867,False,False,False,False,True,,,,,0_0
000650,2026-02-12,L2,4,5,-1.505,,,,,0.8,none,midweek_partial,False,False,-1.0084,-0.1678,-0.8406,1.8046,expanding,0.10642857142857125,-0.5638,False,False,False,False,True,,,,,0_0
000650,2026-02-24,L2,1,5,0.3401,,,,,0.2,none,tuesday_gate_failed,,False,1.0274,-0.8489,1.8763,0.9594,normal,0.10499999999999986,0.5714,True,True,False,False,True,False,True,,,0_1
000650,2026-02-26,L2,3,5,0.8503,0.97,2.3411,-1.3711,0.8767,0.6,negative_to_positive,midweek_partial,True,False,0.0,0.5085,-0.5085,0.775,shrinking,0.09499999999999995,0.0,False,False,False,False,True,,,,,1_0
000652,2026-01-05,L2,1,5,0.2392,0.7587,3.0023,-2.2436,0.9437,0.2,none,monday,False,False,0.7212,-0.716,1.4371,0.9133,normal,0.10642857142857169,0.2819,True,True,False,False,True,False,True,,,0_1
000652,2026-01-07,L2,3,5,0.9569,0.8583,0.716,0.1423,1.115,0.6,negative_to_positive,midweek_partial,True,False,-0.939,1.6706,-2.6096,0.909,normal,0.09428571428571456,-0.4242,False,False,False,False,True,,,,,1_0
000652,2026-01-09,L2,5,5,1.4354,1.1989,0.716,0.4829,1.1973,1.0,negative_to_positive,completed_week,True,False,0.2364,0.237,-0.0006,1.6402,expanding,0.09285714285714317,0.1077,False,False,False,False,True,,,,,1_0
000652,2026-01-13,L2,2,5,0.9434,,,,,0.4,negative_to_positive,tuesday_A,True,False,-0.2331,1.1792,-1.4123,0.8594,shrinking,0.08928571428571448,-0.112,False,False,False,False,True,,,,,1_0
000652,2026-01-15,L2,4,5,-0.2358,,,,,0.8,none,midweek_partial,False,True,-0.7042,-0.4673,-0.2369,0.4281,shrinking,0.09714285714285735,-0.3088,False,False,False,False,True,,,,,0_0
000652,2026-01-19,L2,1,5,0.7059,0.5625,1.4354,-0.8729,1.6772,0.2,none,monday,False,False,0.0,1.182,-1.182,0.9499,normal,0.09571428571428589,0.0,False,False,False,False,True,,,,,0_0
000652,2026-01-21,L2,3,5,1.6471,2.7039,0.9434,1.7605,0.6091,0.6,double_positive_efficiency_improved,midweek_partial,True,False,-0.2309,1.1682,-1.3992,0.6567,shrinking,0.10000000000000009,-0.1,False,False,False,False,True,,,,,1_0
000652,2026-01-23,L2,5,5,3.2941,4.8374,0.9434,3.894,0.681,1.0,double_positive_efficiency_improved,completed_week,True,False,0.2283,1.3889,-1.1606,0.9612,normal,0.08285714285714293,0.1207,False,False,False,False,True,,,,,1_0
000652,2026-01-27,L2,2,5,6.5169,,,,,0.4,double_positive_efficiency_improved,tuesday_A,True,False,6.0403,1.8223,4.2179,3.2586,expanding,0.08285714285714287,3.2586,False,False,True,False,False,,,True,False,1_0
000652,2026-01-29,L2,4,5,0.6742,0.1518,3.2941,-3.1423,4.4417,0.8,none,midweek_partial,False,False,-2.6087,-2.9536,0.3449,0.5977,shrinking,0.11642857142857135,-1.0307,False,False,False,False,True,,,,,0_0
000652,2026-02-04,L2,3,5,-2.2936,,,,,0.6,none,midweek_partial,False,False,0.9479,1.9324,-0.9845,0.7271,shrinking,0.1592857142857143,0.2511,False,False,False,False,True,,,,,0_0
000652,2026-02-06,L2,5,5,-1.8349,3.9781,1.573,2.4051,0.4612,1.0,none,completed_week,False,False,0.0,0.4695,-0.4695,0.5541,shrinking,0.1642857142857144,0.0,False,False,False,False,True,,,,,0_0
000652,2026-02-10,L2,2,5,-2.7907,,,,,0.4,none,tuesday_gate_failed,,False,-1.4151,-0.9346,-0.4805,0.8015,shrinking,0.17071428571428587,-0.3515,False,False,False,False,True,,,,,0_0
000652,2026-02-24,L2,1,5,0.2392,,,,,0.2,none,tuesday_gate_failed,,False,1.2077,0.2421,0.9656,1.0866,normal,0.1785714285714287,0.28,False,False,True,True,True,,,True,False,0_1
000652,2026-02-26,L2,3,5,0.0,,,,,0.6,none,midweek_partial,False,False,-1.4151,1.1933,-2.6084,0.9099,normal,0.13928571428571448,-0.4308,False,False,False,False,True,,,,,0_0
000652,2026-03-02,L2,1,5,-0.2387,1.2284,3.7209,-2.4925,0.5843,0.2,negative_to_positive,monday,True,False,-0.7126,0.7177,-1.4303,1.6999,expanding,0.12714285714285728,-0.236,False,False,False,False,True,,,,,1_0
000652,2026-03-04,L2,3,5,-3.8186,,,,,0.6,none,midweek_partial,False,False,-3.3573,-0.2392,-3.1181,0.9661,normal,0.09285714285714297,-1.5077,False,False,False,False,True,,,,,0_0
000652,2026-03-06,L2,5,5,-0.9547,0.5183,0.7177,-0.1994,1.842,1.0,none,completed_week,False,False,1.7157,1.2407,0.475,1.1424,expanding,0.09214285714285715,0.7597,False,False,False,False,True,,,,,0_0
000652,2026-03-10,L2,2,5,1.4599,,,,,0.4,none,tuesday_gate_failed,,False,0.7246,-0.241,0.9656,0.5934,shrinking,0.08857142857142852,0.3387,True,True,True,True,True,False,True,False,True,0_1
000652,2026-03-12,L2,4,5,1.4599,2.3209,0.9547,1.3662,0.629,0.8,negative_to_positive,midweek_partial,True,False,-0.9501,0.9592,-1.9094,1.0505,normal,0.0814285714285714,-0.4912,False,False,False,False,True,,,,,1_0
000652,2026-03-16,L2,1,5,-0.2433,0.0,0.9547,-0.9547,0.6241,0.2,none,monday,False,False,-0.2433,-1.4388,1.1955,0.9705,normal,0.08285714285714281,-0.1207,False,False,False,False,True,,,,,0_0
000652,2026-03-18,L2,3,5,-1.9465,,,,,0.6,none,midweek_partial,False,False,-0.7389,-0.9756,0.2367,1.0985,normal,0.08714285714285706,-0.3443,False,False,False,False,True,,,,,0_0
000652,2026-03-30,L2,1,5,2.8497,2.3193,5.5961,-3.2768,1.1258,0.2,negative_to_positive,monday,True,False,1.0178,0.2551,0.7627,1.0464,normal,0.1078571428571428,0.3709,False,False,True,True,True,,,True,False,1_1
000655,2026-01-05,L2,1,5,2.5316,3.2652,5.5006,-2.2354,0.6005,0.2,none,monday,False,False,2.3158,0.1054,2.2104,1.4969,expanding,0.2700000000000001,0.8148,False,False,True,True,True,,,True,False,0_1
000655,2026-01-07,L2,3,5,5.1688,2.2666,1.9608,0.3058,2.2804,0.6,negative_to_positive,midweek_partial,True,False,1.0132,1.5432,-0.53,1.1158,expanding,0.2700000000000001,0.3704,False,False,False,False,True,,,,,1_0
000655,2026-01-09,L2,5,5,4.2194,1.9074,1.9608,-0.0534,2.2121,1.0,negative_to_positive,completed_week,True,False,0.8163,-1.7051,2.5214,0.9944,normal,0.26285714285714284,0.3043,True,True,False,False,True,False,True,,,1_1
000655,2026-01-13,L2,2,5,-1.2121,,,,,0.4,negative_to_positive,tuesday_B,True,False,0.1024,-1.1134,1.2157,0.9371,normal,0.26785714285714285,0.0373,True,True,False,False,True,False,True,,,1_1
000655,2026-01-15,L2,4,5,-0.202,,,,,0.8,none,midweek_partial,False,False,1.6461,-0.6135,2.2596,1.3027,expanding,0.24714285714285708,0.6474,False,False,False,False,True,,,,,0_0
000655,2026-01-19,L2,1,5,3.8776,0.2623,4.2194,-3.9571,1.1553,0.2,none,monday,False,False,3.1408,-0.1012,3.242,1.4749,expanding,0.26000000000000006,1.1923,False,False,True,True,True,,,False,True,0_1
000655,2026-01-21,L2,3,5,5.102,4.2294,0.303,3.9264,1.2063,0.6,negative_to_positive,midweek_partial,True,False,2.7944,-1.5717,4.3661,1.1734,expanding,0.2792857142857144,1.0026,False,False,False,False,True,,,,,1_0
000655,2026-01-23,L2,5,5,8.9796,7.4453,0.303,7.1423,1.2061,1.0,negative_to_positive,completed_week,True,False,3.2882,0.3883,2.8999,1.5929,expanding,0.29857142857142854,1.1388,False,False,True,True,True,,,True,False,1_1
000655,2026-01-27,L2,2,5,-1.2127,,,,,0.4,negative_to_positive,tuesday_A,True,False,-5.2773,4.6816,-9.9589,0.9055,normal,0.3092857142857143,-1.9076,False,False,False,False,True,,,,,1_0
000655,2026-01-29,L2,4,5,4.291,1.711,8.9796,-7.2686,2.5079,0.8,none,midweek_partial,False,False,-1.3239,6.9877,-8.3116,1.3569,expanding,0.3714285714285715,-0.4038,False,False,False,False,True,,,,,0_0
000655,2026-02-02,L2,1,5,-2.9412,0.604,8.9796,-8.3756,2.471,0.2,none,monday,False,False,-6.25,-5.5456,-0.7044,0.6167,shrinking,0.48357142857142854,-1.3648,False,False,False,False,True,,,,,0_0
000655,2026-02-04,L2,3,5,1.2745,2.9082,1.4925,1.4157,0.4383,0.6,negative_to_positive,midweek_partial,True,False,0.8789,3.4343,-2.5554,0.6691,shrinking,0.5707142857142857,0.1577,False,False,False,False,True,,,,,1_0
000655,2026-02-06,L2,5,5,-0.4902,1.2704,1.4925,-0.2221,0.3858,1.0,none,completed_week,False,False,1.6016,-3.2914,4.893,1.5165,expanding,0.5735714285714285,0.279,False,False,False,False,True,,,,,0_0
000655,2026-02-10,L2,2,5,-2.8265,,,,,0.4,none,tuesday_gate_failed,,False,-1.6765,-0.0985,-1.578,0.9268,normal,0.5764285714285713,-0.2949,False,False,False,False,True,,,,,0_0
000655,2026-02-12,L2,4,5,1.2671,1.4091,0.4902,0.9189,0.8992,0.8,negative_to_positive,midweek_partial,True,False,1.6634,2.5075,-0.8441,1.7877,expanding,0.5528571428571428,0.3075,False,False,False,False,True,,,,,1_0
000655,2026-02-24,L2,1,5,2.3346,,,,,0.2,none,tuesday_gate_failed,,False,4.0554,-2.6949,6.7503,0.9816,normal,0.5878571428571429,0.6974,True,False,False,False,False,False,True,,,0_0
000655,2026-02-26,L2,3,5,6.7121,5.7106,1.462,4.2486,1.1754,0.6,negative_to_positive,midweek_partial,True,False,0.1826,4.0875,-3.9048,0.754,shrinking,0.5564285714285715,0.0359,False,False,False,False,True,,,,,1_0
000655,2026-03-02,L2,1,5,-0.0879,10.5549,1.462,9.0929,0.9493,0.2,negative_to_positive,monday,True,False,0.5305,3.0994,-2.5689,1.2582,expanding,0.4707142857142858,0.1275,False,False,False,False,True,,,,,1_0
000655,2026-03-04,L2,3,5,-5.0967,,,,,0.6,none,midweek_partial,False,False,-0.369,-4.6614,4.2924,0.6247,shrinking,0.422857142857143,-0.0946,False,False,False,False,True,,,,,0_0
000655,2026-03-06,L2,5,5,-6.5905,6.0859,10.0195,-3.9336,1.0829,1.0,none,completed_week,False,False,-1.2999,-0.2778,-1.0221,0.9177,normal,0.43071428571428594,-0.325,False,False,False,False,True,,,,,0_0
000656,2026-01-05,L2,1,5,0.6944,1.3223,1.3514,-0.0291,0.5215,0.2,none,monday,False,False,0.6944,0.0,0.6944,1.331,expanding,0.03500000000000003,0.2857,False,False,False,False,True,,,,,0_0
000656,2026-01-07,L2,3,5,1.3889,0.704,0.6897,0.0143,1.9728,0.6,negative_to_positive,midweek_partial,True,False,0.0,0.6897,-0.6897,1.097,normal,0.03285714285714288,0.0,False,False,False,False,True,,,,,1_0
000656,2026-01-09,L2,5,5,2.0833,0.8978,0.6897,0.2081,2.3205,1.0,negative_to_positive,completed_week,True,False,-1.3423,2.0548,-3.3971,0.8793,shrinking,0.0285714285714286,-0.7,False,False,False,False,True,,,,,1_0
000656,2026-01-13,L2,2,5,-1.3605,,,,,0.4,negative_to_positive,tuesday_C,True,False,-0.6849,-0.6803,-0.0047,0.9828,normal,0.025714285714285738,-0.3889,False,False,False,False,True,,,,,1_0
000656,2026-01-15,L2,4,5,-0.6803,,,,,0.8,none,midweek_partial,False,False,1.3889,-0.6897,2.0785,1.0278,normal,0.025714285714285738,0.7778,False,False,False,False,True,,,,,0_0
000656,2026-01-19,L2,1,5,0.0,0.7785,2.0833,-1.3048,0.8738,0.2,none,monday,False,False,0.0,0.0,0.0,0.5743,shrinking,0.02642857142857145,0.0,False,False,False,False,True,,,,,0_0
000656,2026-01-21,L2,3,5,1.3699,1.7234,0.6803,1.0431,0.7948,0.6,negative_to_positive,midweek_partial,True,False,1.3699,0.0,1.3699,1.0474,normal,0.025714285714285738,0.7778,False,False,True,True,True,,,False,True,1_1
000656,2026-01-23,L2,5,5,2.0548,2.2153,0.6803,1.535,0.9275,1.0,negative_to_positive,completed_week,True,False,0.6757,0.0,0.6757,1.6536,expanding,0.027142857142857166,0.3684,False,False,True,True,True,,,False,True,1_1
000656,2026-01-27,L2,2,5,0.0,,,,,0.4,negative_to_positive,tuesday_B,True,False,0.6757,-0.6711,1.3468,1.182,expanding,0.027857142857142882,0.359,False,False,False,False,True,,,,,1_0
000656,2026-01-29,L2,4,5,0.6711,0.6001,2.0548,-1.4547,1.1184,0.8,none,midweek_partial,False,False,0.6711,0.0,0.6711,1.5567,expanding,0.030000000000000027,0.3333,False,False,False,False,True,,,,,0_0
000656,2026-02-02,L2,1,5,-1.3333,0.5953,2.0548,-1.4595,1.1274,0.2,none,monday,False,False,0.0,-1.3333,1.3333,4.7149,expanding,0.027857142857142882,0.0,False,False,False,False,True,,,,,0_0
000656,2026-02-04,L2,3,5,-2.6667,,,,,0.6,none,midweek_partial,False,True,0.6897,-2.027,2.7167,0.6629,shrinking,0.03142857142857146,0.3182,True,True,False,False,True,False,True,,,0_1
000656,2026-02-06,L2,5,5,-4.0,1.7411,0.6711,1.07,2.2974,1.0,none,completed_week,False,True,0.0,-1.3699,1.3699,0.6632,shrinking,0.0335714285714286,0.0,False,False,False,False,True,,,,,0_0
000656,2026-02-10,L2,2,5,-0.6897,,,,,0.4,none,tuesday_gate_failed,,False,0.0,0.0,0.0,0.8578,shrinking,0.034285714285714315,0.0,False,False,False,False,True,,,,,0_0
000656,2026-02-12,L2,4,5,-1.3793,,,,,0.8,none,midweek_partial,False,False,0.7042,-1.3889,2.0931,1.659,expanding,0.03285714285714288,0.3043,False,False,False,False,True,,,,,0_0
000656,2026-02-24,L2,1,5,0.0,,,,,0.2,none,tuesday_gate_failed,,False,0.7042,-0.6993,1.4035,1.0414,normal,0.03285714285714288,0.3043,False,False,False,False,True,,,,,0_0
000656,2026-02-26,L2,3,5,0.6993,0.6819,2.069,-1.3871,1.0256,0.6,negative_to_positive,midweek_partial,True,False,0.0,0.6993,-0.6993,0.8358,shrinking,0.030714285714285743,0.0,False,False,False,False,True,,,,,1_0
000657,2026-01-05,L2,1,5,0.8493,15.4575,6.1151,9.3424,0.3925,0.2,none,monday,False,False,2.851,-1.1769,4.0278,0.9113,normal,1.637142857142857,0.4825,True,True,False,False,True,False,True,,,0_1
000657,2026-01-07,L2,3,5,13.2343,6.7831,6.0678,0.7153,1.9511,0.6,negative_to_positive,midweek_partial,True,False,7.6716,4.2807,3.3909,1.0474,normal,1.618571428571428,1.4086,False,False,True,False,False,,,True,False,1_0
000657,2026-01-09,L2,5,5,16.3836,8.7128,6.0678,2.645,1.8804,1.0,negative_to_positive,completed_week,True,False,6.0284,-3.0625,9.0909,1.1329,expanding,1.7749999999999997,1.0535,False,False,False,False,False,,,,,1_0
000657,2026-01-13,L2,2,5,1.6359,,,,,0.4,negative_to_positive,tuesday_B,True,False,3.3261,-1.277,4.6031,1.0583,normal,1.7078571428571423,0.6324,False,False,False,False,True,,,,,1_0
000657,2026-01-15,L2,4,5,11.2693,11.6789,16.3836,-4.7047,0.9649,0.8,none,midweek_partial,False,False,5.5157,3.7556,1.7601,0.8565,shrinking,1.741428571428571,1.1025,True,False,True,False,False,True,False,True,False,0_0
000657,2026-01-19,L2,1,5,7.6183,13.886,16.3836,-2.4976,0.9795,0.2,none,monday,False,False,7.36,2.0964,5.2636,0.9543,normal,1.7214285714285715,1.6033,True,False,True,False,False,True,False,True,False,0_0
000657,2026-01-21,L2,3,5,11.4141,9.3944,13.6019,-4.2075,1.215,0.6,none,midweek_partial,False,False,10.0026,-5.8867,15.8894,0.8228,shrinking,2.0221428571428577,1.8742,True,False,False,False,False,False,True,,,0_0
000657,2026-01-23,L2,5,5,20.2085,16.2529,13.6019,2.651,1.2434,1.0,double_positive_efficiency_improved,completed_week,True,False,5.7869,1.9914,3.7955,1.0499,normal,2.420714285714286,1.0162,False,False,False,False,False,,,,,1_0
000657,2026-01-27,L2,2,5,10.5782,,,,,0.4,double_positive_efficiency_improved,tuesday_A,True,False,2.0619,10.0067,-7.9448,1.4597,expanding,2.796428571428571,0.3648,False,False,False,False,True,,,,,1_0
000657,2026-01-29,L2,4,5,8.1253,6.9769,20.2085,-13.2316,1.1646,0.8,none,midweek_partial,False,False,-5.5662,3.5453,-9.1114,0.9662,normal,3.1235714285714287,-0.9316,False,False,False,False,True,,,,,0_0
000657,2026-02-02,L2,1,5,-2.2089,5.3206,20.2085,-14.8879,1.169,0.2,none,monday,False,False,-5.9794,-1.7622,-4.2172,0.8865,shrinking,3.587857142857142,-0.8083,False,False,False,False,True,,,,,0_0
000657,2026-02-04,L2,3,5,0.5361,0.7716,6.2199,-5.4483,0.6948,0.6,none,midweek_partial,False,False,-0.2977,3.114,-3.4118,0.7174,shrinking,3.895,-0.0359,False,False,False,False,True,,,,,0_0
000657,2026-02-06,L2,5,5,2.7879,4.1657,6.2199,-2.0542,0.6693,1.0,none,completed_week,False,False,5.4565,-3.0503,8.5069,1.4794,expanding,3.9457142857142853,0.6285,False,False,False,False,False,,,,,0_0
000657,2026-02-10,L2,2,5,-0.7505,,,,,0.4,none,tuesday_gate_failed,,False,0.6767,-1.3353,2.012,0.7859,shrinking,4.0142857142857125,0.0797,True,True,False,False,True,False,True,,,0_1
000657,2026-02-12,L2,4,5,15.3429,15.6825,2.7879,12.8946,0.9783,0.8,double_positive_efficiency_improved,midweek_partial,True,False,5.6521,9.9979,-4.3458,1.1904,expanding,3.7071428571428564,0.7985,False,False,False,False,False,,,,,1_0
000657,2026-02-24,L2,1,5,-2.1588,,,,,0.2,double_positive_efficiency_improved,tuesday_pending,True,False,2.0416,-5.2774,7.319,0.7999,shrinking,3.9249999999999994,0.2726,True,True,False,False,True,False,True,,,1_1
000657,2026-02-26,L2,3,5,10.1354,8.3813,9.2558,-0.8745,1.2093,0.6,none,midweek_partial,False,False,2.3287,10.0037,-7.675,1.3648,expanding,3.6964285714285716,0.3706,False,False,False,False,True,,,,,0_0
000657,2026-03-02,L2,1,5,-2.7887,22.1683,9.2558,12.9125,0.954,0.2,double_positive_efficiency_improved,monday,True,False,4.2283,10.0,-5.7717,1.3633,expanding,3.8028571428571434,0.7363,False,False,False,False,False,,,,,1_0
000657,2026-03-04,L2,3,5,-6.3662,,,,,0.6,none,midweek_partial,False,False,2.3714,-5.9113,8.2827,0.8531,shrinking,3.962142857142857,0.3887,True,True,False,False,True,False,True,,,0_1
000657,2026-03-06,L2,5,5,-7.5211,6.1259,21.1489,-15.023,1.2278,1.0,none,completed_week,False,False,2.004,-3.1739,5.1779,0.9309,normal,4.518571428571429,0.2855,True,True,False,False,True,False,True,,,0_1
000657,2026-03-10,L2,2,5,2.8793,,,,,0.4,none,tuesday_gate_failed,,False,2.0734,-0.8376,2.9111,0.9011,normal,4.644285714285715,0.2907,True,True,True,True,True,False,True,False,True,0_1
000657,2026-03-12,L2,4,5,-3.5604,,,,,0.8,none,midweek_partial,False,False,-0.8751,-5.4318,4.5567,0.7245,shrinking,4.974285714285714,-0.1106,False,False,False,False,True,,,,,0_0
000659,2026-01-05,L2,1,5,-1.99,5.7083,8.9506,-3.2423,2.5733,0.2,none,monday,False,False,-2.9557,4.1026,-7.0582,0.9148,normal,0.16714285714285718,-0.7179,False,False,False,False,True,,,,,0_0
000659,2026-01-07,L2,3,5,0.7463,0.6386,14.6893,-14.0507,1.1686,0.6,none,midweek_partial,False,False,-0.4914,3.2995,-3.7909,0.7096,shrinking,0.20500000000000002,-0.0976,False,False,False,False,True,,,,,0_0
000659,2026-01-09,L2,5,5,4.7264,4.7619,14.6893,-9.9274,0.9925,1.0,none,completed_week,False,False,1.2019,2.716,-1.5141,0.9777,normal,0.22357142857142856,0.2236,False,False,False,False,True,,,,,0_0
000659,2026-01-13,L2,2,5,3.271,,,,,0.4,none,tuesday_gate_failed,,False,-0.4505,5.4632,-5.9136,0.8443,shrinking,0.2457142857142857,-0.0814,False,False,False,False,True,,,,,0_0
000659,2026-01-15,L2,4,5,-2.8037,,,,,0.8,none,midweek_partial,False,False,-1.8868,-4.0724,2.1856,0.5127,shrinking,0.2792857142857142,-0.2864,False,False,False,False,True,,,,,0_0
000659,2026-01-19,L2,1,5,6.3205,6.023,4.7264,1.2966,0.7758,0.2,double_positive_efficiency_improved,monday,True,False,5.1339,7.6923,-2.5584,1.244,expanding,0.29071428571428565,0.7912,False,False,False,False,False,,,,,1_0
000659,2026-01-21,L2,3,5,5.6433,6.2854,4.6729,1.6125,0.8979,0.6,double_positive_efficiency_improved,midweek_partial,True,False,2.6316,-3.1847,5.8163,0.7844,shrinking,0.3307142857142857,0.3629,True,True,False,False,True,False,True,,,1_1
000659,2026-01-23,L2,5,5,1.1287,1.344,4.6729,-3.3289,0.8398,1.0,none,completed_week,False,False,1.3575,-5.5556,6.913,0.581,shrinking,0.3085714285714286,0.1944,True,True,False,False,True,False,True,,,0_1
000659,2026-01-27,L2,2,5,9.5556,,,,,0.4,none,tuesday_gate_failed,,False,10.0446,0.0,10.0446,1.959,expanding,0.285,1.5789,False,False,False,False,False,,,,,0_0
000659,2026-01-29,L2,4,5,5.7778,6.5311,1.1287,5.4024,0.8847,0.8,double_positive_efficiency_improved,midweek_partial,True,False,-2.8571,-0.6085,-2.2486,0.604,shrinking,0.31071428571428567,-0.4506,False,False,False,False,True,,,,,1_0
000659,2026-02-02,L2,1,5,-5.2192,6.6109,1.1287,5.4822,0.874,0.2,double_positive_efficiency_improved,monday,True,False,-4.6218,0.0,-4.6218,0.8869,shrinking,0.3092857142857143,-0.7113,False,False,False,False,True,,,,,1_0
000659,2026-02-04,L2,3,5,-5.2192,,,,,0.6,none,midweek_partial,False,False,0.6652,-0.6608,1.326,0.9868,normal,0.30214285714285716,0.0993,True,True,False,False,True,False,True,,,0_1
000659,2026-02-06,L2,5,5,-7.7244,12.1299,5.7778,6.3521,0.6368,1.0,none,completed_week,False,False,0.0,-2.6432,2.6432,0.8009,shrinking,0.305,0.0,False,False,False,False,True,,,,,0_0
000659,2026-02-10,L2,2,5,-1.7857,,,,,0.4,none,tuesday_gate_failed,,False,-0.2268,-0.2262,-0.0005,1.8029,expanding,0.25428571428571417,-0.0393,False,False,False,False,True,,,,,0_0
000659,2026-02-12,L2,4,5,6.0268,3.1447,7.7244,-4.5797,1.9165,0.8,negative_to_positive,midweek_partial,True,False,-1.8595,10.0,-11.8595,0.5043,shrinking,0.24714285714285708,-0.3642,False,False,False,False,True,,,,,1_0
000659,2026-02-24,L2,1,5,-0.8511,,,,,0.2,negative_to_positive,tuesday_pending,True,False,0.0,-1.8947,1.8947,0.8105,shrinking,0.25928571428571423,0.0,False,False,False,False,True,,,,,1_0
000659,2026-02-26,L2,3,5,-0.4255,,,,,0.6,none,midweek_partial,False,False,2.1834,-1.7167,3.9001,0.8589,shrinking,0.22714285714285706,0.4403,True,True,False,False,True,False,True,,,0_1
000659,2026-03-02,L2,1,5,-3.3684,5.0646,4.0179,1.0467,0.5041,0.2,double_positive_efficiency_improved,monday,True,False,-4.7718,2.9915,-7.7632,1.0014,normal,0.22285714285714273,-1.0321,False,False,False,False,True,,,,,1_0
000659,2026-03-26,L2,4,5,21.5633,15.0091,3.0769,11.9322,1.4367,0.8,negative_to_positive,midweek_partial,True,False,8.1535,10.0264,-1.8729,2.3628,expanding,0.20571428571428574,1.6528,False,False,False,False,False,,,,,1_0
000659,2026-03-30,L2,1,5,2.4283,15.309,3.0769,12.2321,1.4438,0.2,negative_to_positive,monday,True,False,2.4283,0.4435,1.9848,0.8696,shrinking,0.24,0.4583,True,True,True,True,True,True,False,True,False,1_1
000661,2026-01-05,L2,1,5,2.4865,3.5014,1.6877,1.8137,0.5508,0.2,none,monday,False,False,2.4311,-0.2049,2.636,2.6977,expanding,1.8685714285714294,1.2041,False,False,False,False,True,,,,,0_0
000661,2026-01-07,L2,3,5,2.9946,0.9281,1.9286,-1.0005,3.2265,0.6,negative_to_positive,midweek_partial,True,False,-0.6984,1.2025,-1.9009,0.9086,normal,1.924285714285715,-0.3482,False,False,False,False,True,,,,,1_0
000661,2026-01-09,L2,5,5,5.8378,1.7645,1.9286,-0.1641,3.3085,1.0,negative_to_positive,completed_week,True,False,1.2828,1.459,-0.1762,0.9874,normal,1.4942857142857144,0.8298,False,False,False,False,True,,,,,1_0
000661,2026-01-13,L2,2,5,5.6122,,,,,0.4,negative_to_positive,tuesday_A,True,False,-0.0676,5.7916,-5.8592,0.9428,normal,1.4407142857142858,-0.0486,False,False,False,False,True,,,,,1_0
000661,2026-01-15,L2,4,5,2.1429,1.2288,5.8378,-4.609,1.7439,0.8,none,midweek_partial,False,False,-1.5926,-1.7198,0.1272,0.6215,shrinking,2.2464285714285728,-0.7211,False,False,False,False,True,,,,,0_0
000661,2026-01-19,L2,1,5,0.0909,0.8855,5.8378,-4.9523,1.6134,0.2,none,monday,False,False,-0.3018,-0.6993,0.3975,0.7902,shrinking,2.6000000000000023,-0.1154,False,False,False,False,True,,,,,0_0
000661,2026-01-21,L2,3,5,-1.3332,,,,,0.6,none,midweek_partial,False,False,-0.5902,-0.8375,0.2473,0.9498,normal,2.7450000000000023,-0.2113,False,False,False,False,True,,,,,0_0
000661,2026-01-23,L2,5,5,-0.2121,0.4455,1.4286,-0.9831,0.4761,1.0,none,completed_week,False,False,1.3333,-0.1945,1.5278,1.2745,expanding,2.8064285714285737,0.4632,False,False,False,False,True,,,,,0_0
000661,2026-01-27,L2,2,5,0.4949,,,,,0.4,none,tuesday_gate_failed,,False,-2.2209,2.996,-5.2169,0.6976,shrinking,2.7350000000000025,-0.8263,False,False,False,False,True,,,,,0_0
000661,2026-01-29,L2,4,5,-0.7171,,,,,0.8,none,midweek_partial,False,False,0.924,-2.1106,3.0346,0.8088,shrinking,2.9842857142857153,0.3016,True,True,False,False,True,False,True,,,0_1
000663,2026-01-05,L2,1,5,0.2703,11.3607,1.6883,9.6724,0.4953,0.2,none,monday,False,False,0.542,-2.381,2.923,0.8212,shrinking,0.394285714285714,0.1014,True,True,False,False,True,False,True,,,0_1
000663,2026-01-07,L2,3,5,-0.2703,,,,,0.6,none,midweek_partial,False,False,0.1357,-0.6739,0.8095,0.6678,shrinking,0.34999999999999976,0.0286,True,True,False,False,True,False,True,,,0_1
000663,2026-01-09,L2,5,5,2.1622,1.3068,5.6266,-4.3198,1.6546,1.0,negative_to_positive,completed_week,True,False,0.5319,1.897,-1.3651,0.7935,shrinking,0.2764285714285713,0.1447,False,False,False,False,True,,,,,1_0
000663,2026-01-13,L2,2,5,0.7937,,,,,0.4,negative_to_positive,tuesday_A,True,False,-1.6774,2.5132,-4.1906,0.9568,normal,0.2628571428571428,-0.4946,False,False,False,False,True,,,,,1_0
000663,2026-01-15,L2,4,5,1.0582,1.1591,2.1622,-1.0031,0.913,0.8,none,midweek_partial,False,False,-0.1307,0.3937,-0.5244,0.7574,shrinking,0.25071428571428556,-0.0399,False,False,False,False,True,,,,,0_0
000663,2026-01-19,L2,1,5,0.7916,0.0,2.1622,-2.1622,0.8908,0.2,none,monday,False,False,1.0582,-1.0471,2.1053,0.7192,shrinking,0.23428571428571418,0.3415,True,True,False,False,True,False,True,,,0_1
000663,2026-01-21,L2,3,5,2.9024,3.2345,0.0,3.2345,0.8973,0.6,negative_to_positive,midweek_partial,True,False,0.2571,1.8325,-1.5754,0.9397,normal,0.22214285714285698,0.09,False,False,False,False,True,,,,,1_0
000663,2026-01-23,L2,5,5,7.124,5.6498,0.0,5.6498,1.2609,1.0,negative_to_positive,completed_week,True,False,-0.2457,4.359,-4.6047,1.1195,expanding,0.22071428571428559,-0.0906,False,False,False,False,True,,,,,1_0
000663,2026-01-27,L2,2,5,-2.8395,,,,,0.4,negative_to_positive,tuesday_C,True,False,-1.2547,-1.8473,0.5926,0.7669,shrinking,0.2364285714285714,-0.423,False,False,False,False,True,,,,,1_0
000663,2026-01-29,L2,4,5,-6.6667,,,,,0.8,none,midweek_partial,False,False,-0.7874,-3.1766,2.3892,0.5894,shrinking,0.24999999999999994,-0.24,False,False,False,False,True,,,,,0_0
000663,2026-02-02,L2,1,5,-2.1907,3.2767,7.124,-3.8473,1.0173,0.2,none,monday,False,False,-3.0651,3.5714,-6.6366,0.5833,shrinking,0.26857142857142857,-0.8936,False,False,False,False,True,,,,,0_0
000663,2026-02-04,L2,3,5,0.9021,1.3169,3.3333,-2.0164,0.685,0.6,negative_to_positive,midweek_partial,True,False,1.4249,1.7128,-0.2879,0.7311,shrinking,0.2871428571428572,0.3831,False,False,False,False,True,,,,,1_0
000663,2026-02-06,L2,5,5,2.8351,3.4358,3.3333,0.1025,0.8251,1.0,negative_to_positive,completed_week,True,False,1.3977,0.5109,0.8869,0.8854,shrinking,0.2921428571428572,0.3765,True,True,True,True,True,True,False,True,False,1_1
000663,2026-02-10,L2,2,5,0.0,,,,,0.4,negative_to_positive,tuesday_B,True,False,0.7481,0.5013,0.2469,0.7487,shrinking,0.3171428571428572,0.1892,True,True,False,False,True,True,False,,,1_1
000663,2026-02-12,L2,4,5,-0.9901,,,,,0.8,none,midweek_partial,False,False,-0.2494,-0.7426,0.4932,1.2509,expanding,0.3042857142857143,-0.0657,False,False,False,False,True,,,,,0_0
000663,2026-02-24,L2,1,5,0.8631,,,,,0.2,none,tuesday_gate_failed,,False,0.9877,1.25,-0.2623,0.8355,shrinking,0.2735714285714286,0.2924,False,False,False,False,True,,,,,0_0
000663,2026-02-26,L2,3,5,2.2195,2.4246,0.2475,2.1771,0.9154,0.6,double_positive_efficiency_improved,midweek_partial,True,False,0.4848,0.8557,-0.3709,1.142,expanding,0.2678571428571429,0.1493,False,False,False,False,True,,,,,1_0
000663,2026-03-02,L2,1,5,-3.9711,6.3119,0.2475,6.0644,0.8009,0.2,double_positive_efficiency_improved,monday,True,False,-6.338,2.7744,-9.1125,1.3661,expanding,0.2492857142857143,-2.1662,False,False,False,False,True,,,,,1_0
000663,2026-03-06,L2,5,5,-4.3321,3.1569,5.0555,-1.8986,1.3723,1.0,none,completed_week,False,False,2.9793,-0.1294,3.1086,0.9648,normal,0.26428571428571435,0.8703,True,True,False,False,True,False,True,,,0_1
000665,2026-01-05,L2,1,5,1.5789,1.9567,0.7339,1.2228,2.8753,0.2,double_positive_efficiency_improved,monday,True,False,-0.5155,-3.1614,2.6459,0.6312,shrinking,0.16714285714285695,-0.1795,False,False,False,False,True,,,,,1_0
000665,2026-01-07,L2,3,5,1.0526,0.6979,5.6261,-4.9282,1.5084,0.6,none,midweek_partial,False,False,-1.3699,0.8636,-2.2334,0.678,shrinking,0.19499999999999984,-0.4103,False,False,False,False,True,,,,,0_0
000665,2026-01-09,L2,5,5,4.9123,3.4973,5.6261,-2.1288,1.4046,1.0,none,completed_week,False,False,3.2815,0.5208,2.7607,1.6584,expanding,0.1907142857142856,0.9963,False,False,True,True,True,,,True,False,0_1
000665,2026-01-13,L2,2,5,-1.1475,,,,,0.4,none,tuesday_gate_failed,,False,-2.5848,3.5117,-6.0965,0.8112,shrinking,0.19785714285714281,-0.8087,False,False,False,False,True,,,,,0_0
000665,2026-01-15,L2,4,5,-2.1311,,,,,0.8,none,midweek_partial,False,True,-3.2415,2.3217,-5.5632,0.6742,shrinking,0.21357142857142858,-0.9365,False,False,False,False,True,,,,,0_0
000665,2026-01-19,L2,1,5,-1.2324,5.6151,4.9123,0.7028,1.1094,0.2,none,monday,False,False,-1.9231,-4.1876,2.2645,0.6394,shrinking,0.24642857142857139,-0.4464,False,False,False,False,True,,,,,0_0
000665,2026-01-21,L2,3,5,-1.5845,,,,,0.6,none,midweek_partial,False,False,-1.2367,0.8913,-2.128,0.8124,shrinking,0.26357142857142846,-0.2656,False,False,False,False,True,,,,,0_0
000665,2026-01-23,L2,5,5,0.8803,2.2308,6.2295,-3.9987,0.3946,1.0,negative_to_positive,completed_week,True,False,1.9573,0.5367,1.4206,1.6629,expanding,0.2328571428571428,0.4724,False,False,True,True,True,,,True,False,1_1
000665,2026-01-27,L2,2,5,-2.8269,,,,,0.4,negative_to_positive,tuesday_C,True,False,-0.9009,-3.1414,2.2405,0.5995,shrinking,0.19071428571428564,-0.2622,False,False,False,False,True,,,,,1_0
000665,2026-01-29,L2,4,5,-2.4735,,,,,0.8,none,midweek_partial,False,False,0.7299,-0.3636,1.0936,1.5985,expanding,0.19428571428571426,0.2059,False,False,False,False,True,,,,,0_0
000665,2026-02-02,L2,1,5,-0.3717,4.9878,0.8803,4.1075,0.8501,0.2,none,monday,False,False,-1.107,-1.8116,0.7046,0.7362,shrinking,0.1892857142857142,-0.317,False,False,False,False,True,,,,,0_0
000665,2026-02-04,L2,3,5,2.6022,3.9242,4.2403,-0.3161,0.6631,0.6,negative_to_positive,midweek_partial,True,False,0.9141,2.0522,-1.1382,1.1717,expanding,0.17142857142857132,0.2917,False,False,False,False,True,,,,,1_0
000665,2026-02-06,L2,5,5,4.0892,6.0026,4.2403,1.7623,0.6812,1.0,negative_to_positive,completed_week,True,False,0.7194,0.7246,-0.0052,1.2284,expanding,0.14928571428571422,0.2679,False,False,False,False,True,,,,,1_0
000665,2026-02-10,L2,2,5,3.1858,,,,,0.4,negative_to_positive,tuesday_B,True,False,3.1858,0.8929,2.293,2.6173,expanding,0.13500000000000004,1.3333,False,False,False,False,True,,,,,1_0
000665,2026-02-12,L2,4,5,0.0,,,,,0.8,none,midweek_partial,False,False,0.3552,-3.4305,3.7858,0.7393,shrinking,0.14857142857142863,0.1346,True,True,False,False,True,False,True,,,0_1
000665,2026-02-24,L2,1,5,-1.7857,,,,,0.2,none,tuesday_gate_failed,,False,-0.3623,-2.3009,1.9386,0.8898,shrinking,0.16142857142857148,-0.1239,False,False,False,False,True,,,,,0_0
000665,2026-02-26,L2,3,5,-3.0357,,,,,0.6,none,midweek_partial,False,False,-1.6304,0.3636,-1.9941,1.2512,expanding,0.1557142857142857,-0.578,False,False,False,False,True,,,,,0_0
000668,2026-01-05,L2,1,5,0.2918,0.9423,6.8627,-5.9204,0.4305,0.2,none,monday,False,False,4.9898,-1.0081,5.9979,0.4145,shrinking,0.5114285714285717,0.9581,True,False,False,False,False,False,True,,,0_0
000668,2026-01-07,L2,3,5,9.8249,4.0414,0.4057,3.6357,2.431,0.6,negative_to_positive,midweek_partial,True,False,4.2475,5.0436,-0.7962,50.7366,expanding,0.48714285714285727,0.9443,False,False,False,False,False,,,,,1_0
000668,2026-01-09,L2,5,5,14.2996,4.8626,0.4057,4.4569,2.9407,1.0,negative_to_positive,completed_week,True,False,4.2591,-0.1771,4.4362,1.3212,expanding,0.48000000000000015,1.0,False,False,False,False,False,,,,,1_0
000668,2026-01-13,L2,2,5,0.0,,,,,0.4,negative_to_positive,tuesday_B,True,False,1.9114,-2.0426,3.9539,0.6378,shrinking,0.4778571428571429,0.4604,True,True,False,False,True,False,True,,,1_1
000668,2026-01-15,L2,4,5,-2.046,,,,,0.8,none,midweek_partial,False,False,0.0871,-2.1313,2.2184,0.6397,shrinking,0.4635714285714286,0.0216,True,True,False,False,True,False,True,,,0_1
000668,2026-01-19,L2,1,5,2.9268,3.5327,14.2996,-10.7669,0.7963,0.2,none,monday,False,False,4.9751,4.9608,0.0143,1.1554,expanding,0.45357142857142857,1.3228,False,False,True,False,False,,,True,False,0_0
000668,2026-01-21,L2,3,5,12.439,6.7466,2.8133,3.9333,1.8438,0.6,double_positive_efficiency_improved,midweek_partial,True,False,4.4562,4.5814,-0.1252,0.7306,shrinking,0.4757142857142857,1.2402,False,False,False,False,False,,,,,1_0
000668,2026-01-23,L2,5,5,13.5772,8.9934,2.8133,6.1801,1.5097,1.0,double_positive_efficiency_improved,completed_week,True,False,0.5036,0.5061,-0.0025,0.4915,shrinking,0.5414285714285715,0.1293,False,False,False,False,True,,,,,1_0
000668,2026-01-27,L2,2,5,-5.7665,,,,,0.4,double_positive_efficiency_improved,tuesday_C,True,False,-4.7619,0.7158,-5.4777,0.9922,normal,0.5514285714285715,-1.215,False,False,False,False,True,,,,,1_0
000668,2026-01-29,L2,4,5,-6.3994,,,,,0.8,none,midweek_partial,False,False,-0.4488,-0.2239,-0.2249,0.7609,shrinking,0.5885714285714284,-0.1019,False,False,False,False,True,,,,,0_0
000668,2026-02-02,L2,1,5,6.7026,9.2241,13.5772,-4.3531,0.7853,0.2,none,monday,False,False,5.0038,-0.9016,5.9054,1.8102,expanding,0.6192857142857144,1.0657,False,False,True,False,False,,,False,True,0_0
000668,2026-02-04,L2,3,5,9.8613,9.3958,7.2433,2.1525,1.0495,0.6,negative_to_positive,midweek_partial,True,False,-1.9257,4.9819,-6.9077,2.8388,expanding,0.6657142857142857,-0.4206,False,False,False,False,True,,,,,1_0
000668,2026-02-06,L2,5,5,7.396,8.4109,7.2433,1.1676,0.8793,1.0,negative_to_positive,completed_week,True,False,1.1611,-3.3661,4.5272,0.6629,shrinking,0.7614285714285715,0.2101,True,True,False,False,True,False,True,,,1_1
000668,2026-02-10,L2,2,5,5.0725,,,,,0.4,negative_to_positive,tuesday_A,True,False,3.1294,0.8608,2.2686,1.4022,expanding,0.7607142857142858,0.5784,False,False,True,True,True,,,True,False,1_1
000668,2026-02-12,L2,4,5,-0.1449,,,,,0.8,none,midweek_partial,False,False,-1.2894,-3.7241,2.4347,0.5413,shrinking,0.7399999999999999,-0.2432,False,False,False,False,True,,,,,0_0
000668,2026-02-24,L2,1,5,5.0365,,,,,0.2,none,tuesday_gate_failed,,False,5.0365,-0.5806,5.617,1.6447,expanding,0.7378571428571427,0.9351,False,False,False,False,False,,,,,0_0
000668,2026-02-26,L2,3,5,14.5985,8.2311,0.7246,7.5065,1.7736,0.6,negative_to_positive,midweek_partial,True,False,3.9047,5.0035,-1.0988,0.7972,shrinking,0.7135714285714284,0.8268,False,False,False,False,False,,,,,1_0
000668,2026-03-02,L2,1,5,-0.3896,10.7779,0.7246,10.0533,1.3342,0.2,negative_to_positive,monday,True,False,-2.1059,-0.1911,-1.9149,0.9365,normal,0.719285714285714,-0.4588,False,False,False,False,True,,,,,1_0
000668,2026-03-06,L2,5,5,-4.8052,6.0119,14.3796,-8.3677,0.7993,1.0,none,completed_week,False,False,2.733,0.9194,1.8136,0.6486,shrinking,0.6621428571428566,0.589,True,True,False,False,True,True,False,,,0_1
000668,2026-03-18,L2,3,5,7.2593,5.7648,8.4354,-2.6706,1.2592,0.6,negative_to_positive,midweek_partial,True,False,1.614,0.8493,0.7648,0.8294,shrinking,0.6407142857142851,0.359,True,True,False,False,True,True,False,,,1_1
000668,2026-03-30,L2,1,5,6.4446,9.6647,1.6296,8.0351,0.8736,0.2,negative_to_positive,monday,True,False,5.0,0.0,5.0,0.6277,shrinking,0.5814285714285712,1.2039,True,False,False,False,False,False,True,,,1_0
000669,2026-01-05,L2,1,5,0.0,3.8009,0.6579,3.143,0.6946,0.2,none,monday,False,False,-0.339,0.3401,-0.6791,1.2338,expanding,0.07928571428571428,-0.1261,False,False,False,False,True,,,,,0_0
000669,2026-01-07,L2,3,5,2.7211,1.4399,2.6403,-1.2004,1.8898,0.6,negative_to_positive,midweek_partial,True,False,2.027,0.6803,1.3468,1.2328,expanding,0.06857142857142863,0.875,False,False,True,True,True,,,True,False,1_1
000669,2026-01-09,L2,5,5,-0.3401,0.1599,2.6403,-2.4804,2.1277,1.0,none,completed_week,False,False,-1.0135,-1.9868,0.9732,0.7604,shrinking,0.07428571428571436,-0.4038,False,False,False,False,True,,,,,0_0
000669,2026-01-13,L2,2,5,-0.6826,,,,,0.4,none,tuesday_gate_failed,,False,0.0,-0.6826,0.6826,0.5379,shrinking,0.07428571428571439,0.0,False,False,False,False,True,,,,,0_0
000669,2026-01-15,L2,4,5,-3.413,,,,,0.8,none,midweek_partial,False,False,-1.7361,-1.0309,-0.7052,0.886,shrinking,0.0664285714285715,-0.7527,False,False,False,False,True,,,,,0_0
000669,2026-01-19,L2,1,5,0.3597,5.3357,0.3401,4.9956,0.9595,0.2,none,monday,False,False,0.3597,-1.7668,2.1265,0.9805,normal,0.07000000000000006,0.1429,True,True,False,False,True,False,True,,,0_1
000669,2026-01-21,L2,3,5,5.7554,3.5365,5.1195,-1.583,1.6274,0.6,negative_to_positive,midweek_partial,True,False,0.3413,5.0179,-4.6766,0.6777,shrinking,0.07285714285714288,0.1373,False,False,False,False,True,,,,,1_0
000669,2026-01-23,L2,5,5,6.1151,4.3904,5.1195,-0.7291,1.3928,1.0,negative_to_positive,completed_week,True,False,1.0274,-0.6803,1.7077,0.9484,normal,0.08071428571428577,0.3717,True,True,False,False,True,False,True,,,1_1
000669,2026-01-27,L2,2,5,5.0847,,,,,0.4,negative_to_positive,tuesday_A,True,False,2.3102,2.7119,-0.4016,0.6892,shrinking,0.08857142857142862,0.7903,False,False,False,False,True,,,,,1_0
000669,2026-01-29,L2,4,5,2.7119,2.3207,6.1151,-3.7944,1.1686,0.8,none,midweek_partial,False,False,-1.9417,-0.3226,-1.6192,0.6003,shrinking,0.09357142857142861,-0.6412,False,False,False,False,True,,,,,0_0
000669,2026-02-02,L2,1,5,-2.5316,4.1145,6.1151,-2.0006,1.071,0.2,none,monday,False,False,0.0,1.6502,-1.6502,1.8136,expanding,0.10357142857142858,0.0,False,False,False,False,True,,,,,0_0
000669,2026-02-04,L2,3,5,-2.8481,,,,,0.6,none,midweek_partial,False,False,-1.2862,0.974,-2.2602,1.3397,expanding,0.11142857142857143,-0.359,False,False,False,False,True,,,,,0_0
000669,2026-02-06,L2,5,5,-2.5316,3.6226,4.4068,-0.7842,0.6988,1.0,none,completed_week,False,False,1.6502,-1.3029,2.9531,1.0635,normal,0.1164285714285714,0.4294,False,False,False,False,True,,,,,0_0
000669,2026-02-10,L2,2,5,4.5307,,,,,0.4,none,tuesday_gate_failed,,False,4.8701,0.0,4.8701,1.0272,normal,0.11499999999999999,1.3043,False,False,False,False,False,,,,,0_0
000669,2026-02-12,L2,4,5,15.2104,28.3323,2.5316,25.8007,0.5369,0.8,negative_to_positive,midweek_partial,True,False,5.0147,4.9536,0.0612,1.1711,expanding,0.1114285714285714,1.5256,False,False,False,False,False,,,,,1_0
000669,2026-02-24,L2,1,5,0.0,,,,,0.2,negative_to_positive,tuesday_pending,True,False,5.0802,5.0562,0.024,0.0818,shrinking,0.12142857142857137,1.5647,True,False,False,False,False,True,False,,,1_0
000669,2026-02-26,L2,3,5,10.4326,55.3577,21.0356,34.3221,0.1885,0.6,double_positive_efficiency_improved,midweek_partial,True,False,5.0847,5.0891,-0.0043,1.1726,expanding,0.12857142857142853,1.6333,False,False,False,False,False,,,,,1_0
000669,2026-03-02,L2,1,5,1.3793,24.2793,21.0356,3.2437,0.6603,0.2,double_positive_efficiency_improved,monday,True,False,-3.2895,5.0691,-8.3586,1.4024,expanding,0.13714285714285707,-1.0938,False,False,False,False,True,,,,,1_0
000669,2026-03-10,L2,2,5,2.9412,,,,,0.4,none,tuesday_gate_failed,,False,5.0,2.5641,2.4359,0.8759,shrinking,0.2164285714285715,0.9241,True,False,False,False,False,True,False,,,0_0
000669,2026-03-12,L2,4,5,13.4804,26.5198,10.3448,16.175,0.5083,0.8,negative_to_positive,midweek_partial,True,False,4.9887,5.0,-0.0113,0.5895,shrinking,0.23714285714285724,0.9277,False,False,False,False,False,,,,,1_0
000669,2026-03-16,L2,1,5,2.4096,31.9047,10.3448,21.5599,0.5992,0.2,negative_to_positive,monday,True,False,4.9383,4.9676,-0.0293,0.2652,shrinking,0.24428571428571436,0.9825,False,False,False,False,False,,,,,1_0
000669,2026-03-18,L2,3,5,2.2088,2.0472,19.1176,-17.0704,1.079,0.6,none,midweek_partial,False,False,-5.0373,5.098,-10.1354,0.192,shrinking,0.2607142857142858,-1.0356,False,False,False,False,True,,,,,0_0
000669,2026-03-20,L2,5,5,6.4257,5.5333,19.1176,-13.5843,1.1613,1.0,none,completed_week,False,False,4.9505,-0.7859,5.7363,0.588,shrinking,0.28642857142857153,0.8728,True,False,True,False,False,False,True,False,True,0_0
000669,2026-03-24,L2,2,5,-3.5185,,,,,0.4,none,tuesday_gate_failed,,False,-4.927,3.3962,-8.3232,0.7273,shrinking,0.3171428571428572,-0.8514,False,False,False,False,True,,,,,0_0
000669,2026-03-26,L2,4,5,-3.7037,,,,,0.8,none,midweek_partial,False,False,5.0505,-4.9904,10.0409,0.8716,shrinking,0.32214285714285723,0.7761,True,False,False,False,False,False,True,,,0_0
000669,2026-03-30,L2,1,5,1.1719,7.2813,6.4257,0.8556,0.9665,0.2,none,monday,False,False,3.1873,-3.4615,6.6488,1.0674,normal,0.32642857142857146,0.4902,False,False,True,True,True,,,False,True,0_1
000670,2026-01-05,L2,1,5,2.2487,3.3889,2.3224,1.0665,0.4334,0.2,none,monday,False,False,4.7425,0.2717,4.4708,3.8679,expanding,0.17714285714285685,1.9758,False,False,False,False,False,,,,,0_0
000670,2026-01-21,L2,2,5,10.0,17.4519,2.2487,15.2032,0.573,0.4,double_positive_efficiency_improved,midweek_partial,True,False,10.0,9.9612,0.0388,0.9775,normal,0.18214285714285688,4.6667,True,False,False,False,False,True,False,,,1_0
000670,2026-01-23,L2,4,5,14.0,1.8007,2.2487,-0.448,7.775,0.8,none,completed_week,False,False,-5.8309,10.0535,-15.8844,18.3225,expanding,0.27214285714285685,-2.2047,False,False,False,False,True,,,,,0_0
000670,2026-01-27,L2,2,5,-3.4921,,,,,0.4,none,tuesday_gate_failed,,True,-7.9717,2.2704,-10.2421,0.7829,shrinking,0.4199999999999999,-1.881,False,False,False,False,True,,,,,0_0
000670,2026-01-29,L2,4,5,-8.1481,,,,,0.8,none,midweek_partial,False,True,-4.4053,-0.4386,-3.9667,1.0144,normal,0.5478571428571428,-0.7301,False,False,False,False,True,,,,,0_0
000670,2026-02-02,L2,1,5,0.4779,5.2887,14.0,-8.7113,2.0409,0.2,none,monday,False,False,-0.2372,-2.8802,2.6429,0.714,shrinking,0.5807142857142856,-0.0344,False,False,False,False,True,,,,,0_0
000670,2026-02-04,L2,3,5,1.3142,3.4727,10.7937,-7.321,0.3784,0.6,negative_to_positive,midweek_partial,True,False,-1.3953,2.2592,-3.6546,0.9146,normal,0.597857142857143,-0.2007,False,False,False,False,True,,,,,1_0
000670,2026-02-06,L2,5,5,-0.1195,0.3625,10.7937,-10.4312,0.3296,1.0,none,completed_week,False,False,0.7229,-2.1226,2.8455,0.9384,normal,0.6121428571428572,0.098,True,True,False,False,True,False,True,,,0_1
000670,2026-02-10,L2,2,5,-0.9467,,,,,0.4,none,tuesday_gate_failed,,False,-2.2196,2.3923,-4.612,0.6736,shrinking,0.6078571428571428,-0.3126,False,False,False,False,True,,,,,0_0
000670,2026-02-12,L2,4,5,0.1183,0.1261,0.1195,0.0066,0.9386,0.8,negative_to_positive,midweek_partial,True,False,0.3559,0.7168,-0.361,1.4426,expanding,0.5207142857142858,0.0576,False,False,False,False,True,,,,,1_0
000670,2026-02-24,L2,1,5,0.3488,,,,,0.2,negative_to_positive,tuesday_A,True,False,1.0539,0.9456,0.1082,1.206,expanding,0.3742857142857143,0.2405,False,False,True,True,True,,,True,False,1_1
000670,2026-02-26,L2,3,5,0.6977,0.5706,1.0651,-0.4945,1.2227,0.6,none,midweek_partial,False,False,0.1156,0.2317,-0.1161,1.2687,expanding,0.255,0.0392,False,False,False,False,True,,,,,0_0
000670,2026-03-26,L2,4,5,10.3943,5.3763,12.1982,-6.8219,1.9334,0.8,none,midweek_partial,False,False,4.5249,0.6834,3.8415,1.3097,expanding,0.3621428571428572,1.1045,False,False,True,False,False,,,True,False,0_0
000672,2026-01-05,L2,1,5,0.5389,17.2217,6.9705,10.2512,0.4895,0.2,double_positive_efficiency_improved,monday,True,False,0.5389,9.9915,-9.4527,2.3173,expanding,0.3950000000000001,0.1772,False,False,False,False,True,,,,,1_0
000672,2026-01-07,L2,3,5,-0.3079,,,,,0.6,none,midweek_partial,False,True,-1.9682,1.1485,-3.1168,0.9043,normal,0.5071428571428572,-0.5127,False,False,False,False,True,,,,,0_0
000672,2026-01-09,L2,5,5,-0.4619,0.1625,8.4307,-8.2682,2.8429,1.0,none,completed_week,False,True,0.3103,-0.4633,0.7736,1.0162,normal,0.5442857142857144,0.0735,False,False,False,False,True,,,,,0_0
000672,2026-01-13,L2,2,5,-1.3943,,,,,0.4,none,tuesday_gate_failed,,False,-5.5638,4.2537,-9.8175,0.7873,shrinking,0.5599999999999999,-1.3393,False,False,False,False,True,,,,,0_0
000672,2026-01-15,L2,4,5,-3.0984,,,,,0.8,none,midweek_partial,False,False,-0.2392,-1.4925,1.2533,0.553,shrinking,0.6378571428571428,-0.047,False,False,False,False,True,,,,,0_0
000672,2026-01-19,L2,1,5,3.0746,0.6152,0.4619,0.1533,0.7555,0.2,none,monday,False,False,4.358,2.7178,1.6402,1.4292,expanding,0.6014285714285713,0.9311,False,False,True,False,False,,,True,False,0_0
000672,2026-01-21,L2,3,5,3.3051,2.7134,0.4648,2.2486,1.2181,0.6,negative_to_positive,midweek_partial,True,False,-2.0408,2.3117,-4.3525,0.58,shrinking,0.6485714285714285,-0.4317,False,False,False,False,True,,,,,1_0
000672,2026-01-23,L2,5,5,6.3797,5.7246,0.4648,5.2598,1.1144,1.0,negative_to_positive,completed_week,True,False,-0.0722,3.0506,-3.1228,0.666,shrinking,0.659285714285714,-0.0152,False,False,False,False,True,,,,,1_0
000672,2026-01-27,L2,2,5,-2.7536,,,,,0.4,negative_to_positive,tuesday_C,True,False,-0.9594,-2.0954,1.136,0.7027,shrinking,0.5857142857142855,-0.222,False,False,False,False,True,,,,,1_0
000672,2026-01-29,L2,4,5,0.7971,1.1985,6.3797,-5.1812,0.6651,0.8,none,midweek_partial,False,False,0.3608,3.2787,-2.9179,1.2129,expanding,0.5357142857142856,0.0933,False,False,False,False,True,,,,,0_0
000672,2026-02-02,L2,1,5,-0.5491,6.2091,6.3797,-0.1706,0.7352,0.2,none,monday,False,False,0.4158,3.7383,-3.3225,1.5019,expanding,0.5700000000000001,0.1053,False,False,False,False,True,,,,,0_0
000672,2026-02-04,L2,3,5,4.324,3.0176,4.5652,-1.5476,1.4329,0.6,none,midweek_partial,False,False,1.6722,3.1746,-1.5024,0.7912,shrinking,0.572857142857143,0.4364,False,False,False,False,True,,,,,0_0
000672,2026-02-06,L2,5,5,1.304,0.9996,4.5652,-3.5656,1.3046,1.0,none,completed_week,False,False,-1.2048,-1.7105,0.5057,1.3732,expanding,0.6192857142857144,-0.2907,False,False,False,False,True,,,,,0_0
000672,2026-02-10,L2,2,5,-2.1505,,,,,0.4,none,tuesday_gate_failed,,False,-0.6143,-0.7453,0.1309,0.7265,shrinking,0.6107142857142858,-0.1474,False,False,False,False,True,,,,,0_0
000672,2026-02-12,L2,4,5,4.7043,4.9871,1.304,3.6831,0.9433,0.8,double_positive_efficiency_improved,midweek_partial,True,False,3.7975,3.0907,0.7068,0.7419,shrinking,0.6128571428571429,0.9301,True,False,True,False,False,True,False,True,False,1_0
000672,2026-02-24,L2,1,5,-5.0342,,,,,0.2,double_positive_efficiency_improved,tuesday_pending,True,False,-3.2911,1.4121,-4.7032,1.1426,expanding,0.6557142857142857,-0.793,False,False,False,False,True,,,,,1_0
000672,2026-02-26,L2,3,5,-7.0851,,,,,0.6,none,midweek_partial,False,False,-4.6556,2.6178,-7.2734,0.9206,normal,0.7142857142857143,-1.022,False,False,False,False,True,,,,,0_0
000672,2026-03-02,L2,1,5,3.7491,11.1774,6.1828,4.9946,1.1121,0.2,none,monday,False,False,2.1292,-5.7525,7.8817,0.7534,shrinking,0.7871428571428571,0.3811,True,True,False,False,True,False,True,,,0_1
000672,2026-03-04,L2,3,5,5.6236,6.1808,12.4301,-6.2493,0.9099,0.6,negative_to_positive,midweek_partial,True,False,1.8776,-0.0695,1.9471,0.8445,shrinking,0.7857142857142857,0.3436,True,True,True,True,True,False,True,False,True,1_1
000672,2026-03-06,L2,5,5,4.9027,6.4566,12.4301,-5.9735,0.7593,1.0,negative_to_positive,completed_week,True,False,0.9015,-1.57,2.4715,0.8182,shrinking,0.7814285714285714,0.1664,True,True,False,False,True,False,True,,,1_1
000672,2026-03-10,L2,2,5,0.0,,,,,0.4,negative_to_positive,tuesday_B,True,False,1.4286,-3.7801,5.2086,0.5746,shrinking,0.7657142857142858,0.2612,True,True,False,False,True,False,True,,,1_1
000672,2026-03-12,L2,4,5,-1.5493,,,,,0.8,none,midweek_partial,False,False,-1.3409,-0.2113,-1.1296,0.8608,shrinking,0.7800000000000001,-0.2436,False,False,False,False,True,,,,,0_0
000672,2026-03-16,L2,1,5,-0.6466,2.7123,4.9027,-2.1904,0.6751,0.2,none,monday,False,False,-0.7891,-0.2861,-0.503,1.1571,expanding,0.7007142857142857,-0.157,False,False,False,False,True,,,,,0_0
000672,2026-03-18,L2,3,5,1.3649,1.0042,1.831,-0.8268,1.3592,0.6,negative_to_positive,midweek_partial,True,False,2.2464,-0.2169,2.4633,0.6006,shrinking,0.6657142857142857,0.4657,True,True,False,False,True,False,True,,,1_1
000672,2026-03-30,L2,1,5,4.4944,0.7242,7.3276,-6.6034,0.548,0.2,negative_to_positive,monday,True,False,2.9249,1.3622,1.5627,2.2023,expanding,0.5185714285714286,0.7135,False,False,True,True,True,,,True,False,1_1
000676,2026-01-05,L2,1,5,2.4306,3.1735,0.4779,2.6956,1.2134,0.2,negative_to_positive,monday,True,False,2.5492,0.9357,1.6136,1.23,expanding,0.16857142857142854,1.3051,False,False,True,True,True,,,True,False,1_1
000676,2026-01-09,L2,5,5,9.4907,3.5051,3.8508,-0.3457,2.7077,1.0,none,completed_week,False,False,6.1728,1.4806,4.6922,2.3061,expanding,0.18785714285714292,2.9278,False,False,True,False,False,,,True,False,0_0
000676,2026-01-13,L2,2,5,4.6296,,,,,0.4,none,tuesday_gate_failed,,False,-0.4892,8.0338,-8.5231,1.0263,normal,0.23428571428571424,-0.2134,False,False,False,False,True,,,,,0_0
000676,2026-01-15,L2,4,5,5.9671,2.2736,9.4907,-7.2171,2.6245,0.8,none,midweek_partial,False,False,-2.277,3.6382,-5.9152,0.6091,shrinking,0.3214285714285712,-0.7467,False,False,False,False,True,,,,,0_0
000676,2026-01-19,L2,1,5,-1.3613,0.3327,9.4907,-9.158,2.4735,0.2,none,monday,False,False,-2.2822,-6.4078,4.1256,0.4799,shrinking,0.4007142857142854,-0.549,False,False,False,False,True,,,,,0_0
000676,2026-01-21,L2,3,5,-1.8848,,,,,0.6,none,midweek_partial,False,False,-0.213,-0.3185,0.1055,0.7108,shrinking,0.45428571428571424,-0.044,False,False,False,False,True,,,,,0_0
000676,2026-01-23,L2,5,5,1.6754,4.5832,0.823,3.7602,0.3656,1.0,negative_to_positive,completed_week,True,False,2.3182,1.2807,1.0375,1.2008,expanding,0.4692857142857143,0.4688,False,False,True,True,True,,,True,False,1_1
000676,2026-01-27,L2,2,5,-3.4872,,,,,0.4,negative_to_positive,tuesday_C,True,False,0.213,-3.2956,3.5086,0.8441,shrinking,0.4707142857142856,0.0425,True,True,False,False,True,False,True,,,1_1
000676,2026-01-29,L2,4,5,-1.1282,,,,,0.8,none,midweek_partial,False,False,2.8815,-0.4251,3.3066,2.026,expanding,0.5114285714285712,0.5279,False,False,False,False,True,,,,,0_0
000679,2026-01-09,L2,5,5,5.9072,3.5014,7.0496,-3.5482,1.6871,1.0,negative_to_positive,completed_week,True,False,0.8032,4.4755,-3.6723,0.7196,shrinking,0.3150000000000001,0.1905,False,False,False,False,True,,,,,1_0
000679,2026-01-13,L2,2,5,2.8,,,,,0.4,negative_to_positive,tuesday_A,True,False,2.1192,0.2656,1.8536,1.711,expanding,0.3250000000000001,0.4923,False,False,True,True,True,,,True,False,1_1
000679,2026-01-15,L2,4,5,-1.6,,,,,0.8,none,midweek_partial,False,False,-3.0223,-1.297,-1.7253,0.4989,shrinking,0.2657142857142857,-0.8656,False,False,False,False,True,,,,,0_0
000679,2026-01-19,L2,1,5,0.4082,1.3456,5.9072,-4.5616,1.09,0.2,none,monday,False,False,-0.1353,0.1355,-0.2708,0.8339,shrinking,0.24500000000000005,-0.0408,False,False,False,False,True,,,,,0_0
000679,2026-01-21,L2,3,5,-0.5442,,,,,0.6,none,midweek_partial,False,False,-0.9485,0.0,-0.9485,1.1444,expanding,0.23928571428571432,-0.2925,False,False,False,False,True,,,,,0_0
000679,2026-01-23,L2,5,5,1.7687,3.9197,1.4667,2.453,0.4512,1.0,negative_to_positive,completed_week,True,False,0.8086,1.5048,-0.6962,0.8884,shrinking,0.21785714285714283,0.2754,False,False,False,False,True,,,,,1_0
000679,2026-01-27,L2,2,5,-3.7333,,,,,0.4,negative_to_positive,tuesday_C,True,False,-1.7687,-1.738,-0.0307,0.6766,shrinking,0.2057142857142857,-0.6319,False,False,False,False,True,,,,,1_0
000679,2026-01-29,L2,4,5,-3.8667,,,,,0.8,none,midweek_partial,False,False,1.5493,-1.662,3.2113,1.231,expanding,0.2278571428571428,0.4828,False,False,False,False,True,,,,,0_0
000680,2026-01-05,L2,1,5,2.85,1.235,1.1404,0.0946,0.6822,0.2,double_positive_efficiency_improved,monday,True,False,2.5063,0.3353,2.171,2.3126,expanding,0.41000000000000003,0.7317,False,False,True,True,True,,,True,False,1_1
000680,2026-01-07,L2,3,5,2.9338,1.5296,0.8425,0.6871,1.918,0.6,double_positive_efficiency_improved,midweek_partial,True,False,-1.3655,1.467,-2.8325,0.7951,shrinking,0.39428571428571424,-0.4312,False,False,False,False,True,,,,,1_0
000680,2026-01-09,L2,5,5,4.5264,2.4934,0.8425,1.6509,1.8153,1.0,double_positive_efficiency_improved,completed_week,True,False,3.2285,-1.6287,4.8571,1.4349,expanding,0.40857142857142864,0.9545,False,False,False,False,True,,,,,1_0
000680,2026-01-13,L2,2,5,-1.5323,,,,,0.4,double_positive_efficiency_improved,tuesday_A,True,False,-2.3981,0.3208,-2.7189,1.856,expanding,0.4057142857142858,-0.7394,False,False,False,False,True,,,,,1_0
000680,2026-01-15,L2,4,5,-0.2419,,,,,0.8,none,midweek_partial,False,False,1.1447,0.1638,0.9809,0.671,shrinking,0.4200000000000002,0.3333,True,True,True,True,True,True,False,True,False,0_1
000680,2026-01-19,L2,1,5,0.5654,0.3298,4.5264,-4.1966,0.7337,0.2,none,monday,False,False,0.1609,0.485,-0.3241,1.0726,normal,0.4435714285714288,0.0451,False,False,False,False,True,,,,,0_0
000680,2026-01-21,L2,3,5,1.2116,1.0158,0.2419,0.7739,1.1928,0.6,double_positive_efficiency_improved,midweek_partial,True,False,-2.4903,3.2129,-5.7031,0.6261,shrinking,0.4214285714285717,-0.7593,False,False,False,False,True,,,,,1_0
000680,2026-01-23,L2,5,5,2.0194,1.6542,0.2419,1.4123,1.2208,1.0,double_positive_efficiency_improved,completed_week,True,False,2.2672,-1.4366,3.7038,1.4031,expanding,0.4157142857142861,0.6735,False,False,False,False,True,,,,,1_0
000680,2026-01-27,L2,2,5,-0.2375,,,,,0.4,double_positive_efficiency_improved,tuesday_A,True,False,-1.4855,1.2668,-2.7524,1.0621,normal,0.42714285714285755,-0.4448,False,False,False,False,True,,,,,1_0
000680,2026-01-29,L2,4,5,-0.3167,,,,,0.8,none,midweek_partial,False,False,-0.1586,0.0794,-0.238,0.6771,shrinking,0.43214285714285744,-0.0463,False,False,False,False,True,,,,,0_0
000680,2026-02-02,L2,1,5,-4.7154,2.2516,2.0194,0.2322,0.7736,0.2,none,monday,False,False,-5.56,-1.4297,-4.1303,1.4062,expanding,0.43642857142857167,-1.581,False,False,False,False,True,,,,,0_0
000680,2026-02-04,L2,3,5,4.3089,3.4616,1.7419,1.7197,1.2448,0.6,negative_to_positive,midweek_partial,True,False,1.8254,7.5085,-5.6831,0.6631,shrinking,0.4707142857142858,0.4886,False,False,False,False,True,,,,,1_0
000680,2026-02-06,L2,5,5,4.065,3.2649,1.7419,1.523,1.2451,1.0,negative_to_positive,completed_week,True,False,-1.4627,1.2471,-2.7097,0.5508,shrinking,0.5107142857142859,-0.372,False,False,False,False,True,,,,,1_0
000680,2026-02-10,L2,2,5,0.9977,,,,,0.4,negative_to_positive,tuesday_A,True,False,-0.1517,2.9687,-3.1205,0.7307,shrinking,0.5357142857142857,-0.0373,False,False,False,False,True,,,,,1_0
000680,2026-02-12,L2,4,5,1.8419,3.3507,4.065,-0.7143,0.5497,0.8,none,midweek_partial,False,False,0.5303,0.304,0.2264,0.8209,shrinking,0.5321428571428568,0.1315,True,True,True,True,True,True,False,True,False,0_1
000680,2026-02-24,L2,1,5,3.8052,,,,,0.2,none,tuesday_gate_failed,,False,4.5211,-1.6579,6.1789,1.0426,normal,0.5128571428571425,1.1504,False,False,False,False,False,,,,,0_0
000680,2026-02-26,L2,3,5,3.5769,3.5578,0.1535,3.4043,1.0054,0.6,double_positive_efficiency_improved,midweek_partial,True,False,-0.4389,0.2199,-0.6589,0.732,shrinking,0.5328571428571424,-0.1126,False,False,False,False,True,,,,,1_0
000680,2026-03-02,L2,1,5,1.9637,3.159,0.1535,3.0055,0.7709,0.2,double_positive_efficiency_improved,monday,True,False,0.2972,-1.1021,1.3993,1.2533,expanding,0.4928571428571425,0.0812,False,False,False,False,True,,,,,1_0
000680,2026-03-04,L2,3,5,-4.0785,,,,,0.6,none,midweek_partial,False,False,-1.5504,-4.4444,2.8941,0.6508,shrinking,0.4549999999999998,-0.4396,False,False,False,False,True,,,,,0_0
000680,2026-03-06,L2,5,5,-2.0393,1.2218,2.4353,-1.2135,1.669,1.0,none,completed_week,False,False,1.0125,1.1024,-0.0899,0.6676,shrinking,0.4449999999999998,0.2921,False,False,False,False,True,,,,,0_0
000680,2026-03-10,L2,2,5,-0.7009,,,,,0.4,none,tuesday_gate_failed,,False,2.5744,-4.1635,6.7379,0.7337,shrinking,0.4449999999999998,0.7191,True,True,False,False,True,False,True,,,0_1
000681,2026-01-05,L2,1,5,3.3585,6.5593,0.5482,6.0111,1.5056,0.2,negative_to_positive,monday,True,False,3.4019,4.384,-0.9821,0.9797,normal,0.7278571428571422,1.1129,False,False,False,False,True,,,,,1_0
000681,2026-01-07,L2,3,5,2.9807,1.3784,9.8754,-8.497,2.1624,0.6,none,midweek_partial,False,False,-0.7285,0.3656,-1.094,0.8647,shrinking,0.8928571428571423,-0.2016,False,False,False,False,True,,,,,0_0
000681,2026-01-09,L2,5,5,9.2359,4.0264,9.8754,-5.849,2.2939,1.0,none,completed_week,False,False,4.498,1.5084,2.9896,1.8372,expanding,0.8785714285714281,1.2748,False,False,True,False,False,,,True,False,0_0
000681,2026-01-13,L2,2,5,9.993,,,,,0.4,none,tuesday_gate_failed,,False,9.993,9.9923,0.0007,10.5983,expanding,0.9542857142857137,2.997,False,False,False,False,False,,,,,0_0
000681,2026-01-15,L2,4,5,22.6765,13.773,9.2359,4.5371,1.6464,0.8,double_positive_efficiency_improved,midweek_partial,True,False,9.9937,1.3977,8.596,0.938,normal,1.2164285714285712,2.6224,True,False,True,False,False,True,False,True,False,1_0
000681,2026-01-19,L2,1,5,0.0,7.7296,9.2359,-1.5063,1.3471,0.2,none,monday,False,False,-10.0,-9.9972,-0.0028,6.748,expanding,1.8564285714285713,-1.7022,False,False,False,False,True,,,,,0_0
000681,2026-01-21,L2,3,5,-5.4852,,,,,0.6,none,midweek_partial,False,False,0.2985,-5.7665,6.065,0.6141,shrinking,2.254285714285714,0.0355,True,True,False,False,True,False,True,,,0_1
000681,2026-01-23,L2,5,5,-1.8987,2.293,10.4123,-8.1193,0.8281,1.0,none,completed_week,False,False,2.8382,0.9301,1.9081,1.3788,expanding,2.417142857142857,0.3186,False,False,True,True,True,,,True,False,0_1
000681,2026-01-27,L2,2,5,-0.9897,,,,,0.4,none,tuesday_gate_failed,,False,3.9718,-3.4409,7.4126,1.0662,normal,2.3214285714285716,0.4609,False,False,False,False,False,,,,,0_0
000681,2026-01-29,L2,4,5,-5.0901,,,,,0.8,none,midweek_partial,False,False,3.1106,-7.0332,10.1438,1.2757,expanding,2.480714285714286,0.3265,False,False,False,False,True,,,,,0_0
000681,2026-02-02,L2,1,5,-1.3488,7.3655,1.8987,5.4668,0.931,0.2,none,monday,False,False,-0.0759,-1.8622,1.7863,0.9889,normal,2.666428571428572,-0.0075,False,False,False,False,True,,,,,0_0
000681,2026-02-04,L2,3,5,0.4121,0.5861,6.8575,-6.2714,0.7031,0.6,negative_to_positive,midweek_partial,True,False,-3.493,5.469,-8.962,0.9307,normal,2.4157142857142864,-0.4015,False,False,False,False,True,,,,,1_0
000681,2026-02-06,L2,5,5,-3.2971,5.5183,6.8575,-1.3392,0.5975,1.0,none,completed_week,False,False,-1.6387,-2.0896,0.4508,0.9459,normal,1.9271428571428573,-0.2231,False,False,False,False,True,,,,,0_0
000681,2026-02-10,L2,2,5,12.5092,,,,,0.4,none,tuesday_gate_failed,,False,9.9928,7.4002,2.5926,1.4904,expanding,1.5921428571428575,1.7398,False,False,True,False,False,,,True,False,0_0
000681,2026-02-12,L2,4,5,7.5277,3.6186,3.2971,0.3215,2.0803,0.8,negative_to_positive,midweek_partial,True,False,-0.4441,-4.0013,3.5572,0.764,shrinking,1.6828571428571435,-0.0772,False,False,False,False,True,,,,,1_0
000681,2026-02-24,L2,1,5,-9.094,,,,,0.2,negative_to_positive,tuesday_pending,True,False,-9.9865,1.3727,-11.3591,0.9796,normal,1.7992857142857148,-1.6395,False,False,False,False,True,,,,,1_0
000681,2026-02-26,L2,3,5,-11.8974,,,,,0.6,none,midweek_partial,False,False,-1.5661,-1.5419,-0.0241,0.7578,shrinking,1.8335714285714289,-0.2236,False,False,False,False,True,,,,,0_0
000681,2026-03-02,L2,1,5,-0.2016,24.7581,9.0037,15.7544,0.4433,0.2,none,monday,False,False,-4.9539,1.0477,-6.0016,1.2636,expanding,1.5750000000000004,-0.819,False,False,False,False,True,,,,,0_0
000682,2026-01-05,L2,1,5,1.5063,1.0543,1.9625,-0.9082,0.5565,0.2,none,monday,False,False,2.2766,0.5937,1.6828,1.9352,expanding,0.23142857142857182,1.1667,False,False,True,True,True,,,True,False,0_1
000682,2026-01-07,L2,3,5,2.1757,0.7426,0.5868,0.1558,2.9298,0.6,negative_to_positive,midweek_partial,True,False,0.3287,0.3298,-0.0011,1.0597,normal,0.23571428571428601,0.1697,False,False,False,False,True,,,,,1_0
000682,2026-01-09,L2,5,5,5.3556,1.7039,0.5868,1.1171,3.1432,1.0,negative_to_positive,completed_week,True,False,1.3688,1.7199,-0.3511,1.1355,expanding,0.22428571428571445,0.758,False,False,False,False,True,,,,,1_0
000682,2026-01-13,L2,2,5,0.315,,,,,0.4,negative_to_positive,tuesday_A,True,False,-0.5464,1.7474,-2.2939,1.1066,expanding,0.23071428571428587,-0.3034,False,False,False,False,True,,,,,1_0
000682,2026-01-15,L2,4,5,0.7087,0.4611,5.3556,-4.8945,1.5368,0.8,none,midweek_partial,False,False,1.6693,-1.2559,2.9252,0.6367,shrinking,0.2742857142857144,0.7656,True,True,False,False,True,False,True,,,0_1
000682,2026-01-19,L2,1,5,6.1457,2.0818,5.3556,-3.2738,1.8155,0.2,none,monday,False,False,6.1457,3.0493,3.0964,0.992,normal,0.31285714285714306,2.589,True,False,False,False,False,True,False,,,0_0
000682,2026-01-21,L2,3,5,6.4492,3.7667,3.7795,-0.0128,1.7122,0.6,none,midweek_partial,False,False,-4.2974,4.7891,-9.0865,0.7664,shrinking,0.417857142857143,-1.5077,False,False,False,False,True,,,,,0_0
000682,2026-01-23,L2,5,5,5.8422,4.2344,3.7795,0.4549,1.3797,1.0,double_positive_efficiency_improved,completed_week,True,False,0.7948,-1.3542,2.149,0.8209,shrinking,0.5121428571428571,0.2148,True,True,False,False,True,False,True,,,1_1
000682,2026-01-27,L2,2,5,-1.9466,,,,,0.4,double_positive_efficiency_improved,tuesday_C,True,False,-1.2346,-1.2903,0.0558,0.8885,shrinking,0.5207142857142858,-0.3265,False,False,False,False,True,,,,,1_0
000682,2026-01-29,L2,4,5,-3.9654,,,,,0.8,none,midweek_partial,False,False,-2.346,0.2941,-2.6402,1.2659,expanding,0.5542857142857144,-0.5773,False,False,False,False,True,,,,,0_0
000682,2026-02-02,L2,1,5,-0.2257,11.5644,5.8422,5.7222,0.4426,0.2,none,monday,False,False,0.7599,-1.2012,1.9611,1.6813,expanding,0.557857142857143,0.1793,False,False,False,False,True,,,,,0_0
000682,2026-02-04,L2,3,5,2.9345,2.404,5.119,-2.715,1.2207,0.6,negative_to_positive,midweek_partial,True,False,-0.8696,4.0724,-4.942,0.6318,shrinking,0.5657142857142858,-0.2121,False,False,False,False,True,,,,,1_0
000682,2026-02-06,L2,5,5,-2.0316,1.77,5.119,-3.349,1.1478,1.0,none,completed_week,False,False,0.774,-5.5556,6.3295,0.7213,shrinking,0.5535714285714287,0.1806,True,True,False,False,True,False,True,,,0_1
000682,2026-02-10,L2,2,5,1.9742,,,,,0.4,none,tuesday_gate_failed,,False,1.0534,2.0737,-1.0203,1.0952,normal,0.5271428571428574,0.2656,False,False,False,False,True,,,,,0_0
000682,2026-02-12,L2,4,5,6.8337,9.2449,2.0316,7.2133,0.7392,0.8,negative_to_positive,midweek_partial,True,False,4.4543,0.2978,4.1565,3.1211,expanding,0.4507142857142859,1.3312,False,False,True,False,False,,,True,False,1_0
000682,2026-02-24,L2,1,5,0.8621,,,,,0.2,negative_to_positive,tuesday_A,True,False,2.1091,-2.2743,4.3834,1.2047,expanding,0.47500000000000003,0.6105,False,False,False,False,True,,,,,1_0
000682,2026-02-26,L2,3,5,1.7241,1.5166,4.4039,-2.8873,1.1368,0.6,none,midweek_partial,False,False,1.2876,-0.4274,1.7149,1.1359,expanding,0.4728571428571428,0.3807,False,False,False,False,True,,,,,0_0
000682,2026-03-02,L2,1,5,0.5029,1.358,4.4039,-3.0459,0.8464,0.2,none,monday,False,False,-0.6392,-0.565,-0.0742,1.7131,expanding,0.45928571428571424,-0.196,False,False,False,False,True,,,,,0_0
000682,2026-03-04,L2,3,5,-0.7184,,,,,0.6,none,midweek_partial,False,False,1.6176,-2.7877,4.4054,0.9326,normal,0.43571428571428567,0.5049,True,True,False,False,True,False,True,,,0_1
000682,2026-03-06,L2,5,5,5.5316,2.7787,1.1494,1.6293,1.9907,1.0,double_positive_efficiency_improved,completed_week,True,False,2.0139,4.1968,-2.1829,0.7826,shrinking,0.45999999999999985,0.6304,False,False,False,False,True,,,,,1_0
000682,2026-03-10,L2,2,5,3.2922,,,,,0.4,double_positive_efficiency_improved,tuesday_A,True,False,-1.5686,4.1525,-5.7211,0.609,shrinking,0.45428571428571424,-0.5283,False,False,False,False,True,,,,,1_0
000682,2026-03-12,L2,4,5,2.0576,1.4839,5.5316,-4.0477,1.3866,0.8,none,midweek_partial,False,False,-2.0408,0.8632,-2.904,0.8214,shrinking,0.4985714285714285,-0.6218,False,False,False,False,True,,,,,0_0
000682,2026-03-16,L2,1,5,-3.7193,2.0894,5.5316,-3.4422,1.3459,0.2,none,monday,False,False,-3.1757,-4.7715,1.5958,0.7026,shrinking,0.5,-0.9,False,False,False,False,True,,,,,0_0
000682,2026-03-18,L2,3,5,-4.4211,,,,,0.6,none,midweek_partial,False,False,1.6418,-2.3324,3.9742,0.7327,shrinking,0.5442857142857144,0.4042,True,True,False,False,True,False,True,,,0_1
000683,2026-01-05,L2,1,5,-1.3514,0.7776,3.2033,-2.4257,0.5207,0.2,none,monday,False,False,-1.8817,-1.3263,-0.5555,2.3556,expanding,0.2707142857142855,-0.5172,False,False,False,False,True,,,,,0_0
000683,2026-01-07,L2,3,5,6.2162,1.7604,0.4049,1.3555,3.5312,0.6,double_positive_efficiency_improved,midweek_partial,True,False,2.7451,4.7945,-2.0494,0.9722,normal,0.2928571428571427,0.7171,False,False,False,False,True,,,,,1_0
000683,2026-01-09,L2,5,5,2.027,0.6543,0.4049,0.2494,3.0978,1.0,double_positive_efficiency_improved,completed_week,True,False,-1.436,-2.5445,1.1085,0.8077,shrinking,0.2978571428571427,-0.3693,False,False,False,False,True,,,,,1_0
000683,2026-01-13,L2,2,5,-3.1704,,,,,0.4,double_positive_efficiency_improved,tuesday_C,True,False,-0.5427,-2.3841,1.8414,0.7516,shrinking,0.2899999999999999,-0.1379,False,False,False,False,True,,,,,1_0
000683,2026-01-15,L2,4,5,2.7741,3.153,2.027,1.126,0.8798,0.8,double_positive_efficiency_improved,midweek_partial,True,False,3.7333,2.3192,1.4141,1.0004,normal,0.29214285714285715,0.9584,False,False,True,False,False,,,True,False,1_0
000683,2026-01-19,L2,1,5,5.9663,2.6796,2.027,0.6526,0.8381,0.2,double_positive_efficiency_improved,monday,True,False,5.5556,-0.5141,6.0697,1.9884,expanding,0.3042857142857143,1.4131,False,False,False,False,False,,,,,1_0
000683,2026-01-21,L2,3,5,12.4514,7.7302,2.2457,5.4845,1.6107,0.6,double_positive_efficiency_improved,midweek_partial,True,False,0.9313,5.1408,-4.2094,0.623,shrinking,0.33214285714285724,0.2409,False,False,False,False,True,,,,,1_0
000683,2026-01-23,L2,5,5,12.5811,9.6532,2.2457,7.4075,1.3033,1.0,double_positive_efficiency_improved,completed_week,True,False,-1.139,1.2687,-2.4077,0.9287,normal,0.3528571428571428,-0.2834,False,False,False,False,True,,,,,1_0
000683,2026-01-27,L2,2,5,-2.1839,,,,,0.4,double_positive_efficiency_improved,tuesday_C_failed_volume,False,False,-1.2761,-0.6912,-0.5849,1.4421,expanding,0.3485714285714285,-0.3156,False,False,False,False,True,,,,,0_0
000683,2026-01-29,L2,4,5,-0.3448,,,,,0.8,none,midweek_partial,False,False,-0.6873,2.5852,-3.2725,0.9152,normal,0.3378571428571429,-0.1776,False,False,False,False,True,,,,,0_0
000683,2026-02-04,L2,3,5,-0.4808,,,,,0.6,none,midweek_partial,False,False,1.5951,5.7069,-4.1118,0.5854,shrinking,0.4128571428571427,0.3149,False,False,False,False,True,,,,,0_0
000683,2026-02-06,L2,5,5,-1.0817,1.0124,2.8736,-1.8612,1.0685,1.0,none,completed_week,False,False,1.6049,-2.1739,3.7789,1.3432,expanding,0.4142857142857141,0.3138,False,False,False,False,True,,,,,0_0
000683,2026-02-10,L2,2,5,3.1363,,,,,0.4,none,tuesday_gate_failed,,False,0.47,3.4022,-2.9322,0.605,shrinking,0.41642857142857126,0.0961,False,False,False,False,True,,,,,0_0
000683,2026-02-12,L2,4,5,3.1363,4.5942,1.0817,3.5125,0.6827,0.8,negative_to_positive,midweek_partial,True,False,-2.0619,2.1053,-4.1671,0.8152,shrinking,0.4085714285714284,-0.4406,False,False,False,False,True,,,,,1_0
000683,2026-02-24,L2,1,5,3.222,,,,,0.2,negative_to_positive,tuesday_A,True,False,3.8415,-2.5731,6.4146,1.6325,expanding,0.4150000000000001,0.7711,False,False,False,False,False,,,,,1_0
000683,2026-02-26,L2,3,5,12.2912,6.2792,0.4825,5.7967,1.9574,0.6,double_positive_efficiency_improved,midweek_partial,True,False,3.8631,4.7399,-0.8767,0.8773,shrinking,0.4164285714285715,0.8405,False,False,False,False,False,,,,,1_0
000683,2026-03-02,L2,1,5,1.9129,7.956,0.4825,7.4735,1.4849,0.2,double_positive_efficiency_improved,monday,True,False,2.3479,-0.4251,2.773,1.5754,expanding,0.45428571428571446,0.4843,False,False,True,True,True,,,False,True,1_1
000683,2026-03-04,L2,3,5,-2.9756,,,,,0.6,none,midweek_partial,False,False,-1.5102,-3.3368,1.8266,0.7442,shrinking,0.41571428571428587,-0.3368,False,False,False,False,True,,,,,0_0
000683,2026-03-06,L2,5,5,2.0191,1.5309,11.8138,-10.2829,1.3189,1.0,none,completed_week,False,False,0.4184,4.7097,-4.2913,0.7238,shrinking,0.4200000000000001,0.0952,False,False,False,False,True,,,,,0_0
000683,2026-03-10,L2,2,5,-6.7067,,,,,0.4,none,tuesday_gate_failed,,False,-2.4084,-0.5208,-1.8875,0.7946,shrinking,0.4335714285714286,-0.5305,False,False,False,False,True,,,,,0_0
000683,2026-03-12,L2,4,5,-2.8028,,,,,0.8,none,midweek_partial,False,False,-2.51,6.867,-9.377,0.6969,shrinking,0.44571428571428573,-0.5609,False,False,False,False,True,,,,,0_0
000683,2026-03-16,L2,1,5,-4.1667,7.8535,2.0191,5.8344,0.8667,0.2,none,monday,False,False,-3.652,-4.1195,0.4675,1.4527,expanding,0.48571428571428565,-0.7,False,False,False,False,True,,,,,0_0
000683,2026-03-18,L2,3,5,-5.4487,,,,,0.6,none,midweek_partial,False,False,1.9585,-3.233,5.1915,0.7737,shrinking,0.5135714285714285,0.331,True,True,False,False,True,False,True,,,0_1
000685,2026-01-05,L2,1,5,0.4248,4.3203,2.3499,1.9704,0.8657,0.2,negative_to_positive,monday,True,False,1.4592,2.9152,-1.456,0.6483,shrinking,0.4042857142857142,0.4205,False,False,False,False,True,,,,,1_0
000685,2026-01-07,L2,3,5,4.2481,2.0457,3.74,-1.6943,2.0766,0.6,none,midweek_partial,False,False,1.1542,2.6227,-1.4685,1.2663,expanding,0.35999999999999993,0.3889,False,False,False,False,True,,,,,0_0
000685,2026-01-09,L2,5,5,3.5684,1.9332,3.74,-1.8068,1.8459,1.0,none,completed_week,False,False,0.6606,-1.304,1.9646,0.9977,normal,0.29000000000000004,0.2759,True,True,False,False,True,False,True,,,0_1
000685,2026-01-13,L2,2,5,-1.7227,,,,,0.4,none,tuesday_gate_failed,,False,-1.1551,-0.5742,-0.5809,0.878,shrinking,0.2621428571428571,-0.5341,False,False,False,False,True,,,,,0_0
000685,2026-01-15,L2,4,5,-3.1173,,,,,0.8,none,midweek_partial,False,False,-0.0846,-1.3356,1.251,0.5585,shrinking,0.28499999999999986,-0.0351,False,False,False,False,True,,,,,0_0
000685,2026-01-19,L2,1,5,5.8475,4.2689,3.5684,0.7005,0.7687,0.2,none,monday,False,False,5.9372,-0.1693,6.1066,3.7964,expanding,0.29999999999999993,2.3333,False,False,False,False,False,,,,,0_0
000685,2026-01-21,L2,3,5,4.0678,2.7573,3.2814,-0.5241,1.4753,0.6,negative_to_positive,midweek_partial,True,False,0.0815,-1.7614,1.8429,0.8063,shrinking,0.3542857142857142,0.0282,True,True,False,False,True,False,True,,,1_1
000685,2026-01-23,L2,5,5,6.5254,4.9549,3.2814,1.6735,1.317,1.0,negative_to_positive,completed_week,True,False,-0.2381,2.6059,-2.844,0.6997,shrinking,0.36357142857142855,-0.0825,False,False,False,False,True,,,,,1_0
000685,2026-01-27,L2,2,5,-1.4366,,,,,0.4,negative_to_positive,tuesday_C,True,False,-1.2,-0.5569,-0.6431,0.8633,shrinking,0.35571428571428576,-0.4217,False,False,False,False,True,,,,,1_0
000685,2026-01-29,L2,4,5,-1.3567,,,,,0.8,none,midweek_partial,False,False,-0.6431,0.7287,-1.3718,1.2049,expanding,0.3421428571428571,-0.2338,False,False,False,False,True,,,,,0_0
000685,2026-02-02,L2,1,5,-0.5556,2.1585,6.5254,-4.3669,0.6655,0.2,none,monday,False,False,1.4575,-0.0809,1.5384,2.4347,expanding,0.33142857142857135,0.5431,False,False,True,True,True,,,False,True,0_1
000685,2026-02-04,L2,3,5,0.3175,0.1816,1.4366,-1.255,1.7482,0.6,negative_to_positive,midweek_partial,True,False,0.0792,0.7981,-0.7189,0.7481,shrinking,0.3492857142857143,0.0286,False,False,False,False,True,,,,,1_0
000685,2026-02-06,L2,5,5,-3.254,2.2525,1.4366,0.8159,1.4446,1.0,none,completed_week,False,False,-0.7329,-2.8481,2.1152,0.6292,shrinking,0.3457142857142856,-0.2603,False,False,False,False,True,,,,,0_0
000685,2026-02-10,L2,2,5,-1.6194,,,,,0.4,none,tuesday_gate_failed,,False,-1.2195,0.9024,-2.1219,0.9559,normal,0.3171428571428571,-0.473,False,False,False,False,True,,,,,0_0
000685,2026-02-12,L2,4,5,-2.0243,,,,,0.8,none,midweek_partial,False,False,-0.2473,-0.1646,-0.0827,0.8259,shrinking,0.3028571428571429,-0.0991,False,False,False,False,True,,,,,0_0
000685,2026-02-24,L2,1,5,0.0,,,,,0.2,none,tuesday_gate_failed,,False,1.3687,-3.3884,4.7571,0.5444,shrinking,0.2650000000000002,0.6038,True,True,False,False,True,False,True,,,0_1
000685,2026-02-26,L2,3,5,0.5063,0.4868,5.3441,-4.8573,1.0401,0.6,negative_to_positive,midweek_partial,True,False,-0.6672,1.1814,-1.8487,0.762,shrinking,0.2685714285714288,-0.2979,False,False,False,False,True,,,,,1_0
000685,2026-03-02,L2,1,5,0.0835,2.5288,5.3441,-2.8153,0.8343,0.2,negative_to_positive,monday,True,False,-0.9091,1.5953,-2.5044,0.896,shrinking,0.2721428571428574,-0.4042,False,False,False,False,True,,,,,1_0
000685,2026-03-04,L2,3,5,-2.9215,,,,,0.6,none,midweek_partial,False,False,-2.9215,-0.0834,-2.8381,0.7381,shrinking,0.24500000000000025,-1.4286,False,False,False,False,True,,,,,0_0
000685,2026-03-06,L2,5,5,-0.8347,0.5467,2.1097,-1.563,1.5268,1.0,none,completed_week,False,False,1.8868,0.258,1.6288,1.1327,expanding,0.2600000000000004,0.8462,False,False,False,False,True,,,,,0_0
000685,2026-03-10,L2,2,5,-0.5115,,,,,0.4,none,tuesday_gate_failed,,False,1.039,-2.7778,3.8167,0.6107,shrinking,0.24785714285714328,0.4841,True,True,False,False,True,False,True,,,0_1
000685,2026-03-12,L2,4,5,0.5968,0.7891,0.8347,-0.0456,0.7563,0.8,negative_to_positive,midweek_partial,True,False,0.2549,0.8569,-0.602,0.8591,shrinking,0.26928571428571463,0.1114,False,False,False,False,True,,,,,1_0
000685,2026-03-16,L2,1,5,-2.046,0.1137,0.8347,-0.721,0.7496,0.2,negative_to_positive,monday,True,False,-2.1295,-0.5085,-1.621,1.2316,expanding,0.2807142857142857,-0.8906,False,False,False,False,True,,,,,1_0
000685,2026-03-18,L2,3,5,-0.7673,,,,,0.6,none,midweek_partial,False,False,0.605,0.6963,-0.0912,0.7713,shrinking,0.27071428571428563,0.2586,False,False,False,False,True,,,,,0_0
000686,2026-01-05,L2,1,5,0.7495,5.0988,4.2576,0.8412,0.4322,0.2,none,monday,False,False,0.9657,-1.4799,2.4456,1.1659,expanding,0.24642857142857125,0.3652,False,False,False,False,True,,,,,0_0
000686,2026-01-07,L2,3,5,4.1756,1.0983,2.2036,-1.1053,3.8017,0.6,negative_to_positive,midweek_partial,True,False,-2.505,6.0574,-8.5624,0.5196,shrinking,0.23071428571428548,-1.0836,False,False,False,False,True,,,,,1_0
000686,2026-01-09,L2,5,5,3.6403,1.0528,2.2036,-1.1508,3.4577,1.0,negative_to_positive,completed_week,True,False,1.574,-2.0555,3.6295,1.0147,normal,0.2599999999999998,0.5769,False,False,False,False,True,,,,,1_0
000686,2026-01-13,L2,2,5,-0.1036,,,,,0.4,negative_to_positive,tuesday_A,True,False,-1.6327,1.2397,-2.8723,0.8682,shrinking,0.2599999999999998,-0.6154,False,False,False,False,True,,,,,1_0
000686,2026-01-15,L2,4,5,-2.9016,,,,,0.8,none,midweek_partial,False,False,-2.1921,-0.6224,-1.5697,0.7481,shrinking,0.2757142857142857,-0.7617,False,False,False,False,True,,,,,0_0
000686,2026-01-19,L2,1,5,0.0,3.962,3.6403,0.3217,0.8893,0.2,none,monday,False,False,-0.4296,-0.6403,0.2107,0.953,normal,0.305,-0.1311,False,False,False,False,True,,,,,0_0
000686,2026-01-21,L2,3,5,-0.6472,,,,,0.6,none,midweek_partial,False,False,-0.9677,0.3236,-1.2914,1.5586,expanding,0.27142857142857146,-0.3316,False,False,False,False,True,,,,,0_0
000686,2026-01-23,L2,5,5,-0.4315,0.69,3.5233,-2.8333,0.6254,1.0,none,completed_week,False,False,0.2172,0.0,0.2172,1.0784,normal,0.26642857142857135,0.0751,False,False,False,False,True,,,,,0_0
000686,2026-01-27,L2,2,5,-1.5168,,,,,0.4,none,tuesday_gate_failed,,False,-1.6234,0.1083,-1.7317,0.8134,shrinking,0.25214285714285695,-0.5949,False,False,False,False,True,,,,,0_0
000686,2026-01-29,L2,4,5,-0.5417,,,,,0.8,none,midweek_partial,False,False,0.8791,0.11,0.7691,1.266,expanding,0.21357142857142847,0.3746,False,False,True,True,True,,,True,False,0_1
000686,2026-02-02,L2,1,5,-1.2115,1.61,0.4315,1.1785,1.0094,0.2,none,monday,False,False,-1.2115,-1.0893,-0.1221,1.0577,normal,0.1942857142857142,-0.5662,False,False,False,False,True,,,,,0_0
000686,2026-02-04,L2,3,5,0.3304,0.4409,1.6251,-1.1842,0.7493,0.6,negative_to_positive,midweek_partial,True,False,0.8859,0.6689,0.217,1.0635,normal,0.18642857142857114,0.4291,False,False,True,True,True,,,True,False,1_1
000686,2026-02-06,L2,5,5,-0.5507,0.7961,1.6251,-0.829,0.6917,1.0,none,completed_week,False,False,-0.7692,-0.1098,-0.6595,0.5853,shrinking,0.15857142857142822,-0.4414,False,False,False,False,True,,,,,0_0
000686,2026-02-10,L2,2,5,-0.3297,,,,,0.4,none,tuesday_gate_failed,,False,-0.3297,0.7752,-1.1049,0.7689,shrinking,0.15214285714285694,-0.1972,False,False,False,False,True,,,,,0_0
000686,2026-02-12,L2,4,5,-0.7692,,,,,0.8,none,midweek_partial,False,False,-0.5507,0.1103,-0.6609,1.3866,expanding,0.14357142857142843,-0.3483,False,False,False,False,True,,,,,0_0
000686,2026-02-24,L2,1,5,-0.6667,,,,,0.2,none,tuesday_gate_failed,,False,0.3367,-1.3289,1.6656,0.6083,shrinking,0.14214285714285704,0.2111,True,True,False,False,True,False,True,,,0_1
000686,2026-02-26,L2,3,5,-0.3333,,,,,0.6,none,midweek_partial,False,False,-0.6645,1.0067,-1.6712,0.8437,shrinking,0.1307142857142856,-0.459,False,False,False,False,True,,,,,0_0
000686,2026-03-02,L2,1,5,-0.6719,0.0,2.0879,-2.0879,0.8462,0.2,none,monday,False,False,-1.4444,0.3344,-1.7789,1.4262,expanding,0.12142857142857137,-1.0706,False,False,False,False,True,,,,,0_0
000686,2026-03-04,L2,3,5,-4.7032,,,,,0.6,none,midweek_partial,False,False,-3.0752,-1.0147,-2.0605,1.0023,normal,0.11285714285714274,-2.3924,False,False,False,False,True,,,,,0_0
000686,2026-03-06,L2,5,5,-2.5756,1.6016,0.0,1.6016,1.6081,1.0,none,completed_week,False,False,1.993,0.235,1.7579,1.1729,expanding,0.1264285714285714,1.3446,False,False,False,False,True,,,,,0_0
000686,2026-03-10,L2,2,5,0.5814,,,,,0.4,none,tuesday_gate_failed,,False,0.8159,-1.3793,2.1952,0.7394,shrinking,0.1328571428571427,0.5269,True,True,False,False,True,False,True,,,0_1
000686,2026-03-12,L2,4,5,0.5814,0.9384,2.5756,-1.6372,0.6196,0.8,negative_to_positive,midweek_partial,True,False,0.0,0.0,0.0,0.9255,normal,0.14142857142857132,0.0,False,False,False,False,True,,,,,1_0
000686,2026-03-16,L2,1,5,-0.3488,0.1864,2.5756,-2.3892,0.6238,0.2,negative_to_positive,monday,True,False,-0.4646,-0.4624,-0.0021,0.8736,shrinking,0.14499999999999982,-0.2759,False,False,False,False,True,,,,,1_0
000686,2026-03-18,L2,3,5,-0.4651,,,,,0.6,none,midweek_partial,False,False,-0.2331,0.1167,-0.3498,0.5388,shrinking,0.14428571428571413,-0.1386,False,False,False,False,True,,,,,0_0
000688,2026-01-05,L2,1,5,3.7397,8.0706,11.9954,-3.9248,0.5332,0.2,none,monday,False,False,3.777,3.4996,0.2774,1.1752,expanding,1.8649999999999995,0.563,False,False,True,False,False,,,True,False,0_0
000688,2026-01-07,L2,3,5,1.0428,0.6793,4.3029,-3.6236,1.5352,0.6,negative_to_positive,midweek_partial,True,False,-3.0031,0.4159,-3.4191,0.8217,shrinking,2.0471428571428567,-0.425,False,False,False,False,True,,,,,1_0
000688,2026-01-09,L2,5,5,0.5034,0.345,4.3029,-3.9579,1.4592,1.0,negative_to_positive,completed_week,True,False,0.4673,-0.9964,1.4637,1.2685,expanding,2.129285714285714,0.0611,False,False,False,False,True,,,,,1_0
000688,2026-01-13,L2,2,5,-0.6646,,,,,0.4,negative_to_positive,tuesday_B,True,False,2.1215,-0.5009,2.6224,1.2604,expanding,2.165714285714286,0.2724,False,False,False,False,True,,,,,1_0
000688,2026-01-15,L2,4,5,-10.4232,,,,,0.8,none,midweek_partial,False,False,-2.8821,-7.1479,4.2658,0.5732,shrinking,2.2199999999999993,-0.3423,False,False,False,False,True,,,,,0_0
000688,2026-01-21,L2,3,5,13.8662,17.3874,13.6062,3.7812,0.7975,0.6,negative_to_positive,midweek_partial,True,False,10.0079,0.0789,9.929,2.1024,expanding,2.16,1.1759,False,False,False,False,False,,,,,1_0
000688,2026-01-23,L2,5,5,20.9625,22.7989,13.6062,9.1927,0.9195,1.0,negative_to_positive,completed_week,True,False,8.0904,-1.7192,9.8096,1.2161,expanding,2.1885714285714286,1.0144,False,False,False,False,False,,,,,1_0
000688,2026-01-27,L2,2,5,-2.272,,,,,0.4,negative_to_positive,tuesday_A,True,False,-8.1967,9.002,-17.1987,0.8799,shrinking,2.1128571428571425,-1.2542,False,False,False,False,True,,,,,1_0
000688,2026-01-29,L2,4,5,-4.05,,,,,0.8,none,midweek_partial,False,False,-5.6347,4.0431,-9.6778,0.8016,shrinking,2.273571428571429,-0.7653,False,False,False,False,True,,,,,0_0
000688,2026-02-02,L2,1,5,5.2342,8.2808,20.9625,-12.6817,1.4195,0.2,none,monday,False,False,-0.2239,-8.0302,7.8063,1.0617,normal,2.4057142857142857,-0.0249,False,False,False,False,True,,,,,0_0
000688,2026-02-04,L2,3,5,9.209,15.5657,11.755,3.8107,0.5916,0.6,negative_to_positive,midweek_partial,True,False,-3.2764,7.2924,-10.5688,0.6387,shrinking,2.437857142857143,-0.3856,False,False,False,False,True,,,,,1_0
000688,2026-02-06,L2,5,5,8.5006,15.4037,11.755,3.6487,0.5519,1.0,negative_to_positive,completed_week,True,False,5.6727,-5.982,11.6547,1.1682,expanding,2.4021428571428567,0.6161,False,False,False,False,False,,,,,1_0
000688,2026-02-10,L2,2,5,1.2464,,,,,0.4,negative_to_positive,tuesday_A,True,False,0.6016,2.5027,-1.9012,0.7823,shrinking,2.5507142857142853,0.0666,False,False,False,False,True,,,,,1_0
000688,2026-02-12,L2,4,5,12.1439,15.0626,8.5006,6.562,0.8062,0.8,double_positive_efficiency_improved,midweek_partial,True,False,1.5479,9.0749,-7.527,0.8658,shrinking,2.382142857142857,0.2015,False,False,False,False,True,,,,,1_0
000688,2026-02-24,L2,1,5,1.4165,,,,,0.2,double_positive_efficiency_improved,tuesday_A,True,False,3.9222,2.8263,1.0959,0.9451,normal,2.3728571428571428,0.5352,True,False,True,False,False,True,False,True,False,1_0
000688,2026-02-26,L2,3,5,7.4442,4.9951,15.3134,-10.3183,1.4903,0.6,none,midweek_partial,False,False,-0.4746,6.4487,-6.9233,1.2544,expanding,2.257857142857143,-0.0753,False,False,False,False,True,,,,,0_0
000688,2026-03-02,L2,1,5,-0.5676,10.9043,15.3134,-4.4091,1.1636,0.2,none,monday,False,False,-1.6047,4.8808,-6.4855,1.1984,expanding,2.2592857142857143,-0.2656,False,False,False,False,True,,,,,0_0
000688,2026-03-04,L2,3,5,-6.2162,,,,,0.6,none,midweek_partial,False,False,-1.5044,-4.2403,2.7359,0.7634,shrinking,2.259285714285715,-0.2346,False,False,False,False,True,,,,,0_0
000688,2026-03-06,L2,5,5,-6.5676,6.0335,12.6884,-6.6549,1.0885,1.0,none,completed_week,False,False,-1.4538,1.0951,-2.5489,0.5974,shrinking,2.3357142857142863,-0.2183,False,False,False,False,True,,,,,0_0
000688,2026-03-10,L2,2,5,4.5713,,,,,0.4,none,tuesday_gate_failed,,False,-0.2281,1.4753,-1.7033,0.7104,shrinking,2.2500000000000004,-0.0356,False,False,False,False,True,,,,,0_0
000688,2026-03-12,L2,4,5,7.6785,8.4512,6.5676,1.8836,0.9086,0.8,negative_to_positive,midweek_partial,True,False,0.8959,2.0571,-1.1613,0.7422,shrinking,2.457857142857143,0.1302,False,False,False,False,True,,,,,1_0
000688,2026-03-16,L2,1,5,0.0,9.6983,6.5676,3.1307,0.9026,0.2,negative_to_positive,monday,True,False,-1.0165,0.9989,-2.0154,0.9746,normal,2.415714285714286,-0.1532,False,False,False,False,True,,,,,1_0
000688,2026-03-24,L2,2,5,18.3498,,,,,0.4,none,tuesday_gate_failed,,False,10.0,6.5359,3.4641,1.0823,normal,2.4114285714285706,1.3519,False,False,True,False,False,,,True,False,0_0
000688,2026-03-26,L2,4,5,30.297,20.743,15.0708,5.6722,1.4606,0.8,negative_to_positive,midweek_partial,True,False,4.7215,5.1311,-0.4096,0.9036,normal,2.5642857142857136,0.6942,False,False,False,False,False,,,,,1_0
000688,2026-03-30,L2,1,5,-0.3525,26.6359,15.0708,11.5651,1.5042,0.2,negative_to_positive,monday,True,False,-0.0943,7.4975,-7.5917,0.7677,shrinking,2.695,-0.0148,False,False,False,False,True,,,,,1_0
000690,2026-03-26,L2,4,5,19.0083,6.5023,1.006,5.4963,2.9233,0.8,negative_to_positive,midweek_partial,True,False,2.6738,10.0,-7.3262,1.9813,expanding,0.19714285714285726,0.7609,False,False,False,False,True,,,,,1_0
000691,2026-01-09,L2,5,5,21.6216,4504.2717,2.1505,4502.1212,0.0048,1.0,negative_to_positive,completed_week,True,False,5.0175,5.0245,-0.007,0.4383,shrinking,0.526428571428572,0.8168,False,False,False,False,False,,,,,1_0
000691,2026-01-13,L2,2,5,4.9735,,,,,0.4,negative_to_positive,tuesday_C_failed_volume,False,False,4.9735,5.0,-0.0265,167.7955,expanding,0.508571428571429,0.9242,False,False,False,False,False,,,,,0_0
000691,2026-01-15,L2,4,5,4.7619,0.0255,21.6216,-21.5961,186.414,0.8,none,midweek_partial,False,False,-4.9904,5.0403,-10.0307,9.6212,expanding,0.49714285714285744,-1.046,False,False,False,False,True,,,,,0_0
000691,2026-01-19,L2,1,5,-0.1048,0.0206,21.6216,-21.601,297.4291,0.2,none,monday,False,False,-4.985,1.3131,-6.2982,0.4609,shrinking,0.5114285714285716,-0.9777,False,False,False,False,True,,,,,0_0
000691,2026-01-21,L2,3,5,-5.5556,,,,,0.6,none,midweek_partial,False,False,-1.7448,-3.7775,2.0327,0.6816,shrinking,0.5364285714285714,-0.2983,False,False,False,False,True,,,,,0_0
000691,2026-01-23,L2,5,5,-4.8218,4.2832,6.1376,-1.8544,1.1257,1.0,none,completed_week,False,True,0.5537,0.222,0.3317,1.1495,expanding,0.5371428571428571,0.0931,False,False,True,True,True,,,True,False,0_1
000691,2026-01-27,L2,2,5,-3.0172,,,,,0.4,none,tuesday_gate_failed,,False,1.2373,-2.0925,3.3299,0.5857,shrinking,0.4385714285714285,0.2508,True,True,False,False,True,False,True,,,0_1
000691,2026-01-29,L2,4,5,-8.6207,,,,,0.8,none,midweek_partial,False,False,-1.8519,-4.0,2.1481,0.7565,shrinking,0.4435714285714285,-0.3607,False,False,False,False,True,,,,,0_0
000691,2026-02-02,L2,1,5,0.0,9.9206,4.8218,5.0988,0.8147,0.2,none,monday,False,False,-2.6964,0.5896,-3.286,0.707,shrinking,0.4435714285714285,-0.5185,False,False,False,False,True,,,,,0_0
000691,2026-02-04,L2,3,5,4.9398,6.3287,8.0819,-1.7532,0.7805,0.6,negative_to_positive,midweek_partial,True,False,-0.1147,5.0602,-5.1749,1.0942,normal,0.43428571428571416,-0.023,False,False,False,False,True,,,,,1_0
000691,2026-02-06,L2,5,5,2.8916,3.9883,8.0819,-4.0936,0.725,1.0,negative_to_positive,completed_week,True,False,-1.3857,-0.5741,-0.8116,0.8605,shrinking,0.4128571428571428,-0.2907,False,False,False,False,True,,,,,1_0
000691,2026-02-10,L2,2,5,0.3538,,,,,0.4,negative_to_positive,tuesday_A,True,False,0.0,-0.3513,0.3513,0.9935,normal,0.3757142857142857,0.0,False,False,False,False,True,,,,,1_0
000691,2026-02-12,L2,4,5,1.0613,0.8226,2.8916,-2.069,1.2901,0.8,none,midweek_partial,False,False,5.0245,-4.1128,9.1373,0.678,shrinking,0.3485714285714285,1.1762,True,False,True,False,False,False,True,False,True,0_0
000691,2026-02-24,L2,1,5,0.1167,,,,,0.2,none,tuesday_gate_failed,,False,-0.1164,0.2334,-0.3498,0.6717,shrinking,0.35357142857142854,-0.0283,False,False,False,False,True,,,,,0_0
000691,2026-02-26,L2,3,5,3.9673,3.4993,1.2972,2.2021,1.1337,0.6,double_positive_efficiency_improved,midweek_partial,True,False,2.4138,1.3986,1.0152,1.5546,expanding,0.33642857142857135,0.6242,False,False,True,True,True,,,True,False,1_1
000691,2026-03-02,L2,1,5,0.8102,3.7831,1.2972,2.4859,0.8945,0.2,double_positive_efficiency_improved,monday,True,False,-1.693,-0.5612,-1.1318,0.7064,shrinking,0.33999999999999997,-0.4412,False,False,False,False,True,,,,,1_0
000691,2026-03-06,L2,5,5,-2.7778,2.5965,3.3839,-0.7874,1.0698,1.0,none,completed_week,False,False,1.2048,4.534,-3.3292,0.6762,shrinking,0.3435714285714285,0.2911,False,False,False,False,True,,,,,0_0
000691,2026-03-10,L2,2,5,3.8647,,,,,0.4,none,tuesday_gate_failed,,False,2.381,0.0,2.381,0.7411,shrinking,0.35857142857142843,0.5578,True,True,True,True,True,False,True,False,True,0_1
000691,2026-03-12,L2,4,5,1.4493,2.4055,2.7778,-0.3723,0.6025,0.8,negative_to_positive,midweek_partial,True,False,-2.6651,0.3488,-3.014,1.2408,expanding,0.35928571428571426,-0.6402,False,False,False,False,True,,,,,1_0
000691,2026-03-16,L2,1,5,-1.6807,2.5405,2.7778,-0.2373,0.618,0.2,negative_to_positive,monday,True,False,-2.6159,0.119,-2.735,1.0846,normal,0.3357142857142857,-0.6553,False,False,False,False,True,,,,,1_0
000691,2026-03-18,L2,3,5,0.9604,0.7833,1.57,-0.7867,1.226,0.6,none,midweek_partial,False,False,1.57,1.0989,0.4711,0.8214,shrinking,0.3271428571428571,0.3974,True,True,True,True,True,True,False,True,False,0_1
000691,2026-03-26,L2,4,5,4.8101,4.0036,2.6411,1.3625,1.2015,0.8,negative_to_positive,midweek_partial,True,False,0.7299,4.9808,-4.2509,0.8507,shrinking,0.29214285714285715,0.2054,False,False,False,False,True,,,,,1_0
000691,2026-03-30,L2,1,5,0.7212,5.5635,2.6411,2.9224,1.1604,0.2,negative_to_positive,monday,True,False,-0.3567,1.57,-1.9268,1.2729,expanding,0.2850000000000001,-0.1053,False,False,False,False,True,,,,,1_0
000692,2026-01-05,L2,1,5,0.2899,4.7596,1.3966,3.363,0.5357,0.2,none,monday,False,False,0.5814,-1.1494,1.7308,1.2544,expanding,0.09571428571428571,0.209,False,False,False,False,True,,,,,0_0
000692,2026-01-07,L2,3,5,0.2899,0.1598,2.5496,-2.3898,1.8142,0.6,negative_to_positive,midweek_partial,True,False,-0.5747,0.578,-1.1527,0.9477,normal,0.08285714285714284,-0.2414,False,False,False,False,True,,,,,1_0
000692,2026-01-09,L2,5,5,2.8986,1.5181,2.5496,-1.0315,1.9093,1.0,negative_to_positive,completed_week,True,False,0.8523,1.7341,-0.8818,0.9842,normal,0.07214285714285713,0.4158,False,False,False,False,True,,,,,1_0
000692,2026-01-13,L2,2,5,4.507,,,,,0.4,negative_to_positive,tuesday_A,True,False,3.0556,1.4085,1.6471,1.2931,expanding,0.0707142857142857,1.5556,False,False,True,True,True,,,True,False,1_1
000692,2026-01-15,L2,4,5,0.8451,0.7097,2.8986,-2.1889,1.1908,0.8,none,midweek_partial,False,False,-1.6484,-1.8868,0.2384,0.5741,shrinking,0.07714285714285715,-0.7778,False,False,False,False,True,,,,,0_0
000692,2026-01-19,L2,1,5,2.973,2.4226,2.8986,-0.476,1.279,0.2,none,monday,False,False,4.0984,2.2346,1.8637,1.2237,expanding,0.08,1.875,False,False,True,False,False,,,True,False,0_0
000692,2026-01-21,L2,3,5,1.3514,1.1274,3.0986,-1.9712,1.1986,0.6,none,midweek_partial,False,False,0.5362,-2.0997,2.6359,0.9296,normal,0.10499999999999998,0.1905,True,True,False,False,True,False,True,,,0_1
000692,2026-01-23,L2,5,5,0.8108,0.8397,3.0986,-2.2589,0.9655,1.0,none,completed_week,False,False,-0.7979,0.2667,-1.0645,0.841,shrinking,0.1107142857142857,-0.271,False,False,False,False,True,,,,,0_0
000692,2026-01-27,L2,2,5,-0.5362,,,,,0.4,none,tuesday_gate_failed,,False,-0.2688,-0.2681,-0.0007,0.9011,normal,0.11357142857142856,-0.0881,False,False,False,False,True,,,,,0_0
000692,2026-01-29,L2,4,5,-2.1448,,,,,0.8,none,midweek_partial,False,False,-0.2732,-1.3477,1.0745,0.8442,shrinking,0.12000000000000001,-0.0833,False,False,False,False,True,,,,,0_0
000692,2026-02-02,L2,1,5,-1.3263,1.6665,0.8108,0.8557,0.8044,0.2,double_positive_efficiency_improved,monday,True,False,-1.5873,3.5616,-5.1489,0.6267,shrinking,0.1228571428571429,-0.4884,False,False,False,False,True,,,,,1_0
000692,2026-02-04,L2,3,5,1.061,1.166,1.3405,-0.1745,0.91,0.6,none,midweek_partial,False,False,1.8717,0.5376,1.334,1.2978,expanding,0.1221428571428572,0.5731,False,False,True,True,True,,,True,False,0_1
000692,2026-02-06,L2,5,5,2.122,2.4992,1.3405,1.1587,0.8491,1.0,double_positive_efficiency_improved,completed_week,True,False,1.3158,-0.2625,1.5783,0.9707,normal,0.12071428571428577,0.4142,True,True,False,False,True,False,True,,,1_1
000692,2026-02-10,L2,2,5,1.292,,,,,0.4,double_positive_efficiency_improved,tuesday_A,True,False,0.7712,1.039,-0.2678,1.0938,normal,0.09714285714285723,0.3088,False,False,False,False,True,,,,,1_0
000692,2026-02-12,L2,4,5,-0.2584,,,,,0.8,none,midweek_partial,False,False,-1.7812,0.2551,-2.0363,1.4505,expanding,0.09357142857142867,-0.7481,False,False,False,False,True,,,,,0_0
000692,2026-02-24,L2,1,5,4.1344,,,,,0.2,none,tuesday_gate_failed,,False,4.1344,0.2591,3.8753,2.0072,expanding,0.09428571428571438,1.697,False,False,True,False,False,,,True,False,0_0
000692,2026-02-26,L2,3,5,3.3592,2.734,0.0,2.734,1.2287,0.6,negative_to_positive,midweek_partial,True,False,-0.7444,0.0,-0.7444,0.7834,shrinking,0.0964285714285715,-0.3111,False,False,False,False,True,,,,,1_0
000692,2026-03-02,L2,1,5,-0.75,4.713,0.0,4.713,0.9321,0.2,negative_to_positive,monday,True,False,-1.7327,1.0,-2.7327,1.4979,expanding,0.09285714285714294,-0.7538,False,False,False,False,True,,,,,1_0
000692,2026-03-04,L2,3,5,-1.75,,,,,0.6,none,midweek_partial,False,False,-1.5038,0.5038,-2.0075,0.8474,shrinking,0.0942857142857143,-0.6364,False,False,False,False,True,,,,,0_0
000692,2026-03-06,L2,5,5,5.75,2.9884,4.3928,-1.4044,1.9241,1.0,none,completed_week,False,False,4.4444,3.0534,1.391,1.647,expanding,0.10357142857142858,1.7379,False,False,True,False,False,,,True,False,0_0
000692,2026-03-10,L2,2,5,1.4354,,,,,0.4,none,tuesday_gate_failed,,False,1.4354,-1.182,2.6174,0.8079,shrinking,0.12142857142857144,0.4941,True,True,False,False,True,False,True,,,0_1
000692,2026-03-12,L2,4,5,0.9569,1.2286,5.75,-4.5214,0.7789,0.8,none,midweek_partial,False,False,-0.7059,0.2358,-0.9417,1.2076,expanding,0.1300000000000001,-0.2308,False,False,False,False,True,,,,,0_0
000692,2026-03-16,L2,1,5,1.1876,1.2639,5.75,-4.4861,0.7572,0.2,none,monday,False,False,0.9479,0.0,0.9479,1.0992,normal,0.13214285714285726,0.3027,False,False,True,True,True,,,False,True,0_1
000692,2026-03-18,L2,3,5,1.1876,1.2687,0.9569,0.3118,0.9361,0.6,double_positive_efficiency_improved,midweek_partial,True,False,2.1583,-2.1127,4.2709,1.0538,normal,0.1300000000000001,0.6923,False,False,False,False,True,,,,,1_0
000692,2026-03-20,L2,5,5,-3.8005,3.565,0.9569,2.6081,1.0661,1.0,none,completed_week,False,False,-2.8777,-2.1127,-0.765,1.6309,expanding,0.1342857142857144,-0.8936,False,False,False,False,True,,,,,0_0
000692,2026-03-24,L2,2,5,6.25,,,,,0.4,none,tuesday_gate_failed,,False,8.1425,-2.963,11.1055,1.0366,normal,0.14071428571428585,2.2741,False,False,False,False,False,,,,,0_0
000692,2026-03-26,L2,4,5,22.5,13.1591,3.8005,9.3586,1.7098,0.8,negative_to_positive,midweek_partial,True,False,10.1124,4.7059,5.4065,1.0265,normal,0.15571428571428586,2.8899,False,False,True,False,False,,,True,False,1_0
000692,2026-03-30,L2,1,5,10.2174,7.1642,3.8005,3.3637,3.001,0.2,negative_to_positive,monday,True,False,4.321,-0.8163,5.1373,0.9397,normal,0.19000000000000014,1.1053,True,False,False,False,False,False,True,,,1_0
000695,2026-01-05,L2,1,5,1.3386,27.8854,13.7287,14.1567,0.3672,0.2,none,monday,False,False,1.2589,-2.4559,3.7147,0.8146,shrinking,0.6757142857142854,0.2368,True,True,False,False,True,False,True,,,0_1
000695,2026-01-07,L2,3,5,7.5591,3.1879,10.2401,-7.0522,2.3711,0.6,negative_to_positive,midweek_partial,True,False,-3.5311,10.0233,-13.5544,1.0178,normal,0.6635714285714281,-0.7535,False,False,False,False,True,,,,,1_0
000695,2026-01-09,L2,5,5,7.3228,3.5125,10.2401,-6.7276,2.0848,1.0,negative_to_positive,completed_week,True,False,-0.4383,0.2196,-0.6579,1.2839,expanding,0.7349999999999994,-0.0816,False,False,False,False,True,,,,,1_0
000695,2026-01-13,L2,2,5,-0.8824,,,,,0.4,negative_to_positive,tuesday_B,True,False,0.6721,-1.7608,2.433,1.2228,expanding,0.7092857142857137,0.1269,False,False,False,False,True,,,,,1_0
000695,2026-01-15,L2,4,5,-3.3824,,,,,0.8,none,midweek_partial,False,False,0.4587,-2.9674,3.4261,0.5841,shrinking,0.731428571428571,0.082,True,True,False,False,True,False,True,,,0_1
000695,2026-01-19,L2,1,5,3.6735,7.9749,7.3228,0.6521,0.7561,0.2,none,monday,False,False,-0.626,-2.7397,2.1137,0.8206,shrinking,0.6607142857142855,-0.1211,False,False,False,False,True,,,,,0_0
000695,2026-01-21,L2,3,5,1.3061,2.5668,6.0294,-3.4626,0.5089,0.6,negative_to_positive,midweek_partial,True,False,0.6488,-2.9134,3.5622,0.7434,shrinking,0.584285714285714,0.1369,True,True,False,False,True,False,True,,,1_1
000695,2026-01-23,L2,5,5,4.9796,9.0296,6.0294,3.0002,0.5515,1.0,negative_to_positive,completed_week,True,False,3.2932,0.3223,2.9709,1.613,expanding,0.5299999999999997,0.7736,False,False,False,False,True,,,,,1_0
000695,2026-01-27,L2,2,5,-1.3199,,,,,0.4,negative_to_positive,tuesday_B,True,False,0.6334,-1.7885,2.4219,1.1954,expanding,0.5614285714285714,0.1425,False,False,False,False,True,,,,,1_0
000695,2026-01-29,L2,4,5,-3.1056,,,,,0.8,none,midweek_partial,False,False,0.8892,-2.6751,3.5643,1.8462,expanding,0.4942857142857144,0.2225,False,False,False,False,True,,,,,0_0
000695,2026-02-02,L2,1,5,-2.3463,4.6279,4.9796,-0.3517,0.9059,0.2,none,monday,False,False,-2.188,-1.1218,-1.0662,0.9979,normal,0.5021428571428572,-0.5377,False,False,False,False,True,,,,,0_0
000695,2026-02-04,L2,3,5,1.0518,1.2965,4.1925,-2.896,0.8112,0.6,negative_to_positive,midweek_partial,True,False,2.7984,0.6628,2.1356,1.4495,expanding,0.49428571428571455,0.6879,False,False,False,False,True,,,,,1_0
000695,2026-02-06,L2,5,5,3.3981,3.9845,4.1925,-0.208,0.8528,1.0,negative_to_positive,completed_week,True,False,2.24,0.0801,2.1599,1.5002,expanding,0.4707142857142858,0.5948,False,False,True,True,True,,,True,False,1_1
000695,2026-02-10,L2,2,5,-0.9375,,,,,0.4,negative_to_positive,tuesday_A,True,False,-1.1691,0.3912,-1.5604,0.5655,shrinking,0.4521428571428574,-0.3318,False,False,False,False,True,,,,,1_0
000695,2026-02-12,L2,4,5,-2.3438,,,,,0.8,none,midweek_partial,False,False,-1.9608,0.5521,-2.5128,1.118,expanding,0.43357142857142883,-0.5766,False,False,False,False,True,,,,,0_0
000695,2026-02-24,L2,1,5,0.7831,,,,,0.2,none,tuesday_gate_failed,,False,1.2589,1.68,-0.4211,1.0463,normal,0.3971428571428573,0.4029,False,False,False,False,True,,,,,0_0
000695,2026-02-26,L2,3,5,2.5059,1.641,0.7031,0.9379,1.527,0.6,negative_to_positive,midweek_partial,True,False,-1.3564,3.108,-4.4644,0.8554,shrinking,0.3614285714285716,-0.498,False,False,False,False,True,,,,,1_0
000695,2026-03-02,L2,1,5,-1.7437,3.4075,0.7031,2.7044,1.264,0.2,negative_to_positive,monday,True,False,-2.7027,1.7571,-4.4598,0.8324,shrinking,0.3564285714285717,-1.01,False,False,False,False,True,,,,,1_0
000695,2026-03-04,L2,3,5,-5.0796,,,,,0.6,none,midweek_partial,False,False,-0.7137,-2.7006,1.9869,0.7653,shrinking,0.3578571428571428,-0.2515,False,False,False,False,True,,,,,0_0
000695,2026-03-06,L2,5,5,0.834,0.6915,4.307,-3.6155,1.206,1.0,none,completed_week,False,False,2.3865,3.754,-1.3675,0.993,normal,0.3714285714285715,0.8346,False,False,False,False,True,,,,,0_0
000695,2026-03-10,L2,2,5,2.0225,,,,,0.4,none,tuesday_gate_failed,,False,0.7396,1.6541,-0.9145,0.9426,normal,0.3921428571428573,0.255,False,False,False,False,True,,,,,0_0
000695,2026-03-12,L2,4,5,3.7453,2.4924,0.834,1.6584,1.5027,0.8,double_positive_efficiency_improved,midweek_partial,True,False,1.8382,-0.1468,1.9851,1.3222,expanding,0.43571428571428583,0.5738,False,False,False,False,True,,,,,1_0
000695,2026-03-16,L2,1,5,1.3245,4.1543,0.834,3.3203,1.9474,0.2,double_positive_efficiency_improved,monday,True,False,6.0291,4.1877,1.8414,1.0314,normal,0.4500000000000002,1.9333,False,False,True,False,False,,,True,False,1_0
000695,2026-03-18,L2,3,5,-7.6159,,,,,0.6,none,midweek_partial,False,True,-2.5157,-6.4706,3.9549,0.7325,shrinking,0.5792857142857145,-0.6215,False,False,False,False,True,,,,,0_0
000695,2026-03-20,L2,5,5,-13.3775,12.4934,8.0899,4.4035,1.0708,1.0,none,completed_week,False,True,-2.4609,-3.871,1.4101,1.2302,expanding,0.64,-0.5156,False,False,False,False,True,,,,,0_0
000695,2026-03-24,L2,2,5,2.3238,,,,,0.4,none,tuesday_gate_failed,,False,3.9339,-2.8287,6.7627,0.7853,shrinking,0.682857142857143,0.7322,True,False,False,False,False,False,True,,,0_0
000695,2026-03-26,L2,4,5,0.6197,0.8139,13.3775,-12.5636,0.7613,0.8,negative_to_positive,midweek_partial,True,False,0.7758,-2.4224,3.1982,1.0821,normal,0.7435714285714287,0.1345,False,False,False,False,True,,,,,1_0
000695,2026-03-30,L2,1,5,-3.8514,12.1331,13.3775,-1.2444,0.881,0.2,negative_to_positive,monday,True,False,-2.1693,10.0077,-12.177,1.1483,expanding,0.7449999999999999,-0.4161,False,False,False,False,True,,,,,1_0
000697,2026-01-05,L2,1,5,1.3777,1.4856,3.1111,-1.6255,0.5403,0.2,none,monday,False,False,2.0809,0.6985,1.3824,1.6687,expanding,0.21999999999999975,0.8182,False,False,True,True,True,,,True,False,0_1
000697,2026-01-07,L2,3,5,1.6073,0.7055,0.8028,-0.0973,2.2782,0.6,negative_to_positive,midweek_partial,True,False,-1.1173,1.359,-2.4763,0.844,shrinking,0.20857142857142832,-0.4795,False,False,False,False,True,,,,,1_0
000697,2026-01-09,L2,5,5,3.2147,1.2275,0.8028,0.4247,2.6189,1.0,negative_to_positive,completed_week,True,False,-0.3326,1.9209,-2.2535,1.0224,normal,0.18857142857142822,-0.1591,False,False,False,False,True,,,,,1_0
000697,2026-01-13,L2,2,5,-3.7904,,,,,0.4,negative_to_positive,tuesday_C,True,False,-2.4859,-1.5573,-0.9286,0.7782,shrinking,0.1764285714285712,-1.247,False,False,False,False,True,,,,,1_0
000697,2026-01-15,L2,4,5,-5.3512,,,,,0.8,none,midweek_partial,False,False,0.0,-1.6222,1.6222,0.518,shrinking,0.19214285714285698,0.0,False,False,False,False,True,,,,,0_0
000697,2026-01-19,L2,1,5,1.3986,3.8144,3.2147,0.5997,1.1398,0.2,none,monday,False,False,1.3986,1.0601,0.3385,1.0837,normal,0.19928571428571423,0.6022,False,False,True,True,True,,,True,False,0_1
000697,2026-01-21,L2,3,5,0.8159,1.1889,4.3478,-3.1589,0.6862,0.6,negative_to_positive,midweek_partial,True,False,-0.2307,-0.3448,0.1141,0.5215,shrinking,0.1949999999999999,-0.1026,False,False,False,False,True,,,,,1_0
000697,2026-01-23,L2,5,5,3.1469,4.4481,4.3478,0.1003,0.7075,1.0,negative_to_positive,completed_week,True,False,0.9122,1.3873,-0.4751,0.9552,normal,0.19285714285714256,0.4148,False,False,False,False,True,,,,,1_0
000697,2026-01-27,L2,2,5,2.8249,,,,,0.4,negative_to_positive,tuesday_A,True,False,2.4775,0.339,2.1385,1.5426,expanding,0.18999999999999975,1.1579,False,False,True,True,True,,,True,False,1_1
000697,2026-01-29,L2,4,5,0.339,0.2264,3.1469,-2.9205,1.4976,0.8,none,midweek_partial,False,False,-2.4176,0.0,-2.4176,0.9522,normal,0.20857142857142832,-1.0548,False,False,False,False,True,,,,,0_0
000697,2026-02-02,L2,1,5,-0.1147,0.1629,3.1469,-2.984,1.387,0.2,none,monday,False,False,-1.8038,-0.1126,-1.6912,1.1847,expanding,0.22428571428571406,-0.7134,False,False,False,False,True,,,,,0_0
000697,2026-02-04,L2,3,5,1.3761,2.3797,0.226,2.1537,0.5783,0.6,double_positive_efficiency_improved,midweek_partial,True,False,0.6834,0.8037,-0.1203,1.1166,expanding,0.2228571428571428,0.2692,False,False,False,False,True,,,,,1_0
000697,2026-02-06,L2,5,5,-0.2294,0.4109,0.226,0.1849,0.5581,1.0,none,completed_week,False,False,-1.0239,-0.5656,-0.4583,1.6178,expanding,0.2114285714285715,-0.4257,False,False,False,False,True,,,,,0_0
000697,2026-02-10,L2,2,5,0.6873,,,,,0.4,none,tuesday_gate_failed,,False,1.0345,0.0,1.0345,1.2916,expanding,0.2107142857142859,0.4271,False,False,False,False,True,,,,,0_0
000697,2026-02-12,L2,4,5,0.6873,0.7983,0.2294,0.5689,0.8609,0.8,negative_to_positive,midweek_partial,True,False,-0.1136,0.1138,-0.2274,1.4839,expanding,0.20928571428571466,-0.0478,False,False,False,False,True,,,,,1_0
000697,2026-02-24,L2,1,5,0.5656,,,,,0.2,negative_to_positive,tuesday_A,True,False,0.6795,0.4551,0.2244,1.4222,expanding,0.20428571428571463,0.2937,False,False,True,True,True,,,True,False,1_1
000697,2026-02-26,L2,3,5,3.0543,1.7136,1.1455,0.5681,1.7824,0.6,double_positive_efficiency_improved,midweek_partial,True,False,-0.1096,2.5872,-2.6968,0.734,shrinking,0.18285714285714327,-0.0547,False,False,False,False,True,,,,,1_0
000697,2026-03-02,L2,1,5,1.7206,4.3517,1.1455,3.2062,1.8976,0.2,double_positive_efficiency_improved,monday,True,False,5.0157,5.0494,-0.0337,0.8288,shrinking,0.16714285714285765,2.8718,False,False,False,False,False,,,,,1_0
000697,2026-03-04,L2,3,5,3.5425,1.1618,8.2579,-7.0961,3.0492,0.6,none,midweek_partial,False,False,5.0308,-3.0846,8.1154,0.6447,shrinking,0.20642857142857185,2.3737,True,False,False,False,False,False,True,,,0_0
000697,2026-03-06,L2,5,5,3.2389,1.2565,8.2579,-7.0014,2.5776,1.0,none,completed_week,False,False,-0.8746,0.5865,-1.4611,0.6449,shrinking,0.2900000000000003,-0.3103,False,False,False,False,True,,,,,0_0
000697,2026-03-10,L2,2,5,1.5873,,,,,0.4,none,tuesday_gate_failed,,False,0.1957,0.1961,-0.0004,0.8239,shrinking,0.3221428571428574,0.0621,False,False,False,False,True,,,,,0_0
000697,2026-03-12,L2,4,5,7.5397,16.9962,3.2389,13.7573,0.4436,0.8,double_positive_efficiency_improved,midweek_partial,True,False,5.0388,0.7812,4.2575,0.928,normal,0.35500000000000015,1.4648,True,False,True,False,False,True,False,True,False,1_0
000697,2026-03-16,L2,1,5,-4.2125,12.8384,3.2389,9.5995,0.5564,0.2,double_positive_efficiency_improved,monday,True,False,-3.1481,-0.369,-2.7791,0.6287,shrinking,0.3942857142857144,-0.8623,False,False,False,False,True,,,,,1_0
000697,2026-03-18,L2,3,5,-7.2344,,,,,0.6,none,midweek_partial,False,False,-0.8806,-2.2945,1.4138,1.3774,expanding,0.45071428571428573,-0.1997,False,False,False,False,True,,,,,0_0
000697,2026-03-20,L2,5,5,-10.7143,10.5073,7.1429,3.3644,1.0197,1.0,none,completed_week,False,False,0.0,-3.7512,3.7512,1.1405,expanding,0.48499999999999993,0.0,False,False,False,False,True,,,,,0_0
000697,2026-03-24,L2,2,5,-4.2797,,,,,0.4,none,tuesday_gate_failed,,False,-0.9719,-5.0256,4.0537,1.3166,expanding,0.48857142857142855,-0.1842,False,False,False,False,True,,,,,0_0
000697,2026-03-26,L2,4,5,-2.714,,,,,0.8,none,midweek_partial,False,False,-1.6878,3.3806,-5.0684,1.0019,normal,0.45357142857142857,-0.3528,False,False,False,False,True,,,,,0_0
000697,2026-03-30,L2,1,5,0.2088,1.3645,10.7143,-9.3498,0.6885,0.2,negative_to_positive,monday,True,False,-0.7239,3.7554,-4.4793,0.8449,shrinking,0.4478571428571427,-0.1563,False,False,False,False,True,,,,,1_0
000700,2026-01-05,L2,1,5,3.733,17.145,4.649,12.496,1.4925,0.2,double_positive_efficiency_improved,monday,True,False,0.4868,3.5277,-3.0409,0.7922,shrinking,0.6957142857142857,0.1006,False,False,False,False,True,,,,,1_0
000700,2026-01-07,L2,3,5,7.8966,4.3786,25.5895,-21.2109,1.8035,0.6,none,midweek_partial,False,False,0.0,4.0138,-4.0138,0.7836,shrinking,0.7678571428571429,0.0,False,False,False,False,True,,,,,0_0
000700,2026-01-09,L2,5,5,1.9383,1.2082,25.5895,-24.3813,1.6042,1.0,none,completed_week,False,False,-4.1835,-1.3972,-2.7863,1.1793,expanding,0.8842857142857145,-0.7011,False,False,False,False,True,,,,,0_0
000700,2026-01-15,L2,4,5,-3.709,,,,,0.8,none,midweek_partial,False,False,-0.369,3.4351,-3.8041,1.0784,normal,0.9592857142857145,-0.0521,False,False,False,False,True,,,,,0_0
000700,2026-01-19,L2,1,5,2.3077,2.3141,1.9383,0.3758,0.6165,0.2,double_positive_efficiency_improved,monday,True,False,2.8833,5.3333,-2.4501,1.01,normal,1.030714285714286,0.3978,False,False,False,False,True,,,,,1_0
000700,2026-01-21,L2,3,5,7.7622,8.2317,1.4265,6.8052,0.943,0.6,double_positive_efficiency_improved,midweek_partial,True,False,9.9929,-4.2379,14.2307,1.166,expanding,1.0885714285714285,1.2861,False,False,False,False,False,,,,,1_0
000700,2026-01-23,L2,5,5,5.1748,5.127,1.4265,3.7005,1.0093,1.0,double_positive_efficiency_improved,completed_week,True,False,1.416,-3.7638,5.1798,0.7991,shrinking,1.092857142857143,0.1922,True,True,False,False,True,False,True,,,1_1
000700,2026-01-27,L2,2,5,-10.8553,,,,,0.4,double_positive_efficiency_improved,tuesday_B,True,False,0.0739,-9.9734,10.0473,0.7288,shrinking,1.0292857142857144,0.0097,True,True,False,False,True,False,True,,,1_1
000700,2026-02-02,L2,1,5,7.9879,15.9842,5.1748,10.8094,0.7409,0.2,none,monday,False,False,6.9403,5.6782,1.2621,2.111,expanding,0.9778571428571429,0.9511,False,False,True,False,False,,,True,False,0_0
000700,2026-02-04,L2,3,5,11.153,7.8635,11.8421,-3.9786,1.4183,0.6,negative_to_positive,midweek_partial,True,False,-0.3378,3.2798,-3.6177,0.6319,shrinking,1.0485714285714283,-0.0477,False,False,False,False,True,,,,,1_0
000700,2026-02-06,L2,5,5,15.9005,11.0349,11.8421,-0.8072,1.4409,1.0,negative_to_positive,completed_week,True,False,4.3419,-0.0678,4.4097,1.6333,expanding,1.027142857142857,0.6231,False,False,True,False,False,,,False,True,1_0
000700,2026-02-10,L2,2,5,1.1487,,,,,0.4,negative_to_positive,tuesday_B,True,False,3.6625,-0.5852,4.2477,1.2923,expanding,1.029285714285714,0.5441,False,False,False,False,False,,,,,1_0
000700,2026-02-12,L2,4,5,-1.3401,,,,,0.8,none,midweek_partial,False,False,3.7584,-5.9937,9.7521,0.9232,normal,0.979285714285714,0.5718,True,False,False,False,False,False,True,,,0_0
000700,2026-02-24,L2,1,5,-5.4839,,,,,0.2,none,tuesday_gate_failed,,False,-4.2484,-1.0349,-3.2134,1.1437,expanding,1.014285714285714,-0.6408,False,False,False,False,True,,,,,0_0
000700,2026-02-26,L2,3,5,-4.4516,,,,,0.6,none,midweek_partial,False,False,0.0,1.0922,-1.0922,0.9456,normal,0.9514285714285712,0.0,False,False,False,False,True,,,,,0_0
000700,2026-03-02,L2,1,5,-2.0619,18.4053,2.3612,16.0441,0.5433,0.2,none,monday,False,False,-4.6595,-5.8069,1.1474,0.7817,shrinking,0.9585714285714284,-0.6781,False,False,False,False,True,,,,,0_0
000700,2026-03-06,L2,5,5,-5.4492,5.1732,10.0,-4.8268,1.0534,1.0,none,completed_week,False,False,-0.4651,2.6253,-3.0904,0.976,normal,0.897857142857143,-0.0668,False,False,False,False,True,,,,,0_0
000700,2026-03-10,L2,2,5,5.12,,,,,0.4,none,tuesday_gate_failed,,False,6.2247,-3.6604,9.8852,1.3772,expanding,0.810714285714286,0.9498,False,False,False,False,False,,,,,0_0
000701,2026-01-05,L2,1,5,-1.8127,10.0676,5.3973,4.6703,0.3921,0.2,none,monday,False,False,-1.0654,-1.4993,0.4338,1.1473,expanding,0.3392857142857144,-0.2063,False,False,False,False,True,,,,,0_0
000701,2026-01-07,L2,3,5,-0.1511,,,,,0.6,none,midweek_partial,False,False,1.0703,0.6154,0.455,1.4647,expanding,0.28285714285714303,0.2475,False,False,True,True,True,,,True,False,0_1
000701,2026-01-09,L2,5,5,-0.3021,0.1886,3.9474,-3.7588,1.6015,1.0,none,completed_week,False,False,0.4566,-0.6051,1.0618,1.0683,normal,0.25428571428571445,0.118,False,False,True,True,True,,,False,True,0_1
000701,2026-01-13,L2,2,5,3.4483,,,,,0.4,none,tuesday_gate_failed,,False,-0.5764,5.1515,-5.7279,1.0825,normal,0.24428571428571436,-0.1637,False,False,False,False,True,,,,,0_0
000701,2026-01-15,L2,4,5,0.1499,0.1075,0.3021,-0.1946,1.3944,0.8,negative_to_positive,midweek_partial,True,False,-3.1884,0.0,-3.1884,0.6764,shrinking,0.24000000000000007,-0.9167,False,False,False,False,True,,,,,1_0
000701,2026-01-19,L2,1,5,1.7002,2.7529,0.3021,2.4508,1.3071,0.2,none,monday,False,False,2.3328,-3.7425,6.0753,0.6884,shrinking,0.23857142857142868,0.6287,True,True,False,False,True,False,True,,,0_1
000701,2026-01-21,L2,3,5,0.1546,0.3343,3.5982,-3.2639,0.4623,0.6,negative_to_positive,midweek_partial,True,False,0.3096,-1.8237,2.1333,0.7586,shrinking,0.23642857142857152,0.0846,True,True,False,False,True,False,True,,,1_1
000701,2026-01-23,L2,5,5,6.3369,12.7655,3.5982,9.1673,0.4964,1.0,negative_to_positive,completed_week,True,False,4.0847,2.0062,2.0785,1.7337,expanding,0.2278571428571429,1.185,False,False,True,False,False,,,True,False,1_0
000701,2026-01-27,L2,2,5,-7.5253,,,,,0.4,negative_to_positive,tuesday_B,True,False,0.1567,-7.2674,7.4242,0.4554,shrinking,0.23142857142857137,0.0432,True,True,False,False,True,False,True,,,1_1
000701,2026-01-29,L2,4,5,-8.9725,,,,,0.8,none,midweek_partial,False,False,-2.0249,0.4695,-2.4944,1.0596,normal,0.26785714285714285,-0.4853,False,False,False,False,True,,,,,0_0
000701,2026-02-02,L2,1,5,-0.4854,6.809,6.3369,0.4721,1.4453,0.2,none,monday,False,False,-1.2841,-0.9539,-0.3302,0.8513,shrinking,0.2764285714285716,-0.2894,False,False,False,False,True,,,,,0_0
000701,2026-02-04,L2,3,5,2.1036,4.6504,9.8408,-5.1904,0.4523,0.6,negative_to_positive,midweek_partial,True,False,0.638,1.9512,-1.3133,0.8997,shrinking,0.2514285714285715,0.1591,False,False,False,False,True,,,,,1_0
000701,2026-02-06,L2,5,5,1.6181,3.4227,9.8408,-6.4181,0.4728,1.0,negative_to_positive,completed_week,True,False,-0.7899,0.317,-1.1068,0.982,normal,0.22642857142857142,-0.2208,False,False,False,False,True,,,,,1_0
000701,2026-02-10,L2,2,5,0.4732,,,,,0.4,negative_to_positive,tuesday_A,True,False,-0.1567,1.5924,-1.7491,0.8449,shrinking,0.20785714285714288,-0.0481,False,False,False,False,True,,,,,1_0
000701,2026-02-12,L2,4,5,-2.2082,,,,,0.8,none,midweek_partial,False,False,-1.5873,-1.0989,-0.4884,1.1754,expanding,0.20071428571428568,-0.4982,False,False,False,False,True,,,,,0_0
000701,2026-02-24,L2,1,5,0.1595,,,,,0.2,none,tuesday_gate_failed,,False,0.9646,0.3226,0.642,1.0865,normal,0.18500000000000005,0.3243,False,False,True,True,True,,,True,False,0_1
000701,2026-02-26,L2,3,5,-1.4354,,,,,0.6,none,midweek_partial,False,False,-2.9827,1.4331,-4.4159,1.4173,expanding,0.1371428571428572,-1.3854,False,False,False,False,True,,,,,0_0
000701,2026-03-02,L2,1,5,-1.1309,0.2961,1.8927,-1.5966,1.0773,0.2,negative_to_positive,monday,True,False,-2.7027,1.7799,-4.4826,1.2074,expanding,0.13642857142857143,-1.2461,False,False,False,False,True,,,,,1_0
000701,2026-03-04,L2,3,5,-4.2003,,,,,0.6,none,midweek_partial,False,False,-0.5034,-2.6144,2.111,0.7114,shrinking,0.14214285714285715,-0.2111,False,False,False,False,True,,,,,0_0
000701,2026-03-06,L2,5,5,2.4233,1.6624,0.319,1.3434,1.4577,1.0,double_positive_efficiency_improved,completed_week,True,False,2.589,4.2159,-1.6269,1.2333,expanding,0.15357142857142866,1.0419,False,False,False,False,True,,,,,1_0
000701,2026-03-10,L2,2,5,-0.3195,,,,,0.4,double_positive_efficiency_improved,tuesday_B,True,False,1.2987,-2.8391,4.1378,0.5247,shrinking,0.17357142857142868,0.4609,True,True,False,False,True,False,True,,,1_1
000701,2026-03-12,L2,4,5,-2.8754,,,,,0.8,none,midweek_partial,False,False,-1.7771,-0.8013,-0.9758,0.8919,shrinking,0.18285714285714302,-0.6016,False,False,False,False,True,,,,,0_0
000701,2026-03-16,L2,1,5,1.3267,5.02,2.4233,2.5967,0.7637,0.2,none,monday,False,False,1.495,-0.9868,2.4819,0.952,normal,0.19071428571428578,0.4719,True,True,False,False,True,False,True,,,0_1
000701,2026-03-18,L2,3,5,0.4975,0.6101,3.8339,-3.2238,0.8155,0.6,negative_to_positive,midweek_partial,True,False,0.4975,-1.3093,1.8068,0.6974,shrinking,0.19285714285714292,0.1556,True,True,False,False,True,False,True,,,1_1
000701,2026-03-30,L2,1,5,4.0351,3.323,5.4726,-2.1496,1.1822,0.2,negative_to_positive,monday,True,False,1.89,2.4648,-0.5748,1.308,expanding,0.20500000000000002,0.5366,False,False,False,False,True,,,,,1_0
000703,2026-01-05,L2,1,5,-3.4355,14.5516,17.5355,-2.9839,0.6342,0.2,none,monday,False,False,-3.4355,-1.9126,-1.5229,1.6502,expanding,0.5364285714285716,-0.6897,False,False,False,False,True,,,,,0_0
000703,2026-01-07,L2,3,5,-0.3714,,,,,0.6,none,midweek_partial,False,False,-0.186,3.3654,-3.5514,0.713,shrinking,0.582857142857143,-0.0343,False,False,False,False,True,,,,,0_0
000703,2026-01-09,L2,5,5,-2.5998,1.8527,9.2292,-7.3765,1.4033,1.0,none,completed_week,False,False,-1.4098,-0.8388,-0.571,1.4533,expanding,0.5864285714285714,-0.2558,False,False,False,False,True,,,,,0_0
000703,2026-01-13,L2,2,5,-2.0913,,,,,0.4,none,tuesday_gate_failed,,False,0.2921,-2.0972,2.3893,0.8199,shrinking,0.5928571428571426,0.0506,True,True,False,False,True,False,True,,,0_1
000703,2026-01-15,L2,4,5,1.4259,1.605,2.5998,-0.9948,0.8884,0.8,negative_to_positive,midweek_partial,True,False,-1.9301,5.6311,-7.5612,0.5144,shrinking,0.5642857142857142,-0.3722,False,False,False,False,True,,,,,1_0
000703,2026-01-19,L2,1,5,6.6346,0.7106,2.5998,-1.8892,0.8027,0.2,none,monday,False,False,6.0229,-1.9681,7.9911,1.9746,expanding,0.5657142857142857,1.1136,False,False,False,False,False,,,,,0_0
000703,2026-01-21,L2,3,5,9.5192,7.6518,0.5703,7.0815,1.244,0.6,negative_to_positive,midweek_partial,True,False,-2.3993,5.2299,-7.6293,0.6583,shrinking,0.5714285714285713,-0.49,False,False,False,False,True,,,,,1_0
000703,2026-01-23,L2,5,5,12.5,11.4483,0.5703,10.878,1.0919,1.0,negative_to_positive,completed_week,True,False,2.0052,0.7024,1.3029,1.3043,expanding,0.5685714285714285,0.4045,False,False,True,True,True,,,True,False,1_1
000703,2026-01-27,L2,2,5,0.7765,,,,,0.4,negative_to_positive,tuesday_B,True,False,0.8636,-1.0256,1.8892,0.9779,normal,0.5514285714285715,0.1813,True,True,False,False,True,False,True,,,1_1
000703,2026-01-29,L2,4,5,5.0906,5.6879,12.5,-6.8121,0.895,0.8,none,midweek_partial,False,False,1.9247,2.3116,-0.387,0.7851,shrinking,0.5700000000000002,0.4035,False,False,False,False,True,,,,,0_0
000703,2026-02-04,L2,3,5,-0.5882,,,,,0.6,none,midweek_partial,False,False,2.3356,4.2381,-1.9024,0.8674,shrinking,0.7171428571428573,0.3765,False,False,False,False,True,,,,,0_0
000703,2026-02-06,L2,5,5,5.7143,5.9594,4.2278,1.7316,0.9589,1.0,double_positive_efficiency_improved,completed_week,True,False,5.0083,1.268,3.7404,1.3347,expanding,0.6964285714285717,0.8615,False,False,True,False,False,,,True,False,1_0
000703,2026-02-10,L2,2,5,5.1262,,,,,0.4,double_positive_efficiency_improved,tuesday_A,True,False,2.7756,3.1002,-0.3245,1.1194,expanding,0.7378571428571431,0.4879,False,False,False,False,True,,,,,1_0
000703,2026-02-12,L2,4,5,4.1009,4.4859,5.7143,-1.2284,0.9142,0.8,none,midweek_partial,False,False,-0.7519,-0.2251,-0.5268,0.4786,shrinking,0.7400000000000002,-0.1351,False,False,False,False,True,,,,,0_0
000703,2026-02-24,L2,1,5,-1.8519,,,,,0.2,none,tuesday_gate_failed,,False,-0.157,-3.4848,3.3279,1.0488,normal,0.7442857142857144,-0.0269,False,False,False,False,True,,,,,0_0
000703,2026-02-26,L2,3,5,-3.4722,,,,,0.6,none,midweek_partial,False,False,-0.9501,-0.7075,-0.2426,0.6729,shrinking,0.702857142857143,-0.1707,False,False,False,False,True,,,,,0_0
000703,2026-03-02,L2,1,5,0.6093,1.1959,0.4732,0.7227,0.7743,0.2,none,monday,False,False,2.8816,2.6379,0.2437,1.6245,expanding,0.6664285714285716,0.5552,False,False,True,True,True,,,True,False,0_1
000703,2026-03-04,L2,3,5,-9.3679,,,,,0.6,none,midweek_partial,False,False,-6.2254,-3.9364,-2.289,1.2283,expanding,0.6164285714285717,-1.2816,False,False,False,False,True,,,,,0_0
000703,2026-03-06,L2,5,5,-1.3709,0.5292,0.9259,-0.3967,2.5904,1.0,none,completed_week,False,True,-1.0695,10.0,-11.0695,0.9018,normal,0.6942857142857143,-0.2016,False,False,False,False,True,,,,,0_0
000703,2026-03-10,L2,2,5,-12.5,,,,,0.4,none,tuesday_gate_failed,,False,-5.3302,-2.9344,-2.3958,0.492,shrinking,0.7378571428571428,-0.908,False,False,False,False,True,,,,,0_0
000703,2026-03-12,L2,4,5,-8.2353,,,,,0.8,none,midweek_partial,False,False,-2.728,7.8151,-10.5431,0.6906,shrinking,0.8385714285714284,-0.4174,False,False,False,False,True,,,,,0_0
000703,2026-03-16,L2,1,5,-5.2426,6.0438,1.3709,4.6729,0.9733,0.2,none,monday,False,False,-5.3906,2.5641,-7.9547,0.8046,shrinking,0.9164285714285713,-0.7529,False,False,False,False,True,,,,,0_0
000703,2026-03-24,L2,2,5,13.6704,,,,,0.4,none,tuesday_gate_failed,,False,2.5338,10.0372,-7.5034,1.0064,normal,1.0121428571428566,0.2964,False,False,False,False,True,,,,,0_0
000703,2026-03-26,L2,4,5,17.8839,18.0906,15.8059,2.2847,0.9886,0.8,negative_to_positive,midweek_partial,True,False,-1.6406,5.4366,-7.0772,0.5537,shrinking,0.9921428571428567,-0.2117,False,False,False,False,True,,,,,1_0
000703,2026-03-30,L2,1,5,-2.5257,18.4047,15.8059,2.5988,0.8903,0.2,negative_to_positive,monday,True,False,-0.6436,-1.2708,0.6272,1.9043,expanding,0.9321428571428569,-0.0858,False,False,False,False,True,,,,,1_0
000705,2026-01-05,L2,1,5,1.4365,2.6008,3.7539,-1.1531,0.668,0.2,none,monday,False,False,1.4365,0.0,1.4365,1.1631,expanding,0.21499999999999986,0.6047,False,False,False,False,True,,,,,0_0
000705,2026-01-07,L2,3,5,0.3315,0.1778,1.7372,-1.5594,1.8649,0.6,negative_to_positive,midweek_partial,True,False,-0.8734,-0.2179,-0.6555,0.9868,normal,0.18714285714285708,-0.4275,False,False,False,False,True,,,,,1_0
000705,2026-01-09,L2,5,5,2.0994,1.1217,1.7372,-0.6155,1.8717,1.0,negative_to_positive,completed_week,True,False,0.5441,1.2115,-0.6674,1.0815,normal,0.17785714285714274,0.2811,False,False,False,False,True,,,,,1_0
000705,2026-01-13,L2,2,5,0.9698,,,,,0.4,negative_to_positive,tuesday_A,True,False,0.2139,1.1905,-0.9766,1.221,expanding,0.1521428571428572,0.1315,False,False,False,False,True,,,,,1_0
000705,2026-01-15,L2,4,5,0.6466,0.4866,2.0994,-1.6128,1.3287,0.8,none,midweek_partial,False,False,-1.3728,1.0672,-2.44,0.592,shrinking,0.14285714285714274,-0.91,False,False,False,False,True,,,,,0_0
000705,2026-01-19,L2,1,5,2.063,0.3447,2.0994,-1.7547,1.2504,0.2,none,monday,False,False,1.7316,-1.0707,2.8023,0.8474,shrinking,0.15285714285714277,1.0467,True,True,False,False,True,False,True,,,0_1
000705,2026-01-21,L2,3,5,2.6059,4.1756,0.431,3.7446,0.6241,0.6,negative_to_positive,midweek_partial,True,False,0.2121,0.3191,-0.1071,0.8714,shrinking,0.1607142857142856,0.1244,False,False,False,False,True,,,,,1_0
000705,2026-01-23,L2,5,5,5.1031,7.1658,0.431,6.7348,0.7122,1.0,negative_to_positive,completed_week,True,False,1.1494,1.2698,-0.1204,1.1844,expanding,0.155,0.7097,False,False,False,False,True,,,,,1_0
000705,2026-01-27,L2,2,5,-0.7231,,,,,0.4,negative_to_positive,tuesday_A,True,False,-1.8386,1.1364,-2.975,0.864,shrinking,0.1592857142857142,-1.13,False,False,False,False,True,,,,,1_0
000705,2026-01-29,L2,4,5,-2.5826,,,,,0.8,none,midweek_partial,False,False,-0.5274,-1.3528,0.8253,1.0623,normal,0.1850000000000001,-0.2703,False,False,False,False,True,,,,,0_0
000705,2026-02-02,L2,1,5,-1.0593,2.0323,5.1031,-3.0708,1.2199,0.2,none,monday,False,False,-1.0593,0.106,-1.1654,0.8006,shrinking,0.19142857142857153,-0.5224,False,False,False,False,True,,,,,0_0
000705,2026-02-04,L2,3,5,1.1653,1.7034,2.4793,-0.7759,0.6841,0.6,negative_to_positive,midweek_partial,True,False,1.38,0.8565,0.5235,1.3927,expanding,0.2035714285714288,0.6386,False,False,False,False,True,,,,,1_0
000705,2026-02-06,L2,5,5,0.7415,1.0156,2.4793,-1.4637,0.7302,1.0,negative_to_positive,completed_week,True,False,0.2107,-0.6283,0.839,1.522,expanding,0.19142857142857153,0.1045,False,False,False,False,True,,,,,1_0
000705,2026-02-10,L2,2,5,0.6257,,,,,0.4,negative_to_positive,tuesday_A,True,False,0.4162,1.0515,-0.6353,1.1519,expanding,0.19000000000000014,0.2105,False,False,False,False,True,,,,,1_0
000705,2026-02-12,L2,4,5,-1.877,,,,,0.8,none,midweek_partial,False,False,-2.0812,-0.4145,-1.6667,1.4956,expanding,0.19285714285714292,-1.037,False,False,False,False,True,,,,,0_0
000705,2026-02-24,L2,1,5,0.533,,,,,0.2,none,tuesday_gate_failed,,False,1.1803,-0.9564,2.1367,1.1966,expanding,0.19071428571428584,0.5768,False,False,False,False,True,,,,,0_0
000705,2026-02-26,L2,3,5,-0.1066,,,,,0.6,none,midweek_partial,False,False,-0.8466,0.2121,-1.0586,0.9688,normal,0.16928571428571434,-0.4726,False,False,False,False,True,,,,,0_0
000705,2026-03-06,L2,5,5,-1.2903,0.6704,0.0,0.6704,1.9246,1.0,none,completed_week,False,False,2.4554,1.2429,1.2124,0.9115,normal,0.1714285714285717,1.2833,True,True,True,True,True,True,False,True,False,0_1
000705,2026-03-10,L2,2,5,0.547,,,,,0.4,none,tuesday_gate_failed,,False,1.2115,-1.0893,2.3008,0.6674,shrinking,0.18071428571428605,0.6087,True,True,False,False,True,False,True,,,0_1
000705,2026-03-16,L2,1,5,0.4381,0.5029,1.2903,-0.7874,0.6527,0.2,negative_to_positive,monday,True,False,0.0,1.1025,-1.1025,0.6185,shrinking,0.1728571428571431,0.0,False,False,False,False,True,,,,,1_0
000705,2026-03-18,L2,3,5,0.4381,0.5019,0.3282,0.1737,0.8728,0.6,double_positive_efficiency_improved,midweek_partial,True,False,1.1025,-1.0905,2.193,1.1134,expanding,0.17714285714285744,0.5645,False,False,False,False,True,,,,,1_0
000708,2026-01-05,L2,1,5,-3.3033,3.0558,1.3898,1.666,0.6733,0.2,double_positive_efficiency_improved,monday,True,False,-1.6494,1.2995,-2.9489,1.9816,expanding,0.3464285714285718,-0.7794,False,False,False,False,True,,,,,1_0
000708,2026-01-07,L2,3,5,-4.8048,,,,,0.6,none,midweek_partial,False,False,0.1263,-1.677,1.8034,0.6506,shrinking,0.3664285714285716,0.0546,True,True,False,False,True,False,True,,,0_1
000708,2026-01-09,L2,5,5,-4.5646,1.7198,2.0574,-0.3376,2.6541,1.0,none,completed_week,False,False,0.126,0.1262,-0.0002,1.3552,expanding,0.3614285714285716,0.0553,False,False,False,False,True,,,,,0_0
000708,2026-01-13,L2,2,5,-1.1285,,,,,0.4,none,tuesday_gate_failed,,False,-0.3161,-0.4405,0.1245,1.0524,normal,0.35428571428571437,-0.1411,False,False,False,False,True,,,,,0_0
000708,2026-01-15,L2,4,5,-1.6301,,,,,0.8,none,midweek_partial,False,False,-0.0637,-0.4439,0.3802,0.866,shrinking,0.35857142857142854,-0.0279,False,False,False,False,True,,,,,0_0
000708,2026-01-19,L2,1,5,1.2117,2.1972,4.5646,-2.3674,0.8275,0.2,none,monday,False,False,1.341,-0.1912,1.5322,1.0595,normal,0.3614285714285713,0.581,False,False,False,False,True,,,,,0_0
000708,2026-01-21,L2,3,5,1.6582,1.6187,1.8182,-0.1995,1.0244,0.6,negative_to_positive,midweek_partial,True,False,-1.4224,1.8904,-3.3127,0.8875,shrinking,0.35357142857142837,-0.6505,False,False,False,False,True,,,,,1_0
000708,2026-01-23,L2,5,5,2.6148,2.5575,1.8182,0.7393,1.0224,1.0,negative_to_positive,completed_week,True,False,-0.1241,1.0665,-1.1906,0.982,normal,0.3628571428571427,-0.0551,False,False,False,False,True,,,,,1_0
000708,2026-01-27,L2,2,5,-3.0979,,,,,0.4,negative_to_positive,tuesday_C,True,False,-2.1277,-0.6837,-1.444,0.9566,normal,0.34357142857142847,-0.9896,False,False,False,False,True,,,,,1_0
000708,2026-01-29,L2,4,5,-1.487,,,,,0.8,none,midweek_partial,False,False,1.4678,0.1918,1.276,1.1529,expanding,0.3542857142857141,0.6492,False,False,True,True,True,,,True,False,0_1
000708,2026-02-04,L2,3,5,-4.1538,,,,,0.6,none,midweek_partial,False,False,2.9294,1.6238,1.3056,0.6466,shrinking,0.49214285714285716,0.894,True,True,True,True,True,True,False,True,False,0_1
000708,2026-02-06,L2,5,5,-6.1376,6.1707,1.7348,4.4359,0.9946,1.0,none,completed_week,False,False,-1.0458,-1.0349,-0.0108,0.6724,shrinking,0.5064285714285716,-0.3159,False,False,False,False,True,,,,,0_0
000708,2026-02-10,L2,2,5,3.3377,,,,,0.4,none,tuesday_gate_failed,,False,1.6088,2.642,-1.0333,0.898,shrinking,0.5207142857142859,0.4801,False,False,False,False,True,,,,,0_0
000708,2026-02-12,L2,4,5,4.0576,7.8078,6.1376,1.6702,0.5197,0.8,negative_to_positive,midweek_partial,True,False,-1.1194,1.8366,-2.956,0.8159,shrinking,0.5250000000000001,-0.3429,False,False,False,False,True,,,,,1_0
000708,2026-02-24,L2,1,5,2.381,,,,,0.2,negative_to_positive,tuesday_A,True,False,2.7778,-2.6415,5.4193,1.1467,expanding,0.5314285714285715,0.8091,False,False,False,False,True,,,,,1_0
000708,2026-02-26,L2,3,5,11.5187,6.4991,1.3089,5.1902,1.7724,0.6,double_positive_efficiency_improved,midweek_partial,True,False,5.4778,3.2684,2.2094,1.8991,expanding,0.5385714285714289,1.6711,False,False,True,False,False,,,True,False,1_0
000708,2026-03-02,L2,1,5,-0.6162,9.7642,1.3089,8.4553,1.641,0.2,double_positive_efficiency_improved,monday,True,False,-1.6084,4.0392,-5.6477,0.8871,shrinking,0.6142857142857147,-0.4721,False,False,False,False,True,,,,,1_0
000708,2026-03-04,L2,3,5,-2.1849,,,,,0.6,none,midweek_partial,False,False,-1.4673,-0.1127,-1.3545,0.8673,shrinking,0.5807142857142857,-0.4477,False,False,False,False,True,,,,,0_0
000708,2026-03-06,L2,5,5,-1.1204,0.9923,16.0232,-15.0309,1.1291,1.0,none,completed_week,False,False,0.2841,0.8018,-0.5177,0.7992,shrinking,0.6114285714285713,0.0818,False,False,False,False,True,,,,,0_0
000708,2026-03-10,L2,2,5,-0.5143,,,,,0.4,none,tuesday_gate_failed,,False,-0.0574,-1.3031,1.2457,0.7454,shrinking,0.6214285714285713,-0.0161,False,False,False,False,True,,,,,0_0
000708,2026-03-12,L2,4,5,0.2286,0.3647,1.1204,-0.7557,0.6268,0.8,negative_to_positive,midweek_partial,True,False,-0.057,0.8041,-0.8611,1.1041,expanding,0.6307142857142859,-0.0159,False,False,False,False,True,,,,,1_0
000708,2026-03-18,L2,3,5,-4.0276,,,,,0.6,none,midweek_partial,False,False,0.9685,1.3497,-0.3812,0.5793,shrinking,0.6785714285714287,0.2358,False,False,False,False,True,,,,,0_0
000708,2026-03-30,L2,1,5,1.1578,6.8085,8.458,-1.6495,0.6736,0.2,negative_to_positive,monday,True,False,1.0962,0.6744,0.4218,1.4235,expanding,0.5235714285714284,0.3438,False,False,True,True,True,,,True,False,1_1
000709,2026-01-05,L2,1,5,0.431,3.2474,0.8547,2.3927,0.6524,0.2,none,monday,False,False,0.8658,-0.8584,1.7242,1.0314,normal,0.04571428571428563,0.4375,False,False,False,False,True,,,,,0_0
000709,2026-01-07,L2,3,5,3.0172,1.3256,2.1186,-0.793,2.2761,0.6,negative_to_positive,midweek_partial,True,False,-0.8299,3.4335,-4.2634,0.675,shrinking,0.045714285714285596,-0.4375,False,False,False,False,True,,,,,1_0
000709,2026-01-09,L2,5,5,3.0172,1.3021,2.1186,-0.8165,2.3172,1.0,negative_to_positive,completed_week,True,False,0.0,0.0,0.0,1.3664,expanding,0.04857142857142845,0.0,False,False,False,False,True,,,,,1_0
000709,2026-01-13,L2,2,5,0.8333,,,,,0.4,negative_to_positive,tuesday_A,True,False,0.4149,0.8368,-0.4219,1.3421,expanding,0.051428571428571344,0.1944,False,False,False,False,True,,,,,1_0
000709,2026-01-15,L2,4,5,-0.8333,,,,,0.8,none,midweek_partial,False,False,-0.8333,-0.8264,-0.0069,0.6895,shrinking,0.051428571428571344,-0.3889,False,False,False,False,True,,,,,0_0
000709,2026-01-19,L2,1,5,1.7094,2.4278,3.0172,-0.5894,1.0297,0.2,none,monday,False,False,1.7094,-1.6807,3.3901,0.9391,normal,0.054285714285714236,0.7368,True,True,False,False,True,False,True,,,0_1
000709,2026-01-21,L2,3,5,4.7009,5.4366,2.5,2.9366,0.8647,0.6,negative_to_positive,midweek_partial,True,False,1.2397,1.6807,-0.441,0.8764,shrinking,0.05857142857142853,0.5122,False,False,False,False,True,,,,,1_0
000709,2026-01-23,L2,5,5,8.9744,9.6868,2.5,7.1868,0.9265,1.0,negative_to_positive,completed_week,True,False,1.5936,2.449,-0.8554,0.7985,shrinking,0.060714285714285686,0.6588,False,False,False,False,True,,,,,1_0
000709,2026-01-27,L2,2,5,-1.1811,,,,,0.4,negative_to_positive,tuesday_A,True,False,-2.3346,0.7843,-3.1189,0.9582,normal,0.06642857142857148,-0.9032,False,False,False,False,True,,,,,1_0
000709,2026-01-29,L2,4,5,1.9685,1.3808,8.9744,-7.5936,1.4256,0.8,none,midweek_partial,False,False,0.3876,2.7888,-2.4012,1.022,normal,0.06571428571428574,0.1522,False,False,False,False,True,,,,,0_0
000709,2026-02-02,L2,1,5,-6.0,0.8182,8.9744,-8.1562,1.4435,0.2,none,monday,False,False,-6.3745,-3.0888,-3.2857,1.1892,expanding,0.07071428571428566,-2.2626,False,False,False,False,True,,,,,0_0
000709,2026-02-04,L2,3,5,1.2,1.1167,1.1811,-0.0644,1.0746,0.6,negative_to_positive,midweek_partial,True,False,4.1152,3.4043,0.711,1.1262,expanding,0.08428571428571427,1.1864,False,False,True,False,False,,,True,False,1_0
000709,2026-02-06,L2,5,5,-1.2,1.2534,1.1811,0.0723,0.9574,1.0,none,completed_week,False,False,-0.8032,-1.581,0.7778,0.8564,shrinking,0.08999999999999998,-0.2222,False,False,False,False,True,,,,,0_0
000709,2026-02-10,L2,2,5,-1.6,,,,,0.4,none,tuesday_gate_failed,,False,-0.8065,0.4049,-1.2113,0.7138,shrinking,0.09071428571428572,-0.2205,False,False,False,False,True,,,,,0_0
000709,2026-02-12,L2,4,5,-0.4,,,,,0.8,none,midweek_partial,False,False,-0.7968,2.0325,-2.8293,0.8869,shrinking,0.09071428571428572,-0.2205,False,False,False,False,True,,,,,0_0
000709,2026-02-24,L2,1,5,2.4793,,,,,0.2,none,tuesday_gate_failed,,False,3.7657,-4.0161,7.7818,0.9176,normal,0.09071428571428572,0.9921,True,False,False,False,False,False,True,,,0_0
000709,2026-02-26,L2,3,5,8.2645,5.0697,4.4,0.6697,1.6302,0.6,negative_to_positive,midweek_partial,True,False,1.1583,4.4355,-3.2772,0.663,shrinking,0.09571428571428577,0.3134,False,False,False,False,True,,,,,1_0
000709,2026-03-02,L2,1,5,1.8868,8.3717,4.4,3.9717,1.234,0.2,negative_to_positive,monday,True,False,1.1236,1.9084,-0.7848,1.3376,expanding,0.09785714285714293,0.3066,False,False,False,False,True,,,,,1_0
000709,2026-03-04,L2,3,5,-3.3962,,,,,0.6,none,midweek_partial,False,False,-1.9157,-3.3333,1.4176,0.8646,shrinking,0.09071428571428582,-0.5512,False,False,False,False,True,,,,,0_0
000709,2026-03-06,L2,5,5,-2.6415,2.5635,10.3306,-7.7671,1.0304,1.0,none,completed_week,False,False,0.7812,0.0,0.7812,0.834,shrinking,0.09142857142857154,0.2187,True,True,False,False,True,False,True,,,0_1
000709,2026-03-10,L2,2,5,-1.5625,,,,,0.4,none,tuesday_gate_failed,,False,-1.1765,-1.1628,-0.0137,1.1887,expanding,0.0921428571428572,-0.3256,False,False,False,False,True,,,,,0_0
000709,2026-03-12,L2,4,5,1.9531,1.8425,2.6415,-0.799,1.06,0.8,negative_to_positive,midweek_partial,True,False,2.7559,0.7937,1.9623,1.3446,expanding,0.0942857142857143,0.7424,False,False,True,True,True,,,True,False,1_1
000709,2026-03-16,L2,1,5,-3.8023,2.8873,2.6415,0.2458,1.0823,0.2,negative_to_positive,monday,True,False,-4.1667,1.1494,-5.3161,1.3154,expanding,0.095,-1.1579,False,False,False,False,True,,,,,1_0
000709,2026-03-18,L2,3,5,-4.943,,,,,0.6,none,midweek_partial,False,False,-1.9608,0.7905,-2.7513,0.8459,shrinking,0.095,-0.5263,False,False,False,False,True,,,,,0_0
000711,2026-01-29,L2,4,5,15.5556,3.3595,2.9762,0.3833,4.6304,0.8,double_positive_efficiency_improved,midweek_partial,True,False,5.0505,4.7619,0.2886,0.3815,shrinking,0.03785714285714286,2.6415,True,False,True,False,False,True,False,True,False,1_0
000711,2026-02-02,L2,1,5,4.2056,3.1654,2.9762,0.1892,5.6163,0.2,double_positive_efficiency_improved,monday,True,False,5.1887,1.9231,3.2656,0.2359,shrinking,0.052142857142857144,2.1096,True,False,False,False,False,True,False,,,1_0
000711,2026-02-04,L2,3,5,14.9533,25.0205,17.7778,7.2427,0.5976,0.6,double_positive_efficiency_improved,midweek_partial,True,False,5.1282,4.9327,0.1955,1.6996,expanding,0.06928571428571428,1.732,False,False,False,False,False,,,,,1_0
000711,2026-02-06,L2,5,5,26.6355,62.9595,17.7778,45.1817,0.4231,1.0,double_positive_efficiency_improved,completed_week,True,False,5.0388,4.878,0.1607,0.1192,shrinking,0.08214285714285714,1.5826,True,False,True,False,False,True,False,True,False,1_0
000711,2026-02-10,L2,2,5,-4.9123,,,,,0.4,double_positive_efficiency_improved,tuesday_C_failed_volume,False,False,-4.9123,5.1661,-10.0783,117.0357,expanding,0.09714285714285713,-1.4412,False,False,False,False,True,,,,,0_0
000711,2026-02-12,L2,4,5,4.9123,1.9224,26.6355,-24.7131,2.5553,0.8,none,midweek_partial,False,False,4.9123,5.1661,-0.2538,0.1879,shrinking,0.12428571428571432,1.1264,False,False,False,False,False,,,,,0_0
000711,2026-02-24,L2,1,5,0.0,,,,,0.2,none,tuesday_gate_failed,,False,5.0955,5.0167,0.0788,0.0611,shrinking,0.14857142857142863,1.0769,True,False,False,False,False,True,False,,,0_0
000711,2026-02-26,L2,3,5,10.303,43.9949,10.1754,33.8195,0.2342,0.6,double_positive_efficiency_improved,midweek_partial,True,False,4.8991,5.1515,-0.2524,25.3603,expanding,0.1600000000000001,1.0625,False,False,False,False,False,,,,,1_0
000711,2026-03-04,L2,1,5,5.8172,,,,,0.2,unknown,midweek_partial,,False,4.9451,4.8991,0.0459,0.5307,shrinking,0.16214285714285723,1.1101,True,False,False,False,False,True,False,,,0_0
000711,2026-03-06,L2,3,5,15.2355,4.3723,10.303,-5.9307,3.4846,0.6,none,completed_week,False,False,3.7406,4.9738,-1.2332,93.4928,expanding,0.1714285714285715,0.875,False,False,False,False,False,,,,,0_0
000711,2026-03-10,L2,2,5,2.4272,,,,,0.4,none,tuesday_gate_failed,,False,4.9751,-3.3654,8.3405,0.2363,shrinking,0.18500000000000005,1.0811,True,False,False,False,False,False,True,,,0_0
000711,2026-03-12,L2,4,5,12.8641,17.8774,15.2355,2.6419,0.7196,0.8,double_positive_efficiency_improved,midweek_partial,True,False,4.9661,4.9763,-0.0102,2.7767,expanding,0.20928571428571427,1.0512,False,False,False,False,False,,,,,1_0
000711,2026-03-20,L2,1,5,-0.2049,0.2182,12.8641,-12.6459,0.9393,0.2,none,completed_week,False,False,4.7312,4.9661,-0.235,36.3097,expanding,0.215,1.0233,False,False,False,False,False,,,,,0_0
000711,2026-03-24,L2,2,5,-3.8877,,,,,0.4,none,tuesday_gate_failed,,True,-3.8877,-4.9281,1.0404,1.5859,expanding,0.21714285714285708,-0.8289,False,False,False,False,True,,,,,0_0
000711,2026-03-26,L2,4,5,-13.1749,,,,,0.8,none,midweek_partial,False,True,-4.9645,-4.9438,-0.0207,0.0977,shrinking,0.24142857142857135,-0.8698,False,False,False,False,True,,,,,0_0
000711,2026-03-30,L2,1,5,-0.2558,3.2495,0.2049,3.0446,3.4562,0.2,none,monday,False,False,-5.1095,2.2388,-7.3483,0.5012,shrinking,0.2464285714285713,-0.8522,False,False,False,False,True,,,,,0_0
000713,2026-03-02,L2,1,5,1.7266,1.9566,1.4577,0.4989,1.6535,0.2,negative_to_positive,monday,True,False,0.7123,1.0072,-0.2949,1.8004,expanding,0.17071428571428562,0.2929,False,False,False,False,True,,,,,1_0
000713,2026-03-04,L2,3,5,5.6115,1.8837,3.2353,-1.3516,2.9789,0.6,none,midweek_partial,False,False,3.2349,0.5658,2.6691,1.5457,expanding,0.1142857142857142,2.0125,False,False,False,False,True,,,,,0_0
000713,2026-03-06,L2,5,5,3.741,1.2327,3.2353,-2.0026,3.0349,1.0,none,completed_week,False,False,3.1474,-4.7684,7.9157,0.8097,shrinking,0.12714285714285709,1.7303,True,True,False,False,True,False,True,,,0_1
000713,2026-03-10,L2,2,5,-1.9204,,,,,0.4,none,tuesday_gate_failed,,False,-0.5563,-0.2774,-0.2789,0.6194,shrinking,0.1592857142857142,-0.2511,False,False,False,False,True,,,,,0_0
000713,2026-03-12,L2,4,5,-1.7833,,,,,0.8,none,midweek_partial,False,False,-0.5556,0.6993,-1.2549,0.9158,normal,0.18499999999999991,-0.2162,False,False,False,False,True,,,,,0_0
000713,2026-03-16,L2,1,5,1.8131,3.7232,3.741,-0.0178,0.5526,0.2,none,monday,False,False,2.2409,-0.2793,2.5202,1.5239,expanding,0.1978571428571429,0.8087,False,False,False,False,True,,,,,0_0
000715,2026-01-05,L2,1,5,-1.5898,14.3426,0.4511,13.8915,0.4558,0.2,none,monday,False,False,-1.5898,-2.1773,0.5875,1.0362,normal,0.35357142857142865,-0.2828,False,False,False,False,True,,,,,0_0
000715,2026-01-07,L2,3,5,-1.9078,,,,,0.6,none,midweek_partial,False,False,-1.28,0.9693,-2.2493,0.953,normal,0.3392857142857144,-0.2358,False,False,False,False,True,,,,,0_0
000715,2026-01-09,L2,5,5,1.5898,1.1036,6.5379,-5.4343,1.4406,1.0,negative_to_positive,completed_week,True,False,3.7338,-0.1621,3.8958,1.6187,expanding,0.322857142857143,0.7124,False,False,False,False,False,,,,,1_0
000715,2026-01-13,L2,2,5,0.0,,,,,0.4,negative_to_positive,tuesday_A,True,False,-1.2365,1.252,-2.4884,0.9171,normal,0.2992857142857144,-0.2673,False,False,False,False,True,,,,,1_0
000715,2026-01-15,L2,4,5,-2.0344,,,,,0.8,none,midweek_partial,False,False,0.16,-2.1909,2.3509,0.7303,shrinking,0.29714285714285715,0.0337,True,True,False,False,True,False,True,,,0_1
000715,2026-01-19,L2,1,5,5.6106,5.3679,1.5898,3.7781,0.9329,0.2,none,monday,False,False,5.4366,-3.0351,8.4717,1.4001,expanding,0.27785714285714286,1.1877,False,False,False,False,False,,,,,0_0
000715,2026-01-21,L2,3,5,3.3003,3.717,5.0078,-1.2908,0.8879,0.6,negative_to_positive,midweek_partial,True,False,-2.4922,0.3125,-2.8047,0.9317,normal,0.26999999999999996,-0.5926,False,False,False,False,True,,,,,1_0
000715,2026-01-23,L2,5,5,9.736,9.5285,5.0078,4.5207,1.0218,1.0,negative_to_positive,completed_week,True,False,3.4215,2.7157,0.7058,1.8643,expanding,0.22642857142857137,0.9716,False,False,True,True,True,,,True,False,1_1
000715,2026-01-27,L2,2,5,-3.0303,,,,,0.4,negative_to_positive,tuesday_C,True,False,-1.5385,-2.2556,0.7172,0.6927,shrinking,0.2457142857142857,-0.407,False,False,False,False,True,,,,,1_0
000715,2026-01-29,L2,4,5,-4.5455,,,,,0.8,none,midweek_partial,False,False,-1.4085,-0.1562,-1.2522,0.7387,shrinking,0.25999999999999995,-0.3462,False,False,False,False,True,,,,,0_0
000717,2026-01-13,L2,2,5,0.7634,,,,,0.4,negative_to_positive,tuesday_A,True,False,-1.1236,2.2989,-3.4224,0.862,shrinking,0.06357142857142854,-0.4719,False,False,False,False,True,,,,,1_0
000717,2026-01-21,L2,3,5,4.3651,5.4744,3.4351,2.0393,0.7974,0.6,negative_to_positive,midweek_partial,True,False,0.3817,1.5504,-1.1687,0.9116,normal,0.06428571428571425,0.1556,False,False,False,False,True,,,,,1_0
000717,2026-01-23,L2,5,5,9.127,9.2408,3.4351,5.8057,0.9877,1.0,negative_to_positive,completed_week,True,False,1.476,3.0418,-1.5658,0.7209,shrinking,0.06214285714285712,0.6437,False,False,False,False,True,,,,,1_0
000717,2026-01-27,L2,2,5,-2.1739,,,,,0.4,negative_to_positive,tuesday_C,True,False,-1.8182,0.0,-1.8182,0.771,shrinking,0.06642857142857143,-0.7527,False,False,False,False,True,,,,,1_0
000717,2026-01-29,L2,4,5,-1.087,,,,,0.8,none,midweek_partial,False,False,-0.365,1.4815,-1.8464,1.2062,expanding,0.07000000000000003,-0.1429,False,False,False,False,True,,,,,0_0
000718,2026-01-05,L2,1,5,0.4367,0.7437,2.5424,-1.7987,0.5846,0.2,none,monday,False,False,0.4367,0.8811,-0.4444,1.0737,normal,0.05785714285714277,0.1728,False,False,False,False,True,,,,,0_0
000718,2026-01-07,L2,3,5,2.1834,0.8165,0.4348,0.3817,2.6741,0.6,negative_to_positive,midweek_partial,True,False,-1.2658,3.0435,-4.3093,0.7054,shrinking,0.04714285714285703,-0.6364,False,False,False,False,True,,,,,1_0
000718,2026-01-09,L2,5,5,4.3668,1.7011,0.4348,1.2663,2.567,1.0,negative_to_positive,completed_week,True,False,0.0,2.1368,-2.1368,0.836,shrinking,0.054999999999999875,0.0,False,False,False,False,True,,,,,1_0
000718,2026-01-13,L2,2,5,-0.4167,,,,,0.4,negative_to_positive,tuesday_C_failed_volume,False,False,-0.4167,0.4184,-0.8351,1.0379,normal,0.057142857142857065,-0.175,False,False,False,False,True,,,,,0_0
000718,2026-01-15,L2,4,5,-0.4167,,,,,0.8,none,midweek_partial,False,False,-0.4167,0.4184,-0.8351,0.6374,shrinking,0.05499999999999994,-0.1818,False,False,False,False,True,,,,,0_0
000718,2026-01-19,L2,1,5,2.1739,3.4831,4.3668,-0.8837,1.0766,0.2,none,monday,False,False,1.7316,-3.3473,5.0789,0.5857,shrinking,0.05999999999999999,0.6667,True,True,False,False,True,False,True,,,0_1
000718,2026-01-21,L2,3,5,4.3478,5.9539,3.75,2.2039,0.7302,0.6,negative_to_positive,midweek_partial,True,False,0.4184,1.7021,-1.2837,0.9404,normal,0.06571428571428571,0.1522,False,False,False,False,True,,,,,1_0
000718,2026-01-23,L2,5,5,6.087,8.6217,3.75,4.8717,0.706,1.0,negative_to_positive,completed_week,True,False,0.4115,1.25,-0.8385,0.8157,shrinking,0.06785714285714291,0.1474,False,False,False,False,True,,,,,1_0
000718,2026-01-27,L2,2,5,-4.5082,,,,,0.4,negative_to_positive,tuesday_C_failed_volume,False,False,-2.5105,-2.0492,-0.4613,1.4563,expanding,0.06857142857142863,-0.875,False,False,False,False,True,,,,,0_0
000718,2026-01-29,L2,4,5,-1.2295,,,,,0.8,none,midweek_partial,False,False,2.9915,0.4292,2.5623,1.5973,expanding,0.06714285714285724,1.0426,False,False,True,True,True,,,True,False,0_1
000718,2026-02-02,L2,1,5,-0.8621,3.1433,6.087,-2.9437,1.3038,0.2,none,monday,False,False,-1.7094,-2.9046,1.1952,0.7477,shrinking,0.06928571428571433,-0.5773,False,False,False,False,True,,,,,0_0
000718,2026-02-04,L2,3,5,4.7414,4.785,4.0984,0.6866,0.9909,0.6,negative_to_positive,midweek_partial,True,False,2.5316,3.0435,-0.5118,1.5002,expanding,0.07357142857142862,0.8155,False,False,False,False,True,,,,,1_0
000718,2026-02-06,L2,5,5,3.0172,3.11,4.0984,-0.9884,0.9702,1.0,negative_to_positive,completed_week,True,False,-1.2397,-0.4115,-0.8281,0.9345,normal,0.0735714285714286,-0.4078,False,False,False,False,True,,,,,1_0
000718,2026-02-10,L2,2,5,0.0,,,,,0.4,negative_to_positive,tuesday_A,True,False,-0.8197,2.0921,-2.9117,0.5512,shrinking,0.0685714285714286,-0.2917,False,False,False,False,True,,,,,1_0
000718,2026-02-12,L2,4,5,-2.0661,,,,,0.8,none,midweek_partial,False,False,-2.0661,0.0,-2.0661,1.5764,expanding,0.06999999999999999,-0.7143,False,False,False,False,True,,,,,0_0
000718,2026-02-24,L2,1,5,0.4274,,,,,0.2,none,tuesday_gate_failed,,False,0.8584,-1.6878,2.5461,0.8398,shrinking,0.07285714285714286,0.2745,True,True,False,False,True,False,True,,,0_1
000718,2026-02-26,L2,3,5,0.4274,0.3217,3.719,-3.3973,1.3286,0.6,negative_to_positive,midweek_partial,True,False,-2.4896,2.5532,-5.0428,0.7653,shrinking,0.06571428571428571,-0.913,False,False,False,False,True,,,,,1_0
000718,2026-03-02,L2,1,5,-1.2876,1.3455,3.719,-2.3735,0.9528,0.2,negative_to_positive,monday,True,False,-2.9536,0.8511,-3.8047,1.7291,expanding,0.06714285714285717,-1.0426,False,False,False,False,True,,,,,1_0
000718,2026-03-06,L2,5,5,-2.1459,2.0703,1.2821,0.7882,1.0365,1.0,none,completed_week,False,False,2.7027,0.9091,1.7936,1.234,expanding,0.06285714285714288,0.9545,False,False,False,False,True,,,,,0_0
000718,2026-03-10,L2,2,5,0.4444,,,,,0.4,none,tuesday_gate_failed,,False,0.8929,-1.7544,2.6472,0.8883,shrinking,0.06428571428571431,0.3111,True,True,False,False,True,False,True,,,0_1
000718,2026-03-12,L2,4,5,1.3333,2.1562,2.1459,0.0103,0.6184,0.8,negative_to_positive,midweek_partial,True,False,0.885,0.0,0.885,1.499,expanding,0.060714285714285755,0.3294,False,False,False,False,True,,,,,1_0
000718,2026-03-16,L2,1,5,0.8811,1.3176,2.1459,-0.8283,0.6746,0.2,negative_to_positive,monday,True,False,0.8811,-0.4386,1.3197,0.809,shrinking,0.05785714285714289,0.3457,True,True,False,False,True,False,True,,,1_1
000719,2026-03-02,L2,1,5,0.0,3.9423,0.2268,3.7155,0.44,0.2,negative_to_positive,monday,True,False,-1.4826,0.2229,-1.7055,1.6711,expanding,0.4007142857142858,-0.4991,False,False,False,False,True,,,,,1_0
000719,2026-03-06,L2,5,5,-2.5583,1.6772,1.7345,-0.0573,1.5254,1.0,none,completed_week,False,False,2.1293,2.4233,-0.2939,0.8653,shrinking,0.36285714285714327,0.7441,False,False,False,False,True,,,,,0_0
000719,2026-03-10,L2,2,5,1.4041,,,,,0.4,none,tuesday_gate_failed,,False,0.8534,-0.4633,1.3167,0.8633,shrinking,0.35571428571428615,0.3092,True,True,True,True,True,False,True,False,True,0_1
000719,2026-03-12,L2,4,5,3.5881,4.5726,2.5583,2.0143,0.7847,0.8,negative_to_positive,midweek_partial,True,False,0.6061,1.5385,-0.9324,1.1536,expanding,0.32642857142857196,0.2451,False,False,False,False,True,,,,,1_0
000719,2026-03-16,L2,1,5,0.1548,0.5028,2.5583,-2.0555,0.9308,0.2,negative_to_positive,monday,True,False,0.4658,-3.012,3.4779,0.6879,shrinking,0.31785714285714334,0.1888,True,True,False,False,True,False,True,,,1_1
000719,2026-03-18,L2,3,5,1.161,1.2019,0.468,0.7339,0.9659,0.6,double_positive_efficiency_improved,midweek_partial,True,False,0.5385,0.4637,0.0748,0.9009,normal,0.3542857142857146,0.1976,True,True,True,True,True,True,False,True,False,1_1
000719,2026-03-20,L2,5,5,1.0062,1.0884,0.468,0.6204,0.9245,1.0,double_positive_efficiency_improved,completed_week,True,False,-0.2294,0.0765,-0.3059,0.7533,shrinking,0.3478571428571432,-0.0862,False,False,False,False,True,,,,,1_0
000719,2026-03-24,L2,2,5,-1.7969,,,,,0.4,double_positive_efficiency_improved,tuesday_B,True,False,3.8843,-7.2797,11.164,0.6005,shrinking,0.34857142857142875,1.3484,True,False,False,False,False,False,True,,,1_0
000719,2026-03-26,L2,4,5,-0.9375,,,,,0.8,none,midweek_partial,False,False,-1.4763,2.3866,-3.8629,0.7266,shrinking,0.38428571428571445,-0.4944,False,False,False,False,True,,,,,0_0
000719,2026-03-30,L2,1,5,1.0769,1.9071,1.0062,0.9009,0.9422,0.2,double_positive_efficiency_improved,monday,True,False,0.8442,2.7603,-1.916,0.9217,normal,0.3835714285714288,0.2868,False,False,False,False,True,,,,,1_0
000720,2026-01-19,L2,1,5,11.1111,4.0354,2.1472,1.8882,2.2258,0.2,double_positive_efficiency_improved,monday,True,False,9.8901,9.9698,-0.0797,2.4326,expanding,0.0692857142857141,5.1959,False,False,False,False,False,,,,,1_0
000720,2026-01-21,L2,3,5,5.5556,1.2662,8.982,-7.7158,4.3875,0.6,none,midweek_partial,False,False,-2.8133,-2.25,-0.5633,0.5789,shrinking,0.1142857142857141,-0.9625,False,False,False,False,True,,,,,0_0
000720,2026-01-23,L2,5,5,5.2778,1.5504,8.982,-7.4316,3.4041,1.0,none,completed_week,False,False,1.3369,-1.5789,2.9158,0.94,normal,0.1492857142857141,0.3349,True,True,False,False,True,False,True,,,0_1
000720,2026-01-27,L2,2,5,-2.9024,,,,,0.4,none,tuesday_gate_failed,,False,-2.3873,-0.5277,-1.8596,0.8165,shrinking,0.16071428571428556,-0.56,False,False,False,False,True,,,,,0_0
000720,2026-01-29,L2,4,5,-4.2216,,,,,0.8,none,midweek_partial,False,False,-1.8919,0.5435,-2.4354,0.7773,shrinking,0.17571428571428557,-0.3984,False,False,False,False,True,,,,,0_0
000720,2026-02-02,L2,1,5,1.3928,11.7022,5.2778,6.4244,0.3157,0.2,none,monday,False,False,-0.274,0.551,-0.8249,1.5057,expanding,0.18357142857142852,-0.0545,False,False,False,False,True,,,,,0_0
000720,2026-02-04,L2,3,5,4.7354,4.2084,3.6939,0.5145,1.1252,0.6,negative_to_positive,midweek_partial,True,False,3.5813,-0.2747,3.856,1.4899,expanding,0.19214285714285714,0.6766,False,False,False,False,False,,,,,1_0
000720,2026-02-06,L2,5,5,3.3426,3.5952,3.6939,-0.0987,0.9297,1.0,negative_to_positive,completed_week,True,False,0.542,-1.8617,2.4037,1.0122,normal,0.20714285714285716,0.0966,False,False,False,False,True,,,,,1_0
000720,2026-02-10,L2,2,5,-0.5305,,,,,0.4,negative_to_positive,tuesday_A,True,False,-1.5748,2.6954,-4.2702,0.6057,shrinking,0.16642857142857145,-0.3605,False,False,False,False,True,,,,,1_0
000720,2026-02-12,L2,4,5,-0.5305,,,,,0.8,none,midweek_partial,False,False,1.0782,-1.0667,2.1448,1.4283,expanding,0.13500000000000006,0.2963,False,False,False,False,True,,,,,0_0
000720,2026-02-24,L2,1,5,2.6596,,,,,0.2,none,tuesday_gate_failed,,False,5.1771,-2.1333,7.3104,1.6553,expanding,0.13857142857142865,1.3711,False,False,False,False,False,,,,,0_0
000720,2026-02-26,L2,3,5,4.7872,3.9273,2.6525,1.2748,1.219,0.6,negative_to_positive,midweek_partial,True,False,0.7673,1.2953,-0.5281,0.8332,shrinking,0.14357142857142866,0.209,False,False,False,False,True,,,,,1_0
000720,2026-03-02,L2,1,5,-0.7732,6.2067,2.6525,3.5542,0.8999,0.2,negative_to_positive,monday,True,False,-3.0227,0.7614,-3.7841,1.282,expanding,0.13714285714285718,-0.875,False,False,False,False,True,,,,,1_0
000720,2026-03-04,L2,3,5,-0.2577,,,,,0.6,none,midweek_partial,False,False,3.4759,-2.8571,6.3331,1.0311,normal,0.1357142857142857,0.9579,False,False,False,False,True,,,,,0_0
000720,2026-03-06,L2,5,5,13.4021,8.1753,5.5851,2.5902,1.6393,1.0,double_positive_efficiency_improved,completed_week,True,False,10.0,3.3592,6.6408,1.019,normal,0.1364285714285714,2.9319,False,False,True,False,False,,,True,False,1_0
000720,2026-03-10,L2,2,5,2.0595,,,,,0.4,double_positive_efficiency_improved,tuesday_B,True,False,5.4374,-3.8636,9.301,1.1587,expanding,0.16857142857142857,1.3644,False,False,False,False,False,,,,,1_0
000720,2026-03-12,L2,4,5,-1.1442,,,,,0.8,none,midweek_partial,False,True,-1.8182,-1.3453,-0.4729,0.705,shrinking,0.20285714285714287,-0.3944,False,False,False,False,True,,,,,0_0
000720,2026-03-16,L2,1,5,-3.1026,1.7756,13.4021,-11.6265,2.7064,0.2,none,monday,False,False,-2.4038,-3.7037,1.2999,0.6705,shrinking,0.22214285714285711,-0.4502,False,False,False,False,True,,,,,0_0
000720,2026-03-18,L2,3,5,-4.2959,,,,,0.6,none,midweek_partial,False,False,0.5013,-1.7241,2.2254,1.0455,normal,0.21928571428571428,0.0912,False,False,False,False,True,,,,,0_0
000720,2026-03-20,L2,5,5,-6.2053,15.6078,4.8055,10.8023,0.3976,1.0,none,completed_week,False,False,-0.7576,-1.2469,0.4893,1.7755,expanding,0.23285714285714285,-0.1288,False,False,False,False,True,,,,,0_0
000720,2026-03-24,L2,2,5,7.5325,,,,,0.4,none,tuesday_gate_failed,,False,10.1064,-4.3257,14.4321,0.4679,shrinking,0.25,1.52,True,False,False,False,False,False,True,,,0_0
000720,2026-03-26,L2,4,5,30.1299,46.9454,6.2053,40.7401,0.6418,0.8,negative_to_positive,midweek_partial,True,False,10.1099,9.9034,0.2065,1.1789,expanding,0.2671428571428571,1.7219,False,False,False,False,False,,,,,1_0
000720,2026-03-30,L2,1,5,-9.8182,39.7901,6.2053,33.5848,1.0836,0.2,negative_to_positive,monday,True,False,-9.9819,9.98,-19.9619,2.2768,expanding,0.28214285714285714,-1.9494,False,False,False,False,True,,,,,1_0
000721,2026-01-15,L2,4,5,6.3181,2.6014,2.6936,-0.0922,2.4287,0.8,none,midweek_partial,False,False,0.8264,6.0241,-5.1977,1.1727,expanding,0.2107142857142858,0.3797,False,False,False,False,True,,,,,0_0
000721,2026-01-19,L2,1,5,0.3067,3.0916,2.6936,0.398,2.4665,0.2,double_positive_efficiency_improved,monday,True,False,-0.7085,1.2295,-1.938,0.6964,shrinking,0.2700000000000001,-0.2593,False,False,False,False,True,,,,,1_0
000721,2026-01-21,L2,3,5,-3.9877,,,,,0.6,none,midweek_partial,False,False,-2.2893,-2.0387,-0.2505,0.803,shrinking,0.2964285714285713,-0.7422,False,False,False,False,True,,,,,0_0
000721,2026-01-23,L2,5,5,-3.1697,5.7924,7.6253,-1.8329,0.5472,1.0,none,completed_week,False,False,-0.2107,1.065,-1.2757,1.0721,normal,0.3064285714285714,-0.0653,False,False,False,False,True,,,,,0_0
000721,2026-01-29,L2,4,5,-0.6363,,,,,0.8,none,midweek_partial,False,False,1.2973,0.6529,0.6444,1.8782,expanding,0.3149999999999999,0.381,False,False,True,True,True,,,True,False,0_1
000722,2026-01-23,L2,5,5,6.0556,3.9237,1.4913,2.4324,1.5434,1.0,double_positive_efficiency_improved,completed_week,True,False,-0.1541,3.5088,-3.6629,0.6195,shrinking,0.22928571428571423,-0.0872,False,False,False,False,True,,,,,1_0
000722,2026-01-27,L2,2,5,-1.8519,,,,,0.4,double_positive_efficiency_improved,tuesday_C,True,False,-1.1655,-0.6944,-0.4711,0.8351,shrinking,0.2935714285714284,-0.5109,False,False,False,False,True,,,,,1_0
000722,2026-01-29,L2,4,5,0.1543,0.1666,6.0556,-5.889,0.9264,0.8,none,midweek_partial,False,False,0.3867,1.6509,-1.2642,1.6336,expanding,0.32785714285714274,0.1525,False,False,False,False,True,,,,,0_0
000722,2026-02-02,L2,1,5,-2.7502,0.9985,6.0556,-5.0571,0.9273,0.2,none,monday,False,False,-2.6758,0.7704,-3.4463,0.8542,shrinking,0.38642857142857145,-0.9057,False,False,False,False,True,,,,,0_0
000722,2026-02-04,L2,3,5,0.0764,0.1105,0.9259,-0.8154,0.6915,0.6,none,midweek_partial,False,False,1.2365,1.6496,-0.4132,1.114,expanding,0.41857142857142865,0.3823,False,False,False,False,True,,,,,0_0
000722,2026-02-06,L2,5,5,-1.9099,2.6966,0.9259,1.7707,0.7082,1.0,none,completed_week,False,False,0.7059,-2.6718,3.3776,1.087,normal,0.43714285714285733,0.2059,False,False,False,False,True,,,,,0_0
000722,2026-02-24,L2,1,5,2.6963,,,,,0.2,none,tuesday_gate_failed,,False,3.6,-1.4196,5.0196,1.2114,expanding,0.3585714285714288,1.255,False,False,False,False,False,,,,,0_0
000722,2026-02-26,L2,3,5,4.5995,3.1992,3.1008,0.0984,1.4377,0.6,negative_to_positive,midweek_partial,True,False,1.3057,0.5405,0.7651,1.2305,expanding,0.3692857142857144,0.4603,False,False,True,True,True,,,True,False,1_1
000722,2026-03-02,L2,1,5,1.5152,5.4837,3.1008,2.3829,1.3449,0.2,negative_to_positive,monday,True,False,-1.034,2.6535,-3.6875,0.7118,shrinking,0.3185714285714286,-0.4395,False,False,False,False,True,,,,,1_0
000722,2026-03-04,L2,3,5,0.7576,0.5556,7.3751,-6.8195,1.3635,0.6,none,midweek_partial,False,False,1.2177,-1.9403,3.158,0.7768,shrinking,0.3257142857142856,0.4912,True,True,False,False,True,False,True,,,0_1
000722,2026-03-06,L2,5,5,5.5303,3.0965,7.3751,-4.2786,1.786,1.0,none,completed_week,False,False,2.3512,2.3308,0.0204,1.4384,expanding,0.35714285714285704,0.896,False,False,True,True,True,,,True,False,0_1
000722,2026-03-10,L2,2,5,-0.2161,,,,,0.4,none,tuesday_gate_failed,,False,-0.2161,-0.3589,0.1428,0.8019,shrinking,0.3807142857142857,-0.0788,False,False,False,False,True,,,,,0_0
000722,2026-03-12,L2,4,5,2.9539,2.871,5.5303,-2.6593,1.0289,0.8,none,midweek_partial,False,False,2.0714,1.083,0.9884,1.4757,expanding,0.3921428571428572,0.7395,False,False,True,True,True,,,True,False,0_1
000722,2026-03-16,L2,1,5,-1.6094,1.505,5.5303,-4.0253,1.0532,0.2,none,monday,False,False,-1.5373,-4.4087,2.8713,0.5772,shrinking,0.42357142857142854,-0.4958,False,False,False,False,True,,,,,0_0
000722,2026-03-18,L2,3,5,-0.1463,,,,,0.6,none,midweek_partial,False,False,0.4415,1.0409,-0.5994,0.6061,shrinking,0.44,0.1364,False,False,False,False,True,,,,,0_0
000722,2026-03-20,L2,5,5,4.0966,4.2565,1.585,2.6715,0.9624,1.0,negative_to_positive,completed_week,True,False,4.5555,-0.293,4.8485,2.814,expanding,0.495,1.2525,False,False,False,False,False,,,,,1_0
000722,2026-03-24,L2,2,5,7.1631,,,,,0.4,negative_to_positive,tuesday_B,True,False,9.9709,-3.4434,13.4143,0.6157,shrinking,0.5664285714285714,2.4187,True,False,False,False,False,False,True,,,1_0
000722,2026-03-26,L2,4,5,29.6454,13.8744,4.0966,9.7778,2.1367,0.8,double_positive_efficiency_improved,midweek_partial,True,False,9.988,9.9934,-0.0054,18.1161,expanding,0.6435714285714285,2.5794,False,False,False,False,False,,,,,1_0
000722,2026-03-30,L2,1,5,-6.4881,6.9539,4.0966,2.8573,2.9169,0.2,double_positive_efficiency_improved,monday,True,False,-7.3703,-7.221,-0.1493,0.7495,shrinking,0.7921428571428571,-1.578,False,False,False,False,True,,,,,1_0
000723,2026-01-05,L2,1,5,0.4246,2.1609,1.4989,0.662,0.6791,0.2,none,monday,False,False,0.6383,-1.2605,1.8988,1.3302,expanding,0.1142857142857142,0.2625,False,False,False,False,True,,,,,0_0
000723,2026-01-07,L2,3,5,5.5202,1.7788,1.4675,0.3113,3.1033,0.6,negative_to_positive,midweek_partial,True,False,1.636,3.3827,-1.7467,1.3352,expanding,0.10785714285714272,0.7417,False,False,False,False,True,,,,,1_0
000723,2026-01-09,L2,5,5,5.3079,1.7996,1.4675,0.3321,2.9495,1.0,negative_to_positive,completed_week,True,False,1.0183,-1.2072,2.2256,0.9242,normal,0.10428571428571422,0.4795,True,True,False,False,True,False,True,,,1_1
000723,2026-01-13,L2,2,5,-2.0161,,,,,0.4,negative_to_positive,tuesday_A,True,False,-2.6052,0.6048,-3.21,1.0133,normal,0.10499999999999998,-1.2381,False,False,False,False,True,,,,,1_0
000723,2026-01-15,L2,4,5,-1.4113,,,,,0.8,none,midweek_partial,False,False,0.4107,0.2058,0.2049,0.6471,shrinking,0.1107142857142857,0.1806,True,True,True,True,True,True,False,True,False,0_1
000723,2026-01-19,L2,1,5,2.8261,6.453,5.3079,1.1451,1.0623,0.2,none,monday,False,False,2.381,-5.5215,7.9024,0.5553,shrinking,0.11571428571428573,0.9506,True,True,False,False,True,False,True,,,0_1
000723,2026-01-21,L2,3,5,2.3913,3.4567,6.8548,-3.3981,0.6918,0.6,negative_to_positive,midweek_partial,True,False,-0.4228,0.0,-0.4228,0.6843,shrinking,0.13642857142857137,-0.1466,False,False,False,False,True,,,,,1_0
000723,2026-01-23,L2,5,5,8.2609,9.8362,6.8548,2.9814,0.8398,1.0,negative_to_positive,completed_week,True,False,2.2587,3.397,-1.1383,1.2408,expanding,0.13571428571428568,0.8105,False,False,False,False,True,,,,,1_0
000723,2026-01-27,L2,2,5,-2.6157,,,,,0.4,negative_to_positive,tuesday_C_failed_volume,False,False,-2.2222,-0.6024,-1.6198,1.2234,expanding,0.1457142857142857,-0.7549,False,False,False,False,True,,,,,0_0
000723,2026-01-29,L2,4,5,1.006,0.6782,8.2609,-7.5827,1.4834,0.8,none,midweek_partial,False,False,0.0,3.719,-3.719,0.956,normal,0.1421428571428571,0.0,False,False,False,False,True,,,,,0_0
000723,2026-02-02,L2,1,5,-5.2846,0.9722,8.2609,-7.2887,1.8627,0.2,none,monday,False,False,-7.9051,0.7968,-8.702,0.7045,shrinking,0.15714285714285717,-2.5455,False,False,False,False,True,,,,,0_0
000723,2026-02-04,L2,3,5,5.0813,4.7432,1.8109,2.9323,1.0713,0.6,double_positive_efficiency_improved,midweek_partial,True,False,10.0,0.8584,9.1416,2.3169,expanding,0.20857142857142857,2.2534,False,False,False,False,False,,,,,1_0
000723,2026-02-06,L2,5,5,0.2033,0.1779,1.8109,-1.633,1.1422,1.0,none,completed_week,False,False,-1.7928,-2.9014,1.1085,0.5348,shrinking,0.23714285714285716,-0.3795,False,False,False,False,True,,,,,0_0
000723,2026-02-10,L2,2,5,-0.2024,,,,,0.4,none,tuesday_gate_failed,,False,-1.5968,1.6227,-3.2195,0.7825,shrinking,0.2278571428571429,-0.3511,False,False,False,False,True,,,,,0_0
000723,2026-02-12,L2,4,5,-1.6194,,,,,0.8,none,midweek_partial,False,False,-1.4199,0.0,-1.4199,1.0054,normal,0.22714285714285717,-0.3082,False,False,False,False,True,,,,,0_0
000723,2026-02-24,L2,1,5,3.3126,,,,,0.2,none,tuesday_gate_failed,,False,5.2743,-2.4691,7.7434,1.6378,expanding,0.22642857142857148,1.1041,False,False,False,False,False,,,,,0_0
000723,2026-02-26,L2,3,5,3.9337,2.6141,4.0486,-1.4345,1.5048,0.6,negative_to_positive,midweek_partial,True,False,-0.9862,1.6032,-2.5894,0.5988,shrinking,0.2342857142857143,-0.2134,False,False,False,False,True,,,,,1_0
000723,2026-03-02,L2,1,5,-1.4898,6.1635,4.0486,2.1149,1.3772,0.2,negative_to_positive,monday,True,False,0.9542,4.3825,-3.4283,1.0267,normal,0.22928571428571423,0.2181,False,False,False,False,True,,,,,1_0
000723,2026-03-04,L2,3,5,-2.4209,,,,,0.6,none,midweek_partial,False,False,-4.9002,4.1588,-9.059,0.5985,shrinking,0.19642857142857137,-1.3745,False,False,False,False,True,,,,,0_0
000723,2026-03-06,L2,5,5,-1.3035,0.5938,8.4886,-7.8948,2.1953,1.0,none,completed_week,False,True,-0.7491,1.9084,-2.6575,0.6164,shrinking,0.20785714285714274,-0.1924,False,False,False,False,True,,,,,0_0
000723,2026-03-10,L2,2,5,-4.1742,,,,,0.4,none,tuesday_gate_failed,,False,-2.403,2.0755,-4.4784,0.643,shrinking,0.23428571428571418,-0.5549,False,False,False,False,True,,,,,0_0
000723,2026-03-12,L2,4,5,-0.5445,,,,,0.8,none,midweek_partial,False,False,1.2939,2.4621,-1.1682,1.2989,expanding,0.2592857142857142,0.27,False,False,False,False,True,,,,,0_0
000723,2026-03-16,L2,1,5,-1.6393,0.7902,1.3035,-0.5133,0.9187,0.2,none,monday,False,False,-1.2797,-0.1825,-1.0972,0.9805,normal,0.2707142857142856,-0.2586,False,False,False,False,True,,,,,0_0
000723,2026-03-18,L2,3,5,-3.0965,,,,,0.6,none,midweek_partial,False,False,-3.9711,2.5926,-6.5637,0.4809,shrinking,0.2857142857142856,-0.77,False,False,False,False,True,,,,,0_0
000723,2026-03-20,L2,5,5,-8.1967,8.9805,0.726,8.2545,0.9127,1.0,none,completed_week,False,False,-4.3643,-0.9398,-3.4245,1.1016,expanding,0.30428571428571416,-0.7559,False,False,False,False,True,,,,,0_0
000723,2026-03-24,L2,2,5,-0.3906,,,,,0.4,none,tuesday_gate_failed,,False,3.4483,-2.1825,5.6308,0.7956,shrinking,0.3028571428571428,0.5613,True,True,False,False,True,False,True,,,0_1
000723,2026-03-26,L2,4,5,-2.7344,,,,,0.8,none,midweek_partial,False,False,-1.9685,-0.3922,-1.5763,0.766,shrinking,0.28785714285714287,-0.3474,False,False,False,False,True,,,,,0_0
000723,2026-03-30,L2,1,5,-1.2072,5.3488,8.1967,-2.8479,0.5842,0.2,none,monday,False,False,-1.0081,-0.4016,-0.6065,1.0944,normal,0.2578571428571429,-0.1939,False,False,False,False,True,,,,,0_0
000726,2026-01-05,L2,1,5,-0.1404,2.2468,0.6993,1.5475,0.4333,0.2,none,monday,False,False,-0.1404,-0.1403,-0.0002,2.1155,expanding,0.12428571428571411,-0.0805,False,False,False,False,True,,,,,0_0
000726,2026-01-07,L2,3,5,0.7022,0.2526,0.9736,-0.721,2.7806,0.6,negative_to_positive,midweek_partial,True,False,-0.1393,0.9845,-1.1238,0.8865,shrinking,0.11999999999999991,-0.0833,False,False,False,False,True,,,,,1_0
000726,2026-01-09,L2,5,5,1.1236,0.4084,0.9736,-0.5652,2.7511,1.0,negative_to_positive,completed_week,True,False,0.6993,-0.2789,0.9782,1.4222,expanding,0.11928571428571422,0.4192,False,False,False,False,True,,,,,1_0
000726,2026-01-13,L2,2,5,0.6944,,,,,0.4,negative_to_positive,tuesday_A,True,False,0.4155,0.2778,0.1377,1.3941,expanding,0.10928571428571424,0.2745,False,False,True,True,True,,,True,False,1_1
000726,2026-01-15,L2,4,5,-0.6944,,,,,0.8,none,midweek_partial,False,False,0.0,-1.3793,1.3793,0.4599,shrinking,0.1121428571428571,0.0,False,False,False,False,True,,,,,0_0
000726,2026-01-19,L2,1,5,1.1111,0.1191,1.1236,-1.0045,1.1664,0.2,none,monday,False,False,1.2517,0.5594,0.6923,1.251,expanding,0.11285714285714286,0.7975,False,False,False,False,True,,,,,0_0
000726,2026-01-21,L2,3,5,2.7778,2.198,0.1389,2.0591,1.2638,0.6,negative_to_positive,midweek_partial,True,False,-0.8043,2.4725,-3.2768,0.6806,shrinking,0.10714285714285714,-0.56,False,False,False,False,True,,,,,1_0
000726,2026-01-23,L2,5,5,9.1667,5.9028,0.1389,5.7639,1.5529,1.0,negative_to_positive,completed_week,True,False,3.8309,2.2973,1.5336,2.0516,expanding,0.11499999999999996,2.5217,False,False,True,False,False,,,True,False,1_0
000726,2026-01-27,L2,2,5,-2.799,,,,,0.4,negative_to_positive,tuesday_C,True,False,-0.9079,-1.9084,1.0005,0.5748,shrinking,0.14928571428571408,-0.4689,False,False,False,False,True,,,,,1_0
000726,2026-01-29,L2,4,5,-2.0356,,,,,0.8,none,midweek_partial,False,False,-1.4085,2.2251,-3.6336,0.7961,shrinking,0.16857142857142834,-0.6525,False,False,False,False,True,,,,,0_0
000726,2026-02-02,L2,1,5,-3.4974,0.9067,9.1667,-8.26,0.9822,0.2,none,monday,False,False,-4.3646,1.1688,-5.5334,1.3181,expanding,0.18785714285714258,-1.8099,False,False,False,False,True,,,,,0_0
000726,2026-02-04,L2,3,5,-1.4249,,,,,0.6,none,midweek_partial,False,False,1.1968,0.9396,0.2572,0.8978,shrinking,0.2071428571428569,0.4345,True,True,True,True,True,True,False,True,False,0_1
000726,2026-02-06,L2,5,5,-0.6477,0.9616,0.8906,0.071,0.6735,1.0,none,completed_week,False,False,0.5242,0.2628,0.2614,0.9884,normal,0.2078571428571426,0.1924,True,True,True,True,True,True,False,True,False,0_1
000726,2026-02-10,L2,2,5,-1.4304,,,,,0.4,none,tuesday_gate_failed,,False,-0.915,-0.2608,-0.6543,0.7593,shrinking,0.21428571428571402,-0.3267,False,False,False,False,True,,,,,0_0
000726,2026-02-12,L2,4,5,-2.9909,,,,,0.8,none,midweek_partial,False,False,-1.8421,0.2639,-2.106,1.7294,expanding,0.2078571428571426,-0.6735,False,False,False,False,True,,,,,0_0
000726,2026-02-24,L2,1,5,2.1505,,,,,0.2,none,tuesday_gate_failed,,False,2.5641,-0.6702,3.2343,1.3932,expanding,0.18071428571428555,1.0514,False,False,False,False,True,,,,,0_0
000726,2026-02-26,L2,3,5,2.8226,2.5058,3.6411,-1.1353,1.1264,0.6,negative_to_positive,midweek_partial,True,False,-0.1305,0.7895,-0.92,0.6786,shrinking,0.17071428571428557,-0.0586,False,False,False,False,True,,,,,1_0
000726,2026-03-02,L2,1,5,-0.9162,4.6464,3.6411,1.0053,0.8678,0.2,negative_to_positive,monday,True,False,-2.1964,1.1765,-3.3729,1.5156,expanding,0.15714285714285697,-1.0818,False,False,False,False,True,,,,,1_0
000726,2026-03-04,L2,3,5,-3.534,,,,,0.6,none,midweek_partial,False,False,-1.0738,-1.5852,0.5114,1.2172,expanding,0.14571428571428552,-0.549,False,False,False,False,True,,,,,0_0
000726,2026-03-06,L2,5,5,-0.9162,0.5922,4.0323,-3.4401,1.5473,1.0,none,completed_week,False,False,2.4357,0.2714,2.1644,0.9803,normal,0.15642857142857128,1.1507,True,True,False,False,True,True,False,,,0_1
000726,2026-03-10,L2,2,5,-0.1328,,,,,0.4,none,tuesday_gate_failed,,False,1.0753,-1.7173,2.7926,0.7291,shrinking,0.1599999999999999,0.5,True,True,False,False,True,False,True,,,0_1
000726,2026-03-12,L2,4,5,0.664,0.835,0.9162,-0.0812,0.7952,0.8,negative_to_positive,midweek_partial,True,False,0.0,0.7979,-0.7979,1.4548,expanding,0.16357142857142845,0.0,False,False,False,False,True,,,,,1_0
000726,2026-03-16,L2,1,5,0.2635,1.1722,0.9162,0.256,0.7931,0.2,negative_to_positive,monday,True,False,0.1316,0.2639,-0.1323,1.0287,normal,0.16142857142857134,0.0619,False,False,False,False,True,,,,,1_0
000726,2026-03-18,L2,3,5,-1.8445,,,,,0.6,none,midweek_partial,False,False,-0.4011,-1.7083,1.3072,0.8941,shrinking,0.1542857142857143,-0.1944,False,False,False,False,True,,,,,0_0
000726,2026-03-20,L2,5,5,-5.7971,6.4215,0.9296,5.4919,0.9028,1.0,none,completed_week,False,False,-1.9204,-2.1477,0.2272,0.9167,normal,0.16142857142857142,-0.8673,False,False,False,False,True,,,,,0_0
000727,2026-01-13,L2,2,5,1.5152,,,,,0.4,negative_to_positive,tuesday_A,True,False,-2.1898,3.7879,-5.9777,0.7666,shrinking,0.052142857142857144,-1.1507,False,False,False,False,True,,,,,1_0
000727,2026-01-23,L2,5,5,5.814,7.1114,1.8939,5.2175,0.8175,1.0,negative_to_positive,completed_week,True,False,2.6316,2.3077,0.3239,1.2084,expanding,0.07499999999999998,0.9333,False,False,True,True,True,,,True,False,1_1
000727,2026-01-27,L2,2,5,-2.5641,,,,,0.4,negative_to_positive,tuesday_C_failed_volume,False,False,-1.4815,-1.0989,-0.3826,1.1289,expanding,0.07928571428571428,-0.5045,False,False,False,False,True,,,,,0_0
000727,2026-03-06,L2,5,5,3.0534,0.9214,2.7132,-1.7918,3.3138,1.0,none,completed_week,False,False,-1.0989,10.0806,-11.1795,1.678,expanding,0.06357142857142854,-0.4719,False,False,False,False,True,,,,,0_0
000727,2026-03-10,L2,2,5,1.8519,,,,,0.4,none,tuesday_gate_failed,,False,1.476,0.3704,1.1056,0.8207,shrinking,0.08642857142857142,0.4628,True,True,True,True,True,True,False,True,False,0_1
000727,2026-03-12,L2,4,5,2.5926,2.774,3.0534,-0.2794,0.9346,0.8,none,midweek_partial,False,False,0.7273,0.0,0.7273,1.0683,normal,0.08642857142857145,0.2314,False,False,True,True,True,,,False,True,0_1
000727,2026-03-16,L2,1,5,1.8051,2.4764,3.0534,-0.577,0.8973,0.2,none,monday,False,False,2.1739,-0.361,2.5349,1.2107,expanding,0.09214285714285715,0.6512,False,False,True,True,True,,,False,True,0_1
000727,2026-03-18,L2,3,5,0.0,,,,,0.6,none,midweek_partial,False,False,1.0949,-2.8369,3.9318,0.8277,shrinking,0.09642857142857143,0.3111,True,True,False,False,True,False,True,,,0_1
000727,2026-03-20,L2,5,5,-2.5271,3.0109,2.2222,0.7887,0.8393,1.0,none,completed_week,False,False,-1.8182,-0.722,-1.0962,1.2693,expanding,0.10357142857142855,-0.4828,False,False,False,False,True,,,,,0_0
000727,2026-03-24,L2,2,5,3.4351,,,,,0.4,none,tuesday_gate_failed,,False,5.0388,-4.4444,9.4832,0.818,shrinking,0.1114285714285714,1.1667,True,False,False,False,False,False,True,,,0_0
000728,2026-01-05,L2,1,5,0.716,2.0759,1.3189,0.757,0.5137,0.2,none,monday,False,False,1.0778,-0.358,1.4358,1.627,expanding,0.10857142857142879,0.8289,False,False,False,False,True,,,,,0_0
000728,2026-01-07,L2,3,5,3.3413,0.6612,1.0664,-0.4052,5.0532,0.6,negative_to_positive,midweek_partial,True,False,-1.1416,3.7915,-4.933,0.5622,shrinking,0.10571428571428587,-0.9459,False,False,False,False,True,,,,,1_0
000728,2026-01-09,L2,5,5,2.9833,0.6566,1.0664,-0.4098,4.5437,1.0,negative_to_positive,completed_week,True,False,1.4101,-1.7321,3.1422,0.8839,shrinking,0.12642857142857153,0.9492,True,True,False,False,True,False,True,,,1_1
000728,2026-01-13,L2,2,5,0.1159,,,,,0.4,negative_to_positive,tuesday_A,True,False,-0.5754,0.6952,-1.2706,0.8282,shrinking,0.12785714285714292,-0.3911,False,False,False,False,True,,,,,1_0
000728,2026-01-15,L2,4,5,-1.9699,,,,,0.8,none,midweek_partial,False,True,-1.2835,-0.8102,-0.4734,0.6138,shrinking,0.13928571428571423,-0.7897,False,False,False,False,True,,,,,0_0
000728,2026-01-19,L2,1,5,0.3567,2.5882,2.9833,-0.3951,0.8954,0.2,none,monday,False,False,0.1186,-0.3546,0.4732,0.7572,shrinking,0.15428571428571405,0.0648,True,True,False,False,True,False,True,,,0_1
000728,2026-01-21,L2,3,5,0.4756,0.8885,2.3175,-1.429,0.5353,0.6,negative_to_positive,midweek_partial,True,False,-0.3538,0.4739,-0.8277,0.8804,shrinking,0.15571428571428556,-0.1927,False,False,False,False,True,,,,,1_0
000728,2026-01-23,L2,5,5,0.8323,1.5639,2.3175,-0.7536,0.5322,1.0,negative_to_positive,completed_week,True,False,0.2364,0.1183,0.1181,1.6049,expanding,0.1542857142857143,0.1296,False,False,True,True,True,,,True,False,1_1
000728,2026-01-27,L2,2,5,-0.8255,,,,,0.4,negative_to_positive,tuesday_A,True,False,-1.2911,0.4717,-1.7628,0.7873,shrinking,0.1492857142857144,-0.7368,False,False,False,False,True,,,,,1_0
000728,2026-01-29,L2,4,5,0.7075,0.3775,0.8323,-0.4548,1.8743,0.8,none,midweek_partial,False,False,0.4706,1.0702,-0.5996,1.1089,expanding,0.13785714285714284,0.2902,False,False,False,False,True,,,,,0_0
000733,2026-01-05,L2,1,5,0.8671,0.6477,4.3287,-3.681,0.6212,0.2,none,monday,False,False,2.0988,0.595,1.5038,1.3836,expanding,1.1728571428571435,0.9379,False,False,True,True,True,,,True,False,0_1
000733,2026-01-07,L2,3,5,2.639,1.1318,0.4023,0.7295,2.3317,0.6,double_positive_efficiency_improved,midweek_partial,True,False,-1.1797,2.9714,-4.1511,0.6164,shrinking,1.2550000000000006,-0.5179,False,False,False,False,True,,,,,1_0
000733,2026-01-09,L2,5,5,7.2196,2.6999,0.4023,2.2976,2.6741,1.0,double_positive_efficiency_improved,completed_week,True,False,0.4592,3.9853,-3.5261,1.379,expanding,1.3778571428571433,0.1887,False,False,False,False,True,,,,,1_0
000733,2026-01-13,L2,2,5,-4.1357,,,,,0.4,double_positive_efficiency_improved,tuesday_A,True,False,-5.8143,3.4107,-9.225,1.0034,normal,1.5928571428571427,-2.1471,False,False,False,False,True,,,,,1_0
000733,2026-01-15,L2,4,5,-4.7932,,,,,0.8,none,midweek_partial,False,False,-0.3261,-0.361,0.0349,0.5343,shrinking,1.9071428571428568,-0.0944,False,False,False,False,True,,,,,0_0
000733,2026-01-19,L2,1,5,0.3336,1.1935,7.2196,-6.0261,0.9714,0.2,none,monday,False,False,0.0525,3.8168,-3.7643,0.7285,shrinking,1.9542857142857137,0.0154,False,False,False,False,True,,,,,0_0
000733,2026-01-21,L2,3,5,-1.1412,,,,,0.6,none,midweek_partial,False,False,0.6974,-2.1522,2.8497,0.8724,shrinking,2.1142857142857134,0.1845,True,True,False,False,True,False,True,,,0_1
000733,2026-01-23,L2,5,5,4.2486,6.7391,1.1594,5.5797,0.6304,1.0,negative_to_positive,completed_week,True,False,3.144,2.2376,0.9064,1.2953,expanding,2.210714285714285,0.8187,False,False,True,True,True,,,True,False,1_1
000733,2026-01-27,L2,2,5,-2.1213,,,,,0.4,negative_to_positive,tuesday_B,True,False,2.7169,-3.9239,6.6408,0.8441,shrinking,2.2671428571428556,0.6837,True,True,False,False,True,False,True,,,1_1
000733,2026-01-29,L2,4,5,-7.4662,,,,,0.8,none,midweek_partial,False,False,-5.7823,0.3413,-6.1236,1.7049,expanding,2.4407142857142854,-1.393,False,False,False,False,True,,,,,0_0
000733,2026-02-02,L2,1,5,-0.8656,7.1981,4.2486,2.9495,1.2345,0.2,none,monday,False,False,-1.3199,-1.5343,0.2144,0.6336,shrinking,2.3314285714285714,-0.3088,False,False,False,False,True,,,,,0_0
000733,2026-02-04,L2,3,5,0.5157,0.8464,8.8859,-8.0395,0.6093,0.6,negative_to_positive,midweek_partial,True,False,-0.4378,1.8391,-2.2769,1.1273,expanding,2.2414285714285715,-0.1071,False,False,False,False,True,,,,,1_0
000733,2026-02-06,L2,5,5,-1.6575,2.8553,8.8859,-6.0306,0.5805,1.0,none,completed_week,False,False,-1.585,-0.5863,-0.9987,0.9308,normal,2.233571428571429,-0.385,False,False,False,False,True,,,,,0_0
000733,2026-02-10,L2,2,5,-1.456,,,,,0.4,none,tuesday_gate_failed,,False,-0.6503,0.7865,-1.4368,0.96,normal,2.1321428571428576,-0.1642,False,False,False,False,True,,,,,0_0
000733,2026-02-12,L2,4,5,-1.2164,,,,,0.8,none,midweek_partial,False,False,1.113,-0.8603,1.9733,1.3003,expanding,1.9835714285714292,0.2974,False,False,False,False,True,,,,,0_0
000733,2026-02-24,L2,1,5,1.1535,,,,,0.2,none,tuesday_gate_failed,,False,2.6236,-1.1567,3.7803,1.6366,expanding,1.8442857142857154,0.7537,False,False,False,False,True,,,,,0_0
000733,2026-02-26,L2,3,5,8.1488,3.4986,2.359,1.1396,2.3292,0.6,negative_to_positive,midweek_partial,True,False,6.0379,0.8277,5.2103,2.3953,expanding,1.5814285714285714,2.093,False,False,False,False,False,,,,,1_0
000733,2026-03-02,L2,1,5,-1.9211,4.2193,2.359,1.8603,1.7593,0.2,negative_to_positive,monday,True,False,-0.9699,-0.6709,-0.299,1.2598,expanding,1.6199999999999994,-0.3457,False,False,False,False,True,,,,,1_0
000733,2026-03-06,L2,5,5,-8.2504,6.8534,7.4233,-0.5699,1.2038,1.0,none,completed_week,False,False,1.058,1.0115,0.0466,1.0775,normal,1.753571428571428,0.3193,False,False,False,False,True,,,,,0_0
000735,2026-01-05,L2,1,5,-2.1348,23.2717,4.712,18.5597,0.3653,0.2,none,monday,False,False,-3.6504,0.4444,-4.0949,1.0731,normal,0.9807142857142858,-0.3365,False,False,False,False,True,,,,,0_0
000735,2026-01-07,L2,3,5,-2.3596,,,,,0.6,none,midweek_partial,False,False,-0.6857,0.4592,-1.145,0.8544,shrinking,0.897142857142857,-0.0669,False,False,False,False,True,,,,,0_0
000735,2026-01-09,L2,5,5,-3.9326,3.9104,8.502,-4.5916,1.0057,1.0,none,completed_week,False,False,-1.0417,-0.5754,-0.4663,0.9973,normal,0.7007142857142856,-0.1284,False,False,False,False,True,,,,,0_0
000735,2026-02-02,L2,1,5,-4.6595,3.6842,1.8963,1.7879,1.5268,0.2,double_positive_efficiency_improved,monday,True,False,-5.5621,3.936,-9.4982,0.6196,shrinking,0.2571428571428571,-1.8278,False,False,False,False,True,,,,,1_0
000735,2026-02-04,L2,3,5,-5.9737,,,,,0.6,none,midweek_partial,False,False,-0.1269,-1.2531,1.1262,0.8088,shrinking,0.2742857142857143,-0.0365,False,False,False,False,True,,,,,0_0
000735,2026-03-02,L2,1,5,-0.3891,2.3201,1.7995,0.5206,0.8408,0.2,negative_to_positive,monday,True,False,-2.0408,1.5544,-3.5952,1.1444,expanding,0.2199999999999999,-0.7273,False,False,False,False,True,,,,,1_0
000735,2026-03-04,L2,3,5,-1.4267,,,,,0.6,none,midweek_partial,False,False,0.2639,-1.3021,1.5659,0.7053,shrinking,0.17999999999999997,0.1111,True,True,False,False,True,False,True,,,0_1
000735,2026-03-06,L2,5,5,0.6485,0.4269,1.9506,-1.5237,1.5192,1.0,none,completed_week,False,False,3.4667,-1.3158,4.7825,1.593,expanding,0.17857142857142858,1.456,False,False,False,False,True,,,,,0_0
000735,2026-03-10,L2,2,5,-0.7782,,,,,0.4,none,tuesday_gate_failed,,False,0.5256,-1.933,2.4586,0.6254,shrinking,0.1928571428571428,0.2074,True,True,False,False,True,False,True,,,0_1
000735,2026-03-12,L2,4,5,0.2594,0.3391,0.6485,-0.3094,0.7649,0.8,none,midweek_partial,False,False,1.3106,-0.2614,1.5721,1.8081,expanding,0.1978571428571427,0.5054,False,False,False,False,True,,,,,0_0
000735,2026-03-16,L2,1,5,0.5229,1.4498,0.6485,0.8013,0.8052,0.2,none,monday,False,False,0.9186,-1.423,2.3417,0.7543,shrinking,0.20642857142857135,0.3391,True,True,False,False,True,False,True,,,0_1
000735,2026-03-18,L2,3,5,-3.0065,,,,,0.6,none,midweek_partial,False,False,-2.1108,-1.4304,-0.6804,0.8315,shrinking,0.2092857142857142,-0.7645,False,False,False,False,True,,,,,0_0
000737,2026-01-05,L2,1,5,-0.5118,3.2812,8.6774,-5.3962,0.9031,0.2,none,monday,False,False,1.0396,2.0557,-1.0161,0.6932,shrinking,0.5314285714285718,0.3011,False,False,False,False,True,,,,,0_0
000737,2026-01-07,L2,3,5,0.3839,0.2452,2.9634,-2.7182,1.5657,0.6,negative_to_positive,midweek_partial,True,False,-1.9988,2.9582,-4.957,0.8119,shrinking,0.5542857142857146,-0.5773,False,False,False,False,True,,,,,1_0
000737,2026-01-09,L2,5,5,1.3436,0.911,2.9634,-2.0524,1.4749,1.0,negative_to_positive,completed_week,True,False,1.9961,-1.0198,3.0159,1.1093,expanding,0.5614285714285716,0.5522,False,False,True,True,True,,,False,True,1_1
000737,2026-01-13,L2,2,5,-2.5,,,,,0.4,negative_to_positive,tuesday_C_failed_volume,False,False,-1.0152,-0.5051,-0.5102,1.114,expanding,0.5914285714285714,-0.2705,False,False,False,False,True,,,,,0_0
000737,2026-01-15,L2,4,5,-0.3125,,,,,0.8,none,midweek_partial,False,True,0.5041,1.7308,-1.2267,0.9373,normal,0.6114285714285712,0.1308,False,False,False,False,True,,,,,0_0
000737,2026-01-19,L2,1,5,-1.7176,0.4155,1.3436,-0.9281,1.3538,0.2,none,monday,False,False,-2.8913,-0.2508,-2.6405,0.7313,shrinking,0.6685714285714285,-0.688,False,False,False,False,True,,,,,0_0
000737,2026-01-21,L2,3,5,1.7176,2.021,0.5625,1.4585,0.8498,0.6,negative_to_positive,midweek_partial,True,False,4.2373,-0.712,4.9493,1.1751,expanding,0.7014285714285713,0.9267,False,False,False,False,False,,,,,1_0
000737,2026-01-23,L2,5,5,5.3435,6.1838,0.5625,5.6213,0.8641,1.0,negative_to_positive,completed_week,True,False,3.3063,0.2502,3.0561,1.6114,expanding,0.7292857142857141,0.7267,False,False,True,True,True,,,True,False,1_1
000737,2026-01-27,L2,2,5,-1.1628,,,,,0.4,negative_to_positive,tuesday_A,True,False,-5.2397,8.3333,-13.573,0.7075,shrinking,0.7114285714285712,-1.3213,False,False,False,False,True,,,,,1_0
000737,2026-01-29,L2,4,5,19.593,9.5569,5.3435,4.2134,2.0501,0.8,double_positive_efficiency_improved,midweek_partial,True,False,10.0,10.0,0.0,1.254,expanding,0.8257142857142858,2.2647,False,False,True,False,False,,,True,False,1_0
000737,2026-03-02,L2,1,5,2.5289,9.0424,2.6667,6.3757,0.9981,0.2,negative_to_positive,monday,True,False,3.6111,3.8661,-0.255,1.5583,expanding,1.1850000000000003,0.5485,False,False,False,False,False,,,,,1_0
000737,2026-03-04,L2,3,5,-6.9269,,,,,0.6,none,midweek_partial,False,False,-0.8202,-8.4718,7.6517,0.5459,shrinking,1.0150000000000001,-0.1379,False,False,False,False,True,,,,,0_0
000737,2026-03-06,L2,5,5,-8.906,7.4025,9.0248,-1.6223,1.2031,1.0,none,completed_week,False,False,-1.0746,-1.0632,-0.0114,0.818,shrinking,0.9528571428571432,-0.1889,False,False,False,False,True,,,,,0_0
000738,2026-02-02,L2,1,5,-3.8052,2.1584,19.2,-17.0416,0.838,0.2,none,monday,False,False,-3.7659,-3.781,0.0152,0.661,shrinking,1.584285714285715,-0.5807,False,False,False,False,True,,,,,0_0
000738,2026-02-04,L2,3,5,12.1931,12.6172,1.8087,10.8085,0.9664,0.6,negative_to_positive,midweek_partial,True,False,6.0325,9.9957,-3.9633,2.5379,expanding,1.4878571428571437,1.0485,False,False,False,False,False,,,,,1_0
000738,2026-02-06,L2,5,5,8.838,8.4767,1.8087,6.668,1.0426,1.0,negative_to_positive,completed_week,True,False,-4.7619,1.86,-6.6219,0.7655,shrinking,1.6857142857142864,-0.789,False,False,False,False,True,,,,,1_0
000738,2026-02-10,L2,2,5,2.0513,,,,,0.4,negative_to_positive,tuesday_B,True,False,3.1852,1.5038,1.6814,1.1819,expanding,1.718571428571429,0.5004,False,False,False,False,True,,,,,1_0
000738,2026-02-12,L2,4,5,0.4029,0.4889,8.838,-8.3491,0.8241,0.8,none,midweek_partial,False,False,2.6592,-4.1637,6.8229,0.9173,normal,1.7321428571428574,0.4099,True,True,False,False,True,False,True,,,0_1
000738,2026-02-24,L2,1,5,-3.4401,,,,,0.2,none,tuesday_gate_failed,,False,-2.7844,7.4425,-10.2269,0.7334,shrinking,1.702142857142857,-0.4817,False,False,False,False,True,,,,,0_0
000738,2026-02-26,L2,3,5,-3.3727,,,,,0.6,none,midweek_partial,False,False,1.2367,-1.1526,2.3894,1.1643,expanding,1.719285714285714,0.2036,False,False,False,False,True,,,,,0_0
000738,2026-03-02,L2,1,5,0.9996,8.5792,7.8755,0.7037,0.7037,0.2,none,monday,False,False,1.5434,-2.7574,4.3008,1.2153,expanding,1.7157142857142855,0.2506,False,False,False,False,True,,,,,0_0
000738,2026-03-06,L2,5,5,-6.2121,5.5992,6.0371,-0.4379,1.1095,1.0,none,completed_week,False,False,3.5067,-0.4706,3.9773,1.4012,expanding,1.6471428571428566,0.5403,False,False,False,False,False,,,,,0_0
000738,2026-03-10,L2,2,5,0.969,,,,,0.4,none,tuesday_gate_failed,,False,1.2044,-2.0175,3.2219,0.9048,normal,1.6257142857142852,0.1907,True,True,False,False,True,False,True,,,0_1
000739,2026-01-23,L2,5,5,5.3531,10.8512,7.3646,3.4866,0.4933,1.0,double_positive_efficiency_improved,completed_week,True,False,1.2035,0.0,1.2035,0.9265,normal,0.5757142857142856,0.3821,True,True,True,True,True,False,True,False,True,1_1
000739,2026-01-27,L2,2,5,2.9064,,,,,0.4,double_positive_efficiency_improved,tuesday_A,True,False,-1.2397,4.6486,-5.8883,0.6556,shrinking,0.6164285714285717,-0.3893,False,False,False,False,True,,,,,1_0
000739,2026-01-29,L2,4,5,3.0678,2.6628,5.3531,-2.6903,1.1521,0.8,none,midweek_partial,False,False,2.0789,-1.8828,3.9617,1.0732,normal,0.7007142857142858,0.5566,False,False,False,False,True,,,,,0_0
000739,2026-02-02,L2,1,5,-2.5137,1.0682,5.3531,-4.2849,1.1085,0.2,none,monday,False,False,-2.8322,-4.1253,1.2931,0.7087,shrinking,0.7721428571428576,-0.6735,False,False,False,False,True,,,,,0_0
000739,2026-02-04,L2,3,5,3.7158,5.4936,1.1841,4.3095,0.6764,0.6,negative_to_positive,midweek_partial,True,False,4.1712,2.13,2.0412,1.551,expanding,0.7500000000000006,1.0133,False,False,True,False,False,,,True,False,1_0
000739,2026-02-06,L2,5,5,2.6776,4.1671,1.1841,2.983,0.6426,1.0,negative_to_positive,completed_week,True,False,-0.0532,-0.9484,0.8952,1.1271,expanding,0.7328571428571434,-0.0136,False,False,False,False,True,,,,,1_0
000739,2026-02-10,L2,2,5,-2.3734,,,,,0.4,negative_to_positive,tuesday_C,True,False,-1.28,-0.2129,-1.0671,0.7404,shrinking,0.7157142857142862,-0.3353,False,False,False,False,True,,,,,1_0
000739,2026-02-12,L2,4,5,-2.1624,,,,,0.8,none,midweek_partial,False,False,-0.961,1.1885,-2.1496,1.0298,normal,0.6992857142857147,-0.2574,False,False,False,False,True,,,,,0_0
000739,2026-02-24,L2,1,5,-1.2568,,,,,0.2,none,tuesday_gate_failed,,False,-0.5504,-2.0485,1.4982,1.3247,expanding,0.6871428571428575,-0.1455,False,False,False,False,True,,,,,0_0
000739,2026-02-26,L2,3,5,-0.765,,,,,0.6,none,midweek_partial,False,False,-1.1432,1.6602,-2.8034,1.005,normal,0.6478571428571431,-0.3241,False,False,False,False,True,,,,,0_0
000739,2026-03-02,L2,1,5,0.0561,1.5163,4.1667,-2.6504,0.8289,0.2,none,monday,False,False,-1.2728,-0.4956,-0.7772,1.5441,expanding,0.5885714285714292,-0.3908,False,False,False,False,True,,,,,0_0
000739,2026-03-04,L2,3,5,-4.2625,,,,,0.6,none,midweek_partial,False,False,-2.3455,-2.0179,-0.3276,0.7291,shrinking,0.5271428571428581,-0.7778,False,False,False,False,True,,,,,0_0
000739,2026-03-06,L2,5,5,-0.7852,0.5401,1.2568,-0.7167,1.4538,1.0,none,completed_week,False,False,3.4503,0.1757,3.2745,1.2664,expanding,0.524285714285715,1.1253,False,False,False,False,True,,,,,0_0
000739,2026-03-10,L2,2,5,2.51,,,,,0.4,none,tuesday_gate_failed,,False,2.1603,-0.5653,2.7256,0.96,normal,0.5164285714285722,0.7358,True,True,True,True,True,False,True,False,True,0_1
000739,2026-03-12,L2,4,5,4.6207,4.8906,0.7852,4.1054,0.9448,0.8,negative_to_positive,midweek_partial,True,False,-1.0254,3.1163,-4.1417,0.3821,shrinking,0.517142857142858,-0.3674,False,False,False,False,True,,,,,1_0
000739,2026-03-16,L2,1,5,0.7773,3.1583,0.7852,2.3731,0.8489,0.2,negative_to_positive,monday,True,False,0.8333,-1.8539,2.6872,1.4422,expanding,0.5442857142857154,0.2756,False,False,False,False,True,,,,,1_0
000739,2026-03-18,L2,3,5,1.5547,1.8784,2.6811,-0.8027,0.8276,0.6,none,midweek_partial,False,False,0.2741,0.4959,-0.2217,0.9424,normal,0.5228571428571441,0.0956,False,False,False,False,True,,,,,0_0
000739,2026-03-24,L2,2,5,2.8343,,,,,0.4,none,tuesday_gate_failed,,False,1.7683,-0.7264,2.4947,0.493,shrinking,0.646428571428572,0.4486,True,True,True,True,True,False,True,False,True,0_1
000739,2026-03-26,L2,4,5,5.114,5.5515,8.2732,-2.7217,0.9212,0.8,negative_to_positive,midweek_partial,True,False,1.7293,0.4793,1.2499,1.4661,expanding,0.6185714285714293,0.4688,False,False,True,True,True,,,True,False,1_1
000739,2026-03-30,L2,1,5,2.8769,8.8832,8.2732,0.61,0.9156,0.2,negative_to_positive,monday,True,False,1.8803,2.8722,-0.9919,1.1967,expanding,0.6207142857142863,0.5316,False,False,False,False,True,,,,,1_0
000750,2026-01-05,L2,1,5,0.4717,1.6244,1.4218,0.2026,0.5754,0.2,none,monday,False,False,0.4717,-0.4695,0.9412,2.023,expanding,0.06285714285714297,0.3182,False,False,False,False,True,,,,,0_0
000750,2026-01-07,L2,3,5,1.8868,0.4066,0.9346,-0.528,4.6403,0.6,negative_to_positive,midweek_partial,True,False,-2.0408,3.5211,-5.5619,0.5991,shrinking,0.06357142857142854,-1.4157,False,False,False,False,True,,,,,1_0
000750,2026-01-09,L2,5,5,1.1792,0.2848,0.9346,-0.6498,4.1408,1.0,negative_to_positive,completed_week,True,False,0.4684,-1.1574,1.6258,1.0595,normal,0.07428571428571422,0.2692,False,False,False,False,True,,,,,1_0
000750,2026-01-13,L2,2,5,2.1028,,,,,0.4,negative_to_positive,tuesday_A,True,False,-1.1312,3.0303,-4.1615,0.6529,shrinking,0.0671428571428571,-0.7447,False,False,False,False,True,,,,,1_0
000750,2026-01-15,L2,4,5,0.2336,0.1682,1.1792,-1.011,1.3891,0.8,none,midweek_partial,False,False,-1.3793,-0.4577,-0.9216,0.5819,shrinking,0.07785714285714278,-0.7706,False,False,False,False,True,,,,,0_0
000750,2026-01-19,L2,1,5,0.2347,0.1853,1.1792,-0.9939,1.2612,0.2,none,monday,False,False,0.0,-0.4662,0.4662,0.6412,shrinking,0.08642857142857142,0.0,False,False,False,False,True,,,,,0_0
000750,2026-01-21,L2,3,5,0.939,2.0656,0.2336,1.832,0.4546,0.6,negative_to_positive,midweek_partial,True,False,-0.232,0.9368,-1.1688,0.7392,shrinking,0.08571428571428573,-0.1167,False,False,False,False,True,,,,,1_0
000750,2026-01-23,L2,5,5,1.8779,4.1135,0.2336,3.8799,0.4565,1.0,negative_to_positive,completed_week,True,False,0.463,0.4651,-0.0022,1.3059,expanding,0.08571428571428578,0.2333,False,False,False,False,True,,,,,1_0
000750,2026-01-27,L2,2,5,-1.1521,,,,,0.4,negative_to_positive,tuesday_C,True,False,-0.6944,-0.4608,-0.2336,0.7573,shrinking,0.0821428571428573,-0.3652,False,False,False,False,True,,,,,1_0
000750,2026-01-29,L2,4,5,0.0,,,,,0.8,none,midweek_partial,False,False,0.2309,0.9324,-0.7015,1.0248,normal,0.07571428571428587,0.1321,False,False,False,False,True,,,,,0_0
000750,2026-02-02,L2,1,5,-2.1176,1.2173,1.8779,-0.6606,1.5142,0.2,none,monday,False,False,-2.3474,-1.8433,-0.5041,1.0059,normal,0.08000000000000007,-1.25,False,False,False,False,True,,,,,0_0
000750,2026-02-04,L2,3,5,-0.7059,,,,,0.6,none,midweek_partial,False,False,0.9569,0.4808,0.4762,1.4811,expanding,0.07785714285714297,0.5138,False,False,False,False,True,,,,,0_0
000750,2026-02-06,L2,5,5,-0.9412,1.2811,1.8433,-0.5622,0.7346,1.0,none,completed_week,False,False,-0.4728,0.237,-0.7098,0.7556,shrinking,0.0707142857142858,-0.2828,False,False,False,False,True,,,,,0_0
000750,2026-02-10,L2,2,5,-0.4717,,,,,0.4,none,tuesday_gate_failed,,False,-0.2364,0.4751,-0.7115,0.7387,shrinking,0.07142857142857142,-0.14,False,False,False,False,True,,,,,0_0
000750,2026-02-12,L2,4,5,-0.9434,,,,,0.8,none,midweek_partial,False,False,-0.4739,0.0,-0.4739,1.0292,normal,0.07071428571428566,-0.2828,False,False,False,False,True,,,,,0_0
000750,2026-02-24,L2,1,5,0.241,,,,,0.2,none,tuesday_gate_failed,,False,0.4831,-1.4286,1.9117,0.6306,shrinking,0.06999999999999997,0.2857,True,True,False,False,True,False,True,,,0_1
000750,2026-02-26,L2,3,5,0.7229,0.6398,2.3585,-1.7187,1.1299,0.6,negative_to_positive,midweek_partial,True,False,-0.7126,1.2019,-1.9145,0.5953,shrinking,0.0671428571428571,-0.4468,False,False,False,False,True,,,,,1_0
000751,2026-01-05,L2,1,5,0.2433,3.328,2.9925,0.3355,0.647,0.2,none,monday,False,False,0.7335,0.4914,0.2421,0.9737,normal,0.14285714285714288,0.21,True,True,True,True,True,True,False,True,False,0_1
000751,2026-01-07,L2,3,5,4.1363,1.7778,2.1531,-0.3753,2.3266,0.6,negative_to_positive,midweek_partial,True,False,-0.6961,4.6117,-5.3077,0.7283,shrinking,0.13357142857142865,-0.2246,False,False,False,False,True,,,,,1_0
000751,2026-01-09,L2,5,5,7.056,2.9177,2.1531,0.7646,2.4183,1.0,negative_to_positive,completed_week,True,False,4.0189,-1.1682,5.1871,1.5492,expanding,0.13928571428571437,1.2205,False,False,False,False,False,,,,,1_0
000751,2026-01-13,L2,2,5,-1.7978,,,,,0.4,negative_to_positive,tuesday_B,True,False,0.0,-0.6818,0.6818,1.1443,expanding,0.12642857142857153,0.0,False,False,False,False,True,,,,,1_0
000751,2026-01-15,L2,4,5,8.5393,5.3887,7.056,-1.6673,1.5847,0.8,none,midweek_partial,False,False,10.0228,0.4577,9.5651,2.6851,expanding,0.12928571428571436,3.4033,False,False,True,False,False,,,True,False,0_0
000751,2026-01-19,L2,1,5,6.3291,4.8879,7.056,-2.1681,2.2528,0.2,none,monday,False,False,2.0243,2.2774,-0.2531,0.6349,shrinking,0.15928571428571434,0.6278,False,False,False,False,True,,,,,0_0
000751,2026-01-21,L2,3,5,9.7046,7.8078,11.0112,-3.2034,1.2429,0.6,none,midweek_partial,False,False,4.6278,-1.3889,6.0167,1.6298,expanding,0.21071428571428583,1.0915,False,False,False,False,False,,,,,0_0
000751,2026-01-23,L2,5,5,20.6751,17.1441,11.0112,6.1329,1.206,1.0,double_positive_efficiency_improved,completed_week,True,False,10.0,0.0,10.0,1.0714,normal,0.2421428571428572,2.1475,False,False,True,False,False,,,False,True,1_0
000751,2026-01-27,L2,2,5,6.7769,,,,,0.4,double_positive_efficiency_improved,tuesday_A,True,False,2.7027,9.965,-7.2623,1.1657,expanding,0.2878571428571428,0.5906,False,False,False,False,True,,,,,1_0
000751,2026-01-29,L2,4,5,26.281,16.7438,20.6751,-3.9313,1.5696,0.8,none,midweek_partial,False,False,7.4543,10.0619,-2.6076,1.7068,expanding,0.35928571428571426,1.4751,False,False,False,False,False,,,,,0_0
000751,2026-02-26,L2,3,5,11.453,5.1289,1.5817,3.5472,2.233,0.6,negative_to_positive,midweek_partial,True,False,0.0,9.9494,-9.9494,1.5728,expanding,0.48071428571428576,0.0,False,False,False,False,True,,,,,1_0
000751,2026-03-02,L2,1,5,3.9242,11.1087,1.5817,9.527,1.9389,0.2,negative_to_positive,monday,True,False,8.0169,9.0491,-1.0322,1.1395,expanding,0.4264285714285715,1.3367,False,False,False,False,False,,,,,1_0
000751,2026-03-04,L2,3,5,-5.548,,,,,0.6,none,midweek_partial,False,False,0.4317,-9.5052,9.9369,0.5622,shrinking,0.445,0.0674,True,True,False,False,True,False,True,,,0_1
000751,2026-03-06,L2,5,5,-9.8782,9.6111,21.5385,-11.9274,1.0278,1.0,none,completed_week,False,False,-0.8929,-3.7249,2.8321,0.6632,shrinking,0.44214285714285717,-0.1357,False,False,False,False,True,,,,,0_0
000752,2026-01-05,L2,1,5,-1.9022,3.4992,6.0952,-2.596,0.3848,0.2,none,monday,False,False,-1.4559,1.5712,-3.027,1.2859,expanding,0.39000000000000046,-0.4103,False,False,False,False,True,,,,,0_0
000752,2026-01-07,L2,3,5,-1.8116,,,,,0.6,none,midweek_partial,False,False,0.0923,0.0,0.0923,0.6535,shrinking,0.3928571428571431,0.0255,True,True,False,False,True,False,True,,,0_1
000752,2026-01-09,L2,5,5,-0.7246,0.3027,1.3465,-1.0438,2.3935,1.0,none,completed_week,False,False,3.0075,-1.845,4.8525,1.9543,expanding,0.3292857142857146,0.9718,False,False,False,False,True,,,,,0_0
000752,2026-01-13,L2,2,5,-3.5552,,,,,0.4,none,tuesday_gate_failed,,False,-1.1215,-2.3723,1.2508,0.8142,shrinking,0.3278571428571431,-0.366,False,False,False,False,True,,,,,0_0
000752,2026-01-15,L2,4,5,-1.2762,,,,,0.8,none,midweek_partial,False,False,2.7514,-0.3781,3.1295,1.364,expanding,0.3214285714285717,0.9022,False,False,False,False,True,,,,,0_0
000752,2026-01-19,L2,1,5,3.0909,0.1775,0.7246,-0.5471,1.0273,0.2,negative_to_positive,monday,True,False,3.1847,1.4774,1.7073,1.2185,expanding,0.3214285714285718,1.0889,False,False,True,True,True,,,True,False,1_1
000752,2026-01-21,L2,3,5,1.0,1.0191,0.1823,0.8368,0.9812,0.6,double_positive_efficiency_improved,midweek_partial,True,False,-2.0282,0.0,-2.0282,1.0423,normal,0.3357142857142859,-0.6851,False,False,False,False,True,,,,,1_0
000752,2026-01-23,L2,5,5,-0.3636,0.4123,0.1823,0.23,0.882,1.0,none,completed_week,False,False,-1.88,0.5401,-2.4201,1.4813,expanding,0.34357142857142875,-0.6112,False,False,False,False,True,,,,,0_0
000752,2026-01-27,L2,2,5,-1.0939,,,,,0.4,none,tuesday_gate_failed,,False,-4.4053,3.5584,-7.9637,0.7591,shrinking,0.3314285714285716,-1.5086,False,False,False,False,True,,,,,0_0
000752,2026-01-29,L2,4,5,0.5469,0.4426,0.3636,0.079,1.2359,0.8,negative_to_positive,midweek_partial,True,False,1.4719,0.1843,1.2876,1.6786,expanding,0.4035714285714286,0.3965,False,False,True,True,True,,,True,False,1_1
000752,2026-02-02,L2,1,5,2.2514,0.7962,0.3636,0.4326,1.6029,0.2,negative_to_positive,monday,True,False,-1.8902,0.7253,-2.6155,0.4136,shrinking,0.38500000000000006,-0.5455,False,False,False,False,True,,,,,1_0
000752,2026-02-04,L2,3,5,2.8143,4.5376,1.2762,3.2614,0.6202,0.6,double_positive_efficiency_improved,midweek_partial,True,False,0.7353,-0.1835,0.9188,0.9381,normal,0.4192857142857142,0.1908,True,True,False,False,True,False,True,,,1_1
000752,2026-02-06,L2,5,5,2.0638,3.9536,1.2762,2.6774,0.522,1.0,double_positive_efficiency_improved,completed_week,True,False,-0.4575,-0.2737,-0.1837,1.0011,normal,0.4021428571428571,-0.1243,False,False,False,False,True,,,,,1_0
000752,2026-02-10,L2,2,5,0.0,,,,,0.4,double_positive_efficiency_improved,tuesday_C,True,False,0.0,-0.1838,0.1838,0.7421,shrinking,0.35714285714285715,0.0,False,False,False,False,True,,,,,1_0
000752,2026-02-12,L2,4,5,-1.9337,,,,,0.8,none,midweek_partial,False,False,-1.7528,-0.1842,-1.5686,1.5119,expanding,0.32785714285714285,-0.5795,False,False,False,False,True,,,,,0_0
000752,2026-02-24,L2,1,5,-0.0919,,,,,0.2,none,tuesday_gate_failed,,False,0.0921,1.9718,-1.8797,1.3683,expanding,0.3157142857142857,0.0317,False,False,False,False,True,,,,,0_0
000752,2026-02-26,L2,3,5,-0.9191,,,,,0.6,none,midweek_partial,False,False,-1.6423,0.828,-2.4703,1.2674,expanding,0.26285714285714296,-0.6848,False,False,False,False,True,,,,,0_0
000752,2026-03-02,L2,1,5,-1.0476,1.8728,0.0,1.8728,1.3741,0.2,none,monday,False,False,-1.9811,-1.6698,-0.3114,0.9826,normal,0.24357142857142872,-0.8622,False,False,False,False,True,,,,,0_0
000752,2026-03-04,L2,3,5,-6.0,,,,,0.6,none,midweek_partial,False,False,-0.6042,-4.4273,3.8231,0.7458,shrinking,0.2057142857142859,-0.2917,False,False,False,False,True,,,,,0_0
000752,2026-03-06,L2,5,5,-0.2857,0.2499,2.5735,-2.3236,1.1432,1.0,none,completed_week,False,False,5.015,1.0132,4.0019,1.5156,expanding,0.22785714285714306,2.1944,False,False,False,False,False,,,,,0_0
000752,2026-03-10,L2,2,5,-0.191,,,,,0.4,none,tuesday_gate_failed,,False,-0.0956,-0.0955,-0.0001,0.4701,shrinking,0.25428571428571445,-0.0393,False,False,False,False,True,,,,,0_0
000752,2026-03-12,L2,4,5,-3.5339,,,,,0.8,none,midweek_partial,False,False,-1.751,-1.6268,-0.1242,1.0295,normal,0.26642857142857157,-0.6756,False,False,False,False,True,,,,,0_0
000752,2026-03-16,L2,1,5,1.4591,1.515,0.2857,1.2293,0.8826,0.2,none,monday,False,False,0.9681,2.2772,-1.3092,0.8991,shrinking,0.28000000000000025,0.3571,False,False,False,False,True,,,,,0_0
000752,2026-03-18,L2,3,5,2.821,2.5364,1.3372,1.1992,1.1122,0.6,negative_to_positive,midweek_partial,True,False,0.4753,0.8629,-0.3876,0.5075,shrinking,0.28357142857142886,0.1763,False,False,False,False,True,,,,,1_0
000752,2026-03-20,L2,5,5,1.07,1.1535,1.3372,-0.1837,0.9276,1.0,negative_to_positive,completed_week,True,False,-0.0962,-1.6083,1.5122,0.7506,shrinking,0.3064285714285716,-0.0326,False,False,False,False,True,,,,,1_0
000752,2026-03-24,L2,2,5,0.2893,,,,,0.4,negative_to_positive,tuesday_B,True,False,3.6889,-3.4649,7.1538,0.882,shrinking,0.29714285714285726,1.2452,True,False,False,False,False,False,True,,,1_0
000752,2026-03-26,L2,4,5,-0.4822,,,,,0.8,none,midweek_partial,False,False,-4.8848,4.3269,-9.2117,0.9646,normal,0.29142857142857154,-1.8186,False,False,False,False,True,,,,,0_0
000752,2026-03-30,L2,1,5,0.8467,1.6127,1.07,0.5427,1.5547,0.2,double_positive_efficiency_improved,monday,True,False,0.8467,3.0039,-2.1572,1.7127,expanding,0.315,0.2857,False,False,False,False,True,,,,,1_0
000753,2026-01-05,L2,1,5,-1.5019,20.1778,9.281,10.8968,0.3127,0.2,none,monday,False,False,0.0,-1.625,1.625,0.7822,shrinking,0.46928571428571436,0.0,False,False,False,False,True,,,,,0_0
000753,2026-01-07,L2,3,5,-0.5006,,,,,0.6,none,midweek_partial,False,False,0.3788,0.6353,-0.2565,1.5201,expanding,0.4414285714285714,0.068,False,False,False,False,True,,,,,0_0
000753,2026-01-09,L2,5,5,-2.378,1.5098,6.3095,-4.7997,1.575,1.0,none,completed_week,False,False,0.1284,-2.0126,2.1409,0.8739,shrinking,0.39142857142857146,0.0255,True,True,False,False,True,False,True,,,0_1
000753,2026-01-13,L2,2,5,-3.8462,,,,,0.4,none,tuesday_gate_failed,,False,-3.7227,-0.1282,-3.5945,1.0346,normal,0.37499999999999994,-0.7733,False,False,False,False,True,,,,,0_0
000753,2026-01-15,L2,4,5,-5.8974,,,,,0.8,none,midweek_partial,False,False,-2.7815,0.6667,-3.4481,0.7277,shrinking,0.30642857142857133,-0.6853,False,False,False,False,True,,,,,0_0
000753,2026-01-19,L2,1,5,3.022,6.8243,2.378,4.4463,0.9769,0.2,none,monday,False,False,3.022,-0.8174,3.8394,1.2454,expanding,0.23785714285714268,0.9249,False,False,False,False,True,,,,,0_0
000753,2026-01-23,L2,5,5,5.7692,8.1919,6.6667,1.5252,0.7043,1.0,negative_to_positive,completed_week,True,False,4.336,1.9337,2.4023,2.1729,expanding,0.21214285714285705,1.5084,False,False,True,False,False,,,True,False,1_0
000753,2026-01-27,L2,2,5,-2.7097,,,,,0.4,negative_to_positive,tuesday_B,True,False,0.8021,-2.8571,3.6593,0.9939,normal,0.22,0.2727,True,True,False,False,True,False,True,,,1_1
000753,2026-02-02,L2,1,5,-2.7778,6.8034,5.7692,1.0342,0.9483,0.2,none,monday,False,False,-3.4483,0.5548,-4.0031,1.3066,expanding,0.23785714285714293,-1.0511,False,False,False,False,True,,,,,0_0
000753,2026-02-04,L2,3,5,0.5556,0.8541,6.4516,-5.5975,0.6505,0.6,negative_to_positive,midweek_partial,True,False,1.2587,2.1429,-0.8841,1.0969,normal,0.2335714285714286,0.3853,False,False,False,False,True,,,,,1_0
000753,2026-02-06,L2,5,5,-0.5556,0.5436,6.4516,-5.908,1.0219,1.0,none,completed_week,False,False,-4.5333,3.5912,-8.1245,0.7299,shrinking,0.22857142857142865,-1.4875,False,False,False,False,True,,,,,0_0
000753,2026-02-10,L2,2,5,-0.1395,,,,,0.4,none,tuesday_gate_failed,,False,-1.105,1.1173,-2.2223,0.6961,shrinking,0.25,-0.32,False,False,False,False,True,,,,,0_0
000753,2026-02-12,L2,4,5,-1.6736,,,,,0.8,none,midweek_partial,False,False,-0.8439,-0.6983,-0.1456,1.0154,normal,0.24285714285714283,-0.2471,False,False,False,False,True,,,,,0_0
000753,2026-02-24,L2,1,5,0.9859,,,,,0.2,none,tuesday_gate_failed,,False,1.7021,0.0,1.7021,1.5701,expanding,0.21428571428571416,0.56,False,False,False,False,True,,,,,0_0
000753,2026-02-26,L2,3,5,3.8028,2.3875,1.6736,0.7139,1.5928,0.6,negative_to_positive,midweek_partial,True,False,1.9364,0.8368,1.0996,2.4154,expanding,0.17928571428571421,0.7809,False,False,True,True,True,,,True,False,1_1
000753,2026-03-02,L2,1,5,0.9524,4.0307,1.6736,2.3571,1.5025,0.2,negative_to_positive,monday,True,False,-1.4608,2.171,-3.6318,0.7124,shrinking,0.1864285714285714,-0.59,False,False,False,False,True,,,,,1_0
000753,2026-03-04,L2,3,5,-0.9524,,,,,0.6,none,midweek_partial,False,False,1.676,-3.504,5.18,1.0477,normal,0.19857142857142854,0.6043,False,False,False,False,True,,,,,0_0
000753,2026-03-06,L2,5,5,-0.2721,0.2199,6.0563,-5.8364,1.2374,1.0,none,completed_week,False,False,0.0,0.6868,-0.6868,0.5684,shrinking,0.22714285714285706,0.0,False,False,False,False,True,,,,,0_0
000753,2026-03-10,L2,2,5,-1.6552,,,,,0.4,none,tuesday_gate_failed,,False,-0.2797,-2.4557,2.1759,0.5798,shrinking,0.1928571428571428,-0.1037,False,False,False,False,True,,,,,0_0
000753,2026-03-12,L2,4,5,-3.8621,,,,,0.8,none,midweek_partial,False,False,-2.244,0.0,-2.244,1.2304,expanding,0.19999999999999993,-0.8,False,False,False,False,True,,,,,0_0
000753,2026-03-16,L2,1,5,-0.1427,5.1108,0.2721,4.8387,0.7557,0.2,none,monday,False,False,0.4304,0.0,0.4304,0.9184,normal,0.215,0.1395,True,True,False,False,True,False,True,,,0_1
000753,2026-03-30,L2,1,5,11.7829,2.5053,8.7019,-6.1966,1.9159,0.2,negative_to_positive,monday,True,False,10.0763,-1.0574,11.1337,4.2062,expanding,0.2592857142857143,2.5455,False,False,True,False,False,,,False,True,1_0
000755,2026-01-05,L2,1,5,0.198,4.6791,0.5758,4.1033,0.6201,0.2,none,monday,False,False,0.7968,-0.5941,1.3909,0.8825,shrinking,0.10357142857142845,0.3862,True,True,False,False,True,False,True,,,0_1
000755,2026-01-07,L2,3,5,-0.5941,,,,,0.6,none,midweek_partial,False,False,-0.5941,-0.1976,-0.3964,0.8475,shrinking,0.0985714285714285,-0.3043,False,False,False,False,True,,,,,0_0
000755,2026-01-09,L2,5,5,-0.7921,0.3528,2.9014,-2.5486,2.2452,1.0,none,completed_week,False,False,1.0081,-1.1952,2.2033,0.7062,shrinking,0.09357142857142854,0.5344,True,True,False,False,True,False,True,,,0_1
000755,2026-01-13,L2,2,5,-0.1984,,,,,0.4,none,tuesday_gate_failed,,False,-0.789,1.1976,-1.9866,1.0859,normal,0.08642857142857142,-0.4628,False,False,False,False,True,,,,,0_0
000755,2026-01-15,L2,4,5,0.7937,0.7259,0.7921,-0.0662,1.0933,0.8,negative_to_positive,midweek_partial,True,False,0.5941,0.3976,0.1964,0.9968,normal,0.07928571428571438,0.3784,True,True,True,True,True,True,False,True,False,1_1
000755,2026-01-19,L2,1,5,0.3891,1.4862,0.7921,0.6941,1.2015,0.2,negative_to_positive,monday,True,False,0.5848,0.9843,-0.3995,0.742,shrinking,0.07499999999999998,0.4,False,False,False,False,True,,,,,1_0
000755,2026-01-21,L2,3,5,2.1401,1.8702,1.7857,0.0845,1.1443,0.6,double_positive_efficiency_improved,midweek_partial,True,False,-0.7561,2.5194,-3.2755,0.4417,shrinking,0.07785714285714285,-0.5138,False,False,False,False,True,,,,,1_0
000755,2026-01-23,L2,5,5,3.1128,3.0884,1.7857,1.3027,1.0079,1.0,double_positive_efficiency_improved,completed_week,True,False,-0.1883,1.1429,-1.3312,0.955,normal,0.07785714285714285,-0.1284,False,False,False,False,True,,,,,1_0
000755,2026-01-27,L2,2,5,-0.189,,,,,0.4,double_positive_efficiency_improved,tuesday_A,True,False,-0.9381,0.566,-1.5041,0.8217,shrinking,0.08071428571428571,-0.6195,False,False,False,False,True,,,,,1_0
000755,2026-01-29,L2,4,5,0.7561,0.9652,3.1128,-2.1476,0.7834,0.8,none,midweek_partial,False,False,-0.9294,1.8939,-2.8233,0.9252,normal,0.08571428571428566,-0.5833,False,False,False,False,True,,,,,0_0
000755,2026-02-02,L2,1,5,-1.4981,0.9621,3.1128,-2.1507,0.7859,0.2,none,monday,False,False,-1.3133,0.0,-1.3133,0.9772,normal,0.09571428571428564,-0.7313,False,False,False,False,True,,,,,0_0
000755,2026-02-04,L2,3,5,1.8727,1.1802,0.7561,0.4241,1.5867,0.6,double_positive_efficiency_improved,midweek_partial,True,False,3.0303,0.3802,2.6501,3.2104,expanding,0.10214285714285706,1.5664,False,False,False,False,True,,,,,1_0
000755,2026-02-06,L2,5,5,0.0,0.0,0.7561,-0.7561,1.6044,1.0,none,completed_week,False,False,-0.7435,-1.1029,0.3594,0.7751,shrinking,0.12285714285714285,-0.3256,False,False,False,False,True,,,,,0_0
000755,2026-02-10,L2,2,5,-0.3745,,,,,0.4,none,tuesday_gate_failed,,False,-1.2987,0.9363,-2.235,0.5813,shrinking,0.12999999999999995,-0.5385,False,False,False,False,True,,,,,0_0
000755,2026-02-12,L2,4,5,-1.6854,,,,,0.8,none,midweek_partial,False,False,-1.3158,0.0,-1.3158,0.9839,normal,0.1264285714285714,-0.5537,False,False,False,False,True,,,,,0_0
000755,2026-02-24,L2,1,5,1.9194,,,,,0.2,none,tuesday_gate_failed,,False,2.5097,-1.3333,3.843,0.9298,normal,0.1257142857142857,1.0341,True,True,False,False,True,False,True,,,0_1
000755,2026-02-26,L2,3,5,1.5355,2.1124,2.9963,-0.8839,0.7269,0.6,negative_to_positive,midweek_partial,True,False,-0.3766,0.0,-0.3766,0.7056,shrinking,0.12642857142857153,-0.1582,False,False,False,False,True,,,,,1_0
000755,2026-03-02,L2,1,5,1.6729,5.5737,2.9963,2.5774,0.6199,0.2,negative_to_positive,monday,True,False,1.4842,1.8904,-0.4061,1.8324,expanding,0.1207142857142858,0.6627,False,False,False,False,True,,,,,1_0
000755,2026-03-04,L2,3,5,1.3011,0.4753,3.4549,-2.9796,2.7374,0.6,none,midweek_partial,False,False,0.3683,-0.7313,1.0996,0.6834,shrinking,0.13142857142857153,0.1522,True,True,False,False,True,False,True,,,0_1
000755,2026-03-06,L2,5,5,3.3457,1.3522,3.4549,-2.1027,2.4743,1.0,none,completed_week,False,False,2.0183,0.0,2.0183,0.9295,normal,0.1200000000000001,0.9167,True,True,False,False,True,False,True,,,0_1
000755,2026-03-10,L2,2,5,-0.1799,,,,,0.4,none,tuesday_gate_failed,,False,0.3617,-0.5396,0.9012,0.5838,shrinking,0.11928571428571447,0.1677,True,True,False,False,True,False,True,,,0_1
000755,2026-03-12,L2,4,5,0.3597,0.589,3.3457,-2.7567,0.6108,0.8,none,midweek_partial,False,False,0.722,-0.1802,0.9022,1.2197,expanding,0.12142857142857169,0.3294,False,False,False,False,True,,,,,0_0
000755,2026-03-16,L2,1,5,-1.7857,0.6208,3.3457,-2.7249,0.5794,0.2,none,monday,False,False,-1.4337,0.0,-1.4337,1.2403,expanding,0.12714285714285736,-0.6292,False,False,False,False,True,,,,,0_0
000755,2026-03-18,L2,3,5,-2.3214,,,,,0.6,none,midweek_partial,False,False,-0.3643,-0.1818,-0.1825,0.8614,shrinking,0.12714285714285728,-0.1573,False,False,False,False,True,,,,,0_0
000755,2026-03-20,L2,5,5,-4.6429,5.6168,0.3597,5.2571,0.8266,1.0,none,completed_week,False,False,-0.9276,-1.4625,0.5349,1.1201,expanding,0.1300000000000002,-0.3846,False,False,False,False,True,,,,,0_0
000755,2026-03-24,L2,2,5,-1.6981,,,,,0.4,none,tuesday_gate_failed,,False,3.992,-6.1798,10.1718,0.6864,shrinking,0.12428571428571449,1.6092,True,False,False,False,False,False,True,,,0_0
000755,2026-03-26,L2,4,5,0.7547,0.4368,4.6429,-4.2061,1.7279,0.8,negative_to_positive,midweek_partial,True,False,-0.7435,3.263,-4.0065,0.7151,shrinking,0.1450000000000002,-0.2759,False,False,False,False,True,,,,,1_0
000755,2026-03-30,L2,1,5,0.3788,0.0,4.6429,-4.6429,1.6647,0.2,none,monday,False,False,0.0,-0.7491,0.7491,0.5895,shrinking,0.14857142857142877,0.0,False,False,False,False,True,,,,,0_0
000756,2026-01-05,L2,1,5,2.3286,4.755,0.3781,4.3769,0.545,0.2,none,monday,False,False,2.6606,-0.7727,3.4333,1.7904,expanding,0.2564285714285713,1.5989,False,False,False,False,True,,,,,0_0
000756,2026-01-07,L2,3,5,2.3933,0.8829,2.5917,-1.7088,2.7108,0.6,negative_to_positive,midweek_partial,True,False,-0.6277,0.6953,-1.3231,0.8513,shrinking,0.2471428571428572,-0.4046,False,False,False,False,True,,,,,1_0
000756,2026-01-09,L2,5,5,4.075,1.482,2.5917,-1.1097,2.7497,1.0,negative_to_positive,completed_week,True,False,0.3743,1.2634,-0.8891,1.0424,normal,0.22999999999999993,0.2609,False,False,False,False,True,,,,,1_0
000756,2026-01-13,L2,2,5,4.9782,,,,,0.4,negative_to_positive,tuesday_B,True,False,5.109,-0.2486,5.3576,2.4222,expanding,0.2185714285714286,3.7516,False,False,False,False,False,,,,,1_0
000756,2026-01-15,L2,4,5,0.9956,0.5587,4.075,-3.5163,1.782,0.8,none,midweek_partial,False,False,-1.6959,-2.134,0.438,0.4883,shrinking,0.26142857142857145,-1.071,False,False,False,False,True,,,,,0_0
000756,2026-01-19,L2,1,5,0.0,0.7768,4.075,-3.2982,1.6023,0.2,none,monday,False,False,0.0615,0.2465,-0.185,0.6939,shrinking,0.3014285714285717,0.0332,False,False,False,False,True,,,,,0_0
000756,2026-01-21,L2,3,5,-0.1843,,,,,0.6,none,midweek_partial,False,False,-1.6939,1.5356,-3.2295,0.84,shrinking,0.3050000000000005,-0.918,False,False,False,False,True,,,,,0_0
000756,2026-01-23,L2,5,5,-0.1229,0.2332,1.2446,-1.0114,0.5268,1.0,none,completed_week,False,False,0.4324,-0.3692,0.8016,1.1476,expanding,0.32500000000000057,0.2154,False,False,False,False,True,,,,,0_0
000756,2026-01-27,L2,2,5,0.8485,,,,,0.4,none,tuesday_gate_failed,,False,-3.1432,5.6581,-8.8012,0.6245,shrinking,0.3014285714285717,-1.7915,False,False,False,False,True,,,,,0_0
000756,2026-01-29,L2,4,5,-2.7879,,,,,0.8,none,midweek_partial,False,True,-2.4924,-1.1418,-1.3506,1.099,normal,0.4007142857142859,-1.0232,False,False,False,False,True,,,,,0_0
000756,2026-02-02,L2,1,5,-0.38,1.7476,0.1229,1.6247,2.0807,0.2,none,monday,False,False,-1.0692,-0.8728,-0.1964,0.733,shrinking,0.4292857142857144,-0.396,False,False,False,False,True,,,,,0_0
000756,2026-02-04,L2,3,5,1.2033,3.9033,3.6364,0.2669,0.3083,0.6,negative_to_positive,midweek_partial,True,False,0.44,1.1443,-0.7043,0.8921,shrinking,0.39928571428571463,0.1753,False,False,False,False,True,,,,,1_0
000756,2026-02-06,L2,5,5,1.0766,3.1419,3.6364,-0.4945,0.3427,1.0,negative_to_positive,completed_week,True,False,0.5038,-0.6258,1.1296,2.025,expanding,0.35857142857142854,0.2231,False,False,False,False,True,,,,,1_0
000756,2026-02-10,L2,2,5,0.9488,,,,,0.4,negative_to_positive,tuesday_A,True,False,-0.1876,0.188,-0.3756,0.7026,shrinking,0.37571428571428533,-0.0798,False,False,False,False,True,,,,,1_0
000756,2026-02-12,L2,4,5,-0.3163,,,,,0.8,none,midweek_partial,False,False,-0.7557,-0.5013,-0.2544,1.2486,expanding,0.35571428571428537,-0.3373,False,False,False,False,True,,,,,0_0
000756,2026-02-24,L2,1,5,-0.127,,,,,0.2,none,tuesday_gate_failed,,False,0.3829,-0.5711,0.954,0.8663,shrinking,0.35214285714285715,0.1704,True,True,False,False,True,False,True,,,0_1
000756,2026-02-26,L2,3,5,0.6349,0.6501,0.8855,-0.2354,0.9767,0.6,negative_to_positive,midweek_partial,True,False,-0.3771,1.1443,-1.5214,0.6987,shrinking,0.2457142857142858,-0.2442,False,False,False,False,True,,,,,1_0
000756,2026-03-02,L2,1,5,-1.5863,1.1175,0.8855,0.232,0.7386,0.2,negative_to_positive,monday,True,False,-2.33,0.1893,-2.5192,1.9037,expanding,0.20928571428571413,-1.7679,False,False,False,False,True,,,,,1_0
000756,2026-03-04,L2,3,5,-3.8706,,,,,0.6,none,midweek_partial,False,False,0.2647,-2.579,2.8437,0.5884,shrinking,0.20071428571428537,0.1993,True,True,False,False,True,False,True,,,0_1
000756,2026-03-06,L2,5,5,-2.4112,1.7049,0.8254,0.8795,1.4142,1.0,none,completed_week,False,False,1.5182,0.0,1.5182,1.2188,expanding,0.21999999999999975,1.0455,False,False,False,False,True,,,,,0_0
000756,2026-03-10,L2,2,5,1.7105,,,,,0.4,none,tuesday_gate_failed,,False,0.3896,0.13,0.2596,0.872,shrinking,0.21357142857142847,0.2809,True,True,True,True,True,True,False,True,False,0_1
000756,2026-03-12,L2,4,5,1.3816,2.1377,2.4112,-0.2735,0.6463,0.8,negative_to_positive,midweek_partial,True,False,0.0649,-0.3881,0.453,1.2236,expanding,0.21571428571428555,0.0464,False,False,False,False,True,,,,,1_0
000756,2026-03-16,L2,1,5,0.2609,1.5776,2.4112,-0.8336,0.6255,0.2,negative_to_positive,monday,True,False,0.1303,-0.3894,0.5197,0.8557,shrinking,0.22214285714285711,0.09,True,True,False,False,True,False,True,,,1_1
000756,2026-03-18,L2,3,5,-0.3914,,,,,0.6,none,midweek_partial,False,False,-0.2613,-0.3904,0.1291,1.1712,expanding,0.21714285714285694,-0.1842,False,False,False,False,True,,,,,0_0
000756,2026-03-20,L2,5,5,-3.9139,3.7452,0.9868,2.7584,1.0451,1.0,none,completed_week,False,False,-2.1912,-1.3752,-0.816,1.2639,expanding,0.2214285714285714,-1.4903,False,False,False,False,True,,,,,0_0
000756,2026-03-30,L2,1,5,2.3098,1.7258,3.9139,-2.1881,1.3494,0.2,negative_to_positive,monday,True,False,0.8032,3.8943,-3.0911,0.798,shrinking,0.27785714285714264,0.4319,False,False,False,False,True,,,,,1_0
000757,2026-01-05,L2,1,5,-0.4107,2.7555,2.7559,-0.0004,0.5143,0.2,none,monday,False,False,-0.4107,-0.8147,0.404,1.3873,expanding,0.1385714285714286,-0.1443,False,False,False,False,True,,,,,0_0
000757,2026-01-07,L2,3,5,-0.8214,,,,,0.6,none,midweek_partial,False,False,-1.4286,1.0309,-2.4595,1.2616,expanding,0.1221428571428572,-0.5731,False,False,False,False,True,,,,,0_0
000757,2026-01-09,L2,5,5,0.8214,0.3908,1.417,-1.0262,2.1016,1.0,negative_to_positive,completed_week,True,False,-0.2033,1.8634,-2.0666,0.9321,normal,0.11500000000000009,-0.087,False,False,False,False,True,,,,,1_0
000757,2026-01-13,L2,2,5,0.6098,,,,,0.4,negative_to_positive,tuesday_A,True,False,-0.4024,1.222,-1.6244,1.1273,expanding,0.10642857142857144,-0.1879,False,False,False,False,True,,,,,1_0
000757,2026-01-15,L2,4,5,1.2195,1.0911,0.8214,0.2697,1.1177,0.8,double_positive_efficiency_improved,midweek_partial,True,False,0.8097,-0.202,1.0117,0.6779,shrinking,0.10000000000000009,0.4,True,True,False,False,True,False,True,,,1_1
000757,2026-01-19,L2,1,5,2.1359,2.2414,0.8214,1.42,1.1788,0.2,double_positive_efficiency_improved,monday,True,False,4.1584,1.4056,2.7528,1.6294,expanding,0.10071428571428573,2.0851,False,False,False,False,False,,,,,1_0
000757,2026-01-21,L2,3,5,2.1359,1.4334,2.6423,-1.2089,1.4901,0.6,none,midweek_partial,False,False,0.5736,-0.5703,1.144,0.6938,shrinking,0.11,0.2727,True,True,False,False,True,False,True,,,0_1
000757,2026-01-23,L2,5,5,2.3301,1.6854,2.6423,-0.9569,1.3826,1.0,none,completed_week,False,False,-0.9398,1.1407,-2.0805,0.7772,shrinking,0.11142857142857153,-0.4487,False,False,False,False,True,,,,,0_0
000757,2026-01-27,L2,2,5,-0.7605,,,,,0.4,none,tuesday_gate_failed,,False,0.3846,-1.3283,1.7129,0.9528,normal,0.11571428571428578,0.1728,True,True,False,False,True,False,True,,,0_1
000757,2026-01-29,L2,4,5,-2.4715,,,,,0.8,none,midweek_partial,False,False,-0.1946,-1.5326,1.338,0.9607,normal,0.12357142857142867,-0.0809,False,False,False,False,True,,,,,0_0
000757,2026-02-02,L2,1,5,-1.9268,1.5629,2.3301,-0.7672,0.7299,0.2,none,monday,False,False,-2.1154,1.3645,-3.4799,1.1181,expanding,0.12642857142857158,-0.8701,False,False,False,False,True,,,,,0_0
000757,2026-02-04,L2,3,5,0.578,0.589,1.1407,-0.5517,0.9813,0.6,negative_to_positive,midweek_partial,True,False,0.7722,1.7682,-0.996,0.9817,normal,0.13285714285714295,0.3011,False,False,False,False,True,,,,,1_0
000757,2026-02-06,L2,5,5,0.9634,0.9392,1.1407,-0.2015,1.0258,1.0,negative_to_positive,completed_week,True,False,1.1583,-0.7663,1.9246,1.09,normal,0.13428571428571448,0.4468,False,False,False,False,True,,,,,1_0
000757,2026-02-10,L2,2,5,0.9488,,,,,0.4,negative_to_positive,tuesday_A,True,False,0.5671,0.9542,-0.3871,0.8902,shrinking,0.12642857142857158,0.2373,False,False,False,False,True,,,,,1_0
000757,2026-02-12,L2,4,5,-1.1385,,,,,0.8,none,midweek_partial,False,False,-1.8832,-0.188,-1.6953,1.34,expanding,0.11785714285714288,-0.8485,False,False,False,False,True,,,,,0_0
000757,2026-02-24,L2,1,5,0.9524,,,,,0.2,none,tuesday_gate_failed,,False,1.7274,0.0,1.7274,1.607,expanding,0.11642857142857148,0.773,False,False,True,True,True,,,False,True,0_1
000757,2026-02-26,L2,3,5,0.7619,0.6515,1.1385,-0.487,1.1695,0.6,negative_to_positive,midweek_partial,True,False,0.0,-0.1887,0.1887,0.9822,normal,0.10928571428571436,0.0,False,False,False,False,True,,,,,1_0
000757,2026-03-02,L2,1,5,-2.6415,1.8514,1.1385,0.7129,0.926,0.2,negative_to_positive,monday,True,False,-3.3708,0.9452,-4.316,1.4896,expanding,0.10214285714285719,-1.7622,False,False,False,False,True,,,,,1_0
000757,2026-03-04,L2,3,5,-6.0377,,,,,0.6,none,midweek_partial,False,False,-1.3861,-2.1318,0.7456,0.6547,shrinking,0.10785714285714297,-0.649,False,False,False,False,True,,,,,0_0
000757,2026-03-06,L2,5,5,-0.3774,0.1991,1.7143,-1.5152,1.8957,1.0,none,completed_week,False,False,2.924,3.012,-0.0881,1.0592,normal,0.11357142857142863,1.3208,False,False,False,False,True,,,,,0_0
000757,2026-03-10,L2,2,5,0.759,,,,,0.4,none,tuesday_gate_failed,,False,0.759,-0.1894,0.9484,0.6085,shrinking,0.1242857142857143,0.3218,True,True,False,False,True,False,True,,,0_1
000757,2026-03-12,L2,4,5,-0.1898,,,,,0.8,none,midweek_partial,False,False,-1.3133,0.3766,-1.69,1.2054,expanding,0.13142857142857153,-0.5326,False,False,False,False,True,,,,,0_0
000757,2026-03-16,L2,1,5,0.0,0.2527,0.3774,-0.1247,0.7508,0.2,none,monday,False,False,0.0,0.0,0.0,0.837,shrinking,0.13214285714285726,0.0,False,False,False,False,True,,,,,0_0
000757,2026-03-18,L2,3,5,-0.5703,,,,,0.6,none,midweek_partial,False,False,0.9653,-1.5209,2.4862,0.9629,normal,0.13857142857142865,0.3608,True,True,False,False,True,False,True,,,0_1
000758,2026-01-05,L2,1,5,-0.7463,0.6779,4.6699,-3.992,0.894,0.2,none,monday,False,False,0.1506,2.3112,-2.1606,0.7089,shrinking,0.16285714285714276,0.0614,False,False,False,False,True,,,,,0_0
000758,2026-01-07,L2,3,5,2.9851,1.5357,0.6061,0.9296,1.9438,0.6,double_positive_efficiency_improved,midweek_partial,True,False,0.1451,3.609,-3.4639,0.9748,normal,0.1714285714285714,0.0583,False,False,False,False,True,,,,,1_0
000758,2026-01-09,L2,5,5,4.9254,2.5472,0.6061,1.9411,1.9336,1.0,double_positive_efficiency_improved,completed_week,True,False,2.7778,-0.8696,3.6473,1.1767,expanding,0.1857142857142857,1.0231,False,False,True,True,True,,,False,True,1_1
000758,2026-01-13,L2,2,5,-2.1067,,,,,0.4,double_positive_efficiency_improved,tuesday_C,True,False,-0.7123,-0.1422,-0.57,0.9832,normal,0.19571428571428567,-0.2555,False,False,False,False,True,,,,,1_0
000758,2026-01-15,L2,4,5,0.0,,,,,0.8,none,midweek_partial,False,False,2.7417,-0.5739,3.3156,1.3753,expanding,0.20642857142857146,0.9204,False,False,False,False,True,,,,,0_0
000758,2026-01-19,L2,1,5,0.8475,0.4689,4.9254,-4.4565,1.198,0.2,none,monday,False,False,0.8475,-0.5618,1.4093,0.8045,shrinking,0.2335714285714286,0.2569,True,True,True,True,True,False,True,False,True,0_1
000758,2026-01-21,L2,3,5,4.661,4.4412,0.5618,3.8794,1.0495,0.6,negative_to_positive,midweek_partial,True,False,2.0661,1.6807,0.3854,1.247,expanding,0.2500000000000001,0.6,False,False,True,True,True,,,True,False,1_1
000758,2026-01-23,L2,5,5,14.2655,10.5846,0.5618,10.0228,1.3478,1.0,negative_to_positive,completed_week,True,False,4.9287,4.0486,0.8801,1.1891,expanding,0.26714285714285724,1.4225,False,False,True,False,False,,,True,False,1_0
000758,2026-01-27,L2,2,5,-1.2077,,,,,0.4,negative_to_positive,tuesday_A,True,False,-6.5143,8.1582,-14.6725,0.866,shrinking,0.3314285714285715,-1.7198,False,False,False,False,True,,,,,1_0
000758,2026-01-29,L2,4,5,6.2802,2.8723,14.2655,-11.3932,2.1865,0.8,none,midweek_partial,False,False,-2.2222,10.0244,-12.2467,1.41,expanding,0.40785714285714303,-0.4904,False,False,False,False,True,,,,,0_0
000758,2026-02-04,L2,3,5,4.2292,7.4692,4.3478,3.1214,0.5662,0.6,negative_to_positive,midweek_partial,True,False,1.5957,5.1748,-3.5791,0.7079,shrinking,0.5900000000000001,0.2034,False,False,False,False,True,,,,,1_0
000758,2026-02-06,L2,5,5,-0.2729,0.6008,4.3478,-3.747,0.4541,1.0,none,completed_week,False,False,-0.5442,-3.7958,3.2516,0.9719,normal,0.595714285714286,-0.0671,False,False,False,False,True,,,,,0_0
000758,2026-02-10,L2,2,5,-1.8742,,,,,0.4,none,tuesday_gate_failed,,False,-0.9459,1.2312,-2.1771,0.8339,shrinking,0.6135714285714287,-0.1141,False,False,False,False,True,,,,,0_0
000758,2026-02-12,L2,4,5,1.8742,3.5057,0.2729,3.2328,0.5346,0.8,negative_to_positive,midweek_partial,True,False,1.1968,2.5921,-1.3953,0.9368,normal,0.5942857142857143,0.1514,False,False,False,False,True,,,,,1_0
000758,2026-02-24,L2,1,5,1.847,,,,,0.2,none,tuesday_gate_failed,,False,4.8913,-3.2852,8.1765,1.459,expanding,0.5457142857142856,0.6597,False,False,False,False,False,,,,,0_0
000758,2026-02-26,L2,3,5,12.7968,5.2711,1.4726,3.7985,2.4277,0.6,negative_to_positive,midweek_partial,True,False,0.7067,9.9741,-9.2674,3.6967,expanding,0.4814285714285713,0.1246,False,False,False,False,True,,,,,1_0
000758,2026-03-02,L2,1,5,-2.2198,8.9851,1.4726,7.5125,2.1437,0.2,negative_to_positive,monday,True,False,-2.5442,5.731,-8.2752,0.9021,normal,0.4514285714285714,-0.5095,False,False,False,False,True,,,,,1_0
000762,2026-01-05,L2,1,5,2.9323,11.0542,3.923,7.1312,0.4577,0.2,none,monday,False,False,4.2254,-1.0546,5.28,1.9236,expanding,1.0428571428571431,1.0644,False,False,False,False,False,,,,,0_0
000762,2026-01-07,L2,3,5,5.6391,2.2161,5.0596,-2.8435,2.5446,0.6,negative_to_positive,midweek_partial,True,False,0.1426,2.4836,-2.341,0.9692,normal,1.0521428571428575,0.038,False,False,False,False,True,,,,,1_0
000762,2026-01-09,L2,5,5,5.3008,2.1586,5.0596,-2.901,2.4557,1.0,negative_to_positive,completed_week,True,False,1.1191,-1.4235,2.5426,0.7942,shrinking,1.092142857142857,0.2838,True,True,False,False,True,False,True,,,1_1
000762,2026-01-13,L2,2,5,1.0764,,,,,0.4,negative_to_positive,tuesday_B,True,False,2.0687,1.8208,0.2479,1.6844,expanding,1.0978571428571429,0.5374,False,False,False,False,True,,,,,1_0
000762,2026-01-15,L2,4,5,-0.6944,,,,,0.8,none,midweek_partial,False,True,1.7432,-3.4352,5.1784,0.7076,shrinking,1.1542857142857144,0.4245,True,True,False,False,True,False,True,,,0_1
000762,2026-01-19,L2,1,5,1.6752,2.9162,5.3008,-2.3846,1.3455,0.2,none,monday,False,False,0.9035,-3.2517,4.1553,0.6935,shrinking,1.2278571428571425,0.2036,True,True,False,False,True,False,True,,,0_1
000762,2026-01-21,L2,3,5,5.6082,7.5901,3.9236,3.6665,0.7389,0.6,negative_to_positive,midweek_partial,True,False,3.831,0.0358,3.7952,1.411,expanding,1.2735714285714284,0.8402,False,False,False,False,False,,,,,1_0
000762,2026-01-23,L2,5,5,8.7036,11.7316,3.9236,7.808,0.7419,1.0,negative_to_positive,completed_week,True,False,3.3229,-0.3793,3.7023,1.4875,expanding,1.3064285714285717,0.7348,False,False,False,False,True,,,,,1_0
000762,2026-01-27,L2,2,5,-2.2185,,,,,0.4,negative_to_positive,tuesday_C,True,False,-2.0239,0.9715,-2.9954,0.8239,shrinking,1.2807142857142857,-0.4763,False,False,False,False,True,,,,,1_0
000762,2026-01-29,L2,4,5,-1.6556,,,,,0.8,none,midweek_partial,False,False,-1.9478,2.5737,-4.5215,0.9323,normal,1.3178571428571428,-0.4477,False,False,False,False,True,,,,,0_0
000762,2026-02-02,L2,1,5,-0.9954,7.957,8.7036,-0.7466,1.3358,0.2,none,monday,False,False,-4.1867,-9.1246,4.9378,0.5707,shrinking,1.3485714285714285,-0.8379,False,False,False,False,True,,,,,0_0
000762,2026-02-04,L2,3,5,2.144,4.5073,10.6291,-6.1218,0.4757,0.6,negative_to_positive,midweek_partial,True,False,-0.1871,3.3643,-3.5513,0.6852,shrinking,1.417142857142857,-0.0353,False,False,False,False,True,,,,,1_0
000762,2026-02-06,L2,5,5,-0.8806,1.9915,10.6291,-8.6376,0.4421,1.0,none,completed_week,False,False,1.4896,-4.3853,5.8749,0.8223,shrinking,1.3157142857142858,0.2888,True,True,False,False,True,False,True,,,0_1
000762,2026-02-10,L2,2,5,-1.0707,,,,,0.4,none,tuesday_gate_failed,,False,-1.0329,0.9656,-1.9985,0.7294,shrinking,1.3314285714285714,-0.2028,False,False,False,False,True,,,,,0_0
000762,2026-02-12,L2,4,5,3.7476,5.1238,0.8806,4.2432,0.7314,0.8,negative_to_positive,midweek_partial,True,False,2.6097,2.2033,0.4064,1.4411,expanding,1.1942857142857142,0.5778,False,False,True,True,True,,,True,False,1_1
000762,2026-02-24,L2,1,5,0.6146,,,,,0.2,negative_to_positive,tuesday_A,True,False,2.8835,-0.2949,3.1784,1.1722,expanding,1.2150000000000003,0.642,False,False,True,True,True,,,False,True,1_1
000762,2026-02-26,L2,3,5,9.5445,3.6392,3.4417,0.1975,2.6227,0.6,double_positive_efficiency_improved,midweek_partial,True,False,2.2612,6.4678,-4.2066,1.1178,expanding,1.2021428571428572,0.5573,False,False,False,False,True,,,,,1_0
000762,2026-03-02,L2,1,5,-0.7013,6.3938,3.4417,2.9521,2.1374,0.2,double_positive_efficiency_improved,monday,True,False,-0.9224,3.7624,-4.6848,0.9194,normal,1.2664285714285717,-0.229,False,False,False,False,True,,,,,1_0
000762,2026-03-10,L2,2,5,4.4561,,,,,0.4,none,tuesday_gate_failed,,False,1.8474,1.3172,0.5303,0.6987,shrinking,1.3221428571428573,0.4084,True,True,True,True,True,True,False,True,False,0_1
000762,2026-03-12,L2,4,5,1.614,2.1453,8.0332,-5.8879,0.7524,0.8,negative_to_positive,midweek_partial,True,False,-2.4587,-0.2687,-2.19,0.9479,normal,1.4785714285714289,-0.4937,False,False,False,False,True,,,,,1_0
000762,2026-03-16,L2,1,5,-0.8501,4.4288,8.0332,-3.6044,0.8398,0.2,negative_to_positive,monday,True,False,-1.3532,2.0718,-3.425,0.8087,shrinking,1.4528571428571428,-0.2753,False,False,False,False,True,,,,,1_0
000762,2026-03-30,L2,1,5,-0.226,13.736,11.4247,2.3113,1.5251,0.2,negative_to_positive,monday,True,False,0.2271,7.0486,-6.8216,0.8693,shrinking,1.4992857142857143,0.0467,False,False,False,False,True,,,,,1_0
000766,2026-01-05,L2,1,5,-2.8488,2.764,0.8906,1.8734,0.8608,0.2,none,monday,False,False,-3.2375,0.3651,-3.6026,1.4386,expanding,0.6264285714285714,-1.4208,False,False,False,False,True,,,,,0_0
000766,2026-01-07,L2,3,5,-4.1636,,,,,0.6,none,midweek_partial,False,False,-1.5015,0.1504,-1.6519,0.989,normal,0.7678571428571429,-0.5209,False,False,False,False,True,,,,,0_0
000766,2026-01-09,L2,5,5,-7.4507,2.6721,2.3793,0.2928,2.7883,1.0,none,completed_week,False,True,0.9562,-4.3445,5.3007,0.6778,shrinking,0.727857142857143,0.3297,True,True,False,False,True,False,True,,,0_1
000766,2026-01-13,L2,2,5,6.6798,,,,,0.4,none,tuesday_gate_failed,,False,-2.5834,9.9842,-12.5676,0.7028,shrinking,0.857857142857143,-0.8393,False,False,False,False,True,,,,,0_0
000766,2026-01-15,L2,4,5,4.9509,4.3455,7.4507,-3.1052,1.1393,0.8,negative_to_positive,midweek_partial,True,False,-1.0741,-0.5525,-0.5216,0.5891,shrinking,1.025714285714286,-0.2827,False,False,False,False,True,,,,,1_0
000766,2026-01-19,L2,1,5,-0.2662,3.6368,7.4507,-3.8139,1.0264,0.2,negative_to_positive,monday,True,False,-0.6439,-1.1606,0.5167,0.6343,shrinking,1.0692857142857144,-0.159,False,False,False,False,True,,,,,1_0
000766,2026-01-21,L2,3,5,1.597,2.5622,3.7328,-1.1706,0.6233,0.6,none,midweek_partial,False,False,0.6782,1.1819,-0.5036,0.9734,normal,1.0971428571428576,0.1641,False,False,False,False,True,,,,,0_0
000766,2026-01-23,L2,5,5,0.6464,1.1315,3.7328,-2.6013,0.5713,1.0,none,completed_week,False,False,-0.3013,-0.6362,0.3349,0.9933,normal,1.129285714285715,-0.0708,False,False,False,False,True,,,,,0_0
000766,2026-01-27,L2,2,5,0.4138,,,,,0.4,none,tuesday_gate_failed,,False,0.5652,0.2645,0.3007,0.7278,shrinking,0.9942857142857149,0.1509,True,True,False,False,True,True,False,,,0_1
000766,2026-01-29,L2,4,5,0.0752,0.0656,0.6464,-0.5808,1.1469,0.8,none,midweek_partial,False,False,2.2291,-2.5103,4.7394,1.3274,expanding,1.0064285714285721,0.5763,False,False,False,False,True,,,,,0_0
000766,2026-02-02,L2,1,5,-1.6078,2.941,0.6464,2.2946,1.1257,0.2,none,monday,False,False,-2.3735,-3.3835,1.0099,1.1007,expanding,0.9692857142857151,-0.6293,False,False,False,False,True,,,,,0_0
000766,2026-03-02,L2,1,5,-0.4419,3.7694,1.9006,1.8688,0.7941,0.2,none,monday,False,False,-2.086,-1.4983,-0.5878,1.5901,expanding,0.9107142857142859,-0.5271,False,False,False,False,True,,,,,0_0
000766,2026-03-06,L2,5,5,-6.1423,2.8213,2.9933,-0.172,2.1771,1.0,none,completed_week,False,False,-0.0941,1.3346,-1.4287,0.4393,shrinking,0.7000000000000008,-0.0286,False,False,False,False,True,,,,,0_0
000766,2026-03-10,L2,2,5,1.6548,,,,,0.4,none,tuesday_gate_failed,,False,1.0813,0.1412,0.9401,0.9779,normal,0.7021428571428577,0.3276,True,True,True,True,True,True,False,True,False,0_1
000766,2026-03-12,L2,4,5,0.2364,0.3594,6.1423,-5.7829,0.6578,0.8,negative_to_positive,midweek_partial,True,False,-0.0471,-1.3488,1.3017,0.6777,shrinking,0.6835714285714288,-0.0146,False,False,False,False,True,,,,,1_0
000766,2026-03-18,L2,3,5,0.5213,0.4463,0.5674,-0.1211,1.1682,0.6,negative_to_positive,midweek_partial,True,False,1.0481,-0.6155,1.6636,1.4678,expanding,0.666428571428571,0.3301,False,False,False,False,True,,,,,1_0
000767,2026-01-23,L2,5,5,4.4369,4.0702,2.439,1.6312,1.0901,1.0,double_positive_efficiency_improved,completed_week,True,False,0.9901,0.6645,0.3256,1.0431,normal,0.0564285714285714,0.5316,False,False,True,True,True,,,True,False,1_1
000767,2026-02-02,L2,1,5,4.3189,1.0196,4.4369,-3.4173,0.9647,0.2,none,monday,False,False,3.9735,0.0,3.9735,2.9842,expanding,0.06642857142857143,1.8065,False,False,True,False,False,,,False,True,0_0
000767,2026-02-04,L2,3,5,6.3123,1.8198,0.9836,0.8362,3.4687,0.6,negative_to_positive,midweek_partial,True,False,0.6289,1.2739,-0.645,0.7302,shrinking,0.08785714285714286,0.2276,False,False,False,False,True,,,,,1_0
000767,2026-02-06,L2,5,5,13.6213,3.6829,0.9836,2.6993,3.6985,1.0,negative_to_positive,completed_week,True,False,9.9678,-2.8125,12.7803,3.5744,expanding,0.095,3.2632,False,False,False,False,False,,,,,1_0
000767,2026-02-10,L2,2,5,-2.9762,,,,,0.4,negative_to_positive,tuesday_C,True,False,-2.1021,-2.6316,0.5295,0.421,shrinking,0.11142857142857146,-0.6282,False,False,False,False,True,,,,,1_0
000767,2026-02-12,L2,4,5,7.7381,6.2253,13.6213,-7.396,1.243,0.8,none,midweek_partial,False,False,10.0304,0.9202,9.1101,1.3958,expanding,0.11785714285714288,2.8,False,False,True,False,False,,,True,False,0_0
000767,2026-02-24,L2,1,5,3.7464,,,,,0.2,none,tuesday_gate_failed,,False,6.5089,-6.6298,13.1387,1.1943,expanding,0.1464285714285714,1.5024,False,False,False,False,False,,,,,0_0
000767,2026-02-26,L2,3,5,4.611,4.1431,0.5952,3.5479,1.1129,0.6,double_positive_efficiency_improved,midweek_partial,True,False,-1.3587,2.2222,-3.5809,0.7756,shrinking,0.1785714285714286,-0.28,False,False,False,False,True,,,,,1_0
000767,2026-03-02,L2,1,5,0.2732,9.9327,0.5952,9.3375,0.8994,0.2,double_positive_efficiency_improved,monday,True,False,-2.9101,4.1322,-7.0423,0.7825,shrinking,0.1935714285714286,-0.5683,False,False,False,False,True,,,,,1_0
000767,2026-03-04,L2,3,5,-1.3661,,,,,0.6,none,midweek_partial,False,False,2.5568,-4.0872,6.644,0.9728,normal,0.1921428571428572,0.4684,True,True,False,False,True,False,True,,,0_1
000767,2026-03-06,L2,5,5,5.7377,5.7378,8.9337,-3.1959,1.0,1.0,none,completed_week,False,False,1.0444,6.0942,-5.0498,0.7456,shrinking,0.21071428571428577,0.1898,False,False,False,False,True,,,,,0_0
000767,2026-03-10,L2,2,5,-1.2953,,,,,0.4,none,tuesday_gate_failed,,False,-1.8041,0.2584,-2.0625,0.8676,shrinking,0.22000000000000003,-0.3182,False,False,False,False,True,,,,,0_0
000767,2026-03-12,L2,4,5,2.0725,2.3975,5.7377,-3.3402,0.8645,0.8,none,midweek_partial,False,False,1.0256,2.3622,-1.3366,0.946,normal,0.22857142857142862,0.175,False,False,False,False,True,,,,,0_0
000767,2026-03-16,L2,1,5,-3.4392,2.7625,5.7377,-2.9752,0.844,0.2,none,monday,False,False,-3.183,-4.3147,1.1317,0.8338,shrinking,0.2221428571428572,-0.5402,False,False,False,False,True,,,,,0_0
000767,2026-03-18,L2,3,5,-1.8519,,,,,0.6,none,midweek_partial,False,False,2.2039,-0.5479,2.7518,1.0135,normal,0.21142857142857147,0.3784,False,False,False,False,True,,,,,0_0
000767,2026-03-20,L2,5,5,-1.0582,1.3497,2.3316,-0.9819,0.784,1.0,none,completed_week,False,False,0.0,0.8086,-0.8086,1.4255,expanding,0.21714285714285717,0.0,False,False,False,False,True,,,,,0_0
000767,2026-03-24,L2,2,5,5.7065,,,,,0.4,none,tuesday_gate_failed,,False,7.1625,-2.9412,10.1037,1.3499,expanding,0.2235714285714286,1.1629,False,False,False,False,False,,,,,0_0
000767,2026-03-26,L2,4,5,25.8152,15.4259,1.0582,14.3677,1.6735,0.8,negative_to_positive,midweek_partial,True,False,9.9762,8.2262,1.75,0.5202,shrinking,0.2228571428571429,1.8846,True,False,True,False,False,True,False,True,False,1_0
000767,2026-03-30,L2,1,5,-7.8471,19.2364,1.0582,18.1782,1.9918,0.2,negative_to_positive,monday,True,False,-10.0196,9.9352,-19.9549,0.5156,shrinking,0.24571428571428575,-2.0756,False,False,False,False,True,,,,,1_0
000768,2026-03-02,L2,1,5,0.353,0.9667,2.9482,-1.9815,0.9481,0.2,none,monday,False,False,1.4272,-0.5805,2.0076,1.5791,expanding,1.092857142857142,0.4026,False,False,False,False,True,,,,,0_0
000768,2026-03-04,L2,3,5,-6.3222,,,,,0.6,none,midweek_partial,False,False,1.6365,-8.1548,9.7913,0.4996,shrinking,1.1021428571428569,0.4264,True,True,False,False,True,False,True,,,0_1
000768,2026-03-06,L2,5,5,-4.3646,3.0348,0.9165,2.1183,1.4382,1.0,none,completed_week,False,False,2.7586,-0.6509,3.4095,1.6755,expanding,1.1585714285714286,0.6905,False,False,False,False,True,,,,,0_0
000768,2026-03-10,L2,2,5,-0.888,,,,,0.4,none,tuesday_gate_failed,,False,0.904,-3.4899,4.394,0.6759,shrinking,1.1735714285714285,0.2215,True,True,False,False,True,False,True,,,0_1
000776,2026-01-05,L2,1,5,3.5779,1.1435,2.7778,-1.6343,0.5133,0.2,none,monday,False,False,3.8601,0.2732,3.5869,2.1009,expanding,0.4942857142857144,1.7197,False,False,True,False,False,,,True,False,0_0
000776,2026-01-07,L2,3,5,4.8913,1.2393,0.5869,0.6524,3.9467,0.6,negative_to_positive,midweek_partial,True,False,-2.6072,3.979,-6.5862,0.7568,shrinking,0.5449999999999999,-1.1376,False,False,False,False,True,,,,,1_0
000776,2026-01-09,L2,5,5,1.0417,0.2597,0.5869,-0.3272,4.0105,1.0,negative_to_positive,completed_week,True,False,0.2246,-3.886,4.1106,0.5775,shrinking,0.6142857142857144,0.0814,True,True,False,False,True,False,True,,,1_1
000776,2026-01-13,L2,2,5,2.4653,,,,,0.4,negative_to_positive,tuesday_A,True,False,0.6605,1.7929,-1.1324,0.9907,normal,0.5992857142857143,0.2503,False,False,False,False,True,,,,,1_0
000776,2026-01-15,L2,4,5,1.0758,1.1663,1.0417,0.1246,0.9223,0.8,double_positive_efficiency_improved,midweek_partial,True,False,0.2668,-1.6185,1.8853,0.6306,shrinking,0.6599999999999999,0.0909,True,True,False,False,True,False,True,,,1_1
000776,2026-01-19,L2,1,5,0.1339,1.319,1.0417,0.2773,0.8495,0.2,double_positive_efficiency_improved,monday,True,False,-0.5762,0.0443,-0.6206,0.8951,shrinking,0.6828571428571427,-0.1904,False,False,False,False,True,,,,,1_0
000776,2026-01-21,L2,3,5,0.7589,1.2124,1.1206,0.0918,0.626,0.6,double_positive_efficiency_improved,midweek_partial,True,False,-0.8783,1.5158,-2.3942,0.8563,shrinking,0.6899999999999997,-0.2899,False,False,False,False,True,,,,,1_0
000776,2026-01-23,L2,5,5,-0.4018,0.6504,1.1206,-0.4702,0.6177,1.0,none,completed_week,False,False,-1.2395,0.0886,-1.3281,1.3033,expanding,0.7107142857142856,-0.394,False,False,False,False,True,,,,,0_0
000776,2026-01-27,L2,2,5,1.3051,,,,,0.4,none,tuesday_gate_failed,,False,-0.8807,1.7929,-2.6736,0.5785,shrinking,0.6607142857142859,-0.3027,False,False,False,False,True,,,,,0_0
000776,2026-01-29,L2,4,5,3.1053,2.1167,0.4018,1.7149,1.467,0.8,negative_to_positive,midweek_partial,True,False,1.5064,0.2665,1.2399,1.4597,expanding,0.5928571428571429,0.5735,False,False,True,True,True,,,True,False,1_1
000776,2026-02-02,L2,1,5,-2.8188,0.851,0.4018,0.4492,1.4278,0.2,negative_to_positive,monday,True,False,-3.4237,-1.8333,-1.5905,1.2852,expanding,0.583571428571429,-1.3195,False,False,False,False,True,,,,,1_0
000776,2026-02-04,L2,3,5,-3.2662,,,,,0.6,none,midweek_partial,False,False,0.8866,-1.3352,2.2218,0.521,shrinking,0.6028571428571432,0.3152,True,True,False,False,True,False,True,,,0_1
000776,2026-02-06,L2,5,5,-4.7427,6.8139,1.2151,5.5988,0.696,1.0,none,completed_week,False,False,-0.8384,-0.6938,-0.1446,0.8355,shrinking,0.5892857142857145,-0.3055,False,False,False,False,True,,,,,0_0
000776,2026-02-10,L2,2,5,0.9809,,,,,0.4,none,tuesday_gate_failed,,False,-0.4146,1.9728,-2.3873,0.4348,shrinking,0.5728571428571433,-0.1571,False,False,False,False,True,,,,,0_0
000776,2026-02-12,L2,4,5,-1.3078,,,,,0.8,none,midweek_partial,False,False,-1.7209,-0.555,-1.1659,1.9341,expanding,0.5628571428571435,-0.6574,False,False,False,False,True,,,,,0_0
000776,2026-02-24,L2,1,5,-0.5685,,,,,0.2,none,tuesday_gate_failed,,False,-0.6626,0.0,-0.6626,1.1092,expanding,0.5450000000000005,-0.2569,False,False,False,False,True,,,,,0_0
000776,2026-02-26,L2,3,5,-1.4211,,,,,0.6,none,midweek_partial,False,False,-0.4782,-0.3811,-0.0971,0.5412,shrinking,0.4914285714285719,-0.2035,False,False,False,False,True,,,,,0_0
000776,2026-03-02,L2,1,5,0.1453,1.3902,1.3078,0.0824,0.92,0.2,none,monday,False,False,-0.8157,0.1442,-0.9599,1.4406,expanding,0.4435714285714289,-0.3833,False,False,False,False,True,,,,,0_0
000776,2026-03-04,L2,3,5,-3.2461,,,,,0.6,none,midweek_partial,False,False,-2.7277,-0.6773,-2.0504,0.9756,normal,0.3835714285714289,-1.46,False,False,False,False,True,,,,,0_0
000776,2026-03-06,L2,5,5,-2.7616,1.9501,1.279,0.6711,1.4161,1.0,none,completed_week,False,False,0.753,-0.2504,1.0034,0.7747,shrinking,0.3850000000000003,0.3896,True,True,False,False,True,False,True,,,0_1
000776,2026-03-10,L2,2,5,-1.4141,,,,,0.4,none,tuesday_gate_failed,,False,0.6704,-3.3881,4.0586,0.6682,shrinking,0.3907142857142861,0.3327,True,True,False,False,True,False,True,,,0_1
000776,2026-03-12,L2,4,5,-1.5657,,,,,0.8,none,midweek_partial,False,False,-0.2048,0.0512,-0.256,0.9103,normal,0.4128571428571429,-0.0969,False,False,False,False,True,,,,,0_0
000776,2026-03-18,L2,3,5,0.7764,0.4899,2.4242,-1.9343,1.5847,0.6,negative_to_positive,midweek_partial,True,False,-0.3072,2.4122,-2.7194,0.4292,shrinking,0.41214285714285764,-0.1456,False,False,False,False,True,,,,,1_0
000777,2026-01-05,L2,1,5,0.8012,3.7075,21.8602,-18.1527,1.1488,0.2,none,monday,False,False,2.205,0.0,2.205,1.3467,expanding,1.180714285714286,0.4828,False,False,False,False,True,,,,,0_0
000777,2026-01-07,L2,3,5,5.7993,4.1835,4.2593,-0.0758,1.3862,0.6,negative_to_positive,midweek_partial,True,False,5.4373,-0.4542,5.8915,1.8453,expanding,1.205,1.1867,False,False,True,False,False,,,False,True,1_0
000777,2026-01-09,L2,5,5,9.0042,6.2526,4.2593,1.9933,1.4401,1.0,negative_to_positive,completed_week,True,False,0.8116,2.1998,-1.3882,0.7886,shrinking,1.3299999999999998,0.1729,False,False,False,False,True,,,,,1_0
000777,2026-01-13,L2,2,5,-3.4816,,,,,0.4,negative_to_positive,tuesday_A,True,False,-9.2677,8.0154,-17.2831,0.8984,shrinking,1.500714285714286,-1.9058,False,False,False,False,True,,,,,1_0
000777,2026-01-15,L2,4,5,-4.8259,,,,,0.8,none,midweek_partial,False,False,-2.7474,1.3929,-4.1403,0.7538,shrinking,1.7928571428571427,-0.4351,False,False,False,False,True,,,,,0_0
000777,2026-01-19,L2,1,5,-0.5753,10.1118,9.0042,1.1076,0.7568,0.2,none,monday,False,False,3.2102,-2.9699,6.1801,1.4227,expanding,1.9707142857142854,0.4364,False,False,False,False,True,,,,,0_0
000777,2026-01-21,L2,3,5,-5.5376,,,,,0.6,none,midweek_partial,False,False,-0.3792,-4.6293,4.2501,0.5619,shrinking,1.8521428571428566,-0.054,False,False,False,False,True,,,,,0_0
000777,2026-01-23,L2,5,5,-2.6969,4.2854,7.6525,-3.3671,0.6293,1.0,none,completed_week,False,False,-2.5918,5.748,-8.3398,0.8394,shrinking,1.7192857142857143,-0.4188,False,False,False,False,True,,,,,0_0
000777,2026-01-27,L2,2,5,-4.0089,,,,,0.4,none,tuesday_gate_failed,,False,-1.373,-3.1042,1.7312,0.8342,shrinking,1.7671428571428573,-0.2037,False,False,False,False,True,,,,,0_0
000777,2026-01-29,L2,4,5,-6.3103,,,,,0.8,none,midweek_partial,False,False,-1.7134,-0.6961,-1.0173,1.1259,expanding,1.677857142857143,-0.2622,False,False,False,False,True,,,,,0_0
000777,2026-02-02,L2,1,5,-1.1182,13.4008,2.6969,10.7039,0.5983,0.2,none,monday,False,False,-0.0807,-1.8225,1.7418,1.0327,normal,1.5164285714285717,-0.0132,False,False,False,False,True,,,,,0_0
000777,2026-02-04,L2,3,5,1.9968,2.4805,8.0178,-5.5373,0.805,0.6,negative_to_positive,midweek_partial,True,False,0.2748,2.8675,-2.5927,0.9195,normal,1.2242857142857146,0.0572,False,False,False,False,True,,,,,1_0
000777,2026-02-06,L2,5,5,-0.639,0.9183,8.0178,-7.0995,0.6958,1.0,none,completed_week,False,False,-0.5596,-2.036,1.4765,1.0926,normal,1.0785714285714287,-0.1298,False,False,False,False,True,,,,,0_0
000777,2026-02-10,L2,2,5,-0.1993,,,,,0.4,none,tuesday_gate_failed,,False,-0.9102,1.5675,-2.4777,0.683,shrinking,0.9142857142857144,-0.2516,False,False,False,False,True,,,,,0_0
000777,2026-02-12,L2,4,5,0.1594,0.1877,0.639,-0.4513,0.8494,0.8,negative_to_positive,midweek_partial,True,False,1.9473,-1.5575,3.5048,1.3372,expanding,0.8307142857142854,0.5778,False,False,False,False,True,,,,,1_0
000777,2026-02-24,L2,1,5,1.2425,,,,,0.2,none,tuesday_gate_failed,,False,2.3916,-1.8305,4.2221,1.2222,expanding,0.7342857142857139,0.8035,False,False,False,False,True,,,,,0_0
000777,2026-02-26,L2,3,5,5.491,3.2409,1.674,1.5669,1.6943,0.6,negative_to_positive,midweek_partial,True,False,2.6121,1.5439,1.0681,1.7385,expanding,0.663571428571428,1.0097,False,False,True,True,True,,,True,False,1_1
000777,2026-03-02,L2,1,5,-0.8853,3.5647,1.674,1.8907,1.383,0.2,negative_to_positive,monday,True,False,-1.6425,-0.5319,-1.1106,1.4921,expanding,0.6778571428571419,-0.6344,False,False,False,False,True,,,,,1_0
000777,2026-03-04,L2,3,5,-5.6967,,,,,0.6,none,midweek_partial,False,False,2.1259,-6.835,8.9608,0.6132,shrinking,0.652142857142856,0.782,True,True,False,False,True,False,True,,,0_1
000777,2026-03-06,L2,5,5,-2.5019,1.3819,4.9299,-3.548,1.8105,1.0,none,completed_week,False,True,-0.6667,4.0816,-4.7483,0.517,shrinking,0.7785714285714279,-0.2183,False,False,False,False,True,,,,,0_0
000777,2026-03-10,L2,2,5,3.92,,,,,0.4,none,tuesday_gate_failed,,False,1.4447,1.1054,0.3393,0.927,normal,0.8699999999999994,0.4253,True,True,True,True,True,True,False,True,False,0_1
000777,2026-03-12,L2,4,5,0.4,0.5129,2.5019,-1.989,0.7799,0.8,negative_to_positive,midweek_partial,True,False,-2.6755,-0.7313,-1.9441,1.6119,expanding,0.9049999999999994,-0.7624,False,False,False,False,True,,,,,1_0
000777,2026-03-16,L2,1,5,-0.5587,6.7666,2.5019,4.2647,1.0877,0.2,negative_to_positive,monday,True,False,-0.5216,6.9323,-7.4539,0.7611,shrinking,0.9392857142857137,-0.149,False,False,False,False,True,,,,,1_0
000777,2026-03-18,L2,3,5,-7.5605,,,,,0.6,none,midweek_partial,False,False,-2.781,-4.382,1.601,0.8416,shrinking,1.1128571428571425,-0.638,False,False,False,False,True,,,,,0_0
000778,2026-01-05,L2,1,5,-0.4762,0.3698,1.4528,-1.083,0.6454,0.2,none,monday,False,False,0.0,0.0,0.0,1.1849,expanding,0.08714285714285709,0.0,False,False,False,False,True,,,,,0_0
000778,2026-01-07,L2,3,5,1.4286,0.7231,0.2387,0.4844,1.9756,0.6,negative_to_positive,midweek_partial,True,False,0.7092,1.1962,-0.487,1.1226,expanding,0.07928571428571421,0.3784,False,False,False,False,True,,,,,1_0
000778,2026-01-09,L2,5,5,1.1905,0.5586,0.2387,0.3199,2.1312,1.0,negative_to_positive,completed_week,True,False,0.2358,-0.4695,0.7053,1.1454,expanding,0.07214285714285709,0.1386,False,False,True,True,True,,,False,True,1_1
000778,2026-01-13,L2,2,5,-0.7026,,,,,0.4,negative_to_positive,tuesday_A,True,False,-1.8519,1.6471,-3.4989,0.757,shrinking,0.0692857142857142,-1.1546,False,False,False,False,True,,,,,1_0
000778,2026-01-15,L2,4,5,1.6393,0.9451,1.1905,-0.2454,1.7346,0.8,none,midweek_partial,False,False,-0.4587,2.8302,-3.2889,0.515,shrinking,0.07142857142857142,-0.28,False,False,False,False,True,,,,,0_0
000778,2026-01-19,L2,1,5,0.4505,2.1907,1.1905,1.0002,1.8173,0.2,double_positive_efficiency_improved,monday,True,False,0.4505,2.3041,-1.8537,0.6071,shrinking,0.08142857142857148,0.2456,False,False,False,False,True,,,,,1_0
000778,2026-01-21,L2,3,5,5.1802,4.9826,3.9813,1.0013,1.0397,0.6,double_positive_efficiency_improved,midweek_partial,True,False,0.2146,4.4843,-4.2697,0.6265,shrinking,0.09499999999999995,0.1053,False,False,False,False,True,,,,,1_0
000778,2026-01-23,L2,5,5,5.1802,5.2381,3.9813,1.2568,0.9889,1.0,double_positive_efficiency_improved,completed_week,True,False,-1.0593,1.0707,-2.13,0.7845,shrinking,0.10999999999999995,-0.4545,False,False,False,False,True,,,,,1_0
000778,2026-01-27,L2,2,5,0.8565,,,,,0.4,double_positive_efficiency_improved,tuesday_A,True,False,0.4264,0.4283,-0.0018,0.8125,shrinking,0.11857142857142852,0.1687,False,False,False,False,True,,,,,1_0
000778,2026-01-29,L2,4,5,4.2827,3.8701,5.1802,-1.3101,1.1066,0.8,none,midweek_partial,False,False,0.6198,2.7601,-2.1403,0.8424,shrinking,0.12999999999999995,0.2308,False,False,False,False,True,,,,,0_0
000778,2026-02-02,L2,1,5,-4.6185,6.2334,5.1802,1.0532,1.3054,0.2,double_positive_efficiency_improved,monday,True,False,-5.9406,3.6961,-9.6367,0.8805,shrinking,0.14571428571428566,-2.0588,False,False,False,False,True,,,,,1_0
000778,2026-02-04,L2,3,5,1.4056,1.3088,8.137,-6.8282,1.0739,0.6,none,midweek_partial,False,False,4.1237,2.1053,2.0184,1.2104,expanding,0.17785714285714274,1.1245,False,False,True,False,False,,,True,False,0_0
000778,2026-02-06,L2,5,5,2.008,1.9057,8.137,-6.2313,1.0537,1.0,none,completed_week,False,False,-1.9305,2.5743,-4.5048,0.7398,shrinking,0.19214285714285703,-0.5204,False,False,False,False,True,,,,,0_0
000778,2026-02-10,L2,2,5,-2.3438,,,,,0.4,none,tuesday_gate_failed,,False,-1.1858,-0.3937,-0.7921,0.8401,shrinking,0.197142857142857,-0.3043,False,False,False,False,True,,,,,0_0
000778,2026-02-12,L2,4,5,-3.125,,,,,0.8,none,midweek_partial,False,False,0.0,-0.8,0.8,1.0319,normal,0.18857142857142842,0.0,False,False,False,False,True,,,,,0_0
000778,2026-02-24,L2,1,5,4.1068,,,,,0.2,none,tuesday_gate_failed,,False,4.5361,-2.2177,6.7538,1.4679,expanding,0.18642857142857133,1.1801,False,False,False,False,False,,,,,0_0
000778,2026-02-26,L2,3,5,5.7495,4.4634,5.2734,-0.81,1.2882,0.6,negative_to_positive,midweek_partial,True,False,-0.3868,1.9724,-2.3592,0.6072,shrinking,0.19428571428571415,-0.1029,False,False,False,False,True,,,,,1_0
000778,2026-03-02,L2,1,5,2.3256,7.3513,5.2734,2.0779,1.0335,0.2,negative_to_positive,monday,True,False,0.7634,1.7476,-0.9842,1.1159,expanding,0.19785714285714276,0.2022,False,False,False,False,True,,,,,1_0
000778,2026-03-04,L2,3,5,-1.3566,,,,,0.6,none,midweek_partial,False,False,-0.5859,-3.0303,2.4444,0.683,shrinking,0.1771428571428571,-0.1694,False,False,False,False,True,,,,,0_0
000778,2026-03-06,L2,5,5,-1.7442,1.6866,7.5975,-5.9109,1.0341,1.0,none,completed_week,False,False,0.1976,-0.5894,0.787,0.7671,shrinking,0.1692857142857143,0.0591,True,True,False,False,True,False,True,,,0_1
000778,2026-03-10,L2,2,5,-0.9881,,,,,0.4,none,tuesday_gate_failed,,False,0.2,-1.3807,1.5807,0.814,shrinking,0.1600000000000001,0.0625,True,True,False,False,True,False,True,,,0_1
000778,2026-03-12,L2,4,5,-1.9763,,,,,0.8,none,midweek_partial,False,False,0.202,-1.1976,1.3996,0.853,shrinking,0.1621428571428573,0.0617,True,True,False,False,True,False,True,,,0_1
000779,2026-03-02,L2,1,5,-5.3122,8.3523,12.528,-4.1757,0.8908,0.2,none,monday,False,False,-6.1865,3.2412,-9.4277,1.0356,normal,0.34714285714285686,-1.93,False,False,False,False,True,,,,,0_0
000782,2026-01-05,L2,1,5,-1.4085,2.721,0.9728,1.7482,0.9386,0.2,none,monday,False,False,-1.2097,-0.8,-0.4097,0.5692,shrinking,0.13357142857142865,-0.4492,False,False,False,False,True,,,,,0_0
000782,2026-01-07,L2,3,5,3.4205,1.6515,2.554,-0.9025,2.0712,0.6,negative_to_positive,midweek_partial,True,False,4.0486,0.8163,3.2323,2.3001,expanding,0.13857142857142865,1.4433,False,False,True,False,False,,,True,False,1_0
000782,2026-01-09,L2,5,5,1.8109,0.9013,2.554,-1.6527,2.0091,1.0,negative_to_positive,completed_week,True,False,-1.938,0.3891,-2.3271,0.9649,normal,0.15785714285714292,-0.6335,False,False,False,False,True,,,,,1_0
000782,2026-01-13,L2,2,5,1.7787,,,,,0.4,negative_to_positive,tuesday_A,True,False,-2.277,4.1502,-6.4272,0.6592,shrinking,0.16142857142857153,-0.7434,False,False,False,False,True,,,,,1_0
000782,2026-01-15,L2,4,5,6.7194,6.1558,1.8109,4.3449,1.0915,0.8,double_positive_efficiency_improved,midweek_partial,True,False,3.6468,1.165,2.4818,1.2422,expanding,0.18214285714285733,1.0431,False,False,True,False,False,,,True,False,1_0
000782,2026-01-19,L2,1,5,5.1136,4.8237,1.8109,3.0128,1.0652,0.2,double_positive_efficiency_improved,monday,True,False,4.3233,-1.4815,5.8048,1.2226,expanding,0.18785714285714303,1.2243,False,False,False,False,False,,,,,1_0
000782,2026-01-21,L2,3,5,5.4924,7.1527,5.1383,2.0144,0.7679,0.6,double_positive_efficiency_improved,midweek_partial,True,False,1.2727,-0.9009,2.1736,0.9238,normal,0.21214285714285733,0.33,True,True,False,False,True,False,True,,,1_1
000782,2026-01-23,L2,5,5,7.9545,8.1167,5.1383,2.9784,0.98,1.0,double_positive_efficiency_improved,completed_week,True,False,-2.7304,5.2065,-7.9368,0.8441,shrinking,0.21642857142857158,-0.7393,False,False,False,False,True,,,,,1_0
000782,2026-01-27,L2,2,5,0.3521,,,,,0.4,double_positive_efficiency_improved,tuesday_B,True,False,0.3521,-0.3509,0.703,0.8432,shrinking,0.24285714285714302,0.0824,True,True,False,False,True,False,True,,,1_1
000782,2026-01-29,L2,4,5,-0.5282,,,,,0.8,none,midweek_partial,False,False,-0.8772,0.0,-0.8772,0.6556,shrinking,0.23928571428571446,-0.209,False,False,False,False,True,,,,,0_0
000782,2026-02-02,L2,1,5,-2.0339,4.0591,7.9545,-3.8954,0.9108,0.2,none,monday,False,False,-1.8676,4.2478,-6.1154,0.6672,shrinking,0.2371428571428573,-0.4639,False,False,False,False,True,,,,,0_0
000782,2026-02-04,L2,3,5,0.1695,0.1548,3.6972,-3.5424,1.0948,0.6,none,midweek_partial,False,False,-0.5051,2.7682,-3.2732,1.3784,expanding,0.2514285714285715,-0.1193,False,False,False,False,True,,,,,0_0
000782,2026-02-06,L2,5,5,4.0678,3.7612,3.6972,0.064,1.0815,1.0,double_positive_efficiency_improved,completed_week,True,False,4.9573,-1.0152,5.9725,1.9884,expanding,0.2614285714285715,1.1093,False,False,False,False,False,,,,,1_0
000782,2026-02-10,L2,2,5,-1.7828,,,,,0.4,double_positive_efficiency_improved,tuesday_C,True,False,-0.6557,-0.6515,-0.0043,0.6367,shrinking,0.26142857142857145,-0.153,False,False,False,False,True,,,,,1_0
000782,2026-02-12,L2,4,5,-0.1621,,,,,0.8,none,midweek_partial,False,False,0.4894,1.1551,-0.6657,1.2732,expanding,0.26071428571428573,0.1151,False,False,False,False,True,,,,,0_0
000782,2026-02-24,L2,1,5,3.04,,,,,0.2,none,tuesday_gate_failed,,False,6.0956,-1.461,7.5566,1.3965,expanding,0.24357142857142858,1.5191,False,False,False,False,False,,,,,0_0
000782,2026-02-26,L2,3,5,5.44,3.7266,1.6207,2.1059,1.4598,0.6,negative_to_positive,midweek_partial,True,False,0.3044,2.0186,-1.7142,0.795,shrinking,0.27071428571428574,0.0739,False,False,False,False,True,,,,,1_0
000782,2026-03-02,L2,1,5,-2.0376,2.7842,1.6207,1.1635,1.2643,0.2,negative_to_positive,monday,True,False,-3.4003,-1.8209,-1.5794,0.7893,shrinking,0.2942857142857142,-0.7476,False,False,False,False,True,,,,,1_0
000782,2026-03-04,L2,3,5,-5.9561,,,,,0.6,none,midweek_partial,False,False,1.3514,-5.28,6.6314,0.6296,shrinking,0.29999999999999993,0.2667,True,True,False,False,True,False,True,,,0_1
000782,2026-03-06,L2,5,5,-1.7241,1.8734,3.52,-1.6466,0.9203,1.0,none,completed_week,False,False,1.7857,2.6667,-0.881,0.7322,shrinking,0.3071428571428571,0.3581,False,False,False,False,True,,,,,0_0
000782,2026-03-10,L2,2,5,-1.4354,,,,,0.4,none,tuesday_gate_failed,,False,0.3247,-1.7544,2.0791,0.6903,shrinking,0.30285714285714294,0.066,True,True,False,False,True,False,True,,,0_1
000782,2026-03-12,L2,4,5,-2.8708,,,,,0.8,none,midweek_partial,False,False,-1.4563,0.0,-1.4563,1.4309,expanding,0.3121428571428572,-0.2883,False,False,False,False,True,,,,,0_0
000782,2026-03-16,L2,1,5,1.0084,7.077,1.7241,5.3529,0.6761,0.2,none,monday,False,False,0.67,-1.9704,2.6405,1.4826,expanding,0.3085714285714286,0.1296,False,False,False,False,True,,,,,0_0
000783,2026-01-05,L2,1,5,1.7178,1.7233,1.3547,0.3686,0.5641,0.2,none,monday,False,False,1.7178,-0.4884,2.2062,1.7923,expanding,0.13642857142857107,1.0262,False,False,False,False,True,,,,,0_0
000783,2026-01-07,L2,3,5,7.362,1.6142,0.9721,0.6421,4.5606,0.6,negative_to_positive,midweek_partial,True,False,-1.1299,6.7551,-7.8851,0.5862,shrinking,0.13714285714285676,-0.7292,False,False,False,False,True,,,,,1_0
000783,2026-01-09,L2,5,5,6.0123,1.3675,0.9721,0.3954,4.3967,1.0,negative_to_positive,completed_week,True,False,2.1277,-3.3143,5.4419,0.878,shrinking,0.1757142857142854,1.0244,True,True,False,False,True,False,True,,,1_1
000783,2026-01-13,L2,2,5,2.2093,,,,,0.4,negative_to_positive,tuesday_A,True,False,0.3425,1.3889,-1.0464,1.1418,expanding,0.1949999999999999,0.1538,False,False,False,False,True,,,,,1_0
000783,2026-01-15,L2,4,5,0.3488,0.4076,6.0123,-5.6047,0.8559,0.8,none,midweek_partial,False,False,-0.6904,-1.1377,0.4472,0.5657,shrinking,0.2157142857142857,-0.2781,False,False,False,False,True,,,,,0_0
000783,2026-01-19,L2,1,5,0.7059,1.3037,6.0123,-4.7086,0.8027,0.2,none,monday,False,False,0.5875,-1.3905,1.978,0.7634,shrinking,0.24642857142857139,0.2029,True,True,False,False,True,False,True,,,0_1
000783,2026-01-21,L2,3,5,2.1176,3.6874,1.0465,2.6409,0.5743,0.6,negative_to_positive,midweek_partial,True,False,0.6961,0.7009,-0.0049,1.0326,normal,0.25,0.24,False,False,False,False,True,,,,,1_0
000783,2026-01-23,L2,5,5,2.2353,4.1486,1.0465,3.1021,0.5388,1.0,negative_to_positive,completed_week,True,False,0.2307,-0.1152,0.3459,1.233,expanding,0.25214285714285734,0.0793,False,False,True,True,True,,,False,True,1_1
000783,2026-01-27,L2,2,5,0.8083,,,,,0.4,negative_to_positive,tuesday_A,True,False,-0.5695,1.0357,-1.6051,0.7404,shrinking,0.24500000000000025,-0.2041,False,False,False,False,True,,,,,1_0
000783,2026-01-29,L2,4,5,3.8106,2.1666,2.2353,-0.0687,1.7588,0.8,none,midweek_partial,False,False,1.5819,1.3746,0.2074,1.2231,expanding,0.21571428571428594,0.649,False,False,True,True,True,,,True,False,0_1
000783,2026-02-02,L2,1,5,-4.8463,0.0,2.2353,-2.2353,1.8439,0.2,none,monday,False,False,-7.0439,-3.6707,-3.3731,1.5358,expanding,0.20500000000000007,-2.9756,False,False,False,False,True,,,,,0_0
000783,2026-02-04,L2,3,5,-4.6099,,,,,0.6,none,midweek_partial,False,False,0.7491,-0.4969,1.246,0.6942,shrinking,0.2457142857142857,0.2442,True,True,False,False,True,False,True,,,0_1
000783,2026-02-10,L2,2,5,0.0,,,,,0.4,none,tuesday_gate_failed,,False,-0.8663,1.5075,-2.3739,0.7141,shrinking,0.227142857142857,-0.3082,False,False,False,False,True,,,,,0_0
000783,2026-03-02,L2,1,5,-0.2548,1.1352,2.6217,-1.4865,0.7826,0.2,negative_to_positive,monday,True,False,-1.5094,0.8883,-2.3978,1.4579,expanding,0.18428571428571416,-0.6512,False,False,False,False,True,,,,,1_0
000783,2026-03-04,L2,3,5,-4.3312,,,,,0.6,none,midweek_partial,False,False,-2.4675,-1.6603,-0.8073,0.8786,shrinking,0.13142857142857137,-1.4457,False,False,False,False,True,,,,,0_0
000783,2026-03-06,L2,5,5,-2.4204,1.5235,0.8883,0.6352,1.5887,1.0,none,completed_week,False,False,1.5915,0.3995,1.192,1.0117,normal,0.13142857142857142,0.913,False,False,False,False,True,,,,,0_0
000783,2026-03-10,L2,2,5,-0.3974,,,,,0.4,none,tuesday_gate_failed,,False,0.8043,-2.611,3.4153,0.636,shrinking,0.13642857142857157,0.4398,True,True,False,False,True,False,True,,,0_1
000783,2026-03-12,L2,4,5,0.7947,0.9153,2.4204,-1.5051,0.8682,0.8,negative_to_positive,midweek_partial,True,False,0.3958,0.7979,-0.4021,0.8799,shrinking,0.14071428571428596,0.2132,False,False,False,False,True,,,,,1_0
000783,2026-03-16,L2,1,5,-0.1326,0.0,2.4204,-2.4204,0.8358,0.2,none,monday,False,False,-0.2649,-0.7884,0.5235,0.9846,normal,0.14857142857142883,-0.1346,False,False,False,False,True,,,,,0_0
000783,2026-03-18,L2,3,5,-1.5915,,,,,0.6,none,midweek_partial,False,False,-0.9346,-0.5312,-0.4034,0.6403,shrinking,0.14428571428571452,-0.4851,False,False,False,False,True,,,,,0_0
000788,2026-01-05,L2,1,5,3.5656,5.6215,4.4073,1.2142,0.4815,0.2,none,monday,False,False,4.5827,0.1639,4.4187,2.7687,expanding,0.18214285714285694,1.5373,False,False,False,False,False,,,,,0_0
000788,2026-01-07,L2,3,5,3.8898,1.259,2.707,-1.448,3.0895,0.6,negative_to_positive,midweek_partial,True,False,-0.9274,1.252,-2.1793,0.6038,shrinking,0.17785714285714263,-0.3373,False,False,False,False,True,,,,,1_0
000788,2026-01-09,L2,5,5,6.1588,2.1267,2.707,-0.5803,2.896,1.0,negative_to_positive,completed_week,True,False,0.0,2.1841,-2.1841,0.937,normal,0.16857142857142834,0.0,False,False,False,False,True,,,,,1_0
000788,2026-01-13,L2,2,5,2.6114,,,,,0.4,negative_to_positive,tuesday_A,True,False,2.1407,-0.1527,2.2933,2.3095,expanding,0.15714285714285697,0.8909,False,False,True,True,True,,,False,True,1_1
000788,2026-01-15,L2,4,5,0.6144,0.4482,6.1588,-5.7106,1.3709,0.8,none,midweek_partial,False,False,-2.819,0.8982,-3.7172,0.502,shrinking,0.15714285714285697,-1.2091,False,False,False,False,True,,,,,0_0
000788,2026-01-19,L2,1,5,2.6646,0.9809,6.1588,-5.1779,1.2528,0.2,none,monday,False,False,1.8663,-1.8321,3.6983,0.7135,shrinking,0.17071428571428557,0.7029,True,True,False,False,True,False,True,,,0_1
000788,2026-01-21,L2,3,5,0.7837,1.6231,1.2289,0.3942,0.4829,0.6,negative_to_positive,midweek_partial,True,False,-1.682,-0.1527,-1.5293,1.5063,expanding,0.1849999999999998,-0.5946,False,False,False,False,True,,,,,1_0
000788,2026-01-23,L2,5,5,3.1348,6.3927,1.2289,5.1638,0.4904,1.0,negative_to_positive,completed_week,True,False,0.9202,1.3997,-0.4794,1.1724,expanding,0.18571428571428555,0.3231,False,False,False,False,True,,,,,1_0
000788,2026-01-27,L2,2,5,0.3026,,,,,0.4,negative_to_positive,tuesday_A,True,False,-2.2124,3.0395,-5.2519,0.7514,shrinking,0.1728571428571428,-0.8678,False,False,False,False,True,,,,,1_0
000788,2026-01-29,L2,4,5,-4.236,,,,,0.8,none,midweek_partial,False,False,-1.7081,-2.8658,1.1577,0.8041,shrinking,0.1892857142857142,-0.5811,False,False,False,False,True,,,,,0_0
000788,2026-02-10,L2,2,5,0.3135,,,,,0.4,negative_to_positive,tuesday_B,True,False,0.6289,0.6329,-0.004,0.9258,normal,0.16,0.25,False,False,False,False,True,,,,,1_0
000788,2026-03-02,L2,1,5,-2.4116,1.1847,2.9781,-1.7934,0.6764,0.2,negative_to_positive,monday,True,False,-3.4976,0.319,-3.8166,1.9616,expanding,0.10714285714285728,-2.0533,False,False,False,False,True,,,,,1_0
000788,2026-03-04,L2,3,5,-2.8939,,,,,0.6,none,midweek_partial,False,False,-0.4942,0.0,-0.4942,0.638,shrinking,0.10571428571428575,-0.2838,False,False,False,False,True,,,,,0_0
000788,2026-03-06,L2,5,5,1.1254,0.6012,0.8013,-0.2001,1.8719,1.0,none,completed_week,False,False,2.6101,1.4901,1.12,1.2915,expanding,0.11571428571428578,1.3827,False,False,True,True,True,,,True,False,0_1
000788,2026-03-10,L2,2,5,-1.4331,,,,,0.4,none,tuesday_gate_failed,,False,-1.9017,0.318,-2.2197,0.8514,shrinking,0.12714285714285717,-0.9438,False,False,False,False,True,,,,,0_0
000788,2026-03-12,L2,4,5,-2.8662,,,,,0.8,none,midweek_partial,False,False,-0.4894,-0.9693,0.4799,0.8213,shrinking,0.1371428571428572,-0.2187,False,False,False,False,True,,,,,0_0
000788,2026-03-16,L2,1,5,-0.3289,3.8811,1.1254,2.7557,0.8206,0.2,none,monday,False,False,-0.3289,-0.3279,-0.0011,0.8837,shrinking,0.13214285714285717,-0.1514,False,False,False,False,True,,,,,0_0
000788,2026-03-18,L2,3,5,-0.1645,,,,,0.6,none,midweek_partial,False,False,1.3356,-1.1551,2.4907,0.7361,shrinking,0.1335714285714285,0.5989,True,True,False,False,True,False,True,,,0_1
000788,2026-03-30,L2,1,5,2.2147,3.6285,5.9211,-2.2926,1.2682,0.2,negative_to_positive,monday,True,False,1.5228,4.6018,-3.0789,0.8478,shrinking,0.16785714285714284,0.5362,False,False,False,False,True,,,,,1_0
000790,2026-01-05,L2,1,5,1.0336,8.1408,1.7241,6.4167,0.3992,0.2,none,monday,False,False,1.0336,-0.2577,1.2913,1.5444,expanding,0.14142857142857146,0.2828,False,False,False,False,True,,,,,0_0
000790,2026-01-07,L2,3,5,0.5168,0.3012,3.25,-2.9488,1.7157,0.6,negative_to_positive,midweek_partial,True,False,-0.7653,0.2558,-1.0211,1.0144,normal,0.12714285714285717,-0.236,False,False,False,False,True,,,,,1_0
000790,2026-01-09,L2,5,5,1.5504,0.9131,3.25,-2.3369,1.6979,1.0,negative_to_positive,completed_week,True,False,0.2551,0.7712,-0.5161,1.3345,expanding,0.12000000000000008,0.0833,False,False,False,False,True,,,,,1_0
000790,2026-01-13,L2,2,5,1.7812,,,,,0.4,negative_to_positive,tuesday_A,True,False,1.0101,0.7634,0.2467,1.2095,expanding,0.1071428571428572,0.3733,False,False,True,True,True,,,True,False,1_1
000790,2026-01-15,L2,4,5,-0.7634,,,,,0.8,none,midweek_partial,False,False,-1.5152,-1.0,-0.5152,0.6298,shrinking,0.09142857142857151,-0.6562,False,False,False,False,True,,,,,0_0
000790,2026-01-19,L2,1,5,2.1053,1.8365,1.5504,0.2861,1.524,0.2,none,monday,False,False,1.5707,-2.0513,3.622,0.655,shrinking,0.09071428571428582,0.6614,True,True,False,False,True,False,True,,,0_1
000790,2026-01-21,L2,3,5,3.9474,6.2164,2.799,3.4174,0.635,0.6,negative_to_positive,midweek_partial,True,False,0.7653,1.0309,-0.2656,0.8333,shrinking,0.0957142857142858,0.3134,False,False,False,False,True,,,,,1_0
000790,2026-01-23,L2,5,5,6.5789,10.4439,2.799,7.6449,0.6299,1.0,negative_to_positive,completed_week,True,False,0.4963,2.0253,-1.529,0.8945,shrinking,0.08928571428571438,0.224,False,False,False,False,True,,,,,1_0
000790,2026-01-27,L2,2,5,-0.2451,,,,,0.4,negative_to_positive,tuesday_A,True,False,-1.9277,2.4691,-4.3968,0.6084,shrinking,0.08785714285714295,-0.9106,False,False,False,False,True,,,,,1_0
000790,2026-01-29,L2,4,5,-2.9412,,,,,0.8,none,midweek_partial,False,False,-0.5025,-2.2113,1.7088,0.716,shrinking,0.10000000000000006,-0.2,False,False,False,False,True,,,,,0_0
000790,2026-02-02,L2,1,5,-2.0101,1.2534,6.5789,-5.3255,1.3688,0.2,none,monday,False,False,-2.7431,1.2626,-4.0058,1.1273,expanding,0.1071428571428572,-1.0267,False,False,False,False,True,,,,,0_0
000790,2026-02-04,L2,3,5,0.5025,0.5815,1.7157,-1.1342,0.8642,0.6,negative_to_positive,midweek_partial,True,False,2.3018,0.2564,2.0454,0.9627,normal,0.11142857142857153,0.8077,True,True,False,False,True,True,False,,,1_1
000790,2026-02-06,L2,5,5,1.7588,1.8211,1.7157,0.1054,0.9658,1.0,negative_to_positive,completed_week,True,False,0.0,1.25,-1.25,1.2146,expanding,0.10928571428571433,0.0,False,False,False,False,True,,,,,1_0
000790,2026-02-10,L2,2,5,0.7353,,,,,0.4,negative_to_positive,tuesday_B,True,False,0.7353,0.7407,-0.0054,0.9107,normal,0.10928571428571428,0.2745,False,False,False,False,True,,,,,1_0
000790,2026-02-12,L2,4,5,-1.7157,,,,,0.8,none,midweek_partial,False,False,-1.956,-0.4866,-1.4694,1.2915,expanding,0.1121428571428571,-0.7134,False,False,False,False,True,,,,,0_0
000790,2026-02-24,L2,1,5,1.9851,,,,,0.2,none,tuesday_gate_failed,,False,2.75,-0.2494,2.9994,1.4789,expanding,0.11428571428571417,0.9625,False,False,False,False,True,,,,,0_0
000790,2026-02-26,L2,3,5,1.2407,1.3664,1.9608,-0.5944,0.908,0.6,negative_to_positive,midweek_partial,True,False,-1.4493,0.7299,-2.1792,0.7783,shrinking,0.10499999999999986,-0.5714,False,False,False,False,True,,,,,1_0
000790,2026-03-02,L2,1,5,-1.9512,3.0153,1.9608,1.0545,0.6583,0.2,negative_to_positive,monday,True,False,-2.1898,0.7353,-2.9251,2.0941,expanding,0.10285714285714266,-0.875,False,False,False,False,True,,,,,1_0
000790,2026-03-04,L2,3,5,-3.4146,,,,,0.6,none,midweek_partial,False,False,-0.5025,-0.995,0.4925,0.9719,normal,0.10071428571428544,-0.1986,False,False,False,False,True,,,,,0_0
000790,2026-03-06,L2,5,5,1.4634,0.7927,1.9851,-1.1924,1.8462,1.0,none,completed_week,False,False,3.4826,1.5152,1.9674,1.915,expanding,0.10285714285714263,1.3611,False,False,True,True,True,,,True,False,0_1
000790,2026-03-10,L2,2,5,2.1792,,,,,0.4,none,tuesday_gate_failed,,False,1.4423,0.0,1.4423,0.8539,shrinking,0.10785714285714272,0.5563,True,True,True,True,True,False,True,False,True,0_1
000790,2026-03-12,L2,4,5,0.7264,0.929,1.4634,-0.5344,0.7819,0.8,none,midweek_partial,False,False,-0.716,-0.7109,-0.0051,1.0342,normal,0.11071428571428564,-0.271,False,False,False,False,True,,,,,0_0
000790,2026-03-16,L2,1,5,0.9569,1.2388,1.4634,-0.2246,0.7818,0.2,none,monday,False,False,1.199,0.2404,0.9587,0.9655,normal,0.11,0.4545,True,True,True,True,True,True,False,True,False,0_1
000790,2026-03-18,L2,3,5,0.2392,0.251,0.9685,-0.7175,0.9531,0.6,none,midweek_partial,False,False,0.7212,-1.4218,2.143,0.8078,shrinking,0.11214285714285722,0.2675,True,True,False,False,True,False,True,,,0_1
000790,2026-03-20,L2,5,5,-5.7416,5.5526,0.9685,4.5841,1.034,1.0,none,completed_week,False,False,-3.1941,-2.864,-0.3301,1.5375,expanding,0.1121428571428573,-1.1592,False,False,False,False,True,,,,,0_0
000790,2026-03-24,L2,2,5,-0.7673,,,,,0.4,none,tuesday_gate_failed,,False,8.3799,-9.1371,17.5169,1.0761,normal,0.12357142857142876,2.4277,False,False,False,False,False,,,,,0_0
000790,2026-03-26,L2,4,5,-0.2558,,,,,0.8,none,midweek_partial,False,False,-1.0152,1.5464,-2.5616,0.9852,normal,0.157857142857143,-0.2534,False,False,False,False,True,,,,,0_0
000790,2026-03-30,L2,1,5,2.4631,2.6013,5.7416,-3.1403,1.5731,0.2,negative_to_positive,monday,True,False,2.2113,4.359,-2.1477,0.9107,normal,0.1550000000000001,0.5806,False,False,False,False,True,,,,,1_0
000791,2026-01-05,L2,1,5,0.4644,5.0345,1.3657,3.6688,0.7981,0.2,none,monday,False,False,0.6202,-0.7692,1.3894,1.1309,expanding,0.1121428571428571,0.3567,False,False,False,False,True,,,,,0_0
000791,2026-01-07,L2,3,5,1.3932,0.857,4.0179,-3.1609,1.6256,0.6,negative_to_positive,midweek_partial,True,False,-0.4559,1.3867,-1.8427,1.0515,normal,0.10499999999999986,-0.2857,False,False,False,False,True,,,,,1_0
000791,2026-01-09,L2,5,5,1.2384,0.6738,4.0179,-3.3441,1.8378,1.0,negative_to_positive,completed_week,True,False,0.6154,-0.7634,1.3787,1.0131,normal,0.09928571428571413,0.4029,False,False,False,False,True,,,,,1_0
000791,2026-01-13,L2,2,5,1.3761,,,,,0.4,negative_to_positive,tuesday_A,True,False,0.7599,0.6116,0.1483,1.5189,expanding,0.09857142857142843,0.5072,False,False,True,True,True,,,True,False,1_1
000791,2026-01-15,L2,4,5,2.9052,1.9086,1.2384,0.6702,1.5221,0.8,double_positive_efficiency_improved,midweek_partial,True,False,1.3554,0.1508,1.2046,0.8055,shrinking,0.10357142857142845,0.869,True,True,False,False,True,True,False,,,1_1
000791,2026-01-19,L2,1,5,2.2255,1.8454,1.2384,0.607,1.5743,0.2,double_positive_efficiency_improved,monday,True,False,2.3774,0.0,2.3774,0.864,shrinking,0.10928571428571418,1.4641,True,True,False,False,True,False,True,,,1_1
000791,2026-01-21,L2,3,5,2.9674,2.89,2.9052,-0.0152,1.0268,0.6,none,midweek_partial,False,False,-0.8571,1.5965,-2.4537,0.8209,shrinking,0.12571428571428564,-0.4773,False,False,False,False,True,,,,,0_0
000791,2026-01-23,L2,5,5,2.6706,2.8938,2.9052,-0.0114,0.9229,1.0,none,completed_week,False,False,0.0,-0.2882,0.2882,1.144,expanding,0.1257142857142857,0.0,False,False,False,False,True,,,,,0_0
000791,2026-01-27,L2,2,5,-2.0202,,,,,0.4,none,tuesday_gate_failed,,False,-1.8786,0.0,-1.8786,0.9564,normal,0.12857142857142861,-1.0111,False,False,False,False,True,,,,,0_0
000791,2026-01-29,L2,4,5,-1.2987,,,,,0.8,none,midweek_partial,False,False,-0.2915,1.0309,-1.3225,0.8881,shrinking,0.13642857142857143,-0.1466,False,False,False,False,True,,,,,0_0
000791,2026-02-02,L2,1,5,-3.5714,0.887,2.6706,-1.7836,0.8134,0.2,none,monday,False,False,-1.8895,0.5848,-2.4743,1.3002,expanding,0.1414285714285714,-0.9192,False,False,False,False,True,,,,,0_0
000791,2026-02-04,L2,3,5,-3.0,,,,,0.6,none,midweek_partial,False,False,1.3433,-0.7407,2.084,0.7961,shrinking,0.1542857142857143,0.5833,True,True,False,False,True,False,True,,,0_1
000791,2026-02-06,L2,5,5,-4.8571,3.8574,0.7215,3.1359,1.2592,1.0,none,completed_week,False,False,0.3012,-2.2091,2.5103,0.7909,shrinking,0.16071428571428573,0.1244,True,True,False,False,True,False,True,,,0_1
000791,2026-02-10,L2,2,5,-2.381,,,,,0.4,none,tuesday_gate_failed,,False,-1.5015,0.0,-1.5015,1.0384,normal,0.15999999999999995,-0.625,False,False,False,False,True,,,,,0_0
000791,2026-02-12,L2,4,5,0.744,0.7594,4.8571,-4.0977,0.9798,0.8,negative_to_positive,midweek_partial,True,False,2.1116,1.0671,1.0445,2.1928,expanding,0.15571428571428564,0.8991,False,False,True,True,True,,,True,False,1_1
000791,2026-02-24,L2,1,5,3.3435,,,,,0.2,none,tuesday_gate_failed,,False,4.4547,-3.8405,8.2952,1.1941,expanding,0.1714285714285714,1.6917,False,False,False,False,False,,,,,0_0
000791,2026-02-26,L2,3,5,8.6626,5.3283,3.125,2.2033,1.6258,0.6,negative_to_positive,midweek_partial,True,False,3.9244,1.1765,2.7479,1.3833,expanding,0.19000000000000009,1.4211,False,False,True,False,False,,,True,False,1_0
000791,2026-03-02,L2,1,5,7.1802,8.1315,3.125,5.0065,2.1119,0.2,negative_to_positive,monday,True,False,6.4851,7.8322,-1.3471,1.0511,normal,0.2142857142857144,2.3333,False,False,False,False,False,,,,,1_0
000791,2026-03-04,L2,3,5,4.4386,2.2661,17.1733,-14.9072,1.9587,0.6,none,midweek_partial,False,False,0.5025,-3.0451,3.5476,0.6379,shrinking,0.28571428571428575,0.14,True,True,False,False,True,False,True,,,0_1
000791,2026-03-06,L2,5,5,10.9661,6.5713,17.1733,-10.602,1.6688,1.0,none,completed_week,False,False,4.6798,1.5,3.1798,1.4379,expanding,0.31071428571428583,1.223,False,False,False,False,False,,,,,0_0
000791,2026-03-10,L2,2,5,-3.8283,,,,,0.4,none,tuesday_gate_failed,,False,-1.8935,-0.5882,-1.3053,0.7139,shrinking,0.3457142857142859,-0.4628,False,False,False,False,True,,,,,0_0
000791,2026-03-12,L2,4,5,3.1323,3.1663,10.9661,-7.7998,0.9892,0.8,none,midweek_partial,False,False,4.9587,2.1713,2.7874,1.801,expanding,0.38000000000000017,1.1053,False,False,True,False,False,,,True,False,0_0
000791,2026-03-16,L2,1,5,-2.8881,3.068,10.9661,-7.8981,1.0209,0.2,none,monday,False,False,-3.3533,-6.0742,2.7209,0.6785,shrinking,0.4342857142857143,-0.6447,False,False,False,False,True,,,,,0_0
000791,2026-03-18,L2,3,5,-2.5271,,,,,0.6,none,midweek_partial,False,False,1.5038,-1.1152,2.619,0.8804,shrinking,0.4614285714285714,0.2601,True,True,False,False,True,False,True,,,0_1
000791,2026-03-20,L2,5,5,2.2864,3.1026,3.1323,-0.0297,0.7369,1.0,negative_to_positive,completed_week,True,False,3.5323,1.358,2.1743,2.7895,expanding,0.45571428571428557,0.6364,False,False,True,False,False,,,True,False,1_0
000791,2026-03-24,L2,2,5,0.7186,,,,,0.4,negative_to_positive,tuesday_B,True,False,3.5714,-4.4706,8.042,0.7765,shrinking,0.4335714285714284,0.6689,True,False,False,False,False,False,True,,,1_0
000791,2026-03-26,L2,4,5,7.3054,3.781,2.2864,1.4946,1.9321,0.8,double_positive_efficiency_improved,midweek_partial,True,False,-3.1351,9.9881,-13.1232,1.0985,normal,0.45071428571428557,-0.6434,False,False,False,False,True,,,,,1_0
000791,2026-03-30,L2,1,5,-6.463,1.6852,2.2864,-0.6012,1.8477,0.2,none,monday,False,False,-7.5494,-3.9063,-3.6431,0.9995,normal,0.49285714285714255,-1.3188,False,False,False,False,True,,,,,0_0
000792,2026-01-05,L2,1,5,2.3794,5.1054,5.4182,-0.3128,0.5673,0.2,none,monday,False,False,10.0142,1.5141,8.5001,1.6659,expanding,1.002857142857143,2.812,False,False,True,False,False,,,True,False,0_0
000792,2026-01-07,L2,3,5,6.3781,2.0035,2.8966,-0.8931,3.1834,0.6,negative_to_positive,midweek_partial,True,False,-0.5561,4.4868,-5.0428,0.6125,shrinking,1.1507142857142856,-0.1564,False,False,False,False,True,,,,,1_0
000792,2026-01-09,L2,5,5,3.3708,1.194,2.8966,-1.7026,2.8231,1.0,negative_to_positive,completed_week,True,False,-0.6037,-2.2367,1.633,0.7357,shrinking,1.2349999999999997,-0.1538,False,False,False,False,True,,,,,1_0
000792,2026-01-13,L2,2,5,3.681,,,,,0.4,negative_to_positive,tuesday_B,True,False,5.7572,2.1739,3.5833,1.6145,expanding,1.1821428571428565,1.5565,False,False,False,False,False,,,,,1_0
000792,2026-01-15,L2,4,5,3.1288,3.0479,3.3708,-0.3229,1.0265,0.8,none,midweek_partial,False,False,1.2041,-1.716,2.9201,0.6993,shrinking,1.3014285714285705,0.3074,True,True,False,False,True,False,True,,,0_1
000792,2026-01-19,L2,1,5,1.5805,1.5099,3.3708,-1.8609,0.9752,0.2,none,monday,False,False,1.0278,-1.6062,2.634,0.7154,shrinking,1.432857142857142,0.2373,True,True,False,False,True,False,True,,,0_1
000792,2026-01-21,L2,3,5,5.9271,7.9454,1.4724,6.473,0.746,0.6,double_positive_efficiency_improved,midweek_partial,True,False,2.2894,1.9449,0.3445,1.0425,normal,1.5042857142857138,0.5185,False,False,True,True,True,,,True,False,1_1
000792,2026-01-23,L2,5,5,8.2067,11.1326,1.4724,9.6602,0.7372,1.0,double_positive_efficiency_improved,completed_week,True,False,1.7434,0.4017,1.3416,1.0782,normal,1.5535714285714284,0.3926,False,False,False,False,True,,,,,1_0
000792,2026-01-27,L2,2,5,-1.8436,,,,,0.4,double_positive_efficiency_improved,tuesday_A,True,False,-2.1715,0.8989,-3.0704,0.7971,shrinking,1.395714285714286,-0.5589,False,False,False,False,True,,,,,1_0
000792,2026-01-29,L2,4,5,-4.4693,,,,,0.8,none,midweek_partial,False,False,-2.5086,-0.1707,-2.3378,1.182,expanding,1.4842857142857149,-0.5929,False,False,False,False,True,,,,,0_0
000792,2026-02-02,L2,1,5,-2.0168,6.6515,8.2067,-1.5552,1.2683,0.2,none,monday,False,False,-3.6608,-4.152,0.4913,0.6377,shrinking,1.5107142857142861,-0.7943,False,False,False,False,True,,,,,0_0
000792,2026-02-04,L2,3,5,2.9165,4.432,8.4358,-4.0038,0.6581,0.6,negative_to_positive,midweek_partial,True,False,-0.2706,5.3198,-5.5904,0.6205,shrinking,1.5014285714285722,-0.0599,False,False,False,False,True,,,,,1_0
000792,2026-02-06,L2,5,5,0.5275,0.8555,8.4358,-7.5803,0.6166,1.0,negative_to_positive,completed_week,True,False,0.966,-3.256,4.222,0.8648,shrinking,1.4907142857142859,0.208,True,True,False,False,True,False,True,,,1_1
000792,2026-02-10,L2,2,5,0.274,,,,,0.4,negative_to_positive,tuesday_A,True,False,-0.0303,1.6975,-1.7279,0.6089,shrinking,1.5157142857142856,-0.0066,False,False,False,False,True,,,,,1_0
000792,2026-02-12,L2,4,5,3.5312,5.0247,0.5275,4.4972,0.7028,0.8,double_positive_efficiency_improved,midweek_partial,True,False,0.2653,2.9751,-2.7098,0.8705,shrinking,1.4407142857142858,0.0625,False,False,False,False,True,,,,,1_0
000792,2026-02-24,L2,1,5,2.2656,,,,,0.2,double_positive_efficiency_improved,tuesday_A,True,False,5.9418,-1.0291,6.9709,2.122,expanding,1.452142857142857,1.3773,False,False,True,False,False,,,False,True,1_0
000792,2026-02-26,L2,3,5,11.8727,4.9852,2.4658,2.5194,2.3816,0.6,double_positive_efficiency_improved,midweek_partial,True,False,7.7624,1.5143,6.2481,1.6402,expanding,1.3957142857142852,2.0133,False,False,True,False,False,,,True,False,1_0
000792,2026-03-02,L2,1,5,-1.1658,5.1114,2.4658,2.6456,1.8683,0.2,double_positive_efficiency_improved,monday,True,False,-0.1309,-2.0764,1.9455,0.8595,shrinking,1.5642857142857136,-0.032,False,False,False,False,True,,,,,1_0
000792,2026-03-04,L2,3,5,-6.1399,,,,,0.6,none,midweek_partial,False,False,1.0882,-6.055,7.1432,0.6395,shrinking,1.4292857142857132,0.2729,True,True,False,False,True,False,True,,,0_1
000792,2026-03-06,L2,5,5,-4.6891,5.1843,9.5498,-4.3655,0.9045,1.0,none,completed_week,False,False,-0.3791,1.9321,-2.3112,0.8739,shrinking,1.529999999999999,-0.0915,False,False,False,False,True,,,,,0_0
000792,2026-03-10,L2,2,5,6.7017,,,,,0.4,none,tuesday_gate_failed,,False,0.4432,4.2675,-3.8243,0.6353,shrinking,1.4721428571428556,0.1155,False,False,False,False,True,,,,,0_0
000792,2026-03-12,L2,4,5,5.954,7.0916,4.6891,2.4025,0.8396,0.8,negative_to_positive,midweek_partial,True,False,0.1309,-0.8305,0.9614,1.0872,normal,1.6357142857142841,0.0306,False,False,False,False,True,,,,,1_0
000792,2026-03-16,L2,1,5,-5.3739,10.0662,4.6891,5.3771,0.9601,0.2,negative_to_positive,monday,True,False,-5.7323,3.5024,-9.2347,0.9878,normal,1.6349999999999985,-1.3884,False,False,False,False,True,,,,,1_0
000792,2026-03-18,L2,3,5,-9.7592,,,,,0.6,none,midweek_partial,False,False,-1.5214,-3.161,1.6396,0.7832,shrinking,1.8399999999999994,-0.2989,False,False,False,False,True,,,,,0_0
000792,2026-03-24,L2,2,5,6.1207,,,,,0.4,none,tuesday_gate_failed,,False,5.2921,-0.6893,5.9813,1.1303,expanding,1.8428571428571432,0.993,False,False,True,False,False,,,False,True,0_0
000792,2026-03-26,L2,4,5,7.4031,7.1988,11.7364,-4.5376,1.0284,0.8,negative_to_positive,midweek_partial,True,False,0.2176,0.9887,-0.7712,0.965,normal,1.791428571428573,0.0447,False,False,False,False,True,,,,,1_0
000792,2026-03-30,L2,1,5,-1.3138,13.3085,11.7364,1.5721,1.1257,0.2,negative_to_positive,monday,True,False,-0.9886,7.0556,-8.0442,0.6721,shrinking,1.8614285714285725,-0.2095,False,False,False,False,True,,,,,1_0
000793,2026-01-05,L2,1,5,-0.722,7.8199,0.6993,7.1206,0.3141,0.2,none,monday,False,False,-1.0791,-0.3584,-0.7207,1.5146,expanding,0.08357142857142844,-0.359,False,False,False,False,True,,,,,0_0
000793,2026-01-07,L2,3,5,-2.5271,,,,,0.6,none,midweek_partial,False,False,-1.8182,0.0,-1.8182,1.4176,expanding,0.08571428571428556,-0.5833,False,False,False,False,True,,,,,0_0
000793,2026-01-09,L2,5,5,-3.6101,1.3177,2.4561,-1.1384,2.7398,1.0,none,completed_week,False,False,-1.1111,0.0,-1.1111,1.3336,expanding,0.08142857142857128,-0.3684,False,False,False,False,True,,,,,0_0
000793,2026-01-13,L2,2,5,-0.3759,,,,,0.4,none,tuesday_gate_failed,,False,-2.5735,1.8727,-4.4462,0.5837,shrinking,0.07999999999999988,-0.875,False,False,False,False,True,,,,,0_0
000793,2026-01-15,L2,4,5,-0.3759,,,,,0.8,none,midweek_partial,False,False,0.7605,-0.7547,1.5152,0.8114,shrinking,0.07571428571428565,0.2642,True,True,False,False,True,False,True,,,0_1
000793,2026-01-19,L2,1,5,-1.5267,1.5114,3.6101,-2.0987,0.9949,0.2,none,monday,False,False,-1.5267,-1.1321,-0.3946,1.3465,expanding,0.07071428571428573,-0.5657,False,False,False,False,True,,,,,0_0
000793,2026-01-21,L2,3,5,0.0,,,,,0.6,none,midweek_partial,False,False,3.1496,-1.5504,4.7,1.331,expanding,0.07000000000000003,1.1429,False,False,False,False,True,,,,,0_0
000793,2026-01-23,L2,5,5,4.5802,3.6365,1.5038,2.1327,1.2595,1.0,negative_to_positive,completed_week,True,False,-0.3636,4.9618,-5.3255,0.8388,shrinking,0.07785714285714292,-0.1284,False,False,False,False,True,,,,,1_0
000793,2026-01-27,L2,2,5,0.7353,,,,,0.4,negative_to_positive,tuesday_A,True,False,-0.7246,0.7299,-1.4546,0.5629,shrinking,0.08785714285714293,-0.2276,False,False,False,False,True,,,,,1_0
000793,2026-01-29,L2,4,5,0.3676,0.602,4.5802,-3.9782,0.6107,0.8,none,midweek_partial,False,False,0.3676,-0.7299,1.0976,0.9976,normal,0.09285714285714294,0.1077,True,True,True,True,True,False,True,False,True,0_1
000793,2026-02-02,L2,1,5,-1.0989,0.5962,4.5802,-3.984,0.6166,0.2,none,monday,False,False,-1.0989,0.0,-1.0989,0.7212,shrinking,0.09214285714285723,-0.3256,False,False,False,False,True,,,,,0_0
000793,2026-02-04,L2,3,5,-1.8315,,,,,0.6,none,midweek_partial,False,False,-0.3717,-0.3704,-0.0014,0.9963,normal,0.08428571428571437,-0.1186,False,False,False,False,True,,,,,0_0
000793,2026-02-06,L2,5,5,0.0,0.0,0.3676,-0.3676,0.6906,1.0,none,completed_week,False,False,1.487,0.3731,1.1139,1.1872,expanding,0.0814285714285715,0.4912,False,False,True,True,True,,,True,False,0_1
000793,2026-02-10,L2,2,5,-1.4652,,,,,0.4,none,tuesday_gate_failed,,False,0.3731,-1.8315,2.2046,0.74,shrinking,0.08500000000000003,0.1176,True,True,False,False,True,False,True,,,0_1
000793,2026-02-12,L2,4,5,-2.9304,,,,,0.8,none,midweek_partial,False,False,-1.1194,-0.3717,-0.7477,1.0205,normal,0.08071428571428577,-0.3717,False,False,False,False,True,,,,,0_0
000793,2026-02-24,L2,1,5,0.7273,,,,,0.2,none,tuesday_gate_failed,,False,2.974,1.5094,1.4645,2.4517,expanding,0.06785714285714294,1.1789,False,False,True,True,True,,,True,False,0_1
000793,2026-02-26,L2,3,5,9.0909,3.1494,1.4652,1.6842,2.8865,0.6,negative_to_positive,midweek_partial,True,False,3.0928,5.0542,-1.9614,3.6446,expanding,0.06357142857142868,1.4157,False,False,False,False,True,,,,,1_0
000793,2026-03-02,L2,1,5,-5.9406,5.249,1.4652,3.7838,1.7319,0.2,negative_to_positive,monday,True,False,-5.0,3.0928,-8.0928,0.4174,shrinking,0.0692857142857144,-2.1649,False,False,False,False,True,,,,,1_0
000793,2026-03-06,L2,5,5,-4.9505,3.4359,9.0909,-5.655,1.4408,1.0,none,completed_week,False,True,1.0526,5.1661,-4.1134,0.9716,normal,0.10214285714285719,0.2937,False,False,False,False,True,,,,,0_0
000793,2026-03-10,L2,2,5,1.0601,,,,,0.4,none,tuesday_gate_failed,,False,0.7042,-1.3889,2.0931,0.6975,shrinking,0.11285714285714292,0.1772,True,True,True,True,True,False,True,False,True,0_1
000793,2026-03-12,L2,4,5,-1.4134,,,,,0.8,none,midweek_partial,False,False,-1.0638,-1.3986,0.3348,1.0279,normal,0.11571428571428578,-0.2593,False,False,False,False,True,,,,,0_0
000793,2026-03-16,L2,1,5,1.0676,2.056,4.9505,-2.8945,0.5156,0.2,negative_to_positive,monday,True,False,-0.6993,2.509,-3.2083,0.4691,shrinking,0.11642857142857145,-0.1718,False,False,False,False,True,,,,,1_0
000793,2026-03-18,L2,3,5,-0.3559,,,,,0.6,none,midweek_partial,False,False,-0.7092,-0.7042,-0.005,0.9997,normal,0.12714285714285714,-0.1573,False,False,False,False,True,,,,,0_0
000796,2026-01-05,L2,1,5,-4.2857,9.0956,14.3722,-5.2766,0.3974,0.2,none,monday,False,False,-6.9444,6.0383,-12.9827,0.8943,shrinking,0.5642857142857143,-0.8861,False,False,False,False,True,,,,,0_0
000796,2026-01-07,L2,3,5,-5.0,,,,,0.6,none,midweek_partial,False,False,-0.7463,0.0,-0.7463,0.8719,shrinking,0.5942857142857143,-0.0841,False,False,False,False,True,,,,,0_0
000796,2026-01-15,L2,4,5,1.059,0.8305,5.5714,-4.7409,1.2751,0.8,negative_to_positive,midweek_partial,True,False,0.0,4.2122,-4.2122,0.9119,normal,0.4385714285714285,0.0,False,False,False,False,True,,,,,1_0
000796,2026-02-02,L2,1,5,0.1639,2.0309,1.1024,0.9285,1.1798,0.2,negative_to_positive,monday,True,False,-4.6802,7.0117,-11.6919,0.601,shrinking,0.23642857142857127,-1.2689,False,False,False,False,True,,,,,1_0
000796,2026-02-04,L2,3,5,6.0656,4.9368,2.3962,2.5406,1.2287,0.6,double_positive_efficiency_improved,midweek_partial,True,False,3.6859,2.1277,1.5582,1.4504,expanding,0.25928571428571406,0.8871,False,False,True,False,False,,,True,False,1_0
000796,2026-02-06,L2,5,5,5.5738,3.8152,2.3962,1.419,1.4609,1.0,double_positive_efficiency_improved,completed_week,True,False,-4.1667,3.864,-8.0307,0.7017,shrinking,0.2399999999999999,-1.1667,False,False,False,False,True,,,,,1_0
000796,2026-02-10,L2,2,5,0.9404,,,,,0.4,double_positive_efficiency_improved,tuesday_A,True,False,-0.4637,0.4658,-0.9295,0.8614,shrinking,0.24857142857142853,-0.1207,False,False,False,False,True,,,,,1_0
000796,2026-02-12,L2,4,5,-3.2915,,,,,0.8,none,midweek_partial,False,False,-2.3734,-1.8634,-0.5101,1.1519,expanding,0.24714285714285708,-0.6069,False,False,False,False,True,,,,,0_0
000796,2026-02-24,L2,1,5,-2.7642,,,,,0.2,none,tuesday_gate_failed,,False,-4.9285,1.9449,-6.8734,1.2295,expanding,0.25142857142857133,-1.233,False,False,False,False,True,,,,,0_0
000796,2026-03-02,L2,1,5,-2.3214,6.7242,1.4107,5.3135,0.7013,0.2,none,monday,False,False,-6.6553,0.3425,-6.9978,2.386,expanding,0.2585714285714285,-1.5083,False,False,False,False,True,,,,,0_0
000796,2026-03-06,L2,5,5,-2.1429,1.715,4.7154,-3.0004,1.2495,1.0,none,completed_week,False,False,2.8143,0.7561,2.0581,1.2374,expanding,0.23071428571428568,0.6502,False,False,False,False,True,,,,,0_0
000796,2026-03-10,L2,2,5,2.6119,,,,,0.4,none,tuesday_gate_failed,,False,1.6636,-1.2774,2.941,0.7826,shrinking,0.19499999999999998,0.4615,True,True,True,True,True,False,True,False,True,0_1
000796,2026-03-16,L2,1,5,1.8657,1.6221,2.1429,-0.5208,0.5751,0.2,none,monday,False,False,2.8249,-0.9328,3.7577,1.2827,expanding,0.18214285714285708,0.8235,False,False,False,False,True,,,,,0_0
000797,2026-01-05,L2,1,5,-2.0408,11.7213,0.9685,10.7528,0.5294,0.2,none,monday,False,False,-2.2901,-3.4398,1.1497,0.8054,shrinking,0.255,-0.3529,False,False,False,False,True,,,,,0_0
000797,2026-01-07,L2,3,5,-2.551,,,,,0.6,none,midweek_partial,False,False,-1.0363,0.5208,-1.5571,0.905,normal,0.21714285714285714,-0.1842,False,False,False,False,True,,,,,0_0
000797,2026-01-09,L2,5,5,-1.7857,1.2513,6.2053,-4.954,1.4271,1.0,none,completed_week,False,False,0.0,0.7853,-0.7853,0.7466,shrinking,0.1928571428571428,0.0,False,False,False,False,True,,,,,0_0
000797,2026-02-02,L2,1,5,-0.6536,5.4217,3.1056,2.3161,1.1702,0.2,none,monday,False,False,-1.9355,-2.8213,0.8858,0.647,shrinking,0.12499999999999997,-0.48,False,False,False,False,True,,,,,0_0
000797,2026-02-04,L2,3,5,4.2484,6.1857,6.3444,-0.1587,0.6868,0.6,negative_to_positive,midweek_partial,True,False,2.5723,2.3026,0.2697,1.386,expanding,0.10999999999999995,0.7273,False,False,True,True,True,,,True,False,1_1
000797,2026-02-06,L2,5,5,3.268,3.882,6.3444,-2.4624,0.8418,1.0,negative_to_positive,completed_week,True,False,-2.4691,1.5674,-4.0365,0.7713,shrinking,0.10285714285714286,-0.7778,False,False,False,False,True,,,,,1_0
000797,2026-02-10,L2,2,5,0.3135,,,,,0.4,negative_to_positive,tuesday_A,True,False,-1.5385,2.8481,-4.3866,0.801,shrinking,0.10571428571428575,-0.473,False,False,False,False,True,,,,,1_0
000797,2026-02-12,L2,4,5,-2.8213,,,,,0.8,none,midweek_partial,False,False,-2.2082,-0.9375,-1.2707,1.3815,expanding,0.1121428571428572,-0.6242,False,False,False,False,True,,,,,0_0
000797,2026-02-24,L2,1,5,1.2903,,,,,0.2,none,tuesday_gate_failed,,False,1.6181,-0.3226,1.9407,1.1379,expanding,0.11428571428571435,0.4375,False,False,False,False,True,,,,,0_0
000797,2026-02-26,L2,3,5,0.6452,0.569,3.1348,-2.5658,1.1339,0.6,negative_to_positive,midweek_partial,True,False,-3.1056,2.5478,-5.6534,0.943,normal,0.10142857142857149,-0.9859,False,False,False,False,True,,,,,1_0
000797,2026-03-02,L2,1,5,-0.6431,2.6689,3.1348,-0.4659,0.8461,0.2,negative_to_positive,monday,True,False,-2.5237,1.6026,-4.1262,1.4914,expanding,0.10142857142857149,-0.7887,False,False,False,False,True,,,,,1_0
000797,2026-03-04,L2,3,5,-3.537,,,,,0.6,none,midweek_partial,False,False,-0.3322,-2.589,2.2568,0.7339,shrinking,0.10071428571428578,-0.0993,False,False,False,False,True,,,,,0_0
000797,2026-03-06,L2,5,5,-0.6431,0.5647,2.2581,-1.6934,1.1388,1.0,none,completed_week,False,False,1.6447,1.3333,0.3114,0.8008,shrinking,0.10071428571428578,0.4965,True,True,False,False,True,True,False,,,0_1
000797,2026-03-10,L2,2,5,0.0,,,,,0.4,none,tuesday_gate_failed,,False,0.9934,-2.2654,3.2587,0.7599,shrinking,0.09500000000000004,0.3158,True,True,False,False,True,False,True,,,0_1
000797,2026-03-12,L2,4,5,-0.3279,,,,,0.8,none,midweek_partial,False,False,0.0,-0.3279,0.3279,1.9854,expanding,0.08857142857142859,0.0,False,False,False,False,True,,,,,0_0
000797,2026-03-16,L2,1,5,0.0,1.0784,0.6431,0.4353,0.9121,0.2,none,monday,False,False,0.0,-0.6579,0.6579,0.6738,shrinking,0.0857142857142857,0.0,False,False,False,False,True,,,,,0_0
000797,2026-03-18,L2,3,5,-2.3179,,,,,0.6,none,midweek_partial,False,False,-2.6403,0.3311,-2.9714,0.821,shrinking,0.08857142857142852,-0.9032,False,False,False,False,True,,,,,0_0
000797,2026-03-30,L2,1,5,4.2105,5.4811,7.2848,-1.8037,0.8625,0.2,negative_to_positive,monday,True,False,3.125,1.0526,2.0724,2.57,expanding,0.0985714285714286,0.913,False,False,True,True,True,,,True,False,1_1
000798,2026-01-05,L2,1,5,0.9452,12.6833,0.7136,11.9697,0.3829,0.2,none,monday,False,False,0.9452,-0.5639,1.5091,0.9337,normal,0.5285714285714285,0.1892,True,True,False,False,True,False,True,,,0_1
000798,2026-01-07,L2,3,5,11.5312,5.5754,4.8561,0.7193,2.0682,0.6,negative_to_positive,midweek_partial,True,False,9.972,0.4682,9.5039,3.461,expanding,0.5092857142857141,2.101,False,False,True,False,False,,,True,False,1_0
000798,2026-01-09,L2,5,5,16.0681,5.5684,4.8561,0.7123,2.8856,1.0,negative_to_positive,completed_week,True,False,7.4366,-3.1356,10.5722,1.3929,expanding,0.49428571428571405,1.7197,False,False,False,False,False,,,,,1_0
000798,2026-01-13,L2,2,5,-3.8429,,,,,0.4,negative_to_positive,tuesday_A,True,False,-4.4813,-1.873,-2.6084,0.6048,shrinking,0.5407142857142856,-0.9987,False,False,False,False,True,,,,,1_0
000798,2026-01-15,L2,4,5,-8.4378,,,,,0.8,none,midweek_partial,False,False,-3.6907,-1.1295,-2.5612,0.704,shrinking,0.5714285714285714,-0.735,False,False,False,False,True,,,,,0_0
000798,2026-01-19,L2,1,5,1.1894,10.1679,16.0681,-5.9002,0.8134,0.2,none,monday,False,False,0.7286,0.1825,0.5461,0.7528,shrinking,0.5507142857142858,0.1453,True,True,True,True,True,True,False,True,False,0_1
000798,2026-01-21,L2,3,5,-2.1043,,,,,0.6,none,midweek_partial,False,False,0.0935,-3.3454,3.4389,0.4638,shrinking,0.4828571428571432,0.0207,True,True,False,False,True,False,True,,,0_1
000798,2026-01-23,L2,5,5,0.0,0.0,8.2707,-8.2707,0.4108,1.0,none,completed_week,False,False,1.4856,0.6542,0.8314,1.5443,expanding,0.4742857142857146,0.3373,False,False,True,True,True,,,True,False,0_1
000798,2026-01-27,L2,2,5,-5.032,,,,,0.4,none,tuesday_gate_failed,,False,-2.1678,-2.9277,0.76,0.9087,normal,0.45642857142857174,-0.5039,False,False,False,False,True,,,,,0_0
000798,2026-01-29,L2,4,5,-3.9341,,,,,0.8,none,midweek_partial,False,False,0.6711,0.4817,0.1894,1.0192,normal,0.420714285714286,0.1664,False,False,True,True,True,,,True,False,0_1
000798,2026-02-02,L2,1,5,-2.684,3.9691,0.0,3.9691,1.4292,0.2,negative_to_positive,monday,True,False,-2.684,10.0,-12.684,0.9983,normal,0.34500000000000014,-0.8986,False,False,False,False,True,,,,,1_0
000798,2026-02-04,L2,3,5,-0.2597,,,,,0.6,none,midweek_partial,False,False,2.0372,0.4448,1.5924,1.542,expanding,0.37071428571428594,0.6204,False,False,False,False,True,,,,,0_0
000798,2026-02-06,L2,5,5,-0.5195,0.2606,5.6725,-5.4119,1.9932,1.0,none,completed_week,False,False,-2.1295,1.9097,-4.0392,0.7826,shrinking,0.3492857142857146,-0.7157,False,False,False,False,True,,,,,0_0
000798,2026-02-10,L2,2,5,2.053,,,,,0.4,none,tuesday_gate_failed,,False,1.6184,2.1758,-0.5574,1.0004,normal,0.40785714285714303,0.4658,False,False,False,False,True,,,,,0_0
000798,2026-02-12,L2,4,5,-3.0796,,,,,0.8,none,midweek_partial,False,False,-0.9615,-4.1073,3.1458,0.6594,shrinking,0.4521428571428573,-0.2433,False,False,False,False,True,,,,,0_0
000798,2026-02-24,L2,1,5,2.5662,,,,,0.2,negative_to_positive,tuesday_A,True,False,-0.5618,9.9735,-10.5353,1.5567,expanding,0.4842857142857145,-0.1445,False,False,False,False,True,,,,,1_0
000798,2026-02-26,L2,3,5,-0.4967,,,,,0.6,none,midweek_partial,False,False,-2.0375,-0.9685,-1.069,0.7301,shrinking,0.5778571428571431,-0.4326,False,False,False,False,True,,,,,0_0
000798,2026-03-02,L2,1,5,-1.1045,1.4089,6.5868,-5.1779,0.8814,0.2,none,monday,False,False,-2.4308,-0.7488,-1.6821,0.8694,shrinking,0.595714285714286,-0.4868,False,False,False,False,True,,,,,0_0
000798,2026-03-04,L2,3,5,6.0323,4.2361,1.2417,2.9944,1.424,0.6,negative_to_positive,midweek_partial,True,False,5.4945,1.6323,3.8622,1.3784,expanding,0.54,1.2037,False,False,True,False,False,,,True,False,1_0
000798,2026-03-06,L2,5,5,-3.4834,2.5307,1.2417,1.289,1.3765,1.0,none,completed_week,False,False,-3.1543,-6.0096,2.8553,0.8417,shrinking,0.6178571428571429,-0.5988,False,False,False,False,True,,,,,0_0
000798,2026-03-10,L2,2,5,-0.9848,,,,,0.4,none,tuesday_gate_failed,,False,-0.45,-2.2007,1.7507,0.8796,shrinking,0.6764285714285715,-0.0739,False,False,False,False,True,,,,,0_0
000798,2026-03-16,L2,1,5,1.8584,8.1148,3.4834,4.6314,0.4854,0.2,none,monday,False,False,7.2693,0.8459,6.4235,3.2407,expanding,0.6392857142857141,1.2201,False,False,True,False,False,,,True,False,0_0
000799,2026-01-05,L2,1,5,2.2365,8.1433,1.6748,6.4685,0.4278,0.2,none,monday,False,False,2.1803,-1.302,3.4823,1.3593,expanding,1.8328571428571425,0.6493,False,False,False,False,True,,,,,0_0
000799,2026-01-07,L2,3,5,2.9698,1.2209,3.4836,-2.2627,2.4325,0.6,negative_to_positive,midweek_partial,True,False,-0.2663,0.9862,-1.2525,0.8902,shrinking,1.6400000000000001,-0.0915,False,False,False,False,True,,,,,1_0
000799,2026-01-09,L2,5,5,4.4363,1.8048,3.4836,-1.6788,2.4581,1.0,negative_to_positive,completed_week,True,False,0.7605,0.6587,0.1018,1.339,expanding,1.374285714285715,0.3129,False,False,True,True,True,,,True,False,1_1
000799,2026-01-13,L2,2,5,-0.9181,,,,,0.4,negative_to_positive,tuesday_A,True,False,-2.6202,1.1585,-3.7787,1.0261,normal,1.3835714285714293,-1.0914,False,False,False,False,True,,,,,1_0
000799,2026-01-15,L2,4,5,-2.9838,,,,,0.8,none,midweek_partial,False,False,-2.172,0.0891,-2.2611,0.7661,shrinking,1.4592857142857152,-0.836,False,False,False,False,True,,,,,0_0
000799,2026-01-19,L2,1,5,1.105,2.9928,4.4363,-1.4435,1.1327,0.2,none,monday,False,False,0.3289,-0.4186,0.7475,0.7879,shrinking,1.5657142857142874,0.115,True,True,False,False,True,False,True,,,0_1
000799,2026-01-21,L2,3,5,-3.2781,,,,,0.6,none,midweek_partial,False,False,-3.9678,-0.3825,-3.5853,1.381,expanding,1.4035714285714305,-1.5461,False,False,False,False,True,,,,,0_0
000799,2026-01-23,L2,5,5,-2.0074,2.4108,3.3898,-0.979,0.8327,1.0,none,completed_week,False,False,1.5458,-0.2285,1.7743,1.2691,expanding,1.512857142857145,0.5354,False,False,False,False,True,,,,,0_0
000799,2026-01-27,L2,2,5,-3.3384,,,,,0.4,none,tuesday_gate_failed,,False,-2.5665,-1.1464,-1.4201,0.8864,shrinking,1.4214285714285728,-0.9497,False,False,False,False,True,,,,,0_0
000799,2026-01-29,L2,4,5,7.2237,4.4205,2.0074,2.4131,1.6341,0.8,negative_to_positive,midweek_partial,True,False,10.0039,0.839,9.1648,3.7754,expanding,1.5500000000000007,3.3355,False,False,True,False,False,,,True,False,1_0
000799,2026-02-02,L2,1,5,7.7318,3.1265,2.0074,1.1191,2.2923,0.2,negative_to_positive,monday,True,False,3.4847,-0.0528,3.5375,0.8322,shrinking,1.8442857142857148,1.0736,True,True,False,False,True,False,True,,,1_1
000799,2026-02-04,L2,3,5,9.5639,6.3689,7.1671,-0.7982,1.5017,0.6,none,midweek_partial,False,False,3.3708,-1.6156,4.9864,1.431,expanding,2.268571428571429,0.8596,False,False,True,True,True,,,False,True,0_1
000799,2026-02-06,L2,5,5,3.2979,2.4718,7.1671,-4.6953,1.3342,1.0,none,completed_week,False,False,-3.7227,-2.0736,-1.6491,0.8113,shrinking,2.5364285714285715,-0.8595,False,False,False,False,True,,,,,0_0
000799,2026-02-10,L2,2,5,-2.2943,,,,,0.4,none,tuesday_gate_failed,,False,-3.3511,0.0355,-3.3865,0.9508,normal,2.763571428571428,-0.6839,False,False,False,False,True,,,,,0_0
000799,2026-02-12,L2,4,5,-5.0188,,,,,0.8,none,midweek_partial,False,False,-1.7612,-1.0457,-0.7155,0.9984,normal,2.7035714285714283,-0.3514,False,False,False,False,True,,,,,0_0
000801,2026-01-05,L2,1,5,0.4676,5.7692,2.0225,3.7467,0.3896,0.2,none,monday,False,False,1.3561,0.2957,1.0604,1.1919,expanding,0.694285714285715,0.3313,False,False,False,False,True,,,,,0_0
000801,2026-01-07,L2,3,5,0.3507,0.1611,2.2478,-2.0867,2.1761,0.6,negative_to_positive,midweek_partial,True,False,-1.3218,1.2216,-2.5435,0.7786,shrinking,0.6128571428571435,-0.3753,False,False,False,False,True,,,,,1_0
000801,2026-01-09,L2,5,5,4.325,1.6784,2.2478,-0.5694,2.5769,1.0,negative_to_positive,completed_week,True,False,0.5068,3.4362,-2.9295,1.0909,normal,0.555714285714286,0.162,False,False,False,False,True,,,,,1_0
000801,2026-01-13,L2,2,5,-4.4469,,,,,0.4,negative_to_positive,tuesday_A,True,False,-7.1313,3.6975,-10.8288,1.0892,normal,0.5350000000000001,-2.4673,False,False,False,False,True,,,,,1_0
000801,2026-01-15,L2,4,5,-5.3919,,,,,0.8,none,midweek_partial,False,False,-2.7429,1.8034,-4.5462,0.6745,shrinking,0.6028571428571432,-0.7962,False,False,False,False,True,,,,,0_0
000801,2026-03-02,L2,1,5,-1.4443,5.1789,3.2299,1.949,1.0714,0.2,double_positive_efficiency_improved,monday,True,False,-1.4443,0.3478,-1.7921,1.5354,expanding,0.4342857142857138,-0.5757,False,False,False,False,True,,,,,1_0
000801,2026-03-04,L2,3,5,-6.528,,,,,0.6,none,midweek_partial,False,False,-0.7362,-4.4549,3.7187,0.9085,normal,0.43785714285714267,-0.2741,False,False,False,False,True,,,,,0_0
000801,2026-03-06,L2,5,5,-4.7371,5.1687,5.5488,-0.3801,0.9165,1.0,none,completed_week,False,False,1.3522,0.5562,0.7959,1.0223,normal,0.4935714285714286,0.4457,False,False,False,False,True,,,,,0_0
000801,2026-03-10,L2,2,5,-1.6656,,,,,0.4,none,tuesday_gate_failed,,False,0.1886,-3.5173,3.7058,0.6325,shrinking,0.5207142857142857,0.0576,True,True,False,False,True,False,True,,,0_1
000803,2026-01-05,L2,1,5,3.4388,1.011,0.2813,0.7297,0.5565,0.2,double_positive_efficiency_improved,monday,True,False,5.1748,0.9887,4.1861,2.1207,expanding,0.3014285714285715,1.2275,False,False,True,False,False,,,True,False,1_0
000803,2026-01-07,L2,3,5,7.2902,1.6027,0.5626,1.0401,4.5488,0.6,double_positive_efficiency_improved,midweek_partial,True,False,-0.3831,4.1223,-4.5055,0.5387,shrinking,0.3,-0.1,False,False,False,False,True,,,,,1_0
000803,2026-01-09,L2,5,5,12.6547,2.63,0.5626,2.0674,4.8118,1.0,double_positive_efficiency_improved,completed_week,True,False,4.5977,0.3846,4.2131,3.2144,expanding,0.2942857142857142,1.2233,False,False,True,False,False,,,True,False,1_0
000803,2026-01-13,L2,2,5,-2.8889,,,,,0.4,double_positive_efficiency_improved,tuesday_A,True,False,-2.9967,10.0122,-13.0089,1.3888,expanding,0.3057142857142856,-0.8832,False,False,False,False,True,,,,,1_0
000803,2026-01-15,L2,4,5,-6.2222,,,,,0.8,none,midweek_partial,False,True,-4.5249,1.1442,-5.6691,0.6092,shrinking,0.3857142857142856,-1.037,False,False,False,False,True,,,,,0_0
000803,2026-01-19,L2,1,5,10.9785,5.8966,12.6547,-6.7581,1.0364,0.2,none,monday,False,False,10.0592,0.1185,9.9407,1.5611,expanding,0.4271428571428569,1.99,False,False,False,False,False,,,,,0_0
000803,2026-01-21,L2,3,5,13.8425,11.6854,6.1111,5.5743,1.1846,0.6,negative_to_positive,midweek_partial,True,False,-0.3135,2.9032,-3.2167,0.6312,shrinking,0.48928571428571416,-0.0613,False,False,False,False,True,,,,,1_0
000803,2026-01-23,L2,5,5,17.5418,15.8314,6.1111,9.7203,1.108,1.0,negative_to_positive,completed_week,True,False,1.3374,1.8868,-0.5493,0.8267,shrinking,0.547142857142857,0.2376,False,False,False,False,True,,,,,1_0
000803,2026-01-27,L2,2,5,-1.7365,,,,,0.4,negative_to_positive,tuesday_A,True,False,-2.4341,0.1015,-2.5356,0.5959,shrinking,0.5664285714285714,-0.4237,False,False,False,False,True,,,,,1_0
000803,2026-01-29,L2,4,5,-6.0266,,,,,0.8,none,midweek_partial,False,False,-2.439,-1.9751,-0.464,0.8843,shrinking,0.5785714285714286,-0.3975,False,False,False,False,True,,,,,0_0
000803,2026-02-02,L2,1,5,-5.0811,7.9991,17.5418,-9.5427,0.6257,0.2,none,monday,False,False,-5.5914,1.087,-6.6784,0.949,normal,0.5757142857142857,-0.9032,False,False,False,False,True,,,,,0_0
000803,2026-02-04,L2,3,5,-2.7027,,,,,0.6,none,midweek_partial,False,False,0.8969,1.5945,-0.6977,0.8453,shrinking,0.5521428571428573,0.1449,False,False,False,False,True,,,,,0_0
000803,2026-02-06,L2,5,5,-5.7297,8.6933,5.0051,3.6882,0.6591,1.0,none,completed_week,False,False,0.5767,-3.6667,4.2434,0.7856,shrinking,0.5300000000000002,0.0943,True,True,False,False,True,False,True,,,0_1
000803,2026-02-10,L2,2,5,-0.1142,,,,,0.4,none,tuesday_gate_failed,,False,0.0,0.344,-0.344,0.9442,normal,0.49928571428571444,0.0,False,False,False,False,True,,,,,0_0
000803,2026-02-24,L2,1,5,8.3726,,,,,0.2,none,tuesday_gate_failed,,False,10.0599,-1.9953,12.0552,1.5657,expanding,0.40714285714285736,2.0632,False,False,False,False,False,,,,,0_0
000803,2026-02-26,L2,3,5,7.0755,4.1103,4.6804,-0.5701,1.7214,0.6,negative_to_positive,midweek_partial,True,False,-0.4386,-0.7617,0.3231,0.6694,shrinking,0.40714285714285736,-0.0982,False,False,False,False,True,,,,,1_0
000803,2026-03-02,L2,1,5,5.0901,7.2279,4.6804,2.5475,1.6968,0.2,negative_to_positive,monday,True,False,4.0966,4.8458,-0.7492,1.2788,expanding,0.3700000000000004,1.0541,False,False,False,False,False,,,,,1_0
000803,2026-03-04,L2,3,5,6.0445,2.6197,12.2642,-9.6445,2.3073,0.6,none,midweek_partial,False,False,2.7749,-1.8163,4.5913,1.0407,normal,0.3785714285714289,0.7132,False,False,False,False,True,,,,,0_0
000803,2026-03-06,L2,5,5,10.2863,4.5185,12.2642,-7.7457,2.2765,1.0,none,completed_week,False,False,0.0,4.0,-4.0,0.7906,shrinking,0.42785714285714327,0.0,False,False,False,False,True,,,,,0_0
000803,2026-03-10,L2,2,5,-5.6691,,,,,0.4,none,tuesday_gate_failed,,False,-3.4253,1.0577,-4.483,0.6795,shrinking,0.45928571428571463,-0.7838,False,False,False,False,True,,,,,0_0
000803,2026-03-12,L2,4,5,-9.4796,,,,,0.8,none,midweek_partial,False,True,-2.2088,-1.8719,-0.3369,0.6396,shrinking,0.5300000000000002,-0.4151,False,False,False,False,True,,,,,0_0
000803,2026-03-16,L2,1,5,-2.1148,10.2204,10.2863,-0.0659,0.9002,0.2,none,monday,False,False,-0.5118,0.308,-0.8198,1.0791,normal,0.5550000000000003,-0.0901,False,False,False,False,True,,,,,0_0
000803,2026-03-18,L2,3,5,-4.0282,,,,,0.6,none,midweek_partial,False,False,-0.3138,-1.6461,1.3323,1.3532,expanding,0.5750000000000003,-0.0522,False,False,False,False,True,,,,,0_0
000803,2026-03-20,L2,5,5,-10.4733,18.812,9.2007,9.6113,0.5567,1.0,none,completed_week,False,False,-3.2644,-3.5677,0.3033,0.8076,shrinking,0.6042857142857144,-0.4965,False,False,False,False,True,,,,,0_0
000803,2026-03-24,L2,2,5,1.5945,,,,,0.4,none,tuesday_gate_failed,,False,8.1212,-7.1991,15.3203,1.1346,expanding,0.5921428571428571,1.1315,False,False,False,False,False,,,,,0_0
000803,2026-03-26,L2,4,5,2.3918,2.0169,10.4733,-8.4564,1.1859,0.8,negative_to_positive,midweek_partial,True,False,0.3348,0.4484,-0.1136,1.3669,expanding,0.5942857142857143,0.0505,False,False,False,False,True,,,,,1_0
000807,2026-01-05,L2,1,5,-0.6763,8.2691,4.1667,4.1024,0.8177,0.2,double_positive_efficiency_improved,monday,True,False,2.8624,3.7599,-0.8975,1.2297,expanding,1.3650000000000002,0.6886,False,False,False,False,True,,,,,1_0
000807,2026-01-07,L2,3,5,-0.6763,,,,,0.6,none,midweek_partial,False,False,-3.2092,3.3156,-6.5247,0.8719,shrinking,1.4735714285714288,-0.7601,False,False,False,False,True,,,,,0_0
000807,2026-01-09,L2,5,5,-1.4113,0.6666,6.762,-6.0954,2.1172,1.0,none,completed_week,False,True,1.1768,-1.8946,3.0714,0.7945,shrinking,1.5950000000000002,0.2445,True,True,False,False,True,False,True,,,0_1
000807,2026-01-13,L2,2,5,-3.0365,,,,,0.4,none,tuesday_gate_failed,,False,-0.0903,-0.8649,0.7746,1.3474,expanding,1.6449999999999998,-0.0182,False,False,False,False,True,,,,,0_0
000807,2026-01-15,L2,4,5,-3.1825,,,,,0.8,none,midweek_partial,False,True,1.4377,-1.5658,3.0035,1.0716,normal,1.6642857142857141,0.2824,False,False,False,False,True,,,,,0_0
000807,2026-01-19,L2,1,5,1.4457,4.2123,1.4113,2.801,1.2407,0.2,none,monday,False,False,1.602,-2.111,3.7129,0.855,shrinking,1.7214285714285709,0.3021,True,True,False,False,True,False,True,,,0_1
000807,2026-01-21,L2,3,5,1.0766,1.4357,5.2263,-3.7906,0.7499,0.6,negative_to_positive,midweek_partial,True,False,-1.3509,1.0006,-2.3516,0.8075,shrinking,1.7914285714285714,-0.2512,False,False,False,False,True,,,,,1_0
000807,2026-01-23,L2,5,5,0.3999,0.5596,5.2263,-4.6667,0.7146,1.0,negative_to_positive,completed_week,True,False,-0.1835,-0.4869,0.3034,1.67,expanding,1.6492857142857142,-0.0364,False,False,False,False,True,,,,,1_0
000807,2026-01-27,L2,2,5,0.0909,,,,,0.4,negative_to_positive,tuesday_A,True,False,-1.6672,2.9105,-4.5777,0.7781,shrinking,1.557857142857143,-0.3595,False,False,False,False,True,,,,,1_0
000807,2026-01-29,L2,4,5,12.1212,7.2583,0.3999,6.8584,1.67,0.8,double_positive_efficiency_improved,midweek_partial,True,False,1.8442,9.9909,-8.1467,1.2373,expanding,1.4992857142857143,0.4469,False,False,False,False,True,,,,,1_0
000807,2026-02-02,L2,1,5,0.6875,1.1195,0.3999,0.7196,1.7323,0.2,double_positive_efficiency_improved,monday,True,False,-4.2212,-9.0811,4.8599,0.9665,normal,1.7664285714285721,-0.8039,False,False,False,False,True,,,,,1_0
000807,2026-02-04,L2,3,5,2.5,3.1182,1.9394,1.1788,0.8017,0.6,double_positive_efficiency_improved,midweek_partial,True,False,0.799,0.9932,-0.1942,0.6002,shrinking,1.9614285714285724,0.1326,False,False,False,False,True,,,,,1_0
000807,2026-02-06,L2,5,5,-0.9375,1.331,1.9394,-0.6084,0.7044,1.0,none,completed_week,False,False,0.6669,-3.9939,4.6608,0.7981,shrinking,1.912142857142858,0.1098,True,True,False,False,True,False,True,,,0_1
000807,2026-02-10,L2,2,5,-1.9845,,,,,0.4,none,tuesday_gate_failed,,False,-0.2839,0.0,-0.2839,0.7651,shrinking,1.9707142857142859,-0.0457,False,False,False,False,True,,,,,0_0
000807,2026-02-12,L2,4,5,-3.1318,,,,,0.8,none,midweek_partial,False,False,-2.4969,1.3603,-3.8572,1.2959,expanding,1.8935714285714285,-0.4225,False,False,False,False,True,,,,,0_0
000807,2026-02-26,L2,3,5,0.6823,0.5973,6.3566,-5.7593,1.1423,0.6,negative_to_positive,midweek_partial,True,False,-1.1798,3.2258,-4.4057,0.7322,shrinking,1.8214285714285716,-0.2031,False,False,False,False,True,,,,,1_0
000807,2026-03-02,L2,1,5,3.6278,1.4906,6.3566,-4.866,0.9154,0.2,negative_to_positive,monday,True,False,5.2885,0.6776,4.6108,2.2831,expanding,1.5142857142857142,1.0896,False,False,True,False,False,,,True,False,1_0
000807,2026-03-04,L2,3,5,8.0126,2.6172,1.3645,1.2527,3.0615,0.6,double_positive_efficiency_improved,midweek_partial,True,False,5.4837,-1.1872,6.6709,0.9408,normal,1.3371428571428567,1.3312,True,False,False,False,False,False,True,,,1_0
000807,2026-03-06,L2,5,5,5.9306,2.1711,1.3645,0.8066,2.7316,1.0,double_positive_efficiency_improved,completed_week,True,False,-5.3017,3.5631,-8.8648,0.7306,shrinking,1.4628571428571426,-1.2852,False,False,False,False,True,,,,,1_0
000807,2026-03-10,L2,2,5,-5.8079,,,,,0.4,double_positive_efficiency_improved,tuesday_B,True,False,-2.5,0.0596,-2.5596,0.5774,shrinking,1.476428571428571,-0.5689,False,False,False,False,True,,,,,1_0
000807,2026-03-12,L2,4,5,1.3226,2.0356,5.9306,-3.895,0.6497,0.8,none,midweek_partial,False,False,4.7251,2.7167,2.0084,1.708,expanding,1.6042857142857148,0.9911,False,False,True,False,False,,,True,False,0_0
000807,2026-03-16,L2,1,5,-3.2857,0.1314,5.9306,-5.7992,0.6564,0.2,none,monday,False,False,-2.5899,-1.3905,-1.1995,1.0666,normal,1.699285714285715,-0.5296,False,False,False,False,True,,,,,0_0
000807,2026-03-18,L2,3,5,-11.6,,,,,0.6,none,midweek_partial,False,False,-3.0398,-5.7312,2.6914,1.0845,normal,1.9192857142857147,-0.5054,False,False,False,False,True,,,,,0_0
000807,2026-03-30,L2,1,5,1.4184,9.0298,18.9143,-9.8845,0.7096,0.2,negative_to_positive,monday,True,False,9.5023,2.133,7.3693,2.65,expanding,1.7478571428571434,1.5619,False,False,True,False,False,,,True,False,1_0
000809,2026-01-05,L2,1,5,-3.6111,6.1529,0.9009,5.252,1.3544,0.2,double_positive_efficiency_improved,monday,True,False,-4.6703,9.9698,-14.6401,1.5147,expanding,0.08857142857142843,-1.9194,False,False,False,False,True,,,,,1_0
000809,2026-01-07,L2,3,5,-5.5556,,,,,0.6,none,midweek_partial,False,True,-1.7341,-0.2882,-1.4459,0.6187,shrinking,0.12071428571428562,-0.497,False,False,False,False,True,,,,,0_0
000809,2026-01-09,L2,5,5,-4.4444,1.7,8.3333,-6.6333,2.6144,1.0,none,completed_week,False,True,0.2915,0.8824,-0.5908,1.0149,normal,0.11499999999999992,0.087,False,False,False,False,True,,,,,0_0
000809,2026-01-13,L2,2,5,1.4535,,,,,0.4,none,tuesday_gate_failed,,False,2.0468,-0.5814,2.6282,1.7161,expanding,0.11285714285714277,0.6203,False,False,False,False,True,,,,,0_0
000809,2026-01-15,L2,4,5,-2.0349,,,,,0.8,none,midweek_partial,False,False,-1.462,-2.0057,0.5437,0.5367,shrinking,0.11142857142857136,-0.4487,False,False,False,False,True,,,,,0_0
000809,2026-01-19,L2,1,5,2.0528,1.0756,4.4444,-3.3688,0.5405,0.2,none,monday,False,False,1.7544,1.4837,0.2707,1.6127,expanding,0.10928571428571428,0.549,False,False,True,True,True,,,True,False,0_1
000809,2026-01-21,L2,3,5,2.0528,2.6412,0.5814,2.0598,0.7772,0.6,negative_to_positive,midweek_partial,True,False,-0.8547,0.8621,-1.7168,0.6368,shrinking,0.10714285714285714,-0.28,False,False,False,False,True,,,,,1_0
000809,2026-01-23,L2,5,5,5.5718,6.7774,0.5814,6.196,0.8221,1.0,negative_to_positive,completed_week,True,False,1.4085,2.0115,-0.603,1.1825,expanding,0.10714285714285714,0.4667,False,False,False,False,True,,,,,1_0
000809,2026-01-27,L2,2,5,-4.1551,,,,,0.4,negative_to_positive,tuesday_C_failed_volume,False,False,-3.0812,-0.8333,-2.2479,1.195,expanding,0.07857142857142858,-1.4,False,False,False,False,True,,,,,0_0
000809,2026-01-29,L2,4,5,-5.5402,,,,,0.8,none,midweek_partial,False,False,-1.4451,0.0,-1.4451,0.9965,normal,0.08928571428571432,-0.56,False,False,False,False,True,,,,,0_0
000809,2026-02-02,L2,1,5,-2.0468,6.4643,5.5718,0.8925,0.8142,0.2,none,monday,False,False,-2.0468,0.2933,-2.34,0.8996,shrinking,0.08928571428571432,-0.784,False,False,False,False,True,,,,,0_0
000809,2026-02-04,L2,3,5,0.5848,0.7951,5.2632,-4.4681,0.7355,0.6,negative_to_positive,midweek_partial,True,False,1.4749,1.194,0.2809,1.4382,expanding,0.09142857142857144,0.5469,False,False,True,True,True,,,True,False,1_1
000809,2026-02-06,L2,5,5,0.5848,0.8047,5.2632,-4.4585,0.7267,1.0,negative_to_positive,completed_week,True,False,0.5848,-0.5814,1.1662,1.4627,expanding,0.09214285714285718,0.2171,False,False,False,False,True,,,,,1_0
000809,2026-02-10,L2,2,5,0.2882,,,,,0.4,negative_to_positive,tuesday_A,True,False,-0.8547,2.0349,-2.8896,0.7655,shrinking,0.09071428571428578,-0.3307,False,False,False,False,True,,,,,1_0
000809,2026-02-12,L2,4,5,-1.7291,,,,,0.8,none,midweek_partial,False,False,-1.7291,-0.2874,-1.4418,1.1539,expanding,0.09071428571428582,-0.6614,False,False,False,False,True,,,,,0_0
000809,2026-02-24,L2,1,5,2.0468,,,,,0.2,none,tuesday_gate_failed,,False,2.346,0.0,2.346,1.7771,expanding,0.08357142857142866,0.9573,False,False,False,False,True,,,,,0_0
000809,2026-02-26,L2,3,5,2.0468,1.5366,1.7291,-0.1925,1.3321,0.6,negative_to_positive,midweek_partial,True,False,-0.8523,0.8596,-1.7119,0.87,shrinking,0.07214285714285722,-0.4158,False,False,False,False,True,,,,,1_0
000809,2026-03-02,L2,1,5,-2.5862,2.3077,1.7291,0.5786,1.0137,0.2,negative_to_positive,monday,True,False,-3.1429,0.2865,-3.4294,1.4976,expanding,0.07142857142857152,-1.54,False,False,False,False,True,,,,,1_0
000809,2026-03-04,L2,3,5,-3.7356,,,,,0.6,none,midweek_partial,False,False,0.9036,-2.0649,2.9685,0.7368,shrinking,0.07000000000000009,0.4286,True,True,False,False,True,False,True,,,0_1
000809,2026-03-06,L2,5,5,2.5862,1.2583,2.3392,-1.0809,2.0553,1.0,none,completed_week,False,False,5.9347,0.597,5.3377,3.8521,expanding,0.07357142857142862,2.7184,False,False,False,False,False,,,,,0_0
000809,2026-03-10,L2,2,5,5.0704,,,,,0.4,none,tuesday_gate_failed,,False,1.084,3.3613,-2.2773,0.6792,shrinking,0.09000000000000005,0.4444,False,False,False,False,True,,,,,0_0
000809,2026-03-12,L2,4,5,7.3239,3.3735,2.5862,0.7873,2.171,0.8,double_positive_efficiency_improved,midweek_partial,True,False,2.4194,-0.2681,2.6875,1.1375,expanding,0.11571428571428573,0.7778,False,False,False,False,True,,,,,1_0
000809,2026-03-16,L2,1,5,0.0,3.1318,2.5862,0.5456,2.0688,0.2,double_positive_efficiency_improved,monday,True,False,0.0,-0.7874,0.7874,0.8559,shrinking,0.12428571428571426,0.0,False,False,False,False,True,,,,,1_0
000809,2026-03-18,L2,3,5,-0.7937,,,,,0.6,none,midweek_partial,False,False,-0.266,-0.5291,0.2631,0.648,shrinking,0.13499999999999995,-0.0741,False,False,False,False,True,,,,,0_0
000809,2026-03-20,L2,5,5,-1.8519,2.7713,6.4789,-3.7076,0.6682,1.0,none,completed_week,False,False,-2.3684,1.3333,-3.7018,0.8075,shrinking,0.14214285714285707,-0.6332,False,False,False,False,True,,,,,0_0
000809,2026-03-24,L2,2,5,9.863,,,,,0.4,none,tuesday_gate_failed,,False,9.863,-1.6173,11.4803,3.7451,expanding,0.15928571428571422,2.2601,False,False,False,False,False,,,,,0_0
000809,2026-03-26,L2,4,5,16.4384,5.2214,1.8519,3.3695,3.1482,0.8,negative_to_positive,midweek_partial,True,False,4.6798,1.2469,3.4329,1.0254,normal,0.18142857142857144,1.0472,False,False,True,False,False,,,True,False,1_0
000809,2026-03-30,L2,1,5,0.2433,4.5674,1.8519,2.7155,2.9992,0.2,negative_to_positive,monday,True,False,-0.7229,-2.3529,1.63,0.8848,shrinking,0.20999999999999996,-0.1429,False,False,False,False,True,,,,,1_0
000810,2026-01-05,L2,1,5,7.0279,5.2399,2.2907,2.9492,0.38,0.2,double_positive_efficiency_improved,monday,True,False,7.3005,0.5978,6.7027,3.7522,expanding,0.30571428571428555,2.8131,False,False,True,False,False,,,True,False,1_0
000810,2026-01-07,L2,3,5,3.9797,1.1132,1.9913,-0.8781,3.575,0.6,none,midweek_partial,False,False,-1.8385,-1.0285,-0.81,0.8175,shrinking,0.3407142857142857,-0.6751,False,False,False,False,True,,,,,0_0
000810,2026-01-09,L2,5,5,5.9272,2.0409,1.9913,0.0496,2.9042,1.0,double_positive_efficiency_improved,completed_week,True,False,1.2955,0.57,0.7255,1.4558,expanding,0.3542857142857142,0.4516,False,False,True,True,True,,,True,False,1_1
000810,2026-01-13,L2,2,5,-0.3177,,,,,0.4,double_positive_efficiency_improved,tuesday_A,True,False,-2.8638,3.2774,-6.1412,0.7354,shrinking,0.34214285714285697,-1.0814,False,False,False,False,True,,,,,1_0
000810,2026-01-15,L2,4,5,-0.3177,,,,,0.8,none,midweek_partial,False,False,-1.5686,1.5936,-3.1623,0.6323,shrinking,0.35214285714285715,-0.568,False,False,False,False,True,,,,,0_0
000810,2026-01-19,L2,1,5,-1.992,0.1572,5.9272,-5.77,1.0105,0.2,none,monday,False,False,-2.148,0.1594,-2.3073,0.8236,shrinking,0.3385714285714287,-0.7975,False,False,False,False,True,,,,,0_0
000810,2026-01-21,L2,3,5,-1.992,,,,,0.6,none,midweek_partial,False,False,1.318,-1.3008,2.6188,2.7769,expanding,0.3635714285714287,0.4401,False,False,False,False,True,,,,,0_0
000810,2026-01-23,L2,5,5,-1.1952,1.244,0.1589,1.0851,0.9608,1.0,none,completed_week,False,False,0.813,0.0,0.813,0.8483,shrinking,0.41857142857142865,0.2389,True,True,False,False,True,False,True,,,0_1
000810,2026-01-27,L2,2,5,-4.0323,,,,,0.4,none,tuesday_gate_failed,,False,0.0,-4.0323,4.0323,0.5431,shrinking,0.3814285714285713,0.0,False,False,False,False,True,,,,,0_0
000810,2026-01-29,L2,4,5,-5.2419,,,,,0.8,none,midweek_partial,False,False,-0.1699,-1.0924,0.9225,1.1494,expanding,0.41000000000000014,-0.0488,False,False,False,False,True,,,,,0_0
000811,2026-01-05,L2,1,5,-0.8511,0.5907,9.205,-8.6143,0.4583,0.2,none,monday,False,False,0.6479,-1.2793,1.9273,1.0059,normal,0.8050000000000003,0.1491,False,False,False,False,True,,,,,0_0
000811,2026-02-02,L2,1,5,-1.0678,5.9447,5.0625,0.8822,0.7972,0.2,none,monday,False,False,-2.0522,0.1245,-2.1768,1.0531,normal,0.6428571428571431,-0.5133,False,False,False,False,True,,,,,0_0
000811,2026-02-04,L2,3,5,10.9925,8.5102,4.7393,3.7709,1.2917,0.6,negative_to_positive,midweek_partial,True,False,1.9619,10.0317,-8.0698,1.1479,expanding,0.6435714285714289,0.5283,False,False,False,False,True,,,,,1_0
000811,2026-02-06,L2,5,5,7.098,6.1896,4.7393,1.4503,1.1468,1.0,negative_to_positive,completed_week,True,False,-0.5251,-2.9994,2.4743,0.818,shrinking,0.735714285714286,-0.1223,False,False,False,False,True,,,,,1_0
000811,2026-02-10,L2,2,5,2.2093,,,,,0.4,negative_to_positive,tuesday_A,True,False,-0.1136,3.2258,-3.3394,0.6581,shrinking,0.7178571428571432,-0.0279,False,False,False,False,True,,,,,1_0
000811,2026-02-12,L2,4,5,6.4535,7.3852,7.098,0.2872,0.8738,0.8,double_positive_efficiency_improved,midweek_partial,True,False,4.6286,-0.4551,5.0836,2.2469,expanding,0.727857142857143,1.1129,False,False,True,False,False,,,False,True,1_0
000811,2026-02-24,L2,1,5,6.3723,,,,,0.2,none,tuesday_gate_failed,,False,8.0636,-3.823,11.8866,1.6931,expanding,0.7485714285714286,1.8969,False,False,False,False,False,,,,,0_0
000811,2026-02-26,L2,3,5,15.1481,10.9775,2.3837,8.5938,1.3799,0.6,double_positive_efficiency_improved,midweek_partial,True,False,7.6843,0.5255,7.1588,1.7773,expanding,0.8085714285714284,1.818,False,False,True,False,False,,,True,False,1_0
000811,2026-03-02,L2,1,5,7.7694,13.7434,2.3837,11.3597,1.0249,0.2,double_positive_efficiency_improved,monday,True,False,5.3405,-0.9223,6.2628,1.9819,expanding,0.8642857142857139,1.2612,False,False,True,False,False,,,False,True,1_0
000811,2026-03-04,L2,3,5,0.7018,0.5025,14.0861,-13.5836,1.3966,0.6,none,midweek_partial,False,False,0.1995,-6.7442,6.9437,0.7069,shrinking,0.9928571428571428,0.0403,True,True,False,False,True,False,True,,,0_1
000811,2026-03-06,L2,5,5,5.9649,4.6553,14.0861,-9.4308,1.2813,1.0,none,completed_week,False,False,2.2244,2.9368,-0.7124,1.0265,normal,1.0464285714285713,0.4396,False,False,False,False,True,,,,,0_0
000811,2026-03-10,L2,2,5,3.4314,,,,,0.4,none,tuesday_gate_failed,,False,4.249,-4.2573,8.5063,0.5466,shrinking,1.1164285714285713,0.7703,True,False,False,False,False,False,True,,,0_0
000811,2026-03-12,L2,4,5,-3.5784,,,,,0.8,none,midweek_partial,False,False,-3.8142,-3.0806,-0.7336,1.0335,normal,1.2564285714285717,-0.6208,False,False,False,False,True,,,,,0_0
000811,2026-03-16,L2,1,5,-0.9419,7.4984,5.9649,1.5335,0.791,0.2,none,monday,False,False,-1.3549,-2.4403,1.0854,1.0068,normal,1.327857142857143,-0.1958,False,False,False,False,True,,,,,0_0
000811,2026-03-18,L2,3,5,-1.6222,,,,,0.6,none,midweek_partial,False,False,3.24,-3.8035,7.0435,1.0807,normal,1.2771428571428576,0.462,False,False,False,False,True,,,,,0_0
000812,2026-01-05,L2,1,5,-0.8386,9.1676,0.3953,8.7723,0.48,0.2,none,monday,False,False,-1.046,0.2096,-1.2557,1.3532,expanding,0.18999999999999995,-0.2632,False,False,False,False,True,,,,,0_0
000812,2026-01-07,L2,3,5,-1.2579,,,,,0.6,none,midweek_partial,False,False,-2.079,1.6913,-3.7703,1.3223,expanding,0.16142857142857142,-0.6195,False,False,False,False,True,,,,,0_0
000812,2026-01-09,L2,5,5,0.0,0.0,4.4,-4.4,1.5659,1.0,none,completed_week,False,False,0.8457,0.4246,0.421,0.9952,normal,0.142857142857143,0.28,True,True,True,True,True,True,False,True,False,0_1
000812,2026-01-13,L2,2,5,0.0,,,,,0.4,none,tuesday_gate_failed,,False,-0.6224,1.0482,-1.6706,0.9357,normal,0.1335714285714287,-0.2246,False,False,False,False,True,,,,,0_0
000812,2026-01-15,L2,4,5,-2.0877,,,,,0.8,none,midweek_partial,False,False,-1.4706,-0.6263,-0.8443,0.7811,shrinking,0.12928571428571445,-0.5414,False,False,False,False,True,,,,,0_0
000812,2026-01-19,L2,1,5,1.2793,1.8165,0.0,1.8165,1.0343,0.2,none,monday,False,False,1.0638,0.2132,0.8506,0.9177,normal,0.1292857142857145,0.3867,True,True,False,False,True,True,False,,,0_1
000812,2026-01-21,L2,3,5,0.8529,1.4081,1.8789,-0.4708,0.6057,0.6,negative_to_positive,midweek_partial,True,False,-0.6303,0.2105,-0.8408,0.8374,shrinking,0.11285714285714306,-0.2658,False,False,False,False,True,,,,,1_0
000812,2026-01-23,L2,5,5,3.4115,4.9742,1.8789,3.0953,0.6858,1.0,negative_to_positive,completed_week,True,False,0.6224,1.9027,-1.2803,0.8875,shrinking,0.09714285714285735,0.3088,False,False,False,False,True,,,,,1_0
000812,2026-01-27,L2,2,5,-2.8926,,,,,0.4,negative_to_positive,tuesday_C_failed_volume,False,False,-1.6736,-1.4433,-0.2303,1.0098,normal,0.09642857142857165,-0.8296,False,False,False,False,True,,,,,0_0
000812,2026-01-29,L2,4,5,-3.9256,,,,,0.8,none,midweek_partial,False,False,0.0,-1.0638,1.0638,1.0054,normal,0.09785714285714306,0.0,False,False,False,False,True,,,,,0_0
000813,2026-01-05,L2,1,5,2.3377,6.9575,0.5051,6.4524,0.4003,0.2,none,monday,False,False,2.6042,-0.5181,3.1223,1.2811,expanding,0.1035714285714285,0.9655,False,False,False,False,True,,,,,0_0
000813,2026-01-07,L2,3,5,1.2987,0.5818,2.7848,-2.203,2.2321,0.6,negative_to_positive,midweek_partial,True,False,-0.7634,-0.2538,-0.5096,1.0961,normal,0.1035714285714285,-0.2897,False,False,False,False,True,,,,,1_0
000813,2026-01-09,L2,5,5,3.6364,1.2966,2.7848,-1.4882,2.8045,1.0,negative_to_positive,completed_week,True,False,0.5038,1.7949,-1.2911,1.4346,expanding,0.0985714285714285,0.2029,False,False,False,False,True,,,,,1_0
000813,2026-01-13,L2,2,5,1.4963,,,,,0.4,negative_to_positive,tuesday_B,True,False,2.005,0.0,2.005,1.6471,expanding,0.09857142857142853,0.8116,False,False,False,False,True,,,,,1_0
000813,2026-01-15,L2,4,5,1.2469,0.5265,3.6364,-3.1099,2.3683,0.8,none,midweek_partial,False,False,-3.7915,3.6855,-7.477,0.5985,shrinking,0.09285714285714282,-1.7231,False,False,False,False,True,,,,,0_0
000813,2026-01-19,L2,1,5,0.0,0.2323,3.6364,-3.4041,2.1473,0.2,none,monday,False,False,-0.7519,-1.7241,0.9723,0.5354,shrinking,0.10642857142857141,-0.2819,False,False,False,False,True,,,,,0_0
000813,2026-01-21,L2,3,5,-1.2626,,,,,0.6,none,midweek_partial,False,False,0.0,-1.2626,1.2626,0.8948,shrinking,0.10428571428571434,0.0,False,False,False,False,True,,,,,0_0
000813,2026-01-23,L2,5,5,0.0,0.0,0.4988,-0.4988,0.3555,1.0,none,completed_week,False,False,1.2788,0.0,1.2788,1.4687,expanding,0.10571428571428575,0.473,False,False,False,False,True,,,,,0_0
000813,2026-01-27,L2,2,5,-3.7975,,,,,0.4,none,tuesday_gate_failed,,False,-2.3136,-1.7677,-0.5459,0.976,normal,0.10071428571428576,-0.8936,False,False,False,False,True,,,,,0_0
000813,2026-01-29,L2,4,5,5.5696,3.6288,0.0,3.6288,1.5348,0.8,negative_to_positive,midweek_partial,True,False,10.0264,-0.2632,10.2895,2.1775,expanding,0.10714285714285718,3.5467,False,False,False,False,False,,,,,1_0
000813,2026-02-02,L2,1,5,-1.4354,3.1864,0.0,3.1864,2.8602,0.2,negative_to_positive,monday,True,False,-4.4084,3.3573,-7.7657,0.5929,shrinking,0.11928571428571429,-1.5928,False,False,False,False,True,,,,,1_0
000813,2026-02-04,L2,3,5,-3.11,,,,,0.6,none,midweek_partial,False,False,-0.4914,-1.2136,0.7222,0.652,shrinking,0.15214285714285716,-0.1315,False,False,False,False,True,,,,,0_0
000815,2026-02-10,L2,2,5,12.5362,,,,,0.4,none,tuesday_gate_failed,,False,9.9858,4.5926,5.3932,1.5675,expanding,0.8642857142857145,1.6314,False,False,True,False,False,,,True,False,0_0
000815,2026-02-12,L2,4,5,13.0435,9.5183,4.9296,4.5887,1.3704,0.8,negative_to_positive,midweek_partial,True,False,3.7924,-3.2196,7.012,1.482,expanding,0.9878571428571431,0.577,False,False,True,False,False,,,False,True,1_0
000815,2026-03-02,L2,1,5,0.6993,1.0208,6.8841,-5.8633,0.5253,0.2,none,monday,False,False,-4.0,2.7397,-6.7397,0.6424,shrinking,1.0307142857142861,-0.5821,False,False,False,False,True,,,,,0_0
000815,2026-03-06,L2,5,5,14.0559,11.4506,0.5362,10.9144,1.2275,1.0,double_positive_efficiency_improved,completed_week,True,False,9.9798,10.0148,-0.0351,0.8971,shrinking,0.9664285714285716,1.5314,False,False,False,False,False,,,,,1_0
000815,2026-03-10,L2,2,5,8.288,,,,,0.4,double_positive_efficiency_improved,tuesday_A,True,False,-0.223,9.9939,-10.2168,1.2216,expanding,1.0414285714285714,-0.0384,False,False,False,False,True,,,,,1_0
000815,2026-03-12,L2,4,5,13.9746,4.8917,14.0559,-9.1642,2.8568,0.8,none,midweek_partial,False,False,6.2606,-0.9497,7.2103,1.0883,normal,1.1771428571428568,0.943,False,False,False,False,False,,,,,0_0
000815,2026-03-16,L2,1,5,5.5133,1.0204,14.0559,-13.0355,2.5492,0.2,none,monday,False,False,-1.8278,-9.9788,8.1509,1.1932,expanding,1.2071428571428569,-0.2568,False,False,False,False,True,,,,,0_0
000815,2026-03-18,L2,3,5,11.2801,23.9768,2.6013,21.3755,0.4705,0.6,double_positive_efficiency_improved,midweek_partial,True,False,10.0251,-4.1441,14.1692,0.8841,shrinking,1.3035714285714284,1.2274,True,False,False,False,False,False,True,,,1_0
000815,2026-03-20,L2,5,5,20.0887,32.6775,2.6013,30.0762,0.6148,1.0,double_positive_efficiency_improved,completed_week,True,False,-1.9151,10.0228,-11.9379,3.8996,expanding,1.3921428571428567,-0.2658,False,False,False,False,True,,,,,1_0
000815,2026-03-24,L2,2,5,8.0399,,,,,0.4,double_positive_efficiency_improved,tuesday_A,True,False,5.9794,2.3747,3.6047,1.1422,expanding,1.5035714285714283,0.7715,False,False,True,False,False,,,True,False,1_0
000815,2026-03-26,L2,4,5,5.7278,3.5207,20.0887,-16.568,1.6269,0.8,none,midweek_partial,False,False,-5.4955,3.5506,-9.0461,0.7274,shrinking,1.629285714285714,-0.7181,False,False,False,False,True,,,,,0_0
000815,2026-03-30,L2,1,5,2.4552,4.3848,20.0887,-15.7039,1.51,0.2,none,monday,False,False,-1.2814,0.8449,-2.1263,0.8326,shrinking,1.6592857142857145,-0.1567,False,False,False,False,True,,,,,0_0
000816,2026-01-05,L2,1,5,-2.1739,4.9449,7.7994,-2.8545,0.943,0.2,none,monday,False,False,-2.1739,-5.1546,2.9807,0.6338,shrinking,0.2592857142857143,-0.3085,False,False,False,False,True,,,,,0_0
000816,2026-01-07,L2,3,5,-1.087,,,,,0.6,none,midweek_partial,False,False,-1.087,2.2222,-3.3092,0.7649,shrinking,0.24500000000000002,-0.1633,False,False,False,False,True,,,,,0_0
000816,2026-01-09,L2,5,5,0.5435,0.6246,4.6632,-4.0386,0.8701,1.0,negative_to_positive,completed_week,True,False,0.5435,1.0989,-0.5554,0.9021,normal,0.2342857142857143,0.0854,False,False,False,False,True,,,,,1_0
000816,2026-01-13,L2,2,5,-0.813,,,,,0.4,negative_to_positive,tuesday_A,True,False,-2.139,1.0811,-3.2201,1.0703,normal,0.19642857142857142,-0.4073,False,False,False,False,True,,,,,1_0
000816,2026-01-15,L2,4,5,1.084,0.974,0.5435,0.4305,1.113,0.8,double_positive_efficiency_improved,midweek_partial,True,False,1.9126,0.0,1.9126,1.14,expanding,0.17857142857142858,0.392,False,False,True,True,True,,,False,True,1_1
000816,2026-01-19,L2,1,5,4.3243,0.9651,0.5435,0.4216,1.1233,0.2,double_positive_efficiency_improved,monday,True,False,3.4853,0.0,3.4853,1.1285,expanding,0.16357142857142856,0.7948,False,False,False,False,True,,,,,1_0
000816,2026-01-21,L2,3,5,7.027,6.5898,1.084,5.5058,1.0664,0.6,double_positive_efficiency_improved,midweek_partial,True,False,2.3256,0.2591,2.0665,1.1227,expanding,0.16857142857142857,0.5339,False,False,True,True,True,,,True,False,1_1
000816,2026-01-23,L2,5,5,8.6486,7.9224,1.084,6.8384,1.0917,1.0,double_positive_efficiency_improved,completed_week,True,False,0.5,1.0101,-0.5101,0.9084,normal,0.13785714285714284,0.1451,False,False,False,False,True,,,,,1_0
000816,2026-01-27,L2,2,5,2.7094,,,,,0.4,double_positive_efficiency_improved,tuesday_A,True,False,2.2059,1.4925,0.7133,0.6513,shrinking,0.11785714285714285,0.7636,True,True,True,True,True,True,False,True,False,1_1
000816,2026-01-29,L2,4,5,1.4778,0.6932,8.6486,-7.9554,2.1318,0.8,none,midweek_partial,False,False,-3.2864,2.1583,-5.4447,1.0042,normal,0.14357142857142854,-0.9751,False,False,False,False,True,,,,,0_0
000816,2026-02-02,L2,1,5,-4.8469,0.3555,8.6486,-8.2931,2.0782,0.2,none,monday,False,False,-7.4442,-2.1845,-5.2597,0.733,shrinking,0.16999999999999996,-1.7647,False,False,False,False,True,,,,,0_0
000816,2026-02-04,L2,3,5,2.8061,2.9446,0.7389,2.2057,0.953,0.6,negative_to_positive,midweek_partial,True,False,0.75,7.2386,-6.4886,1.6911,expanding,0.1964285714285714,0.1527,False,False,False,False,True,,,,,1_0
000816,2026-02-26,L2,3,5,10.2778,4.0576,3.7838,0.2738,2.533,0.6,negative_to_positive,midweek_partial,True,False,-1.7327,10.0817,-11.8144,1.2016,expanding,0.19357142857142853,-0.3616,False,False,False,False,True,,,,,1_0
000816,2026-03-02,L2,1,5,0.7481,6.4787,3.7838,2.6949,1.8865,0.2,negative_to_positive,monday,True,False,0.0,1.7632,-1.7632,1.1132,expanding,0.18928571428571428,0.0,False,False,False,False,True,,,,,1_0
000816,2026-03-04,L2,3,5,-1.995,,,,,0.6,none,midweek_partial,False,False,1.0283,-3.7129,4.7411,0.9146,normal,0.1657142857142857,0.2414,True,True,False,False,True,False,True,,,0_1
000816,2026-03-06,L2,5,5,-1.7456,2.0555,12.2222,-10.1667,0.8492,1.0,none,completed_week,False,False,1.5464,-1.2723,2.8187,0.7938,shrinking,0.14857142857142858,0.4038,True,True,False,False,True,False,True,,,0_1
000816,2026-03-10,L2,2,5,-4.0712,,,,,0.4,none,tuesday_gate_failed,,False,-1.5666,-2.7919,1.2253,0.9281,normal,0.14071428571428574,-0.4264,False,False,False,False,True,,,,,0_0
000816,2026-03-12,L2,4,5,-5.3435,,,,,0.8,none,midweek_partial,False,False,-2.1053,0.7958,-2.901,0.926,normal,0.15214285714285714,-0.5258,False,False,False,False,True,,,,,0_0
000819,2026-02-02,L2,1,5,-3.2777,0.5866,9.5724,-8.9858,1.0027,0.2,none,monday,False,False,-5.0877,0.9445,-6.0322,0.7762,shrinking,0.46357142857142836,-1.8767,False,False,False,False,True,,,,,0_0
000819,2026-02-04,L2,3,5,-0.9535,,,,,0.6,none,midweek_partial,False,False,1.3415,1.0474,0.294,1.6773,expanding,0.5421428571428573,0.4058,False,False,True,True,True,,,True,False,0_1
000819,2026-02-06,L2,5,5,-1.0727,1.5655,0.5882,0.9773,0.6852,1.0,none,completed_week,False,False,1.7157,-1.8051,3.5207,1.0482,normal,0.5585714285714286,0.5013,False,False,False,False,True,,,,,0_0
000819,2026-02-10,L2,2,5,-1.1377,,,,,0.4,none,tuesday_gate_failed,,False,0.2429,-0.7831,1.026,0.6532,shrinking,0.5785714285714288,0.0691,True,True,False,False,True,False,True,,,0_1
000819,2026-02-12,L2,4,5,-1.1976,,,,,0.8,none,midweek_partial,False,False,-0.9604,0.9085,-1.8689,1.2897,expanding,0.5885714285714287,-0.2718,False,False,False,False,True,,,,,0_0
000819,2026-02-24,L2,1,5,2.5015,,,,,0.2,none,tuesday_gate_failed,,False,3.5758,-1.697,5.2728,1.159,expanding,0.5971428571428571,0.9713,False,False,False,False,False,,,,,0_0
000819,2026-02-26,L2,3,5,0.4271,0.5644,2.8743,-2.3099,0.7567,0.6,negative_to_positive,midweek_partial,True,False,-1.2005,-0.8333,-0.3671,0.91,normal,0.5921428571428571,-0.3378,False,False,False,False,True,,,,,1_0
000819,2026-03-02,L2,1,5,5.6832,0.3803,2.8743,-2.494,0.6417,0.2,negative_to_positive,monday,True,False,6.3907,-0.1823,6.573,4.3287,expanding,0.5771428571428571,1.8193,False,False,False,False,False,,,,,1_0
000819,2026-03-04,L2,3,5,1.0883,0.1717,0.2441,-0.0724,6.337,0.6,none,midweek_partial,False,False,-7.7263,3.6613,-11.3876,0.5727,shrinking,0.5621428571428569,-2.4905,False,False,False,False,True,,,,,0_0
000819,2026-03-06,L2,5,5,-1.2696,0.2587,0.2441,0.0146,4.9087,1.0,none,completed_week,False,True,0.3688,-2.6914,3.0602,0.8178,shrinking,0.7385714285714285,0.0812,True,True,False,False,True,False,True,,,0_1
000819,2026-03-10,L2,2,5,-5.7851,,,,,0.4,none,tuesday_gate_failed,,False,-1.3597,-0.9186,-0.4411,0.6705,shrinking,0.7642857142857141,-0.2879,False,False,False,False,True,,,,,0_0
000819,2026-03-12,L2,4,5,-4.4864,,,,,0.8,none,midweek_partial,False,False,0.1858,1.1905,-1.0047,1.2983,expanding,0.8235714285714285,0.0364,False,False,False,False,True,,,,,0_0
000819,2026-03-16,L2,1,5,-0.3145,14.59,1.2696,13.3204,0.4127,0.2,none,monday,False,False,-0.4397,-1.6069,1.1672,0.8221,shrinking,0.7935714285714287,-0.0882,False,False,False,False,True,,,,,0_0
